request_id,first_release_ns,last_release_ns,last_flow_end_ns,collective_elapsed_ns,arrival_span_ns,tail_after_last_release_ns,network_tail_after_last_release_ns,trace_calibration_residual_ns,software_residual_ns,simulator_bias_correction_ns,rank_network_done_offsets_ns,source,simulator_commit,topology_hash
iter55:pp0:dp_rs:round0:dp_grad_reduce_scatter:pg=1:rel-eee33f1d96b9,0,133801203,157484631,157484631,133801203,23683428,574243680,-550560252,0,-550560252,,oisa_representative_linear+trace_calibration_residual:iter55_dp_grad_reduce_scatter_g13_slot0,faa3c789549d542484ca9aab132b7d4727afd14a,e9503e0eaf5bc80efd66ae95b5f09e68643725069d654082f374ec03f8b46a88
iter55:pp1:dp_rs:round0:dp_grad_reduce_scatter:pg=3:rel-e285e1ed3259,0,131450601,147093936,147093936,131450601,15643335,380118965,-364475630,0,-364475630,,oisa_representative_linear+trace_calibration_residual:iter55_dp_grad_reduce_scatter_g13_slot0,faa3c789549d542484ca9aab132b7d4727afd14a,e9503e0eaf5bc80efd66ae95b5f09e68643725069d654082f374ec03f8b46a88
iter55:pp2:dp_rs:round0:dp_grad_reduce_scatter:pg=5:rel-c2f93a0f917e,0,127807572,143341534,143341534,127807572,15533962,380118965,-364585003,0,-364585003,,oisa_representative_linear+trace_calibration_residual:iter55_dp_grad_reduce_scatter_g13_slot0,faa3c789549d542484ca9aab132b7d4727afd14a,e9503e0eaf5bc80efd66ae95b5f09e68643725069d654082f374ec03f8b46a88
iter55:pp3:dp_rs:round0:dp_grad_reduce_scatter:pg=7:rel-5bfd64c993dc,0,142771620,158737177,158737177,142771620,15965557,380118965,-364153408,0,-364153408,,oisa_representative_linear+trace_calibration_residual:iter55_dp_grad_reduce_scatter_g13_slot0,faa3c789549d542484ca9aab132b7d4727afd14a,e9503e0eaf5bc80efd66ae95b5f09e68643725069d654082f374ec03f8b46a88
iter55:pp4:dp_rs:round0:dp_grad_reduce_scatter:pg=9:rel-9936263543e5,0,169122866,184806929,184806929,169122866,15684063,380118965,-364434902,0,-364434902,,oisa_representative_linear+trace_calibration_residual:iter55_dp_grad_reduce_scatter_g13_slot0,faa3c789549d542484ca9aab132b7d4727afd14a,e9503e0eaf5bc80efd66ae95b5f09e68643725069d654082f374ec03f8b46a88
iter55:pp5:dp_rs:round0:dp_grad_reduce_scatter:pg=11:rel-2b010a746237,0,191253836,207049496,207049496,191253836,15795660,380118965,-364323305,0,-364323305,,oisa_representative_linear+trace_calibration_residual:iter55_dp_grad_reduce_scatter_g13_slot0,faa3c789549d542484ca9aab132b7d4727afd14a,e9503e0eaf5bc80efd66ae95b5f09e68643725069d654082f374ec03f8b46a88
iter55:pp6:dp_rs:round0:dp_grad_reduce_scatter:pg=13:rel-e007e807d741,0,197925508,213422161,213422161,197925508,15496653,380118965,-364622312,0,-364622312,,oisa_representative_linear+trace_calibration_residual:iter55_dp_grad_reduce_scatter_g13_slot0,faa3c789549d542484ca9aab132b7d4727afd14a,e9503e0eaf5bc80efd66ae95b5f09e68643725069d654082f374ec03f8b46a88
iter55:pp7:dp_rs:round0:dp_grad_reduce_scatter:pg=15:rel-19b4c777b71a,0,212800605,228669289,228669289,212800605,15868684,380118965,-364250281,0,-364250281,,oisa_representative_linear+trace_calibration_residual:iter55_dp_grad_reduce_scatter_g13_slot0,faa3c789549d542484ca9aab132b7d4727afd14a,e9503e0eaf5bc80efd66ae95b5f09e68643725069d654082f374ec03f8b46a88
iter55:pp8:dp_rs:round0:dp_grad_reduce_scatter:pg=17:rel-abcc3210628f,0,222529787,238198235,238198235,222529787,15668448,380118965,-364450517,0,-364450517,,oisa_representative_linear+trace_calibration_residual:iter55_dp_grad_reduce_scatter_g13_slot0,faa3c789549d542484ca9aab132b7d4727afd14a,e9503e0eaf5bc80efd66ae95b5f09e68643725069d654082f374ec03f8b46a88
iter55:pp9:dp_rs:round0:dp_grad_reduce_scatter:pg=19:rel-6ab0890d91f5,0,180980819,199416306,199416306,180980819,18435487,380118965,-361683478,0,-361683478,,oisa_representative_linear+trace_calibration_residual:iter55_dp_grad_reduce_scatter_g13_slot0,faa3c789549d542484ca9aab132b7d4727afd14a,e9503e0eaf5bc80efd66ae95b5f09e68643725069d654082f374ec03f8b46a88
iter55:pp10:dp_rs:round0:dp_grad_reduce_scatter:pg=21:rel-f00835d64bd8,0,163689211,179658473,179658473,163689211,15969262,380118965,-364149703,0,-364149703,,oisa_representative_linear+trace_calibration_residual:iter55_dp_grad_reduce_scatter_g13_slot0,faa3c789549d542484ca9aab132b7d4727afd14a,e9503e0eaf5bc80efd66ae95b5f09e68643725069d654082f374ec03f8b46a88
iter55:pp11:dp_rs:round0:dp_grad_reduce_scatter:pg=23:rel-1d351c243f8d,0,177264102,193391452,193391452,177264102,16127350,380118965,-363991615,0,-363991615,,oisa_representative_linear+trace_calibration_residual:iter55_dp_grad_reduce_scatter_g13_slot0,faa3c789549d542484ca9aab132b7d4727afd14a,e9503e0eaf5bc80efd66ae95b5f09e68643725069d654082f374ec03f8b46a88
iter55:pp12:dp_rs:round0:dp_grad_reduce_scatter:pg=25:rel-8c21098cf956,0,169479245,185156791,185156791,169479245,15677546,380118965,-364441419,0,-364441419,,oisa_representative_linear+trace_calibration_residual:iter55_dp_grad_reduce_scatter_g13_slot0,faa3c789549d542484ca9aab132b7d4727afd14a,e9503e0eaf5bc80efd66ae95b5f09e68643725069d654082f374ec03f8b46a88
iter55:pp13:dp_rs:round0:dp_grad_reduce_scatter:pg=27:rel-1544ad2743d2,0,175227794,191108595,191108595,175227794,15880801,380118965,-364238164,0,-364238164,,oisa_representative_linear+trace_calibration_residual:iter55_dp_grad_reduce_scatter_g13_slot0,faa3c789549d542484ca9aab132b7d4727afd14a,e9503e0eaf5bc80efd66ae95b5f09e68643725069d654082f374ec03f8b46a88
iter55:pp14:dp_rs:round0:dp_grad_reduce_scatter:pg=29:rel-420c95dd30c3,0,174932588,192124971,192124971,174932588,17192383,380118965,-362926582,0,-362926582,,oisa_representative_linear+trace_calibration_residual:iter55_dp_grad_reduce_scatter_g13_slot0,faa3c789549d542484ca9aab132b7d4727afd14a,e9503e0eaf5bc80efd66ae95b5f09e68643725069d654082f374ec03f8b46a88
iter55:pp15:dp_rs:round0:dp_grad_reduce_scatter:pg=31:rel-644a1bf96e16,0,166305007,193260770,193260770,166305007,26955763,506439649,-479483886,0,-479483886,,oisa_representative_linear+trace_calibration_residual:iter55_dp_grad_reduce_scatter_g13_slot0,faa3c789549d542484ca9aab132b7d4727afd14a,e9503e0eaf5bc80efd66ae95b5f09e68643725069d654082f374ec03f8b46a88
iter55:pp0:edp_rs:round0:expert_dp_grad_reduce_scatter:pg=1043:rel-3edb6df10d0f,0,69231,48059116,48059116,69231,47989885,37792316,10197569,10197569,0,,oisa_representative_linear+trace_calibration_residual:iter55_expert_dp_grad_reduce_scatter_g28_slot0,faa3c789549d542484ca9aab132b7d4727afd14a,e9503e0eaf5bc80efd66ae95b5f09e68643725069d654082f374ec03f8b46a88
iter55:pp0:edp_rs:round0:expert_dp_grad_reduce_scatter:pg=1045:rel-060f3f97d24e,0,60557,55941550,55941550,60557,55880993,37792316,18088677,18088677,0,,oisa_representative_linear+trace_calibration_residual:iter55_expert_dp_grad_reduce_scatter_g28_slot0,faa3c789549d542484ca9aab132b7d4727afd14a,e9503e0eaf5bc80efd66ae95b5f09e68643725069d654082f374ec03f8b46a88
iter55:pp0:edp_rs:round0:expert_dp_grad_reduce_scatter:pg=1047:rel-add20bb4a986,0,17466,54139140,54139140,17466,54121674,37792316,16329358,16329358,0,,oisa_representative_linear+trace_calibration_residual:iter55_expert_dp_grad_reduce_scatter_g28_slot0,faa3c789549d542484ca9aab132b7d4727afd14a,e9503e0eaf5bc80efd66ae95b5f09e68643725069d654082f374ec03f8b46a88
iter55:pp0:edp_rs:round0:expert_dp_grad_reduce_scatter:pg=1049:rel-45e0ac40d9fe,0,106936,56696555,56696555,106936,56589619,37792316,18797303,18797303,0,,oisa_representative_linear+trace_calibration_residual:iter55_expert_dp_grad_reduce_scatter_g28_slot0,faa3c789549d542484ca9aab132b7d4727afd14a,e9503e0eaf5bc80efd66ae95b5f09e68643725069d654082f374ec03f8b46a88
iter55:pp0:edp_rs:round0:expert_dp_grad_reduce_scatter:pg=1051:rel-682953038fbf,0,64399,56598298,56598298,64399,56533899,37792316,18741583,18741583,0,,oisa_representative_linear+trace_calibration_residual:iter55_expert_dp_grad_reduce_scatter_g28_slot0,faa3c789549d542484ca9aab132b7d4727afd14a,e9503e0eaf5bc80efd66ae95b5f09e68643725069d654082f374ec03f8b46a88
iter55:pp0:edp_rs:round0:expert_dp_grad_reduce_scatter:pg=1053:rel-1b037775be66,0,27798,54347087,54347087,27798,54319289,37792316,16526973,16526973,0,,oisa_representative_linear+trace_calibration_residual:iter55_expert_dp_grad_reduce_scatter_g28_slot0,faa3c789549d542484ca9aab132b7d4727afd14a,e9503e0eaf5bc80efd66ae95b5f09e68643725069d654082f374ec03f8b46a88
iter55:pp0:edp_rs:round0:expert_dp_grad_reduce_scatter:pg=1055:rel-f1d65da828a2,0,65718,56514288,56514288,65718,56448570,37792316,18656254,18656254,0,,oisa_representative_linear+trace_calibration_residual:iter55_expert_dp_grad_reduce_scatter_g28_slot0,faa3c789549d542484ca9aab132b7d4727afd14a,e9503e0eaf5bc80efd66ae95b5f09e68643725069d654082f374ec03f8b46a88
iter55:pp0:edp_rs:round0:expert_dp_grad_reduce_scatter:pg=1057:rel-69f287cc15be,0,171775,48353127,48353127,171775,48181352,37792316,10389036,10389036,0,,oisa_representative_linear+trace_calibration_residual:iter55_expert_dp_grad_reduce_scatter_g28_slot0,faa3c789549d542484ca9aab132b7d4727afd14a,e9503e0eaf5bc80efd66ae95b5f09e68643725069d654082f374ec03f8b46a88
iter55:pp1:edp_rs:round0:expert_dp_grad_reduce_scatter:pg=1059:rel-2afe772e0e28,0,139395,208894704,208894704,139395,208755309,151169266,57586043,57586043,0,,oisa_representative_linear+trace_calibration_residual:iter55_expert_dp_grad_reduce_scatter_g28_slot0,faa3c789549d542484ca9aab132b7d4727afd14a,e9503e0eaf5bc80efd66ae95b5f09e68643725069d654082f374ec03f8b46a88
iter55:pp1:edp_rs:round0:expert_dp_grad_reduce_scatter:pg=1061:rel-bb3f7ab23c96,0,157720,212401244,212401244,157720,212243524,151169266,61074258,61074258,0,,oisa_representative_linear+trace_calibration_residual:iter55_expert_dp_grad_reduce_scatter_g28_slot0,faa3c789549d542484ca9aab132b7d4727afd14a,e9503e0eaf5bc80efd66ae95b5f09e68643725069d654082f374ec03f8b46a88
iter55:pp1:edp_rs:round0:expert_dp_grad_reduce_scatter:pg=1063:rel-24b1075fef7f,0,150900,210761264,210761264,150900,210610364,151169266,59441098,59441098,0,,oisa_representative_linear+trace_calibration_residual:iter55_expert_dp_grad_reduce_scatter_g28_slot0,faa3c789549d542484ca9aab132b7d4727afd14a,e9503e0eaf5bc80efd66ae95b5f09e68643725069d654082f374ec03f8b46a88
iter55:pp1:edp_rs:round0:expert_dp_grad_reduce_scatter:pg=1065:rel-d9659fa15c73,0,25110,208365141,208365141,25110,208340031,151169266,57170765,57170765,0,,oisa_representative_linear+trace_calibration_residual:iter55_expert_dp_grad_reduce_scatter_g28_slot0,faa3c789549d542484ca9aab132b7d4727afd14a,e9503e0eaf5bc80efd66ae95b5f09e68643725069d654082f374ec03f8b46a88
iter55:pp1:edp_rs:round0:expert_dp_grad_reduce_scatter:pg=1067:rel-b2c47db54841,0,378311,212597642,212597642,378311,212219331,151169266,61050065,61050065,0,,oisa_representative_linear+trace_calibration_residual:iter55_expert_dp_grad_reduce_scatter_g28_slot0,faa3c789549d542484ca9aab132b7d4727afd14a,e9503e0eaf5bc80efd66ae95b5f09e68643725069d654082f374ec03f8b46a88
iter55:pp1:edp_rs:round0:expert_dp_grad_reduce_scatter:pg=1069:rel-ce6031e473de,0,7047,207597237,207597237,7047,207590190,151169266,56420924,56420924,0,,oisa_representative_linear+trace_calibration_residual:iter55_expert_dp_grad_reduce_scatter_g28_slot0,faa3c789549d542484ca9aab132b7d4727afd14a,e9503e0eaf5bc80efd66ae95b5f09e68643725069d654082f374ec03f8b46a88
iter55:pp1:edp_rs:round0:expert_dp_grad_reduce_scatter:pg=1071:rel-811b79c8a7f4,0,523118,215284211,215284211,523118,214761093,151169266,63591827,63591827,0,,oisa_representative_linear+trace_calibration_residual:iter55_expert_dp_grad_reduce_scatter_g28_slot0,faa3c789549d542484ca9aab132b7d4727afd14a,e9503e0eaf5bc80efd66ae95b5f09e68643725069d654082f374ec03f8b46a88
iter55:pp1:edp_rs:round0:expert_dp_grad_reduce_scatter:pg=1073:rel-5255528a9a39,0,123097,209457428,209457428,123097,209334331,151169266,58165065,58165065,0,,oisa_representative_linear+trace_calibration_residual:iter55_expert_dp_grad_reduce_scatter_g28_slot0,faa3c789549d542484ca9aab132b7d4727afd14a,e9503e0eaf5bc80efd66ae95b5f09e68643725069d654082f374ec03f8b46a88
iter55:pp2:edp_rs:round0:expert_dp_grad_reduce_scatter:pg=1075:rel-16df77b952d7,0,107951,203219160,203219160,107951,203111209,151169266,51941943,51941943,0,,oisa_representative_linear+trace_calibration_residual:iter55_expert_dp_grad_reduce_scatter_g28_slot0,faa3c789549d542484ca9aab132b7d4727afd14a,e9503e0eaf5bc80efd66ae95b5f09e68643725069d654082f374ec03f8b46a88
iter55:pp2:edp_rs:round0:expert_dp_grad_reduce_scatter:pg=1077:rel-5dca908e0c6b,0,131796,211490773,211490773,131796,211358977,151169266,60189711,60189711,0,,oisa_representative_linear+trace_calibration_residual:iter55_expert_dp_grad_reduce_scatter_g28_slot0,faa3c789549d542484ca9aab132b7d4727afd14a,e9503e0eaf5bc80efd66ae95b5f09e68643725069d654082f374ec03f8b46a88
iter55:pp2:edp_rs:round0:expert_dp_grad_reduce_scatter:pg=1079:rel-7eb527922249,0,114666,210249138,210249138,114666,210134472,151169266,58965206,58965206,0,,oisa_representative_linear+trace_calibration_residual:iter55_expert_dp_grad_reduce_scatter_g28_slot0,faa3c789549d542484ca9aab132b7d4727afd14a,e9503e0eaf5bc80efd66ae95b5f09e68643725069d654082f374ec03f8b46a88
iter55:pp2:edp_rs:round0:expert_dp_grad_reduce_scatter:pg=1081:rel-1e09968b6ab3,0,115419,211543104,211543104,115419,211427685,151169266,60258419,60258419,0,,oisa_representative_linear+trace_calibration_residual:iter55_expert_dp_grad_reduce_scatter_g28_slot0,faa3c789549d542484ca9aab132b7d4727afd14a,e9503e0eaf5bc80efd66ae95b5f09e68643725069d654082f374ec03f8b46a88
iter55:pp2:edp_rs:round0:expert_dp_grad_reduce_scatter:pg=1083:rel-fc7ba47441c8,0,410143,210541192,210541192,410143,210131049,151169266,58961783,58961783,0,,oisa_representative_linear+trace_calibration_residual:iter55_expert_dp_grad_reduce_scatter_g28_slot0,faa3c789549d542484ca9aab132b7d4727afd14a,e9503e0eaf5bc80efd66ae95b5f09e68643725069d654082f374ec03f8b46a88
iter55:pp2:edp_rs:round0:expert_dp_grad_reduce_scatter:pg=1085:rel-46b0ad4b264e,0,89522,212531141,212531141,89522,212441619,151169266,61272353,61272353,0,,oisa_representative_linear+trace_calibration_residual:iter55_expert_dp_grad_reduce_scatter_g28_slot0,faa3c789549d542484ca9aab132b7d4727afd14a,e9503e0eaf5bc80efd66ae95b5f09e68643725069d654082f374ec03f8b46a88
iter55:pp2:edp_rs:round0:expert_dp_grad_reduce_scatter:pg=1087:rel-e54eca9bcd4a,0,21982,209082750,209082750,21982,209060768,151169266,57891502,57891502,0,,oisa_representative_linear+trace_calibration_residual:iter55_expert_dp_grad_reduce_scatter_g28_slot0,faa3c789549d542484ca9aab132b7d4727afd14a,e9503e0eaf5bc80efd66ae95b5f09e68643725069d654082f374ec03f8b46a88
iter55:pp2:edp_rs:round0:expert_dp_grad_reduce_scatter:pg=1089:rel-f804234bc0bb,0,82873,211035809,211035809,82873,210952936,151169266,59783670,59783670,0,,oisa_representative_linear+trace_calibration_residual:iter55_expert_dp_grad_reduce_scatter_g28_slot0,faa3c789549d542484ca9aab132b7d4727afd14a,e9503e0eaf5bc80efd66ae95b5f09e68643725069d654082f374ec03f8b46a88
iter55:pp3:edp_rs:round0:expert_dp_grad_reduce_scatter:pg=1091:rel-f2ce49c10662,0,547330,208431381,208431381,547330,207884051,151169266,56714785,56714785,0,,oisa_representative_linear+trace_calibration_residual:iter55_expert_dp_grad_reduce_scatter_g28_slot0,faa3c789549d542484ca9aab132b7d4727afd14a,e9503e0eaf5bc80efd66ae95b5f09e68643725069d654082f374ec03f8b46a88
iter55:pp3:edp_rs:round0:expert_dp_grad_reduce_scatter:pg=1093:rel-c786080df1db,0,142007,217930213,217930213,142007,217788206,151169266,66618940,66618940,0,,oisa_representative_linear+trace_calibration_residual:iter55_expert_dp_grad_reduce_scatter_g28_slot0,faa3c789549d542484ca9aab132b7d4727afd14a,e9503e0eaf5bc80efd66ae95b5f09e68643725069d654082f374ec03f8b46a88
iter55:pp3:edp_rs:round0:expert_dp_grad_reduce_scatter:pg=1095:rel-890695343734,0,353210,208252445,208252445,353210,207899235,151169266,56729969,56729969,0,,oisa_representative_linear+trace_calibration_residual:iter55_expert_dp_grad_reduce_scatter_g28_slot0,faa3c789549d542484ca9aab132b7d4727afd14a,e9503e0eaf5bc80efd66ae95b5f09e68643725069d654082f374ec03f8b46a88
iter55:pp3:edp_rs:round0:expert_dp_grad_reduce_scatter:pg=1097:rel-5d4ec32402ec,0,265792,226624348,226624348,265792,226358556,151169266,75189290,75189290,0,,oisa_representative_linear+trace_calibration_residual:iter55_expert_dp_grad_reduce_scatter_g28_slot0,faa3c789549d542484ca9aab132b7d4727afd14a,e9503e0eaf5bc80efd66ae95b5f09e68643725069d654082f374ec03f8b46a88
iter55:pp3:edp_rs:round0:expert_dp_grad_reduce_scatter:pg=1099:rel-ddb1960efb5b,0,164158,208623305,208623305,164158,208459147,151169266,57289881,57289881,0,,oisa_representative_linear+trace_calibration_residual:iter55_expert_dp_grad_reduce_scatter_g28_slot0,faa3c789549d542484ca9aab132b7d4727afd14a,e9503e0eaf5bc80efd66ae95b5f09e68643725069d654082f374ec03f8b46a88
iter55:pp3:edp_rs:round0:expert_dp_grad_reduce_scatter:pg=1101:rel-b7f20d5b1645,0,64962,209320631,209320631,64962,209255669,151169266,58086403,58086403,0,,oisa_representative_linear+trace_calibration_residual:iter55_expert_dp_grad_reduce_scatter_g28_slot0,faa3c789549d542484ca9aab132b7d4727afd14a,e9503e0eaf5bc80efd66ae95b5f09e68643725069d654082f374ec03f8b46a88
iter55:pp3:edp_rs:round0:expert_dp_grad_reduce_scatter:pg=1103:rel-266b59edc53c,0,83763,208092290,208092290,83763,208008527,151169266,56839261,56839261,0,,oisa_representative_linear+trace_calibration_residual:iter55_expert_dp_grad_reduce_scatter_g28_slot0,faa3c789549d542484ca9aab132b7d4727afd14a,e9503e0eaf5bc80efd66ae95b5f09e68643725069d654082f374ec03f8b46a88
iter55:pp3:edp_rs:round0:expert_dp_grad_reduce_scatter:pg=1105:rel-829f5273926a,0,790550,212769591,212769591,790550,211979041,151169266,60809775,60809775,0,,oisa_representative_linear+trace_calibration_residual:iter55_expert_dp_grad_reduce_scatter_g28_slot0,faa3c789549d542484ca9aab132b7d4727afd14a,e9503e0eaf5bc80efd66ae95b5f09e68643725069d654082f374ec03f8b46a88
iter55:pp4:edp_rs:round0:expert_dp_grad_reduce_scatter:pg=1107:rel-77c8c73fc956,0,46232,204507553,204507553,46232,204461321,151169266,53292055,53292055,0,,oisa_representative_linear+trace_calibration_residual:iter55_expert_dp_grad_reduce_scatter_g28_slot0,faa3c789549d542484ca9aab132b7d4727afd14a,e9503e0eaf5bc80efd66ae95b5f09e68643725069d654082f374ec03f8b46a88
iter55:pp4:edp_rs:round0:expert_dp_grad_reduce_scatter:pg=1109:rel-c70223e2b6b7,0,450524,191252450,191252450,450524,190801926,151169266,39632660,39632660,0,,oisa_representative_linear+trace_calibration_residual:iter55_expert_dp_grad_reduce_scatter_g28_slot0,faa3c789549d542484ca9aab132b7d4727afd14a,e9503e0eaf5bc80efd66ae95b5f09e68643725069d654082f374ec03f8b46a88
iter55:pp4:edp_rs:round0:expert_dp_grad_reduce_scatter:pg=1111:rel-58b33f6f2575,0,388816,207698328,207698328,388816,207309512,151169266,56140246,56140246,0,,oisa_representative_linear+trace_calibration_residual:iter55_expert_dp_grad_reduce_scatter_g28_slot0,faa3c789549d542484ca9aab132b7d4727afd14a,e9503e0eaf5bc80efd66ae95b5f09e68643725069d654082f374ec03f8b46a88
iter55:pp4:edp_rs:round0:expert_dp_grad_reduce_scatter:pg=1113:rel-e67f9f67a293,0,1903185,207822880,207822880,1903185,205919695,151169266,54750429,54750429,0,,oisa_representative_linear+trace_calibration_residual:iter55_expert_dp_grad_reduce_scatter_g28_slot0,faa3c789549d542484ca9aab132b7d4727afd14a,e9503e0eaf5bc80efd66ae95b5f09e68643725069d654082f374ec03f8b46a88
iter55:pp4:edp_rs:round0:expert_dp_grad_reduce_scatter:pg=1115:rel-936c215fab74,0,68270,214150630,214150630,68270,214082360,151169266,62913094,62913094,0,,oisa_representative_linear+trace_calibration_residual:iter55_expert_dp_grad_reduce_scatter_g28_slot0,faa3c789549d542484ca9aab132b7d4727afd14a,e9503e0eaf5bc80efd66ae95b5f09e68643725069d654082f374ec03f8b46a88
iter55:pp4:edp_rs:round0:expert_dp_grad_reduce_scatter:pg=1117:rel-e55d5ece25fe,0,229393,207816645,207816645,229393,207587252,151169266,56417986,56417986,0,,oisa_representative_linear+trace_calibration_residual:iter55_expert_dp_grad_reduce_scatter_g28_slot0,faa3c789549d542484ca9aab132b7d4727afd14a,e9503e0eaf5bc80efd66ae95b5f09e68643725069d654082f374ec03f8b46a88
iter55:pp4:edp_rs:round0:expert_dp_grad_reduce_scatter:pg=1119:rel-471c9b77ddf5,0,496644,190101572,190101572,496644,189604928,151169266,38435662,38435662,0,,oisa_representative_linear+trace_calibration_residual:iter55_expert_dp_grad_reduce_scatter_g28_slot0,faa3c789549d542484ca9aab132b7d4727afd14a,e9503e0eaf5bc80efd66ae95b5f09e68643725069d654082f374ec03f8b46a88
iter55:pp4:edp_rs:round0:expert_dp_grad_reduce_scatter:pg=1121:rel-f5a6ac27ea88,0,33116,220240602,220240602,33116,220207486,151169266,69038220,69038220,0,,oisa_representative_linear+trace_calibration_residual:iter55_expert_dp_grad_reduce_scatter_g28_slot0,faa3c789549d542484ca9aab132b7d4727afd14a,e9503e0eaf5bc80efd66ae95b5f09e68643725069d654082f374ec03f8b46a88
iter55:pp5:edp_rs:round0:expert_dp_grad_reduce_scatter:pg=1123:rel-933bd5a3ebea,0,219139,192470544,192470544,219139,192251405,151169266,41082139,41082139,0,,oisa_representative_linear+trace_calibration_residual:iter55_expert_dp_grad_reduce_scatter_g28_slot0,faa3c789549d542484ca9aab132b7d4727afd14a,e9503e0eaf5bc80efd66ae95b5f09e68643725069d654082f374ec03f8b46a88
iter55:pp5:edp_rs:round0:expert_dp_grad_reduce_scatter:pg=1125:rel-a237cac76a9e,0,340689,207234172,207234172,340689,206893483,151169266,55724217,55724217,0,,oisa_representative_linear+trace_calibration_residual:iter55_expert_dp_grad_reduce_scatter_g28_slot0,faa3c789549d542484ca9aab132b7d4727afd14a,e9503e0eaf5bc80efd66ae95b5f09e68643725069d654082f374ec03f8b46a88
iter55:pp5:edp_rs:round0:expert_dp_grad_reduce_scatter:pg=1127:rel-e53d5db49ca7,0,73725,210885683,210885683,73725,210811958,151169266,59642692,59642692,0,,oisa_representative_linear+trace_calibration_residual:iter55_expert_dp_grad_reduce_scatter_g28_slot0,faa3c789549d542484ca9aab132b7d4727afd14a,e9503e0eaf5bc80efd66ae95b5f09e68643725069d654082f374ec03f8b46a88
iter55:pp5:edp_rs:round0:expert_dp_grad_reduce_scatter:pg=1129:rel-9c7f8d60da35,0,448066,212663285,212663285,448066,212215219,151169266,61045953,61045953,0,,oisa_representative_linear+trace_calibration_residual:iter55_expert_dp_grad_reduce_scatter_g28_slot0,faa3c789549d542484ca9aab132b7d4727afd14a,e9503e0eaf5bc80efd66ae95b5f09e68643725069d654082f374ec03f8b46a88
iter55:pp5:edp_rs:round0:expert_dp_grad_reduce_scatter:pg=1131:rel-b0a1e6db3da3,0,127816,207331953,207331953,127816,207204137,151169266,56034871,56034871,0,,oisa_representative_linear+trace_calibration_residual:iter55_expert_dp_grad_reduce_scatter_g28_slot0,faa3c789549d542484ca9aab132b7d4727afd14a,e9503e0eaf5bc80efd66ae95b5f09e68643725069d654082f374ec03f8b46a88
iter55:pp5:edp_rs:round0:expert_dp_grad_reduce_scatter:pg=1133:rel-7be2df09c0c0,0,143421,211824191,211824191,143421,211680770,151169266,60511504,60511504,0,,oisa_representative_linear+trace_calibration_residual:iter55_expert_dp_grad_reduce_scatter_g28_slot0,faa3c789549d542484ca9aab132b7d4727afd14a,e9503e0eaf5bc80efd66ae95b5f09e68643725069d654082f374ec03f8b46a88
iter55:pp5:edp_rs:round0:expert_dp_grad_reduce_scatter:pg=1135:rel-6837080682fb,0,510969,208551571,208551571,510969,208040602,151169266,56871336,56871336,0,,oisa_representative_linear+trace_calibration_residual:iter55_expert_dp_grad_reduce_scatter_g28_slot0,faa3c789549d542484ca9aab132b7d4727afd14a,e9503e0eaf5bc80efd66ae95b5f09e68643725069d654082f374ec03f8b46a88
iter55:pp5:edp_rs:round0:expert_dp_grad_reduce_scatter:pg=1137:rel-767db1c7b6a8,0,310641,219403336,219403336,310641,219092695,151169266,67923429,67923429,0,,oisa_representative_linear+trace_calibration_residual:iter55_expert_dp_grad_reduce_scatter_g28_slot0,faa3c789549d542484ca9aab132b7d4727afd14a,e9503e0eaf5bc80efd66ae95b5f09e68643725069d654082f374ec03f8b46a88
iter55:pp6:edp_rs:round0:expert_dp_grad_reduce_scatter:pg=1139:rel-d42e4641fe01,0,104296,220078064,220078064,104296,219973768,151169266,68804502,68804502,0,,oisa_representative_linear+trace_calibration_residual:iter55_expert_dp_grad_reduce_scatter_g28_slot0,faa3c789549d542484ca9aab132b7d4727afd14a,e9503e0eaf5bc80efd66ae95b5f09e68643725069d654082f374ec03f8b46a88
iter55:pp6:edp_rs:round0:expert_dp_grad_reduce_scatter:pg=1141:rel-caeacd8507d6,0,215634,212684020,212684020,215634,212468386,151169266,61299120,61299120,0,,oisa_representative_linear+trace_calibration_residual:iter55_expert_dp_grad_reduce_scatter_g28_slot0,faa3c789549d542484ca9aab132b7d4727afd14a,e9503e0eaf5bc80efd66ae95b5f09e68643725069d654082f374ec03f8b46a88
iter55:pp6:edp_rs:round0:expert_dp_grad_reduce_scatter:pg=1143:rel-212addbdedeb,0,122920,216587853,216587853,122920,216464933,151169266,65295667,65295667,0,,oisa_representative_linear+trace_calibration_residual:iter55_expert_dp_grad_reduce_scatter_g28_slot0,faa3c789549d542484ca9aab132b7d4727afd14a,e9503e0eaf5bc80efd66ae95b5f09e68643725069d654082f374ec03f8b46a88
iter55:pp6:edp_rs:round0:expert_dp_grad_reduce_scatter:pg=1145:rel-d0ba55d64eff,0,120522,211884506,211884506,120522,211763984,151169266,60594718,60594718,0,,oisa_representative_linear+trace_calibration_residual:iter55_expert_dp_grad_reduce_scatter_g28_slot0,faa3c789549d542484ca9aab132b7d4727afd14a,e9503e0eaf5bc80efd66ae95b5f09e68643725069d654082f374ec03f8b46a88
iter55:pp6:edp_rs:round0:expert_dp_grad_reduce_scatter:pg=1147:rel-f28a67947d09,0,194893,208167013,208167013,194893,207972120,151169266,56802854,56802854,0,,oisa_representative_linear+trace_calibration_residual:iter55_expert_dp_grad_reduce_scatter_g28_slot0,faa3c789549d542484ca9aab132b7d4727afd14a,e9503e0eaf5bc80efd66ae95b5f09e68643725069d654082f374ec03f8b46a88
iter55:pp6:edp_rs:round0:expert_dp_grad_reduce_scatter:pg=1149:rel-5d2987245d88,0,77553,207787644,207787644,77553,207710091,151169266,56540825,56540825,0,,oisa_representative_linear+trace_calibration_residual:iter55_expert_dp_grad_reduce_scatter_g28_slot0,faa3c789549d542484ca9aab132b7d4727afd14a,e9503e0eaf5bc80efd66ae95b5f09e68643725069d654082f374ec03f8b46a88
iter55:pp6:edp_rs:round0:expert_dp_grad_reduce_scatter:pg=1151:rel-085389c3d4ba,0,15676,201882948,201882948,15676,201867272,151169266,50698006,50698006,0,,oisa_representative_linear+trace_calibration_residual:iter55_expert_dp_grad_reduce_scatter_g28_slot0,faa3c789549d542484ca9aab132b7d4727afd14a,e9503e0eaf5bc80efd66ae95b5f09e68643725069d654082f374ec03f8b46a88
iter55:pp6:edp_rs:round0:expert_dp_grad_reduce_scatter:pg=1153:rel-f8c916bf3ec3,0,399845,219809955,219809955,399845,219410110,151169266,68240844,68240844,0,,oisa_representative_linear+trace_calibration_residual:iter55_expert_dp_grad_reduce_scatter_g28_slot0,faa3c789549d542484ca9aab132b7d4727afd14a,e9503e0eaf5bc80efd66ae95b5f09e68643725069d654082f374ec03f8b46a88
iter55:pp7:edp_rs:round0:expert_dp_grad_reduce_scatter:pg=1155:rel-2e4af2f3c93b,0,104974,206729593,206729593,104974,206624619,151169266,55455353,55455353,0,,oisa_representative_linear+trace_calibration_residual:iter55_expert_dp_grad_reduce_scatter_g28_slot0,faa3c789549d542484ca9aab132b7d4727afd14a,e9503e0eaf5bc80efd66ae95b5f09e68643725069d654082f374ec03f8b46a88
iter55:pp7:edp_rs:round0:expert_dp_grad_reduce_scatter:pg=1157:rel-71a3e28ae089,0,87599,209613452,209613452,87599,209525853,151169266,58356587,58356587,0,,oisa_representative_linear+trace_calibration_residual:iter55_expert_dp_grad_reduce_scatter_g28_slot0,faa3c789549d542484ca9aab132b7d4727afd14a,e9503e0eaf5bc80efd66ae95b5f09e68643725069d654082f374ec03f8b46a88
iter55:pp7:edp_rs:round0:expert_dp_grad_reduce_scatter:pg=1159:rel-c0d0c5ab995a,0,338836,211848752,211848752,338836,211509916,151169266,60340650,60340650,0,,oisa_representative_linear+trace_calibration_residual:iter55_expert_dp_grad_reduce_scatter_g28_slot0,faa3c789549d542484ca9aab132b7d4727afd14a,e9503e0eaf5bc80efd66ae95b5f09e68643725069d654082f374ec03f8b46a88
iter55:pp7:edp_rs:round0:expert_dp_grad_reduce_scatter:pg=1161:rel-2cb32d32daef,0,451717,206118152,206118152,451717,205666435,151169266,54497169,54497169,0,,oisa_representative_linear+trace_calibration_residual:iter55_expert_dp_grad_reduce_scatter_g28_slot0,faa3c789549d542484ca9aab132b7d4727afd14a,e9503e0eaf5bc80efd66ae95b5f09e68643725069d654082f374ec03f8b46a88
iter55:pp7:edp_rs:round0:expert_dp_grad_reduce_scatter:pg=1163:rel-43169635438b,0,51531,200173620,200173620,51531,200122089,151169266,48952823,48952823,0,,oisa_representative_linear+trace_calibration_residual:iter55_expert_dp_grad_reduce_scatter_g28_slot0,faa3c789549d542484ca9aab132b7d4727afd14a,e9503e0eaf5bc80efd66ae95b5f09e68643725069d654082f374ec03f8b46a88
iter55:pp7:edp_rs:round0:expert_dp_grad_reduce_scatter:pg=1165:rel-e16dbd0d1905,0,142044,215996511,215996511,142044,215854467,151169266,64685201,64685201,0,,oisa_representative_linear+trace_calibration_residual:iter55_expert_dp_grad_reduce_scatter_g28_slot0,faa3c789549d542484ca9aab132b7d4727afd14a,e9503e0eaf5bc80efd66ae95b5f09e68643725069d654082f374ec03f8b46a88
iter55:pp7:edp_rs:round0:expert_dp_grad_reduce_scatter:pg=1167:rel-43e529d78656,0,275715,209291918,209291918,275715,209016203,151169266,57846937,57846937,0,,oisa_representative_linear+trace_calibration_residual:iter55_expert_dp_grad_reduce_scatter_g28_slot0,faa3c789549d542484ca9aab132b7d4727afd14a,e9503e0eaf5bc80efd66ae95b5f09e68643725069d654082f374ec03f8b46a88
iter55:pp7:edp_rs:round0:expert_dp_grad_reduce_scatter:pg=1169:rel-eab29ccfadb9,0,562301,212838248,212838248,562301,212275947,151169266,61106681,61106681,0,,oisa_representative_linear+trace_calibration_residual:iter55_expert_dp_grad_reduce_scatter_g28_slot0,faa3c789549d542484ca9aab132b7d4727afd14a,e9503e0eaf5bc80efd66ae95b5f09e68643725069d654082f374ec03f8b46a88
iter55:pp8:edp_rs:round0:expert_dp_grad_reduce_scatter:pg=1171:rel-129acb94824d,0,126197,220064626,220064626,126197,219938429,151169266,68769163,68769163,0,,oisa_representative_linear+trace_calibration_residual:iter55_expert_dp_grad_reduce_scatter_g28_slot0,faa3c789549d542484ca9aab132b7d4727afd14a,e9503e0eaf5bc80efd66ae95b5f09e68643725069d654082f374ec03f8b46a88
iter55:pp8:edp_rs:round0:expert_dp_grad_reduce_scatter:pg=1173:rel-430b9b7a3149,0,604,207525720,207525720,604,207525116,151169266,56355850,56355850,0,,oisa_representative_linear+trace_calibration_residual:iter55_expert_dp_grad_reduce_scatter_g28_slot0,faa3c789549d542484ca9aab132b7d4727afd14a,e9503e0eaf5bc80efd66ae95b5f09e68643725069d654082f374ec03f8b46a88
iter55:pp8:edp_rs:round0:expert_dp_grad_reduce_scatter:pg=1175:rel-dd295fa17aa5,0,252794,214195687,214195687,252794,213942893,151169266,62773627,62773627,0,,oisa_representative_linear+trace_calibration_residual:iter55_expert_dp_grad_reduce_scatter_g28_slot0,faa3c789549d542484ca9aab132b7d4727afd14a,e9503e0eaf5bc80efd66ae95b5f09e68643725069d654082f374ec03f8b46a88
iter55:pp8:edp_rs:round0:expert_dp_grad_reduce_scatter:pg=1177:rel-1f65ad8986ac,0,344836,212359593,212359593,344836,212014757,151169266,60845491,60845491,0,,oisa_representative_linear+trace_calibration_residual:iter55_expert_dp_grad_reduce_scatter_g28_slot0,faa3c789549d542484ca9aab132b7d4727afd14a,e9503e0eaf5bc80efd66ae95b5f09e68643725069d654082f374ec03f8b46a88
iter55:pp8:edp_rs:round0:expert_dp_grad_reduce_scatter:pg=1179:rel-a3347ebb717e,0,220496,212146198,212146198,220496,211925702,151169266,60756436,60756436,0,,oisa_representative_linear+trace_calibration_residual:iter55_expert_dp_grad_reduce_scatter_g28_slot0,faa3c789549d542484ca9aab132b7d4727afd14a,e9503e0eaf5bc80efd66ae95b5f09e68643725069d654082f374ec03f8b46a88
iter55:pp8:edp_rs:round0:expert_dp_grad_reduce_scatter:pg=1181:rel-c3d9fa598103,0,61430,211781506,211781506,61430,211720076,151169266,60550810,60550810,0,,oisa_representative_linear+trace_calibration_residual:iter55_expert_dp_grad_reduce_scatter_g28_slot0,faa3c789549d542484ca9aab132b7d4727afd14a,e9503e0eaf5bc80efd66ae95b5f09e68643725069d654082f374ec03f8b46a88
iter55:pp8:edp_rs:round0:expert_dp_grad_reduce_scatter:pg=1183:rel-42e4e0c64f27,0,320406,211365718,211365718,320406,211045312,151169266,59876046,59876046,0,,oisa_representative_linear+trace_calibration_residual:iter55_expert_dp_grad_reduce_scatter_g28_slot0,faa3c789549d542484ca9aab132b7d4727afd14a,e9503e0eaf5bc80efd66ae95b5f09e68643725069d654082f374ec03f8b46a88
iter55:pp8:edp_rs:round0:expert_dp_grad_reduce_scatter:pg=1185:rel-ccf8f95d9bc5,0,606197,214912224,214912224,606197,214306027,151169266,63136761,63136761,0,,oisa_representative_linear+trace_calibration_residual:iter55_expert_dp_grad_reduce_scatter_g28_slot0,faa3c789549d542484ca9aab132b7d4727afd14a,e9503e0eaf5bc80efd66ae95b5f09e68643725069d654082f374ec03f8b46a88
iter55:pp9:edp_rs:round0:expert_dp_grad_reduce_scatter:pg=1187:rel-cafc69c761e6,0,363425,211726374,211726374,363425,211362949,151169266,60193683,60193683,0,,oisa_representative_linear+trace_calibration_residual:iter55_expert_dp_grad_reduce_scatter_g28_slot0,faa3c789549d542484ca9aab132b7d4727afd14a,e9503e0eaf5bc80efd66ae95b5f09e68643725069d654082f374ec03f8b46a88
iter55:pp9:edp_rs:round0:expert_dp_grad_reduce_scatter:pg=1189:rel-850945dd71f3,0,228082,212454222,212454222,228082,212226140,151169266,61056874,61056874,0,,oisa_representative_linear+trace_calibration_residual:iter55_expert_dp_grad_reduce_scatter_g28_slot0,faa3c789549d542484ca9aab132b7d4727afd14a,e9503e0eaf5bc80efd66ae95b5f09e68643725069d654082f374ec03f8b46a88
iter55:pp9:edp_rs:round0:expert_dp_grad_reduce_scatter:pg=1191:rel-5bf5a54b88d7,0,63318,212171909,212171909,63318,212108591,151169266,60939325,60939325,0,,oisa_representative_linear+trace_calibration_residual:iter55_expert_dp_grad_reduce_scatter_g28_slot0,faa3c789549d542484ca9aab132b7d4727afd14a,e9503e0eaf5bc80efd66ae95b5f09e68643725069d654082f374ec03f8b46a88
iter55:pp9:edp_rs:round0:expert_dp_grad_reduce_scatter:pg=1193:rel-adf283698972,0,382691,205477399,205477399,382691,205094708,151169266,53925442,53925442,0,,oisa_representative_linear+trace_calibration_residual:iter55_expert_dp_grad_reduce_scatter_g28_slot0,faa3c789549d542484ca9aab132b7d4727afd14a,e9503e0eaf5bc80efd66ae95b5f09e68643725069d654082f374ec03f8b46a88
iter55:pp9:edp_rs:round0:expert_dp_grad_reduce_scatter:pg=1195:rel-f7fd828ac545,0,178772,208635567,208635567,178772,208456795,151169266,57287529,57287529,0,,oisa_representative_linear+trace_calibration_residual:iter55_expert_dp_grad_reduce_scatter_g28_slot0,faa3c789549d542484ca9aab132b7d4727afd14a,e9503e0eaf5bc80efd66ae95b5f09e68643725069d654082f374ec03f8b46a88
iter55:pp9:edp_rs:round0:expert_dp_grad_reduce_scatter:pg=1197:rel-d0d89fc26d7e,0,176507,216753949,216753949,176507,216577442,151169266,65408176,65408176,0,,oisa_representative_linear+trace_calibration_residual:iter55_expert_dp_grad_reduce_scatter_g28_slot0,faa3c789549d542484ca9aab132b7d4727afd14a,e9503e0eaf5bc80efd66ae95b5f09e68643725069d654082f374ec03f8b46a88
iter55:pp9:edp_rs:round0:expert_dp_grad_reduce_scatter:pg=1199:rel-9089097ad7f2,0,6579,185724521,185724521,6579,185717942,151169266,34548676,34548676,0,,oisa_representative_linear+trace_calibration_residual:iter55_expert_dp_grad_reduce_scatter_g28_slot0,faa3c789549d542484ca9aab132b7d4727afd14a,e9503e0eaf5bc80efd66ae95b5f09e68643725069d654082f374ec03f8b46a88
iter55:pp9:edp_rs:round0:expert_dp_grad_reduce_scatter:pg=1201:rel-c510da4f61d2,0,142231,212148373,212148373,142231,212006142,151169266,60836876,60836876,0,,oisa_representative_linear+trace_calibration_residual:iter55_expert_dp_grad_reduce_scatter_g28_slot0,faa3c789549d542484ca9aab132b7d4727afd14a,e9503e0eaf5bc80efd66ae95b5f09e68643725069d654082f374ec03f8b46a88
iter55:pp10:edp_rs:round0:expert_dp_grad_reduce_scatter:pg=1203:rel-fc82fef2dcf3,0,676830,195492977,195492977,676830,194816147,151169266,43646881,43646881,0,,oisa_representative_linear+trace_calibration_residual:iter55_expert_dp_grad_reduce_scatter_g28_slot0,faa3c789549d542484ca9aab132b7d4727afd14a,e9503e0eaf5bc80efd66ae95b5f09e68643725069d654082f374ec03f8b46a88
iter55:pp10:edp_rs:round0:expert_dp_grad_reduce_scatter:pg=1205:rel-5cedb4b8a17e,0,120741,208983767,208983767,120741,208863026,151169266,57693760,57693760,0,,oisa_representative_linear+trace_calibration_residual:iter55_expert_dp_grad_reduce_scatter_g28_slot0,faa3c789549d542484ca9aab132b7d4727afd14a,e9503e0eaf5bc80efd66ae95b5f09e68643725069d654082f374ec03f8b46a88
iter55:pp10:edp_rs:round0:expert_dp_grad_reduce_scatter:pg=1207:rel-196b5391d734,0,128498,206013250,206013250,128498,205884752,151169266,54715486,54715486,0,,oisa_representative_linear+trace_calibration_residual:iter55_expert_dp_grad_reduce_scatter_g28_slot0,faa3c789549d542484ca9aab132b7d4727afd14a,e9503e0eaf5bc80efd66ae95b5f09e68643725069d654082f374ec03f8b46a88
iter55:pp10:edp_rs:round0:expert_dp_grad_reduce_scatter:pg=1209:rel-2d659a256cb7,0,285550,223512282,223512282,285550,223226732,151169266,72057466,72057466,0,,oisa_representative_linear+trace_calibration_residual:iter55_expert_dp_grad_reduce_scatter_g28_slot0,faa3c789549d542484ca9aab132b7d4727afd14a,e9503e0eaf5bc80efd66ae95b5f09e68643725069d654082f374ec03f8b46a88
iter55:pp10:edp_rs:round0:expert_dp_grad_reduce_scatter:pg=1211:rel-c052821f624b,0,395343,207730298,207730298,395343,207334955,151169266,56165689,56165689,0,,oisa_representative_linear+trace_calibration_residual:iter55_expert_dp_grad_reduce_scatter_g28_slot0,faa3c789549d542484ca9aab132b7d4727afd14a,e9503e0eaf5bc80efd66ae95b5f09e68643725069d654082f374ec03f8b46a88
iter55:pp10:edp_rs:round0:expert_dp_grad_reduce_scatter:pg=1213:rel-2273957fa578,0,187673,208221831,208221831,187673,208034158,151169266,56864892,56864892,0,,oisa_representative_linear+trace_calibration_residual:iter55_expert_dp_grad_reduce_scatter_g28_slot0,faa3c789549d542484ca9aab132b7d4727afd14a,e9503e0eaf5bc80efd66ae95b5f09e68643725069d654082f374ec03f8b46a88
iter55:pp10:edp_rs:round0:expert_dp_grad_reduce_scatter:pg=1215:rel-6a889b613c61,0,19666,206360904,206360904,19666,206341238,151169266,55171972,55171972,0,,oisa_representative_linear+trace_calibration_residual:iter55_expert_dp_grad_reduce_scatter_g28_slot0,faa3c789549d542484ca9aab132b7d4727afd14a,e9503e0eaf5bc80efd66ae95b5f09e68643725069d654082f374ec03f8b46a88
iter55:pp10:edp_rs:round0:expert_dp_grad_reduce_scatter:pg=1217:rel-e6e6d58467d5,0,350639,207375458,207375458,350639,207024819,151169266,55855553,55855553,0,,oisa_representative_linear+trace_calibration_residual:iter55_expert_dp_grad_reduce_scatter_g28_slot0,faa3c789549d542484ca9aab132b7d4727afd14a,e9503e0eaf5bc80efd66ae95b5f09e68643725069d654082f374ec03f8b46a88
iter55:pp11:edp_rs:round0:expert_dp_grad_reduce_scatter:pg=1219:rel-0e021fe6ee9a,0,263489,218884586,218884586,263489,218621097,151169266,67451831,67451831,0,,oisa_representative_linear+trace_calibration_residual:iter55_expert_dp_grad_reduce_scatter_g28_slot0,faa3c789549d542484ca9aab132b7d4727afd14a,e9503e0eaf5bc80efd66ae95b5f09e68643725069d654082f374ec03f8b46a88
iter55:pp11:edp_rs:round0:expert_dp_grad_reduce_scatter:pg=1221:rel-472d047eb652,0,18731,208923351,208923351,18731,208904620,151169266,57735354,57735354,0,,oisa_representative_linear+trace_calibration_residual:iter55_expert_dp_grad_reduce_scatter_g28_slot0,faa3c789549d542484ca9aab132b7d4727afd14a,e9503e0eaf5bc80efd66ae95b5f09e68643725069d654082f374ec03f8b46a88
iter55:pp11:edp_rs:round0:expert_dp_grad_reduce_scatter:pg=1223:rel-d7d72beb017b,0,151695,214667621,214667621,151695,214515926,151169266,63346660,63346660,0,,oisa_representative_linear+trace_calibration_residual:iter55_expert_dp_grad_reduce_scatter_g28_slot0,faa3c789549d542484ca9aab132b7d4727afd14a,e9503e0eaf5bc80efd66ae95b5f09e68643725069d654082f374ec03f8b46a88
iter55:pp11:edp_rs:round0:expert_dp_grad_reduce_scatter:pg=1225:rel-85f206a67b4e,0,484453,212046174,212046174,484453,211561721,151169266,60392455,60392455,0,,oisa_representative_linear+trace_calibration_residual:iter55_expert_dp_grad_reduce_scatter_g28_slot0,faa3c789549d542484ca9aab132b7d4727afd14a,e9503e0eaf5bc80efd66ae95b5f09e68643725069d654082f374ec03f8b46a88
iter55:pp11:edp_rs:round0:expert_dp_grad_reduce_scatter:pg=1227:rel-7dc47a22a2db,0,220734,209960259,209960259,220734,209739525,151169266,58570259,58570259,0,,oisa_representative_linear+trace_calibration_residual:iter55_expert_dp_grad_reduce_scatter_g28_slot0,faa3c789549d542484ca9aab132b7d4727afd14a,e9503e0eaf5bc80efd66ae95b5f09e68643725069d654082f374ec03f8b46a88
iter55:pp11:edp_rs:round0:expert_dp_grad_reduce_scatter:pg=1229:rel-ce0db716bc7d,0,32974,210410495,210410495,32974,210377521,151169266,59208255,59208255,0,,oisa_representative_linear+trace_calibration_residual:iter55_expert_dp_grad_reduce_scatter_g28_slot0,faa3c789549d542484ca9aab132b7d4727afd14a,e9503e0eaf5bc80efd66ae95b5f09e68643725069d654082f374ec03f8b46a88
iter55:pp11:edp_rs:round0:expert_dp_grad_reduce_scatter:pg=1231:rel-9d5a7ec41342,0,164590,212642183,212642183,164590,212477593,151169266,61308327,61308327,0,,oisa_representative_linear+trace_calibration_residual:iter55_expert_dp_grad_reduce_scatter_g28_slot0,faa3c789549d542484ca9aab132b7d4727afd14a,e9503e0eaf5bc80efd66ae95b5f09e68643725069d654082f374ec03f8b46a88
iter55:pp11:edp_rs:round0:expert_dp_grad_reduce_scatter:pg=1233:rel-3aefa0c2bf46,0,192867,212450509,212450509,192867,212257642,151169266,61088376,61088376,0,,oisa_representative_linear+trace_calibration_residual:iter55_expert_dp_grad_reduce_scatter_g28_slot0,faa3c789549d542484ca9aab132b7d4727afd14a,e9503e0eaf5bc80efd66ae95b5f09e68643725069d654082f374ec03f8b46a88
iter55:pp12:edp_rs:round0:expert_dp_grad_reduce_scatter:pg=1235:rel-245e50756b3a,0,37737,208478269,208478269,37737,208440532,151169266,57271266,57271266,0,,oisa_representative_linear+trace_calibration_residual:iter55_expert_dp_grad_reduce_scatter_g28_slot0,faa3c789549d542484ca9aab132b7d4727afd14a,e9503e0eaf5bc80efd66ae95b5f09e68643725069d654082f374ec03f8b46a88
iter55:pp12:edp_rs:round0:expert_dp_grad_reduce_scatter:pg=1237:rel-cdda7e0cf38f,0,154148,208943334,208943334,154148,208789186,151169266,57619920,57619920,0,,oisa_representative_linear+trace_calibration_residual:iter55_expert_dp_grad_reduce_scatter_g28_slot0,faa3c789549d542484ca9aab132b7d4727afd14a,e9503e0eaf5bc80efd66ae95b5f09e68643725069d654082f374ec03f8b46a88
iter55:pp12:edp_rs:round0:expert_dp_grad_reduce_scatter:pg=1239:rel-6ab93a9269fd,0,278011,212478612,212478612,278011,212200601,151169266,61031335,61031335,0,,oisa_representative_linear+trace_calibration_residual:iter55_expert_dp_grad_reduce_scatter_g28_slot0,faa3c789549d542484ca9aab132b7d4727afd14a,e9503e0eaf5bc80efd66ae95b5f09e68643725069d654082f374ec03f8b46a88
iter55:pp12:edp_rs:round0:expert_dp_grad_reduce_scatter:pg=1241:rel-8757e60466a9,0,99089,212083059,212083059,99089,211983970,151169266,60814704,60814704,0,,oisa_representative_linear+trace_calibration_residual:iter55_expert_dp_grad_reduce_scatter_g28_slot0,faa3c789549d542484ca9aab132b7d4727afd14a,e9503e0eaf5bc80efd66ae95b5f09e68643725069d654082f374ec03f8b46a88
iter55:pp12:edp_rs:round0:expert_dp_grad_reduce_scatter:pg=1243:rel-6e463d9bc3ce,0,632601,208682075,208682075,632601,208049474,151169266,56880208,56880208,0,,oisa_representative_linear+trace_calibration_residual:iter55_expert_dp_grad_reduce_scatter_g28_slot0,faa3c789549d542484ca9aab132b7d4727afd14a,e9503e0eaf5bc80efd66ae95b5f09e68643725069d654082f374ec03f8b46a88
iter55:pp12:edp_rs:round0:expert_dp_grad_reduce_scatter:pg=1245:rel-c442e582575a,0,179622,210298862,210298862,179622,210119240,151169266,58949974,58949974,0,,oisa_representative_linear+trace_calibration_residual:iter55_expert_dp_grad_reduce_scatter_g28_slot0,faa3c789549d542484ca9aab132b7d4727afd14a,e9503e0eaf5bc80efd66ae95b5f09e68643725069d654082f374ec03f8b46a88
iter55:pp12:edp_rs:round0:expert_dp_grad_reduce_scatter:pg=1247:rel-3e115e9afe84,0,68194,207341359,207341359,68194,207273165,151169266,56103899,56103899,0,,oisa_representative_linear+trace_calibration_residual:iter55_expert_dp_grad_reduce_scatter_g28_slot0,faa3c789549d542484ca9aab132b7d4727afd14a,e9503e0eaf5bc80efd66ae95b5f09e68643725069d654082f374ec03f8b46a88
iter55:pp12:edp_rs:round0:expert_dp_grad_reduce_scatter:pg=1249:rel-6950408ec25b,0,832477,207505580,207505580,832477,206673103,151169266,55503837,55503837,0,,oisa_representative_linear+trace_calibration_residual:iter55_expert_dp_grad_reduce_scatter_g28_slot0,faa3c789549d542484ca9aab132b7d4727afd14a,e9503e0eaf5bc80efd66ae95b5f09e68643725069d654082f374ec03f8b46a88
iter55:pp13:edp_rs:round0:expert_dp_grad_reduce_scatter:pg=1251:rel-8145c37bb450,0,211773,215622857,215622857,211773,215411084,151169266,64241818,64241818,0,,oisa_representative_linear+trace_calibration_residual:iter55_expert_dp_grad_reduce_scatter_g28_slot0,faa3c789549d542484ca9aab132b7d4727afd14a,e9503e0eaf5bc80efd66ae95b5f09e68643725069d654082f374ec03f8b46a88
iter55:pp13:edp_rs:round0:expert_dp_grad_reduce_scatter:pg=1253:rel-6b0a73685f01,0,156598,226426127,226426127,156598,226269529,151169266,75100263,75100263,0,,oisa_representative_linear+trace_calibration_residual:iter55_expert_dp_grad_reduce_scatter_g28_slot0,faa3c789549d542484ca9aab132b7d4727afd14a,e9503e0eaf5bc80efd66ae95b5f09e68643725069d654082f374ec03f8b46a88
iter55:pp13:edp_rs:round0:expert_dp_grad_reduce_scatter:pg=1255:rel-3d0eafd1ee24,0,291858,196283106,196283106,291858,195991248,151169266,44821982,44821982,0,,oisa_representative_linear+trace_calibration_residual:iter55_expert_dp_grad_reduce_scatter_g28_slot0,faa3c789549d542484ca9aab132b7d4727afd14a,e9503e0eaf5bc80efd66ae95b5f09e68643725069d654082f374ec03f8b46a88
iter55:pp13:edp_rs:round0:expert_dp_grad_reduce_scatter:pg=1257:rel-79ddbd615254,0,192410,210794177,210794177,192410,210601767,151169266,59432501,59432501,0,,oisa_representative_linear+trace_calibration_residual:iter55_expert_dp_grad_reduce_scatter_g28_slot0,faa3c789549d542484ca9aab132b7d4727afd14a,e9503e0eaf5bc80efd66ae95b5f09e68643725069d654082f374ec03f8b46a88
iter55:pp13:edp_rs:round0:expert_dp_grad_reduce_scatter:pg=1259:rel-347ea51e4b4d,0,426034,225580780,225580780,426034,225154746,151169266,73985480,73985480,0,,oisa_representative_linear+trace_calibration_residual:iter55_expert_dp_grad_reduce_scatter_g28_slot0,faa3c789549d542484ca9aab132b7d4727afd14a,e9503e0eaf5bc80efd66ae95b5f09e68643725069d654082f374ec03f8b46a88
iter55:pp13:edp_rs:round0:expert_dp_grad_reduce_scatter:pg=1261:rel-327f9ee8aec6,0,137311,208037829,208037829,137311,207900518,151169266,56731252,56731252,0,,oisa_representative_linear+trace_calibration_residual:iter55_expert_dp_grad_reduce_scatter_g28_slot0,faa3c789549d542484ca9aab132b7d4727afd14a,e9503e0eaf5bc80efd66ae95b5f09e68643725069d654082f374ec03f8b46a88
iter55:pp13:edp_rs:round0:expert_dp_grad_reduce_scatter:pg=1263:rel-7dba9269df84,0,289435,210265124,210265124,289435,209975689,151169266,58806423,58806423,0,,oisa_representative_linear+trace_calibration_residual:iter55_expert_dp_grad_reduce_scatter_g28_slot0,faa3c789549d542484ca9aab132b7d4727afd14a,e9503e0eaf5bc80efd66ae95b5f09e68643725069d654082f374ec03f8b46a88
iter55:pp13:edp_rs:round0:expert_dp_grad_reduce_scatter:pg=1265:rel-7b403b21ec6e,0,58293,202441136,202441136,58293,202382843,151169266,51213577,51213577,0,,oisa_representative_linear+trace_calibration_residual:iter55_expert_dp_grad_reduce_scatter_g28_slot0,faa3c789549d542484ca9aab132b7d4727afd14a,e9503e0eaf5bc80efd66ae95b5f09e68643725069d654082f374ec03f8b46a88
iter55:pp14:edp_rs:round0:expert_dp_grad_reduce_scatter:pg=1267:rel-eefb8c47044f,0,1896092,220959840,220959840,1896092,219063748,151169266,67894482,67894482,0,,oisa_representative_linear+trace_calibration_residual:iter55_expert_dp_grad_reduce_scatter_g28_slot0,faa3c789549d542484ca9aab132b7d4727afd14a,e9503e0eaf5bc80efd66ae95b5f09e68643725069d654082f374ec03f8b46a88
iter55:pp14:edp_rs:round0:expert_dp_grad_reduce_scatter:pg=1269:rel-17b2ba6d5fcb,0,1378718,202512093,202512093,1378718,201133375,151169266,49964109,49964109,0,,oisa_representative_linear+trace_calibration_residual:iter55_expert_dp_grad_reduce_scatter_g28_slot0,faa3c789549d542484ca9aab132b7d4727afd14a,e9503e0eaf5bc80efd66ae95b5f09e68643725069d654082f374ec03f8b46a88
iter55:pp14:edp_rs:round0:expert_dp_grad_reduce_scatter:pg=1271:rel-51e930d510d3,0,698903,212407952,212407952,698903,211709049,151169266,60539783,60539783,0,,oisa_representative_linear+trace_calibration_residual:iter55_expert_dp_grad_reduce_scatter_g28_slot0,faa3c789549d542484ca9aab132b7d4727afd14a,e9503e0eaf5bc80efd66ae95b5f09e68643725069d654082f374ec03f8b46a88
iter55:pp14:edp_rs:round0:expert_dp_grad_reduce_scatter:pg=1273:rel-06c954babf1f,0,1447532,208863445,208863445,1447532,207415913,151169266,56246647,56246647,0,,oisa_representative_linear+trace_calibration_residual:iter55_expert_dp_grad_reduce_scatter_g28_slot0,faa3c789549d542484ca9aab132b7d4727afd14a,e9503e0eaf5bc80efd66ae95b5f09e68643725069d654082f374ec03f8b46a88
iter55:pp14:edp_rs:round0:expert_dp_grad_reduce_scatter:pg=1275:rel-df26f87ba383,0,119284,206591730,206591730,119284,206472446,151169266,55303180,55303180,0,,oisa_representative_linear+trace_calibration_residual:iter55_expert_dp_grad_reduce_scatter_g28_slot0,faa3c789549d542484ca9aab132b7d4727afd14a,e9503e0eaf5bc80efd66ae95b5f09e68643725069d654082f374ec03f8b46a88
iter55:pp14:edp_rs:round0:expert_dp_grad_reduce_scatter:pg=1277:rel-5fbaaf726551,0,57727,219810392,219810392,57727,219752665,151169266,68583399,68583399,0,,oisa_representative_linear+trace_calibration_residual:iter55_expert_dp_grad_reduce_scatter_g28_slot0,faa3c789549d542484ca9aab132b7d4727afd14a,e9503e0eaf5bc80efd66ae95b5f09e68643725069d654082f374ec03f8b46a88
iter55:pp14:edp_rs:round0:expert_dp_grad_reduce_scatter:pg=1279:rel-1523af828828,0,207253,213746558,213746558,207253,213539305,151169266,62370039,62370039,0,,oisa_representative_linear+trace_calibration_residual:iter55_expert_dp_grad_reduce_scatter_g28_slot0,faa3c789549d542484ca9aab132b7d4727afd14a,e9503e0eaf5bc80efd66ae95b5f09e68643725069d654082f374ec03f8b46a88
iter55:pp14:edp_rs:round0:expert_dp_grad_reduce_scatter:pg=1281:rel-ebb5f51064b2,0,374858,202223219,202223219,374858,201848361,151169266,50679095,50679095,0,,oisa_representative_linear+trace_calibration_residual:iter55_expert_dp_grad_reduce_scatter_g28_slot0,faa3c789549d542484ca9aab132b7d4727afd14a,e9503e0eaf5bc80efd66ae95b5f09e68643725069d654082f374ec03f8b46a88
iter55:pp15:edp_rs:round0:expert_dp_grad_reduce_scatter:pg=1283:rel-09896496ae3d,0,57223,105783744,105783744,57223,105726521,75584633,30141888,30141888,0,,oisa_representative_linear+trace_calibration_residual:iter55_expert_dp_grad_reduce_scatter_g28_slot0,faa3c789549d542484ca9aab132b7d4727afd14a,e9503e0eaf5bc80efd66ae95b5f09e68643725069d654082f374ec03f8b46a88
iter55:pp15:edp_rs:round0:expert_dp_grad_reduce_scatter:pg=1285:rel-d1af7eb44362,0,38928,105080431,105080431,38928,105041503,75584633,29456870,29456870,0,,oisa_representative_linear+trace_calibration_residual:iter55_expert_dp_grad_reduce_scatter_g28_slot0,faa3c789549d542484ca9aab132b7d4727afd14a,e9503e0eaf5bc80efd66ae95b5f09e68643725069d654082f374ec03f8b46a88
iter55:pp15:edp_rs:round0:expert_dp_grad_reduce_scatter:pg=1287:rel-966b544b1d84,0,357961,104203257,104203257,357961,103845296,75584633,28260663,28260663,0,,oisa_representative_linear+trace_calibration_residual:iter55_expert_dp_grad_reduce_scatter_g28_slot0,faa3c789549d542484ca9aab132b7d4727afd14a,e9503e0eaf5bc80efd66ae95b5f09e68643725069d654082f374ec03f8b46a88
iter55:pp15:edp_rs:round0:expert_dp_grad_reduce_scatter:pg=1289:rel-84e84bf9f9a7,0,98267,102092307,102092307,98267,101994040,75584633,26409407,26409407,0,,oisa_representative_linear+trace_calibration_residual:iter55_expert_dp_grad_reduce_scatter_g28_slot0,faa3c789549d542484ca9aab132b7d4727afd14a,e9503e0eaf5bc80efd66ae95b5f09e68643725069d654082f374ec03f8b46a88
iter55:pp15:edp_rs:round0:expert_dp_grad_reduce_scatter:pg=1291:rel-68b097a0d568,0,307123,102803643,102803643,307123,102496520,75584633,26911887,26911887,0,,oisa_representative_linear+trace_calibration_residual:iter55_expert_dp_grad_reduce_scatter_g28_slot0,faa3c789549d542484ca9aab132b7d4727afd14a,e9503e0eaf5bc80efd66ae95b5f09e68643725069d654082f374ec03f8b46a88
iter55:pp15:edp_rs:round0:expert_dp_grad_reduce_scatter:pg=1293:rel-f6218329d108,0,5290,106017179,106017179,5290,106011889,75584633,30427256,30427256,0,,oisa_representative_linear+trace_calibration_residual:iter55_expert_dp_grad_reduce_scatter_g28_slot0,faa3c789549d542484ca9aab132b7d4727afd14a,e9503e0eaf5bc80efd66ae95b5f09e68643725069d654082f374ec03f8b46a88
iter55:pp15:edp_rs:round0:expert_dp_grad_reduce_scatter:pg=1295:rel-61c6a60ae468,0,173060,103193157,103193157,173060,103020097,75584633,27435464,27435464,0,,oisa_representative_linear+trace_calibration_residual:iter55_expert_dp_grad_reduce_scatter_g28_slot0,faa3c789549d542484ca9aab132b7d4727afd14a,e9503e0eaf5bc80efd66ae95b5f09e68643725069d654082f374ec03f8b46a88
iter55:pp15:edp_rs:round0:expert_dp_grad_reduce_scatter:pg=1297:rel-8aad27564690,0,302157,104827242,104827242,302157,104525085,75584633,28940452,28940452,0,,oisa_representative_linear+trace_calibration_residual:iter55_expert_dp_grad_reduce_scatter_g28_slot0,faa3c789549d542484ca9aab132b7d4727afd14a,e9503e0eaf5bc80efd66ae95b5f09e68643725069d654082f374ec03f8b46a88
iter55:pp0:dp_ag0:round0:dp_param_allgather:pg=1:rel-ca97c78e5f45,0,828049,12608569,12608569,828049,11780520,98701666,-86921146,0,-86921146,,oisa_representative_linear+trace_calibration_residual:iter55_dp_param_allgather_g12_slot1,faa3c789549d542484ca9aab132b7d4727afd14a,e9503e0eaf5bc80efd66ae95b5f09e68643725069d654082f374ec03f8b46a88
iter55:pp1:dp_ag0:round0:dp_param_allgather:pg=3:rel-6c71aeec094e,0,1309419,8965636,8965636,1309419,7656217,65335286,-57679069,0,-57679069,,oisa_representative_linear+trace_calibration_residual:iter55_dp_param_allgather_g12_slot1,faa3c789549d542484ca9aab132b7d4727afd14a,e9503e0eaf5bc80efd66ae95b5f09e68643725069d654082f374ec03f8b46a88
iter55:pp2:dp_ag0:round0:dp_param_allgather:pg=5:rel-2c5e91d5d852,0,1222509,8689104,8689104,1222509,7466595,65335286,-57868691,0,-57868691,,oisa_representative_linear+trace_calibration_residual:iter55_dp_param_allgather_g12_slot1,faa3c789549d542484ca9aab132b7d4727afd14a,e9503e0eaf5bc80efd66ae95b5f09e68643725069d654082f374ec03f8b46a88
iter55:pp3:dp_ag0:round0:dp_param_allgather:pg=7:rel-b026165c6a38,0,1723907,9226712,9226712,1723907,7502805,65335286,-57832481,0,-57832481,,oisa_representative_linear+trace_calibration_residual:iter55_dp_param_allgather_g12_slot1,faa3c789549d542484ca9aab132b7d4727afd14a,e9503e0eaf5bc80efd66ae95b5f09e68643725069d654082f374ec03f8b46a88
iter55:pp4:dp_ag0:round0:dp_param_allgather:pg=9:rel-57da36ca3c9a,0,1039347,8555319,8555319,1039347,7515972,65335286,-57819314,0,-57819314,,oisa_representative_linear+trace_calibration_residual:iter55_dp_param_allgather_g12_slot1,faa3c789549d542484ca9aab132b7d4727afd14a,e9503e0eaf5bc80efd66ae95b5f09e68643725069d654082f374ec03f8b46a88
iter55:pp5:dp_ag0:round0:dp_param_allgather:pg=11:rel-43b93a603b20,0,1125919,8947895,8947895,1125919,7821976,65335286,-57513310,0,-57513310,,oisa_representative_linear+trace_calibration_residual:iter55_dp_param_allgather_g12_slot1,faa3c789549d542484ca9aab132b7d4727afd14a,e9503e0eaf5bc80efd66ae95b5f09e68643725069d654082f374ec03f8b46a88
iter55:pp6:dp_ag0:round0:dp_param_allgather:pg=13:rel-7d95db734590,0,1223266,8736704,8736704,1223266,7513438,65335286,-57821848,0,-57821848,,oisa_representative_linear+trace_calibration_residual:iter55_dp_param_allgather_g12_slot1,faa3c789549d542484ca9aab132b7d4727afd14a,e9503e0eaf5bc80efd66ae95b5f09e68643725069d654082f374ec03f8b46a88
iter55:pp7:dp_ag0:round0:dp_param_allgather:pg=15:rel-3ca45b340ca7,0,661018,8451300,8451300,661018,7790282,65335286,-57545004,0,-57545004,,oisa_representative_linear+trace_calibration_residual:iter55_dp_param_allgather_g12_slot1,faa3c789549d542484ca9aab132b7d4727afd14a,e9503e0eaf5bc80efd66ae95b5f09e68643725069d654082f374ec03f8b46a88
iter55:pp8:dp_ag0:round0:dp_param_allgather:pg=17:rel-b472583dc00b,0,1121719,8943558,8943558,1121719,7821839,65335286,-57513447,0,-57513447,,oisa_representative_linear+trace_calibration_residual:iter55_dp_param_allgather_g12_slot1,faa3c789549d542484ca9aab132b7d4727afd14a,e9503e0eaf5bc80efd66ae95b5f09e68643725069d654082f374ec03f8b46a88
iter55:pp9:dp_ag0:round0:dp_param_allgather:pg=19:rel-f21439115792,0,927585,8777061,8777061,927585,7849476,65335286,-57485810,0,-57485810,,oisa_representative_linear+trace_calibration_residual:iter55_dp_param_allgather_g12_slot1,faa3c789549d542484ca9aab132b7d4727afd14a,e9503e0eaf5bc80efd66ae95b5f09e68643725069d654082f374ec03f8b46a88
iter55:pp10:dp_ag0:round0:dp_param_allgather:pg=21:rel-dba009cbab91,0,698563,8514238,8514238,698563,7815675,65335286,-57519611,0,-57519611,,oisa_representative_linear+trace_calibration_residual:iter55_dp_param_allgather_g12_slot1,faa3c789549d542484ca9aab132b7d4727afd14a,e9503e0eaf5bc80efd66ae95b5f09e68643725069d654082f374ec03f8b46a88
iter55:pp11:dp_ag0:round0:dp_param_allgather:pg=23:rel-c5c9e29dd55d,0,1125255,8797748,8797748,1125255,7672493,65335286,-57662793,0,-57662793,,oisa_representative_linear+trace_calibration_residual:iter55_dp_param_allgather_g12_slot1,faa3c789549d542484ca9aab132b7d4727afd14a,e9503e0eaf5bc80efd66ae95b5f09e68643725069d654082f374ec03f8b46a88
iter55:pp12:dp_ag0:round0:dp_param_allgather:pg=25:rel-398d10393c4d,0,896057,8582449,8582449,896057,7686392,65335286,-57648894,0,-57648894,,oisa_representative_linear+trace_calibration_residual:iter55_dp_param_allgather_g12_slot1,faa3c789549d542484ca9aab132b7d4727afd14a,e9503e0eaf5bc80efd66ae95b5f09e68643725069d654082f374ec03f8b46a88
iter55:pp13:dp_ag0:round0:dp_param_allgather:pg=27:rel-77a30a9cc769,0,1189787,8597147,8597147,1189787,7407360,65335286,-57927926,0,-57927926,,oisa_representative_linear+trace_calibration_residual:iter55_dp_param_allgather_g12_slot1,faa3c789549d542484ca9aab132b7d4727afd14a,e9503e0eaf5bc80efd66ae95b5f09e68643725069d654082f374ec03f8b46a88
iter55:pp14:dp_ag0:round0:dp_param_allgather:pg=29:rel-c6b648fb20cd,0,765550,12780723,12780723,765550,12015173,65335286,-53320113,0,-53320113,,oisa_representative_linear+trace_calibration_residual:iter55_dp_param_allgather_g12_slot1,faa3c789549d542484ca9aab132b7d4727afd14a,e9503e0eaf5bc80efd66ae95b5f09e68643725069d654082f374ec03f8b46a88
iter55:pp15:dp_ag0:round0:dp_param_allgather:pg=31:rel-a0f88cdd625a,0,2570203,15465345,15465345,2570203,12895142,87047431,-74152289,0,-74152289,,oisa_representative_linear+trace_calibration_residual:iter55_dp_param_allgather_g12_slot1,faa3c789549d542484ca9aab132b7d4727afd14a,e9503e0eaf5bc80efd66ae95b5f09e68643725069d654082f374ec03f8b46a88
iter55:pp0:edp_ag0:round0:expert_dp_param_allgather:pg=1043:rel-5a4de837dcfb,0,14032,13559584,13559584,14032,13545552,18897210,-5351658,0,-5351658,,oisa_representative_linear+trace_calibration_residual:iter55_expert_dp_param_allgather_g43_slot1,faa3c789549d542484ca9aab132b7d4727afd14a,e9503e0eaf5bc80efd66ae95b5f09e68643725069d654082f374ec03f8b46a88
iter55:pp0:edp_ag0:round0:expert_dp_param_allgather:pg=1045:rel-2ba71f72ccf8,0,42794,14730192,14730192,42794,14687398,18897210,-4209812,0,-4209812,,oisa_representative_linear+trace_calibration_residual:iter55_expert_dp_param_allgather_g43_slot1,faa3c789549d542484ca9aab132b7d4727afd14a,e9503e0eaf5bc80efd66ae95b5f09e68643725069d654082f374ec03f8b46a88
iter55:pp0:edp_ag0:round0:expert_dp_param_allgather:pg=1047:rel-2d4614edfbaf,0,4731,13728006,13728006,4731,13723275,18897210,-5173935,0,-5173935,,oisa_representative_linear+trace_calibration_residual:iter55_expert_dp_param_allgather_g43_slot1,faa3c789549d542484ca9aab132b7d4727afd14a,e9503e0eaf5bc80efd66ae95b5f09e68643725069d654082f374ec03f8b46a88
iter55:pp0:edp_ag0:round0:expert_dp_param_allgather:pg=1049:rel-4a390925a6ed,0,21330,13221802,13221802,21330,13200472,18897210,-5696738,0,-5696738,,oisa_representative_linear+trace_calibration_residual:iter55_expert_dp_param_allgather_g43_slot1,faa3c789549d542484ca9aab132b7d4727afd14a,e9503e0eaf5bc80efd66ae95b5f09e68643725069d654082f374ec03f8b46a88
iter55:pp0:edp_ag0:round0:expert_dp_param_allgather:pg=1051:rel-e64473bf8f18,0,45681,15692386,15692386,45681,15646705,18897210,-3250505,0,-3250505,,oisa_representative_linear+trace_calibration_residual:iter55_expert_dp_param_allgather_g43_slot1,faa3c789549d542484ca9aab132b7d4727afd14a,e9503e0eaf5bc80efd66ae95b5f09e68643725069d654082f374ec03f8b46a88
iter55:pp0:edp_ag0:round0:expert_dp_param_allgather:pg=1053:rel-5b5257db7b88,0,58270,13835513,13835513,58270,13777243,18897210,-5119967,0,-5119967,,oisa_representative_linear+trace_calibration_residual:iter55_expert_dp_param_allgather_g43_slot1,faa3c789549d542484ca9aab132b7d4727afd14a,e9503e0eaf5bc80efd66ae95b5f09e68643725069d654082f374ec03f8b46a88
iter55:pp0:edp_ag0:round0:expert_dp_param_allgather:pg=1055:rel-9907cd20fb9f,0,13746,14587800,14587800,13746,14574054,18897210,-4323156,0,-4323156,,oisa_representative_linear+trace_calibration_residual:iter55_expert_dp_param_allgather_g43_slot1,faa3c789549d542484ca9aab132b7d4727afd14a,e9503e0eaf5bc80efd66ae95b5f09e68643725069d654082f374ec03f8b46a88
iter55:pp0:edp_ag0:round0:expert_dp_param_allgather:pg=1057:rel-6bb0604e8791,0,5503,13599442,13599442,5503,13593939,18897210,-5303271,0,-5303271,,oisa_representative_linear+trace_calibration_residual:iter55_expert_dp_param_allgather_g43_slot1,faa3c789549d542484ca9aab132b7d4727afd14a,e9503e0eaf5bc80efd66ae95b5f09e68643725069d654082f374ec03f8b46a88
iter55:pp1:edp_ag0:round0:expert_dp_param_allgather:pg=1059:rel-cc60a5310cc1,0,10255,54537765,54537765,10255,54527510,75588840,-21061330,0,-21061330,,oisa_representative_linear+trace_calibration_residual:iter55_expert_dp_param_allgather_g43_slot1,faa3c789549d542484ca9aab132b7d4727afd14a,e9503e0eaf5bc80efd66ae95b5f09e68643725069d654082f374ec03f8b46a88
iter55:pp1:edp_ag0:round0:expert_dp_param_allgather:pg=1061:rel-ec7d9f048ff6,0,34109,54082964,54082964,34109,54048855,75588840,-21539985,0,-21539985,,oisa_representative_linear+trace_calibration_residual:iter55_expert_dp_param_allgather_g43_slot1,faa3c789549d542484ca9aab132b7d4727afd14a,e9503e0eaf5bc80efd66ae95b5f09e68643725069d654082f374ec03f8b46a88
iter55:pp1:edp_ag0:round0:expert_dp_param_allgather:pg=1063:rel-caeba63cfc85,0,71965,52640622,52640622,71965,52568657,75588840,-23020183,0,-23020183,,oisa_representative_linear+trace_calibration_residual:iter55_expert_dp_param_allgather_g43_slot1,faa3c789549d542484ca9aab132b7d4727afd14a,e9503e0eaf5bc80efd66ae95b5f09e68643725069d654082f374ec03f8b46a88
iter55:pp1:edp_ag0:round0:expert_dp_param_allgather:pg=1065:rel-f92ed78f7ef1,0,26620,55696685,55696685,26620,55670065,75588840,-19918775,0,-19918775,,oisa_representative_linear+trace_calibration_residual:iter55_expert_dp_param_allgather_g43_slot1,faa3c789549d542484ca9aab132b7d4727afd14a,e9503e0eaf5bc80efd66ae95b5f09e68643725069d654082f374ec03f8b46a88
iter55:pp1:edp_ag0:round0:expert_dp_param_allgather:pg=1067:rel-c96b3db4e3f4,0,67299,54369669,54369669,67299,54302370,75588840,-21286470,0,-21286470,,oisa_representative_linear+trace_calibration_residual:iter55_expert_dp_param_allgather_g43_slot1,faa3c789549d542484ca9aab132b7d4727afd14a,e9503e0eaf5bc80efd66ae95b5f09e68643725069d654082f374ec03f8b46a88
iter55:pp1:edp_ag0:round0:expert_dp_param_allgather:pg=1069:rel-157d4fbd9b06,0,90552,54355884,54355884,90552,54265332,75588840,-21323508,0,-21323508,,oisa_representative_linear+trace_calibration_residual:iter55_expert_dp_param_allgather_g43_slot1,faa3c789549d542484ca9aab132b7d4727afd14a,e9503e0eaf5bc80efd66ae95b5f09e68643725069d654082f374ec03f8b46a88
iter55:pp1:edp_ag0:round0:expert_dp_param_allgather:pg=1071:rel-8fc1a6d628d4,0,88794,59028463,59028463,88794,58939669,75588840,-16649171,0,-16649171,,oisa_representative_linear+trace_calibration_residual:iter55_expert_dp_param_allgather_g43_slot1,faa3c789549d542484ca9aab132b7d4727afd14a,e9503e0eaf5bc80efd66ae95b5f09e68643725069d654082f374ec03f8b46a88
iter55:pp1:edp_ag0:round0:expert_dp_param_allgather:pg=1073:rel-32bfd1c04011,0,29505,53277084,53277084,29505,53247579,75588840,-22341261,0,-22341261,,oisa_representative_linear+trace_calibration_residual:iter55_expert_dp_param_allgather_g43_slot1,faa3c789549d542484ca9aab132b7d4727afd14a,e9503e0eaf5bc80efd66ae95b5f09e68643725069d654082f374ec03f8b46a88
iter55:pp2:edp_ag0:round0:expert_dp_param_allgather:pg=1075:rel-5b4547d0e049,0,40549,54423625,54423625,40549,54383076,75588840,-21205764,0,-21205764,,oisa_representative_linear+trace_calibration_residual:iter55_expert_dp_param_allgather_g43_slot1,faa3c789549d542484ca9aab132b7d4727afd14a,e9503e0eaf5bc80efd66ae95b5f09e68643725069d654082f374ec03f8b46a88
iter55:pp2:edp_ag0:round0:expert_dp_param_allgather:pg=1077:rel-a0e484fa5e53,0,10777,54437551,54437551,10777,54426774,75588840,-21162066,0,-21162066,,oisa_representative_linear+trace_calibration_residual:iter55_expert_dp_param_allgather_g43_slot1,faa3c789549d542484ca9aab132b7d4727afd14a,e9503e0eaf5bc80efd66ae95b5f09e68643725069d654082f374ec03f8b46a88
iter55:pp2:edp_ag0:round0:expert_dp_param_allgather:pg=1079:rel-fafe2df22a7e,0,118477,54643468,54643468,118477,54524991,75588840,-21063849,0,-21063849,,oisa_representative_linear+trace_calibration_residual:iter55_expert_dp_param_allgather_g43_slot1,faa3c789549d542484ca9aab132b7d4727afd14a,e9503e0eaf5bc80efd66ae95b5f09e68643725069d654082f374ec03f8b46a88
iter55:pp2:edp_ag0:round0:expert_dp_param_allgather:pg=1081:rel-1dab2e473f4d,0,91961,58729635,58729635,91961,58637674,75588840,-16951166,0,-16951166,,oisa_representative_linear+trace_calibration_residual:iter55_expert_dp_param_allgather_g43_slot1,faa3c789549d542484ca9aab132b7d4727afd14a,e9503e0eaf5bc80efd66ae95b5f09e68643725069d654082f374ec03f8b46a88
iter55:pp2:edp_ag0:round0:expert_dp_param_allgather:pg=1083:rel-17325c0e9458,0,89207,54884381,54884381,89207,54795174,75588840,-20793666,0,-20793666,,oisa_representative_linear+trace_calibration_residual:iter55_expert_dp_param_allgather_g43_slot1,faa3c789549d542484ca9aab132b7d4727afd14a,e9503e0eaf5bc80efd66ae95b5f09e68643725069d654082f374ec03f8b46a88
iter55:pp2:edp_ag0:round0:expert_dp_param_allgather:pg=1085:rel-5d083a806e10,0,42518,58399847,58399847,42518,58357329,75588840,-17231511,0,-17231511,,oisa_representative_linear+trace_calibration_residual:iter55_expert_dp_param_allgather_g43_slot1,faa3c789549d542484ca9aab132b7d4727afd14a,e9503e0eaf5bc80efd66ae95b5f09e68643725069d654082f374ec03f8b46a88
iter55:pp2:edp_ag0:round0:expert_dp_param_allgather:pg=1087:rel-10f1438e0165,0,44798,55912960,55912960,44798,55868162,75588840,-19720678,0,-19720678,,oisa_representative_linear+trace_calibration_residual:iter55_expert_dp_param_allgather_g43_slot1,faa3c789549d542484ca9aab132b7d4727afd14a,e9503e0eaf5bc80efd66ae95b5f09e68643725069d654082f374ec03f8b46a88
iter55:pp2:edp_ag0:round0:expert_dp_param_allgather:pg=1089:rel-41dba3a946de,0,20656,53595969,53595969,20656,53575313,75588840,-22013527,0,-22013527,,oisa_representative_linear+trace_calibration_residual:iter55_expert_dp_param_allgather_g43_slot1,faa3c789549d542484ca9aab132b7d4727afd14a,e9503e0eaf5bc80efd66ae95b5f09e68643725069d654082f374ec03f8b46a88
iter55:pp3:edp_ag0:round0:expert_dp_param_allgather:pg=1091:rel-7bf4699cb51b,0,95472,53794749,53794749,95472,53699277,75588840,-21889563,0,-21889563,,oisa_representative_linear+trace_calibration_residual:iter55_expert_dp_param_allgather_g43_slot1,faa3c789549d542484ca9aab132b7d4727afd14a,e9503e0eaf5bc80efd66ae95b5f09e68643725069d654082f374ec03f8b46a88
iter55:pp3:edp_ag0:round0:expert_dp_param_allgather:pg=1093:rel-d352adc78f6c,0,30206,61960165,61960165,30206,61929959,75588840,-13658881,0,-13658881,,oisa_representative_linear+trace_calibration_residual:iter55_expert_dp_param_allgather_g43_slot1,faa3c789549d542484ca9aab132b7d4727afd14a,e9503e0eaf5bc80efd66ae95b5f09e68643725069d654082f374ec03f8b46a88
iter55:pp3:edp_ag0:round0:expert_dp_param_allgather:pg=1095:rel-b529833f27c9,0,20911,53868013,53868013,20911,53847102,75588840,-21741738,0,-21741738,,oisa_representative_linear+trace_calibration_residual:iter55_expert_dp_param_allgather_g43_slot1,faa3c789549d542484ca9aab132b7d4727afd14a,e9503e0eaf5bc80efd66ae95b5f09e68643725069d654082f374ec03f8b46a88
iter55:pp3:edp_ag0:round0:expert_dp_param_allgather:pg=1097:rel-dd6608609004,0,13281,53847713,53847713,13281,53834432,75588840,-21754408,0,-21754408,,oisa_representative_linear+trace_calibration_residual:iter55_expert_dp_param_allgather_g43_slot1,faa3c789549d542484ca9aab132b7d4727afd14a,e9503e0eaf5bc80efd66ae95b5f09e68643725069d654082f374ec03f8b46a88
iter55:pp3:edp_ag0:round0:expert_dp_param_allgather:pg=1099:rel-c80c37f344ed,0,14567,53951160,53951160,14567,53936593,75588840,-21652247,0,-21652247,,oisa_representative_linear+trace_calibration_residual:iter55_expert_dp_param_allgather_g43_slot1,faa3c789549d542484ca9aab132b7d4727afd14a,e9503e0eaf5bc80efd66ae95b5f09e68643725069d654082f374ec03f8b46a88
iter55:pp3:edp_ag0:round0:expert_dp_param_allgather:pg=1101:rel-1a01390f6ba3,0,23917,62391785,62391785,23917,62367868,75588840,-13220972,0,-13220972,,oisa_representative_linear+trace_calibration_residual:iter55_expert_dp_param_allgather_g43_slot1,faa3c789549d542484ca9aab132b7d4727afd14a,e9503e0eaf5bc80efd66ae95b5f09e68643725069d654082f374ec03f8b46a88
iter55:pp3:edp_ag0:round0:expert_dp_param_allgather:pg=1103:rel-0c0d60592934,0,19047,54237850,54237850,19047,54218803,75588840,-21370037,0,-21370037,,oisa_representative_linear+trace_calibration_residual:iter55_expert_dp_param_allgather_g43_slot1,faa3c789549d542484ca9aab132b7d4727afd14a,e9503e0eaf5bc80efd66ae95b5f09e68643725069d654082f374ec03f8b46a88
iter55:pp3:edp_ag0:round0:expert_dp_param_allgather:pg=1105:rel-fe4000499248,0,14890,53570752,53570752,14890,53555862,75588840,-22032978,0,-22032978,,oisa_representative_linear+trace_calibration_residual:iter55_expert_dp_param_allgather_g43_slot1,faa3c789549d542484ca9aab132b7d4727afd14a,e9503e0eaf5bc80efd66ae95b5f09e68643725069d654082f374ec03f8b46a88
iter55:pp4:edp_ag0:round0:expert_dp_param_allgather:pg=1107:rel-6b8d067ad542,0,58506,52586272,52586272,58506,52527766,75588840,-23061074,0,-23061074,,oisa_representative_linear+trace_calibration_residual:iter55_expert_dp_param_allgather_g43_slot1,faa3c789549d542484ca9aab132b7d4727afd14a,e9503e0eaf5bc80efd66ae95b5f09e68643725069d654082f374ec03f8b46a88
iter55:pp4:edp_ag0:round0:expert_dp_param_allgather:pg=1109:rel-8a95bf886d89,0,72152,52378333,52378333,72152,52306181,75588840,-23282659,0,-23282659,,oisa_representative_linear+trace_calibration_residual:iter55_expert_dp_param_allgather_g43_slot1,faa3c789549d542484ca9aab132b7d4727afd14a,e9503e0eaf5bc80efd66ae95b5f09e68643725069d654082f374ec03f8b46a88
iter55:pp4:edp_ag0:round0:expert_dp_param_allgather:pg=1111:rel-894d7cc976cd,0,93927,53753200,53753200,93927,53659273,75588840,-21929567,0,-21929567,,oisa_representative_linear+trace_calibration_residual:iter55_expert_dp_param_allgather_g43_slot1,faa3c789549d542484ca9aab132b7d4727afd14a,e9503e0eaf5bc80efd66ae95b5f09e68643725069d654082f374ec03f8b46a88
iter55:pp4:edp_ag0:round0:expert_dp_param_allgather:pg=1113:rel-180019d5d960,0,29631,55568320,55568320,29631,55538689,75588840,-20050151,0,-20050151,,oisa_representative_linear+trace_calibration_residual:iter55_expert_dp_param_allgather_g43_slot1,faa3c789549d542484ca9aab132b7d4727afd14a,e9503e0eaf5bc80efd66ae95b5f09e68643725069d654082f374ec03f8b46a88
iter55:pp4:edp_ag0:round0:expert_dp_param_allgather:pg=1115:rel-53220f3e4ef2,0,132184,53734324,53734324,132184,53602140,75588840,-21986700,0,-21986700,,oisa_representative_linear+trace_calibration_residual:iter55_expert_dp_param_allgather_g43_slot1,faa3c789549d542484ca9aab132b7d4727afd14a,e9503e0eaf5bc80efd66ae95b5f09e68643725069d654082f374ec03f8b46a88
iter55:pp4:edp_ag0:round0:expert_dp_param_allgather:pg=1117:rel-9c454eaa1092,0,9841,62080946,62080946,9841,62071105,75588840,-13517735,0,-13517735,,oisa_representative_linear+trace_calibration_residual:iter55_expert_dp_param_allgather_g43_slot1,faa3c789549d542484ca9aab132b7d4727afd14a,e9503e0eaf5bc80efd66ae95b5f09e68643725069d654082f374ec03f8b46a88
iter55:pp4:edp_ag0:round0:expert_dp_param_allgather:pg=1119:rel-c2df285c0b88,0,115057,55061013,55061013,115057,54945956,75588840,-20642884,0,-20642884,,oisa_representative_linear+trace_calibration_residual:iter55_expert_dp_param_allgather_g43_slot1,faa3c789549d542484ca9aab132b7d4727afd14a,e9503e0eaf5bc80efd66ae95b5f09e68643725069d654082f374ec03f8b46a88
iter55:pp4:edp_ag0:round0:expert_dp_param_allgather:pg=1121:rel-d07b70caad90,0,112640,53251249,53251249,112640,53138609,75588840,-22450231,0,-22450231,,oisa_representative_linear+trace_calibration_residual:iter55_expert_dp_param_allgather_g43_slot1,faa3c789549d542484ca9aab132b7d4727afd14a,e9503e0eaf5bc80efd66ae95b5f09e68643725069d654082f374ec03f8b46a88
iter55:pp5:edp_ag0:round0:expert_dp_param_allgather:pg=1123:rel-8b86f5ebcada,0,45387,53851546,53851546,45387,53806159,75588840,-21782681,0,-21782681,,oisa_representative_linear+trace_calibration_residual:iter55_expert_dp_param_allgather_g43_slot1,faa3c789549d542484ca9aab132b7d4727afd14a,e9503e0eaf5bc80efd66ae95b5f09e68643725069d654082f374ec03f8b46a88
iter55:pp5:edp_ag0:round0:expert_dp_param_allgather:pg=1125:rel-bfd55544447f,0,66944,55227462,55227462,66944,55160518,75588840,-20428322,0,-20428322,,oisa_representative_linear+trace_calibration_residual:iter55_expert_dp_param_allgather_g43_slot1,faa3c789549d542484ca9aab132b7d4727afd14a,e9503e0eaf5bc80efd66ae95b5f09e68643725069d654082f374ec03f8b46a88
iter55:pp5:edp_ag0:round0:expert_dp_param_allgather:pg=1127:rel-802f21c9f1aa,0,99668,53796268,53796268,99668,53696600,75588840,-21892240,0,-21892240,,oisa_representative_linear+trace_calibration_residual:iter55_expert_dp_param_allgather_g43_slot1,faa3c789549d542484ca9aab132b7d4727afd14a,e9503e0eaf5bc80efd66ae95b5f09e68643725069d654082f374ec03f8b46a88
iter55:pp5:edp_ag0:round0:expert_dp_param_allgather:pg=1129:rel-aac63d5a2902,0,31886,54373527,54373527,31886,54341641,75588840,-21247199,0,-21247199,,oisa_representative_linear+trace_calibration_residual:iter55_expert_dp_param_allgather_g43_slot1,faa3c789549d542484ca9aab132b7d4727afd14a,e9503e0eaf5bc80efd66ae95b5f09e68643725069d654082f374ec03f8b46a88
iter55:pp5:edp_ag0:round0:expert_dp_param_allgather:pg=1131:rel-94f0f19eb056,0,70052,52025673,52025673,70052,51955621,75588840,-23633219,0,-23633219,,oisa_representative_linear+trace_calibration_residual:iter55_expert_dp_param_allgather_g43_slot1,faa3c789549d542484ca9aab132b7d4727afd14a,e9503e0eaf5bc80efd66ae95b5f09e68643725069d654082f374ec03f8b46a88
iter55:pp5:edp_ag0:round0:expert_dp_param_allgather:pg=1133:rel-0eb487246599,0,47933,54432068,54432068,47933,54384135,75588840,-21204705,0,-21204705,,oisa_representative_linear+trace_calibration_residual:iter55_expert_dp_param_allgather_g43_slot1,faa3c789549d542484ca9aab132b7d4727afd14a,e9503e0eaf5bc80efd66ae95b5f09e68643725069d654082f374ec03f8b46a88
iter55:pp5:edp_ag0:round0:expert_dp_param_allgather:pg=1135:rel-a56a8b9f2703,0,140005,53341974,53341974,140005,53201969,75588840,-22386871,0,-22386871,,oisa_representative_linear+trace_calibration_residual:iter55_expert_dp_param_allgather_g43_slot1,faa3c789549d542484ca9aab132b7d4727afd14a,e9503e0eaf5bc80efd66ae95b5f09e68643725069d654082f374ec03f8b46a88
iter55:pp5:edp_ag0:round0:expert_dp_param_allgather:pg=1137:rel-303491caef9f,0,109575,58407592,58407592,109575,58298017,75588840,-17290823,0,-17290823,,oisa_representative_linear+trace_calibration_residual:iter55_expert_dp_param_allgather_g43_slot1,faa3c789549d542484ca9aab132b7d4727afd14a,e9503e0eaf5bc80efd66ae95b5f09e68643725069d654082f374ec03f8b46a88
iter55:pp6:edp_ag0:round0:expert_dp_param_allgather:pg=1139:rel-e35efba9b8da,0,63595,53122477,53122477,63595,53058882,75588840,-22529958,0,-22529958,,oisa_representative_linear+trace_calibration_residual:iter55_expert_dp_param_allgather_g43_slot1,faa3c789549d542484ca9aab132b7d4727afd14a,e9503e0eaf5bc80efd66ae95b5f09e68643725069d654082f374ec03f8b46a88
iter55:pp6:edp_ag0:round0:expert_dp_param_allgather:pg=1141:rel-00d06647e16c,0,57853,59999990,59999990,57853,59942137,75588840,-15646703,0,-15646703,,oisa_representative_linear+trace_calibration_residual:iter55_expert_dp_param_allgather_g43_slot1,faa3c789549d542484ca9aab132b7d4727afd14a,e9503e0eaf5bc80efd66ae95b5f09e68643725069d654082f374ec03f8b46a88
iter55:pp6:edp_ag0:round0:expert_dp_param_allgather:pg=1143:rel-80b6abe6db21,0,31813,52336765,52336765,31813,52304952,75588840,-23283888,0,-23283888,,oisa_representative_linear+trace_calibration_residual:iter55_expert_dp_param_allgather_g43_slot1,faa3c789549d542484ca9aab132b7d4727afd14a,e9503e0eaf5bc80efd66ae95b5f09e68643725069d654082f374ec03f8b46a88
iter55:pp6:edp_ag0:round0:expert_dp_param_allgather:pg=1145:rel-6d3857e8cc03,0,37061,60997697,60997697,37061,60960636,75588840,-14628204,0,-14628204,,oisa_representative_linear+trace_calibration_residual:iter55_expert_dp_param_allgather_g43_slot1,faa3c789549d542484ca9aab132b7d4727afd14a,e9503e0eaf5bc80efd66ae95b5f09e68643725069d654082f374ec03f8b46a88
iter55:pp6:edp_ag0:round0:expert_dp_param_allgather:pg=1147:rel-ea760f2401ed,0,39148,53651473,53651473,39148,53612325,75588840,-21976515,0,-21976515,,oisa_representative_linear+trace_calibration_residual:iter55_expert_dp_param_allgather_g43_slot1,faa3c789549d542484ca9aab132b7d4727afd14a,e9503e0eaf5bc80efd66ae95b5f09e68643725069d654082f374ec03f8b46a88
iter55:pp6:edp_ag0:round0:expert_dp_param_allgather:pg=1149:rel-08b147d61e9d,0,8905,54221957,54221957,8905,54213052,75588840,-21375788,0,-21375788,,oisa_representative_linear+trace_calibration_residual:iter55_expert_dp_param_allgather_g43_slot1,faa3c789549d542484ca9aab132b7d4727afd14a,e9503e0eaf5bc80efd66ae95b5f09e68643725069d654082f374ec03f8b46a88
iter55:pp6:edp_ag0:round0:expert_dp_param_allgather:pg=1151:rel-419ec6fa4148,0,38295,57896409,57896409,38295,57858114,75588840,-17730726,0,-17730726,,oisa_representative_linear+trace_calibration_residual:iter55_expert_dp_param_allgather_g43_slot1,faa3c789549d542484ca9aab132b7d4727afd14a,e9503e0eaf5bc80efd66ae95b5f09e68643725069d654082f374ec03f8b46a88
iter55:pp6:edp_ag0:round0:expert_dp_param_allgather:pg=1153:rel-6f5d77996879,0,47115,53993632,53993632,47115,53946517,75588840,-21642323,0,-21642323,,oisa_representative_linear+trace_calibration_residual:iter55_expert_dp_param_allgather_g43_slot1,faa3c789549d542484ca9aab132b7d4727afd14a,e9503e0eaf5bc80efd66ae95b5f09e68643725069d654082f374ec03f8b46a88
iter55:pp7:edp_ag0:round0:expert_dp_param_allgather:pg=1155:rel-f806dca159fb,0,119686,53476445,53476445,119686,53356759,75588840,-22232081,0,-22232081,,oisa_representative_linear+trace_calibration_residual:iter55_expert_dp_param_allgather_g43_slot1,faa3c789549d542484ca9aab132b7d4727afd14a,e9503e0eaf5bc80efd66ae95b5f09e68643725069d654082f374ec03f8b46a88
iter55:pp7:edp_ag0:round0:expert_dp_param_allgather:pg=1157:rel-4bfd6164d5fc,0,11754,63621007,63621007,11754,63609253,75588840,-11979587,0,-11979587,,oisa_representative_linear+trace_calibration_residual:iter55_expert_dp_param_allgather_g43_slot1,faa3c789549d542484ca9aab132b7d4727afd14a,e9503e0eaf5bc80efd66ae95b5f09e68643725069d654082f374ec03f8b46a88
iter55:pp7:edp_ag0:round0:expert_dp_param_allgather:pg=1159:rel-6000dd7261a5,0,14136,54045483,54045483,14136,54031347,75588840,-21557493,0,-21557493,,oisa_representative_linear+trace_calibration_residual:iter55_expert_dp_param_allgather_g43_slot1,faa3c789549d542484ca9aab132b7d4727afd14a,e9503e0eaf5bc80efd66ae95b5f09e68643725069d654082f374ec03f8b46a88
iter55:pp7:edp_ag0:round0:expert_dp_param_allgather:pg=1161:rel-4ff79bacaf1a,0,72396,53217473,53217473,72396,53145077,75588840,-22443763,0,-22443763,,oisa_representative_linear+trace_calibration_residual:iter55_expert_dp_param_allgather_g43_slot1,faa3c789549d542484ca9aab132b7d4727afd14a,e9503e0eaf5bc80efd66ae95b5f09e68643725069d654082f374ec03f8b46a88
iter55:pp7:edp_ag0:round0:expert_dp_param_allgather:pg=1163:rel-b68f0ea82dde,0,20159,54790191,54790191,20159,54770032,75588840,-20818808,0,-20818808,,oisa_representative_linear+trace_calibration_residual:iter55_expert_dp_param_allgather_g43_slot1,faa3c789549d542484ca9aab132b7d4727afd14a,e9503e0eaf5bc80efd66ae95b5f09e68643725069d654082f374ec03f8b46a88
iter55:pp7:edp_ag0:round0:expert_dp_param_allgather:pg=1165:rel-7677d199efcc,0,69500,54294271,54294271,69500,54224771,75588840,-21364069,0,-21364069,,oisa_representative_linear+trace_calibration_residual:iter55_expert_dp_param_allgather_g43_slot1,faa3c789549d542484ca9aab132b7d4727afd14a,e9503e0eaf5bc80efd66ae95b5f09e68643725069d654082f374ec03f8b46a88
iter55:pp7:edp_ag0:round0:expert_dp_param_allgather:pg=1167:rel-7b2d49f325f2,0,67794,53948856,53948856,67794,53881062,75588840,-21707778,0,-21707778,,oisa_representative_linear+trace_calibration_residual:iter55_expert_dp_param_allgather_g43_slot1,faa3c789549d542484ca9aab132b7d4727afd14a,e9503e0eaf5bc80efd66ae95b5f09e68643725069d654082f374ec03f8b46a88
iter55:pp7:edp_ag0:round0:expert_dp_param_allgather:pg=1169:rel-0c4d86b83c8f,0,97077,56192439,56192439,97077,56095362,75588840,-19493478,0,-19493478,,oisa_representative_linear+trace_calibration_residual:iter55_expert_dp_param_allgather_g43_slot1,faa3c789549d542484ca9aab132b7d4727afd14a,e9503e0eaf5bc80efd66ae95b5f09e68643725069d654082f374ec03f8b46a88
iter55:pp8:edp_ag0:round0:expert_dp_param_allgather:pg=1171:rel-d5ab845f2ff4,0,11416,53161863,53161863,11416,53150447,75588840,-22438393,0,-22438393,,oisa_representative_linear+trace_calibration_residual:iter55_expert_dp_param_allgather_g43_slot1,faa3c789549d542484ca9aab132b7d4727afd14a,e9503e0eaf5bc80efd66ae95b5f09e68643725069d654082f374ec03f8b46a88
iter55:pp8:edp_ag0:round0:expert_dp_param_allgather:pg=1173:rel-53aac181c2a0,0,38275,53232623,53232623,38275,53194348,75588840,-22394492,0,-22394492,,oisa_representative_linear+trace_calibration_residual:iter55_expert_dp_param_allgather_g43_slot1,faa3c789549d542484ca9aab132b7d4727afd14a,e9503e0eaf5bc80efd66ae95b5f09e68643725069d654082f374ec03f8b46a88
iter55:pp8:edp_ag0:round0:expert_dp_param_allgather:pg=1175:rel-61d4025f1b2d,0,1201,58122967,58122967,1201,58121766,75588840,-17467074,0,-17467074,,oisa_representative_linear+trace_calibration_residual:iter55_expert_dp_param_allgather_g43_slot1,faa3c789549d542484ca9aab132b7d4727afd14a,e9503e0eaf5bc80efd66ae95b5f09e68643725069d654082f374ec03f8b46a88
iter55:pp8:edp_ag0:round0:expert_dp_param_allgather:pg=1177:rel-cf29f87c991e,0,13621,54441461,54441461,13621,54427840,75588840,-21161000,0,-21161000,,oisa_representative_linear+trace_calibration_residual:iter55_expert_dp_param_allgather_g43_slot1,faa3c789549d542484ca9aab132b7d4727afd14a,e9503e0eaf5bc80efd66ae95b5f09e68643725069d654082f374ec03f8b46a88
iter55:pp8:edp_ag0:round0:expert_dp_param_allgather:pg=1179:rel-0f67601f27dd,0,32263,53158271,53158271,32263,53126008,75588840,-22462832,0,-22462832,,oisa_representative_linear+trace_calibration_residual:iter55_expert_dp_param_allgather_g43_slot1,faa3c789549d542484ca9aab132b7d4727afd14a,e9503e0eaf5bc80efd66ae95b5f09e68643725069d654082f374ec03f8b46a88
iter55:pp8:edp_ag0:round0:expert_dp_param_allgather:pg=1181:rel-79aa71a47e1c,0,37137,54105548,54105548,37137,54068411,75588840,-21520429,0,-21520429,,oisa_representative_linear+trace_calibration_residual:iter55_expert_dp_param_allgather_g43_slot1,faa3c789549d542484ca9aab132b7d4727afd14a,e9503e0eaf5bc80efd66ae95b5f09e68643725069d654082f374ec03f8b46a88
iter55:pp8:edp_ag0:round0:expert_dp_param_allgather:pg=1183:rel-fa5e8c802bfb,0,30329,53778428,53778428,30329,53748099,75588840,-21840741,0,-21840741,,oisa_representative_linear+trace_calibration_residual:iter55_expert_dp_param_allgather_g43_slot1,faa3c789549d542484ca9aab132b7d4727afd14a,e9503e0eaf5bc80efd66ae95b5f09e68643725069d654082f374ec03f8b46a88
iter55:pp8:edp_ag0:round0:expert_dp_param_allgather:pg=1185:rel-eca6286af19c,0,26497,52484364,52484364,26497,52457867,75588840,-23130973,0,-23130973,,oisa_representative_linear+trace_calibration_residual:iter55_expert_dp_param_allgather_g43_slot1,faa3c789549d542484ca9aab132b7d4727afd14a,e9503e0eaf5bc80efd66ae95b5f09e68643725069d654082f374ec03f8b46a88
iter55:pp9:edp_ag0:round0:expert_dp_param_allgather:pg=1187:rel-f706eec20a90,0,7279,51421522,51421522,7279,51414243,75588840,-24174597,0,-24174597,,oisa_representative_linear+trace_calibration_residual:iter55_expert_dp_param_allgather_g43_slot1,faa3c789549d542484ca9aab132b7d4727afd14a,e9503e0eaf5bc80efd66ae95b5f09e68643725069d654082f374ec03f8b46a88
iter55:pp9:edp_ag0:round0:expert_dp_param_allgather:pg=1189:rel-174989488d9b,0,66572,54142879,54142879,66572,54076307,75588840,-21512533,0,-21512533,,oisa_representative_linear+trace_calibration_residual:iter55_expert_dp_param_allgather_g43_slot1,faa3c789549d542484ca9aab132b7d4727afd14a,e9503e0eaf5bc80efd66ae95b5f09e68643725069d654082f374ec03f8b46a88
iter55:pp9:edp_ag0:round0:expert_dp_param_allgather:pg=1191:rel-fc858d5957ff,0,125344,51710812,51710812,125344,51585468,75588840,-24003372,0,-24003372,,oisa_representative_linear+trace_calibration_residual:iter55_expert_dp_param_allgather_g43_slot1,faa3c789549d542484ca9aab132b7d4727afd14a,e9503e0eaf5bc80efd66ae95b5f09e68643725069d654082f374ec03f8b46a88
iter55:pp9:edp_ag0:round0:expert_dp_param_allgather:pg=1193:rel-29d85c8f8b79,0,34536,54460074,54460074,34536,54425538,75588840,-21163302,0,-21163302,,oisa_representative_linear+trace_calibration_residual:iter55_expert_dp_param_allgather_g43_slot1,faa3c789549d542484ca9aab132b7d4727afd14a,e9503e0eaf5bc80efd66ae95b5f09e68643725069d654082f374ec03f8b46a88
iter55:pp9:edp_ag0:round0:expert_dp_param_allgather:pg=1195:rel-5d180db34996,0,113786,53889915,53889915,113786,53776129,75588840,-21812711,0,-21812711,,oisa_representative_linear+trace_calibration_residual:iter55_expert_dp_param_allgather_g43_slot1,faa3c789549d542484ca9aab132b7d4727afd14a,e9503e0eaf5bc80efd66ae95b5f09e68643725069d654082f374ec03f8b46a88
iter55:pp9:edp_ag0:round0:expert_dp_param_allgather:pg=1197:rel-a2d554ea8b13,0,23120,53050675,53050675,23120,53027555,75588840,-22561285,0,-22561285,,oisa_representative_linear+trace_calibration_residual:iter55_expert_dp_param_allgather_g43_slot1,faa3c789549d542484ca9aab132b7d4727afd14a,e9503e0eaf5bc80efd66ae95b5f09e68643725069d654082f374ec03f8b46a88
iter55:pp9:edp_ag0:round0:expert_dp_param_allgather:pg=1199:rel-7fe1694dce61,0,130247,57696104,57696104,130247,57565857,75588840,-18022983,0,-18022983,,oisa_representative_linear+trace_calibration_residual:iter55_expert_dp_param_allgather_g43_slot1,faa3c789549d542484ca9aab132b7d4727afd14a,e9503e0eaf5bc80efd66ae95b5f09e68643725069d654082f374ec03f8b46a88
iter55:pp9:edp_ag0:round0:expert_dp_param_allgather:pg=1201:rel-e95480e95a51,0,92306,51346170,51346170,92306,51253864,75588840,-24334976,0,-24334976,,oisa_representative_linear+trace_calibration_residual:iter55_expert_dp_param_allgather_g43_slot1,faa3c789549d542484ca9aab132b7d4727afd14a,e9503e0eaf5bc80efd66ae95b5f09e68643725069d654082f374ec03f8b46a88
iter55:pp10:edp_ag0:round0:expert_dp_param_allgather:pg=1203:rel-ae73c57b2ecd,0,103880,53598776,53598776,103880,53494896,75588840,-22093944,0,-22093944,,oisa_representative_linear+trace_calibration_residual:iter55_expert_dp_param_allgather_g43_slot1,faa3c789549d542484ca9aab132b7d4727afd14a,e9503e0eaf5bc80efd66ae95b5f09e68643725069d654082f374ec03f8b46a88
iter55:pp10:edp_ag0:round0:expert_dp_param_allgather:pg=1205:rel-fc33986fb699,0,109611,52264762,52264762,109611,52155151,75588840,-23433689,0,-23433689,,oisa_representative_linear+trace_calibration_residual:iter55_expert_dp_param_allgather_g43_slot1,faa3c789549d542484ca9aab132b7d4727afd14a,e9503e0eaf5bc80efd66ae95b5f09e68643725069d654082f374ec03f8b46a88
iter55:pp10:edp_ag0:round0:expert_dp_param_allgather:pg=1207:rel-79d8ed353ecc,0,145445,54117776,54117776,145445,53972331,75588840,-21616509,0,-21616509,,oisa_representative_linear+trace_calibration_residual:iter55_expert_dp_param_allgather_g43_slot1,faa3c789549d542484ca9aab132b7d4727afd14a,e9503e0eaf5bc80efd66ae95b5f09e68643725069d654082f374ec03f8b46a88
iter55:pp10:edp_ag0:round0:expert_dp_param_allgather:pg=1209:rel-c2f47636ec20,0,53844,53485455,53485455,53844,53431611,75588840,-22157229,0,-22157229,,oisa_representative_linear+trace_calibration_residual:iter55_expert_dp_param_allgather_g43_slot1,faa3c789549d542484ca9aab132b7d4727afd14a,e9503e0eaf5bc80efd66ae95b5f09e68643725069d654082f374ec03f8b46a88
iter55:pp10:edp_ag0:round0:expert_dp_param_allgather:pg=1211:rel-64b6c744603e,0,130898,53212002,53212002,130898,53081104,75588840,-22507736,0,-22507736,,oisa_representative_linear+trace_calibration_residual:iter55_expert_dp_param_allgather_g43_slot1,faa3c789549d542484ca9aab132b7d4727afd14a,e9503e0eaf5bc80efd66ae95b5f09e68643725069d654082f374ec03f8b46a88
iter55:pp10:edp_ag0:round0:expert_dp_param_allgather:pg=1213:rel-52a4083387f7,0,47651,53803670,53803670,47651,53756019,75588840,-21832821,0,-21832821,,oisa_representative_linear+trace_calibration_residual:iter55_expert_dp_param_allgather_g43_slot1,faa3c789549d542484ca9aab132b7d4727afd14a,e9503e0eaf5bc80efd66ae95b5f09e68643725069d654082f374ec03f8b46a88
iter55:pp10:edp_ag0:round0:expert_dp_param_allgather:pg=1215:rel-a807ea6428f3,0,147611,53784946,53784946,147611,53637335,75588840,-21951505,0,-21951505,,oisa_representative_linear+trace_calibration_residual:iter55_expert_dp_param_allgather_g43_slot1,faa3c789549d542484ca9aab132b7d4727afd14a,e9503e0eaf5bc80efd66ae95b5f09e68643725069d654082f374ec03f8b46a88
iter55:pp10:edp_ag0:round0:expert_dp_param_allgather:pg=1217:rel-7a88f450e516,0,110503,55212593,55212593,110503,55102090,75588840,-20486750,0,-20486750,,oisa_representative_linear+trace_calibration_residual:iter55_expert_dp_param_allgather_g43_slot1,faa3c789549d542484ca9aab132b7d4727afd14a,e9503e0eaf5bc80efd66ae95b5f09e68643725069d654082f374ec03f8b46a88
iter55:pp11:edp_ag0:round0:expert_dp_param_allgather:pg=1219:rel-32eb477ce516,0,63149,53526145,53526145,63149,53462996,75588840,-22125844,0,-22125844,,oisa_representative_linear+trace_calibration_residual:iter55_expert_dp_param_allgather_g43_slot1,faa3c789549d542484ca9aab132b7d4727afd14a,e9503e0eaf5bc80efd66ae95b5f09e68643725069d654082f374ec03f8b46a88
iter55:pp11:edp_ag0:round0:expert_dp_param_allgather:pg=1221:rel-a7fd89ab7587,0,50323,55509612,55509612,50323,55459289,75588840,-20129551,0,-20129551,,oisa_representative_linear+trace_calibration_residual:iter55_expert_dp_param_allgather_g43_slot1,faa3c789549d542484ca9aab132b7d4727afd14a,e9503e0eaf5bc80efd66ae95b5f09e68643725069d654082f374ec03f8b46a88
iter55:pp11:edp_ag0:round0:expert_dp_param_allgather:pg=1223:rel-738f50875c18,0,70838,53300976,53300976,70838,53230138,75588840,-22358702,0,-22358702,,oisa_representative_linear+trace_calibration_residual:iter55_expert_dp_param_allgather_g43_slot1,faa3c789549d542484ca9aab132b7d4727afd14a,e9503e0eaf5bc80efd66ae95b5f09e68643725069d654082f374ec03f8b46a88
iter55:pp11:edp_ag0:round0:expert_dp_param_allgather:pg=1225:rel-f8629c86b379,0,5385,55885683,55885683,5385,55880298,75588840,-19708542,0,-19708542,,oisa_representative_linear+trace_calibration_residual:iter55_expert_dp_param_allgather_g43_slot1,faa3c789549d542484ca9aab132b7d4727afd14a,e9503e0eaf5bc80efd66ae95b5f09e68643725069d654082f374ec03f8b46a88
iter55:pp11:edp_ag0:round0:expert_dp_param_allgather:pg=1227:rel-60f910e96691,0,62290,60840037,60840037,62290,60777747,75588840,-14811093,0,-14811093,,oisa_representative_linear+trace_calibration_residual:iter55_expert_dp_param_allgather_g43_slot1,faa3c789549d542484ca9aab132b7d4727afd14a,e9503e0eaf5bc80efd66ae95b5f09e68643725069d654082f374ec03f8b46a88
iter55:pp11:edp_ag0:round0:expert_dp_param_allgather:pg=1229:rel-8f2c568100f9,0,77129,53328437,53328437,77129,53251308,75588840,-22337532,0,-22337532,,oisa_representative_linear+trace_calibration_residual:iter55_expert_dp_param_allgather_g43_slot1,faa3c789549d542484ca9aab132b7d4727afd14a,e9503e0eaf5bc80efd66ae95b5f09e68643725069d654082f374ec03f8b46a88
iter55:pp11:edp_ag0:round0:expert_dp_param_allgather:pg=1231:rel-8c87961387df,0,9668,52865826,52865826,9668,52856158,75588840,-22732682,0,-22732682,,oisa_representative_linear+trace_calibration_residual:iter55_expert_dp_param_allgather_g43_slot1,faa3c789549d542484ca9aab132b7d4727afd14a,e9503e0eaf5bc80efd66ae95b5f09e68643725069d654082f374ec03f8b46a88
iter55:pp11:edp_ag0:round0:expert_dp_param_allgather:pg=1233:rel-7b30f721a471,0,17536,52339569,52339569,17536,52322033,75588840,-23266807,0,-23266807,,oisa_representative_linear+trace_calibration_residual:iter55_expert_dp_param_allgather_g43_slot1,faa3c789549d542484ca9aab132b7d4727afd14a,e9503e0eaf5bc80efd66ae95b5f09e68643725069d654082f374ec03f8b46a88
iter55:pp12:edp_ag0:round0:expert_dp_param_allgather:pg=1235:rel-649c05ef65ef,0,47942,54115242,54115242,47942,54067300,75588840,-21521540,0,-21521540,,oisa_representative_linear+trace_calibration_residual:iter55_expert_dp_param_allgather_g43_slot1,faa3c789549d542484ca9aab132b7d4727afd14a,e9503e0eaf5bc80efd66ae95b5f09e68643725069d654082f374ec03f8b46a88
iter55:pp12:edp_ag0:round0:expert_dp_param_allgather:pg=1237:rel-76ff89b687d3,0,34296,56817008,56817008,34296,56782712,75588840,-18806128,0,-18806128,,oisa_representative_linear+trace_calibration_residual:iter55_expert_dp_param_allgather_g43_slot1,faa3c789549d542484ca9aab132b7d4727afd14a,e9503e0eaf5bc80efd66ae95b5f09e68643725069d654082f374ec03f8b46a88
iter55:pp12:edp_ag0:round0:expert_dp_param_allgather:pg=1239:rel-ec7e7d455b16,0,45915,54958408,54958408,45915,54912493,75588840,-20676347,0,-20676347,,oisa_representative_linear+trace_calibration_residual:iter55_expert_dp_param_allgather_g43_slot1,faa3c789549d542484ca9aab132b7d4727afd14a,e9503e0eaf5bc80efd66ae95b5f09e68643725069d654082f374ec03f8b46a88
iter55:pp12:edp_ag0:round0:expert_dp_param_allgather:pg=1241:rel-2a6f19b330ad,0,46231,52963390,52963390,46231,52917159,75588840,-22671681,0,-22671681,,oisa_representative_linear+trace_calibration_residual:iter55_expert_dp_param_allgather_g43_slot1,faa3c789549d542484ca9aab132b7d4727afd14a,e9503e0eaf5bc80efd66ae95b5f09e68643725069d654082f374ec03f8b46a88
iter55:pp12:edp_ag0:round0:expert_dp_param_allgather:pg=1243:rel-422e226e5e32,0,56532,54575519,54575519,56532,54518987,75588840,-21069853,0,-21069853,,oisa_representative_linear+trace_calibration_residual:iter55_expert_dp_param_allgather_g43_slot1,faa3c789549d542484ca9aab132b7d4727afd14a,e9503e0eaf5bc80efd66ae95b5f09e68643725069d654082f374ec03f8b46a88
iter55:pp12:edp_ag0:round0:expert_dp_param_allgather:pg=1245:rel-850ee00b792f,0,49192,54253425,54253425,49192,54204233,75588840,-21384607,0,-21384607,,oisa_representative_linear+trace_calibration_residual:iter55_expert_dp_param_allgather_g43_slot1,faa3c789549d542484ca9aab132b7d4727afd14a,e9503e0eaf5bc80efd66ae95b5f09e68643725069d654082f374ec03f8b46a88
iter55:pp12:edp_ag0:round0:expert_dp_param_allgather:pg=1247:rel-e2342fa2763d,0,9050,54079985,54079985,9050,54070935,75588840,-21517905,0,-21517905,,oisa_representative_linear+trace_calibration_residual:iter55_expert_dp_param_allgather_g43_slot1,faa3c789549d542484ca9aab132b7d4727afd14a,e9503e0eaf5bc80efd66ae95b5f09e68643725069d654082f374ec03f8b46a88
iter55:pp12:edp_ag0:round0:expert_dp_param_allgather:pg=1249:rel-3e243beef854,0,9521,56243767,56243767,9521,56234246,75588840,-19354594,0,-19354594,,oisa_representative_linear+trace_calibration_residual:iter55_expert_dp_param_allgather_g43_slot1,faa3c789549d542484ca9aab132b7d4727afd14a,e9503e0eaf5bc80efd66ae95b5f09e68643725069d654082f374ec03f8b46a88
iter55:pp13:edp_ag0:round0:expert_dp_param_allgather:pg=1251:rel-062609bab5cd,0,14806,53697688,53697688,14806,53682882,75588840,-21905958,0,-21905958,,oisa_representative_linear+trace_calibration_residual:iter55_expert_dp_param_allgather_g43_slot1,faa3c789549d542484ca9aab132b7d4727afd14a,e9503e0eaf5bc80efd66ae95b5f09e68643725069d654082f374ec03f8b46a88
iter55:pp13:edp_ag0:round0:expert_dp_param_allgather:pg=1253:rel-81297033d10c,0,100929,58572761,58572761,100929,58471832,75588840,-17117008,0,-17117008,,oisa_representative_linear+trace_calibration_residual:iter55_expert_dp_param_allgather_g43_slot1,faa3c789549d542484ca9aab132b7d4727afd14a,e9503e0eaf5bc80efd66ae95b5f09e68643725069d654082f374ec03f8b46a88
iter55:pp13:edp_ag0:round0:expert_dp_param_allgather:pg=1255:rel-685bfdc0bb09,0,63571,52675792,52675792,63571,52612221,75588840,-22976619,0,-22976619,,oisa_representative_linear+trace_calibration_residual:iter55_expert_dp_param_allgather_g43_slot1,faa3c789549d542484ca9aab132b7d4727afd14a,e9503e0eaf5bc80efd66ae95b5f09e68643725069d654082f374ec03f8b46a88
iter55:pp13:edp_ag0:round0:expert_dp_param_allgather:pg=1257:rel-96d1f7a66074,0,61420,54051508,54051508,61420,53990088,75588840,-21598752,0,-21598752,,oisa_representative_linear+trace_calibration_residual:iter55_expert_dp_param_allgather_g43_slot1,faa3c789549d542484ca9aab132b7d4727afd14a,e9503e0eaf5bc80efd66ae95b5f09e68643725069d654082f374ec03f8b46a88
iter55:pp13:edp_ag0:round0:expert_dp_param_allgather:pg=1259:rel-76d59a51654e,0,46270,53885991,53885991,46270,53839721,75588840,-21749119,0,-21749119,,oisa_representative_linear+trace_calibration_residual:iter55_expert_dp_param_allgather_g43_slot1,faa3c789549d542484ca9aab132b7d4727afd14a,e9503e0eaf5bc80efd66ae95b5f09e68643725069d654082f374ec03f8b46a88
iter55:pp13:edp_ag0:round0:expert_dp_param_allgather:pg=1261:rel-0c04a2707d64,0,34589,52410109,52410109,34589,52375520,75588840,-23213320,0,-23213320,,oisa_representative_linear+trace_calibration_residual:iter55_expert_dp_param_allgather_g43_slot1,faa3c789549d542484ca9aab132b7d4727afd14a,e9503e0eaf5bc80efd66ae95b5f09e68643725069d654082f374ec03f8b46a88
iter55:pp13:edp_ag0:round0:expert_dp_param_allgather:pg=1263:rel-ace63aee3601,0,29412,55258443,55258443,29412,55229031,75588840,-20359809,0,-20359809,,oisa_representative_linear+trace_calibration_residual:iter55_expert_dp_param_allgather_g43_slot1,faa3c789549d542484ca9aab132b7d4727afd14a,e9503e0eaf5bc80efd66ae95b5f09e68643725069d654082f374ec03f8b46a88
iter55:pp13:edp_ag0:round0:expert_dp_param_allgather:pg=1265:rel-93d8251ed231,0,16169,52045483,52045483,16169,52029314,75588840,-23559526,0,-23559526,,oisa_representative_linear+trace_calibration_residual:iter55_expert_dp_param_allgather_g43_slot1,faa3c789549d542484ca9aab132b7d4727afd14a,e9503e0eaf5bc80efd66ae95b5f09e68643725069d654082f374ec03f8b46a88
iter55:pp14:edp_ag0:round0:expert_dp_param_allgather:pg=1267:rel-1c21708c328f,0,58026,58058213,58058213,58026,58000187,75588840,-17588653,0,-17588653,,oisa_representative_linear+trace_calibration_residual:iter55_expert_dp_param_allgather_g43_slot1,faa3c789549d542484ca9aab132b7d4727afd14a,e9503e0eaf5bc80efd66ae95b5f09e68643725069d654082f374ec03f8b46a88
iter55:pp14:edp_ag0:round0:expert_dp_param_allgather:pg=1269:rel-100bd789c62a,0,164152,53902833,53902833,164152,53738681,75588840,-21850159,0,-21850159,,oisa_representative_linear+trace_calibration_residual:iter55_expert_dp_param_allgather_g43_slot1,faa3c789549d542484ca9aab132b7d4727afd14a,e9503e0eaf5bc80efd66ae95b5f09e68643725069d654082f374ec03f8b46a88
iter55:pp14:edp_ag0:round0:expert_dp_param_allgather:pg=1271:rel-bc71fa44c240,0,197627,54012779,54012779,197627,53815152,75588840,-21773688,0,-21773688,,oisa_representative_linear+trace_calibration_residual:iter55_expert_dp_param_allgather_g43_slot1,faa3c789549d542484ca9aab132b7d4727afd14a,e9503e0eaf5bc80efd66ae95b5f09e68643725069d654082f374ec03f8b46a88
iter55:pp14:edp_ag0:round0:expert_dp_param_allgather:pg=1273:rel-65b3a91bcf0b,0,173652,57724499,57724499,173652,57550847,75588840,-18037993,0,-18037993,,oisa_representative_linear+trace_calibration_residual:iter55_expert_dp_param_allgather_g43_slot1,faa3c789549d542484ca9aab132b7d4727afd14a,e9503e0eaf5bc80efd66ae95b5f09e68643725069d654082f374ec03f8b46a88
iter55:pp14:edp_ag0:round0:expert_dp_param_allgather:pg=1275:rel-4a1592f2994b,0,221603,52676666,52676666,221603,52455063,75588840,-23133777,0,-23133777,,oisa_representative_linear+trace_calibration_residual:iter55_expert_dp_param_allgather_g43_slot1,faa3c789549d542484ca9aab132b7d4727afd14a,e9503e0eaf5bc80efd66ae95b5f09e68643725069d654082f374ec03f8b46a88
iter55:pp14:edp_ag0:round0:expert_dp_param_allgather:pg=1277:rel-11db0c62e9d9,0,83096,62453029,62453029,83096,62369933,75588840,-13218907,0,-13218907,,oisa_representative_linear+trace_calibration_residual:iter55_expert_dp_param_allgather_g43_slot1,faa3c789549d542484ca9aab132b7d4727afd14a,e9503e0eaf5bc80efd66ae95b5f09e68643725069d654082f374ec03f8b46a88
iter55:pp14:edp_ag0:round0:expert_dp_param_allgather:pg=1279:rel-cf8e0bcdac9c,0,87570,66701811,66701811,87570,66614241,75588840,-8974599,0,-8974599,,oisa_representative_linear+trace_calibration_residual:iter55_expert_dp_param_allgather_g43_slot1,faa3c789549d542484ca9aab132b7d4727afd14a,e9503e0eaf5bc80efd66ae95b5f09e68643725069d654082f374ec03f8b46a88
iter55:pp14:edp_ag0:round0:expert_dp_param_allgather:pg=1281:rel-ca419ae6c15a,0,2330,63010260,63010260,2330,63007930,75588840,-12580910,0,-12580910,,oisa_representative_linear+trace_calibration_residual:iter55_expert_dp_param_allgather_g43_slot1,faa3c789549d542484ca9aab132b7d4727afd14a,e9503e0eaf5bc80efd66ae95b5f09e68643725069d654082f374ec03f8b46a88
iter55:pp15:edp_ag0:round0:expert_dp_param_allgather:pg=1283:rel-15f5dc08a454,0,11340,26983463,26983463,11340,26972123,37794420,-10822297,0,-10822297,,oisa_representative_linear+trace_calibration_residual:iter55_expert_dp_param_allgather_g43_slot1,faa3c789549d542484ca9aab132b7d4727afd14a,e9503e0eaf5bc80efd66ae95b5f09e68643725069d654082f374ec03f8b46a88
iter55:pp15:edp_ag0:round0:expert_dp_param_allgather:pg=1285:rel-b1f928dcccd8,0,75347,29256892,29256892,75347,29181545,37794420,-8612875,0,-8612875,,oisa_representative_linear+trace_calibration_residual:iter55_expert_dp_param_allgather_g43_slot1,faa3c789549d542484ca9aab132b7d4727afd14a,e9503e0eaf5bc80efd66ae95b5f09e68643725069d654082f374ec03f8b46a88
iter55:pp15:edp_ag0:round0:expert_dp_param_allgather:pg=1287:rel-d1f927401e2a,0,119459,29152278,29152278,119459,29032819,37794420,-8761601,0,-8761601,,oisa_representative_linear+trace_calibration_residual:iter55_expert_dp_param_allgather_g43_slot1,faa3c789549d542484ca9aab132b7d4727afd14a,e9503e0eaf5bc80efd66ae95b5f09e68643725069d654082f374ec03f8b46a88
iter55:pp15:edp_ag0:round0:expert_dp_param_allgather:pg=1289:rel-e2cdf9d9777b,0,80659,27065886,27065886,80659,26985227,37794420,-10809193,0,-10809193,,oisa_representative_linear+trace_calibration_residual:iter55_expert_dp_param_allgather_g43_slot1,faa3c789549d542484ca9aab132b7d4727afd14a,e9503e0eaf5bc80efd66ae95b5f09e68643725069d654082f374ec03f8b46a88
iter55:pp15:edp_ag0:round0:expert_dp_param_allgather:pg=1291:rel-80bff1676ad1,0,80371,27624229,27624229,80371,27543858,37794420,-10250562,0,-10250562,,oisa_representative_linear+trace_calibration_residual:iter55_expert_dp_param_allgather_g43_slot1,faa3c789549d542484ca9aab132b7d4727afd14a,e9503e0eaf5bc80efd66ae95b5f09e68643725069d654082f374ec03f8b46a88
iter55:pp15:edp_ag0:round0:expert_dp_param_allgather:pg=1293:rel-9c74e653501d,0,73363,31069638,31069638,73363,30996275,37794420,-6798145,0,-6798145,,oisa_representative_linear+trace_calibration_residual:iter55_expert_dp_param_allgather_g43_slot1,faa3c789549d542484ca9aab132b7d4727afd14a,e9503e0eaf5bc80efd66ae95b5f09e68643725069d654082f374ec03f8b46a88
iter55:pp15:edp_ag0:round0:expert_dp_param_allgather:pg=1295:rel-cf47a90ea6d0,0,75975,26659862,26659862,75975,26583887,37794420,-11210533,0,-11210533,,oisa_representative_linear+trace_calibration_residual:iter55_expert_dp_param_allgather_g43_slot1,faa3c789549d542484ca9aab132b7d4727afd14a,e9503e0eaf5bc80efd66ae95b5f09e68643725069d654082f374ec03f8b46a88
iter55:pp15:edp_ag0:round0:expert_dp_param_allgather:pg=1297:rel-833e0811a000,0,69836,26854607,26854607,69836,26784771,37794420,-11009649,0,-11009649,,oisa_representative_linear+trace_calibration_residual:iter55_expert_dp_param_allgather_g43_slot1,faa3c789549d542484ca9aab132b7d4727afd14a,e9503e0eaf5bc80efd66ae95b5f09e68643725069d654082f374ec03f8b46a88
iter55:pp0:dp_ag1:round1:dp_param_allgather:pg=1:rel-a9165bc30096,0,3313624,14861778,14861778,3313624,11548154,98701666,-87153512,0,-87153512,,oisa_representative_linear+trace_calibration_residual:iter55_dp_param_allgather_g12_slot1,faa3c789549d542484ca9aab132b7d4727afd14a,e9503e0eaf5bc80efd66ae95b5f09e68643725069d654082f374ec03f8b46a88
iter55:pp1:dp_ag1:round1:dp_param_allgather:pg=3:rel-5d9a29c5ba2b,0,8734003,16059192,16059192,8734003,7325189,65335286,-58010097,0,-58010097,,oisa_representative_linear+trace_calibration_residual:iter55_dp_param_allgather_g12_slot1,faa3c789549d542484ca9aab132b7d4727afd14a,e9503e0eaf5bc80efd66ae95b5f09e68643725069d654082f374ec03f8b46a88
iter55:pp2:dp_ag1:round1:dp_param_allgather:pg=5:rel-8831a7dce655,0,5621733,13253927,13253927,5621733,7632194,65335286,-57703092,0,-57703092,,oisa_representative_linear+trace_calibration_residual:iter55_dp_param_allgather_g12_slot1,faa3c789549d542484ca9aab132b7d4727afd14a,e9503e0eaf5bc80efd66ae95b5f09e68643725069d654082f374ec03f8b46a88
iter55:pp3:dp_ag1:round1:dp_param_allgather:pg=7:rel-48c5c18c3f98,0,9813565,17187672,17187672,9813565,7374107,65335286,-57961179,0,-57961179,,oisa_representative_linear+trace_calibration_residual:iter55_dp_param_allgather_g12_slot1,faa3c789549d542484ca9aab132b7d4727afd14a,e9503e0eaf5bc80efd66ae95b5f09e68643725069d654082f374ec03f8b46a88
iter55:pp4:dp_ag1:round1:dp_param_allgather:pg=9:rel-c0d9c70e7ea9,0,10285453,17650806,17650806,10285453,7365353,65335286,-57969933,0,-57969933,,oisa_representative_linear+trace_calibration_residual:iter55_dp_param_allgather_g12_slot1,faa3c789549d542484ca9aab132b7d4727afd14a,e9503e0eaf5bc80efd66ae95b5f09e68643725069d654082f374ec03f8b46a88
iter55:pp5:dp_ag1:round1:dp_param_allgather:pg=11:rel-e21d7726a920,0,7065927,14567829,14567829,7065927,7501902,65335286,-57833384,0,-57833384,,oisa_representative_linear+trace_calibration_residual:iter55_dp_param_allgather_g12_slot1,faa3c789549d542484ca9aab132b7d4727afd14a,e9503e0eaf5bc80efd66ae95b5f09e68643725069d654082f374ec03f8b46a88
iter55:pp6:dp_ag1:round1:dp_param_allgather:pg=13:rel-5a8501503034,0,9898353,17494603,17494603,9898353,7596250,65335286,-57739036,0,-57739036,,oisa_representative_linear+trace_calibration_residual:iter55_dp_param_allgather_g12_slot1,faa3c789549d542484ca9aab132b7d4727afd14a,e9503e0eaf5bc80efd66ae95b5f09e68643725069d654082f374ec03f8b46a88
iter55:pp7:dp_ag1:round1:dp_param_allgather:pg=15:rel-61edcacc3e5c,0,11605998,19016712,19016712,11605998,7410714,65335286,-57924572,0,-57924572,,oisa_representative_linear+trace_calibration_residual:iter55_dp_param_allgather_g12_slot1,faa3c789549d542484ca9aab132b7d4727afd14a,e9503e0eaf5bc80efd66ae95b5f09e68643725069d654082f374ec03f8b46a88
iter55:pp8:dp_ag1:round1:dp_param_allgather:pg=17:rel-7f793e21c16c,0,6892478,14660383,14660383,6892478,7767905,65335286,-57567381,0,-57567381,,oisa_representative_linear+trace_calibration_residual:iter55_dp_param_allgather_g12_slot1,faa3c789549d542484ca9aab132b7d4727afd14a,e9503e0eaf5bc80efd66ae95b5f09e68643725069d654082f374ec03f8b46a88
iter55:pp9:dp_ag1:round1:dp_param_allgather:pg=19:rel-12ff6350ca45,0,6792063,14259761,14259761,6792063,7467698,65335286,-57867588,0,-57867588,,oisa_representative_linear+trace_calibration_residual:iter55_dp_param_allgather_g12_slot1,faa3c789549d542484ca9aab132b7d4727afd14a,e9503e0eaf5bc80efd66ae95b5f09e68643725069d654082f374ec03f8b46a88
iter55:pp10:dp_ag1:round1:dp_param_allgather:pg=21:rel-40c9f86e1982,0,4104552,11370113,11370113,4104552,7265561,65335286,-58069725,0,-58069725,,oisa_representative_linear+trace_calibration_residual:iter55_dp_param_allgather_g12_slot1,faa3c789549d542484ca9aab132b7d4727afd14a,e9503e0eaf5bc80efd66ae95b5f09e68643725069d654082f374ec03f8b46a88
iter55:pp11:dp_ag1:round1:dp_param_allgather:pg=23:rel-5304f3b73405,0,8214259,15777904,15777904,8214259,7563645,65335286,-57771641,0,-57771641,,oisa_representative_linear+trace_calibration_residual:iter55_dp_param_allgather_g12_slot1,faa3c789549d542484ca9aab132b7d4727afd14a,e9503e0eaf5bc80efd66ae95b5f09e68643725069d654082f374ec03f8b46a88
iter55:pp12:dp_ag1:round1:dp_param_allgather:pg=25:rel-c093229a3d3c,0,4051416,11459089,11459089,4051416,7407673,65335286,-57927613,0,-57927613,,oisa_representative_linear+trace_calibration_residual:iter55_dp_param_allgather_g12_slot1,faa3c789549d542484ca9aab132b7d4727afd14a,e9503e0eaf5bc80efd66ae95b5f09e68643725069d654082f374ec03f8b46a88
iter55:pp13:dp_ag1:round1:dp_param_allgather:pg=27:rel-ce90687b0ab3,0,6563059,14043312,14043312,6563059,7480253,65335286,-57855033,0,-57855033,,oisa_representative_linear+trace_calibration_residual:iter55_dp_param_allgather_g12_slot1,faa3c789549d542484ca9aab132b7d4727afd14a,e9503e0eaf5bc80efd66ae95b5f09e68643725069d654082f374ec03f8b46a88
iter55:pp14:dp_ag1:round1:dp_param_allgather:pg=29:rel-4da71fd663a0,0,14702724,25240257,25240257,14702724,10537533,65335286,-54797753,0,-54797753,,oisa_representative_linear+trace_calibration_residual:iter55_dp_param_allgather_g12_slot1,faa3c789549d542484ca9aab132b7d4727afd14a,e9503e0eaf5bc80efd66ae95b5f09e68643725069d654082f374ec03f8b46a88
iter55:pp15:dp_ag1:round1:dp_param_allgather:pg=31:rel-ca5dcebfd94e,0,4356513,14867009,14867009,4356513,10510496,87047431,-76536935,0,-76536935,,oisa_representative_linear+trace_calibration_residual:iter55_dp_param_allgather_g12_slot1,faa3c789549d542484ca9aab132b7d4727afd14a,e9503e0eaf5bc80efd66ae95b5f09e68643725069d654082f374ec03f8b46a88
iter55:pp0:edp_ag1:round1:expert_dp_param_allgather:pg=1043:rel-241f7ef3644e,0,18274,13290148,13290148,18274,13271874,18897210,-5625336,0,-5625336,,oisa_representative_linear+trace_calibration_residual:iter55_expert_dp_param_allgather_g43_slot1,faa3c789549d542484ca9aab132b7d4727afd14a,e9503e0eaf5bc80efd66ae95b5f09e68643725069d654082f374ec03f8b46a88
iter55:pp0:edp_ag1:round1:expert_dp_param_allgather:pg=1045:rel-dfa3503839cf,0,19133,13269865,13269865,19133,13250732,18897210,-5646478,0,-5646478,,oisa_representative_linear+trace_calibration_residual:iter55_expert_dp_param_allgather_g43_slot1,faa3c789549d542484ca9aab132b7d4727afd14a,e9503e0eaf5bc80efd66ae95b5f09e68643725069d654082f374ec03f8b46a88
iter55:pp0:edp_ag1:round1:expert_dp_param_allgather:pg=1047:rel-5c6a5ac45538,0,27623,14613543,14613543,27623,14585920,18897210,-4311290,0,-4311290,,oisa_representative_linear+trace_calibration_residual:iter55_expert_dp_param_allgather_g43_slot1,faa3c789549d542484ca9aab132b7d4727afd14a,e9503e0eaf5bc80efd66ae95b5f09e68643725069d654082f374ec03f8b46a88
iter55:pp0:edp_ag1:round1:expert_dp_param_allgather:pg=1049:rel-f1ee8da6f248,0,18304,13951083,13951083,18304,13932779,18897210,-4964431,0,-4964431,,oisa_representative_linear+trace_calibration_residual:iter55_expert_dp_param_allgather_g43_slot1,faa3c789549d542484ca9aab132b7d4727afd14a,e9503e0eaf5bc80efd66ae95b5f09e68643725069d654082f374ec03f8b46a88
iter55:pp0:edp_ag1:round1:expert_dp_param_allgather:pg=1051:rel-d389b0487db2,0,14865,16026788,16026788,14865,16011923,18897210,-2885287,0,-2885287,,oisa_representative_linear+trace_calibration_residual:iter55_expert_dp_param_allgather_g43_slot1,faa3c789549d542484ca9aab132b7d4727afd14a,e9503e0eaf5bc80efd66ae95b5f09e68643725069d654082f374ec03f8b46a88
iter55:pp0:edp_ag1:round1:expert_dp_param_allgather:pg=1053:rel-43ee9ab24684,0,101187,13745673,13745673,101187,13644486,18897210,-5252724,0,-5252724,,oisa_representative_linear+trace_calibration_residual:iter55_expert_dp_param_allgather_g43_slot1,faa3c789549d542484ca9aab132b7d4727afd14a,e9503e0eaf5bc80efd66ae95b5f09e68643725069d654082f374ec03f8b46a88
iter55:pp0:edp_ag1:round1:expert_dp_param_allgather:pg=1055:rel-2f7e76052478,0,35119,13175048,13175048,35119,13139929,18897210,-5757281,0,-5757281,,oisa_representative_linear+trace_calibration_residual:iter55_expert_dp_param_allgather_g43_slot1,faa3c789549d542484ca9aab132b7d4727afd14a,e9503e0eaf5bc80efd66ae95b5f09e68643725069d654082f374ec03f8b46a88
iter55:pp0:edp_ag1:round1:expert_dp_param_allgather:pg=1057:rel-9ccc1afd2bcf,0,2893,14653658,14653658,2893,14650765,18897210,-4246445,0,-4246445,,oisa_representative_linear+trace_calibration_residual:iter55_expert_dp_param_allgather_g43_slot1,faa3c789549d542484ca9aab132b7d4727afd14a,e9503e0eaf5bc80efd66ae95b5f09e68643725069d654082f374ec03f8b46a88
iter55:pp1:edp_ag1:round1:expert_dp_param_allgather:pg=1059:rel-e92df965e193,0,2911,57914332,57914332,2911,57911421,75588840,-17677419,0,-17677419,,oisa_representative_linear+trace_calibration_residual:iter55_expert_dp_param_allgather_g43_slot1,faa3c789549d542484ca9aab132b7d4727afd14a,e9503e0eaf5bc80efd66ae95b5f09e68643725069d654082f374ec03f8b46a88
iter55:pp1:edp_ag1:round1:expert_dp_param_allgather:pg=1061:rel-9930cdcebcf9,0,67070,52298450,52298450,67070,52231380,75588840,-23357460,0,-23357460,,oisa_representative_linear+trace_calibration_residual:iter55_expert_dp_param_allgather_g43_slot1,faa3c789549d542484ca9aab132b7d4727afd14a,e9503e0eaf5bc80efd66ae95b5f09e68643725069d654082f374ec03f8b46a88
iter55:pp1:edp_ag1:round1:expert_dp_param_allgather:pg=1063:rel-b7ca74b087fa,0,24586,53527572,53527572,24586,53502986,75588840,-22085854,0,-22085854,,oisa_representative_linear+trace_calibration_residual:iter55_expert_dp_param_allgather_g43_slot1,faa3c789549d542484ca9aab132b7d4727afd14a,e9503e0eaf5bc80efd66ae95b5f09e68643725069d654082f374ec03f8b46a88
iter55:pp1:edp_ag1:round1:expert_dp_param_allgather:pg=1065:rel-8b237926f52c,0,68558,54532501,54532501,68558,54463943,75588840,-21124897,0,-21124897,,oisa_representative_linear+trace_calibration_residual:iter55_expert_dp_param_allgather_g43_slot1,faa3c789549d542484ca9aab132b7d4727afd14a,e9503e0eaf5bc80efd66ae95b5f09e68643725069d654082f374ec03f8b46a88
iter55:pp1:edp_ag1:round1:expert_dp_param_allgather:pg=1067:rel-ba2f51280233,0,65056,55105909,55105909,65056,55040853,75588840,-20547987,0,-20547987,,oisa_representative_linear+trace_calibration_residual:iter55_expert_dp_param_allgather_g43_slot1,faa3c789549d542484ca9aab132b7d4727afd14a,e9503e0eaf5bc80efd66ae95b5f09e68643725069d654082f374ec03f8b46a88
iter55:pp1:edp_ag1:round1:expert_dp_param_allgather:pg=1069:rel-953dfa37226a,0,89256,52627735,52627735,89256,52538479,75588840,-23050361,0,-23050361,,oisa_representative_linear+trace_calibration_residual:iter55_expert_dp_param_allgather_g43_slot1,faa3c789549d542484ca9aab132b7d4727afd14a,e9503e0eaf5bc80efd66ae95b5f09e68643725069d654082f374ec03f8b46a88
iter55:pp1:edp_ag1:round1:expert_dp_param_allgather:pg=1071:rel-64f80fcff21b,0,54488,54794150,54794150,54488,54739662,75588840,-20849178,0,-20849178,,oisa_representative_linear+trace_calibration_residual:iter55_expert_dp_param_allgather_g43_slot1,faa3c789549d542484ca9aab132b7d4727afd14a,e9503e0eaf5bc80efd66ae95b5f09e68643725069d654082f374ec03f8b46a88
iter55:pp1:edp_ag1:round1:expert_dp_param_allgather:pg=1073:rel-b9e45399e4ae,0,85631,52468622,52468622,85631,52382991,75588840,-23205849,0,-23205849,,oisa_representative_linear+trace_calibration_residual:iter55_expert_dp_param_allgather_g43_slot1,faa3c789549d542484ca9aab132b7d4727afd14a,e9503e0eaf5bc80efd66ae95b5f09e68643725069d654082f374ec03f8b46a88
iter55:pp2:edp_ag1:round1:expert_dp_param_allgather:pg=1075:rel-76ff5ab1d832,0,49276,54549252,54549252,49276,54499976,75588840,-21088864,0,-21088864,,oisa_representative_linear+trace_calibration_residual:iter55_expert_dp_param_allgather_g43_slot1,faa3c789549d542484ca9aab132b7d4727afd14a,e9503e0eaf5bc80efd66ae95b5f09e68643725069d654082f374ec03f8b46a88
iter55:pp2:edp_ag1:round1:expert_dp_param_allgather:pg=1077:rel-7f75e1034643,0,41431,53223811,53223811,41431,53182380,75588840,-22406460,0,-22406460,,oisa_representative_linear+trace_calibration_residual:iter55_expert_dp_param_allgather_g43_slot1,faa3c789549d542484ca9aab132b7d4727afd14a,e9503e0eaf5bc80efd66ae95b5f09e68643725069d654082f374ec03f8b46a88
iter55:pp2:edp_ag1:round1:expert_dp_param_allgather:pg=1079:rel-d592d89a5803,0,90855,53848963,53848963,90855,53758108,75588840,-21830732,0,-21830732,,oisa_representative_linear+trace_calibration_residual:iter55_expert_dp_param_allgather_g43_slot1,faa3c789549d542484ca9aab132b7d4727afd14a,e9503e0eaf5bc80efd66ae95b5f09e68643725069d654082f374ec03f8b46a88
iter55:pp2:edp_ag1:round1:expert_dp_param_allgather:pg=1081:rel-2aef0524462d,0,103151,52231244,52231244,103151,52128093,75588840,-23460747,0,-23460747,,oisa_representative_linear+trace_calibration_residual:iter55_expert_dp_param_allgather_g43_slot1,faa3c789549d542484ca9aab132b7d4727afd14a,e9503e0eaf5bc80efd66ae95b5f09e68643725069d654082f374ec03f8b46a88
iter55:pp2:edp_ag1:round1:expert_dp_param_allgather:pg=1083:rel-76a44b178a6d,0,70025,53911815,53911815,70025,53841790,75588840,-21747050,0,-21747050,,oisa_representative_linear+trace_calibration_residual:iter55_expert_dp_param_allgather_g43_slot1,faa3c789549d542484ca9aab132b7d4727afd14a,e9503e0eaf5bc80efd66ae95b5f09e68643725069d654082f374ec03f8b46a88
iter55:pp2:edp_ag1:round1:expert_dp_param_allgather:pg=1085:rel-02ee7790c08a,0,65614,53297917,53297917,65614,53232303,75588840,-22356537,0,-22356537,,oisa_representative_linear+trace_calibration_residual:iter55_expert_dp_param_allgather_g43_slot1,faa3c789549d542484ca9aab132b7d4727afd14a,e9503e0eaf5bc80efd66ae95b5f09e68643725069d654082f374ec03f8b46a88
iter55:pp2:edp_ag1:round1:expert_dp_param_allgather:pg=1087:rel-1d1331dae3e1,0,57265,52105944,52105944,57265,52048679,75588840,-23540161,0,-23540161,,oisa_representative_linear+trace_calibration_residual:iter55_expert_dp_param_allgather_g43_slot1,faa3c789549d542484ca9aab132b7d4727afd14a,e9503e0eaf5bc80efd66ae95b5f09e68643725069d654082f374ec03f8b46a88
iter55:pp2:edp_ag1:round1:expert_dp_param_allgather:pg=1089:rel-bda990ae0c11,0,70902,56287868,56287868,70902,56216966,75588840,-19371874,0,-19371874,,oisa_representative_linear+trace_calibration_residual:iter55_expert_dp_param_allgather_g43_slot1,faa3c789549d542484ca9aab132b7d4727afd14a,e9503e0eaf5bc80efd66ae95b5f09e68643725069d654082f374ec03f8b46a88
iter55:pp3:edp_ag1:round1:expert_dp_param_allgather:pg=1091:rel-0f064e9c7ff5,0,88236,52613592,52613592,88236,52525356,75588840,-23063484,0,-23063484,,oisa_representative_linear+trace_calibration_residual:iter55_expert_dp_param_allgather_g43_slot1,faa3c789549d542484ca9aab132b7d4727afd14a,e9503e0eaf5bc80efd66ae95b5f09e68643725069d654082f374ec03f8b46a88
iter55:pp3:edp_ag1:round1:expert_dp_param_allgather:pg=1093:rel-1fd99d97a142,0,31692,61876851,61876851,31692,61845159,75588840,-13743681,0,-13743681,,oisa_representative_linear+trace_calibration_residual:iter55_expert_dp_param_allgather_g43_slot1,faa3c789549d542484ca9aab132b7d4727afd14a,e9503e0eaf5bc80efd66ae95b5f09e68643725069d654082f374ec03f8b46a88
iter55:pp3:edp_ag1:round1:expert_dp_param_allgather:pg=1095:rel-3ab8c3827bc5,0,85429,53043277,53043277,85429,52957848,75588840,-22630992,0,-22630992,,oisa_representative_linear+trace_calibration_residual:iter55_expert_dp_param_allgather_g43_slot1,faa3c789549d542484ca9aab132b7d4727afd14a,e9503e0eaf5bc80efd66ae95b5f09e68643725069d654082f374ec03f8b46a88
iter55:pp3:edp_ag1:round1:expert_dp_param_allgather:pg=1097:rel-ee4e6b3b91f9,0,10886,52277588,52277588,10886,52266702,75588840,-23322138,0,-23322138,,oisa_representative_linear+trace_calibration_residual:iter55_expert_dp_param_allgather_g43_slot1,faa3c789549d542484ca9aab132b7d4727afd14a,e9503e0eaf5bc80efd66ae95b5f09e68643725069d654082f374ec03f8b46a88
iter55:pp3:edp_ag1:round1:expert_dp_param_allgather:pg=1099:rel-ffc4bf8a18af,0,55238,54183152,54183152,55238,54127914,75588840,-21460926,0,-21460926,,oisa_representative_linear+trace_calibration_residual:iter55_expert_dp_param_allgather_g43_slot1,faa3c789549d542484ca9aab132b7d4727afd14a,e9503e0eaf5bc80efd66ae95b5f09e68643725069d654082f374ec03f8b46a88
iter55:pp3:edp_ag1:round1:expert_dp_param_allgather:pg=1101:rel-1d7594f404fa,0,34413,61998789,61998789,34413,61964376,75588840,-13624464,0,-13624464,,oisa_representative_linear+trace_calibration_residual:iter55_expert_dp_param_allgather_g43_slot1,faa3c789549d542484ca9aab132b7d4727afd14a,e9503e0eaf5bc80efd66ae95b5f09e68643725069d654082f374ec03f8b46a88
iter55:pp3:edp_ag1:round1:expert_dp_param_allgather:pg=1103:rel-0ba819752379,0,107217,52126006,52126006,107217,52018789,75588840,-23570051,0,-23570051,,oisa_representative_linear+trace_calibration_residual:iter55_expert_dp_param_allgather_g43_slot1,faa3c789549d542484ca9aab132b7d4727afd14a,e9503e0eaf5bc80efd66ae95b5f09e68643725069d654082f374ec03f8b46a88
iter55:pp3:edp_ag1:round1:expert_dp_param_allgather:pg=1105:rel-a4e143d2d8c8,0,52758,52154944,52154944,52758,52102186,75588840,-23486654,0,-23486654,,oisa_representative_linear+trace_calibration_residual:iter55_expert_dp_param_allgather_g43_slot1,faa3c789549d542484ca9aab132b7d4727afd14a,e9503e0eaf5bc80efd66ae95b5f09e68643725069d654082f374ec03f8b46a88
iter55:pp4:edp_ag1:round1:expert_dp_param_allgather:pg=1107:rel-e0692ff70126,0,24033,53736273,53736273,24033,53712240,75588840,-21876600,0,-21876600,,oisa_representative_linear+trace_calibration_residual:iter55_expert_dp_param_allgather_g43_slot1,faa3c789549d542484ca9aab132b7d4727afd14a,e9503e0eaf5bc80efd66ae95b5f09e68643725069d654082f374ec03f8b46a88
iter55:pp4:edp_ag1:round1:expert_dp_param_allgather:pg=1109:rel-8ee2a8ce8efc,0,4888,53677069,53677069,4888,53672181,75588840,-21916659,0,-21916659,,oisa_representative_linear+trace_calibration_residual:iter55_expert_dp_param_allgather_g43_slot1,faa3c789549d542484ca9aab132b7d4727afd14a,e9503e0eaf5bc80efd66ae95b5f09e68643725069d654082f374ec03f8b46a88
iter55:pp4:edp_ag1:round1:expert_dp_param_allgather:pg=1111:rel-f89231c043fc,0,18416,51937470,51937470,18416,51919054,75588840,-23669786,0,-23669786,,oisa_representative_linear+trace_calibration_residual:iter55_expert_dp_param_allgather_g43_slot1,faa3c789549d542484ca9aab132b7d4727afd14a,e9503e0eaf5bc80efd66ae95b5f09e68643725069d654082f374ec03f8b46a88
iter55:pp4:edp_ag1:round1:expert_dp_param_allgather:pg=1113:rel-a6fa2e24192e,0,47449,53714153,53714153,47449,53666704,75588840,-21922136,0,-21922136,,oisa_representative_linear+trace_calibration_residual:iter55_expert_dp_param_allgather_g43_slot1,faa3c789549d542484ca9aab132b7d4727afd14a,e9503e0eaf5bc80efd66ae95b5f09e68643725069d654082f374ec03f8b46a88
iter55:pp4:edp_ag1:round1:expert_dp_param_allgather:pg=1115:rel-e0fc95bf620b,0,53600,53508341,53508341,53600,53454741,75588840,-22134099,0,-22134099,,oisa_representative_linear+trace_calibration_residual:iter55_expert_dp_param_allgather_g43_slot1,faa3c789549d542484ca9aab132b7d4727afd14a,e9503e0eaf5bc80efd66ae95b5f09e68643725069d654082f374ec03f8b46a88
iter55:pp4:edp_ag1:round1:expert_dp_param_allgather:pg=1117:rel-e15b60c7f149,0,32387,51996002,51996002,32387,51963615,75588840,-23625225,0,-23625225,,oisa_representative_linear+trace_calibration_residual:iter55_expert_dp_param_allgather_g43_slot1,faa3c789549d542484ca9aab132b7d4727afd14a,e9503e0eaf5bc80efd66ae95b5f09e68643725069d654082f374ec03f8b46a88
iter55:pp4:edp_ag1:round1:expert_dp_param_allgather:pg=1119:rel-aee62164609d,0,116591,52951302,52951302,116591,52834711,75588840,-22754129,0,-22754129,,oisa_representative_linear+trace_calibration_residual:iter55_expert_dp_param_allgather_g43_slot1,faa3c789549d542484ca9aab132b7d4727afd14a,e9503e0eaf5bc80efd66ae95b5f09e68643725069d654082f374ec03f8b46a88
iter55:pp4:edp_ag1:round1:expert_dp_param_allgather:pg=1121:rel-f99dbda69389,0,23820,50990481,50990481,23820,50966661,75588840,-24622179,0,-24622179,,oisa_representative_linear+trace_calibration_residual:iter55_expert_dp_param_allgather_g43_slot1,faa3c789549d542484ca9aab132b7d4727afd14a,e9503e0eaf5bc80efd66ae95b5f09e68643725069d654082f374ec03f8b46a88
iter55:pp5:edp_ag1:round1:expert_dp_param_allgather:pg=1123:rel-836d17389953,0,21379,53836778,53836778,21379,53815399,75588840,-21773441,0,-21773441,,oisa_representative_linear+trace_calibration_residual:iter55_expert_dp_param_allgather_g43_slot1,faa3c789549d542484ca9aab132b7d4727afd14a,e9503e0eaf5bc80efd66ae95b5f09e68643725069d654082f374ec03f8b46a88
iter55:pp5:edp_ag1:round1:expert_dp_param_allgather:pg=1125:rel-242ab08fc47c,0,111690,52976079,52976079,111690,52864389,75588840,-22724451,0,-22724451,,oisa_representative_linear+trace_calibration_residual:iter55_expert_dp_param_allgather_g43_slot1,faa3c789549d542484ca9aab132b7d4727afd14a,e9503e0eaf5bc80efd66ae95b5f09e68643725069d654082f374ec03f8b46a88
iter55:pp5:edp_ag1:round1:expert_dp_param_allgather:pg=1127:rel-87896bc57f16,0,165230,54701548,54701548,165230,54536318,75588840,-21052522,0,-21052522,,oisa_representative_linear+trace_calibration_residual:iter55_expert_dp_param_allgather_g43_slot1,faa3c789549d542484ca9aab132b7d4727afd14a,e9503e0eaf5bc80efd66ae95b5f09e68643725069d654082f374ec03f8b46a88
iter55:pp5:edp_ag1:round1:expert_dp_param_allgather:pg=1129:rel-c5fe3204b9e8,0,44246,53659206,53659206,44246,53614960,75588840,-21973880,0,-21973880,,oisa_representative_linear+trace_calibration_residual:iter55_expert_dp_param_allgather_g43_slot1,faa3c789549d542484ca9aab132b7d4727afd14a,e9503e0eaf5bc80efd66ae95b5f09e68643725069d654082f374ec03f8b46a88
iter55:pp5:edp_ag1:round1:expert_dp_param_allgather:pg=1131:rel-255ceeaa31ee,0,137663,51152443,51152443,137663,51014780,75588840,-24574060,0,-24574060,,oisa_representative_linear+trace_calibration_residual:iter55_expert_dp_param_allgather_g43_slot1,faa3c789549d542484ca9aab132b7d4727afd14a,e9503e0eaf5bc80efd66ae95b5f09e68643725069d654082f374ec03f8b46a88
iter55:pp5:edp_ag1:round1:expert_dp_param_allgather:pg=1133:rel-a37e5608b606,0,18717,59881100,59881100,18717,59862383,75588840,-15726457,0,-15726457,,oisa_representative_linear+trace_calibration_residual:iter55_expert_dp_param_allgather_g43_slot1,faa3c789549d542484ca9aab132b7d4727afd14a,e9503e0eaf5bc80efd66ae95b5f09e68643725069d654082f374ec03f8b46a88
iter55:pp5:edp_ag1:round1:expert_dp_param_allgather:pg=1135:rel-cb948498e7f9,0,163871,54046522,54046522,163871,53882651,75588840,-21706189,0,-21706189,,oisa_representative_linear+trace_calibration_residual:iter55_expert_dp_param_allgather_g43_slot1,faa3c789549d542484ca9aab132b7d4727afd14a,e9503e0eaf5bc80efd66ae95b5f09e68643725069d654082f374ec03f8b46a88
iter55:pp5:edp_ag1:round1:expert_dp_param_allgather:pg=1137:rel-28349d92bc1e,0,88355,53706644,53706644,88355,53618289,75588840,-21970551,0,-21970551,,oisa_representative_linear+trace_calibration_residual:iter55_expert_dp_param_allgather_g43_slot1,faa3c789549d542484ca9aab132b7d4727afd14a,e9503e0eaf5bc80efd66ae95b5f09e68643725069d654082f374ec03f8b46a88
iter55:pp6:edp_ag1:round1:expert_dp_param_allgather:pg=1139:rel-23cfce5554c6,0,40977,51436303,51436303,40977,51395326,75588840,-24193514,0,-24193514,,oisa_representative_linear+trace_calibration_residual:iter55_expert_dp_param_allgather_g43_slot1,faa3c789549d542484ca9aab132b7d4727afd14a,e9503e0eaf5bc80efd66ae95b5f09e68643725069d654082f374ec03f8b46a88
iter55:pp6:edp_ag1:round1:expert_dp_param_allgather:pg=1141:rel-1d95e06883bb,0,15549,60298481,60298481,15549,60282932,75588840,-15305908,0,-15305908,,oisa_representative_linear+trace_calibration_residual:iter55_expert_dp_param_allgather_g43_slot1,faa3c789549d542484ca9aab132b7d4727afd14a,e9503e0eaf5bc80efd66ae95b5f09e68643725069d654082f374ec03f8b46a88
iter55:pp6:edp_ag1:round1:expert_dp_param_allgather:pg=1143:rel-6fce22a602e8,0,24922,53398425,53398425,24922,53373503,75588840,-22215337,0,-22215337,,oisa_representative_linear+trace_calibration_residual:iter55_expert_dp_param_allgather_g43_slot1,faa3c789549d542484ca9aab132b7d4727afd14a,e9503e0eaf5bc80efd66ae95b5f09e68643725069d654082f374ec03f8b46a88
iter55:pp6:edp_ag1:round1:expert_dp_param_allgather:pg=1145:rel-94df0319f745,0,124094,53889481,53889481,124094,53765387,75588840,-21823453,0,-21823453,,oisa_representative_linear+trace_calibration_residual:iter55_expert_dp_param_allgather_g43_slot1,faa3c789549d542484ca9aab132b7d4727afd14a,e9503e0eaf5bc80efd66ae95b5f09e68643725069d654082f374ec03f8b46a88
iter55:pp6:edp_ag1:round1:expert_dp_param_allgather:pg=1147:rel-d819f5057d16,0,19964,58009760,58009760,19964,57989796,75588840,-17599044,0,-17599044,,oisa_representative_linear+trace_calibration_residual:iter55_expert_dp_param_allgather_g43_slot1,faa3c789549d542484ca9aab132b7d4727afd14a,e9503e0eaf5bc80efd66ae95b5f09e68643725069d654082f374ec03f8b46a88
iter55:pp6:edp_ag1:round1:expert_dp_param_allgather:pg=1149:rel-1c8c2a7aaa5f,0,15028,53762001,53762001,15028,53746973,75588840,-21841867,0,-21841867,,oisa_representative_linear+trace_calibration_residual:iter55_expert_dp_param_allgather_g43_slot1,faa3c789549d542484ca9aab132b7d4727afd14a,e9503e0eaf5bc80efd66ae95b5f09e68643725069d654082f374ec03f8b46a88
iter55:pp6:edp_ag1:round1:expert_dp_param_allgather:pg=1151:rel-55f78af9f35a,0,62389,53907596,53907596,62389,53845207,75588840,-21743633,0,-21743633,,oisa_representative_linear+trace_calibration_residual:iter55_expert_dp_param_allgather_g43_slot1,faa3c789549d542484ca9aab132b7d4727afd14a,e9503e0eaf5bc80efd66ae95b5f09e68643725069d654082f374ec03f8b46a88
iter55:pp6:edp_ag1:round1:expert_dp_param_allgather:pg=1153:rel-9a06b39e269c,0,41847,53449084,53449084,41847,53407237,75588840,-22181603,0,-22181603,,oisa_representative_linear+trace_calibration_residual:iter55_expert_dp_param_allgather_g43_slot1,faa3c789549d542484ca9aab132b7d4727afd14a,e9503e0eaf5bc80efd66ae95b5f09e68643725069d654082f374ec03f8b46a88
iter55:pp7:edp_ag1:round1:expert_dp_param_allgather:pg=1155:rel-8eb397bc98e9,0,56003,51595629,51595629,56003,51539626,75588840,-24049214,0,-24049214,,oisa_representative_linear+trace_calibration_residual:iter55_expert_dp_param_allgather_g43_slot1,faa3c789549d542484ca9aab132b7d4727afd14a,e9503e0eaf5bc80efd66ae95b5f09e68643725069d654082f374ec03f8b46a88
iter55:pp7:edp_ag1:round1:expert_dp_param_allgather:pg=1157:rel-6b85b83233e8,0,8782,61024633,61024633,8782,61015851,75588840,-14572989,0,-14572989,,oisa_representative_linear+trace_calibration_residual:iter55_expert_dp_param_allgather_g43_slot1,faa3c789549d542484ca9aab132b7d4727afd14a,e9503e0eaf5bc80efd66ae95b5f09e68643725069d654082f374ec03f8b46a88
iter55:pp7:edp_ag1:round1:expert_dp_param_allgather:pg=1159:rel-4d009bf4b055,0,80564,53121879,53121879,80564,53041315,75588840,-22547525,0,-22547525,,oisa_representative_linear+trace_calibration_residual:iter55_expert_dp_param_allgather_g43_slot1,faa3c789549d542484ca9aab132b7d4727afd14a,e9503e0eaf5bc80efd66ae95b5f09e68643725069d654082f374ec03f8b46a88
iter55:pp7:edp_ag1:round1:expert_dp_param_allgather:pg=1161:rel-c77bc8b6ed8e,0,19838,53509634,53509634,19838,53489796,75588840,-22099044,0,-22099044,,oisa_representative_linear+trace_calibration_residual:iter55_expert_dp_param_allgather_g43_slot1,faa3c789549d542484ca9aab132b7d4727afd14a,e9503e0eaf5bc80efd66ae95b5f09e68643725069d654082f374ec03f8b46a88
iter55:pp7:edp_ag1:round1:expert_dp_param_allgather:pg=1163:rel-00c486500994,0,38431,53387874,53387874,38431,53349443,75588840,-22239397,0,-22239397,,oisa_representative_linear+trace_calibration_residual:iter55_expert_dp_param_allgather_g43_slot1,faa3c789549d542484ca9aab132b7d4727afd14a,e9503e0eaf5bc80efd66ae95b5f09e68643725069d654082f374ec03f8b46a88
iter55:pp7:edp_ag1:round1:expert_dp_param_allgather:pg=1165:rel-bc38f9af1097,0,21131,53001561,53001561,21131,52980430,75588840,-22608410,0,-22608410,,oisa_representative_linear+trace_calibration_residual:iter55_expert_dp_param_allgather_g43_slot1,faa3c789549d542484ca9aab132b7d4727afd14a,e9503e0eaf5bc80efd66ae95b5f09e68643725069d654082f374ec03f8b46a88
iter55:pp7:edp_ag1:round1:expert_dp_param_allgather:pg=1167:rel-f85ceb0d31f4,0,20941,54788738,54788738,20941,54767797,75588840,-20821043,0,-20821043,,oisa_representative_linear+trace_calibration_residual:iter55_expert_dp_param_allgather_g43_slot1,faa3c789549d542484ca9aab132b7d4727afd14a,e9503e0eaf5bc80efd66ae95b5f09e68643725069d654082f374ec03f8b46a88
iter55:pp7:edp_ag1:round1:expert_dp_param_allgather:pg=1169:rel-9527f3e09939,0,66162,52693186,52693186,66162,52627024,75588840,-22961816,0,-22961816,,oisa_representative_linear+trace_calibration_residual:iter55_expert_dp_param_allgather_g43_slot1,faa3c789549d542484ca9aab132b7d4727afd14a,e9503e0eaf5bc80efd66ae95b5f09e68643725069d654082f374ec03f8b46a88
iter55:pp8:edp_ag1:round1:expert_dp_param_allgather:pg=1171:rel-8c39164145f1,0,39134,54594758,54594758,39134,54555624,75588840,-21033216,0,-21033216,,oisa_representative_linear+trace_calibration_residual:iter55_expert_dp_param_allgather_g43_slot1,faa3c789549d542484ca9aab132b7d4727afd14a,e9503e0eaf5bc80efd66ae95b5f09e68643725069d654082f374ec03f8b46a88
iter55:pp8:edp_ag1:round1:expert_dp_param_allgather:pg=1173:rel-f721b10d82c6,0,38486,53329183,53329183,38486,53290697,75588840,-22298143,0,-22298143,,oisa_representative_linear+trace_calibration_residual:iter55_expert_dp_param_allgather_g43_slot1,faa3c789549d542484ca9aab132b7d4727afd14a,e9503e0eaf5bc80efd66ae95b5f09e68643725069d654082f374ec03f8b46a88
iter55:pp8:edp_ag1:round1:expert_dp_param_allgather:pg=1175:rel-23208de1c562,0,56290,54212711,54212711,56290,54156421,75588840,-21432419,0,-21432419,,oisa_representative_linear+trace_calibration_residual:iter55_expert_dp_param_allgather_g43_slot1,faa3c789549d542484ca9aab132b7d4727afd14a,e9503e0eaf5bc80efd66ae95b5f09e68643725069d654082f374ec03f8b46a88
iter55:pp8:edp_ag1:round1:expert_dp_param_allgather:pg=1177:rel-c6a90e3f288f,0,21964,52001673,52001673,21964,51979709,75588840,-23609131,0,-23609131,,oisa_representative_linear+trace_calibration_residual:iter55_expert_dp_param_allgather_g43_slot1,faa3c789549d542484ca9aab132b7d4727afd14a,e9503e0eaf5bc80efd66ae95b5f09e68643725069d654082f374ec03f8b46a88
iter55:pp8:edp_ag1:round1:expert_dp_param_allgather:pg=1179:rel-41fca067018f,0,40585,60695564,60695564,40585,60654979,75588840,-14933861,0,-14933861,,oisa_representative_linear+trace_calibration_residual:iter55_expert_dp_param_allgather_g43_slot1,faa3c789549d542484ca9aab132b7d4727afd14a,e9503e0eaf5bc80efd66ae95b5f09e68643725069d654082f374ec03f8b46a88
iter55:pp8:edp_ag1:round1:expert_dp_param_allgather:pg=1181:rel-b0d262e6430f,0,28783,53923250,53923250,28783,53894467,75588840,-21694373,0,-21694373,,oisa_representative_linear+trace_calibration_residual:iter55_expert_dp_param_allgather_g43_slot1,faa3c789549d542484ca9aab132b7d4727afd14a,e9503e0eaf5bc80efd66ae95b5f09e68643725069d654082f374ec03f8b46a88
iter55:pp8:edp_ag1:round1:expert_dp_param_allgather:pg=1183:rel-c915848882cb,0,20735,53673734,53673734,20735,53652999,75588840,-21935841,0,-21935841,,oisa_representative_linear+trace_calibration_residual:iter55_expert_dp_param_allgather_g43_slot1,faa3c789549d542484ca9aab132b7d4727afd14a,e9503e0eaf5bc80efd66ae95b5f09e68643725069d654082f374ec03f8b46a88
iter55:pp8:edp_ag1:round1:expert_dp_param_allgather:pg=1185:rel-8cf97dec9419,0,51649,52131842,52131842,51649,52080193,75588840,-23508647,0,-23508647,,oisa_representative_linear+trace_calibration_residual:iter55_expert_dp_param_allgather_g43_slot1,faa3c789549d542484ca9aab132b7d4727afd14a,e9503e0eaf5bc80efd66ae95b5f09e68643725069d654082f374ec03f8b46a88
iter55:pp9:edp_ag1:round1:expert_dp_param_allgather:pg=1187:rel-3e11cf35f3aa,0,21636,54412788,54412788,21636,54391152,75588840,-21197688,0,-21197688,,oisa_representative_linear+trace_calibration_residual:iter55_expert_dp_param_allgather_g43_slot1,faa3c789549d542484ca9aab132b7d4727afd14a,e9503e0eaf5bc80efd66ae95b5f09e68643725069d654082f374ec03f8b46a88
iter55:pp9:edp_ag1:round1:expert_dp_param_allgather:pg=1189:rel-370c3a7c85dd,0,24536,52901842,52901842,24536,52877306,75588840,-22711534,0,-22711534,,oisa_representative_linear+trace_calibration_residual:iter55_expert_dp_param_allgather_g43_slot1,faa3c789549d542484ca9aab132b7d4727afd14a,e9503e0eaf5bc80efd66ae95b5f09e68643725069d654082f374ec03f8b46a88
iter55:pp9:edp_ag1:round1:expert_dp_param_allgather:pg=1191:rel-0000609b334b,0,55291,51986112,51986112,55291,51930821,75588840,-23658019,0,-23658019,,oisa_representative_linear+trace_calibration_residual:iter55_expert_dp_param_allgather_g43_slot1,faa3c789549d542484ca9aab132b7d4727afd14a,e9503e0eaf5bc80efd66ae95b5f09e68643725069d654082f374ec03f8b46a88
iter55:pp9:edp_ag1:round1:expert_dp_param_allgather:pg=1193:rel-f9b0a0096936,0,16275,51059972,51059972,16275,51043697,75588840,-24545143,0,-24545143,,oisa_representative_linear+trace_calibration_residual:iter55_expert_dp_param_allgather_g43_slot1,faa3c789549d542484ca9aab132b7d4727afd14a,e9503e0eaf5bc80efd66ae95b5f09e68643725069d654082f374ec03f8b46a88
iter55:pp9:edp_ag1:round1:expert_dp_param_allgather:pg=1195:rel-91b39d6535e9,0,31048,54332556,54332556,31048,54301508,75588840,-21287332,0,-21287332,,oisa_representative_linear+trace_calibration_residual:iter55_expert_dp_param_allgather_g43_slot1,faa3c789549d542484ca9aab132b7d4727afd14a,e9503e0eaf5bc80efd66ae95b5f09e68643725069d654082f374ec03f8b46a88
iter55:pp9:edp_ag1:round1:expert_dp_param_allgather:pg=1197:rel-94549706ebf3,0,35216,55531511,55531511,35216,55496295,75588840,-20092545,0,-20092545,,oisa_representative_linear+trace_calibration_residual:iter55_expert_dp_param_allgather_g43_slot1,faa3c789549d542484ca9aab132b7d4727afd14a,e9503e0eaf5bc80efd66ae95b5f09e68643725069d654082f374ec03f8b46a88
iter55:pp9:edp_ag1:round1:expert_dp_param_allgather:pg=1199:rel-ac134a245a1e,0,54861,51367630,51367630,54861,51312769,75588840,-24276071,0,-24276071,,oisa_representative_linear+trace_calibration_residual:iter55_expert_dp_param_allgather_g43_slot1,faa3c789549d542484ca9aab132b7d4727afd14a,e9503e0eaf5bc80efd66ae95b5f09e68643725069d654082f374ec03f8b46a88
iter55:pp9:edp_ag1:round1:expert_dp_param_allgather:pg=1201:rel-47754d8c27ff,0,94804,53550678,53550678,94804,53455874,75588840,-22132966,0,-22132966,,oisa_representative_linear+trace_calibration_residual:iter55_expert_dp_param_allgather_g43_slot1,faa3c789549d542484ca9aab132b7d4727afd14a,e9503e0eaf5bc80efd66ae95b5f09e68643725069d654082f374ec03f8b46a88
iter55:pp10:edp_ag1:round1:expert_dp_param_allgather:pg=1203:rel-5138799f4051,0,30160,53108935,53108935,30160,53078775,75588840,-22510065,0,-22510065,,oisa_representative_linear+trace_calibration_residual:iter55_expert_dp_param_allgather_g43_slot1,faa3c789549d542484ca9aab132b7d4727afd14a,e9503e0eaf5bc80efd66ae95b5f09e68643725069d654082f374ec03f8b46a88
iter55:pp10:edp_ag1:round1:expert_dp_param_allgather:pg=1205:rel-a615727a54f2,0,20620,53298374,53298374,20620,53277754,75588840,-22311086,0,-22311086,,oisa_representative_linear+trace_calibration_residual:iter55_expert_dp_param_allgather_g43_slot1,faa3c789549d542484ca9aab132b7d4727afd14a,e9503e0eaf5bc80efd66ae95b5f09e68643725069d654082f374ec03f8b46a88
iter55:pp10:edp_ag1:round1:expert_dp_param_allgather:pg=1207:rel-00dd852a7e3a,0,10913,54806568,54806568,10913,54795655,75588840,-20793185,0,-20793185,,oisa_representative_linear+trace_calibration_residual:iter55_expert_dp_param_allgather_g43_slot1,faa3c789549d542484ca9aab132b7d4727afd14a,e9503e0eaf5bc80efd66ae95b5f09e68643725069d654082f374ec03f8b46a88
iter55:pp10:edp_ag1:round1:expert_dp_param_allgather:pg=1209:rel-003a7b482915,0,2991,53990771,53990771,2991,53987780,75588840,-21601060,0,-21601060,,oisa_representative_linear+trace_calibration_residual:iter55_expert_dp_param_allgather_g43_slot1,faa3c789549d542484ca9aab132b7d4727afd14a,e9503e0eaf5bc80efd66ae95b5f09e68643725069d654082f374ec03f8b46a88
iter55:pp10:edp_ag1:round1:expert_dp_param_allgather:pg=1211:rel-a2f466eceefd,0,840,52743769,52743769,840,52742929,75588840,-22845911,0,-22845911,,oisa_representative_linear+trace_calibration_residual:iter55_expert_dp_param_allgather_g43_slot1,faa3c789549d542484ca9aab132b7d4727afd14a,e9503e0eaf5bc80efd66ae95b5f09e68643725069d654082f374ec03f8b46a88
iter55:pp10:edp_ag1:round1:expert_dp_param_allgather:pg=1213:rel-ccb540b875b6,0,595,53378504,53378504,595,53377909,75588840,-22210931,0,-22210931,,oisa_representative_linear+trace_calibration_residual:iter55_expert_dp_param_allgather_g43_slot1,faa3c789549d542484ca9aab132b7d4727afd14a,e9503e0eaf5bc80efd66ae95b5f09e68643725069d654082f374ec03f8b46a88
iter55:pp10:edp_ag1:round1:expert_dp_param_allgather:pg=1215:rel-ee8dcb8e260b,0,84811,52545916,52545916,84811,52461105,75588840,-23127735,0,-23127735,,oisa_representative_linear+trace_calibration_residual:iter55_expert_dp_param_allgather_g43_slot1,faa3c789549d542484ca9aab132b7d4727afd14a,e9503e0eaf5bc80efd66ae95b5f09e68643725069d654082f374ec03f8b46a88
iter55:pp10:edp_ag1:round1:expert_dp_param_allgather:pg=1217:rel-3bd9e9ed8b92,0,65747,52963766,52963766,65747,52898019,75588840,-22690821,0,-22690821,,oisa_representative_linear+trace_calibration_residual:iter55_expert_dp_param_allgather_g43_slot1,faa3c789549d542484ca9aab132b7d4727afd14a,e9503e0eaf5bc80efd66ae95b5f09e68643725069d654082f374ec03f8b46a88
iter55:pp11:edp_ag1:round1:expert_dp_param_allgather:pg=1219:rel-0e5a43378745,0,66534,53821985,53821985,66534,53755451,75588840,-21833389,0,-21833389,,oisa_representative_linear+trace_calibration_residual:iter55_expert_dp_param_allgather_g43_slot1,faa3c789549d542484ca9aab132b7d4727afd14a,e9503e0eaf5bc80efd66ae95b5f09e68643725069d654082f374ec03f8b46a88
iter55:pp11:edp_ag1:round1:expert_dp_param_allgather:pg=1221:rel-54f59efe9d4a,0,10968,57642239,57642239,10968,57631271,75588840,-17957569,0,-17957569,,oisa_representative_linear+trace_calibration_residual:iter55_expert_dp_param_allgather_g43_slot1,faa3c789549d542484ca9aab132b7d4727afd14a,e9503e0eaf5bc80efd66ae95b5f09e68643725069d654082f374ec03f8b46a88
iter55:pp11:edp_ag1:round1:expert_dp_param_allgather:pg=1223:rel-ad31fb3d0dfd,0,46261,53684876,53684876,46261,53638615,75588840,-21950225,0,-21950225,,oisa_representative_linear+trace_calibration_residual:iter55_expert_dp_param_allgather_g43_slot1,faa3c789549d542484ca9aab132b7d4727afd14a,e9503e0eaf5bc80efd66ae95b5f09e68643725069d654082f374ec03f8b46a88
iter55:pp11:edp_ag1:round1:expert_dp_param_allgather:pg=1225:rel-ba0c49292dd4,0,28948,53221939,53221939,28948,53192991,75588840,-22395849,0,-22395849,,oisa_representative_linear+trace_calibration_residual:iter55_expert_dp_param_allgather_g43_slot1,faa3c789549d542484ca9aab132b7d4727afd14a,e9503e0eaf5bc80efd66ae95b5f09e68643725069d654082f374ec03f8b46a88
iter55:pp11:edp_ag1:round1:expert_dp_param_allgather:pg=1227:rel-8de24ffdd0f1,0,16292,55213966,55213966,16292,55197674,75588840,-20391166,0,-20391166,,oisa_representative_linear+trace_calibration_residual:iter55_expert_dp_param_allgather_g43_slot1,faa3c789549d542484ca9aab132b7d4727afd14a,e9503e0eaf5bc80efd66ae95b5f09e68643725069d654082f374ec03f8b46a88
iter55:pp11:edp_ag1:round1:expert_dp_param_allgather:pg=1229:rel-73585aff2c32,0,21165,52192978,52192978,21165,52171813,75588840,-23417027,0,-23417027,,oisa_representative_linear+trace_calibration_residual:iter55_expert_dp_param_allgather_g43_slot1,faa3c789549d542484ca9aab132b7d4727afd14a,e9503e0eaf5bc80efd66ae95b5f09e68643725069d654082f374ec03f8b46a88
iter55:pp11:edp_ag1:round1:expert_dp_param_allgather:pg=1231:rel-5395b79215ac,0,14540,54571941,54571941,14540,54557401,75588840,-21031439,0,-21031439,,oisa_representative_linear+trace_calibration_residual:iter55_expert_dp_param_allgather_g43_slot1,faa3c789549d542484ca9aab132b7d4727afd14a,e9503e0eaf5bc80efd66ae95b5f09e68643725069d654082f374ec03f8b46a88
iter55:pp11:edp_ag1:round1:expert_dp_param_allgather:pg=1233:rel-89befdd17e6d,0,43513,54335733,54335733,43513,54292220,75588840,-21296620,0,-21296620,,oisa_representative_linear+trace_calibration_residual:iter55_expert_dp_param_allgather_g43_slot1,faa3c789549d542484ca9aab132b7d4727afd14a,e9503e0eaf5bc80efd66ae95b5f09e68643725069d654082f374ec03f8b46a88
iter55:pp12:edp_ag1:round1:expert_dp_param_allgather:pg=1235:rel-0e548521565b,0,47134,51784562,51784562,47134,51737428,75588840,-23851412,0,-23851412,,oisa_representative_linear+trace_calibration_residual:iter55_expert_dp_param_allgather_g43_slot1,faa3c789549d542484ca9aab132b7d4727afd14a,e9503e0eaf5bc80efd66ae95b5f09e68643725069d654082f374ec03f8b46a88
iter55:pp12:edp_ag1:round1:expert_dp_param_allgather:pg=1237:rel-1e929342d6a0,0,33176,58360207,58360207,33176,58327031,75588840,-17261809,0,-17261809,,oisa_representative_linear+trace_calibration_residual:iter55_expert_dp_param_allgather_g43_slot1,faa3c789549d542484ca9aab132b7d4727afd14a,e9503e0eaf5bc80efd66ae95b5f09e68643725069d654082f374ec03f8b46a88
iter55:pp12:edp_ag1:round1:expert_dp_param_allgather:pg=1239:rel-032df8e7d6c7,0,23569,51577995,51577995,23569,51554426,75588840,-24034414,0,-24034414,,oisa_representative_linear+trace_calibration_residual:iter55_expert_dp_param_allgather_g43_slot1,faa3c789549d542484ca9aab132b7d4727afd14a,e9503e0eaf5bc80efd66ae95b5f09e68643725069d654082f374ec03f8b46a88
iter55:pp12:edp_ag1:round1:expert_dp_param_allgather:pg=1241:rel-df36e41164b2,0,23081,53486791,53486791,23081,53463710,75588840,-22125130,0,-22125130,,oisa_representative_linear+trace_calibration_residual:iter55_expert_dp_param_allgather_g43_slot1,faa3c789549d542484ca9aab132b7d4727afd14a,e9503e0eaf5bc80efd66ae95b5f09e68643725069d654082f374ec03f8b46a88
iter55:pp12:edp_ag1:round1:expert_dp_param_allgather:pg=1243:rel-5ee24da0ee35,0,40645,52023341,52023341,40645,51982696,75588840,-23606144,0,-23606144,,oisa_representative_linear+trace_calibration_residual:iter55_expert_dp_param_allgather_g43_slot1,faa3c789549d542484ca9aab132b7d4727afd14a,e9503e0eaf5bc80efd66ae95b5f09e68643725069d654082f374ec03f8b46a88
iter55:pp12:edp_ag1:round1:expert_dp_param_allgather:pg=1245:rel-8a4d3b70136c,0,26188,52779767,52779767,26188,52753579,75588840,-22835261,0,-22835261,,oisa_representative_linear+trace_calibration_residual:iter55_expert_dp_param_allgather_g43_slot1,faa3c789549d542484ca9aab132b7d4727afd14a,e9503e0eaf5bc80efd66ae95b5f09e68643725069d654082f374ec03f8b46a88
iter55:pp12:edp_ag1:round1:expert_dp_param_allgather:pg=1247:rel-271e974c3a4c,0,15314,51809066,51809066,15314,51793752,75588840,-23795088,0,-23795088,,oisa_representative_linear+trace_calibration_residual:iter55_expert_dp_param_allgather_g43_slot1,faa3c789549d542484ca9aab132b7d4727afd14a,e9503e0eaf5bc80efd66ae95b5f09e68643725069d654082f374ec03f8b46a88
iter55:pp12:edp_ag1:round1:expert_dp_param_allgather:pg=1249:rel-baa907840afd,0,10677,52372335,52372335,10677,52361658,75588840,-23227182,0,-23227182,,oisa_representative_linear+trace_calibration_residual:iter55_expert_dp_param_allgather_g43_slot1,faa3c789549d542484ca9aab132b7d4727afd14a,e9503e0eaf5bc80efd66ae95b5f09e68643725069d654082f374ec03f8b46a88
iter55:pp13:edp_ag1:round1:expert_dp_param_allgather:pg=1251:rel-a53be91e5c3a,0,7276,59360769,59360769,7276,59353493,75588840,-16235347,0,-16235347,,oisa_representative_linear+trace_calibration_residual:iter55_expert_dp_param_allgather_g43_slot1,faa3c789549d542484ca9aab132b7d4727afd14a,e9503e0eaf5bc80efd66ae95b5f09e68643725069d654082f374ec03f8b46a88
iter55:pp13:edp_ag1:round1:expert_dp_param_allgather:pg=1253:rel-494d9897c048,0,60190,52787542,52787542,60190,52727352,75588840,-22861488,0,-22861488,,oisa_representative_linear+trace_calibration_residual:iter55_expert_dp_param_allgather_g43_slot1,faa3c789549d542484ca9aab132b7d4727afd14a,e9503e0eaf5bc80efd66ae95b5f09e68643725069d654082f374ec03f8b46a88
iter55:pp13:edp_ag1:round1:expert_dp_param_allgather:pg=1255:rel-4bfaaed9ebb9,0,131839,52072190,52072190,131839,51940351,75588840,-23648489,0,-23648489,,oisa_representative_linear+trace_calibration_residual:iter55_expert_dp_param_allgather_g43_slot1,faa3c789549d542484ca9aab132b7d4727afd14a,e9503e0eaf5bc80efd66ae95b5f09e68643725069d654082f374ec03f8b46a88
iter55:pp13:edp_ag1:round1:expert_dp_param_allgather:pg=1257:rel-733833e5775c,0,90083,55020360,55020360,90083,54930277,75588840,-20658563,0,-20658563,,oisa_representative_linear+trace_calibration_residual:iter55_expert_dp_param_allgather_g43_slot1,faa3c789549d542484ca9aab132b7d4727afd14a,e9503e0eaf5bc80efd66ae95b5f09e68643725069d654082f374ec03f8b46a88
iter55:pp13:edp_ag1:round1:expert_dp_param_allgather:pg=1259:rel-ec494662412d,0,78753,52026970,52026970,78753,51948217,75588840,-23640623,0,-23640623,,oisa_representative_linear+trace_calibration_residual:iter55_expert_dp_param_allgather_g43_slot1,faa3c789549d542484ca9aab132b7d4727afd14a,e9503e0eaf5bc80efd66ae95b5f09e68643725069d654082f374ec03f8b46a88
iter55:pp13:edp_ag1:round1:expert_dp_param_allgather:pg=1261:rel-8fee2c02ab25,0,23346,54273767,54273767,23346,54250421,75588840,-21338419,0,-21338419,,oisa_representative_linear+trace_calibration_residual:iter55_expert_dp_param_allgather_g43_slot1,faa3c789549d542484ca9aab132b7d4727afd14a,e9503e0eaf5bc80efd66ae95b5f09e68643725069d654082f374ec03f8b46a88
iter55:pp13:edp_ag1:round1:expert_dp_param_allgather:pg=1263:rel-97b024b2f9e5,0,33976,52171974,52171974,33976,52137998,75588840,-23450842,0,-23450842,,oisa_representative_linear+trace_calibration_residual:iter55_expert_dp_param_allgather_g43_slot1,faa3c789549d542484ca9aab132b7d4727afd14a,e9503e0eaf5bc80efd66ae95b5f09e68643725069d654082f374ec03f8b46a88
iter55:pp13:edp_ag1:round1:expert_dp_param_allgather:pg=1265:rel-34ef0cd78eac,0,64743,52005375,52005375,64743,51940632,75588840,-23648208,0,-23648208,,oisa_representative_linear+trace_calibration_residual:iter55_expert_dp_param_allgather_g43_slot1,faa3c789549d542484ca9aab132b7d4727afd14a,e9503e0eaf5bc80efd66ae95b5f09e68643725069d654082f374ec03f8b46a88
iter55:pp14:edp_ag1:round1:expert_dp_param_allgather:pg=1267:rel-df1719ede543,0,20162,53406913,53406913,20162,53386751,75588840,-22202089,0,-22202089,,oisa_representative_linear+trace_calibration_residual:iter55_expert_dp_param_allgather_g43_slot1,faa3c789549d542484ca9aab132b7d4727afd14a,e9503e0eaf5bc80efd66ae95b5f09e68643725069d654082f374ec03f8b46a88
iter55:pp14:edp_ag1:round1:expert_dp_param_allgather:pg=1269:rel-c39eb907f3be,0,11349,51992586,51992586,11349,51981237,75588840,-23607603,0,-23607603,,oisa_representative_linear+trace_calibration_residual:iter55_expert_dp_param_allgather_g43_slot1,faa3c789549d542484ca9aab132b7d4727afd14a,e9503e0eaf5bc80efd66ae95b5f09e68643725069d654082f374ec03f8b46a88
iter55:pp14:edp_ag1:round1:expert_dp_param_allgather:pg=1271:rel-5b6c92af4d20,0,43825,52627028,52627028,43825,52583203,75588840,-23005637,0,-23005637,,oisa_representative_linear+trace_calibration_residual:iter55_expert_dp_param_allgather_g43_slot1,faa3c789549d542484ca9aab132b7d4727afd14a,e9503e0eaf5bc80efd66ae95b5f09e68643725069d654082f374ec03f8b46a88
iter55:pp14:edp_ag1:round1:expert_dp_param_allgather:pg=1273:rel-96bb49c99601,0,37347,53757991,53757991,37347,53720644,75588840,-21868196,0,-21868196,,oisa_representative_linear+trace_calibration_residual:iter55_expert_dp_param_allgather_g43_slot1,faa3c789549d542484ca9aab132b7d4727afd14a,e9503e0eaf5bc80efd66ae95b5f09e68643725069d654082f374ec03f8b46a88
iter55:pp14:edp_ag1:round1:expert_dp_param_allgather:pg=1275:rel-995bec4838f9,0,24535,51237268,51237268,24535,51212733,75588840,-24376107,0,-24376107,,oisa_representative_linear+trace_calibration_residual:iter55_expert_dp_param_allgather_g43_slot1,faa3c789549d542484ca9aab132b7d4727afd14a,e9503e0eaf5bc80efd66ae95b5f09e68643725069d654082f374ec03f8b46a88
iter55:pp14:edp_ag1:round1:expert_dp_param_allgather:pg=1277:rel-ba625ababd40,0,6142,58022012,58022012,6142,58015870,75588840,-17572970,0,-17572970,,oisa_representative_linear+trace_calibration_residual:iter55_expert_dp_param_allgather_g43_slot1,faa3c789549d542484ca9aab132b7d4727afd14a,e9503e0eaf5bc80efd66ae95b5f09e68643725069d654082f374ec03f8b46a88
iter55:pp14:edp_ag1:round1:expert_dp_param_allgather:pg=1279:rel-703590839348,0,47859,55912059,55912059,47859,55864200,75588840,-19724640,0,-19724640,,oisa_representative_linear+trace_calibration_residual:iter55_expert_dp_param_allgather_g43_slot1,faa3c789549d542484ca9aab132b7d4727afd14a,e9503e0eaf5bc80efd66ae95b5f09e68643725069d654082f374ec03f8b46a88
iter55:pp14:edp_ag1:round1:expert_dp_param_allgather:pg=1281:rel-8a1042048d58,0,22997,53864089,53864089,22997,53841092,75588840,-21747748,0,-21747748,,oisa_representative_linear+trace_calibration_residual:iter55_expert_dp_param_allgather_g43_slot1,faa3c789549d542484ca9aab132b7d4727afd14a,e9503e0eaf5bc80efd66ae95b5f09e68643725069d654082f374ec03f8b46a88
iter55:pp15:edp_ag1:round1:expert_dp_param_allgather:pg=1283:rel-43afa46cff37,0,8919,27346736,27346736,8919,27337817,37794420,-10456603,0,-10456603,,oisa_representative_linear+trace_calibration_residual:iter55_expert_dp_param_allgather_g43_slot1,faa3c789549d542484ca9aab132b7d4727afd14a,e9503e0eaf5bc80efd66ae95b5f09e68643725069d654082f374ec03f8b46a88
iter55:pp15:edp_ag1:round1:expert_dp_param_allgather:pg=1285:rel-b696325a6139,0,230068,26844222,26844222,230068,26614154,37794420,-11180266,0,-11180266,,oisa_representative_linear+trace_calibration_residual:iter55_expert_dp_param_allgather_g43_slot1,faa3c789549d542484ca9aab132b7d4727afd14a,e9503e0eaf5bc80efd66ae95b5f09e68643725069d654082f374ec03f8b46a88
iter55:pp15:edp_ag1:round1:expert_dp_param_allgather:pg=1287:rel-69a2019f7658,0,110425,27357215,27357215,110425,27246790,37794420,-10547630,0,-10547630,,oisa_representative_linear+trace_calibration_residual:iter55_expert_dp_param_allgather_g43_slot1,faa3c789549d542484ca9aab132b7d4727afd14a,e9503e0eaf5bc80efd66ae95b5f09e68643725069d654082f374ec03f8b46a88
iter55:pp15:edp_ag1:round1:expert_dp_param_allgather:pg=1289:rel-e08a01698a30,0,421687,26314730,26314730,421687,25893043,37794420,-11901377,0,-11901377,,oisa_representative_linear+trace_calibration_residual:iter55_expert_dp_param_allgather_g43_slot1,faa3c789549d542484ca9aab132b7d4727afd14a,e9503e0eaf5bc80efd66ae95b5f09e68643725069d654082f374ec03f8b46a88
iter55:pp15:edp_ag1:round1:expert_dp_param_allgather:pg=1291:rel-c6e9b9cba6cb,0,24490,28993468,28993468,24490,28968978,37794420,-8825442,0,-8825442,,oisa_representative_linear+trace_calibration_residual:iter55_expert_dp_param_allgather_g43_slot1,faa3c789549d542484ca9aab132b7d4727afd14a,e9503e0eaf5bc80efd66ae95b5f09e68643725069d654082f374ec03f8b46a88
iter55:pp15:edp_ag1:round1:expert_dp_param_allgather:pg=1293:rel-ca8e3540ec32,0,30253,33415157,33415157,30253,33384904,37794420,-4409516,0,-4409516,,oisa_representative_linear+trace_calibration_residual:iter55_expert_dp_param_allgather_g43_slot1,faa3c789549d542484ca9aab132b7d4727afd14a,e9503e0eaf5bc80efd66ae95b5f09e68643725069d654082f374ec03f8b46a88
iter55:pp15:edp_ag1:round1:expert_dp_param_allgather:pg=1295:rel-a9af291a5422,0,105796,29139854,29139854,105796,29034058,37794420,-8760362,0,-8760362,,oisa_representative_linear+trace_calibration_residual:iter55_expert_dp_param_allgather_g43_slot1,faa3c789549d542484ca9aab132b7d4727afd14a,e9503e0eaf5bc80efd66ae95b5f09e68643725069d654082f374ec03f8b46a88
iter55:pp15:edp_ag1:round1:expert_dp_param_allgather:pg=1297:rel-bf030f15a57d,0,277280,27137291,27137291,277280,26860011,37794420,-10934409,0,-10934409,,oisa_representative_linear+trace_calibration_residual:iter55_expert_dp_param_allgather_g43_slot1,faa3c789549d542484ca9aab132b7d4727afd14a,e9503e0eaf5bc80efd66ae95b5f09e68643725069d654082f374ec03f8b46a88
