line_number,evidence_kind,field,value_literal,source_line_sha256,excerpt,deployment_revision_independently_verified,source_path,source_sha256,scope
100,runtime_config_dump,tensor_model_parallel_size,1,e5655c3e1bf24e1b5695763930533d4cd9a18bd589454759bcd1a696af593c54,tensor_model_parallel_size = 1,False,/home/zjb/Desktop/fabric-data-analysis/fabric-data-analysis-raw/0731_224gpu_pp14_cp2_a2a/extracted/framework/2026-07-30-09:38/worker33020/2026-07-30_0938/tp1_pp14_dp_mbs2_numbs_gbs48_gpus0_mtp1_forcelbfalse_pertensorfalse_NO_LOSS_REDUCE.RANK2.10.124.33.20.log,32e167f41c8281b8f0711c4dbf3d51dd6a815a24caea87c4a01d03d9a375d744,evaluator_only_NEVER_MODEL_FIT
100,runtime_config_dump,pipeline_model_parallel_size,14,e5655c3e1bf24e1b5695763930533d4cd9a18bd589454759bcd1a696af593c54,pipeline_model_parallel_size = 14,False,/home/zjb/Desktop/fabric-data-analysis/fabric-data-analysis-raw/0731_224gpu_pp14_cp2_a2a/extracted/framework/2026-07-30-09:38/worker33020/2026-07-30_0938/tp1_pp14_dp_mbs2_numbs_gbs48_gpus0_mtp1_forcelbfalse_pertensorfalse_NO_LOSS_REDUCE.RANK2.10.124.33.20.log,32e167f41c8281b8f0711c4dbf3d51dd6a815a24caea87c4a01d03d9a375d744,evaluator_only_NEVER_MODEL_FIT
100,runtime_config_dump,virtual_pipeline_model_parallel_size,None,e5655c3e1bf24e1b5695763930533d4cd9a18bd589454759bcd1a696af593c54,virtual_pipeline_model_parallel_size = None,False,/home/zjb/Desktop/fabric-data-analysis/fabric-data-analysis-raw/0731_224gpu_pp14_cp2_a2a/extracted/framework/2026-07-30-09:38/worker33020/2026-07-30_0938/tp1_pp14_dp_mbs2_numbs_gbs48_gpus0_mtp1_forcelbfalse_pertensorfalse_NO_LOSS_REDUCE.RANK2.10.124.33.20.log,32e167f41c8281b8f0711c4dbf3d51dd6a815a24caea87c4a01d03d9a375d744,evaluator_only_NEVER_MODEL_FIT
100,runtime_config_dump,sequence_parallel,False,e5655c3e1bf24e1b5695763930533d4cd9a18bd589454759bcd1a696af593c54,sequence_parallel = False,False,/home/zjb/Desktop/fabric-data-analysis/fabric-data-analysis-raw/0731_224gpu_pp14_cp2_a2a/extracted/framework/2026-07-30-09:38/worker33020/2026-07-30_0938/tp1_pp14_dp_mbs2_numbs_gbs48_gpus0_mtp1_forcelbfalse_pertensorfalse_NO_LOSS_REDUCE.RANK2.10.124.33.20.log,32e167f41c8281b8f0711c4dbf3d51dd6a815a24caea87c4a01d03d9a375d744,evaluator_only_NEVER_MODEL_FIT
100,runtime_config_dump,context_parallel_size,2,e5655c3e1bf24e1b5695763930533d4cd9a18bd589454759bcd1a696af593c54,context_parallel_size = 2,False,/home/zjb/Desktop/fabric-data-analysis/fabric-data-analysis-raw/0731_224gpu_pp14_cp2_a2a/extracted/framework/2026-07-30-09:38/worker33020/2026-07-30_0938/tp1_pp14_dp_mbs2_numbs_gbs48_gpus0_mtp1_forcelbfalse_pertensorfalse_NO_LOSS_REDUCE.RANK2.10.124.33.20.log,32e167f41c8281b8f0711c4dbf3d51dd6a815a24caea87c4a01d03d9a375d744,evaluator_only_NEVER_MODEL_FIT
100,runtime_config_dump,expert_model_parallel_size,8,e5655c3e1bf24e1b5695763930533d4cd9a18bd589454759bcd1a696af593c54,expert_model_parallel_size = 8,False,/home/zjb/Desktop/fabric-data-analysis/fabric-data-analysis-raw/0731_224gpu_pp14_cp2_a2a/extracted/framework/2026-07-30-09:38/worker33020/2026-07-30_0938/tp1_pp14_dp_mbs2_numbs_gbs48_gpus0_mtp1_forcelbfalse_pertensorfalse_NO_LOSS_REDUCE.RANK2.10.124.33.20.log,32e167f41c8281b8f0711c4dbf3d51dd6a815a24caea87c4a01d03d9a375d744,evaluator_only_NEVER_MODEL_FIT
100,runtime_config_dump,fp16,False,e5655c3e1bf24e1b5695763930533d4cd9a18bd589454759bcd1a696af593c54,fp16 = False,False,/home/zjb/Desktop/fabric-data-analysis/fabric-data-analysis-raw/0731_224gpu_pp14_cp2_a2a/extracted/framework/2026-07-30-09:38/worker33020/2026-07-30_0938/tp1_pp14_dp_mbs2_numbs_gbs48_gpus0_mtp1_forcelbfalse_pertensorfalse_NO_LOSS_REDUCE.RANK2.10.124.33.20.log,32e167f41c8281b8f0711c4dbf3d51dd6a815a24caea87c4a01d03d9a375d744,evaluator_only_NEVER_MODEL_FIT
100,runtime_config_dump,bf16,True,e5655c3e1bf24e1b5695763930533d4cd9a18bd589454759bcd1a696af593c54,bf16 = True,False,/home/zjb/Desktop/fabric-data-analysis/fabric-data-analysis-raw/0731_224gpu_pp14_cp2_a2a/extracted/framework/2026-07-30-09:38/worker33020/2026-07-30_0938/tp1_pp14_dp_mbs2_numbs_gbs48_gpus0_mtp1_forcelbfalse_pertensorfalse_NO_LOSS_REDUCE.RANK2.10.124.33.20.log,32e167f41c8281b8f0711c4dbf3d51dd6a815a24caea87c4a01d03d9a375d744,evaluator_only_NEVER_MODEL_FIT
100,runtime_config_dump,params_dtype,torch.bfloat16,e5655c3e1bf24e1b5695763930533d4cd9a18bd589454759bcd1a696af593c54,params_dtype = torch.bfloat16,False,/home/zjb/Desktop/fabric-data-analysis/fabric-data-analysis-raw/0731_224gpu_pp14_cp2_a2a/extracted/framework/2026-07-30-09:38/worker33020/2026-07-30_0938/tp1_pp14_dp_mbs2_numbs_gbs48_gpus0_mtp1_forcelbfalse_pertensorfalse_NO_LOSS_REDUCE.RANK2.10.124.33.20.log,32e167f41c8281b8f0711c4dbf3d51dd6a815a24caea87c4a01d03d9a375d744,evaluator_only_NEVER_MODEL_FIT
100,runtime_config_dump,gradient_accumulation_fusion,True,e5655c3e1bf24e1b5695763930533d4cd9a18bd589454759bcd1a696af593c54,gradient_accumulation_fusion = True,False,/home/zjb/Desktop/fabric-data-analysis/fabric-data-analysis-raw/0731_224gpu_pp14_cp2_a2a/extracted/framework/2026-07-30-09:38/worker33020/2026-07-30_0938/tp1_pp14_dp_mbs2_numbs_gbs48_gpus0_mtp1_forcelbfalse_pertensorfalse_NO_LOSS_REDUCE.RANK2.10.124.33.20.log,32e167f41c8281b8f0711c4dbf3d51dd6a815a24caea87c4a01d03d9a375d744,evaluator_only_NEVER_MODEL_FIT
100,runtime_config_dump,overlap_moe_expert_parallel_comm,False,e5655c3e1bf24e1b5695763930533d4cd9a18bd589454759bcd1a696af593c54,overlap_moe_expert_parallel_comm = False,False,/home/zjb/Desktop/fabric-data-analysis/fabric-data-analysis-raw/0731_224gpu_pp14_cp2_a2a/extracted/framework/2026-07-30-09:38/worker33020/2026-07-30_0938/tp1_pp14_dp_mbs2_numbs_gbs48_gpus0_mtp1_forcelbfalse_pertensorfalse_NO_LOSS_REDUCE.RANK2.10.124.33.20.log,32e167f41c8281b8f0711c4dbf3d51dd6a815a24caea87c4a01d03d9a375d744,evaluator_only_NEVER_MODEL_FIT
100,runtime_config_dump,overlap_p2p_comm,False,e5655c3e1bf24e1b5695763930533d4cd9a18bd589454759bcd1a696af593c54,overlap_p2p_comm = False,False,/home/zjb/Desktop/fabric-data-analysis/fabric-data-analysis-raw/0731_224gpu_pp14_cp2_a2a/extracted/framework/2026-07-30-09:38/worker33020/2026-07-30_0938/tp1_pp14_dp_mbs2_numbs_gbs48_gpus0_mtp1_forcelbfalse_pertensorfalse_NO_LOSS_REDUCE.RANK2.10.124.33.20.log,32e167f41c8281b8f0711c4dbf3d51dd6a815a24caea87c4a01d03d9a375d744,evaluator_only_NEVER_MODEL_FIT
100,runtime_config_dump,batch_p2p_comm,True,e5655c3e1bf24e1b5695763930533d4cd9a18bd589454759bcd1a696af593c54,batch_p2p_comm = True,False,/home/zjb/Desktop/fabric-data-analysis/fabric-data-analysis-raw/0731_224gpu_pp14_cp2_a2a/extracted/framework/2026-07-30-09:38/worker33020/2026-07-30_0938/tp1_pp14_dp_mbs2_numbs_gbs48_gpus0_mtp1_forcelbfalse_pertensorfalse_NO_LOSS_REDUCE.RANK2.10.124.33.20.log,32e167f41c8281b8f0711c4dbf3d51dd6a815a24caea87c4a01d03d9a375d744,evaluator_only_NEVER_MODEL_FIT
100,runtime_config_dump,batch_p2p_sync,True,e5655c3e1bf24e1b5695763930533d4cd9a18bd589454759bcd1a696af593c54,batch_p2p_sync = True,False,/home/zjb/Desktop/fabric-data-analysis/fabric-data-analysis-raw/0731_224gpu_pp14_cp2_a2a/extracted/framework/2026-07-30-09:38/worker33020/2026-07-30_0938/tp1_pp14_dp_mbs2_numbs_gbs48_gpus0_mtp1_forcelbfalse_pertensorfalse_NO_LOSS_REDUCE.RANK2.10.124.33.20.log,32e167f41c8281b8f0711c4dbf3d51dd6a815a24caea87c4a01d03d9a375d744,evaluator_only_NEVER_MODEL_FIT
100,runtime_config_dump,num_layers,52,e5655c3e1bf24e1b5695763930533d4cd9a18bd589454759bcd1a696af593c54,num_layers = 52,False,/home/zjb/Desktop/fabric-data-analysis/fabric-data-analysis-raw/0731_224gpu_pp14_cp2_a2a/extracted/framework/2026-07-30-09:38/worker33020/2026-07-30_0938/tp1_pp14_dp_mbs2_numbs_gbs48_gpus0_mtp1_forcelbfalse_pertensorfalse_NO_LOSS_REDUCE.RANK2.10.124.33.20.log,32e167f41c8281b8f0711c4dbf3d51dd6a815a24caea87c4a01d03d9a375d744,evaluator_only_NEVER_MODEL_FIT
100,runtime_config_dump,mtp_num_layers,None,e5655c3e1bf24e1b5695763930533d4cd9a18bd589454759bcd1a696af593c54,mtp_num_layers = None,False,/home/zjb/Desktop/fabric-data-analysis/fabric-data-analysis-raw/0731_224gpu_pp14_cp2_a2a/extracted/framework/2026-07-30-09:38/worker33020/2026-07-30_0938/tp1_pp14_dp_mbs2_numbs_gbs48_gpus0_mtp1_forcelbfalse_pertensorfalse_NO_LOSS_REDUCE.RANK2.10.124.33.20.log,32e167f41c8281b8f0711c4dbf3d51dd6a815a24caea87c4a01d03d9a375d744,evaluator_only_NEVER_MODEL_FIT
100,runtime_config_dump,hidden_size,5120,e5655c3e1bf24e1b5695763930533d4cd9a18bd589454759bcd1a696af593c54,hidden_size = 5120,False,/home/zjb/Desktop/fabric-data-analysis/fabric-data-analysis-raw/0731_224gpu_pp14_cp2_a2a/extracted/framework/2026-07-30-09:38/worker33020/2026-07-30_0938/tp1_pp14_dp_mbs2_numbs_gbs48_gpus0_mtp1_forcelbfalse_pertensorfalse_NO_LOSS_REDUCE.RANK2.10.124.33.20.log,32e167f41c8281b8f0711c4dbf3d51dd6a815a24caea87c4a01d03d9a375d744,evaluator_only_NEVER_MODEL_FIT
100,runtime_config_dump,num_attention_heads,128,e5655c3e1bf24e1b5695763930533d4cd9a18bd589454759bcd1a696af593c54,num_attention_heads = 128,False,/home/zjb/Desktop/fabric-data-analysis/fabric-data-analysis-raw/0731_224gpu_pp14_cp2_a2a/extracted/framework/2026-07-30-09:38/worker33020/2026-07-30_0938/tp1_pp14_dp_mbs2_numbs_gbs48_gpus0_mtp1_forcelbfalse_pertensorfalse_NO_LOSS_REDUCE.RANK2.10.124.33.20.log,32e167f41c8281b8f0711c4dbf3d51dd6a815a24caea87c4a01d03d9a375d744,evaluator_only_NEVER_MODEL_FIT
100,runtime_config_dump,ffn_hidden_size,12288,e5655c3e1bf24e1b5695763930533d4cd9a18bd589454759bcd1a696af593c54,ffn_hidden_size = 12288,False,/home/zjb/Desktop/fabric-data-analysis/fabric-data-analysis-raw/0731_224gpu_pp14_cp2_a2a/extracted/framework/2026-07-30-09:38/worker33020/2026-07-30_0938/tp1_pp14_dp_mbs2_numbs_gbs48_gpus0_mtp1_forcelbfalse_pertensorfalse_NO_LOSS_REDUCE.RANK2.10.124.33.20.log,32e167f41c8281b8f0711c4dbf3d51dd6a815a24caea87c4a01d03d9a375d744,evaluator_only_NEVER_MODEL_FIT
100,runtime_config_dump,moe_deepep_num_sms,20,e5655c3e1bf24e1b5695763930533d4cd9a18bd589454759bcd1a696af593c54,moe_deepep_num_sms = 20,False,/home/zjb/Desktop/fabric-data-analysis/fabric-data-analysis-raw/0731_224gpu_pp14_cp2_a2a/extracted/framework/2026-07-30-09:38/worker33020/2026-07-30_0938/tp1_pp14_dp_mbs2_numbs_gbs48_gpus0_mtp1_forcelbfalse_pertensorfalse_NO_LOSS_REDUCE.RANK2.10.124.33.20.log,32e167f41c8281b8f0711c4dbf3d51dd6a815a24caea87c4a01d03d9a375d744,evaluator_only_NEVER_MODEL_FIT
100,runtime_config_dump,bias_dropout_fusion,False,e5655c3e1bf24e1b5695763930533d4cd9a18bd589454759bcd1a696af593c54,bias_dropout_fusion = False,False,/home/zjb/Desktop/fabric-data-analysis/fabric-data-analysis-raw/0731_224gpu_pp14_cp2_a2a/extracted/framework/2026-07-30-09:38/worker33020/2026-07-30_0938/tp1_pp14_dp_mbs2_numbs_gbs48_gpus0_mtp1_forcelbfalse_pertensorfalse_NO_LOSS_REDUCE.RANK2.10.124.33.20.log,32e167f41c8281b8f0711c4dbf3d51dd6a815a24caea87c4a01d03d9a375d744,evaluator_only_NEVER_MODEL_FIT
100,runtime_config_dump,recompute_granularity,'full',e5655c3e1bf24e1b5695763930533d4cd9a18bd589454759bcd1a696af593c54,recompute_granularity = 'full',False,/home/zjb/Desktop/fabric-data-analysis/fabric-data-analysis-raw/0731_224gpu_pp14_cp2_a2a/extracted/framework/2026-07-30-09:38/worker33020/2026-07-30_0938/tp1_pp14_dp_mbs2_numbs_gbs48_gpus0_mtp1_forcelbfalse_pertensorfalse_NO_LOSS_REDUCE.RANK2.10.124.33.20.log,32e167f41c8281b8f0711c4dbf3d51dd6a815a24caea87c4a01d03d9a375d744,evaluator_only_NEVER_MODEL_FIT
100,runtime_config_dump,recompute_method,'block',e5655c3e1bf24e1b5695763930533d4cd9a18bd589454759bcd1a696af593c54,recompute_method = 'block',False,/home/zjb/Desktop/fabric-data-analysis/fabric-data-analysis-raw/0731_224gpu_pp14_cp2_a2a/extracted/framework/2026-07-30-09:38/worker33020/2026-07-30_0938/tp1_pp14_dp_mbs2_numbs_gbs48_gpus0_mtp1_forcelbfalse_pertensorfalse_NO_LOSS_REDUCE.RANK2.10.124.33.20.log,32e167f41c8281b8f0711c4dbf3d51dd6a815a24caea87c4a01d03d9a375d744,evaluator_only_NEVER_MODEL_FIT
100,runtime_config_dump,recompute_num_layers,4,e5655c3e1bf24e1b5695763930533d4cd9a18bd589454759bcd1a696af593c54,recompute_num_layers = 4,False,/home/zjb/Desktop/fabric-data-analysis/fabric-data-analysis-raw/0731_224gpu_pp14_cp2_a2a/extracted/framework/2026-07-30-09:38/worker33020/2026-07-30_0938/tp1_pp14_dp_mbs2_numbs_gbs48_gpus0_mtp1_forcelbfalse_pertensorfalse_NO_LOSS_REDUCE.RANK2.10.124.33.20.log,32e167f41c8281b8f0711c4dbf3d51dd6a815a24caea87c4a01d03d9a375d744,evaluator_only_NEVER_MODEL_FIT
100,runtime_config_dump,fp8,None,e5655c3e1bf24e1b5695763930533d4cd9a18bd589454759bcd1a696af593c54,fp8 = None,False,/home/zjb/Desktop/fabric-data-analysis/fabric-data-analysis-raw/0731_224gpu_pp14_cp2_a2a/extracted/framework/2026-07-30-09:38/worker33020/2026-07-30_0938/tp1_pp14_dp_mbs2_numbs_gbs48_gpus0_mtp1_forcelbfalse_pertensorfalse_NO_LOSS_REDUCE.RANK2.10.124.33.20.log,32e167f41c8281b8f0711c4dbf3d51dd6a815a24caea87c4a01d03d9a375d744,evaluator_only_NEVER_MODEL_FIT
100,runtime_config_dump,moe_shared_expert_intermediate_size,3072,e5655c3e1bf24e1b5695763930533d4cd9a18bd589454759bcd1a696af593c54,moe_shared_expert_intermediate_size = 3072,False,/home/zjb/Desktop/fabric-data-analysis/fabric-data-analysis-raw/0731_224gpu_pp14_cp2_a2a/extracted/framework/2026-07-30-09:38/worker33020/2026-07-30_0938/tp1_pp14_dp_mbs2_numbs_gbs48_gpus0_mtp1_forcelbfalse_pertensorfalse_NO_LOSS_REDUCE.RANK2.10.124.33.20.log,32e167f41c8281b8f0711c4dbf3d51dd6a815a24caea87c4a01d03d9a375d744,evaluator_only_NEVER_MODEL_FIT
100,runtime_config_dump,moe_shared_expert_overlap,False,e5655c3e1bf24e1b5695763930533d4cd9a18bd589454759bcd1a696af593c54,moe_shared_expert_overlap = False,False,/home/zjb/Desktop/fabric-data-analysis/fabric-data-analysis-raw/0731_224gpu_pp14_cp2_a2a/extracted/framework/2026-07-30-09:38/worker33020/2026-07-30_0938/tp1_pp14_dp_mbs2_numbs_gbs48_gpus0_mtp1_forcelbfalse_pertensorfalse_NO_LOSS_REDUCE.RANK2.10.124.33.20.log,32e167f41c8281b8f0711c4dbf3d51dd6a815a24caea87c4a01d03d9a375d744,evaluator_only_NEVER_MODEL_FIT
100,runtime_config_dump,moe_ffn_hidden_size,1536,e5655c3e1bf24e1b5695763930533d4cd9a18bd589454759bcd1a696af593c54,moe_ffn_hidden_size = 1536,False,/home/zjb/Desktop/fabric-data-analysis/fabric-data-analysis-raw/0731_224gpu_pp14_cp2_a2a/extracted/framework/2026-07-30-09:38/worker33020/2026-07-30_0938/tp1_pp14_dp_mbs2_numbs_gbs48_gpus0_mtp1_forcelbfalse_pertensorfalse_NO_LOSS_REDUCE.RANK2.10.124.33.20.log,32e167f41c8281b8f0711c4dbf3d51dd6a815a24caea87c4a01d03d9a375d744,evaluator_only_NEVER_MODEL_FIT
100,runtime_config_dump,moe_router_load_balancing_type,'aux_loss',e5655c3e1bf24e1b5695763930533d4cd9a18bd589454759bcd1a696af593c54,moe_router_load_balancing_type = 'aux_loss',False,/home/zjb/Desktop/fabric-data-analysis/fabric-data-analysis-raw/0731_224gpu_pp14_cp2_a2a/extracted/framework/2026-07-30-09:38/worker33020/2026-07-30_0938/tp1_pp14_dp_mbs2_numbs_gbs48_gpus0_mtp1_forcelbfalse_pertensorfalse_NO_LOSS_REDUCE.RANK2.10.124.33.20.log,32e167f41c8281b8f0711c4dbf3d51dd6a815a24caea87c4a01d03d9a375d744,evaluator_only_NEVER_MODEL_FIT
100,runtime_config_dump,moe_router_topk,6,e5655c3e1bf24e1b5695763930533d4cd9a18bd589454759bcd1a696af593c54,moe_router_topk = 6,False,/home/zjb/Desktop/fabric-data-analysis/fabric-data-analysis-raw/0731_224gpu_pp14_cp2_a2a/extracted/framework/2026-07-30-09:38/worker33020/2026-07-30_0938/tp1_pp14_dp_mbs2_numbs_gbs48_gpus0_mtp1_forcelbfalse_pertensorfalse_NO_LOSS_REDUCE.RANK2.10.124.33.20.log,32e167f41c8281b8f0711c4dbf3d51dd6a815a24caea87c4a01d03d9a375d744,evaluator_only_NEVER_MODEL_FIT
100,runtime_config_dump,moe_router_score_function,'softmax',e5655c3e1bf24e1b5695763930533d4cd9a18bd589454759bcd1a696af593c54,moe_router_score_function = 'softmax',False,/home/zjb/Desktop/fabric-data-analysis/fabric-data-analysis-raw/0731_224gpu_pp14_cp2_a2a/extracted/framework/2026-07-30-09:38/worker33020/2026-07-30_0938/tp1_pp14_dp_mbs2_numbs_gbs48_gpus0_mtp1_forcelbfalse_pertensorfalse_NO_LOSS_REDUCE.RANK2.10.124.33.20.log,32e167f41c8281b8f0711c4dbf3d51dd6a815a24caea87c4a01d03d9a375d744,evaluator_only_NEVER_MODEL_FIT
100,runtime_config_dump,moe_router_dtype,'fp32',e5655c3e1bf24e1b5695763930533d4cd9a18bd589454759bcd1a696af593c54,moe_router_dtype = 'fp32',False,/home/zjb/Desktop/fabric-data-analysis/fabric-data-analysis-raw/0731_224gpu_pp14_cp2_a2a/extracted/framework/2026-07-30-09:38/worker33020/2026-07-30_0938/tp1_pp14_dp_mbs2_numbs_gbs48_gpus0_mtp1_forcelbfalse_pertensorfalse_NO_LOSS_REDUCE.RANK2.10.124.33.20.log,32e167f41c8281b8f0711c4dbf3d51dd6a815a24caea87c4a01d03d9a375d744,evaluator_only_NEVER_MODEL_FIT
100,runtime_config_dump,moe_router_force_load_balancing,False,e5655c3e1bf24e1b5695763930533d4cd9a18bd589454759bcd1a696af593c54,moe_router_force_load_balancing = False,False,/home/zjb/Desktop/fabric-data-analysis/fabric-data-analysis-raw/0731_224gpu_pp14_cp2_a2a/extracted/framework/2026-07-30-09:38/worker33020/2026-07-30_0938/tp1_pp14_dp_mbs2_numbs_gbs48_gpus0_mtp1_forcelbfalse_pertensorfalse_NO_LOSS_REDUCE.RANK2.10.124.33.20.log,32e167f41c8281b8f0711c4dbf3d51dd6a815a24caea87c4a01d03d9a375d744,evaluator_only_NEVER_MODEL_FIT
100,runtime_config_dump,moe_grouped_gemm,True,e5655c3e1bf24e1b5695763930533d4cd9a18bd589454759bcd1a696af593c54,moe_grouped_gemm = True,False,/home/zjb/Desktop/fabric-data-analysis/fabric-data-analysis-raw/0731_224gpu_pp14_cp2_a2a/extracted/framework/2026-07-30-09:38/worker33020/2026-07-30_0938/tp1_pp14_dp_mbs2_numbs_gbs48_gpus0_mtp1_forcelbfalse_pertensorfalse_NO_LOSS_REDUCE.RANK2.10.124.33.20.log,32e167f41c8281b8f0711c4dbf3d51dd6a815a24caea87c4a01d03d9a375d744,evaluator_only_NEVER_MODEL_FIT
100,runtime_config_dump,moe_token_dispatcher_type,'flex',e5655c3e1bf24e1b5695763930533d4cd9a18bd589454759bcd1a696af593c54,moe_token_dispatcher_type = 'flex',False,/home/zjb/Desktop/fabric-data-analysis/fabric-data-analysis-raw/0731_224gpu_pp14_cp2_a2a/extracted/framework/2026-07-30-09:38/worker33020/2026-07-30_0938/tp1_pp14_dp_mbs2_numbs_gbs48_gpus0_mtp1_forcelbfalse_pertensorfalse_NO_LOSS_REDUCE.RANK2.10.124.33.20.log,32e167f41c8281b8f0711c4dbf3d51dd6a815a24caea87c4a01d03d9a375d744,evaluator_only_NEVER_MODEL_FIT
100,runtime_config_dump,moe_enable_deepep,True,e5655c3e1bf24e1b5695763930533d4cd9a18bd589454759bcd1a696af593c54,moe_enable_deepep = True,False,/home/zjb/Desktop/fabric-data-analysis/fabric-data-analysis-raw/0731_224gpu_pp14_cp2_a2a/extracted/framework/2026-07-30-09:38/worker33020/2026-07-30_0938/tp1_pp14_dp_mbs2_numbs_gbs48_gpus0_mtp1_forcelbfalse_pertensorfalse_NO_LOSS_REDUCE.RANK2.10.124.33.20.log,32e167f41c8281b8f0711c4dbf3d51dd6a815a24caea87c4a01d03d9a375d744,evaluator_only_NEVER_MODEL_FIT
100,runtime_config_dump,moe_expert_capacity_factor,2.0,e5655c3e1bf24e1b5695763930533d4cd9a18bd589454759bcd1a696af593c54,moe_expert_capacity_factor = 2.0,False,/home/zjb/Desktop/fabric-data-analysis/fabric-data-analysis-raw/0731_224gpu_pp14_cp2_a2a/extracted/framework/2026-07-30-09:38/worker33020/2026-07-30_0938/tp1_pp14_dp_mbs2_numbs_gbs48_gpus0_mtp1_forcelbfalse_pertensorfalse_NO_LOSS_REDUCE.RANK2.10.124.33.20.log,32e167f41c8281b8f0711c4dbf3d51dd6a815a24caea87c4a01d03d9a375d744,evaluator_only_NEVER_MODEL_FIT
100,runtime_config_dump,moe_pad_expert_input_to_capacity,False,e5655c3e1bf24e1b5695763930533d4cd9a18bd589454759bcd1a696af593c54,moe_pad_expert_input_to_capacity = False,False,/home/zjb/Desktop/fabric-data-analysis/fabric-data-analysis-raw/0731_224gpu_pp14_cp2_a2a/extracted/framework/2026-07-30-09:38/worker33020/2026-07-30_0938/tp1_pp14_dp_mbs2_numbs_gbs48_gpus0_mtp1_forcelbfalse_pertensorfalse_NO_LOSS_REDUCE.RANK2.10.124.33.20.log,32e167f41c8281b8f0711c4dbf3d51dd6a815a24caea87c4a01d03d9a375d744,evaluator_only_NEVER_MODEL_FIT
100,runtime_config_dump,moe_token_drop_policy,'probs',e5655c3e1bf24e1b5695763930533d4cd9a18bd589454759bcd1a696af593c54,moe_token_drop_policy = 'probs',False,/home/zjb/Desktop/fabric-data-analysis/fabric-data-analysis-raw/0731_224gpu_pp14_cp2_a2a/extracted/framework/2026-07-30-09:38/worker33020/2026-07-30_0938/tp1_pp14_dp_mbs2_numbs_gbs48_gpus0_mtp1_forcelbfalse_pertensorfalse_NO_LOSS_REDUCE.RANK2.10.124.33.20.log,32e167f41c8281b8f0711c4dbf3d51dd6a815a24caea87c4a01d03d9a375d744,evaluator_only_NEVER_MODEL_FIT
100,runtime_config_dump,moe_permute_fusion,True,e5655c3e1bf24e1b5695763930533d4cd9a18bd589454759bcd1a696af593c54,moe_permute_fusion = True,False,/home/zjb/Desktop/fabric-data-analysis/fabric-data-analysis-raw/0731_224gpu_pp14_cp2_a2a/extracted/framework/2026-07-30-09:38/worker33020/2026-07-30_0938/tp1_pp14_dp_mbs2_numbs_gbs48_gpus0_mtp1_forcelbfalse_pertensorfalse_NO_LOSS_REDUCE.RANK2.10.124.33.20.log,32e167f41c8281b8f0711c4dbf3d51dd6a815a24caea87c4a01d03d9a375d744,evaluator_only_NEVER_MODEL_FIT
100,runtime_config_dump,moe_router_fusion,False,e5655c3e1bf24e1b5695763930533d4cd9a18bd589454759bcd1a696af593c54,moe_router_fusion = False,False,/home/zjb/Desktop/fabric-data-analysis/fabric-data-analysis-raw/0731_224gpu_pp14_cp2_a2a/extracted/framework/2026-07-30-09:38/worker33020/2026-07-30_0938/tp1_pp14_dp_mbs2_numbs_gbs48_gpus0_mtp1_forcelbfalse_pertensorfalse_NO_LOSS_REDUCE.RANK2.10.124.33.20.log,32e167f41c8281b8f0711c4dbf3d51dd6a815a24caea87c4a01d03d9a375d744,evaluator_only_NEVER_MODEL_FIT
100,runtime_config_dump,cp_comm_type,'a2a',e5655c3e1bf24e1b5695763930533d4cd9a18bd589454759bcd1a696af593c54,cp_comm_type = 'a2a',False,/home/zjb/Desktop/fabric-data-analysis/fabric-data-analysis-raw/0731_224gpu_pp14_cp2_a2a/extracted/framework/2026-07-30-09:38/worker33020/2026-07-30_0938/tp1_pp14_dp_mbs2_numbs_gbs48_gpus0_mtp1_forcelbfalse_pertensorfalse_NO_LOSS_REDUCE.RANK2.10.124.33.20.log,32e167f41c8281b8f0711c4dbf3d51dd6a815a24caea87c4a01d03d9a375d744,evaluator_only_NEVER_MODEL_FIT
100,runtime_config_dump,transformer_impl,'transformer_engine',e5655c3e1bf24e1b5695763930533d4cd9a18bd589454759bcd1a696af593c54,transformer_impl = 'transformer_engine',False,/home/zjb/Desktop/fabric-data-analysis/fabric-data-analysis-raw/0731_224gpu_pp14_cp2_a2a/extracted/framework/2026-07-30-09:38/worker33020/2026-07-30_0938/tp1_pp14_dp_mbs2_numbs_gbs48_gpus0_mtp1_forcelbfalse_pertensorfalse_NO_LOSS_REDUCE.RANK2.10.124.33.20.log,32e167f41c8281b8f0711c4dbf3d51dd6a815a24caea87c4a01d03d9a375d744,evaluator_only_NEVER_MODEL_FIT
100,runtime_config_dump,q_lora_rank,1536,e5655c3e1bf24e1b5695763930533d4cd9a18bd589454759bcd1a696af593c54,q_lora_rank = 1536,False,/home/zjb/Desktop/fabric-data-analysis/fabric-data-analysis-raw/0731_224gpu_pp14_cp2_a2a/extracted/framework/2026-07-30-09:38/worker33020/2026-07-30_0938/tp1_pp14_dp_mbs2_numbs_gbs48_gpus0_mtp1_forcelbfalse_pertensorfalse_NO_LOSS_REDUCE.RANK2.10.124.33.20.log,32e167f41c8281b8f0711c4dbf3d51dd6a815a24caea87c4a01d03d9a375d744,evaluator_only_NEVER_MODEL_FIT
100,runtime_config_dump,kv_lora_rank,512,e5655c3e1bf24e1b5695763930533d4cd9a18bd589454759bcd1a696af593c54,kv_lora_rank = 512,False,/home/zjb/Desktop/fabric-data-analysis/fabric-data-analysis-raw/0731_224gpu_pp14_cp2_a2a/extracted/framework/2026-07-30-09:38/worker33020/2026-07-30_0938/tp1_pp14_dp_mbs2_numbs_gbs48_gpus0_mtp1_forcelbfalse_pertensorfalse_NO_LOSS_REDUCE.RANK2.10.124.33.20.log,32e167f41c8281b8f0711c4dbf3d51dd6a815a24caea87c4a01d03d9a375d744,evaluator_only_NEVER_MODEL_FIT
100,runtime_config_dump,qk_head_dim,128,e5655c3e1bf24e1b5695763930533d4cd9a18bd589454759bcd1a696af593c54,qk_head_dim = 128,False,/home/zjb/Desktop/fabric-data-analysis/fabric-data-analysis-raw/0731_224gpu_pp14_cp2_a2a/extracted/framework/2026-07-30-09:38/worker33020/2026-07-30_0938/tp1_pp14_dp_mbs2_numbs_gbs48_gpus0_mtp1_forcelbfalse_pertensorfalse_NO_LOSS_REDUCE.RANK2.10.124.33.20.log,32e167f41c8281b8f0711c4dbf3d51dd6a815a24caea87c4a01d03d9a375d744,evaluator_only_NEVER_MODEL_FIT
100,runtime_config_dump,qk_pos_emb_head_dim,64,e5655c3e1bf24e1b5695763930533d4cd9a18bd589454759bcd1a696af593c54,qk_pos_emb_head_dim = 64,False,/home/zjb/Desktop/fabric-data-analysis/fabric-data-analysis-raw/0731_224gpu_pp14_cp2_a2a/extracted/framework/2026-07-30-09:38/worker33020/2026-07-30_0938/tp1_pp14_dp_mbs2_numbs_gbs48_gpus0_mtp1_forcelbfalse_pertensorfalse_NO_LOSS_REDUCE.RANK2.10.124.33.20.log,32e167f41c8281b8f0711c4dbf3d51dd6a815a24caea87c4a01d03d9a375d744,evaluator_only_NEVER_MODEL_FIT
100,runtime_config_dump,v_head_dim,128,e5655c3e1bf24e1b5695763930533d4cd9a18bd589454759bcd1a696af593c54,v_head_dim = 128,False,/home/zjb/Desktop/fabric-data-analysis/fabric-data-analysis-raw/0731_224gpu_pp14_cp2_a2a/extracted/framework/2026-07-30-09:38/worker33020/2026-07-30_0938/tp1_pp14_dp_mbs2_numbs_gbs48_gpus0_mtp1_forcelbfalse_pertensorfalse_NO_LOSS_REDUCE.RANK2.10.124.33.20.log,32e167f41c8281b8f0711c4dbf3d51dd6a815a24caea87c4a01d03d9a375d744,evaluator_only_NEVER_MODEL_FIT
101,runtime_config_dump,tensor_model_parallel_size,1,5262ce2b235afbbac992606ca12f246a1197764e7e1b608f423cde01383d4eff,tensor_model_parallel_size = 1,False,/home/zjb/Desktop/fabric-data-analysis/fabric-data-analysis-raw/0731_224gpu_pp14_cp2_a2a/extracted/framework/2026-07-30-09:38/worker33020/2026-07-30_0938/tp1_pp14_dp_mbs2_numbs_gbs48_gpus0_mtp1_forcelbfalse_pertensorfalse_NO_LOSS_REDUCE.RANK2.10.124.33.20.log,32e167f41c8281b8f0711c4dbf3d51dd6a815a24caea87c4a01d03d9a375d744,evaluator_only_NEVER_MODEL_FIT
101,runtime_config_dump,pipeline_model_parallel_size,14,5262ce2b235afbbac992606ca12f246a1197764e7e1b608f423cde01383d4eff,pipeline_model_parallel_size = 14,False,/home/zjb/Desktop/fabric-data-analysis/fabric-data-analysis-raw/0731_224gpu_pp14_cp2_a2a/extracted/framework/2026-07-30-09:38/worker33020/2026-07-30_0938/tp1_pp14_dp_mbs2_numbs_gbs48_gpus0_mtp1_forcelbfalse_pertensorfalse_NO_LOSS_REDUCE.RANK2.10.124.33.20.log,32e167f41c8281b8f0711c4dbf3d51dd6a815a24caea87c4a01d03d9a375d744,evaluator_only_NEVER_MODEL_FIT
101,runtime_config_dump,virtual_pipeline_model_parallel_size,None,5262ce2b235afbbac992606ca12f246a1197764e7e1b608f423cde01383d4eff,virtual_pipeline_model_parallel_size = None,False,/home/zjb/Desktop/fabric-data-analysis/fabric-data-analysis-raw/0731_224gpu_pp14_cp2_a2a/extracted/framework/2026-07-30-09:38/worker33020/2026-07-30_0938/tp1_pp14_dp_mbs2_numbs_gbs48_gpus0_mtp1_forcelbfalse_pertensorfalse_NO_LOSS_REDUCE.RANK2.10.124.33.20.log,32e167f41c8281b8f0711c4dbf3d51dd6a815a24caea87c4a01d03d9a375d744,evaluator_only_NEVER_MODEL_FIT
101,runtime_config_dump,sequence_parallel,False,5262ce2b235afbbac992606ca12f246a1197764e7e1b608f423cde01383d4eff,sequence_parallel = False,False,/home/zjb/Desktop/fabric-data-analysis/fabric-data-analysis-raw/0731_224gpu_pp14_cp2_a2a/extracted/framework/2026-07-30-09:38/worker33020/2026-07-30_0938/tp1_pp14_dp_mbs2_numbs_gbs48_gpus0_mtp1_forcelbfalse_pertensorfalse_NO_LOSS_REDUCE.RANK2.10.124.33.20.log,32e167f41c8281b8f0711c4dbf3d51dd6a815a24caea87c4a01d03d9a375d744,evaluator_only_NEVER_MODEL_FIT
101,runtime_config_dump,context_parallel_size,2,5262ce2b235afbbac992606ca12f246a1197764e7e1b608f423cde01383d4eff,context_parallel_size = 2,False,/home/zjb/Desktop/fabric-data-analysis/fabric-data-analysis-raw/0731_224gpu_pp14_cp2_a2a/extracted/framework/2026-07-30-09:38/worker33020/2026-07-30_0938/tp1_pp14_dp_mbs2_numbs_gbs48_gpus0_mtp1_forcelbfalse_pertensorfalse_NO_LOSS_REDUCE.RANK2.10.124.33.20.log,32e167f41c8281b8f0711c4dbf3d51dd6a815a24caea87c4a01d03d9a375d744,evaluator_only_NEVER_MODEL_FIT
101,runtime_config_dump,expert_model_parallel_size,8,5262ce2b235afbbac992606ca12f246a1197764e7e1b608f423cde01383d4eff,expert_model_parallel_size = 8,False,/home/zjb/Desktop/fabric-data-analysis/fabric-data-analysis-raw/0731_224gpu_pp14_cp2_a2a/extracted/framework/2026-07-30-09:38/worker33020/2026-07-30_0938/tp1_pp14_dp_mbs2_numbs_gbs48_gpus0_mtp1_forcelbfalse_pertensorfalse_NO_LOSS_REDUCE.RANK2.10.124.33.20.log,32e167f41c8281b8f0711c4dbf3d51dd6a815a24caea87c4a01d03d9a375d744,evaluator_only_NEVER_MODEL_FIT
101,runtime_config_dump,fp16,False,5262ce2b235afbbac992606ca12f246a1197764e7e1b608f423cde01383d4eff,fp16 = False,False,/home/zjb/Desktop/fabric-data-analysis/fabric-data-analysis-raw/0731_224gpu_pp14_cp2_a2a/extracted/framework/2026-07-30-09:38/worker33020/2026-07-30_0938/tp1_pp14_dp_mbs2_numbs_gbs48_gpus0_mtp1_forcelbfalse_pertensorfalse_NO_LOSS_REDUCE.RANK2.10.124.33.20.log,32e167f41c8281b8f0711c4dbf3d51dd6a815a24caea87c4a01d03d9a375d744,evaluator_only_NEVER_MODEL_FIT
101,runtime_config_dump,bf16,True,5262ce2b235afbbac992606ca12f246a1197764e7e1b608f423cde01383d4eff,bf16 = True,False,/home/zjb/Desktop/fabric-data-analysis/fabric-data-analysis-raw/0731_224gpu_pp14_cp2_a2a/extracted/framework/2026-07-30-09:38/worker33020/2026-07-30_0938/tp1_pp14_dp_mbs2_numbs_gbs48_gpus0_mtp1_forcelbfalse_pertensorfalse_NO_LOSS_REDUCE.RANK2.10.124.33.20.log,32e167f41c8281b8f0711c4dbf3d51dd6a815a24caea87c4a01d03d9a375d744,evaluator_only_NEVER_MODEL_FIT
101,runtime_config_dump,params_dtype,torch.bfloat16,5262ce2b235afbbac992606ca12f246a1197764e7e1b608f423cde01383d4eff,params_dtype = torch.bfloat16,False,/home/zjb/Desktop/fabric-data-analysis/fabric-data-analysis-raw/0731_224gpu_pp14_cp2_a2a/extracted/framework/2026-07-30-09:38/worker33020/2026-07-30_0938/tp1_pp14_dp_mbs2_numbs_gbs48_gpus0_mtp1_forcelbfalse_pertensorfalse_NO_LOSS_REDUCE.RANK2.10.124.33.20.log,32e167f41c8281b8f0711c4dbf3d51dd6a815a24caea87c4a01d03d9a375d744,evaluator_only_NEVER_MODEL_FIT
101,runtime_config_dump,gradient_accumulation_fusion,True,5262ce2b235afbbac992606ca12f246a1197764e7e1b608f423cde01383d4eff,gradient_accumulation_fusion = True,False,/home/zjb/Desktop/fabric-data-analysis/fabric-data-analysis-raw/0731_224gpu_pp14_cp2_a2a/extracted/framework/2026-07-30-09:38/worker33020/2026-07-30_0938/tp1_pp14_dp_mbs2_numbs_gbs48_gpus0_mtp1_forcelbfalse_pertensorfalse_NO_LOSS_REDUCE.RANK2.10.124.33.20.log,32e167f41c8281b8f0711c4dbf3d51dd6a815a24caea87c4a01d03d9a375d744,evaluator_only_NEVER_MODEL_FIT
101,runtime_config_dump,overlap_moe_expert_parallel_comm,False,5262ce2b235afbbac992606ca12f246a1197764e7e1b608f423cde01383d4eff,overlap_moe_expert_parallel_comm = False,False,/home/zjb/Desktop/fabric-data-analysis/fabric-data-analysis-raw/0731_224gpu_pp14_cp2_a2a/extracted/framework/2026-07-30-09:38/worker33020/2026-07-30_0938/tp1_pp14_dp_mbs2_numbs_gbs48_gpus0_mtp1_forcelbfalse_pertensorfalse_NO_LOSS_REDUCE.RANK2.10.124.33.20.log,32e167f41c8281b8f0711c4dbf3d51dd6a815a24caea87c4a01d03d9a375d744,evaluator_only_NEVER_MODEL_FIT
101,runtime_config_dump,overlap_p2p_comm,False,5262ce2b235afbbac992606ca12f246a1197764e7e1b608f423cde01383d4eff,overlap_p2p_comm = False,False,/home/zjb/Desktop/fabric-data-analysis/fabric-data-analysis-raw/0731_224gpu_pp14_cp2_a2a/extracted/framework/2026-07-30-09:38/worker33020/2026-07-30_0938/tp1_pp14_dp_mbs2_numbs_gbs48_gpus0_mtp1_forcelbfalse_pertensorfalse_NO_LOSS_REDUCE.RANK2.10.124.33.20.log,32e167f41c8281b8f0711c4dbf3d51dd6a815a24caea87c4a01d03d9a375d744,evaluator_only_NEVER_MODEL_FIT
101,runtime_config_dump,batch_p2p_comm,True,5262ce2b235afbbac992606ca12f246a1197764e7e1b608f423cde01383d4eff,batch_p2p_comm = True,False,/home/zjb/Desktop/fabric-data-analysis/fabric-data-analysis-raw/0731_224gpu_pp14_cp2_a2a/extracted/framework/2026-07-30-09:38/worker33020/2026-07-30_0938/tp1_pp14_dp_mbs2_numbs_gbs48_gpus0_mtp1_forcelbfalse_pertensorfalse_NO_LOSS_REDUCE.RANK2.10.124.33.20.log,32e167f41c8281b8f0711c4dbf3d51dd6a815a24caea87c4a01d03d9a375d744,evaluator_only_NEVER_MODEL_FIT
101,runtime_config_dump,batch_p2p_sync,True,5262ce2b235afbbac992606ca12f246a1197764e7e1b608f423cde01383d4eff,batch_p2p_sync = True,False,/home/zjb/Desktop/fabric-data-analysis/fabric-data-analysis-raw/0731_224gpu_pp14_cp2_a2a/extracted/framework/2026-07-30-09:38/worker33020/2026-07-30_0938/tp1_pp14_dp_mbs2_numbs_gbs48_gpus0_mtp1_forcelbfalse_pertensorfalse_NO_LOSS_REDUCE.RANK2.10.124.33.20.log,32e167f41c8281b8f0711c4dbf3d51dd6a815a24caea87c4a01d03d9a375d744,evaluator_only_NEVER_MODEL_FIT
101,runtime_config_dump,num_layers,52,5262ce2b235afbbac992606ca12f246a1197764e7e1b608f423cde01383d4eff,num_layers = 52,False,/home/zjb/Desktop/fabric-data-analysis/fabric-data-analysis-raw/0731_224gpu_pp14_cp2_a2a/extracted/framework/2026-07-30-09:38/worker33020/2026-07-30_0938/tp1_pp14_dp_mbs2_numbs_gbs48_gpus0_mtp1_forcelbfalse_pertensorfalse_NO_LOSS_REDUCE.RANK2.10.124.33.20.log,32e167f41c8281b8f0711c4dbf3d51dd6a815a24caea87c4a01d03d9a375d744,evaluator_only_NEVER_MODEL_FIT
101,runtime_config_dump,mtp_num_layers,None,5262ce2b235afbbac992606ca12f246a1197764e7e1b608f423cde01383d4eff,mtp_num_layers = None,False,/home/zjb/Desktop/fabric-data-analysis/fabric-data-analysis-raw/0731_224gpu_pp14_cp2_a2a/extracted/framework/2026-07-30-09:38/worker33020/2026-07-30_0938/tp1_pp14_dp_mbs2_numbs_gbs48_gpus0_mtp1_forcelbfalse_pertensorfalse_NO_LOSS_REDUCE.RANK2.10.124.33.20.log,32e167f41c8281b8f0711c4dbf3d51dd6a815a24caea87c4a01d03d9a375d744,evaluator_only_NEVER_MODEL_FIT
101,runtime_config_dump,hidden_size,5120,5262ce2b235afbbac992606ca12f246a1197764e7e1b608f423cde01383d4eff,hidden_size = 5120,False,/home/zjb/Desktop/fabric-data-analysis/fabric-data-analysis-raw/0731_224gpu_pp14_cp2_a2a/extracted/framework/2026-07-30-09:38/worker33020/2026-07-30_0938/tp1_pp14_dp_mbs2_numbs_gbs48_gpus0_mtp1_forcelbfalse_pertensorfalse_NO_LOSS_REDUCE.RANK2.10.124.33.20.log,32e167f41c8281b8f0711c4dbf3d51dd6a815a24caea87c4a01d03d9a375d744,evaluator_only_NEVER_MODEL_FIT
101,runtime_config_dump,num_attention_heads,128,5262ce2b235afbbac992606ca12f246a1197764e7e1b608f423cde01383d4eff,num_attention_heads = 128,False,/home/zjb/Desktop/fabric-data-analysis/fabric-data-analysis-raw/0731_224gpu_pp14_cp2_a2a/extracted/framework/2026-07-30-09:38/worker33020/2026-07-30_0938/tp1_pp14_dp_mbs2_numbs_gbs48_gpus0_mtp1_forcelbfalse_pertensorfalse_NO_LOSS_REDUCE.RANK2.10.124.33.20.log,32e167f41c8281b8f0711c4dbf3d51dd6a815a24caea87c4a01d03d9a375d744,evaluator_only_NEVER_MODEL_FIT
101,runtime_config_dump,ffn_hidden_size,12288,5262ce2b235afbbac992606ca12f246a1197764e7e1b608f423cde01383d4eff,ffn_hidden_size = 12288,False,/home/zjb/Desktop/fabric-data-analysis/fabric-data-analysis-raw/0731_224gpu_pp14_cp2_a2a/extracted/framework/2026-07-30-09:38/worker33020/2026-07-30_0938/tp1_pp14_dp_mbs2_numbs_gbs48_gpus0_mtp1_forcelbfalse_pertensorfalse_NO_LOSS_REDUCE.RANK2.10.124.33.20.log,32e167f41c8281b8f0711c4dbf3d51dd6a815a24caea87c4a01d03d9a375d744,evaluator_only_NEVER_MODEL_FIT
101,runtime_config_dump,moe_deepep_num_sms,20,5262ce2b235afbbac992606ca12f246a1197764e7e1b608f423cde01383d4eff,moe_deepep_num_sms = 20,False,/home/zjb/Desktop/fabric-data-analysis/fabric-data-analysis-raw/0731_224gpu_pp14_cp2_a2a/extracted/framework/2026-07-30-09:38/worker33020/2026-07-30_0938/tp1_pp14_dp_mbs2_numbs_gbs48_gpus0_mtp1_forcelbfalse_pertensorfalse_NO_LOSS_REDUCE.RANK2.10.124.33.20.log,32e167f41c8281b8f0711c4dbf3d51dd6a815a24caea87c4a01d03d9a375d744,evaluator_only_NEVER_MODEL_FIT
101,runtime_config_dump,bias_dropout_fusion,False,5262ce2b235afbbac992606ca12f246a1197764e7e1b608f423cde01383d4eff,bias_dropout_fusion = False,False,/home/zjb/Desktop/fabric-data-analysis/fabric-data-analysis-raw/0731_224gpu_pp14_cp2_a2a/extracted/framework/2026-07-30-09:38/worker33020/2026-07-30_0938/tp1_pp14_dp_mbs2_numbs_gbs48_gpus0_mtp1_forcelbfalse_pertensorfalse_NO_LOSS_REDUCE.RANK2.10.124.33.20.log,32e167f41c8281b8f0711c4dbf3d51dd6a815a24caea87c4a01d03d9a375d744,evaluator_only_NEVER_MODEL_FIT
101,runtime_config_dump,recompute_granularity,'full',5262ce2b235afbbac992606ca12f246a1197764e7e1b608f423cde01383d4eff,recompute_granularity = 'full',False,/home/zjb/Desktop/fabric-data-analysis/fabric-data-analysis-raw/0731_224gpu_pp14_cp2_a2a/extracted/framework/2026-07-30-09:38/worker33020/2026-07-30_0938/tp1_pp14_dp_mbs2_numbs_gbs48_gpus0_mtp1_forcelbfalse_pertensorfalse_NO_LOSS_REDUCE.RANK2.10.124.33.20.log,32e167f41c8281b8f0711c4dbf3d51dd6a815a24caea87c4a01d03d9a375d744,evaluator_only_NEVER_MODEL_FIT
101,runtime_config_dump,recompute_method,'block',5262ce2b235afbbac992606ca12f246a1197764e7e1b608f423cde01383d4eff,recompute_method = 'block',False,/home/zjb/Desktop/fabric-data-analysis/fabric-data-analysis-raw/0731_224gpu_pp14_cp2_a2a/extracted/framework/2026-07-30-09:38/worker33020/2026-07-30_0938/tp1_pp14_dp_mbs2_numbs_gbs48_gpus0_mtp1_forcelbfalse_pertensorfalse_NO_LOSS_REDUCE.RANK2.10.124.33.20.log,32e167f41c8281b8f0711c4dbf3d51dd6a815a24caea87c4a01d03d9a375d744,evaluator_only_NEVER_MODEL_FIT
101,runtime_config_dump,recompute_num_layers,4,5262ce2b235afbbac992606ca12f246a1197764e7e1b608f423cde01383d4eff,recompute_num_layers = 4,False,/home/zjb/Desktop/fabric-data-analysis/fabric-data-analysis-raw/0731_224gpu_pp14_cp2_a2a/extracted/framework/2026-07-30-09:38/worker33020/2026-07-30_0938/tp1_pp14_dp_mbs2_numbs_gbs48_gpus0_mtp1_forcelbfalse_pertensorfalse_NO_LOSS_REDUCE.RANK2.10.124.33.20.log,32e167f41c8281b8f0711c4dbf3d51dd6a815a24caea87c4a01d03d9a375d744,evaluator_only_NEVER_MODEL_FIT
101,runtime_config_dump,fp8,None,5262ce2b235afbbac992606ca12f246a1197764e7e1b608f423cde01383d4eff,fp8 = None,False,/home/zjb/Desktop/fabric-data-analysis/fabric-data-analysis-raw/0731_224gpu_pp14_cp2_a2a/extracted/framework/2026-07-30-09:38/worker33020/2026-07-30_0938/tp1_pp14_dp_mbs2_numbs_gbs48_gpus0_mtp1_forcelbfalse_pertensorfalse_NO_LOSS_REDUCE.RANK2.10.124.33.20.log,32e167f41c8281b8f0711c4dbf3d51dd6a815a24caea87c4a01d03d9a375d744,evaluator_only_NEVER_MODEL_FIT
101,runtime_config_dump,moe_shared_expert_intermediate_size,3072,5262ce2b235afbbac992606ca12f246a1197764e7e1b608f423cde01383d4eff,moe_shared_expert_intermediate_size = 3072,False,/home/zjb/Desktop/fabric-data-analysis/fabric-data-analysis-raw/0731_224gpu_pp14_cp2_a2a/extracted/framework/2026-07-30-09:38/worker33020/2026-07-30_0938/tp1_pp14_dp_mbs2_numbs_gbs48_gpus0_mtp1_forcelbfalse_pertensorfalse_NO_LOSS_REDUCE.RANK2.10.124.33.20.log,32e167f41c8281b8f0711c4dbf3d51dd6a815a24caea87c4a01d03d9a375d744,evaluator_only_NEVER_MODEL_FIT
101,runtime_config_dump,moe_shared_expert_overlap,False,5262ce2b235afbbac992606ca12f246a1197764e7e1b608f423cde01383d4eff,moe_shared_expert_overlap = False,False,/home/zjb/Desktop/fabric-data-analysis/fabric-data-analysis-raw/0731_224gpu_pp14_cp2_a2a/extracted/framework/2026-07-30-09:38/worker33020/2026-07-30_0938/tp1_pp14_dp_mbs2_numbs_gbs48_gpus0_mtp1_forcelbfalse_pertensorfalse_NO_LOSS_REDUCE.RANK2.10.124.33.20.log,32e167f41c8281b8f0711c4dbf3d51dd6a815a24caea87c4a01d03d9a375d744,evaluator_only_NEVER_MODEL_FIT
101,runtime_config_dump,moe_ffn_hidden_size,1536,5262ce2b235afbbac992606ca12f246a1197764e7e1b608f423cde01383d4eff,moe_ffn_hidden_size = 1536,False,/home/zjb/Desktop/fabric-data-analysis/fabric-data-analysis-raw/0731_224gpu_pp14_cp2_a2a/extracted/framework/2026-07-30-09:38/worker33020/2026-07-30_0938/tp1_pp14_dp_mbs2_numbs_gbs48_gpus0_mtp1_forcelbfalse_pertensorfalse_NO_LOSS_REDUCE.RANK2.10.124.33.20.log,32e167f41c8281b8f0711c4dbf3d51dd6a815a24caea87c4a01d03d9a375d744,evaluator_only_NEVER_MODEL_FIT
101,runtime_config_dump,moe_router_load_balancing_type,'aux_loss',5262ce2b235afbbac992606ca12f246a1197764e7e1b608f423cde01383d4eff,moe_router_load_balancing_type = 'aux_loss',False,/home/zjb/Desktop/fabric-data-analysis/fabric-data-analysis-raw/0731_224gpu_pp14_cp2_a2a/extracted/framework/2026-07-30-09:38/worker33020/2026-07-30_0938/tp1_pp14_dp_mbs2_numbs_gbs48_gpus0_mtp1_forcelbfalse_pertensorfalse_NO_LOSS_REDUCE.RANK2.10.124.33.20.log,32e167f41c8281b8f0711c4dbf3d51dd6a815a24caea87c4a01d03d9a375d744,evaluator_only_NEVER_MODEL_FIT
101,runtime_config_dump,moe_router_topk,6,5262ce2b235afbbac992606ca12f246a1197764e7e1b608f423cde01383d4eff,moe_router_topk = 6,False,/home/zjb/Desktop/fabric-data-analysis/fabric-data-analysis-raw/0731_224gpu_pp14_cp2_a2a/extracted/framework/2026-07-30-09:38/worker33020/2026-07-30_0938/tp1_pp14_dp_mbs2_numbs_gbs48_gpus0_mtp1_forcelbfalse_pertensorfalse_NO_LOSS_REDUCE.RANK2.10.124.33.20.log,32e167f41c8281b8f0711c4dbf3d51dd6a815a24caea87c4a01d03d9a375d744,evaluator_only_NEVER_MODEL_FIT
101,runtime_config_dump,moe_router_score_function,'softmax',5262ce2b235afbbac992606ca12f246a1197764e7e1b608f423cde01383d4eff,moe_router_score_function = 'softmax',False,/home/zjb/Desktop/fabric-data-analysis/fabric-data-analysis-raw/0731_224gpu_pp14_cp2_a2a/extracted/framework/2026-07-30-09:38/worker33020/2026-07-30_0938/tp1_pp14_dp_mbs2_numbs_gbs48_gpus0_mtp1_forcelbfalse_pertensorfalse_NO_LOSS_REDUCE.RANK2.10.124.33.20.log,32e167f41c8281b8f0711c4dbf3d51dd6a815a24caea87c4a01d03d9a375d744,evaluator_only_NEVER_MODEL_FIT
101,runtime_config_dump,moe_router_dtype,'fp32',5262ce2b235afbbac992606ca12f246a1197764e7e1b608f423cde01383d4eff,moe_router_dtype = 'fp32',False,/home/zjb/Desktop/fabric-data-analysis/fabric-data-analysis-raw/0731_224gpu_pp14_cp2_a2a/extracted/framework/2026-07-30-09:38/worker33020/2026-07-30_0938/tp1_pp14_dp_mbs2_numbs_gbs48_gpus0_mtp1_forcelbfalse_pertensorfalse_NO_LOSS_REDUCE.RANK2.10.124.33.20.log,32e167f41c8281b8f0711c4dbf3d51dd6a815a24caea87c4a01d03d9a375d744,evaluator_only_NEVER_MODEL_FIT
101,runtime_config_dump,moe_router_force_load_balancing,False,5262ce2b235afbbac992606ca12f246a1197764e7e1b608f423cde01383d4eff,moe_router_force_load_balancing = False,False,/home/zjb/Desktop/fabric-data-analysis/fabric-data-analysis-raw/0731_224gpu_pp14_cp2_a2a/extracted/framework/2026-07-30-09:38/worker33020/2026-07-30_0938/tp1_pp14_dp_mbs2_numbs_gbs48_gpus0_mtp1_forcelbfalse_pertensorfalse_NO_LOSS_REDUCE.RANK2.10.124.33.20.log,32e167f41c8281b8f0711c4dbf3d51dd6a815a24caea87c4a01d03d9a375d744,evaluator_only_NEVER_MODEL_FIT
101,runtime_config_dump,moe_grouped_gemm,True,5262ce2b235afbbac992606ca12f246a1197764e7e1b608f423cde01383d4eff,moe_grouped_gemm = True,False,/home/zjb/Desktop/fabric-data-analysis/fabric-data-analysis-raw/0731_224gpu_pp14_cp2_a2a/extracted/framework/2026-07-30-09:38/worker33020/2026-07-30_0938/tp1_pp14_dp_mbs2_numbs_gbs48_gpus0_mtp1_forcelbfalse_pertensorfalse_NO_LOSS_REDUCE.RANK2.10.124.33.20.log,32e167f41c8281b8f0711c4dbf3d51dd6a815a24caea87c4a01d03d9a375d744,evaluator_only_NEVER_MODEL_FIT
101,runtime_config_dump,moe_token_dispatcher_type,'flex',5262ce2b235afbbac992606ca12f246a1197764e7e1b608f423cde01383d4eff,moe_token_dispatcher_type = 'flex',False,/home/zjb/Desktop/fabric-data-analysis/fabric-data-analysis-raw/0731_224gpu_pp14_cp2_a2a/extracted/framework/2026-07-30-09:38/worker33020/2026-07-30_0938/tp1_pp14_dp_mbs2_numbs_gbs48_gpus0_mtp1_forcelbfalse_pertensorfalse_NO_LOSS_REDUCE.RANK2.10.124.33.20.log,32e167f41c8281b8f0711c4dbf3d51dd6a815a24caea87c4a01d03d9a375d744,evaluator_only_NEVER_MODEL_FIT
101,runtime_config_dump,moe_enable_deepep,True,5262ce2b235afbbac992606ca12f246a1197764e7e1b608f423cde01383d4eff,moe_enable_deepep = True,False,/home/zjb/Desktop/fabric-data-analysis/fabric-data-analysis-raw/0731_224gpu_pp14_cp2_a2a/extracted/framework/2026-07-30-09:38/worker33020/2026-07-30_0938/tp1_pp14_dp_mbs2_numbs_gbs48_gpus0_mtp1_forcelbfalse_pertensorfalse_NO_LOSS_REDUCE.RANK2.10.124.33.20.log,32e167f41c8281b8f0711c4dbf3d51dd6a815a24caea87c4a01d03d9a375d744,evaluator_only_NEVER_MODEL_FIT
101,runtime_config_dump,moe_expert_capacity_factor,2.0,5262ce2b235afbbac992606ca12f246a1197764e7e1b608f423cde01383d4eff,moe_expert_capacity_factor = 2.0,False,/home/zjb/Desktop/fabric-data-analysis/fabric-data-analysis-raw/0731_224gpu_pp14_cp2_a2a/extracted/framework/2026-07-30-09:38/worker33020/2026-07-30_0938/tp1_pp14_dp_mbs2_numbs_gbs48_gpus0_mtp1_forcelbfalse_pertensorfalse_NO_LOSS_REDUCE.RANK2.10.124.33.20.log,32e167f41c8281b8f0711c4dbf3d51dd6a815a24caea87c4a01d03d9a375d744,evaluator_only_NEVER_MODEL_FIT
101,runtime_config_dump,moe_pad_expert_input_to_capacity,False,5262ce2b235afbbac992606ca12f246a1197764e7e1b608f423cde01383d4eff,moe_pad_expert_input_to_capacity = False,False,/home/zjb/Desktop/fabric-data-analysis/fabric-data-analysis-raw/0731_224gpu_pp14_cp2_a2a/extracted/framework/2026-07-30-09:38/worker33020/2026-07-30_0938/tp1_pp14_dp_mbs2_numbs_gbs48_gpus0_mtp1_forcelbfalse_pertensorfalse_NO_LOSS_REDUCE.RANK2.10.124.33.20.log,32e167f41c8281b8f0711c4dbf3d51dd6a815a24caea87c4a01d03d9a375d744,evaluator_only_NEVER_MODEL_FIT
101,runtime_config_dump,moe_token_drop_policy,'probs',5262ce2b235afbbac992606ca12f246a1197764e7e1b608f423cde01383d4eff,moe_token_drop_policy = 'probs',False,/home/zjb/Desktop/fabric-data-analysis/fabric-data-analysis-raw/0731_224gpu_pp14_cp2_a2a/extracted/framework/2026-07-30-09:38/worker33020/2026-07-30_0938/tp1_pp14_dp_mbs2_numbs_gbs48_gpus0_mtp1_forcelbfalse_pertensorfalse_NO_LOSS_REDUCE.RANK2.10.124.33.20.log,32e167f41c8281b8f0711c4dbf3d51dd6a815a24caea87c4a01d03d9a375d744,evaluator_only_NEVER_MODEL_FIT
101,runtime_config_dump,moe_permute_fusion,True,5262ce2b235afbbac992606ca12f246a1197764e7e1b608f423cde01383d4eff,moe_permute_fusion = True,False,/home/zjb/Desktop/fabric-data-analysis/fabric-data-analysis-raw/0731_224gpu_pp14_cp2_a2a/extracted/framework/2026-07-30-09:38/worker33020/2026-07-30_0938/tp1_pp14_dp_mbs2_numbs_gbs48_gpus0_mtp1_forcelbfalse_pertensorfalse_NO_LOSS_REDUCE.RANK2.10.124.33.20.log,32e167f41c8281b8f0711c4dbf3d51dd6a815a24caea87c4a01d03d9a375d744,evaluator_only_NEVER_MODEL_FIT
101,runtime_config_dump,moe_router_fusion,False,5262ce2b235afbbac992606ca12f246a1197764e7e1b608f423cde01383d4eff,moe_router_fusion = False,False,/home/zjb/Desktop/fabric-data-analysis/fabric-data-analysis-raw/0731_224gpu_pp14_cp2_a2a/extracted/framework/2026-07-30-09:38/worker33020/2026-07-30_0938/tp1_pp14_dp_mbs2_numbs_gbs48_gpus0_mtp1_forcelbfalse_pertensorfalse_NO_LOSS_REDUCE.RANK2.10.124.33.20.log,32e167f41c8281b8f0711c4dbf3d51dd6a815a24caea87c4a01d03d9a375d744,evaluator_only_NEVER_MODEL_FIT
101,runtime_config_dump,cp_comm_type,'a2a',5262ce2b235afbbac992606ca12f246a1197764e7e1b608f423cde01383d4eff,cp_comm_type = 'a2a',False,/home/zjb/Desktop/fabric-data-analysis/fabric-data-analysis-raw/0731_224gpu_pp14_cp2_a2a/extracted/framework/2026-07-30-09:38/worker33020/2026-07-30_0938/tp1_pp14_dp_mbs2_numbs_gbs48_gpus0_mtp1_forcelbfalse_pertensorfalse_NO_LOSS_REDUCE.RANK2.10.124.33.20.log,32e167f41c8281b8f0711c4dbf3d51dd6a815a24caea87c4a01d03d9a375d744,evaluator_only_NEVER_MODEL_FIT
101,runtime_config_dump,transformer_impl,'transformer_engine',5262ce2b235afbbac992606ca12f246a1197764e7e1b608f423cde01383d4eff,transformer_impl = 'transformer_engine',False,/home/zjb/Desktop/fabric-data-analysis/fabric-data-analysis-raw/0731_224gpu_pp14_cp2_a2a/extracted/framework/2026-07-30-09:38/worker33020/2026-07-30_0938/tp1_pp14_dp_mbs2_numbs_gbs48_gpus0_mtp1_forcelbfalse_pertensorfalse_NO_LOSS_REDUCE.RANK2.10.124.33.20.log,32e167f41c8281b8f0711c4dbf3d51dd6a815a24caea87c4a01d03d9a375d744,evaluator_only_NEVER_MODEL_FIT
101,runtime_config_dump,q_lora_rank,1536,5262ce2b235afbbac992606ca12f246a1197764e7e1b608f423cde01383d4eff,q_lora_rank = 1536,False,/home/zjb/Desktop/fabric-data-analysis/fabric-data-analysis-raw/0731_224gpu_pp14_cp2_a2a/extracted/framework/2026-07-30-09:38/worker33020/2026-07-30_0938/tp1_pp14_dp_mbs2_numbs_gbs48_gpus0_mtp1_forcelbfalse_pertensorfalse_NO_LOSS_REDUCE.RANK2.10.124.33.20.log,32e167f41c8281b8f0711c4dbf3d51dd6a815a24caea87c4a01d03d9a375d744,evaluator_only_NEVER_MODEL_FIT
101,runtime_config_dump,kv_lora_rank,512,5262ce2b235afbbac992606ca12f246a1197764e7e1b608f423cde01383d4eff,kv_lora_rank = 512,False,/home/zjb/Desktop/fabric-data-analysis/fabric-data-analysis-raw/0731_224gpu_pp14_cp2_a2a/extracted/framework/2026-07-30-09:38/worker33020/2026-07-30_0938/tp1_pp14_dp_mbs2_numbs_gbs48_gpus0_mtp1_forcelbfalse_pertensorfalse_NO_LOSS_REDUCE.RANK2.10.124.33.20.log,32e167f41c8281b8f0711c4dbf3d51dd6a815a24caea87c4a01d03d9a375d744,evaluator_only_NEVER_MODEL_FIT
101,runtime_config_dump,qk_head_dim,128,5262ce2b235afbbac992606ca12f246a1197764e7e1b608f423cde01383d4eff,qk_head_dim = 128,False,/home/zjb/Desktop/fabric-data-analysis/fabric-data-analysis-raw/0731_224gpu_pp14_cp2_a2a/extracted/framework/2026-07-30-09:38/worker33020/2026-07-30_0938/tp1_pp14_dp_mbs2_numbs_gbs48_gpus0_mtp1_forcelbfalse_pertensorfalse_NO_LOSS_REDUCE.RANK2.10.124.33.20.log,32e167f41c8281b8f0711c4dbf3d51dd6a815a24caea87c4a01d03d9a375d744,evaluator_only_NEVER_MODEL_FIT
101,runtime_config_dump,qk_pos_emb_head_dim,64,5262ce2b235afbbac992606ca12f246a1197764e7e1b608f423cde01383d4eff,qk_pos_emb_head_dim = 64,False,/home/zjb/Desktop/fabric-data-analysis/fabric-data-analysis-raw/0731_224gpu_pp14_cp2_a2a/extracted/framework/2026-07-30-09:38/worker33020/2026-07-30_0938/tp1_pp14_dp_mbs2_numbs_gbs48_gpus0_mtp1_forcelbfalse_pertensorfalse_NO_LOSS_REDUCE.RANK2.10.124.33.20.log,32e167f41c8281b8f0711c4dbf3d51dd6a815a24caea87c4a01d03d9a375d744,evaluator_only_NEVER_MODEL_FIT
101,runtime_config_dump,v_head_dim,128,5262ce2b235afbbac992606ca12f246a1197764e7e1b608f423cde01383d4eff,v_head_dim = 128,False,/home/zjb/Desktop/fabric-data-analysis/fabric-data-analysis-raw/0731_224gpu_pp14_cp2_a2a/extracted/framework/2026-07-30-09:38/worker33020/2026-07-30_0938/tp1_pp14_dp_mbs2_numbs_gbs48_gpus0_mtp1_forcelbfalse_pertensorfalse_NO_LOSS_REDUCE.RANK2.10.124.33.20.log,32e167f41c8281b8f0711c4dbf3d51dd6a815a24caea87c4a01d03d9a375d744,evaluator_only_NEVER_MODEL_FIT
102,runtime_config_dump,tensor_model_parallel_size,1,cf29a84b98eb3e5caddd2012151fb2df05f2f80d6f3f105f672914bf4222189f,tensor_model_parallel_size = 1,False,/home/zjb/Desktop/fabric-data-analysis/fabric-data-analysis-raw/0731_224gpu_pp14_cp2_a2a/extracted/framework/2026-07-30-09:38/worker33020/2026-07-30_0938/tp1_pp14_dp_mbs2_numbs_gbs48_gpus0_mtp1_forcelbfalse_pertensorfalse_NO_LOSS_REDUCE.RANK2.10.124.33.20.log,32e167f41c8281b8f0711c4dbf3d51dd6a815a24caea87c4a01d03d9a375d744,evaluator_only_NEVER_MODEL_FIT
102,runtime_config_dump,pipeline_model_parallel_size,14,cf29a84b98eb3e5caddd2012151fb2df05f2f80d6f3f105f672914bf4222189f,pipeline_model_parallel_size = 14,False,/home/zjb/Desktop/fabric-data-analysis/fabric-data-analysis-raw/0731_224gpu_pp14_cp2_a2a/extracted/framework/2026-07-30-09:38/worker33020/2026-07-30_0938/tp1_pp14_dp_mbs2_numbs_gbs48_gpus0_mtp1_forcelbfalse_pertensorfalse_NO_LOSS_REDUCE.RANK2.10.124.33.20.log,32e167f41c8281b8f0711c4dbf3d51dd6a815a24caea87c4a01d03d9a375d744,evaluator_only_NEVER_MODEL_FIT
102,runtime_config_dump,virtual_pipeline_model_parallel_size,None,cf29a84b98eb3e5caddd2012151fb2df05f2f80d6f3f105f672914bf4222189f,virtual_pipeline_model_parallel_size = None,False,/home/zjb/Desktop/fabric-data-analysis/fabric-data-analysis-raw/0731_224gpu_pp14_cp2_a2a/extracted/framework/2026-07-30-09:38/worker33020/2026-07-30_0938/tp1_pp14_dp_mbs2_numbs_gbs48_gpus0_mtp1_forcelbfalse_pertensorfalse_NO_LOSS_REDUCE.RANK2.10.124.33.20.log,32e167f41c8281b8f0711c4dbf3d51dd6a815a24caea87c4a01d03d9a375d744,evaluator_only_NEVER_MODEL_FIT
102,runtime_config_dump,sequence_parallel,False,cf29a84b98eb3e5caddd2012151fb2df05f2f80d6f3f105f672914bf4222189f,sequence_parallel = False,False,/home/zjb/Desktop/fabric-data-analysis/fabric-data-analysis-raw/0731_224gpu_pp14_cp2_a2a/extracted/framework/2026-07-30-09:38/worker33020/2026-07-30_0938/tp1_pp14_dp_mbs2_numbs_gbs48_gpus0_mtp1_forcelbfalse_pertensorfalse_NO_LOSS_REDUCE.RANK2.10.124.33.20.log,32e167f41c8281b8f0711c4dbf3d51dd6a815a24caea87c4a01d03d9a375d744,evaluator_only_NEVER_MODEL_FIT
102,runtime_config_dump,context_parallel_size,2,cf29a84b98eb3e5caddd2012151fb2df05f2f80d6f3f105f672914bf4222189f,context_parallel_size = 2,False,/home/zjb/Desktop/fabric-data-analysis/fabric-data-analysis-raw/0731_224gpu_pp14_cp2_a2a/extracted/framework/2026-07-30-09:38/worker33020/2026-07-30_0938/tp1_pp14_dp_mbs2_numbs_gbs48_gpus0_mtp1_forcelbfalse_pertensorfalse_NO_LOSS_REDUCE.RANK2.10.124.33.20.log,32e167f41c8281b8f0711c4dbf3d51dd6a815a24caea87c4a01d03d9a375d744,evaluator_only_NEVER_MODEL_FIT
102,runtime_config_dump,expert_model_parallel_size,8,cf29a84b98eb3e5caddd2012151fb2df05f2f80d6f3f105f672914bf4222189f,expert_model_parallel_size = 8,False,/home/zjb/Desktop/fabric-data-analysis/fabric-data-analysis-raw/0731_224gpu_pp14_cp2_a2a/extracted/framework/2026-07-30-09:38/worker33020/2026-07-30_0938/tp1_pp14_dp_mbs2_numbs_gbs48_gpus0_mtp1_forcelbfalse_pertensorfalse_NO_LOSS_REDUCE.RANK2.10.124.33.20.log,32e167f41c8281b8f0711c4dbf3d51dd6a815a24caea87c4a01d03d9a375d744,evaluator_only_NEVER_MODEL_FIT
102,runtime_config_dump,fp16,False,cf29a84b98eb3e5caddd2012151fb2df05f2f80d6f3f105f672914bf4222189f,fp16 = False,False,/home/zjb/Desktop/fabric-data-analysis/fabric-data-analysis-raw/0731_224gpu_pp14_cp2_a2a/extracted/framework/2026-07-30-09:38/worker33020/2026-07-30_0938/tp1_pp14_dp_mbs2_numbs_gbs48_gpus0_mtp1_forcelbfalse_pertensorfalse_NO_LOSS_REDUCE.RANK2.10.124.33.20.log,32e167f41c8281b8f0711c4dbf3d51dd6a815a24caea87c4a01d03d9a375d744,evaluator_only_NEVER_MODEL_FIT
102,runtime_config_dump,bf16,True,cf29a84b98eb3e5caddd2012151fb2df05f2f80d6f3f105f672914bf4222189f,bf16 = True,False,/home/zjb/Desktop/fabric-data-analysis/fabric-data-analysis-raw/0731_224gpu_pp14_cp2_a2a/extracted/framework/2026-07-30-09:38/worker33020/2026-07-30_0938/tp1_pp14_dp_mbs2_numbs_gbs48_gpus0_mtp1_forcelbfalse_pertensorfalse_NO_LOSS_REDUCE.RANK2.10.124.33.20.log,32e167f41c8281b8f0711c4dbf3d51dd6a815a24caea87c4a01d03d9a375d744,evaluator_only_NEVER_MODEL_FIT
102,runtime_config_dump,params_dtype,torch.bfloat16,cf29a84b98eb3e5caddd2012151fb2df05f2f80d6f3f105f672914bf4222189f,params_dtype = torch.bfloat16,False,/home/zjb/Desktop/fabric-data-analysis/fabric-data-analysis-raw/0731_224gpu_pp14_cp2_a2a/extracted/framework/2026-07-30-09:38/worker33020/2026-07-30_0938/tp1_pp14_dp_mbs2_numbs_gbs48_gpus0_mtp1_forcelbfalse_pertensorfalse_NO_LOSS_REDUCE.RANK2.10.124.33.20.log,32e167f41c8281b8f0711c4dbf3d51dd6a815a24caea87c4a01d03d9a375d744,evaluator_only_NEVER_MODEL_FIT
102,runtime_config_dump,gradient_accumulation_fusion,True,cf29a84b98eb3e5caddd2012151fb2df05f2f80d6f3f105f672914bf4222189f,gradient_accumulation_fusion = True,False,/home/zjb/Desktop/fabric-data-analysis/fabric-data-analysis-raw/0731_224gpu_pp14_cp2_a2a/extracted/framework/2026-07-30-09:38/worker33020/2026-07-30_0938/tp1_pp14_dp_mbs2_numbs_gbs48_gpus0_mtp1_forcelbfalse_pertensorfalse_NO_LOSS_REDUCE.RANK2.10.124.33.20.log,32e167f41c8281b8f0711c4dbf3d51dd6a815a24caea87c4a01d03d9a375d744,evaluator_only_NEVER_MODEL_FIT
102,runtime_config_dump,overlap_moe_expert_parallel_comm,False,cf29a84b98eb3e5caddd2012151fb2df05f2f80d6f3f105f672914bf4222189f,overlap_moe_expert_parallel_comm = False,False,/home/zjb/Desktop/fabric-data-analysis/fabric-data-analysis-raw/0731_224gpu_pp14_cp2_a2a/extracted/framework/2026-07-30-09:38/worker33020/2026-07-30_0938/tp1_pp14_dp_mbs2_numbs_gbs48_gpus0_mtp1_forcelbfalse_pertensorfalse_NO_LOSS_REDUCE.RANK2.10.124.33.20.log,32e167f41c8281b8f0711c4dbf3d51dd6a815a24caea87c4a01d03d9a375d744,evaluator_only_NEVER_MODEL_FIT
102,runtime_config_dump,overlap_p2p_comm,False,cf29a84b98eb3e5caddd2012151fb2df05f2f80d6f3f105f672914bf4222189f,overlap_p2p_comm = False,False,/home/zjb/Desktop/fabric-data-analysis/fabric-data-analysis-raw/0731_224gpu_pp14_cp2_a2a/extracted/framework/2026-07-30-09:38/worker33020/2026-07-30_0938/tp1_pp14_dp_mbs2_numbs_gbs48_gpus0_mtp1_forcelbfalse_pertensorfalse_NO_LOSS_REDUCE.RANK2.10.124.33.20.log,32e167f41c8281b8f0711c4dbf3d51dd6a815a24caea87c4a01d03d9a375d744,evaluator_only_NEVER_MODEL_FIT
102,runtime_config_dump,batch_p2p_comm,True,cf29a84b98eb3e5caddd2012151fb2df05f2f80d6f3f105f672914bf4222189f,batch_p2p_comm = True,False,/home/zjb/Desktop/fabric-data-analysis/fabric-data-analysis-raw/0731_224gpu_pp14_cp2_a2a/extracted/framework/2026-07-30-09:38/worker33020/2026-07-30_0938/tp1_pp14_dp_mbs2_numbs_gbs48_gpus0_mtp1_forcelbfalse_pertensorfalse_NO_LOSS_REDUCE.RANK2.10.124.33.20.log,32e167f41c8281b8f0711c4dbf3d51dd6a815a24caea87c4a01d03d9a375d744,evaluator_only_NEVER_MODEL_FIT
102,runtime_config_dump,batch_p2p_sync,True,cf29a84b98eb3e5caddd2012151fb2df05f2f80d6f3f105f672914bf4222189f,batch_p2p_sync = True,False,/home/zjb/Desktop/fabric-data-analysis/fabric-data-analysis-raw/0731_224gpu_pp14_cp2_a2a/extracted/framework/2026-07-30-09:38/worker33020/2026-07-30_0938/tp1_pp14_dp_mbs2_numbs_gbs48_gpus0_mtp1_forcelbfalse_pertensorfalse_NO_LOSS_REDUCE.RANK2.10.124.33.20.log,32e167f41c8281b8f0711c4dbf3d51dd6a815a24caea87c4a01d03d9a375d744,evaluator_only_NEVER_MODEL_FIT
102,runtime_config_dump,num_layers,52,cf29a84b98eb3e5caddd2012151fb2df05f2f80d6f3f105f672914bf4222189f,num_layers = 52,False,/home/zjb/Desktop/fabric-data-analysis/fabric-data-analysis-raw/0731_224gpu_pp14_cp2_a2a/extracted/framework/2026-07-30-09:38/worker33020/2026-07-30_0938/tp1_pp14_dp_mbs2_numbs_gbs48_gpus0_mtp1_forcelbfalse_pertensorfalse_NO_LOSS_REDUCE.RANK2.10.124.33.20.log,32e167f41c8281b8f0711c4dbf3d51dd6a815a24caea87c4a01d03d9a375d744,evaluator_only_NEVER_MODEL_FIT
102,runtime_config_dump,mtp_num_layers,None,cf29a84b98eb3e5caddd2012151fb2df05f2f80d6f3f105f672914bf4222189f,mtp_num_layers = None,False,/home/zjb/Desktop/fabric-data-analysis/fabric-data-analysis-raw/0731_224gpu_pp14_cp2_a2a/extracted/framework/2026-07-30-09:38/worker33020/2026-07-30_0938/tp1_pp14_dp_mbs2_numbs_gbs48_gpus0_mtp1_forcelbfalse_pertensorfalse_NO_LOSS_REDUCE.RANK2.10.124.33.20.log,32e167f41c8281b8f0711c4dbf3d51dd6a815a24caea87c4a01d03d9a375d744,evaluator_only_NEVER_MODEL_FIT
102,runtime_config_dump,hidden_size,5120,cf29a84b98eb3e5caddd2012151fb2df05f2f80d6f3f105f672914bf4222189f,hidden_size = 5120,False,/home/zjb/Desktop/fabric-data-analysis/fabric-data-analysis-raw/0731_224gpu_pp14_cp2_a2a/extracted/framework/2026-07-30-09:38/worker33020/2026-07-30_0938/tp1_pp14_dp_mbs2_numbs_gbs48_gpus0_mtp1_forcelbfalse_pertensorfalse_NO_LOSS_REDUCE.RANK2.10.124.33.20.log,32e167f41c8281b8f0711c4dbf3d51dd6a815a24caea87c4a01d03d9a375d744,evaluator_only_NEVER_MODEL_FIT
102,runtime_config_dump,num_attention_heads,128,cf29a84b98eb3e5caddd2012151fb2df05f2f80d6f3f105f672914bf4222189f,num_attention_heads = 128,False,/home/zjb/Desktop/fabric-data-analysis/fabric-data-analysis-raw/0731_224gpu_pp14_cp2_a2a/extracted/framework/2026-07-30-09:38/worker33020/2026-07-30_0938/tp1_pp14_dp_mbs2_numbs_gbs48_gpus0_mtp1_forcelbfalse_pertensorfalse_NO_LOSS_REDUCE.RANK2.10.124.33.20.log,32e167f41c8281b8f0711c4dbf3d51dd6a815a24caea87c4a01d03d9a375d744,evaluator_only_NEVER_MODEL_FIT
102,runtime_config_dump,ffn_hidden_size,12288,cf29a84b98eb3e5caddd2012151fb2df05f2f80d6f3f105f672914bf4222189f,ffn_hidden_size = 12288,False,/home/zjb/Desktop/fabric-data-analysis/fabric-data-analysis-raw/0731_224gpu_pp14_cp2_a2a/extracted/framework/2026-07-30-09:38/worker33020/2026-07-30_0938/tp1_pp14_dp_mbs2_numbs_gbs48_gpus0_mtp1_forcelbfalse_pertensorfalse_NO_LOSS_REDUCE.RANK2.10.124.33.20.log,32e167f41c8281b8f0711c4dbf3d51dd6a815a24caea87c4a01d03d9a375d744,evaluator_only_NEVER_MODEL_FIT
102,runtime_config_dump,moe_deepep_num_sms,20,cf29a84b98eb3e5caddd2012151fb2df05f2f80d6f3f105f672914bf4222189f,moe_deepep_num_sms = 20,False,/home/zjb/Desktop/fabric-data-analysis/fabric-data-analysis-raw/0731_224gpu_pp14_cp2_a2a/extracted/framework/2026-07-30-09:38/worker33020/2026-07-30_0938/tp1_pp14_dp_mbs2_numbs_gbs48_gpus0_mtp1_forcelbfalse_pertensorfalse_NO_LOSS_REDUCE.RANK2.10.124.33.20.log,32e167f41c8281b8f0711c4dbf3d51dd6a815a24caea87c4a01d03d9a375d744,evaluator_only_NEVER_MODEL_FIT
102,runtime_config_dump,bias_dropout_fusion,False,cf29a84b98eb3e5caddd2012151fb2df05f2f80d6f3f105f672914bf4222189f,bias_dropout_fusion = False,False,/home/zjb/Desktop/fabric-data-analysis/fabric-data-analysis-raw/0731_224gpu_pp14_cp2_a2a/extracted/framework/2026-07-30-09:38/worker33020/2026-07-30_0938/tp1_pp14_dp_mbs2_numbs_gbs48_gpus0_mtp1_forcelbfalse_pertensorfalse_NO_LOSS_REDUCE.RANK2.10.124.33.20.log,32e167f41c8281b8f0711c4dbf3d51dd6a815a24caea87c4a01d03d9a375d744,evaluator_only_NEVER_MODEL_FIT
102,runtime_config_dump,recompute_granularity,'full',cf29a84b98eb3e5caddd2012151fb2df05f2f80d6f3f105f672914bf4222189f,recompute_granularity = 'full',False,/home/zjb/Desktop/fabric-data-analysis/fabric-data-analysis-raw/0731_224gpu_pp14_cp2_a2a/extracted/framework/2026-07-30-09:38/worker33020/2026-07-30_0938/tp1_pp14_dp_mbs2_numbs_gbs48_gpus0_mtp1_forcelbfalse_pertensorfalse_NO_LOSS_REDUCE.RANK2.10.124.33.20.log,32e167f41c8281b8f0711c4dbf3d51dd6a815a24caea87c4a01d03d9a375d744,evaluator_only_NEVER_MODEL_FIT
102,runtime_config_dump,recompute_method,'block',cf29a84b98eb3e5caddd2012151fb2df05f2f80d6f3f105f672914bf4222189f,recompute_method = 'block',False,/home/zjb/Desktop/fabric-data-analysis/fabric-data-analysis-raw/0731_224gpu_pp14_cp2_a2a/extracted/framework/2026-07-30-09:38/worker33020/2026-07-30_0938/tp1_pp14_dp_mbs2_numbs_gbs48_gpus0_mtp1_forcelbfalse_pertensorfalse_NO_LOSS_REDUCE.RANK2.10.124.33.20.log,32e167f41c8281b8f0711c4dbf3d51dd6a815a24caea87c4a01d03d9a375d744,evaluator_only_NEVER_MODEL_FIT
102,runtime_config_dump,recompute_num_layers,4,cf29a84b98eb3e5caddd2012151fb2df05f2f80d6f3f105f672914bf4222189f,recompute_num_layers = 4,False,/home/zjb/Desktop/fabric-data-analysis/fabric-data-analysis-raw/0731_224gpu_pp14_cp2_a2a/extracted/framework/2026-07-30-09:38/worker33020/2026-07-30_0938/tp1_pp14_dp_mbs2_numbs_gbs48_gpus0_mtp1_forcelbfalse_pertensorfalse_NO_LOSS_REDUCE.RANK2.10.124.33.20.log,32e167f41c8281b8f0711c4dbf3d51dd6a815a24caea87c4a01d03d9a375d744,evaluator_only_NEVER_MODEL_FIT
102,runtime_config_dump,fp8,None,cf29a84b98eb3e5caddd2012151fb2df05f2f80d6f3f105f672914bf4222189f,fp8 = None,False,/home/zjb/Desktop/fabric-data-analysis/fabric-data-analysis-raw/0731_224gpu_pp14_cp2_a2a/extracted/framework/2026-07-30-09:38/worker33020/2026-07-30_0938/tp1_pp14_dp_mbs2_numbs_gbs48_gpus0_mtp1_forcelbfalse_pertensorfalse_NO_LOSS_REDUCE.RANK2.10.124.33.20.log,32e167f41c8281b8f0711c4dbf3d51dd6a815a24caea87c4a01d03d9a375d744,evaluator_only_NEVER_MODEL_FIT
102,runtime_config_dump,moe_shared_expert_intermediate_size,3072,cf29a84b98eb3e5caddd2012151fb2df05f2f80d6f3f105f672914bf4222189f,moe_shared_expert_intermediate_size = 3072,False,/home/zjb/Desktop/fabric-data-analysis/fabric-data-analysis-raw/0731_224gpu_pp14_cp2_a2a/extracted/framework/2026-07-30-09:38/worker33020/2026-07-30_0938/tp1_pp14_dp_mbs2_numbs_gbs48_gpus0_mtp1_forcelbfalse_pertensorfalse_NO_LOSS_REDUCE.RANK2.10.124.33.20.log,32e167f41c8281b8f0711c4dbf3d51dd6a815a24caea87c4a01d03d9a375d744,evaluator_only_NEVER_MODEL_FIT
102,runtime_config_dump,moe_shared_expert_overlap,False,cf29a84b98eb3e5caddd2012151fb2df05f2f80d6f3f105f672914bf4222189f,moe_shared_expert_overlap = False,False,/home/zjb/Desktop/fabric-data-analysis/fabric-data-analysis-raw/0731_224gpu_pp14_cp2_a2a/extracted/framework/2026-07-30-09:38/worker33020/2026-07-30_0938/tp1_pp14_dp_mbs2_numbs_gbs48_gpus0_mtp1_forcelbfalse_pertensorfalse_NO_LOSS_REDUCE.RANK2.10.124.33.20.log,32e167f41c8281b8f0711c4dbf3d51dd6a815a24caea87c4a01d03d9a375d744,evaluator_only_NEVER_MODEL_FIT
102,runtime_config_dump,moe_ffn_hidden_size,1536,cf29a84b98eb3e5caddd2012151fb2df05f2f80d6f3f105f672914bf4222189f,moe_ffn_hidden_size = 1536,False,/home/zjb/Desktop/fabric-data-analysis/fabric-data-analysis-raw/0731_224gpu_pp14_cp2_a2a/extracted/framework/2026-07-30-09:38/worker33020/2026-07-30_0938/tp1_pp14_dp_mbs2_numbs_gbs48_gpus0_mtp1_forcelbfalse_pertensorfalse_NO_LOSS_REDUCE.RANK2.10.124.33.20.log,32e167f41c8281b8f0711c4dbf3d51dd6a815a24caea87c4a01d03d9a375d744,evaluator_only_NEVER_MODEL_FIT
102,runtime_config_dump,moe_router_load_balancing_type,'aux_loss',cf29a84b98eb3e5caddd2012151fb2df05f2f80d6f3f105f672914bf4222189f,moe_router_load_balancing_type = 'aux_loss',False,/home/zjb/Desktop/fabric-data-analysis/fabric-data-analysis-raw/0731_224gpu_pp14_cp2_a2a/extracted/framework/2026-07-30-09:38/worker33020/2026-07-30_0938/tp1_pp14_dp_mbs2_numbs_gbs48_gpus0_mtp1_forcelbfalse_pertensorfalse_NO_LOSS_REDUCE.RANK2.10.124.33.20.log,32e167f41c8281b8f0711c4dbf3d51dd6a815a24caea87c4a01d03d9a375d744,evaluator_only_NEVER_MODEL_FIT
102,runtime_config_dump,moe_router_topk,6,cf29a84b98eb3e5caddd2012151fb2df05f2f80d6f3f105f672914bf4222189f,moe_router_topk = 6,False,/home/zjb/Desktop/fabric-data-analysis/fabric-data-analysis-raw/0731_224gpu_pp14_cp2_a2a/extracted/framework/2026-07-30-09:38/worker33020/2026-07-30_0938/tp1_pp14_dp_mbs2_numbs_gbs48_gpus0_mtp1_forcelbfalse_pertensorfalse_NO_LOSS_REDUCE.RANK2.10.124.33.20.log,32e167f41c8281b8f0711c4dbf3d51dd6a815a24caea87c4a01d03d9a375d744,evaluator_only_NEVER_MODEL_FIT
102,runtime_config_dump,moe_router_score_function,'softmax',cf29a84b98eb3e5caddd2012151fb2df05f2f80d6f3f105f672914bf4222189f,moe_router_score_function = 'softmax',False,/home/zjb/Desktop/fabric-data-analysis/fabric-data-analysis-raw/0731_224gpu_pp14_cp2_a2a/extracted/framework/2026-07-30-09:38/worker33020/2026-07-30_0938/tp1_pp14_dp_mbs2_numbs_gbs48_gpus0_mtp1_forcelbfalse_pertensorfalse_NO_LOSS_REDUCE.RANK2.10.124.33.20.log,32e167f41c8281b8f0711c4dbf3d51dd6a815a24caea87c4a01d03d9a375d744,evaluator_only_NEVER_MODEL_FIT
102,runtime_config_dump,moe_router_dtype,'fp32',cf29a84b98eb3e5caddd2012151fb2df05f2f80d6f3f105f672914bf4222189f,moe_router_dtype = 'fp32',False,/home/zjb/Desktop/fabric-data-analysis/fabric-data-analysis-raw/0731_224gpu_pp14_cp2_a2a/extracted/framework/2026-07-30-09:38/worker33020/2026-07-30_0938/tp1_pp14_dp_mbs2_numbs_gbs48_gpus0_mtp1_forcelbfalse_pertensorfalse_NO_LOSS_REDUCE.RANK2.10.124.33.20.log,32e167f41c8281b8f0711c4dbf3d51dd6a815a24caea87c4a01d03d9a375d744,evaluator_only_NEVER_MODEL_FIT
102,runtime_config_dump,moe_router_force_load_balancing,False,cf29a84b98eb3e5caddd2012151fb2df05f2f80d6f3f105f672914bf4222189f,moe_router_force_load_balancing = False,False,/home/zjb/Desktop/fabric-data-analysis/fabric-data-analysis-raw/0731_224gpu_pp14_cp2_a2a/extracted/framework/2026-07-30-09:38/worker33020/2026-07-30_0938/tp1_pp14_dp_mbs2_numbs_gbs48_gpus0_mtp1_forcelbfalse_pertensorfalse_NO_LOSS_REDUCE.RANK2.10.124.33.20.log,32e167f41c8281b8f0711c4dbf3d51dd6a815a24caea87c4a01d03d9a375d744,evaluator_only_NEVER_MODEL_FIT
102,runtime_config_dump,moe_grouped_gemm,True,cf29a84b98eb3e5caddd2012151fb2df05f2f80d6f3f105f672914bf4222189f,moe_grouped_gemm = True,False,/home/zjb/Desktop/fabric-data-analysis/fabric-data-analysis-raw/0731_224gpu_pp14_cp2_a2a/extracted/framework/2026-07-30-09:38/worker33020/2026-07-30_0938/tp1_pp14_dp_mbs2_numbs_gbs48_gpus0_mtp1_forcelbfalse_pertensorfalse_NO_LOSS_REDUCE.RANK2.10.124.33.20.log,32e167f41c8281b8f0711c4dbf3d51dd6a815a24caea87c4a01d03d9a375d744,evaluator_only_NEVER_MODEL_FIT
102,runtime_config_dump,moe_token_dispatcher_type,'flex',cf29a84b98eb3e5caddd2012151fb2df05f2f80d6f3f105f672914bf4222189f,moe_token_dispatcher_type = 'flex',False,/home/zjb/Desktop/fabric-data-analysis/fabric-data-analysis-raw/0731_224gpu_pp14_cp2_a2a/extracted/framework/2026-07-30-09:38/worker33020/2026-07-30_0938/tp1_pp14_dp_mbs2_numbs_gbs48_gpus0_mtp1_forcelbfalse_pertensorfalse_NO_LOSS_REDUCE.RANK2.10.124.33.20.log,32e167f41c8281b8f0711c4dbf3d51dd6a815a24caea87c4a01d03d9a375d744,evaluator_only_NEVER_MODEL_FIT
102,runtime_config_dump,moe_enable_deepep,True,cf29a84b98eb3e5caddd2012151fb2df05f2f80d6f3f105f672914bf4222189f,moe_enable_deepep = True,False,/home/zjb/Desktop/fabric-data-analysis/fabric-data-analysis-raw/0731_224gpu_pp14_cp2_a2a/extracted/framework/2026-07-30-09:38/worker33020/2026-07-30_0938/tp1_pp14_dp_mbs2_numbs_gbs48_gpus0_mtp1_forcelbfalse_pertensorfalse_NO_LOSS_REDUCE.RANK2.10.124.33.20.log,32e167f41c8281b8f0711c4dbf3d51dd6a815a24caea87c4a01d03d9a375d744,evaluator_only_NEVER_MODEL_FIT
102,runtime_config_dump,moe_expert_capacity_factor,2.0,cf29a84b98eb3e5caddd2012151fb2df05f2f80d6f3f105f672914bf4222189f,moe_expert_capacity_factor = 2.0,False,/home/zjb/Desktop/fabric-data-analysis/fabric-data-analysis-raw/0731_224gpu_pp14_cp2_a2a/extracted/framework/2026-07-30-09:38/worker33020/2026-07-30_0938/tp1_pp14_dp_mbs2_numbs_gbs48_gpus0_mtp1_forcelbfalse_pertensorfalse_NO_LOSS_REDUCE.RANK2.10.124.33.20.log,32e167f41c8281b8f0711c4dbf3d51dd6a815a24caea87c4a01d03d9a375d744,evaluator_only_NEVER_MODEL_FIT
102,runtime_config_dump,moe_pad_expert_input_to_capacity,False,cf29a84b98eb3e5caddd2012151fb2df05f2f80d6f3f105f672914bf4222189f,moe_pad_expert_input_to_capacity = False,False,/home/zjb/Desktop/fabric-data-analysis/fabric-data-analysis-raw/0731_224gpu_pp14_cp2_a2a/extracted/framework/2026-07-30-09:38/worker33020/2026-07-30_0938/tp1_pp14_dp_mbs2_numbs_gbs48_gpus0_mtp1_forcelbfalse_pertensorfalse_NO_LOSS_REDUCE.RANK2.10.124.33.20.log,32e167f41c8281b8f0711c4dbf3d51dd6a815a24caea87c4a01d03d9a375d744,evaluator_only_NEVER_MODEL_FIT
102,runtime_config_dump,moe_token_drop_policy,'probs',cf29a84b98eb3e5caddd2012151fb2df05f2f80d6f3f105f672914bf4222189f,moe_token_drop_policy = 'probs',False,/home/zjb/Desktop/fabric-data-analysis/fabric-data-analysis-raw/0731_224gpu_pp14_cp2_a2a/extracted/framework/2026-07-30-09:38/worker33020/2026-07-30_0938/tp1_pp14_dp_mbs2_numbs_gbs48_gpus0_mtp1_forcelbfalse_pertensorfalse_NO_LOSS_REDUCE.RANK2.10.124.33.20.log,32e167f41c8281b8f0711c4dbf3d51dd6a815a24caea87c4a01d03d9a375d744,evaluator_only_NEVER_MODEL_FIT
102,runtime_config_dump,moe_permute_fusion,True,cf29a84b98eb3e5caddd2012151fb2df05f2f80d6f3f105f672914bf4222189f,moe_permute_fusion = True,False,/home/zjb/Desktop/fabric-data-analysis/fabric-data-analysis-raw/0731_224gpu_pp14_cp2_a2a/extracted/framework/2026-07-30-09:38/worker33020/2026-07-30_0938/tp1_pp14_dp_mbs2_numbs_gbs48_gpus0_mtp1_forcelbfalse_pertensorfalse_NO_LOSS_REDUCE.RANK2.10.124.33.20.log,32e167f41c8281b8f0711c4dbf3d51dd6a815a24caea87c4a01d03d9a375d744,evaluator_only_NEVER_MODEL_FIT
102,runtime_config_dump,moe_router_fusion,False,cf29a84b98eb3e5caddd2012151fb2df05f2f80d6f3f105f672914bf4222189f,moe_router_fusion = False,False,/home/zjb/Desktop/fabric-data-analysis/fabric-data-analysis-raw/0731_224gpu_pp14_cp2_a2a/extracted/framework/2026-07-30-09:38/worker33020/2026-07-30_0938/tp1_pp14_dp_mbs2_numbs_gbs48_gpus0_mtp1_forcelbfalse_pertensorfalse_NO_LOSS_REDUCE.RANK2.10.124.33.20.log,32e167f41c8281b8f0711c4dbf3d51dd6a815a24caea87c4a01d03d9a375d744,evaluator_only_NEVER_MODEL_FIT
102,runtime_config_dump,cp_comm_type,'a2a',cf29a84b98eb3e5caddd2012151fb2df05f2f80d6f3f105f672914bf4222189f,cp_comm_type = 'a2a',False,/home/zjb/Desktop/fabric-data-analysis/fabric-data-analysis-raw/0731_224gpu_pp14_cp2_a2a/extracted/framework/2026-07-30-09:38/worker33020/2026-07-30_0938/tp1_pp14_dp_mbs2_numbs_gbs48_gpus0_mtp1_forcelbfalse_pertensorfalse_NO_LOSS_REDUCE.RANK2.10.124.33.20.log,32e167f41c8281b8f0711c4dbf3d51dd6a815a24caea87c4a01d03d9a375d744,evaluator_only_NEVER_MODEL_FIT
102,runtime_config_dump,transformer_impl,'transformer_engine',cf29a84b98eb3e5caddd2012151fb2df05f2f80d6f3f105f672914bf4222189f,transformer_impl = 'transformer_engine',False,/home/zjb/Desktop/fabric-data-analysis/fabric-data-analysis-raw/0731_224gpu_pp14_cp2_a2a/extracted/framework/2026-07-30-09:38/worker33020/2026-07-30_0938/tp1_pp14_dp_mbs2_numbs_gbs48_gpus0_mtp1_forcelbfalse_pertensorfalse_NO_LOSS_REDUCE.RANK2.10.124.33.20.log,32e167f41c8281b8f0711c4dbf3d51dd6a815a24caea87c4a01d03d9a375d744,evaluator_only_NEVER_MODEL_FIT
102,runtime_config_dump,q_lora_rank,1536,cf29a84b98eb3e5caddd2012151fb2df05f2f80d6f3f105f672914bf4222189f,q_lora_rank = 1536,False,/home/zjb/Desktop/fabric-data-analysis/fabric-data-analysis-raw/0731_224gpu_pp14_cp2_a2a/extracted/framework/2026-07-30-09:38/worker33020/2026-07-30_0938/tp1_pp14_dp_mbs2_numbs_gbs48_gpus0_mtp1_forcelbfalse_pertensorfalse_NO_LOSS_REDUCE.RANK2.10.124.33.20.log,32e167f41c8281b8f0711c4dbf3d51dd6a815a24caea87c4a01d03d9a375d744,evaluator_only_NEVER_MODEL_FIT
102,runtime_config_dump,kv_lora_rank,512,cf29a84b98eb3e5caddd2012151fb2df05f2f80d6f3f105f672914bf4222189f,kv_lora_rank = 512,False,/home/zjb/Desktop/fabric-data-analysis/fabric-data-analysis-raw/0731_224gpu_pp14_cp2_a2a/extracted/framework/2026-07-30-09:38/worker33020/2026-07-30_0938/tp1_pp14_dp_mbs2_numbs_gbs48_gpus0_mtp1_forcelbfalse_pertensorfalse_NO_LOSS_REDUCE.RANK2.10.124.33.20.log,32e167f41c8281b8f0711c4dbf3d51dd6a815a24caea87c4a01d03d9a375d744,evaluator_only_NEVER_MODEL_FIT
102,runtime_config_dump,qk_head_dim,128,cf29a84b98eb3e5caddd2012151fb2df05f2f80d6f3f105f672914bf4222189f,qk_head_dim = 128,False,/home/zjb/Desktop/fabric-data-analysis/fabric-data-analysis-raw/0731_224gpu_pp14_cp2_a2a/extracted/framework/2026-07-30-09:38/worker33020/2026-07-30_0938/tp1_pp14_dp_mbs2_numbs_gbs48_gpus0_mtp1_forcelbfalse_pertensorfalse_NO_LOSS_REDUCE.RANK2.10.124.33.20.log,32e167f41c8281b8f0711c4dbf3d51dd6a815a24caea87c4a01d03d9a375d744,evaluator_only_NEVER_MODEL_FIT
102,runtime_config_dump,qk_pos_emb_head_dim,64,cf29a84b98eb3e5caddd2012151fb2df05f2f80d6f3f105f672914bf4222189f,qk_pos_emb_head_dim = 64,False,/home/zjb/Desktop/fabric-data-analysis/fabric-data-analysis-raw/0731_224gpu_pp14_cp2_a2a/extracted/framework/2026-07-30-09:38/worker33020/2026-07-30_0938/tp1_pp14_dp_mbs2_numbs_gbs48_gpus0_mtp1_forcelbfalse_pertensorfalse_NO_LOSS_REDUCE.RANK2.10.124.33.20.log,32e167f41c8281b8f0711c4dbf3d51dd6a815a24caea87c4a01d03d9a375d744,evaluator_only_NEVER_MODEL_FIT
102,runtime_config_dump,v_head_dim,128,cf29a84b98eb3e5caddd2012151fb2df05f2f80d6f3f105f672914bf4222189f,v_head_dim = 128,False,/home/zjb/Desktop/fabric-data-analysis/fabric-data-analysis-raw/0731_224gpu_pp14_cp2_a2a/extracted/framework/2026-07-30-09:38/worker33020/2026-07-30_0938/tp1_pp14_dp_mbs2_numbs_gbs48_gpus0_mtp1_forcelbfalse_pertensorfalse_NO_LOSS_REDUCE.RANK2.10.124.33.20.log,32e167f41c8281b8f0711c4dbf3d51dd6a815a24caea87c4a01d03d9a375d744,evaluator_only_NEVER_MODEL_FIT
103,runtime_config_dump,tensor_model_parallel_size,1,f4ba754782a6ecf9dcc22d7c697fbdf3a191d62c2b3147efc7942938c21cec02,tensor_model_parallel_size = 1,False,/home/zjb/Desktop/fabric-data-analysis/fabric-data-analysis-raw/0731_224gpu_pp14_cp2_a2a/extracted/framework/2026-07-30-09:38/worker33020/2026-07-30_0938/tp1_pp14_dp_mbs2_numbs_gbs48_gpus0_mtp1_forcelbfalse_pertensorfalse_NO_LOSS_REDUCE.RANK2.10.124.33.20.log,32e167f41c8281b8f0711c4dbf3d51dd6a815a24caea87c4a01d03d9a375d744,evaluator_only_NEVER_MODEL_FIT
103,runtime_config_dump,pipeline_model_parallel_size,14,f4ba754782a6ecf9dcc22d7c697fbdf3a191d62c2b3147efc7942938c21cec02,pipeline_model_parallel_size = 14,False,/home/zjb/Desktop/fabric-data-analysis/fabric-data-analysis-raw/0731_224gpu_pp14_cp2_a2a/extracted/framework/2026-07-30-09:38/worker33020/2026-07-30_0938/tp1_pp14_dp_mbs2_numbs_gbs48_gpus0_mtp1_forcelbfalse_pertensorfalse_NO_LOSS_REDUCE.RANK2.10.124.33.20.log,32e167f41c8281b8f0711c4dbf3d51dd6a815a24caea87c4a01d03d9a375d744,evaluator_only_NEVER_MODEL_FIT
103,runtime_config_dump,virtual_pipeline_model_parallel_size,None,f4ba754782a6ecf9dcc22d7c697fbdf3a191d62c2b3147efc7942938c21cec02,virtual_pipeline_model_parallel_size = None,False,/home/zjb/Desktop/fabric-data-analysis/fabric-data-analysis-raw/0731_224gpu_pp14_cp2_a2a/extracted/framework/2026-07-30-09:38/worker33020/2026-07-30_0938/tp1_pp14_dp_mbs2_numbs_gbs48_gpus0_mtp1_forcelbfalse_pertensorfalse_NO_LOSS_REDUCE.RANK2.10.124.33.20.log,32e167f41c8281b8f0711c4dbf3d51dd6a815a24caea87c4a01d03d9a375d744,evaluator_only_NEVER_MODEL_FIT
103,runtime_config_dump,sequence_parallel,False,f4ba754782a6ecf9dcc22d7c697fbdf3a191d62c2b3147efc7942938c21cec02,sequence_parallel = False,False,/home/zjb/Desktop/fabric-data-analysis/fabric-data-analysis-raw/0731_224gpu_pp14_cp2_a2a/extracted/framework/2026-07-30-09:38/worker33020/2026-07-30_0938/tp1_pp14_dp_mbs2_numbs_gbs48_gpus0_mtp1_forcelbfalse_pertensorfalse_NO_LOSS_REDUCE.RANK2.10.124.33.20.log,32e167f41c8281b8f0711c4dbf3d51dd6a815a24caea87c4a01d03d9a375d744,evaluator_only_NEVER_MODEL_FIT
103,runtime_config_dump,context_parallel_size,2,f4ba754782a6ecf9dcc22d7c697fbdf3a191d62c2b3147efc7942938c21cec02,context_parallel_size = 2,False,/home/zjb/Desktop/fabric-data-analysis/fabric-data-analysis-raw/0731_224gpu_pp14_cp2_a2a/extracted/framework/2026-07-30-09:38/worker33020/2026-07-30_0938/tp1_pp14_dp_mbs2_numbs_gbs48_gpus0_mtp1_forcelbfalse_pertensorfalse_NO_LOSS_REDUCE.RANK2.10.124.33.20.log,32e167f41c8281b8f0711c4dbf3d51dd6a815a24caea87c4a01d03d9a375d744,evaluator_only_NEVER_MODEL_FIT
103,runtime_config_dump,expert_model_parallel_size,8,f4ba754782a6ecf9dcc22d7c697fbdf3a191d62c2b3147efc7942938c21cec02,expert_model_parallel_size = 8,False,/home/zjb/Desktop/fabric-data-analysis/fabric-data-analysis-raw/0731_224gpu_pp14_cp2_a2a/extracted/framework/2026-07-30-09:38/worker33020/2026-07-30_0938/tp1_pp14_dp_mbs2_numbs_gbs48_gpus0_mtp1_forcelbfalse_pertensorfalse_NO_LOSS_REDUCE.RANK2.10.124.33.20.log,32e167f41c8281b8f0711c4dbf3d51dd6a815a24caea87c4a01d03d9a375d744,evaluator_only_NEVER_MODEL_FIT
103,runtime_config_dump,fp16,False,f4ba754782a6ecf9dcc22d7c697fbdf3a191d62c2b3147efc7942938c21cec02,fp16 = False,False,/home/zjb/Desktop/fabric-data-analysis/fabric-data-analysis-raw/0731_224gpu_pp14_cp2_a2a/extracted/framework/2026-07-30-09:38/worker33020/2026-07-30_0938/tp1_pp14_dp_mbs2_numbs_gbs48_gpus0_mtp1_forcelbfalse_pertensorfalse_NO_LOSS_REDUCE.RANK2.10.124.33.20.log,32e167f41c8281b8f0711c4dbf3d51dd6a815a24caea87c4a01d03d9a375d744,evaluator_only_NEVER_MODEL_FIT
103,runtime_config_dump,bf16,True,f4ba754782a6ecf9dcc22d7c697fbdf3a191d62c2b3147efc7942938c21cec02,bf16 = True,False,/home/zjb/Desktop/fabric-data-analysis/fabric-data-analysis-raw/0731_224gpu_pp14_cp2_a2a/extracted/framework/2026-07-30-09:38/worker33020/2026-07-30_0938/tp1_pp14_dp_mbs2_numbs_gbs48_gpus0_mtp1_forcelbfalse_pertensorfalse_NO_LOSS_REDUCE.RANK2.10.124.33.20.log,32e167f41c8281b8f0711c4dbf3d51dd6a815a24caea87c4a01d03d9a375d744,evaluator_only_NEVER_MODEL_FIT
103,runtime_config_dump,params_dtype,torch.bfloat16,f4ba754782a6ecf9dcc22d7c697fbdf3a191d62c2b3147efc7942938c21cec02,params_dtype = torch.bfloat16,False,/home/zjb/Desktop/fabric-data-analysis/fabric-data-analysis-raw/0731_224gpu_pp14_cp2_a2a/extracted/framework/2026-07-30-09:38/worker33020/2026-07-30_0938/tp1_pp14_dp_mbs2_numbs_gbs48_gpus0_mtp1_forcelbfalse_pertensorfalse_NO_LOSS_REDUCE.RANK2.10.124.33.20.log,32e167f41c8281b8f0711c4dbf3d51dd6a815a24caea87c4a01d03d9a375d744,evaluator_only_NEVER_MODEL_FIT
103,runtime_config_dump,gradient_accumulation_fusion,True,f4ba754782a6ecf9dcc22d7c697fbdf3a191d62c2b3147efc7942938c21cec02,gradient_accumulation_fusion = True,False,/home/zjb/Desktop/fabric-data-analysis/fabric-data-analysis-raw/0731_224gpu_pp14_cp2_a2a/extracted/framework/2026-07-30-09:38/worker33020/2026-07-30_0938/tp1_pp14_dp_mbs2_numbs_gbs48_gpus0_mtp1_forcelbfalse_pertensorfalse_NO_LOSS_REDUCE.RANK2.10.124.33.20.log,32e167f41c8281b8f0711c4dbf3d51dd6a815a24caea87c4a01d03d9a375d744,evaluator_only_NEVER_MODEL_FIT
103,runtime_config_dump,overlap_moe_expert_parallel_comm,False,f4ba754782a6ecf9dcc22d7c697fbdf3a191d62c2b3147efc7942938c21cec02,overlap_moe_expert_parallel_comm = False,False,/home/zjb/Desktop/fabric-data-analysis/fabric-data-analysis-raw/0731_224gpu_pp14_cp2_a2a/extracted/framework/2026-07-30-09:38/worker33020/2026-07-30_0938/tp1_pp14_dp_mbs2_numbs_gbs48_gpus0_mtp1_forcelbfalse_pertensorfalse_NO_LOSS_REDUCE.RANK2.10.124.33.20.log,32e167f41c8281b8f0711c4dbf3d51dd6a815a24caea87c4a01d03d9a375d744,evaluator_only_NEVER_MODEL_FIT
103,runtime_config_dump,overlap_p2p_comm,False,f4ba754782a6ecf9dcc22d7c697fbdf3a191d62c2b3147efc7942938c21cec02,overlap_p2p_comm = False,False,/home/zjb/Desktop/fabric-data-analysis/fabric-data-analysis-raw/0731_224gpu_pp14_cp2_a2a/extracted/framework/2026-07-30-09:38/worker33020/2026-07-30_0938/tp1_pp14_dp_mbs2_numbs_gbs48_gpus0_mtp1_forcelbfalse_pertensorfalse_NO_LOSS_REDUCE.RANK2.10.124.33.20.log,32e167f41c8281b8f0711c4dbf3d51dd6a815a24caea87c4a01d03d9a375d744,evaluator_only_NEVER_MODEL_FIT
103,runtime_config_dump,batch_p2p_comm,True,f4ba754782a6ecf9dcc22d7c697fbdf3a191d62c2b3147efc7942938c21cec02,batch_p2p_comm = True,False,/home/zjb/Desktop/fabric-data-analysis/fabric-data-analysis-raw/0731_224gpu_pp14_cp2_a2a/extracted/framework/2026-07-30-09:38/worker33020/2026-07-30_0938/tp1_pp14_dp_mbs2_numbs_gbs48_gpus0_mtp1_forcelbfalse_pertensorfalse_NO_LOSS_REDUCE.RANK2.10.124.33.20.log,32e167f41c8281b8f0711c4dbf3d51dd6a815a24caea87c4a01d03d9a375d744,evaluator_only_NEVER_MODEL_FIT
103,runtime_config_dump,batch_p2p_sync,True,f4ba754782a6ecf9dcc22d7c697fbdf3a191d62c2b3147efc7942938c21cec02,batch_p2p_sync = True,False,/home/zjb/Desktop/fabric-data-analysis/fabric-data-analysis-raw/0731_224gpu_pp14_cp2_a2a/extracted/framework/2026-07-30-09:38/worker33020/2026-07-30_0938/tp1_pp14_dp_mbs2_numbs_gbs48_gpus0_mtp1_forcelbfalse_pertensorfalse_NO_LOSS_REDUCE.RANK2.10.124.33.20.log,32e167f41c8281b8f0711c4dbf3d51dd6a815a24caea87c4a01d03d9a375d744,evaluator_only_NEVER_MODEL_FIT
103,runtime_config_dump,num_layers,52,f4ba754782a6ecf9dcc22d7c697fbdf3a191d62c2b3147efc7942938c21cec02,num_layers = 52,False,/home/zjb/Desktop/fabric-data-analysis/fabric-data-analysis-raw/0731_224gpu_pp14_cp2_a2a/extracted/framework/2026-07-30-09:38/worker33020/2026-07-30_0938/tp1_pp14_dp_mbs2_numbs_gbs48_gpus0_mtp1_forcelbfalse_pertensorfalse_NO_LOSS_REDUCE.RANK2.10.124.33.20.log,32e167f41c8281b8f0711c4dbf3d51dd6a815a24caea87c4a01d03d9a375d744,evaluator_only_NEVER_MODEL_FIT
103,runtime_config_dump,mtp_num_layers,None,f4ba754782a6ecf9dcc22d7c697fbdf3a191d62c2b3147efc7942938c21cec02,mtp_num_layers = None,False,/home/zjb/Desktop/fabric-data-analysis/fabric-data-analysis-raw/0731_224gpu_pp14_cp2_a2a/extracted/framework/2026-07-30-09:38/worker33020/2026-07-30_0938/tp1_pp14_dp_mbs2_numbs_gbs48_gpus0_mtp1_forcelbfalse_pertensorfalse_NO_LOSS_REDUCE.RANK2.10.124.33.20.log,32e167f41c8281b8f0711c4dbf3d51dd6a815a24caea87c4a01d03d9a375d744,evaluator_only_NEVER_MODEL_FIT
103,runtime_config_dump,hidden_size,5120,f4ba754782a6ecf9dcc22d7c697fbdf3a191d62c2b3147efc7942938c21cec02,hidden_size = 5120,False,/home/zjb/Desktop/fabric-data-analysis/fabric-data-analysis-raw/0731_224gpu_pp14_cp2_a2a/extracted/framework/2026-07-30-09:38/worker33020/2026-07-30_0938/tp1_pp14_dp_mbs2_numbs_gbs48_gpus0_mtp1_forcelbfalse_pertensorfalse_NO_LOSS_REDUCE.RANK2.10.124.33.20.log,32e167f41c8281b8f0711c4dbf3d51dd6a815a24caea87c4a01d03d9a375d744,evaluator_only_NEVER_MODEL_FIT
103,runtime_config_dump,num_attention_heads,128,f4ba754782a6ecf9dcc22d7c697fbdf3a191d62c2b3147efc7942938c21cec02,num_attention_heads = 128,False,/home/zjb/Desktop/fabric-data-analysis/fabric-data-analysis-raw/0731_224gpu_pp14_cp2_a2a/extracted/framework/2026-07-30-09:38/worker33020/2026-07-30_0938/tp1_pp14_dp_mbs2_numbs_gbs48_gpus0_mtp1_forcelbfalse_pertensorfalse_NO_LOSS_REDUCE.RANK2.10.124.33.20.log,32e167f41c8281b8f0711c4dbf3d51dd6a815a24caea87c4a01d03d9a375d744,evaluator_only_NEVER_MODEL_FIT
103,runtime_config_dump,ffn_hidden_size,12288,f4ba754782a6ecf9dcc22d7c697fbdf3a191d62c2b3147efc7942938c21cec02,ffn_hidden_size = 12288,False,/home/zjb/Desktop/fabric-data-analysis/fabric-data-analysis-raw/0731_224gpu_pp14_cp2_a2a/extracted/framework/2026-07-30-09:38/worker33020/2026-07-30_0938/tp1_pp14_dp_mbs2_numbs_gbs48_gpus0_mtp1_forcelbfalse_pertensorfalse_NO_LOSS_REDUCE.RANK2.10.124.33.20.log,32e167f41c8281b8f0711c4dbf3d51dd6a815a24caea87c4a01d03d9a375d744,evaluator_only_NEVER_MODEL_FIT
103,runtime_config_dump,moe_deepep_num_sms,20,f4ba754782a6ecf9dcc22d7c697fbdf3a191d62c2b3147efc7942938c21cec02,moe_deepep_num_sms = 20,False,/home/zjb/Desktop/fabric-data-analysis/fabric-data-analysis-raw/0731_224gpu_pp14_cp2_a2a/extracted/framework/2026-07-30-09:38/worker33020/2026-07-30_0938/tp1_pp14_dp_mbs2_numbs_gbs48_gpus0_mtp1_forcelbfalse_pertensorfalse_NO_LOSS_REDUCE.RANK2.10.124.33.20.log,32e167f41c8281b8f0711c4dbf3d51dd6a815a24caea87c4a01d03d9a375d744,evaluator_only_NEVER_MODEL_FIT
103,runtime_config_dump,bias_dropout_fusion,False,f4ba754782a6ecf9dcc22d7c697fbdf3a191d62c2b3147efc7942938c21cec02,bias_dropout_fusion = False,False,/home/zjb/Desktop/fabric-data-analysis/fabric-data-analysis-raw/0731_224gpu_pp14_cp2_a2a/extracted/framework/2026-07-30-09:38/worker33020/2026-07-30_0938/tp1_pp14_dp_mbs2_numbs_gbs48_gpus0_mtp1_forcelbfalse_pertensorfalse_NO_LOSS_REDUCE.RANK2.10.124.33.20.log,32e167f41c8281b8f0711c4dbf3d51dd6a815a24caea87c4a01d03d9a375d744,evaluator_only_NEVER_MODEL_FIT
103,runtime_config_dump,recompute_granularity,'full',f4ba754782a6ecf9dcc22d7c697fbdf3a191d62c2b3147efc7942938c21cec02,recompute_granularity = 'full',False,/home/zjb/Desktop/fabric-data-analysis/fabric-data-analysis-raw/0731_224gpu_pp14_cp2_a2a/extracted/framework/2026-07-30-09:38/worker33020/2026-07-30_0938/tp1_pp14_dp_mbs2_numbs_gbs48_gpus0_mtp1_forcelbfalse_pertensorfalse_NO_LOSS_REDUCE.RANK2.10.124.33.20.log,32e167f41c8281b8f0711c4dbf3d51dd6a815a24caea87c4a01d03d9a375d744,evaluator_only_NEVER_MODEL_FIT
103,runtime_config_dump,recompute_method,'block',f4ba754782a6ecf9dcc22d7c697fbdf3a191d62c2b3147efc7942938c21cec02,recompute_method = 'block',False,/home/zjb/Desktop/fabric-data-analysis/fabric-data-analysis-raw/0731_224gpu_pp14_cp2_a2a/extracted/framework/2026-07-30-09:38/worker33020/2026-07-30_0938/tp1_pp14_dp_mbs2_numbs_gbs48_gpus0_mtp1_forcelbfalse_pertensorfalse_NO_LOSS_REDUCE.RANK2.10.124.33.20.log,32e167f41c8281b8f0711c4dbf3d51dd6a815a24caea87c4a01d03d9a375d744,evaluator_only_NEVER_MODEL_FIT
103,runtime_config_dump,recompute_num_layers,4,f4ba754782a6ecf9dcc22d7c697fbdf3a191d62c2b3147efc7942938c21cec02,recompute_num_layers = 4,False,/home/zjb/Desktop/fabric-data-analysis/fabric-data-analysis-raw/0731_224gpu_pp14_cp2_a2a/extracted/framework/2026-07-30-09:38/worker33020/2026-07-30_0938/tp1_pp14_dp_mbs2_numbs_gbs48_gpus0_mtp1_forcelbfalse_pertensorfalse_NO_LOSS_REDUCE.RANK2.10.124.33.20.log,32e167f41c8281b8f0711c4dbf3d51dd6a815a24caea87c4a01d03d9a375d744,evaluator_only_NEVER_MODEL_FIT
103,runtime_config_dump,fp8,None,f4ba754782a6ecf9dcc22d7c697fbdf3a191d62c2b3147efc7942938c21cec02,fp8 = None,False,/home/zjb/Desktop/fabric-data-analysis/fabric-data-analysis-raw/0731_224gpu_pp14_cp2_a2a/extracted/framework/2026-07-30-09:38/worker33020/2026-07-30_0938/tp1_pp14_dp_mbs2_numbs_gbs48_gpus0_mtp1_forcelbfalse_pertensorfalse_NO_LOSS_REDUCE.RANK2.10.124.33.20.log,32e167f41c8281b8f0711c4dbf3d51dd6a815a24caea87c4a01d03d9a375d744,evaluator_only_NEVER_MODEL_FIT
103,runtime_config_dump,moe_shared_expert_intermediate_size,3072,f4ba754782a6ecf9dcc22d7c697fbdf3a191d62c2b3147efc7942938c21cec02,moe_shared_expert_intermediate_size = 3072,False,/home/zjb/Desktop/fabric-data-analysis/fabric-data-analysis-raw/0731_224gpu_pp14_cp2_a2a/extracted/framework/2026-07-30-09:38/worker33020/2026-07-30_0938/tp1_pp14_dp_mbs2_numbs_gbs48_gpus0_mtp1_forcelbfalse_pertensorfalse_NO_LOSS_REDUCE.RANK2.10.124.33.20.log,32e167f41c8281b8f0711c4dbf3d51dd6a815a24caea87c4a01d03d9a375d744,evaluator_only_NEVER_MODEL_FIT
103,runtime_config_dump,moe_shared_expert_overlap,False,f4ba754782a6ecf9dcc22d7c697fbdf3a191d62c2b3147efc7942938c21cec02,moe_shared_expert_overlap = False,False,/home/zjb/Desktop/fabric-data-analysis/fabric-data-analysis-raw/0731_224gpu_pp14_cp2_a2a/extracted/framework/2026-07-30-09:38/worker33020/2026-07-30_0938/tp1_pp14_dp_mbs2_numbs_gbs48_gpus0_mtp1_forcelbfalse_pertensorfalse_NO_LOSS_REDUCE.RANK2.10.124.33.20.log,32e167f41c8281b8f0711c4dbf3d51dd6a815a24caea87c4a01d03d9a375d744,evaluator_only_NEVER_MODEL_FIT
103,runtime_config_dump,moe_ffn_hidden_size,1536,f4ba754782a6ecf9dcc22d7c697fbdf3a191d62c2b3147efc7942938c21cec02,moe_ffn_hidden_size = 1536,False,/home/zjb/Desktop/fabric-data-analysis/fabric-data-analysis-raw/0731_224gpu_pp14_cp2_a2a/extracted/framework/2026-07-30-09:38/worker33020/2026-07-30_0938/tp1_pp14_dp_mbs2_numbs_gbs48_gpus0_mtp1_forcelbfalse_pertensorfalse_NO_LOSS_REDUCE.RANK2.10.124.33.20.log,32e167f41c8281b8f0711c4dbf3d51dd6a815a24caea87c4a01d03d9a375d744,evaluator_only_NEVER_MODEL_FIT
103,runtime_config_dump,moe_router_load_balancing_type,'aux_loss',f4ba754782a6ecf9dcc22d7c697fbdf3a191d62c2b3147efc7942938c21cec02,moe_router_load_balancing_type = 'aux_loss',False,/home/zjb/Desktop/fabric-data-analysis/fabric-data-analysis-raw/0731_224gpu_pp14_cp2_a2a/extracted/framework/2026-07-30-09:38/worker33020/2026-07-30_0938/tp1_pp14_dp_mbs2_numbs_gbs48_gpus0_mtp1_forcelbfalse_pertensorfalse_NO_LOSS_REDUCE.RANK2.10.124.33.20.log,32e167f41c8281b8f0711c4dbf3d51dd6a815a24caea87c4a01d03d9a375d744,evaluator_only_NEVER_MODEL_FIT
103,runtime_config_dump,moe_router_topk,6,f4ba754782a6ecf9dcc22d7c697fbdf3a191d62c2b3147efc7942938c21cec02,moe_router_topk = 6,False,/home/zjb/Desktop/fabric-data-analysis/fabric-data-analysis-raw/0731_224gpu_pp14_cp2_a2a/extracted/framework/2026-07-30-09:38/worker33020/2026-07-30_0938/tp1_pp14_dp_mbs2_numbs_gbs48_gpus0_mtp1_forcelbfalse_pertensorfalse_NO_LOSS_REDUCE.RANK2.10.124.33.20.log,32e167f41c8281b8f0711c4dbf3d51dd6a815a24caea87c4a01d03d9a375d744,evaluator_only_NEVER_MODEL_FIT
103,runtime_config_dump,moe_router_score_function,'softmax',f4ba754782a6ecf9dcc22d7c697fbdf3a191d62c2b3147efc7942938c21cec02,moe_router_score_function = 'softmax',False,/home/zjb/Desktop/fabric-data-analysis/fabric-data-analysis-raw/0731_224gpu_pp14_cp2_a2a/extracted/framework/2026-07-30-09:38/worker33020/2026-07-30_0938/tp1_pp14_dp_mbs2_numbs_gbs48_gpus0_mtp1_forcelbfalse_pertensorfalse_NO_LOSS_REDUCE.RANK2.10.124.33.20.log,32e167f41c8281b8f0711c4dbf3d51dd6a815a24caea87c4a01d03d9a375d744,evaluator_only_NEVER_MODEL_FIT
103,runtime_config_dump,moe_router_dtype,'fp32',f4ba754782a6ecf9dcc22d7c697fbdf3a191d62c2b3147efc7942938c21cec02,moe_router_dtype = 'fp32',False,/home/zjb/Desktop/fabric-data-analysis/fabric-data-analysis-raw/0731_224gpu_pp14_cp2_a2a/extracted/framework/2026-07-30-09:38/worker33020/2026-07-30_0938/tp1_pp14_dp_mbs2_numbs_gbs48_gpus0_mtp1_forcelbfalse_pertensorfalse_NO_LOSS_REDUCE.RANK2.10.124.33.20.log,32e167f41c8281b8f0711c4dbf3d51dd6a815a24caea87c4a01d03d9a375d744,evaluator_only_NEVER_MODEL_FIT
103,runtime_config_dump,moe_router_force_load_balancing,False,f4ba754782a6ecf9dcc22d7c697fbdf3a191d62c2b3147efc7942938c21cec02,moe_router_force_load_balancing = False,False,/home/zjb/Desktop/fabric-data-analysis/fabric-data-analysis-raw/0731_224gpu_pp14_cp2_a2a/extracted/framework/2026-07-30-09:38/worker33020/2026-07-30_0938/tp1_pp14_dp_mbs2_numbs_gbs48_gpus0_mtp1_forcelbfalse_pertensorfalse_NO_LOSS_REDUCE.RANK2.10.124.33.20.log,32e167f41c8281b8f0711c4dbf3d51dd6a815a24caea87c4a01d03d9a375d744,evaluator_only_NEVER_MODEL_FIT
103,runtime_config_dump,moe_grouped_gemm,True,f4ba754782a6ecf9dcc22d7c697fbdf3a191d62c2b3147efc7942938c21cec02,moe_grouped_gemm = True,False,/home/zjb/Desktop/fabric-data-analysis/fabric-data-analysis-raw/0731_224gpu_pp14_cp2_a2a/extracted/framework/2026-07-30-09:38/worker33020/2026-07-30_0938/tp1_pp14_dp_mbs2_numbs_gbs48_gpus0_mtp1_forcelbfalse_pertensorfalse_NO_LOSS_REDUCE.RANK2.10.124.33.20.log,32e167f41c8281b8f0711c4dbf3d51dd6a815a24caea87c4a01d03d9a375d744,evaluator_only_NEVER_MODEL_FIT
103,runtime_config_dump,moe_token_dispatcher_type,'flex',f4ba754782a6ecf9dcc22d7c697fbdf3a191d62c2b3147efc7942938c21cec02,moe_token_dispatcher_type = 'flex',False,/home/zjb/Desktop/fabric-data-analysis/fabric-data-analysis-raw/0731_224gpu_pp14_cp2_a2a/extracted/framework/2026-07-30-09:38/worker33020/2026-07-30_0938/tp1_pp14_dp_mbs2_numbs_gbs48_gpus0_mtp1_forcelbfalse_pertensorfalse_NO_LOSS_REDUCE.RANK2.10.124.33.20.log,32e167f41c8281b8f0711c4dbf3d51dd6a815a24caea87c4a01d03d9a375d744,evaluator_only_NEVER_MODEL_FIT
103,runtime_config_dump,moe_enable_deepep,True,f4ba754782a6ecf9dcc22d7c697fbdf3a191d62c2b3147efc7942938c21cec02,moe_enable_deepep = True,False,/home/zjb/Desktop/fabric-data-analysis/fabric-data-analysis-raw/0731_224gpu_pp14_cp2_a2a/extracted/framework/2026-07-30-09:38/worker33020/2026-07-30_0938/tp1_pp14_dp_mbs2_numbs_gbs48_gpus0_mtp1_forcelbfalse_pertensorfalse_NO_LOSS_REDUCE.RANK2.10.124.33.20.log,32e167f41c8281b8f0711c4dbf3d51dd6a815a24caea87c4a01d03d9a375d744,evaluator_only_NEVER_MODEL_FIT
103,runtime_config_dump,moe_expert_capacity_factor,2.0,f4ba754782a6ecf9dcc22d7c697fbdf3a191d62c2b3147efc7942938c21cec02,moe_expert_capacity_factor = 2.0,False,/home/zjb/Desktop/fabric-data-analysis/fabric-data-analysis-raw/0731_224gpu_pp14_cp2_a2a/extracted/framework/2026-07-30-09:38/worker33020/2026-07-30_0938/tp1_pp14_dp_mbs2_numbs_gbs48_gpus0_mtp1_forcelbfalse_pertensorfalse_NO_LOSS_REDUCE.RANK2.10.124.33.20.log,32e167f41c8281b8f0711c4dbf3d51dd6a815a24caea87c4a01d03d9a375d744,evaluator_only_NEVER_MODEL_FIT
103,runtime_config_dump,moe_pad_expert_input_to_capacity,False,f4ba754782a6ecf9dcc22d7c697fbdf3a191d62c2b3147efc7942938c21cec02,moe_pad_expert_input_to_capacity = False,False,/home/zjb/Desktop/fabric-data-analysis/fabric-data-analysis-raw/0731_224gpu_pp14_cp2_a2a/extracted/framework/2026-07-30-09:38/worker33020/2026-07-30_0938/tp1_pp14_dp_mbs2_numbs_gbs48_gpus0_mtp1_forcelbfalse_pertensorfalse_NO_LOSS_REDUCE.RANK2.10.124.33.20.log,32e167f41c8281b8f0711c4dbf3d51dd6a815a24caea87c4a01d03d9a375d744,evaluator_only_NEVER_MODEL_FIT
103,runtime_config_dump,moe_token_drop_policy,'probs',f4ba754782a6ecf9dcc22d7c697fbdf3a191d62c2b3147efc7942938c21cec02,moe_token_drop_policy = 'probs',False,/home/zjb/Desktop/fabric-data-analysis/fabric-data-analysis-raw/0731_224gpu_pp14_cp2_a2a/extracted/framework/2026-07-30-09:38/worker33020/2026-07-30_0938/tp1_pp14_dp_mbs2_numbs_gbs48_gpus0_mtp1_forcelbfalse_pertensorfalse_NO_LOSS_REDUCE.RANK2.10.124.33.20.log,32e167f41c8281b8f0711c4dbf3d51dd6a815a24caea87c4a01d03d9a375d744,evaluator_only_NEVER_MODEL_FIT
103,runtime_config_dump,moe_permute_fusion,True,f4ba754782a6ecf9dcc22d7c697fbdf3a191d62c2b3147efc7942938c21cec02,moe_permute_fusion = True,False,/home/zjb/Desktop/fabric-data-analysis/fabric-data-analysis-raw/0731_224gpu_pp14_cp2_a2a/extracted/framework/2026-07-30-09:38/worker33020/2026-07-30_0938/tp1_pp14_dp_mbs2_numbs_gbs48_gpus0_mtp1_forcelbfalse_pertensorfalse_NO_LOSS_REDUCE.RANK2.10.124.33.20.log,32e167f41c8281b8f0711c4dbf3d51dd6a815a24caea87c4a01d03d9a375d744,evaluator_only_NEVER_MODEL_FIT
103,runtime_config_dump,moe_router_fusion,False,f4ba754782a6ecf9dcc22d7c697fbdf3a191d62c2b3147efc7942938c21cec02,moe_router_fusion = False,False,/home/zjb/Desktop/fabric-data-analysis/fabric-data-analysis-raw/0731_224gpu_pp14_cp2_a2a/extracted/framework/2026-07-30-09:38/worker33020/2026-07-30_0938/tp1_pp14_dp_mbs2_numbs_gbs48_gpus0_mtp1_forcelbfalse_pertensorfalse_NO_LOSS_REDUCE.RANK2.10.124.33.20.log,32e167f41c8281b8f0711c4dbf3d51dd6a815a24caea87c4a01d03d9a375d744,evaluator_only_NEVER_MODEL_FIT
103,runtime_config_dump,cp_comm_type,'a2a',f4ba754782a6ecf9dcc22d7c697fbdf3a191d62c2b3147efc7942938c21cec02,cp_comm_type = 'a2a',False,/home/zjb/Desktop/fabric-data-analysis/fabric-data-analysis-raw/0731_224gpu_pp14_cp2_a2a/extracted/framework/2026-07-30-09:38/worker33020/2026-07-30_0938/tp1_pp14_dp_mbs2_numbs_gbs48_gpus0_mtp1_forcelbfalse_pertensorfalse_NO_LOSS_REDUCE.RANK2.10.124.33.20.log,32e167f41c8281b8f0711c4dbf3d51dd6a815a24caea87c4a01d03d9a375d744,evaluator_only_NEVER_MODEL_FIT
103,runtime_config_dump,transformer_impl,'transformer_engine',f4ba754782a6ecf9dcc22d7c697fbdf3a191d62c2b3147efc7942938c21cec02,transformer_impl = 'transformer_engine',False,/home/zjb/Desktop/fabric-data-analysis/fabric-data-analysis-raw/0731_224gpu_pp14_cp2_a2a/extracted/framework/2026-07-30-09:38/worker33020/2026-07-30_0938/tp1_pp14_dp_mbs2_numbs_gbs48_gpus0_mtp1_forcelbfalse_pertensorfalse_NO_LOSS_REDUCE.RANK2.10.124.33.20.log,32e167f41c8281b8f0711c4dbf3d51dd6a815a24caea87c4a01d03d9a375d744,evaluator_only_NEVER_MODEL_FIT
103,runtime_config_dump,q_lora_rank,1536,f4ba754782a6ecf9dcc22d7c697fbdf3a191d62c2b3147efc7942938c21cec02,q_lora_rank = 1536,False,/home/zjb/Desktop/fabric-data-analysis/fabric-data-analysis-raw/0731_224gpu_pp14_cp2_a2a/extracted/framework/2026-07-30-09:38/worker33020/2026-07-30_0938/tp1_pp14_dp_mbs2_numbs_gbs48_gpus0_mtp1_forcelbfalse_pertensorfalse_NO_LOSS_REDUCE.RANK2.10.124.33.20.log,32e167f41c8281b8f0711c4dbf3d51dd6a815a24caea87c4a01d03d9a375d744,evaluator_only_NEVER_MODEL_FIT
103,runtime_config_dump,kv_lora_rank,512,f4ba754782a6ecf9dcc22d7c697fbdf3a191d62c2b3147efc7942938c21cec02,kv_lora_rank = 512,False,/home/zjb/Desktop/fabric-data-analysis/fabric-data-analysis-raw/0731_224gpu_pp14_cp2_a2a/extracted/framework/2026-07-30-09:38/worker33020/2026-07-30_0938/tp1_pp14_dp_mbs2_numbs_gbs48_gpus0_mtp1_forcelbfalse_pertensorfalse_NO_LOSS_REDUCE.RANK2.10.124.33.20.log,32e167f41c8281b8f0711c4dbf3d51dd6a815a24caea87c4a01d03d9a375d744,evaluator_only_NEVER_MODEL_FIT
103,runtime_config_dump,qk_head_dim,128,f4ba754782a6ecf9dcc22d7c697fbdf3a191d62c2b3147efc7942938c21cec02,qk_head_dim = 128,False,/home/zjb/Desktop/fabric-data-analysis/fabric-data-analysis-raw/0731_224gpu_pp14_cp2_a2a/extracted/framework/2026-07-30-09:38/worker33020/2026-07-30_0938/tp1_pp14_dp_mbs2_numbs_gbs48_gpus0_mtp1_forcelbfalse_pertensorfalse_NO_LOSS_REDUCE.RANK2.10.124.33.20.log,32e167f41c8281b8f0711c4dbf3d51dd6a815a24caea87c4a01d03d9a375d744,evaluator_only_NEVER_MODEL_FIT
103,runtime_config_dump,qk_pos_emb_head_dim,64,f4ba754782a6ecf9dcc22d7c697fbdf3a191d62c2b3147efc7942938c21cec02,qk_pos_emb_head_dim = 64,False,/home/zjb/Desktop/fabric-data-analysis/fabric-data-analysis-raw/0731_224gpu_pp14_cp2_a2a/extracted/framework/2026-07-30-09:38/worker33020/2026-07-30_0938/tp1_pp14_dp_mbs2_numbs_gbs48_gpus0_mtp1_forcelbfalse_pertensorfalse_NO_LOSS_REDUCE.RANK2.10.124.33.20.log,32e167f41c8281b8f0711c4dbf3d51dd6a815a24caea87c4a01d03d9a375d744,evaluator_only_NEVER_MODEL_FIT
103,runtime_config_dump,v_head_dim,128,f4ba754782a6ecf9dcc22d7c697fbdf3a191d62c2b3147efc7942938c21cec02,v_head_dim = 128,False,/home/zjb/Desktop/fabric-data-analysis/fabric-data-analysis-raw/0731_224gpu_pp14_cp2_a2a/extracted/framework/2026-07-30-09:38/worker33020/2026-07-30_0938/tp1_pp14_dp_mbs2_numbs_gbs48_gpus0_mtp1_forcelbfalse_pertensorfalse_NO_LOSS_REDUCE.RANK2.10.124.33.20.log,32e167f41c8281b8f0711c4dbf3d51dd6a815a24caea87c4a01d03d9a375d744,evaluator_only_NEVER_MODEL_FIT
104,runtime_config_dump,tensor_model_parallel_size,1,4afb488181fa888e5e3ad1bbe8f12f2c12fb0dd13664b4a3a4a2ff529c0ff44f,tensor_model_parallel_size = 1,False,/home/zjb/Desktop/fabric-data-analysis/fabric-data-analysis-raw/0731_224gpu_pp14_cp2_a2a/extracted/framework/2026-07-30-09:38/worker33020/2026-07-30_0938/tp1_pp14_dp_mbs2_numbs_gbs48_gpus0_mtp1_forcelbfalse_pertensorfalse_NO_LOSS_REDUCE.RANK2.10.124.33.20.log,32e167f41c8281b8f0711c4dbf3d51dd6a815a24caea87c4a01d03d9a375d744,evaluator_only_NEVER_MODEL_FIT
104,runtime_config_dump,pipeline_model_parallel_size,14,4afb488181fa888e5e3ad1bbe8f12f2c12fb0dd13664b4a3a4a2ff529c0ff44f,pipeline_model_parallel_size = 14,False,/home/zjb/Desktop/fabric-data-analysis/fabric-data-analysis-raw/0731_224gpu_pp14_cp2_a2a/extracted/framework/2026-07-30-09:38/worker33020/2026-07-30_0938/tp1_pp14_dp_mbs2_numbs_gbs48_gpus0_mtp1_forcelbfalse_pertensorfalse_NO_LOSS_REDUCE.RANK2.10.124.33.20.log,32e167f41c8281b8f0711c4dbf3d51dd6a815a24caea87c4a01d03d9a375d744,evaluator_only_NEVER_MODEL_FIT
104,runtime_config_dump,virtual_pipeline_model_parallel_size,None,4afb488181fa888e5e3ad1bbe8f12f2c12fb0dd13664b4a3a4a2ff529c0ff44f,virtual_pipeline_model_parallel_size = None,False,/home/zjb/Desktop/fabric-data-analysis/fabric-data-analysis-raw/0731_224gpu_pp14_cp2_a2a/extracted/framework/2026-07-30-09:38/worker33020/2026-07-30_0938/tp1_pp14_dp_mbs2_numbs_gbs48_gpus0_mtp1_forcelbfalse_pertensorfalse_NO_LOSS_REDUCE.RANK2.10.124.33.20.log,32e167f41c8281b8f0711c4dbf3d51dd6a815a24caea87c4a01d03d9a375d744,evaluator_only_NEVER_MODEL_FIT
104,runtime_config_dump,sequence_parallel,False,4afb488181fa888e5e3ad1bbe8f12f2c12fb0dd13664b4a3a4a2ff529c0ff44f,sequence_parallel = False,False,/home/zjb/Desktop/fabric-data-analysis/fabric-data-analysis-raw/0731_224gpu_pp14_cp2_a2a/extracted/framework/2026-07-30-09:38/worker33020/2026-07-30_0938/tp1_pp14_dp_mbs2_numbs_gbs48_gpus0_mtp1_forcelbfalse_pertensorfalse_NO_LOSS_REDUCE.RANK2.10.124.33.20.log,32e167f41c8281b8f0711c4dbf3d51dd6a815a24caea87c4a01d03d9a375d744,evaluator_only_NEVER_MODEL_FIT
104,runtime_config_dump,context_parallel_size,2,4afb488181fa888e5e3ad1bbe8f12f2c12fb0dd13664b4a3a4a2ff529c0ff44f,context_parallel_size = 2,False,/home/zjb/Desktop/fabric-data-analysis/fabric-data-analysis-raw/0731_224gpu_pp14_cp2_a2a/extracted/framework/2026-07-30-09:38/worker33020/2026-07-30_0938/tp1_pp14_dp_mbs2_numbs_gbs48_gpus0_mtp1_forcelbfalse_pertensorfalse_NO_LOSS_REDUCE.RANK2.10.124.33.20.log,32e167f41c8281b8f0711c4dbf3d51dd6a815a24caea87c4a01d03d9a375d744,evaluator_only_NEVER_MODEL_FIT
104,runtime_config_dump,expert_model_parallel_size,8,4afb488181fa888e5e3ad1bbe8f12f2c12fb0dd13664b4a3a4a2ff529c0ff44f,expert_model_parallel_size = 8,False,/home/zjb/Desktop/fabric-data-analysis/fabric-data-analysis-raw/0731_224gpu_pp14_cp2_a2a/extracted/framework/2026-07-30-09:38/worker33020/2026-07-30_0938/tp1_pp14_dp_mbs2_numbs_gbs48_gpus0_mtp1_forcelbfalse_pertensorfalse_NO_LOSS_REDUCE.RANK2.10.124.33.20.log,32e167f41c8281b8f0711c4dbf3d51dd6a815a24caea87c4a01d03d9a375d744,evaluator_only_NEVER_MODEL_FIT
104,runtime_config_dump,fp16,False,4afb488181fa888e5e3ad1bbe8f12f2c12fb0dd13664b4a3a4a2ff529c0ff44f,fp16 = False,False,/home/zjb/Desktop/fabric-data-analysis/fabric-data-analysis-raw/0731_224gpu_pp14_cp2_a2a/extracted/framework/2026-07-30-09:38/worker33020/2026-07-30_0938/tp1_pp14_dp_mbs2_numbs_gbs48_gpus0_mtp1_forcelbfalse_pertensorfalse_NO_LOSS_REDUCE.RANK2.10.124.33.20.log,32e167f41c8281b8f0711c4dbf3d51dd6a815a24caea87c4a01d03d9a375d744,evaluator_only_NEVER_MODEL_FIT
104,runtime_config_dump,bf16,True,4afb488181fa888e5e3ad1bbe8f12f2c12fb0dd13664b4a3a4a2ff529c0ff44f,bf16 = True,False,/home/zjb/Desktop/fabric-data-analysis/fabric-data-analysis-raw/0731_224gpu_pp14_cp2_a2a/extracted/framework/2026-07-30-09:38/worker33020/2026-07-30_0938/tp1_pp14_dp_mbs2_numbs_gbs48_gpus0_mtp1_forcelbfalse_pertensorfalse_NO_LOSS_REDUCE.RANK2.10.124.33.20.log,32e167f41c8281b8f0711c4dbf3d51dd6a815a24caea87c4a01d03d9a375d744,evaluator_only_NEVER_MODEL_FIT
104,runtime_config_dump,params_dtype,torch.bfloat16,4afb488181fa888e5e3ad1bbe8f12f2c12fb0dd13664b4a3a4a2ff529c0ff44f,params_dtype = torch.bfloat16,False,/home/zjb/Desktop/fabric-data-analysis/fabric-data-analysis-raw/0731_224gpu_pp14_cp2_a2a/extracted/framework/2026-07-30-09:38/worker33020/2026-07-30_0938/tp1_pp14_dp_mbs2_numbs_gbs48_gpus0_mtp1_forcelbfalse_pertensorfalse_NO_LOSS_REDUCE.RANK2.10.124.33.20.log,32e167f41c8281b8f0711c4dbf3d51dd6a815a24caea87c4a01d03d9a375d744,evaluator_only_NEVER_MODEL_FIT
104,runtime_config_dump,gradient_accumulation_fusion,True,4afb488181fa888e5e3ad1bbe8f12f2c12fb0dd13664b4a3a4a2ff529c0ff44f,gradient_accumulation_fusion = True,False,/home/zjb/Desktop/fabric-data-analysis/fabric-data-analysis-raw/0731_224gpu_pp14_cp2_a2a/extracted/framework/2026-07-30-09:38/worker33020/2026-07-30_0938/tp1_pp14_dp_mbs2_numbs_gbs48_gpus0_mtp1_forcelbfalse_pertensorfalse_NO_LOSS_REDUCE.RANK2.10.124.33.20.log,32e167f41c8281b8f0711c4dbf3d51dd6a815a24caea87c4a01d03d9a375d744,evaluator_only_NEVER_MODEL_FIT
104,runtime_config_dump,overlap_moe_expert_parallel_comm,False,4afb488181fa888e5e3ad1bbe8f12f2c12fb0dd13664b4a3a4a2ff529c0ff44f,overlap_moe_expert_parallel_comm = False,False,/home/zjb/Desktop/fabric-data-analysis/fabric-data-analysis-raw/0731_224gpu_pp14_cp2_a2a/extracted/framework/2026-07-30-09:38/worker33020/2026-07-30_0938/tp1_pp14_dp_mbs2_numbs_gbs48_gpus0_mtp1_forcelbfalse_pertensorfalse_NO_LOSS_REDUCE.RANK2.10.124.33.20.log,32e167f41c8281b8f0711c4dbf3d51dd6a815a24caea87c4a01d03d9a375d744,evaluator_only_NEVER_MODEL_FIT
104,runtime_config_dump,overlap_p2p_comm,False,4afb488181fa888e5e3ad1bbe8f12f2c12fb0dd13664b4a3a4a2ff529c0ff44f,overlap_p2p_comm = False,False,/home/zjb/Desktop/fabric-data-analysis/fabric-data-analysis-raw/0731_224gpu_pp14_cp2_a2a/extracted/framework/2026-07-30-09:38/worker33020/2026-07-30_0938/tp1_pp14_dp_mbs2_numbs_gbs48_gpus0_mtp1_forcelbfalse_pertensorfalse_NO_LOSS_REDUCE.RANK2.10.124.33.20.log,32e167f41c8281b8f0711c4dbf3d51dd6a815a24caea87c4a01d03d9a375d744,evaluator_only_NEVER_MODEL_FIT
104,runtime_config_dump,batch_p2p_comm,True,4afb488181fa888e5e3ad1bbe8f12f2c12fb0dd13664b4a3a4a2ff529c0ff44f,batch_p2p_comm = True,False,/home/zjb/Desktop/fabric-data-analysis/fabric-data-analysis-raw/0731_224gpu_pp14_cp2_a2a/extracted/framework/2026-07-30-09:38/worker33020/2026-07-30_0938/tp1_pp14_dp_mbs2_numbs_gbs48_gpus0_mtp1_forcelbfalse_pertensorfalse_NO_LOSS_REDUCE.RANK2.10.124.33.20.log,32e167f41c8281b8f0711c4dbf3d51dd6a815a24caea87c4a01d03d9a375d744,evaluator_only_NEVER_MODEL_FIT
104,runtime_config_dump,batch_p2p_sync,True,4afb488181fa888e5e3ad1bbe8f12f2c12fb0dd13664b4a3a4a2ff529c0ff44f,batch_p2p_sync = True,False,/home/zjb/Desktop/fabric-data-analysis/fabric-data-analysis-raw/0731_224gpu_pp14_cp2_a2a/extracted/framework/2026-07-30-09:38/worker33020/2026-07-30_0938/tp1_pp14_dp_mbs2_numbs_gbs48_gpus0_mtp1_forcelbfalse_pertensorfalse_NO_LOSS_REDUCE.RANK2.10.124.33.20.log,32e167f41c8281b8f0711c4dbf3d51dd6a815a24caea87c4a01d03d9a375d744,evaluator_only_NEVER_MODEL_FIT
104,runtime_config_dump,num_layers,52,4afb488181fa888e5e3ad1bbe8f12f2c12fb0dd13664b4a3a4a2ff529c0ff44f,num_layers = 52,False,/home/zjb/Desktop/fabric-data-analysis/fabric-data-analysis-raw/0731_224gpu_pp14_cp2_a2a/extracted/framework/2026-07-30-09:38/worker33020/2026-07-30_0938/tp1_pp14_dp_mbs2_numbs_gbs48_gpus0_mtp1_forcelbfalse_pertensorfalse_NO_LOSS_REDUCE.RANK2.10.124.33.20.log,32e167f41c8281b8f0711c4dbf3d51dd6a815a24caea87c4a01d03d9a375d744,evaluator_only_NEVER_MODEL_FIT
104,runtime_config_dump,mtp_num_layers,None,4afb488181fa888e5e3ad1bbe8f12f2c12fb0dd13664b4a3a4a2ff529c0ff44f,mtp_num_layers = None,False,/home/zjb/Desktop/fabric-data-analysis/fabric-data-analysis-raw/0731_224gpu_pp14_cp2_a2a/extracted/framework/2026-07-30-09:38/worker33020/2026-07-30_0938/tp1_pp14_dp_mbs2_numbs_gbs48_gpus0_mtp1_forcelbfalse_pertensorfalse_NO_LOSS_REDUCE.RANK2.10.124.33.20.log,32e167f41c8281b8f0711c4dbf3d51dd6a815a24caea87c4a01d03d9a375d744,evaluator_only_NEVER_MODEL_FIT
104,runtime_config_dump,hidden_size,5120,4afb488181fa888e5e3ad1bbe8f12f2c12fb0dd13664b4a3a4a2ff529c0ff44f,hidden_size = 5120,False,/home/zjb/Desktop/fabric-data-analysis/fabric-data-analysis-raw/0731_224gpu_pp14_cp2_a2a/extracted/framework/2026-07-30-09:38/worker33020/2026-07-30_0938/tp1_pp14_dp_mbs2_numbs_gbs48_gpus0_mtp1_forcelbfalse_pertensorfalse_NO_LOSS_REDUCE.RANK2.10.124.33.20.log,32e167f41c8281b8f0711c4dbf3d51dd6a815a24caea87c4a01d03d9a375d744,evaluator_only_NEVER_MODEL_FIT
104,runtime_config_dump,num_attention_heads,128,4afb488181fa888e5e3ad1bbe8f12f2c12fb0dd13664b4a3a4a2ff529c0ff44f,num_attention_heads = 128,False,/home/zjb/Desktop/fabric-data-analysis/fabric-data-analysis-raw/0731_224gpu_pp14_cp2_a2a/extracted/framework/2026-07-30-09:38/worker33020/2026-07-30_0938/tp1_pp14_dp_mbs2_numbs_gbs48_gpus0_mtp1_forcelbfalse_pertensorfalse_NO_LOSS_REDUCE.RANK2.10.124.33.20.log,32e167f41c8281b8f0711c4dbf3d51dd6a815a24caea87c4a01d03d9a375d744,evaluator_only_NEVER_MODEL_FIT
104,runtime_config_dump,ffn_hidden_size,12288,4afb488181fa888e5e3ad1bbe8f12f2c12fb0dd13664b4a3a4a2ff529c0ff44f,ffn_hidden_size = 12288,False,/home/zjb/Desktop/fabric-data-analysis/fabric-data-analysis-raw/0731_224gpu_pp14_cp2_a2a/extracted/framework/2026-07-30-09:38/worker33020/2026-07-30_0938/tp1_pp14_dp_mbs2_numbs_gbs48_gpus0_mtp1_forcelbfalse_pertensorfalse_NO_LOSS_REDUCE.RANK2.10.124.33.20.log,32e167f41c8281b8f0711c4dbf3d51dd6a815a24caea87c4a01d03d9a375d744,evaluator_only_NEVER_MODEL_FIT
104,runtime_config_dump,moe_deepep_num_sms,20,4afb488181fa888e5e3ad1bbe8f12f2c12fb0dd13664b4a3a4a2ff529c0ff44f,moe_deepep_num_sms = 20,False,/home/zjb/Desktop/fabric-data-analysis/fabric-data-analysis-raw/0731_224gpu_pp14_cp2_a2a/extracted/framework/2026-07-30-09:38/worker33020/2026-07-30_0938/tp1_pp14_dp_mbs2_numbs_gbs48_gpus0_mtp1_forcelbfalse_pertensorfalse_NO_LOSS_REDUCE.RANK2.10.124.33.20.log,32e167f41c8281b8f0711c4dbf3d51dd6a815a24caea87c4a01d03d9a375d744,evaluator_only_NEVER_MODEL_FIT
104,runtime_config_dump,bias_dropout_fusion,False,4afb488181fa888e5e3ad1bbe8f12f2c12fb0dd13664b4a3a4a2ff529c0ff44f,bias_dropout_fusion = False,False,/home/zjb/Desktop/fabric-data-analysis/fabric-data-analysis-raw/0731_224gpu_pp14_cp2_a2a/extracted/framework/2026-07-30-09:38/worker33020/2026-07-30_0938/tp1_pp14_dp_mbs2_numbs_gbs48_gpus0_mtp1_forcelbfalse_pertensorfalse_NO_LOSS_REDUCE.RANK2.10.124.33.20.log,32e167f41c8281b8f0711c4dbf3d51dd6a815a24caea87c4a01d03d9a375d744,evaluator_only_NEVER_MODEL_FIT
104,runtime_config_dump,recompute_granularity,'full',4afb488181fa888e5e3ad1bbe8f12f2c12fb0dd13664b4a3a4a2ff529c0ff44f,recompute_granularity = 'full',False,/home/zjb/Desktop/fabric-data-analysis/fabric-data-analysis-raw/0731_224gpu_pp14_cp2_a2a/extracted/framework/2026-07-30-09:38/worker33020/2026-07-30_0938/tp1_pp14_dp_mbs2_numbs_gbs48_gpus0_mtp1_forcelbfalse_pertensorfalse_NO_LOSS_REDUCE.RANK2.10.124.33.20.log,32e167f41c8281b8f0711c4dbf3d51dd6a815a24caea87c4a01d03d9a375d744,evaluator_only_NEVER_MODEL_FIT
104,runtime_config_dump,recompute_method,'block',4afb488181fa888e5e3ad1bbe8f12f2c12fb0dd13664b4a3a4a2ff529c0ff44f,recompute_method = 'block',False,/home/zjb/Desktop/fabric-data-analysis/fabric-data-analysis-raw/0731_224gpu_pp14_cp2_a2a/extracted/framework/2026-07-30-09:38/worker33020/2026-07-30_0938/tp1_pp14_dp_mbs2_numbs_gbs48_gpus0_mtp1_forcelbfalse_pertensorfalse_NO_LOSS_REDUCE.RANK2.10.124.33.20.log,32e167f41c8281b8f0711c4dbf3d51dd6a815a24caea87c4a01d03d9a375d744,evaluator_only_NEVER_MODEL_FIT
104,runtime_config_dump,recompute_num_layers,4,4afb488181fa888e5e3ad1bbe8f12f2c12fb0dd13664b4a3a4a2ff529c0ff44f,recompute_num_layers = 4,False,/home/zjb/Desktop/fabric-data-analysis/fabric-data-analysis-raw/0731_224gpu_pp14_cp2_a2a/extracted/framework/2026-07-30-09:38/worker33020/2026-07-30_0938/tp1_pp14_dp_mbs2_numbs_gbs48_gpus0_mtp1_forcelbfalse_pertensorfalse_NO_LOSS_REDUCE.RANK2.10.124.33.20.log,32e167f41c8281b8f0711c4dbf3d51dd6a815a24caea87c4a01d03d9a375d744,evaluator_only_NEVER_MODEL_FIT
104,runtime_config_dump,fp8,None,4afb488181fa888e5e3ad1bbe8f12f2c12fb0dd13664b4a3a4a2ff529c0ff44f,fp8 = None,False,/home/zjb/Desktop/fabric-data-analysis/fabric-data-analysis-raw/0731_224gpu_pp14_cp2_a2a/extracted/framework/2026-07-30-09:38/worker33020/2026-07-30_0938/tp1_pp14_dp_mbs2_numbs_gbs48_gpus0_mtp1_forcelbfalse_pertensorfalse_NO_LOSS_REDUCE.RANK2.10.124.33.20.log,32e167f41c8281b8f0711c4dbf3d51dd6a815a24caea87c4a01d03d9a375d744,evaluator_only_NEVER_MODEL_FIT
104,runtime_config_dump,moe_shared_expert_intermediate_size,3072,4afb488181fa888e5e3ad1bbe8f12f2c12fb0dd13664b4a3a4a2ff529c0ff44f,moe_shared_expert_intermediate_size = 3072,False,/home/zjb/Desktop/fabric-data-analysis/fabric-data-analysis-raw/0731_224gpu_pp14_cp2_a2a/extracted/framework/2026-07-30-09:38/worker33020/2026-07-30_0938/tp1_pp14_dp_mbs2_numbs_gbs48_gpus0_mtp1_forcelbfalse_pertensorfalse_NO_LOSS_REDUCE.RANK2.10.124.33.20.log,32e167f41c8281b8f0711c4dbf3d51dd6a815a24caea87c4a01d03d9a375d744,evaluator_only_NEVER_MODEL_FIT
104,runtime_config_dump,moe_shared_expert_overlap,False,4afb488181fa888e5e3ad1bbe8f12f2c12fb0dd13664b4a3a4a2ff529c0ff44f,moe_shared_expert_overlap = False,False,/home/zjb/Desktop/fabric-data-analysis/fabric-data-analysis-raw/0731_224gpu_pp14_cp2_a2a/extracted/framework/2026-07-30-09:38/worker33020/2026-07-30_0938/tp1_pp14_dp_mbs2_numbs_gbs48_gpus0_mtp1_forcelbfalse_pertensorfalse_NO_LOSS_REDUCE.RANK2.10.124.33.20.log,32e167f41c8281b8f0711c4dbf3d51dd6a815a24caea87c4a01d03d9a375d744,evaluator_only_NEVER_MODEL_FIT
104,runtime_config_dump,moe_ffn_hidden_size,1536,4afb488181fa888e5e3ad1bbe8f12f2c12fb0dd13664b4a3a4a2ff529c0ff44f,moe_ffn_hidden_size = 1536,False,/home/zjb/Desktop/fabric-data-analysis/fabric-data-analysis-raw/0731_224gpu_pp14_cp2_a2a/extracted/framework/2026-07-30-09:38/worker33020/2026-07-30_0938/tp1_pp14_dp_mbs2_numbs_gbs48_gpus0_mtp1_forcelbfalse_pertensorfalse_NO_LOSS_REDUCE.RANK2.10.124.33.20.log,32e167f41c8281b8f0711c4dbf3d51dd6a815a24caea87c4a01d03d9a375d744,evaluator_only_NEVER_MODEL_FIT
104,runtime_config_dump,moe_router_load_balancing_type,'aux_loss',4afb488181fa888e5e3ad1bbe8f12f2c12fb0dd13664b4a3a4a2ff529c0ff44f,moe_router_load_balancing_type = 'aux_loss',False,/home/zjb/Desktop/fabric-data-analysis/fabric-data-analysis-raw/0731_224gpu_pp14_cp2_a2a/extracted/framework/2026-07-30-09:38/worker33020/2026-07-30_0938/tp1_pp14_dp_mbs2_numbs_gbs48_gpus0_mtp1_forcelbfalse_pertensorfalse_NO_LOSS_REDUCE.RANK2.10.124.33.20.log,32e167f41c8281b8f0711c4dbf3d51dd6a815a24caea87c4a01d03d9a375d744,evaluator_only_NEVER_MODEL_FIT
104,runtime_config_dump,moe_router_topk,6,4afb488181fa888e5e3ad1bbe8f12f2c12fb0dd13664b4a3a4a2ff529c0ff44f,moe_router_topk = 6,False,/home/zjb/Desktop/fabric-data-analysis/fabric-data-analysis-raw/0731_224gpu_pp14_cp2_a2a/extracted/framework/2026-07-30-09:38/worker33020/2026-07-30_0938/tp1_pp14_dp_mbs2_numbs_gbs48_gpus0_mtp1_forcelbfalse_pertensorfalse_NO_LOSS_REDUCE.RANK2.10.124.33.20.log,32e167f41c8281b8f0711c4dbf3d51dd6a815a24caea87c4a01d03d9a375d744,evaluator_only_NEVER_MODEL_FIT
104,runtime_config_dump,moe_router_score_function,'softmax',4afb488181fa888e5e3ad1bbe8f12f2c12fb0dd13664b4a3a4a2ff529c0ff44f,moe_router_score_function = 'softmax',False,/home/zjb/Desktop/fabric-data-analysis/fabric-data-analysis-raw/0731_224gpu_pp14_cp2_a2a/extracted/framework/2026-07-30-09:38/worker33020/2026-07-30_0938/tp1_pp14_dp_mbs2_numbs_gbs48_gpus0_mtp1_forcelbfalse_pertensorfalse_NO_LOSS_REDUCE.RANK2.10.124.33.20.log,32e167f41c8281b8f0711c4dbf3d51dd6a815a24caea87c4a01d03d9a375d744,evaluator_only_NEVER_MODEL_FIT
104,runtime_config_dump,moe_router_dtype,'fp32',4afb488181fa888e5e3ad1bbe8f12f2c12fb0dd13664b4a3a4a2ff529c0ff44f,moe_router_dtype = 'fp32',False,/home/zjb/Desktop/fabric-data-analysis/fabric-data-analysis-raw/0731_224gpu_pp14_cp2_a2a/extracted/framework/2026-07-30-09:38/worker33020/2026-07-30_0938/tp1_pp14_dp_mbs2_numbs_gbs48_gpus0_mtp1_forcelbfalse_pertensorfalse_NO_LOSS_REDUCE.RANK2.10.124.33.20.log,32e167f41c8281b8f0711c4dbf3d51dd6a815a24caea87c4a01d03d9a375d744,evaluator_only_NEVER_MODEL_FIT
104,runtime_config_dump,moe_router_force_load_balancing,False,4afb488181fa888e5e3ad1bbe8f12f2c12fb0dd13664b4a3a4a2ff529c0ff44f,moe_router_force_load_balancing = False,False,/home/zjb/Desktop/fabric-data-analysis/fabric-data-analysis-raw/0731_224gpu_pp14_cp2_a2a/extracted/framework/2026-07-30-09:38/worker33020/2026-07-30_0938/tp1_pp14_dp_mbs2_numbs_gbs48_gpus0_mtp1_forcelbfalse_pertensorfalse_NO_LOSS_REDUCE.RANK2.10.124.33.20.log,32e167f41c8281b8f0711c4dbf3d51dd6a815a24caea87c4a01d03d9a375d744,evaluator_only_NEVER_MODEL_FIT
104,runtime_config_dump,moe_grouped_gemm,True,4afb488181fa888e5e3ad1bbe8f12f2c12fb0dd13664b4a3a4a2ff529c0ff44f,moe_grouped_gemm = True,False,/home/zjb/Desktop/fabric-data-analysis/fabric-data-analysis-raw/0731_224gpu_pp14_cp2_a2a/extracted/framework/2026-07-30-09:38/worker33020/2026-07-30_0938/tp1_pp14_dp_mbs2_numbs_gbs48_gpus0_mtp1_forcelbfalse_pertensorfalse_NO_LOSS_REDUCE.RANK2.10.124.33.20.log,32e167f41c8281b8f0711c4dbf3d51dd6a815a24caea87c4a01d03d9a375d744,evaluator_only_NEVER_MODEL_FIT
104,runtime_config_dump,moe_token_dispatcher_type,'flex',4afb488181fa888e5e3ad1bbe8f12f2c12fb0dd13664b4a3a4a2ff529c0ff44f,moe_token_dispatcher_type = 'flex',False,/home/zjb/Desktop/fabric-data-analysis/fabric-data-analysis-raw/0731_224gpu_pp14_cp2_a2a/extracted/framework/2026-07-30-09:38/worker33020/2026-07-30_0938/tp1_pp14_dp_mbs2_numbs_gbs48_gpus0_mtp1_forcelbfalse_pertensorfalse_NO_LOSS_REDUCE.RANK2.10.124.33.20.log,32e167f41c8281b8f0711c4dbf3d51dd6a815a24caea87c4a01d03d9a375d744,evaluator_only_NEVER_MODEL_FIT
104,runtime_config_dump,moe_enable_deepep,True,4afb488181fa888e5e3ad1bbe8f12f2c12fb0dd13664b4a3a4a2ff529c0ff44f,moe_enable_deepep = True,False,/home/zjb/Desktop/fabric-data-analysis/fabric-data-analysis-raw/0731_224gpu_pp14_cp2_a2a/extracted/framework/2026-07-30-09:38/worker33020/2026-07-30_0938/tp1_pp14_dp_mbs2_numbs_gbs48_gpus0_mtp1_forcelbfalse_pertensorfalse_NO_LOSS_REDUCE.RANK2.10.124.33.20.log,32e167f41c8281b8f0711c4dbf3d51dd6a815a24caea87c4a01d03d9a375d744,evaluator_only_NEVER_MODEL_FIT
104,runtime_config_dump,moe_expert_capacity_factor,2.0,4afb488181fa888e5e3ad1bbe8f12f2c12fb0dd13664b4a3a4a2ff529c0ff44f,moe_expert_capacity_factor = 2.0,False,/home/zjb/Desktop/fabric-data-analysis/fabric-data-analysis-raw/0731_224gpu_pp14_cp2_a2a/extracted/framework/2026-07-30-09:38/worker33020/2026-07-30_0938/tp1_pp14_dp_mbs2_numbs_gbs48_gpus0_mtp1_forcelbfalse_pertensorfalse_NO_LOSS_REDUCE.RANK2.10.124.33.20.log,32e167f41c8281b8f0711c4dbf3d51dd6a815a24caea87c4a01d03d9a375d744,evaluator_only_NEVER_MODEL_FIT
104,runtime_config_dump,moe_pad_expert_input_to_capacity,False,4afb488181fa888e5e3ad1bbe8f12f2c12fb0dd13664b4a3a4a2ff529c0ff44f,moe_pad_expert_input_to_capacity = False,False,/home/zjb/Desktop/fabric-data-analysis/fabric-data-analysis-raw/0731_224gpu_pp14_cp2_a2a/extracted/framework/2026-07-30-09:38/worker33020/2026-07-30_0938/tp1_pp14_dp_mbs2_numbs_gbs48_gpus0_mtp1_forcelbfalse_pertensorfalse_NO_LOSS_REDUCE.RANK2.10.124.33.20.log,32e167f41c8281b8f0711c4dbf3d51dd6a815a24caea87c4a01d03d9a375d744,evaluator_only_NEVER_MODEL_FIT
104,runtime_config_dump,moe_token_drop_policy,'probs',4afb488181fa888e5e3ad1bbe8f12f2c12fb0dd13664b4a3a4a2ff529c0ff44f,moe_token_drop_policy = 'probs',False,/home/zjb/Desktop/fabric-data-analysis/fabric-data-analysis-raw/0731_224gpu_pp14_cp2_a2a/extracted/framework/2026-07-30-09:38/worker33020/2026-07-30_0938/tp1_pp14_dp_mbs2_numbs_gbs48_gpus0_mtp1_forcelbfalse_pertensorfalse_NO_LOSS_REDUCE.RANK2.10.124.33.20.log,32e167f41c8281b8f0711c4dbf3d51dd6a815a24caea87c4a01d03d9a375d744,evaluator_only_NEVER_MODEL_FIT
104,runtime_config_dump,moe_permute_fusion,True,4afb488181fa888e5e3ad1bbe8f12f2c12fb0dd13664b4a3a4a2ff529c0ff44f,moe_permute_fusion = True,False,/home/zjb/Desktop/fabric-data-analysis/fabric-data-analysis-raw/0731_224gpu_pp14_cp2_a2a/extracted/framework/2026-07-30-09:38/worker33020/2026-07-30_0938/tp1_pp14_dp_mbs2_numbs_gbs48_gpus0_mtp1_forcelbfalse_pertensorfalse_NO_LOSS_REDUCE.RANK2.10.124.33.20.log,32e167f41c8281b8f0711c4dbf3d51dd6a815a24caea87c4a01d03d9a375d744,evaluator_only_NEVER_MODEL_FIT
104,runtime_config_dump,moe_router_fusion,False,4afb488181fa888e5e3ad1bbe8f12f2c12fb0dd13664b4a3a4a2ff529c0ff44f,moe_router_fusion = False,False,/home/zjb/Desktop/fabric-data-analysis/fabric-data-analysis-raw/0731_224gpu_pp14_cp2_a2a/extracted/framework/2026-07-30-09:38/worker33020/2026-07-30_0938/tp1_pp14_dp_mbs2_numbs_gbs48_gpus0_mtp1_forcelbfalse_pertensorfalse_NO_LOSS_REDUCE.RANK2.10.124.33.20.log,32e167f41c8281b8f0711c4dbf3d51dd6a815a24caea87c4a01d03d9a375d744,evaluator_only_NEVER_MODEL_FIT
104,runtime_config_dump,cp_comm_type,'a2a',4afb488181fa888e5e3ad1bbe8f12f2c12fb0dd13664b4a3a4a2ff529c0ff44f,cp_comm_type = 'a2a',False,/home/zjb/Desktop/fabric-data-analysis/fabric-data-analysis-raw/0731_224gpu_pp14_cp2_a2a/extracted/framework/2026-07-30-09:38/worker33020/2026-07-30_0938/tp1_pp14_dp_mbs2_numbs_gbs48_gpus0_mtp1_forcelbfalse_pertensorfalse_NO_LOSS_REDUCE.RANK2.10.124.33.20.log,32e167f41c8281b8f0711c4dbf3d51dd6a815a24caea87c4a01d03d9a375d744,evaluator_only_NEVER_MODEL_FIT
104,runtime_config_dump,transformer_impl,'transformer_engine',4afb488181fa888e5e3ad1bbe8f12f2c12fb0dd13664b4a3a4a2ff529c0ff44f,transformer_impl = 'transformer_engine',False,/home/zjb/Desktop/fabric-data-analysis/fabric-data-analysis-raw/0731_224gpu_pp14_cp2_a2a/extracted/framework/2026-07-30-09:38/worker33020/2026-07-30_0938/tp1_pp14_dp_mbs2_numbs_gbs48_gpus0_mtp1_forcelbfalse_pertensorfalse_NO_LOSS_REDUCE.RANK2.10.124.33.20.log,32e167f41c8281b8f0711c4dbf3d51dd6a815a24caea87c4a01d03d9a375d744,evaluator_only_NEVER_MODEL_FIT
104,runtime_config_dump,q_lora_rank,1536,4afb488181fa888e5e3ad1bbe8f12f2c12fb0dd13664b4a3a4a2ff529c0ff44f,q_lora_rank = 1536,False,/home/zjb/Desktop/fabric-data-analysis/fabric-data-analysis-raw/0731_224gpu_pp14_cp2_a2a/extracted/framework/2026-07-30-09:38/worker33020/2026-07-30_0938/tp1_pp14_dp_mbs2_numbs_gbs48_gpus0_mtp1_forcelbfalse_pertensorfalse_NO_LOSS_REDUCE.RANK2.10.124.33.20.log,32e167f41c8281b8f0711c4dbf3d51dd6a815a24caea87c4a01d03d9a375d744,evaluator_only_NEVER_MODEL_FIT
104,runtime_config_dump,kv_lora_rank,512,4afb488181fa888e5e3ad1bbe8f12f2c12fb0dd13664b4a3a4a2ff529c0ff44f,kv_lora_rank = 512,False,/home/zjb/Desktop/fabric-data-analysis/fabric-data-analysis-raw/0731_224gpu_pp14_cp2_a2a/extracted/framework/2026-07-30-09:38/worker33020/2026-07-30_0938/tp1_pp14_dp_mbs2_numbs_gbs48_gpus0_mtp1_forcelbfalse_pertensorfalse_NO_LOSS_REDUCE.RANK2.10.124.33.20.log,32e167f41c8281b8f0711c4dbf3d51dd6a815a24caea87c4a01d03d9a375d744,evaluator_only_NEVER_MODEL_FIT
104,runtime_config_dump,qk_head_dim,128,4afb488181fa888e5e3ad1bbe8f12f2c12fb0dd13664b4a3a4a2ff529c0ff44f,qk_head_dim = 128,False,/home/zjb/Desktop/fabric-data-analysis/fabric-data-analysis-raw/0731_224gpu_pp14_cp2_a2a/extracted/framework/2026-07-30-09:38/worker33020/2026-07-30_0938/tp1_pp14_dp_mbs2_numbs_gbs48_gpus0_mtp1_forcelbfalse_pertensorfalse_NO_LOSS_REDUCE.RANK2.10.124.33.20.log,32e167f41c8281b8f0711c4dbf3d51dd6a815a24caea87c4a01d03d9a375d744,evaluator_only_NEVER_MODEL_FIT
104,runtime_config_dump,qk_pos_emb_head_dim,64,4afb488181fa888e5e3ad1bbe8f12f2c12fb0dd13664b4a3a4a2ff529c0ff44f,qk_pos_emb_head_dim = 64,False,/home/zjb/Desktop/fabric-data-analysis/fabric-data-analysis-raw/0731_224gpu_pp14_cp2_a2a/extracted/framework/2026-07-30-09:38/worker33020/2026-07-30_0938/tp1_pp14_dp_mbs2_numbs_gbs48_gpus0_mtp1_forcelbfalse_pertensorfalse_NO_LOSS_REDUCE.RANK2.10.124.33.20.log,32e167f41c8281b8f0711c4dbf3d51dd6a815a24caea87c4a01d03d9a375d744,evaluator_only_NEVER_MODEL_FIT
104,runtime_config_dump,v_head_dim,128,4afb488181fa888e5e3ad1bbe8f12f2c12fb0dd13664b4a3a4a2ff529c0ff44f,v_head_dim = 128,False,/home/zjb/Desktop/fabric-data-analysis/fabric-data-analysis-raw/0731_224gpu_pp14_cp2_a2a/extracted/framework/2026-07-30-09:38/worker33020/2026-07-30_0938/tp1_pp14_dp_mbs2_numbs_gbs48_gpus0_mtp1_forcelbfalse_pertensorfalse_NO_LOSS_REDUCE.RANK2.10.124.33.20.log,32e167f41c8281b8f0711c4dbf3d51dd6a815a24caea87c4a01d03d9a375d744,evaluator_only_NEVER_MODEL_FIT
104,runtime_config_dump,tensor_model_parallel_size,1,4afb488181fa888e5e3ad1bbe8f12f2c12fb0dd13664b4a3a4a2ff529c0ff44f,tensor_model_parallel_size = 1,False,/home/zjb/Desktop/fabric-data-analysis/fabric-data-analysis-raw/0731_224gpu_pp14_cp2_a2a/extracted/framework/2026-07-30-09:38/worker33020/2026-07-30_0938/tp1_pp14_dp_mbs2_numbs_gbs48_gpus0_mtp1_forcelbfalse_pertensorfalse_NO_LOSS_REDUCE.RANK2.10.124.33.20.log,32e167f41c8281b8f0711c4dbf3d51dd6a815a24caea87c4a01d03d9a375d744,evaluator_only_NEVER_MODEL_FIT
104,runtime_config_dump,pipeline_model_parallel_size,14,4afb488181fa888e5e3ad1bbe8f12f2c12fb0dd13664b4a3a4a2ff529c0ff44f,pipeline_model_parallel_size = 14,False,/home/zjb/Desktop/fabric-data-analysis/fabric-data-analysis-raw/0731_224gpu_pp14_cp2_a2a/extracted/framework/2026-07-30-09:38/worker33020/2026-07-30_0938/tp1_pp14_dp_mbs2_numbs_gbs48_gpus0_mtp1_forcelbfalse_pertensorfalse_NO_LOSS_REDUCE.RANK2.10.124.33.20.log,32e167f41c8281b8f0711c4dbf3d51dd6a815a24caea87c4a01d03d9a375d744,evaluator_only_NEVER_MODEL_FIT
104,runtime_config_dump,virtual_pipeline_model_parallel_size,None,4afb488181fa888e5e3ad1bbe8f12f2c12fb0dd13664b4a3a4a2ff529c0ff44f,virtual_pipeline_model_parallel_size = None,False,/home/zjb/Desktop/fabric-data-analysis/fabric-data-analysis-raw/0731_224gpu_pp14_cp2_a2a/extracted/framework/2026-07-30-09:38/worker33020/2026-07-30_0938/tp1_pp14_dp_mbs2_numbs_gbs48_gpus0_mtp1_forcelbfalse_pertensorfalse_NO_LOSS_REDUCE.RANK2.10.124.33.20.log,32e167f41c8281b8f0711c4dbf3d51dd6a815a24caea87c4a01d03d9a375d744,evaluator_only_NEVER_MODEL_FIT
104,runtime_config_dump,sequence_parallel,False,4afb488181fa888e5e3ad1bbe8f12f2c12fb0dd13664b4a3a4a2ff529c0ff44f,sequence_parallel = False,False,/home/zjb/Desktop/fabric-data-analysis/fabric-data-analysis-raw/0731_224gpu_pp14_cp2_a2a/extracted/framework/2026-07-30-09:38/worker33020/2026-07-30_0938/tp1_pp14_dp_mbs2_numbs_gbs48_gpus0_mtp1_forcelbfalse_pertensorfalse_NO_LOSS_REDUCE.RANK2.10.124.33.20.log,32e167f41c8281b8f0711c4dbf3d51dd6a815a24caea87c4a01d03d9a375d744,evaluator_only_NEVER_MODEL_FIT
104,runtime_config_dump,context_parallel_size,2,4afb488181fa888e5e3ad1bbe8f12f2c12fb0dd13664b4a3a4a2ff529c0ff44f,context_parallel_size = 2,False,/home/zjb/Desktop/fabric-data-analysis/fabric-data-analysis-raw/0731_224gpu_pp14_cp2_a2a/extracted/framework/2026-07-30-09:38/worker33020/2026-07-30_0938/tp1_pp14_dp_mbs2_numbs_gbs48_gpus0_mtp1_forcelbfalse_pertensorfalse_NO_LOSS_REDUCE.RANK2.10.124.33.20.log,32e167f41c8281b8f0711c4dbf3d51dd6a815a24caea87c4a01d03d9a375d744,evaluator_only_NEVER_MODEL_FIT
104,runtime_config_dump,expert_model_parallel_size,8,4afb488181fa888e5e3ad1bbe8f12f2c12fb0dd13664b4a3a4a2ff529c0ff44f,expert_model_parallel_size = 8,False,/home/zjb/Desktop/fabric-data-analysis/fabric-data-analysis-raw/0731_224gpu_pp14_cp2_a2a/extracted/framework/2026-07-30-09:38/worker33020/2026-07-30_0938/tp1_pp14_dp_mbs2_numbs_gbs48_gpus0_mtp1_forcelbfalse_pertensorfalse_NO_LOSS_REDUCE.RANK2.10.124.33.20.log,32e167f41c8281b8f0711c4dbf3d51dd6a815a24caea87c4a01d03d9a375d744,evaluator_only_NEVER_MODEL_FIT
104,runtime_config_dump,fp16,False,4afb488181fa888e5e3ad1bbe8f12f2c12fb0dd13664b4a3a4a2ff529c0ff44f,fp16 = False,False,/home/zjb/Desktop/fabric-data-analysis/fabric-data-analysis-raw/0731_224gpu_pp14_cp2_a2a/extracted/framework/2026-07-30-09:38/worker33020/2026-07-30_0938/tp1_pp14_dp_mbs2_numbs_gbs48_gpus0_mtp1_forcelbfalse_pertensorfalse_NO_LOSS_REDUCE.RANK2.10.124.33.20.log,32e167f41c8281b8f0711c4dbf3d51dd6a815a24caea87c4a01d03d9a375d744,evaluator_only_NEVER_MODEL_FIT
104,runtime_config_dump,bf16,True,4afb488181fa888e5e3ad1bbe8f12f2c12fb0dd13664b4a3a4a2ff529c0ff44f,bf16 = True,False,/home/zjb/Desktop/fabric-data-analysis/fabric-data-analysis-raw/0731_224gpu_pp14_cp2_a2a/extracted/framework/2026-07-30-09:38/worker33020/2026-07-30_0938/tp1_pp14_dp_mbs2_numbs_gbs48_gpus0_mtp1_forcelbfalse_pertensorfalse_NO_LOSS_REDUCE.RANK2.10.124.33.20.log,32e167f41c8281b8f0711c4dbf3d51dd6a815a24caea87c4a01d03d9a375d744,evaluator_only_NEVER_MODEL_FIT
104,runtime_config_dump,params_dtype,torch.bfloat16,4afb488181fa888e5e3ad1bbe8f12f2c12fb0dd13664b4a3a4a2ff529c0ff44f,params_dtype = torch.bfloat16,False,/home/zjb/Desktop/fabric-data-analysis/fabric-data-analysis-raw/0731_224gpu_pp14_cp2_a2a/extracted/framework/2026-07-30-09:38/worker33020/2026-07-30_0938/tp1_pp14_dp_mbs2_numbs_gbs48_gpus0_mtp1_forcelbfalse_pertensorfalse_NO_LOSS_REDUCE.RANK2.10.124.33.20.log,32e167f41c8281b8f0711c4dbf3d51dd6a815a24caea87c4a01d03d9a375d744,evaluator_only_NEVER_MODEL_FIT
104,runtime_config_dump,gradient_accumulation_fusion,True,4afb488181fa888e5e3ad1bbe8f12f2c12fb0dd13664b4a3a4a2ff529c0ff44f,gradient_accumulation_fusion = True,False,/home/zjb/Desktop/fabric-data-analysis/fabric-data-analysis-raw/0731_224gpu_pp14_cp2_a2a/extracted/framework/2026-07-30-09:38/worker33020/2026-07-30_0938/tp1_pp14_dp_mbs2_numbs_gbs48_gpus0_mtp1_forcelbfalse_pertensorfalse_NO_LOSS_REDUCE.RANK2.10.124.33.20.log,32e167f41c8281b8f0711c4dbf3d51dd6a815a24caea87c4a01d03d9a375d744,evaluator_only_NEVER_MODEL_FIT
104,runtime_config_dump,overlap_moe_expert_parallel_comm,False,4afb488181fa888e5e3ad1bbe8f12f2c12fb0dd13664b4a3a4a2ff529c0ff44f,overlap_moe_expert_parallel_comm = False,False,/home/zjb/Desktop/fabric-data-analysis/fabric-data-analysis-raw/0731_224gpu_pp14_cp2_a2a/extracted/framework/2026-07-30-09:38/worker33020/2026-07-30_0938/tp1_pp14_dp_mbs2_numbs_gbs48_gpus0_mtp1_forcelbfalse_pertensorfalse_NO_LOSS_REDUCE.RANK2.10.124.33.20.log,32e167f41c8281b8f0711c4dbf3d51dd6a815a24caea87c4a01d03d9a375d744,evaluator_only_NEVER_MODEL_FIT
104,runtime_config_dump,overlap_p2p_comm,False,4afb488181fa888e5e3ad1bbe8f12f2c12fb0dd13664b4a3a4a2ff529c0ff44f,overlap_p2p_comm = False,False,/home/zjb/Desktop/fabric-data-analysis/fabric-data-analysis-raw/0731_224gpu_pp14_cp2_a2a/extracted/framework/2026-07-30-09:38/worker33020/2026-07-30_0938/tp1_pp14_dp_mbs2_numbs_gbs48_gpus0_mtp1_forcelbfalse_pertensorfalse_NO_LOSS_REDUCE.RANK2.10.124.33.20.log,32e167f41c8281b8f0711c4dbf3d51dd6a815a24caea87c4a01d03d9a375d744,evaluator_only_NEVER_MODEL_FIT
104,runtime_config_dump,batch_p2p_comm,True,4afb488181fa888e5e3ad1bbe8f12f2c12fb0dd13664b4a3a4a2ff529c0ff44f,batch_p2p_comm = True,False,/home/zjb/Desktop/fabric-data-analysis/fabric-data-analysis-raw/0731_224gpu_pp14_cp2_a2a/extracted/framework/2026-07-30-09:38/worker33020/2026-07-30_0938/tp1_pp14_dp_mbs2_numbs_gbs48_gpus0_mtp1_forcelbfalse_pertensorfalse_NO_LOSS_REDUCE.RANK2.10.124.33.20.log,32e167f41c8281b8f0711c4dbf3d51dd6a815a24caea87c4a01d03d9a375d744,evaluator_only_NEVER_MODEL_FIT
104,runtime_config_dump,batch_p2p_sync,True,4afb488181fa888e5e3ad1bbe8f12f2c12fb0dd13664b4a3a4a2ff529c0ff44f,batch_p2p_sync = True,False,/home/zjb/Desktop/fabric-data-analysis/fabric-data-analysis-raw/0731_224gpu_pp14_cp2_a2a/extracted/framework/2026-07-30-09:38/worker33020/2026-07-30_0938/tp1_pp14_dp_mbs2_numbs_gbs48_gpus0_mtp1_forcelbfalse_pertensorfalse_NO_LOSS_REDUCE.RANK2.10.124.33.20.log,32e167f41c8281b8f0711c4dbf3d51dd6a815a24caea87c4a01d03d9a375d744,evaluator_only_NEVER_MODEL_FIT
104,runtime_config_dump,num_layers,52,4afb488181fa888e5e3ad1bbe8f12f2c12fb0dd13664b4a3a4a2ff529c0ff44f,num_layers = 52,False,/home/zjb/Desktop/fabric-data-analysis/fabric-data-analysis-raw/0731_224gpu_pp14_cp2_a2a/extracted/framework/2026-07-30-09:38/worker33020/2026-07-30_0938/tp1_pp14_dp_mbs2_numbs_gbs48_gpus0_mtp1_forcelbfalse_pertensorfalse_NO_LOSS_REDUCE.RANK2.10.124.33.20.log,32e167f41c8281b8f0711c4dbf3d51dd6a815a24caea87c4a01d03d9a375d744,evaluator_only_NEVER_MODEL_FIT
104,runtime_config_dump,mtp_num_layers,None,4afb488181fa888e5e3ad1bbe8f12f2c12fb0dd13664b4a3a4a2ff529c0ff44f,mtp_num_layers = None,False,/home/zjb/Desktop/fabric-data-analysis/fabric-data-analysis-raw/0731_224gpu_pp14_cp2_a2a/extracted/framework/2026-07-30-09:38/worker33020/2026-07-30_0938/tp1_pp14_dp_mbs2_numbs_gbs48_gpus0_mtp1_forcelbfalse_pertensorfalse_NO_LOSS_REDUCE.RANK2.10.124.33.20.log,32e167f41c8281b8f0711c4dbf3d51dd6a815a24caea87c4a01d03d9a375d744,evaluator_only_NEVER_MODEL_FIT
104,runtime_config_dump,hidden_size,5120,4afb488181fa888e5e3ad1bbe8f12f2c12fb0dd13664b4a3a4a2ff529c0ff44f,hidden_size = 5120,False,/home/zjb/Desktop/fabric-data-analysis/fabric-data-analysis-raw/0731_224gpu_pp14_cp2_a2a/extracted/framework/2026-07-30-09:38/worker33020/2026-07-30_0938/tp1_pp14_dp_mbs2_numbs_gbs48_gpus0_mtp1_forcelbfalse_pertensorfalse_NO_LOSS_REDUCE.RANK2.10.124.33.20.log,32e167f41c8281b8f0711c4dbf3d51dd6a815a24caea87c4a01d03d9a375d744,evaluator_only_NEVER_MODEL_FIT
104,runtime_config_dump,num_attention_heads,128,4afb488181fa888e5e3ad1bbe8f12f2c12fb0dd13664b4a3a4a2ff529c0ff44f,num_attention_heads = 128,False,/home/zjb/Desktop/fabric-data-analysis/fabric-data-analysis-raw/0731_224gpu_pp14_cp2_a2a/extracted/framework/2026-07-30-09:38/worker33020/2026-07-30_0938/tp1_pp14_dp_mbs2_numbs_gbs48_gpus0_mtp1_forcelbfalse_pertensorfalse_NO_LOSS_REDUCE.RANK2.10.124.33.20.log,32e167f41c8281b8f0711c4dbf3d51dd6a815a24caea87c4a01d03d9a375d744,evaluator_only_NEVER_MODEL_FIT
104,runtime_config_dump,ffn_hidden_size,12288,4afb488181fa888e5e3ad1bbe8f12f2c12fb0dd13664b4a3a4a2ff529c0ff44f,ffn_hidden_size = 12288,False,/home/zjb/Desktop/fabric-data-analysis/fabric-data-analysis-raw/0731_224gpu_pp14_cp2_a2a/extracted/framework/2026-07-30-09:38/worker33020/2026-07-30_0938/tp1_pp14_dp_mbs2_numbs_gbs48_gpus0_mtp1_forcelbfalse_pertensorfalse_NO_LOSS_REDUCE.RANK2.10.124.33.20.log,32e167f41c8281b8f0711c4dbf3d51dd6a815a24caea87c4a01d03d9a375d744,evaluator_only_NEVER_MODEL_FIT
104,runtime_config_dump,moe_deepep_num_sms,20,4afb488181fa888e5e3ad1bbe8f12f2c12fb0dd13664b4a3a4a2ff529c0ff44f,moe_deepep_num_sms = 20,False,/home/zjb/Desktop/fabric-data-analysis/fabric-data-analysis-raw/0731_224gpu_pp14_cp2_a2a/extracted/framework/2026-07-30-09:38/worker33020/2026-07-30_0938/tp1_pp14_dp_mbs2_numbs_gbs48_gpus0_mtp1_forcelbfalse_pertensorfalse_NO_LOSS_REDUCE.RANK2.10.124.33.20.log,32e167f41c8281b8f0711c4dbf3d51dd6a815a24caea87c4a01d03d9a375d744,evaluator_only_NEVER_MODEL_FIT
104,runtime_config_dump,bias_dropout_fusion,False,4afb488181fa888e5e3ad1bbe8f12f2c12fb0dd13664b4a3a4a2ff529c0ff44f,bias_dropout_fusion = False,False,/home/zjb/Desktop/fabric-data-analysis/fabric-data-analysis-raw/0731_224gpu_pp14_cp2_a2a/extracted/framework/2026-07-30-09:38/worker33020/2026-07-30_0938/tp1_pp14_dp_mbs2_numbs_gbs48_gpus0_mtp1_forcelbfalse_pertensorfalse_NO_LOSS_REDUCE.RANK2.10.124.33.20.log,32e167f41c8281b8f0711c4dbf3d51dd6a815a24caea87c4a01d03d9a375d744,evaluator_only_NEVER_MODEL_FIT
104,runtime_config_dump,recompute_granularity,'full',4afb488181fa888e5e3ad1bbe8f12f2c12fb0dd13664b4a3a4a2ff529c0ff44f,recompute_granularity = 'full',False,/home/zjb/Desktop/fabric-data-analysis/fabric-data-analysis-raw/0731_224gpu_pp14_cp2_a2a/extracted/framework/2026-07-30-09:38/worker33020/2026-07-30_0938/tp1_pp14_dp_mbs2_numbs_gbs48_gpus0_mtp1_forcelbfalse_pertensorfalse_NO_LOSS_REDUCE.RANK2.10.124.33.20.log,32e167f41c8281b8f0711c4dbf3d51dd6a815a24caea87c4a01d03d9a375d744,evaluator_only_NEVER_MODEL_FIT
104,runtime_config_dump,recompute_method,'block',4afb488181fa888e5e3ad1bbe8f12f2c12fb0dd13664b4a3a4a2ff529c0ff44f,recompute_method = 'block',False,/home/zjb/Desktop/fabric-data-analysis/fabric-data-analysis-raw/0731_224gpu_pp14_cp2_a2a/extracted/framework/2026-07-30-09:38/worker33020/2026-07-30_0938/tp1_pp14_dp_mbs2_numbs_gbs48_gpus0_mtp1_forcelbfalse_pertensorfalse_NO_LOSS_REDUCE.RANK2.10.124.33.20.log,32e167f41c8281b8f0711c4dbf3d51dd6a815a24caea87c4a01d03d9a375d744,evaluator_only_NEVER_MODEL_FIT
104,runtime_config_dump,recompute_num_layers,4,4afb488181fa888e5e3ad1bbe8f12f2c12fb0dd13664b4a3a4a2ff529c0ff44f,recompute_num_layers = 4,False,/home/zjb/Desktop/fabric-data-analysis/fabric-data-analysis-raw/0731_224gpu_pp14_cp2_a2a/extracted/framework/2026-07-30-09:38/worker33020/2026-07-30_0938/tp1_pp14_dp_mbs2_numbs_gbs48_gpus0_mtp1_forcelbfalse_pertensorfalse_NO_LOSS_REDUCE.RANK2.10.124.33.20.log,32e167f41c8281b8f0711c4dbf3d51dd6a815a24caea87c4a01d03d9a375d744,evaluator_only_NEVER_MODEL_FIT
104,runtime_config_dump,fp8,None,4afb488181fa888e5e3ad1bbe8f12f2c12fb0dd13664b4a3a4a2ff529c0ff44f,fp8 = None,False,/home/zjb/Desktop/fabric-data-analysis/fabric-data-analysis-raw/0731_224gpu_pp14_cp2_a2a/extracted/framework/2026-07-30-09:38/worker33020/2026-07-30_0938/tp1_pp14_dp_mbs2_numbs_gbs48_gpus0_mtp1_forcelbfalse_pertensorfalse_NO_LOSS_REDUCE.RANK2.10.124.33.20.log,32e167f41c8281b8f0711c4dbf3d51dd6a815a24caea87c4a01d03d9a375d744,evaluator_only_NEVER_MODEL_FIT
104,runtime_config_dump,moe_shared_expert_intermediate_size,3072,4afb488181fa888e5e3ad1bbe8f12f2c12fb0dd13664b4a3a4a2ff529c0ff44f,moe_shared_expert_intermediate_size = 3072,False,/home/zjb/Desktop/fabric-data-analysis/fabric-data-analysis-raw/0731_224gpu_pp14_cp2_a2a/extracted/framework/2026-07-30-09:38/worker33020/2026-07-30_0938/tp1_pp14_dp_mbs2_numbs_gbs48_gpus0_mtp1_forcelbfalse_pertensorfalse_NO_LOSS_REDUCE.RANK2.10.124.33.20.log,32e167f41c8281b8f0711c4dbf3d51dd6a815a24caea87c4a01d03d9a375d744,evaluator_only_NEVER_MODEL_FIT
104,runtime_config_dump,moe_shared_expert_overlap,False,4afb488181fa888e5e3ad1bbe8f12f2c12fb0dd13664b4a3a4a2ff529c0ff44f,moe_shared_expert_overlap = False,False,/home/zjb/Desktop/fabric-data-analysis/fabric-data-analysis-raw/0731_224gpu_pp14_cp2_a2a/extracted/framework/2026-07-30-09:38/worker33020/2026-07-30_0938/tp1_pp14_dp_mbs2_numbs_gbs48_gpus0_mtp1_forcelbfalse_pertensorfalse_NO_LOSS_REDUCE.RANK2.10.124.33.20.log,32e167f41c8281b8f0711c4dbf3d51dd6a815a24caea87c4a01d03d9a375d744,evaluator_only_NEVER_MODEL_FIT
104,runtime_config_dump,moe_ffn_hidden_size,1536,4afb488181fa888e5e3ad1bbe8f12f2c12fb0dd13664b4a3a4a2ff529c0ff44f,moe_ffn_hidden_size = 1536,False,/home/zjb/Desktop/fabric-data-analysis/fabric-data-analysis-raw/0731_224gpu_pp14_cp2_a2a/extracted/framework/2026-07-30-09:38/worker33020/2026-07-30_0938/tp1_pp14_dp_mbs2_numbs_gbs48_gpus0_mtp1_forcelbfalse_pertensorfalse_NO_LOSS_REDUCE.RANK2.10.124.33.20.log,32e167f41c8281b8f0711c4dbf3d51dd6a815a24caea87c4a01d03d9a375d744,evaluator_only_NEVER_MODEL_FIT
104,runtime_config_dump,moe_router_load_balancing_type,'aux_loss',4afb488181fa888e5e3ad1bbe8f12f2c12fb0dd13664b4a3a4a2ff529c0ff44f,moe_router_load_balancing_type = 'aux_loss',False,/home/zjb/Desktop/fabric-data-analysis/fabric-data-analysis-raw/0731_224gpu_pp14_cp2_a2a/extracted/framework/2026-07-30-09:38/worker33020/2026-07-30_0938/tp1_pp14_dp_mbs2_numbs_gbs48_gpus0_mtp1_forcelbfalse_pertensorfalse_NO_LOSS_REDUCE.RANK2.10.124.33.20.log,32e167f41c8281b8f0711c4dbf3d51dd6a815a24caea87c4a01d03d9a375d744,evaluator_only_NEVER_MODEL_FIT
104,runtime_config_dump,moe_router_topk,6,4afb488181fa888e5e3ad1bbe8f12f2c12fb0dd13664b4a3a4a2ff529c0ff44f,moe_router_topk = 6,False,/home/zjb/Desktop/fabric-data-analysis/fabric-data-analysis-raw/0731_224gpu_pp14_cp2_a2a/extracted/framework/2026-07-30-09:38/worker33020/2026-07-30_0938/tp1_pp14_dp_mbs2_numbs_gbs48_gpus0_mtp1_forcelbfalse_pertensorfalse_NO_LOSS_REDUCE.RANK2.10.124.33.20.log,32e167f41c8281b8f0711c4dbf3d51dd6a815a24caea87c4a01d03d9a375d744,evaluator_only_NEVER_MODEL_FIT
104,runtime_config_dump,moe_router_score_function,'softmax',4afb488181fa888e5e3ad1bbe8f12f2c12fb0dd13664b4a3a4a2ff529c0ff44f,moe_router_score_function = 'softmax',False,/home/zjb/Desktop/fabric-data-analysis/fabric-data-analysis-raw/0731_224gpu_pp14_cp2_a2a/extracted/framework/2026-07-30-09:38/worker33020/2026-07-30_0938/tp1_pp14_dp_mbs2_numbs_gbs48_gpus0_mtp1_forcelbfalse_pertensorfalse_NO_LOSS_REDUCE.RANK2.10.124.33.20.log,32e167f41c8281b8f0711c4dbf3d51dd6a815a24caea87c4a01d03d9a375d744,evaluator_only_NEVER_MODEL_FIT
104,runtime_config_dump,moe_router_dtype,'fp32',4afb488181fa888e5e3ad1bbe8f12f2c12fb0dd13664b4a3a4a2ff529c0ff44f,moe_router_dtype = 'fp32',False,/home/zjb/Desktop/fabric-data-analysis/fabric-data-analysis-raw/0731_224gpu_pp14_cp2_a2a/extracted/framework/2026-07-30-09:38/worker33020/2026-07-30_0938/tp1_pp14_dp_mbs2_numbs_gbs48_gpus0_mtp1_forcelbfalse_pertensorfalse_NO_LOSS_REDUCE.RANK2.10.124.33.20.log,32e167f41c8281b8f0711c4dbf3d51dd6a815a24caea87c4a01d03d9a375d744,evaluator_only_NEVER_MODEL_FIT
104,runtime_config_dump,moe_router_force_load_balancing,False,4afb488181fa888e5e3ad1bbe8f12f2c12fb0dd13664b4a3a4a2ff529c0ff44f,moe_router_force_load_balancing = False,False,/home/zjb/Desktop/fabric-data-analysis/fabric-data-analysis-raw/0731_224gpu_pp14_cp2_a2a/extracted/framework/2026-07-30-09:38/worker33020/2026-07-30_0938/tp1_pp14_dp_mbs2_numbs_gbs48_gpus0_mtp1_forcelbfalse_pertensorfalse_NO_LOSS_REDUCE.RANK2.10.124.33.20.log,32e167f41c8281b8f0711c4dbf3d51dd6a815a24caea87c4a01d03d9a375d744,evaluator_only_NEVER_MODEL_FIT
104,runtime_config_dump,moe_grouped_gemm,True,4afb488181fa888e5e3ad1bbe8f12f2c12fb0dd13664b4a3a4a2ff529c0ff44f,moe_grouped_gemm = True,False,/home/zjb/Desktop/fabric-data-analysis/fabric-data-analysis-raw/0731_224gpu_pp14_cp2_a2a/extracted/framework/2026-07-30-09:38/worker33020/2026-07-30_0938/tp1_pp14_dp_mbs2_numbs_gbs48_gpus0_mtp1_forcelbfalse_pertensorfalse_NO_LOSS_REDUCE.RANK2.10.124.33.20.log,32e167f41c8281b8f0711c4dbf3d51dd6a815a24caea87c4a01d03d9a375d744,evaluator_only_NEVER_MODEL_FIT
104,runtime_config_dump,moe_token_dispatcher_type,'flex',4afb488181fa888e5e3ad1bbe8f12f2c12fb0dd13664b4a3a4a2ff529c0ff44f,moe_token_dispatcher_type = 'flex',False,/home/zjb/Desktop/fabric-data-analysis/fabric-data-analysis-raw/0731_224gpu_pp14_cp2_a2a/extracted/framework/2026-07-30-09:38/worker33020/2026-07-30_0938/tp1_pp14_dp_mbs2_numbs_gbs48_gpus0_mtp1_forcelbfalse_pertensorfalse_NO_LOSS_REDUCE.RANK2.10.124.33.20.log,32e167f41c8281b8f0711c4dbf3d51dd6a815a24caea87c4a01d03d9a375d744,evaluator_only_NEVER_MODEL_FIT
104,runtime_config_dump,moe_enable_deepep,True,4afb488181fa888e5e3ad1bbe8f12f2c12fb0dd13664b4a3a4a2ff529c0ff44f,moe_enable_deepep = True,False,/home/zjb/Desktop/fabric-data-analysis/fabric-data-analysis-raw/0731_224gpu_pp14_cp2_a2a/extracted/framework/2026-07-30-09:38/worker33020/2026-07-30_0938/tp1_pp14_dp_mbs2_numbs_gbs48_gpus0_mtp1_forcelbfalse_pertensorfalse_NO_LOSS_REDUCE.RANK2.10.124.33.20.log,32e167f41c8281b8f0711c4dbf3d51dd6a815a24caea87c4a01d03d9a375d744,evaluator_only_NEVER_MODEL_FIT
104,runtime_config_dump,moe_expert_capacity_factor,2.0,4afb488181fa888e5e3ad1bbe8f12f2c12fb0dd13664b4a3a4a2ff529c0ff44f,moe_expert_capacity_factor = 2.0,False,/home/zjb/Desktop/fabric-data-analysis/fabric-data-analysis-raw/0731_224gpu_pp14_cp2_a2a/extracted/framework/2026-07-30-09:38/worker33020/2026-07-30_0938/tp1_pp14_dp_mbs2_numbs_gbs48_gpus0_mtp1_forcelbfalse_pertensorfalse_NO_LOSS_REDUCE.RANK2.10.124.33.20.log,32e167f41c8281b8f0711c4dbf3d51dd6a815a24caea87c4a01d03d9a375d744,evaluator_only_NEVER_MODEL_FIT
104,runtime_config_dump,moe_pad_expert_input_to_capacity,False,4afb488181fa888e5e3ad1bbe8f12f2c12fb0dd13664b4a3a4a2ff529c0ff44f,moe_pad_expert_input_to_capacity = False,False,/home/zjb/Desktop/fabric-data-analysis/fabric-data-analysis-raw/0731_224gpu_pp14_cp2_a2a/extracted/framework/2026-07-30-09:38/worker33020/2026-07-30_0938/tp1_pp14_dp_mbs2_numbs_gbs48_gpus0_mtp1_forcelbfalse_pertensorfalse_NO_LOSS_REDUCE.RANK2.10.124.33.20.log,32e167f41c8281b8f0711c4dbf3d51dd6a815a24caea87c4a01d03d9a375d744,evaluator_only_NEVER_MODEL_FIT
104,runtime_config_dump,moe_token_drop_policy,'probs',4afb488181fa888e5e3ad1bbe8f12f2c12fb0dd13664b4a3a4a2ff529c0ff44f,moe_token_drop_policy = 'probs',False,/home/zjb/Desktop/fabric-data-analysis/fabric-data-analysis-raw/0731_224gpu_pp14_cp2_a2a/extracted/framework/2026-07-30-09:38/worker33020/2026-07-30_0938/tp1_pp14_dp_mbs2_numbs_gbs48_gpus0_mtp1_forcelbfalse_pertensorfalse_NO_LOSS_REDUCE.RANK2.10.124.33.20.log,32e167f41c8281b8f0711c4dbf3d51dd6a815a24caea87c4a01d03d9a375d744,evaluator_only_NEVER_MODEL_FIT
104,runtime_config_dump,moe_permute_fusion,True,4afb488181fa888e5e3ad1bbe8f12f2c12fb0dd13664b4a3a4a2ff529c0ff44f,moe_permute_fusion = True,False,/home/zjb/Desktop/fabric-data-analysis/fabric-data-analysis-raw/0731_224gpu_pp14_cp2_a2a/extracted/framework/2026-07-30-09:38/worker33020/2026-07-30_0938/tp1_pp14_dp_mbs2_numbs_gbs48_gpus0_mtp1_forcelbfalse_pertensorfalse_NO_LOSS_REDUCE.RANK2.10.124.33.20.log,32e167f41c8281b8f0711c4dbf3d51dd6a815a24caea87c4a01d03d9a375d744,evaluator_only_NEVER_MODEL_FIT
104,runtime_config_dump,moe_router_fusion,False,4afb488181fa888e5e3ad1bbe8f12f2c12fb0dd13664b4a3a4a2ff529c0ff44f,moe_router_fusion = False,False,/home/zjb/Desktop/fabric-data-analysis/fabric-data-analysis-raw/0731_224gpu_pp14_cp2_a2a/extracted/framework/2026-07-30-09:38/worker33020/2026-07-30_0938/tp1_pp14_dp_mbs2_numbs_gbs48_gpus0_mtp1_forcelbfalse_pertensorfalse_NO_LOSS_REDUCE.RANK2.10.124.33.20.log,32e167f41c8281b8f0711c4dbf3d51dd6a815a24caea87c4a01d03d9a375d744,evaluator_only_NEVER_MODEL_FIT
104,runtime_config_dump,cp_comm_type,'a2a',4afb488181fa888e5e3ad1bbe8f12f2c12fb0dd13664b4a3a4a2ff529c0ff44f,cp_comm_type = 'a2a',False,/home/zjb/Desktop/fabric-data-analysis/fabric-data-analysis-raw/0731_224gpu_pp14_cp2_a2a/extracted/framework/2026-07-30-09:38/worker33020/2026-07-30_0938/tp1_pp14_dp_mbs2_numbs_gbs48_gpus0_mtp1_forcelbfalse_pertensorfalse_NO_LOSS_REDUCE.RANK2.10.124.33.20.log,32e167f41c8281b8f0711c4dbf3d51dd6a815a24caea87c4a01d03d9a375d744,evaluator_only_NEVER_MODEL_FIT
104,runtime_config_dump,transformer_impl,'transformer_engine',4afb488181fa888e5e3ad1bbe8f12f2c12fb0dd13664b4a3a4a2ff529c0ff44f,transformer_impl = 'transformer_engine',False,/home/zjb/Desktop/fabric-data-analysis/fabric-data-analysis-raw/0731_224gpu_pp14_cp2_a2a/extracted/framework/2026-07-30-09:38/worker33020/2026-07-30_0938/tp1_pp14_dp_mbs2_numbs_gbs48_gpus0_mtp1_forcelbfalse_pertensorfalse_NO_LOSS_REDUCE.RANK2.10.124.33.20.log,32e167f41c8281b8f0711c4dbf3d51dd6a815a24caea87c4a01d03d9a375d744,evaluator_only_NEVER_MODEL_FIT
104,runtime_config_dump,q_lora_rank,1536,4afb488181fa888e5e3ad1bbe8f12f2c12fb0dd13664b4a3a4a2ff529c0ff44f,q_lora_rank = 1536,False,/home/zjb/Desktop/fabric-data-analysis/fabric-data-analysis-raw/0731_224gpu_pp14_cp2_a2a/extracted/framework/2026-07-30-09:38/worker33020/2026-07-30_0938/tp1_pp14_dp_mbs2_numbs_gbs48_gpus0_mtp1_forcelbfalse_pertensorfalse_NO_LOSS_REDUCE.RANK2.10.124.33.20.log,32e167f41c8281b8f0711c4dbf3d51dd6a815a24caea87c4a01d03d9a375d744,evaluator_only_NEVER_MODEL_FIT
104,runtime_config_dump,kv_lora_rank,512,4afb488181fa888e5e3ad1bbe8f12f2c12fb0dd13664b4a3a4a2ff529c0ff44f,kv_lora_rank = 512,False,/home/zjb/Desktop/fabric-data-analysis/fabric-data-analysis-raw/0731_224gpu_pp14_cp2_a2a/extracted/framework/2026-07-30-09:38/worker33020/2026-07-30_0938/tp1_pp14_dp_mbs2_numbs_gbs48_gpus0_mtp1_forcelbfalse_pertensorfalse_NO_LOSS_REDUCE.RANK2.10.124.33.20.log,32e167f41c8281b8f0711c4dbf3d51dd6a815a24caea87c4a01d03d9a375d744,evaluator_only_NEVER_MODEL_FIT
104,runtime_config_dump,qk_head_dim,128,4afb488181fa888e5e3ad1bbe8f12f2c12fb0dd13664b4a3a4a2ff529c0ff44f,qk_head_dim = 128,False,/home/zjb/Desktop/fabric-data-analysis/fabric-data-analysis-raw/0731_224gpu_pp14_cp2_a2a/extracted/framework/2026-07-30-09:38/worker33020/2026-07-30_0938/tp1_pp14_dp_mbs2_numbs_gbs48_gpus0_mtp1_forcelbfalse_pertensorfalse_NO_LOSS_REDUCE.RANK2.10.124.33.20.log,32e167f41c8281b8f0711c4dbf3d51dd6a815a24caea87c4a01d03d9a375d744,evaluator_only_NEVER_MODEL_FIT
104,runtime_config_dump,qk_pos_emb_head_dim,64,4afb488181fa888e5e3ad1bbe8f12f2c12fb0dd13664b4a3a4a2ff529c0ff44f,qk_pos_emb_head_dim = 64,False,/home/zjb/Desktop/fabric-data-analysis/fabric-data-analysis-raw/0731_224gpu_pp14_cp2_a2a/extracted/framework/2026-07-30-09:38/worker33020/2026-07-30_0938/tp1_pp14_dp_mbs2_numbs_gbs48_gpus0_mtp1_forcelbfalse_pertensorfalse_NO_LOSS_REDUCE.RANK2.10.124.33.20.log,32e167f41c8281b8f0711c4dbf3d51dd6a815a24caea87c4a01d03d9a375d744,evaluator_only_NEVER_MODEL_FIT
104,runtime_config_dump,v_head_dim,128,4afb488181fa888e5e3ad1bbe8f12f2c12fb0dd13664b4a3a4a2ff529c0ff44f,v_head_dim = 128,False,/home/zjb/Desktop/fabric-data-analysis/fabric-data-analysis-raw/0731_224gpu_pp14_cp2_a2a/extracted/framework/2026-07-30-09:38/worker33020/2026-07-30_0938/tp1_pp14_dp_mbs2_numbs_gbs48_gpus0_mtp1_forcelbfalse_pertensorfalse_NO_LOSS_REDUCE.RANK2.10.124.33.20.log,32e167f41c8281b8f0711c4dbf3d51dd6a815a24caea87c4a01d03d9a375d744,evaluator_only_NEVER_MODEL_FIT
106,runtime_config_dump,tensor_model_parallel_size,1,ba4583e1e31512a3fb5b03bf2acf12d5ce71e0476930ce6d312ff4fc0303d119,tensor_model_parallel_size = 1,False,/home/zjb/Desktop/fabric-data-analysis/fabric-data-analysis-raw/0731_224gpu_pp14_cp2_a2a/extracted/framework/2026-07-30-09:38/worker33020/2026-07-30_0938/tp1_pp14_dp_mbs2_numbs_gbs48_gpus0_mtp1_forcelbfalse_pertensorfalse_NO_LOSS_REDUCE.RANK2.10.124.33.20.log,32e167f41c8281b8f0711c4dbf3d51dd6a815a24caea87c4a01d03d9a375d744,evaluator_only_NEVER_MODEL_FIT
106,runtime_config_dump,pipeline_model_parallel_size,14,ba4583e1e31512a3fb5b03bf2acf12d5ce71e0476930ce6d312ff4fc0303d119,pipeline_model_parallel_size = 14,False,/home/zjb/Desktop/fabric-data-analysis/fabric-data-analysis-raw/0731_224gpu_pp14_cp2_a2a/extracted/framework/2026-07-30-09:38/worker33020/2026-07-30_0938/tp1_pp14_dp_mbs2_numbs_gbs48_gpus0_mtp1_forcelbfalse_pertensorfalse_NO_LOSS_REDUCE.RANK2.10.124.33.20.log,32e167f41c8281b8f0711c4dbf3d51dd6a815a24caea87c4a01d03d9a375d744,evaluator_only_NEVER_MODEL_FIT
106,runtime_config_dump,virtual_pipeline_model_parallel_size,None,ba4583e1e31512a3fb5b03bf2acf12d5ce71e0476930ce6d312ff4fc0303d119,virtual_pipeline_model_parallel_size = None,False,/home/zjb/Desktop/fabric-data-analysis/fabric-data-analysis-raw/0731_224gpu_pp14_cp2_a2a/extracted/framework/2026-07-30-09:38/worker33020/2026-07-30_0938/tp1_pp14_dp_mbs2_numbs_gbs48_gpus0_mtp1_forcelbfalse_pertensorfalse_NO_LOSS_REDUCE.RANK2.10.124.33.20.log,32e167f41c8281b8f0711c4dbf3d51dd6a815a24caea87c4a01d03d9a375d744,evaluator_only_NEVER_MODEL_FIT
106,runtime_config_dump,sequence_parallel,False,ba4583e1e31512a3fb5b03bf2acf12d5ce71e0476930ce6d312ff4fc0303d119,sequence_parallel = False,False,/home/zjb/Desktop/fabric-data-analysis/fabric-data-analysis-raw/0731_224gpu_pp14_cp2_a2a/extracted/framework/2026-07-30-09:38/worker33020/2026-07-30_0938/tp1_pp14_dp_mbs2_numbs_gbs48_gpus0_mtp1_forcelbfalse_pertensorfalse_NO_LOSS_REDUCE.RANK2.10.124.33.20.log,32e167f41c8281b8f0711c4dbf3d51dd6a815a24caea87c4a01d03d9a375d744,evaluator_only_NEVER_MODEL_FIT
106,runtime_config_dump,context_parallel_size,2,ba4583e1e31512a3fb5b03bf2acf12d5ce71e0476930ce6d312ff4fc0303d119,context_parallel_size = 2,False,/home/zjb/Desktop/fabric-data-analysis/fabric-data-analysis-raw/0731_224gpu_pp14_cp2_a2a/extracted/framework/2026-07-30-09:38/worker33020/2026-07-30_0938/tp1_pp14_dp_mbs2_numbs_gbs48_gpus0_mtp1_forcelbfalse_pertensorfalse_NO_LOSS_REDUCE.RANK2.10.124.33.20.log,32e167f41c8281b8f0711c4dbf3d51dd6a815a24caea87c4a01d03d9a375d744,evaluator_only_NEVER_MODEL_FIT
106,runtime_config_dump,expert_model_parallel_size,8,ba4583e1e31512a3fb5b03bf2acf12d5ce71e0476930ce6d312ff4fc0303d119,expert_model_parallel_size = 8,False,/home/zjb/Desktop/fabric-data-analysis/fabric-data-analysis-raw/0731_224gpu_pp14_cp2_a2a/extracted/framework/2026-07-30-09:38/worker33020/2026-07-30_0938/tp1_pp14_dp_mbs2_numbs_gbs48_gpus0_mtp1_forcelbfalse_pertensorfalse_NO_LOSS_REDUCE.RANK2.10.124.33.20.log,32e167f41c8281b8f0711c4dbf3d51dd6a815a24caea87c4a01d03d9a375d744,evaluator_only_NEVER_MODEL_FIT
106,runtime_config_dump,fp16,False,ba4583e1e31512a3fb5b03bf2acf12d5ce71e0476930ce6d312ff4fc0303d119,fp16 = False,False,/home/zjb/Desktop/fabric-data-analysis/fabric-data-analysis-raw/0731_224gpu_pp14_cp2_a2a/extracted/framework/2026-07-30-09:38/worker33020/2026-07-30_0938/tp1_pp14_dp_mbs2_numbs_gbs48_gpus0_mtp1_forcelbfalse_pertensorfalse_NO_LOSS_REDUCE.RANK2.10.124.33.20.log,32e167f41c8281b8f0711c4dbf3d51dd6a815a24caea87c4a01d03d9a375d744,evaluator_only_NEVER_MODEL_FIT
106,runtime_config_dump,bf16,True,ba4583e1e31512a3fb5b03bf2acf12d5ce71e0476930ce6d312ff4fc0303d119,bf16 = True,False,/home/zjb/Desktop/fabric-data-analysis/fabric-data-analysis-raw/0731_224gpu_pp14_cp2_a2a/extracted/framework/2026-07-30-09:38/worker33020/2026-07-30_0938/tp1_pp14_dp_mbs2_numbs_gbs48_gpus0_mtp1_forcelbfalse_pertensorfalse_NO_LOSS_REDUCE.RANK2.10.124.33.20.log,32e167f41c8281b8f0711c4dbf3d51dd6a815a24caea87c4a01d03d9a375d744,evaluator_only_NEVER_MODEL_FIT
106,runtime_config_dump,params_dtype,torch.bfloat16,ba4583e1e31512a3fb5b03bf2acf12d5ce71e0476930ce6d312ff4fc0303d119,params_dtype = torch.bfloat16,False,/home/zjb/Desktop/fabric-data-analysis/fabric-data-analysis-raw/0731_224gpu_pp14_cp2_a2a/extracted/framework/2026-07-30-09:38/worker33020/2026-07-30_0938/tp1_pp14_dp_mbs2_numbs_gbs48_gpus0_mtp1_forcelbfalse_pertensorfalse_NO_LOSS_REDUCE.RANK2.10.124.33.20.log,32e167f41c8281b8f0711c4dbf3d51dd6a815a24caea87c4a01d03d9a375d744,evaluator_only_NEVER_MODEL_FIT
106,runtime_config_dump,gradient_accumulation_fusion,True,ba4583e1e31512a3fb5b03bf2acf12d5ce71e0476930ce6d312ff4fc0303d119,gradient_accumulation_fusion = True,False,/home/zjb/Desktop/fabric-data-analysis/fabric-data-analysis-raw/0731_224gpu_pp14_cp2_a2a/extracted/framework/2026-07-30-09:38/worker33020/2026-07-30_0938/tp1_pp14_dp_mbs2_numbs_gbs48_gpus0_mtp1_forcelbfalse_pertensorfalse_NO_LOSS_REDUCE.RANK2.10.124.33.20.log,32e167f41c8281b8f0711c4dbf3d51dd6a815a24caea87c4a01d03d9a375d744,evaluator_only_NEVER_MODEL_FIT
106,runtime_config_dump,overlap_moe_expert_parallel_comm,False,ba4583e1e31512a3fb5b03bf2acf12d5ce71e0476930ce6d312ff4fc0303d119,overlap_moe_expert_parallel_comm = False,False,/home/zjb/Desktop/fabric-data-analysis/fabric-data-analysis-raw/0731_224gpu_pp14_cp2_a2a/extracted/framework/2026-07-30-09:38/worker33020/2026-07-30_0938/tp1_pp14_dp_mbs2_numbs_gbs48_gpus0_mtp1_forcelbfalse_pertensorfalse_NO_LOSS_REDUCE.RANK2.10.124.33.20.log,32e167f41c8281b8f0711c4dbf3d51dd6a815a24caea87c4a01d03d9a375d744,evaluator_only_NEVER_MODEL_FIT
106,runtime_config_dump,overlap_p2p_comm,False,ba4583e1e31512a3fb5b03bf2acf12d5ce71e0476930ce6d312ff4fc0303d119,overlap_p2p_comm = False,False,/home/zjb/Desktop/fabric-data-analysis/fabric-data-analysis-raw/0731_224gpu_pp14_cp2_a2a/extracted/framework/2026-07-30-09:38/worker33020/2026-07-30_0938/tp1_pp14_dp_mbs2_numbs_gbs48_gpus0_mtp1_forcelbfalse_pertensorfalse_NO_LOSS_REDUCE.RANK2.10.124.33.20.log,32e167f41c8281b8f0711c4dbf3d51dd6a815a24caea87c4a01d03d9a375d744,evaluator_only_NEVER_MODEL_FIT
106,runtime_config_dump,batch_p2p_comm,True,ba4583e1e31512a3fb5b03bf2acf12d5ce71e0476930ce6d312ff4fc0303d119,batch_p2p_comm = True,False,/home/zjb/Desktop/fabric-data-analysis/fabric-data-analysis-raw/0731_224gpu_pp14_cp2_a2a/extracted/framework/2026-07-30-09:38/worker33020/2026-07-30_0938/tp1_pp14_dp_mbs2_numbs_gbs48_gpus0_mtp1_forcelbfalse_pertensorfalse_NO_LOSS_REDUCE.RANK2.10.124.33.20.log,32e167f41c8281b8f0711c4dbf3d51dd6a815a24caea87c4a01d03d9a375d744,evaluator_only_NEVER_MODEL_FIT
106,runtime_config_dump,batch_p2p_sync,True,ba4583e1e31512a3fb5b03bf2acf12d5ce71e0476930ce6d312ff4fc0303d119,batch_p2p_sync = True,False,/home/zjb/Desktop/fabric-data-analysis/fabric-data-analysis-raw/0731_224gpu_pp14_cp2_a2a/extracted/framework/2026-07-30-09:38/worker33020/2026-07-30_0938/tp1_pp14_dp_mbs2_numbs_gbs48_gpus0_mtp1_forcelbfalse_pertensorfalse_NO_LOSS_REDUCE.RANK2.10.124.33.20.log,32e167f41c8281b8f0711c4dbf3d51dd6a815a24caea87c4a01d03d9a375d744,evaluator_only_NEVER_MODEL_FIT
106,runtime_config_dump,num_layers,52,ba4583e1e31512a3fb5b03bf2acf12d5ce71e0476930ce6d312ff4fc0303d119,num_layers = 52,False,/home/zjb/Desktop/fabric-data-analysis/fabric-data-analysis-raw/0731_224gpu_pp14_cp2_a2a/extracted/framework/2026-07-30-09:38/worker33020/2026-07-30_0938/tp1_pp14_dp_mbs2_numbs_gbs48_gpus0_mtp1_forcelbfalse_pertensorfalse_NO_LOSS_REDUCE.RANK2.10.124.33.20.log,32e167f41c8281b8f0711c4dbf3d51dd6a815a24caea87c4a01d03d9a375d744,evaluator_only_NEVER_MODEL_FIT
106,runtime_config_dump,mtp_num_layers,None,ba4583e1e31512a3fb5b03bf2acf12d5ce71e0476930ce6d312ff4fc0303d119,mtp_num_layers = None,False,/home/zjb/Desktop/fabric-data-analysis/fabric-data-analysis-raw/0731_224gpu_pp14_cp2_a2a/extracted/framework/2026-07-30-09:38/worker33020/2026-07-30_0938/tp1_pp14_dp_mbs2_numbs_gbs48_gpus0_mtp1_forcelbfalse_pertensorfalse_NO_LOSS_REDUCE.RANK2.10.124.33.20.log,32e167f41c8281b8f0711c4dbf3d51dd6a815a24caea87c4a01d03d9a375d744,evaluator_only_NEVER_MODEL_FIT
106,runtime_config_dump,hidden_size,5120,ba4583e1e31512a3fb5b03bf2acf12d5ce71e0476930ce6d312ff4fc0303d119,hidden_size = 5120,False,/home/zjb/Desktop/fabric-data-analysis/fabric-data-analysis-raw/0731_224gpu_pp14_cp2_a2a/extracted/framework/2026-07-30-09:38/worker33020/2026-07-30_0938/tp1_pp14_dp_mbs2_numbs_gbs48_gpus0_mtp1_forcelbfalse_pertensorfalse_NO_LOSS_REDUCE.RANK2.10.124.33.20.log,32e167f41c8281b8f0711c4dbf3d51dd6a815a24caea87c4a01d03d9a375d744,evaluator_only_NEVER_MODEL_FIT
106,runtime_config_dump,num_attention_heads,128,ba4583e1e31512a3fb5b03bf2acf12d5ce71e0476930ce6d312ff4fc0303d119,num_attention_heads = 128,False,/home/zjb/Desktop/fabric-data-analysis/fabric-data-analysis-raw/0731_224gpu_pp14_cp2_a2a/extracted/framework/2026-07-30-09:38/worker33020/2026-07-30_0938/tp1_pp14_dp_mbs2_numbs_gbs48_gpus0_mtp1_forcelbfalse_pertensorfalse_NO_LOSS_REDUCE.RANK2.10.124.33.20.log,32e167f41c8281b8f0711c4dbf3d51dd6a815a24caea87c4a01d03d9a375d744,evaluator_only_NEVER_MODEL_FIT
106,runtime_config_dump,ffn_hidden_size,12288,ba4583e1e31512a3fb5b03bf2acf12d5ce71e0476930ce6d312ff4fc0303d119,ffn_hidden_size = 12288,False,/home/zjb/Desktop/fabric-data-analysis/fabric-data-analysis-raw/0731_224gpu_pp14_cp2_a2a/extracted/framework/2026-07-30-09:38/worker33020/2026-07-30_0938/tp1_pp14_dp_mbs2_numbs_gbs48_gpus0_mtp1_forcelbfalse_pertensorfalse_NO_LOSS_REDUCE.RANK2.10.124.33.20.log,32e167f41c8281b8f0711c4dbf3d51dd6a815a24caea87c4a01d03d9a375d744,evaluator_only_NEVER_MODEL_FIT
106,runtime_config_dump,moe_deepep_num_sms,20,ba4583e1e31512a3fb5b03bf2acf12d5ce71e0476930ce6d312ff4fc0303d119,moe_deepep_num_sms = 20,False,/home/zjb/Desktop/fabric-data-analysis/fabric-data-analysis-raw/0731_224gpu_pp14_cp2_a2a/extracted/framework/2026-07-30-09:38/worker33020/2026-07-30_0938/tp1_pp14_dp_mbs2_numbs_gbs48_gpus0_mtp1_forcelbfalse_pertensorfalse_NO_LOSS_REDUCE.RANK2.10.124.33.20.log,32e167f41c8281b8f0711c4dbf3d51dd6a815a24caea87c4a01d03d9a375d744,evaluator_only_NEVER_MODEL_FIT
106,runtime_config_dump,bias_dropout_fusion,False,ba4583e1e31512a3fb5b03bf2acf12d5ce71e0476930ce6d312ff4fc0303d119,bias_dropout_fusion = False,False,/home/zjb/Desktop/fabric-data-analysis/fabric-data-analysis-raw/0731_224gpu_pp14_cp2_a2a/extracted/framework/2026-07-30-09:38/worker33020/2026-07-30_0938/tp1_pp14_dp_mbs2_numbs_gbs48_gpus0_mtp1_forcelbfalse_pertensorfalse_NO_LOSS_REDUCE.RANK2.10.124.33.20.log,32e167f41c8281b8f0711c4dbf3d51dd6a815a24caea87c4a01d03d9a375d744,evaluator_only_NEVER_MODEL_FIT
106,runtime_config_dump,recompute_granularity,'full',ba4583e1e31512a3fb5b03bf2acf12d5ce71e0476930ce6d312ff4fc0303d119,recompute_granularity = 'full',False,/home/zjb/Desktop/fabric-data-analysis/fabric-data-analysis-raw/0731_224gpu_pp14_cp2_a2a/extracted/framework/2026-07-30-09:38/worker33020/2026-07-30_0938/tp1_pp14_dp_mbs2_numbs_gbs48_gpus0_mtp1_forcelbfalse_pertensorfalse_NO_LOSS_REDUCE.RANK2.10.124.33.20.log,32e167f41c8281b8f0711c4dbf3d51dd6a815a24caea87c4a01d03d9a375d744,evaluator_only_NEVER_MODEL_FIT
106,runtime_config_dump,recompute_method,'block',ba4583e1e31512a3fb5b03bf2acf12d5ce71e0476930ce6d312ff4fc0303d119,recompute_method = 'block',False,/home/zjb/Desktop/fabric-data-analysis/fabric-data-analysis-raw/0731_224gpu_pp14_cp2_a2a/extracted/framework/2026-07-30-09:38/worker33020/2026-07-30_0938/tp1_pp14_dp_mbs2_numbs_gbs48_gpus0_mtp1_forcelbfalse_pertensorfalse_NO_LOSS_REDUCE.RANK2.10.124.33.20.log,32e167f41c8281b8f0711c4dbf3d51dd6a815a24caea87c4a01d03d9a375d744,evaluator_only_NEVER_MODEL_FIT
106,runtime_config_dump,recompute_num_layers,4,ba4583e1e31512a3fb5b03bf2acf12d5ce71e0476930ce6d312ff4fc0303d119,recompute_num_layers = 4,False,/home/zjb/Desktop/fabric-data-analysis/fabric-data-analysis-raw/0731_224gpu_pp14_cp2_a2a/extracted/framework/2026-07-30-09:38/worker33020/2026-07-30_0938/tp1_pp14_dp_mbs2_numbs_gbs48_gpus0_mtp1_forcelbfalse_pertensorfalse_NO_LOSS_REDUCE.RANK2.10.124.33.20.log,32e167f41c8281b8f0711c4dbf3d51dd6a815a24caea87c4a01d03d9a375d744,evaluator_only_NEVER_MODEL_FIT
106,runtime_config_dump,fp8,None,ba4583e1e31512a3fb5b03bf2acf12d5ce71e0476930ce6d312ff4fc0303d119,fp8 = None,False,/home/zjb/Desktop/fabric-data-analysis/fabric-data-analysis-raw/0731_224gpu_pp14_cp2_a2a/extracted/framework/2026-07-30-09:38/worker33020/2026-07-30_0938/tp1_pp14_dp_mbs2_numbs_gbs48_gpus0_mtp1_forcelbfalse_pertensorfalse_NO_LOSS_REDUCE.RANK2.10.124.33.20.log,32e167f41c8281b8f0711c4dbf3d51dd6a815a24caea87c4a01d03d9a375d744,evaluator_only_NEVER_MODEL_FIT
106,runtime_config_dump,moe_shared_expert_intermediate_size,3072,ba4583e1e31512a3fb5b03bf2acf12d5ce71e0476930ce6d312ff4fc0303d119,moe_shared_expert_intermediate_size = 3072,False,/home/zjb/Desktop/fabric-data-analysis/fabric-data-analysis-raw/0731_224gpu_pp14_cp2_a2a/extracted/framework/2026-07-30-09:38/worker33020/2026-07-30_0938/tp1_pp14_dp_mbs2_numbs_gbs48_gpus0_mtp1_forcelbfalse_pertensorfalse_NO_LOSS_REDUCE.RANK2.10.124.33.20.log,32e167f41c8281b8f0711c4dbf3d51dd6a815a24caea87c4a01d03d9a375d744,evaluator_only_NEVER_MODEL_FIT
106,runtime_config_dump,moe_shared_expert_overlap,False,ba4583e1e31512a3fb5b03bf2acf12d5ce71e0476930ce6d312ff4fc0303d119,moe_shared_expert_overlap = False,False,/home/zjb/Desktop/fabric-data-analysis/fabric-data-analysis-raw/0731_224gpu_pp14_cp2_a2a/extracted/framework/2026-07-30-09:38/worker33020/2026-07-30_0938/tp1_pp14_dp_mbs2_numbs_gbs48_gpus0_mtp1_forcelbfalse_pertensorfalse_NO_LOSS_REDUCE.RANK2.10.124.33.20.log,32e167f41c8281b8f0711c4dbf3d51dd6a815a24caea87c4a01d03d9a375d744,evaluator_only_NEVER_MODEL_FIT
106,runtime_config_dump,moe_ffn_hidden_size,1536,ba4583e1e31512a3fb5b03bf2acf12d5ce71e0476930ce6d312ff4fc0303d119,moe_ffn_hidden_size = 1536,False,/home/zjb/Desktop/fabric-data-analysis/fabric-data-analysis-raw/0731_224gpu_pp14_cp2_a2a/extracted/framework/2026-07-30-09:38/worker33020/2026-07-30_0938/tp1_pp14_dp_mbs2_numbs_gbs48_gpus0_mtp1_forcelbfalse_pertensorfalse_NO_LOSS_REDUCE.RANK2.10.124.33.20.log,32e167f41c8281b8f0711c4dbf3d51dd6a815a24caea87c4a01d03d9a375d744,evaluator_only_NEVER_MODEL_FIT
106,runtime_config_dump,moe_router_load_balancing_type,'aux_loss',ba4583e1e31512a3fb5b03bf2acf12d5ce71e0476930ce6d312ff4fc0303d119,moe_router_load_balancing_type = 'aux_loss',False,/home/zjb/Desktop/fabric-data-analysis/fabric-data-analysis-raw/0731_224gpu_pp14_cp2_a2a/extracted/framework/2026-07-30-09:38/worker33020/2026-07-30_0938/tp1_pp14_dp_mbs2_numbs_gbs48_gpus0_mtp1_forcelbfalse_pertensorfalse_NO_LOSS_REDUCE.RANK2.10.124.33.20.log,32e167f41c8281b8f0711c4dbf3d51dd6a815a24caea87c4a01d03d9a375d744,evaluator_only_NEVER_MODEL_FIT
106,runtime_config_dump,moe_router_topk,6,ba4583e1e31512a3fb5b03bf2acf12d5ce71e0476930ce6d312ff4fc0303d119,moe_router_topk = 6,False,/home/zjb/Desktop/fabric-data-analysis/fabric-data-analysis-raw/0731_224gpu_pp14_cp2_a2a/extracted/framework/2026-07-30-09:38/worker33020/2026-07-30_0938/tp1_pp14_dp_mbs2_numbs_gbs48_gpus0_mtp1_forcelbfalse_pertensorfalse_NO_LOSS_REDUCE.RANK2.10.124.33.20.log,32e167f41c8281b8f0711c4dbf3d51dd6a815a24caea87c4a01d03d9a375d744,evaluator_only_NEVER_MODEL_FIT
106,runtime_config_dump,moe_router_score_function,'softmax',ba4583e1e31512a3fb5b03bf2acf12d5ce71e0476930ce6d312ff4fc0303d119,moe_router_score_function = 'softmax',False,/home/zjb/Desktop/fabric-data-analysis/fabric-data-analysis-raw/0731_224gpu_pp14_cp2_a2a/extracted/framework/2026-07-30-09:38/worker33020/2026-07-30_0938/tp1_pp14_dp_mbs2_numbs_gbs48_gpus0_mtp1_forcelbfalse_pertensorfalse_NO_LOSS_REDUCE.RANK2.10.124.33.20.log,32e167f41c8281b8f0711c4dbf3d51dd6a815a24caea87c4a01d03d9a375d744,evaluator_only_NEVER_MODEL_FIT
106,runtime_config_dump,moe_router_dtype,'fp32',ba4583e1e31512a3fb5b03bf2acf12d5ce71e0476930ce6d312ff4fc0303d119,moe_router_dtype = 'fp32',False,/home/zjb/Desktop/fabric-data-analysis/fabric-data-analysis-raw/0731_224gpu_pp14_cp2_a2a/extracted/framework/2026-07-30-09:38/worker33020/2026-07-30_0938/tp1_pp14_dp_mbs2_numbs_gbs48_gpus0_mtp1_forcelbfalse_pertensorfalse_NO_LOSS_REDUCE.RANK2.10.124.33.20.log,32e167f41c8281b8f0711c4dbf3d51dd6a815a24caea87c4a01d03d9a375d744,evaluator_only_NEVER_MODEL_FIT
106,runtime_config_dump,moe_router_force_load_balancing,False,ba4583e1e31512a3fb5b03bf2acf12d5ce71e0476930ce6d312ff4fc0303d119,moe_router_force_load_balancing = False,False,/home/zjb/Desktop/fabric-data-analysis/fabric-data-analysis-raw/0731_224gpu_pp14_cp2_a2a/extracted/framework/2026-07-30-09:38/worker33020/2026-07-30_0938/tp1_pp14_dp_mbs2_numbs_gbs48_gpus0_mtp1_forcelbfalse_pertensorfalse_NO_LOSS_REDUCE.RANK2.10.124.33.20.log,32e167f41c8281b8f0711c4dbf3d51dd6a815a24caea87c4a01d03d9a375d744,evaluator_only_NEVER_MODEL_FIT
106,runtime_config_dump,moe_grouped_gemm,True,ba4583e1e31512a3fb5b03bf2acf12d5ce71e0476930ce6d312ff4fc0303d119,moe_grouped_gemm = True,False,/home/zjb/Desktop/fabric-data-analysis/fabric-data-analysis-raw/0731_224gpu_pp14_cp2_a2a/extracted/framework/2026-07-30-09:38/worker33020/2026-07-30_0938/tp1_pp14_dp_mbs2_numbs_gbs48_gpus0_mtp1_forcelbfalse_pertensorfalse_NO_LOSS_REDUCE.RANK2.10.124.33.20.log,32e167f41c8281b8f0711c4dbf3d51dd6a815a24caea87c4a01d03d9a375d744,evaluator_only_NEVER_MODEL_FIT
106,runtime_config_dump,moe_token_dispatcher_type,'flex',ba4583e1e31512a3fb5b03bf2acf12d5ce71e0476930ce6d312ff4fc0303d119,moe_token_dispatcher_type = 'flex',False,/home/zjb/Desktop/fabric-data-analysis/fabric-data-analysis-raw/0731_224gpu_pp14_cp2_a2a/extracted/framework/2026-07-30-09:38/worker33020/2026-07-30_0938/tp1_pp14_dp_mbs2_numbs_gbs48_gpus0_mtp1_forcelbfalse_pertensorfalse_NO_LOSS_REDUCE.RANK2.10.124.33.20.log,32e167f41c8281b8f0711c4dbf3d51dd6a815a24caea87c4a01d03d9a375d744,evaluator_only_NEVER_MODEL_FIT
106,runtime_config_dump,moe_enable_deepep,True,ba4583e1e31512a3fb5b03bf2acf12d5ce71e0476930ce6d312ff4fc0303d119,moe_enable_deepep = True,False,/home/zjb/Desktop/fabric-data-analysis/fabric-data-analysis-raw/0731_224gpu_pp14_cp2_a2a/extracted/framework/2026-07-30-09:38/worker33020/2026-07-30_0938/tp1_pp14_dp_mbs2_numbs_gbs48_gpus0_mtp1_forcelbfalse_pertensorfalse_NO_LOSS_REDUCE.RANK2.10.124.33.20.log,32e167f41c8281b8f0711c4dbf3d51dd6a815a24caea87c4a01d03d9a375d744,evaluator_only_NEVER_MODEL_FIT
106,runtime_config_dump,moe_expert_capacity_factor,2.0,ba4583e1e31512a3fb5b03bf2acf12d5ce71e0476930ce6d312ff4fc0303d119,moe_expert_capacity_factor = 2.0,False,/home/zjb/Desktop/fabric-data-analysis/fabric-data-analysis-raw/0731_224gpu_pp14_cp2_a2a/extracted/framework/2026-07-30-09:38/worker33020/2026-07-30_0938/tp1_pp14_dp_mbs2_numbs_gbs48_gpus0_mtp1_forcelbfalse_pertensorfalse_NO_LOSS_REDUCE.RANK2.10.124.33.20.log,32e167f41c8281b8f0711c4dbf3d51dd6a815a24caea87c4a01d03d9a375d744,evaluator_only_NEVER_MODEL_FIT
106,runtime_config_dump,moe_pad_expert_input_to_capacity,False,ba4583e1e31512a3fb5b03bf2acf12d5ce71e0476930ce6d312ff4fc0303d119,moe_pad_expert_input_to_capacity = False,False,/home/zjb/Desktop/fabric-data-analysis/fabric-data-analysis-raw/0731_224gpu_pp14_cp2_a2a/extracted/framework/2026-07-30-09:38/worker33020/2026-07-30_0938/tp1_pp14_dp_mbs2_numbs_gbs48_gpus0_mtp1_forcelbfalse_pertensorfalse_NO_LOSS_REDUCE.RANK2.10.124.33.20.log,32e167f41c8281b8f0711c4dbf3d51dd6a815a24caea87c4a01d03d9a375d744,evaluator_only_NEVER_MODEL_FIT
106,runtime_config_dump,moe_token_drop_policy,'probs',ba4583e1e31512a3fb5b03bf2acf12d5ce71e0476930ce6d312ff4fc0303d119,moe_token_drop_policy = 'probs',False,/home/zjb/Desktop/fabric-data-analysis/fabric-data-analysis-raw/0731_224gpu_pp14_cp2_a2a/extracted/framework/2026-07-30-09:38/worker33020/2026-07-30_0938/tp1_pp14_dp_mbs2_numbs_gbs48_gpus0_mtp1_forcelbfalse_pertensorfalse_NO_LOSS_REDUCE.RANK2.10.124.33.20.log,32e167f41c8281b8f0711c4dbf3d51dd6a815a24caea87c4a01d03d9a375d744,evaluator_only_NEVER_MODEL_FIT
106,runtime_config_dump,moe_permute_fusion,True,ba4583e1e31512a3fb5b03bf2acf12d5ce71e0476930ce6d312ff4fc0303d119,moe_permute_fusion = True,False,/home/zjb/Desktop/fabric-data-analysis/fabric-data-analysis-raw/0731_224gpu_pp14_cp2_a2a/extracted/framework/2026-07-30-09:38/worker33020/2026-07-30_0938/tp1_pp14_dp_mbs2_numbs_gbs48_gpus0_mtp1_forcelbfalse_pertensorfalse_NO_LOSS_REDUCE.RANK2.10.124.33.20.log,32e167f41c8281b8f0711c4dbf3d51dd6a815a24caea87c4a01d03d9a375d744,evaluator_only_NEVER_MODEL_FIT
106,runtime_config_dump,moe_router_fusion,False,ba4583e1e31512a3fb5b03bf2acf12d5ce71e0476930ce6d312ff4fc0303d119,moe_router_fusion = False,False,/home/zjb/Desktop/fabric-data-analysis/fabric-data-analysis-raw/0731_224gpu_pp14_cp2_a2a/extracted/framework/2026-07-30-09:38/worker33020/2026-07-30_0938/tp1_pp14_dp_mbs2_numbs_gbs48_gpus0_mtp1_forcelbfalse_pertensorfalse_NO_LOSS_REDUCE.RANK2.10.124.33.20.log,32e167f41c8281b8f0711c4dbf3d51dd6a815a24caea87c4a01d03d9a375d744,evaluator_only_NEVER_MODEL_FIT
106,runtime_config_dump,cp_comm_type,'a2a',ba4583e1e31512a3fb5b03bf2acf12d5ce71e0476930ce6d312ff4fc0303d119,cp_comm_type = 'a2a',False,/home/zjb/Desktop/fabric-data-analysis/fabric-data-analysis-raw/0731_224gpu_pp14_cp2_a2a/extracted/framework/2026-07-30-09:38/worker33020/2026-07-30_0938/tp1_pp14_dp_mbs2_numbs_gbs48_gpus0_mtp1_forcelbfalse_pertensorfalse_NO_LOSS_REDUCE.RANK2.10.124.33.20.log,32e167f41c8281b8f0711c4dbf3d51dd6a815a24caea87c4a01d03d9a375d744,evaluator_only_NEVER_MODEL_FIT
106,runtime_config_dump,transformer_impl,'transformer_engine',ba4583e1e31512a3fb5b03bf2acf12d5ce71e0476930ce6d312ff4fc0303d119,transformer_impl = 'transformer_engine',False,/home/zjb/Desktop/fabric-data-analysis/fabric-data-analysis-raw/0731_224gpu_pp14_cp2_a2a/extracted/framework/2026-07-30-09:38/worker33020/2026-07-30_0938/tp1_pp14_dp_mbs2_numbs_gbs48_gpus0_mtp1_forcelbfalse_pertensorfalse_NO_LOSS_REDUCE.RANK2.10.124.33.20.log,32e167f41c8281b8f0711c4dbf3d51dd6a815a24caea87c4a01d03d9a375d744,evaluator_only_NEVER_MODEL_FIT
106,runtime_config_dump,q_lora_rank,1536,ba4583e1e31512a3fb5b03bf2acf12d5ce71e0476930ce6d312ff4fc0303d119,q_lora_rank = 1536,False,/home/zjb/Desktop/fabric-data-analysis/fabric-data-analysis-raw/0731_224gpu_pp14_cp2_a2a/extracted/framework/2026-07-30-09:38/worker33020/2026-07-30_0938/tp1_pp14_dp_mbs2_numbs_gbs48_gpus0_mtp1_forcelbfalse_pertensorfalse_NO_LOSS_REDUCE.RANK2.10.124.33.20.log,32e167f41c8281b8f0711c4dbf3d51dd6a815a24caea87c4a01d03d9a375d744,evaluator_only_NEVER_MODEL_FIT
106,runtime_config_dump,kv_lora_rank,512,ba4583e1e31512a3fb5b03bf2acf12d5ce71e0476930ce6d312ff4fc0303d119,kv_lora_rank = 512,False,/home/zjb/Desktop/fabric-data-analysis/fabric-data-analysis-raw/0731_224gpu_pp14_cp2_a2a/extracted/framework/2026-07-30-09:38/worker33020/2026-07-30_0938/tp1_pp14_dp_mbs2_numbs_gbs48_gpus0_mtp1_forcelbfalse_pertensorfalse_NO_LOSS_REDUCE.RANK2.10.124.33.20.log,32e167f41c8281b8f0711c4dbf3d51dd6a815a24caea87c4a01d03d9a375d744,evaluator_only_NEVER_MODEL_FIT
106,runtime_config_dump,qk_head_dim,128,ba4583e1e31512a3fb5b03bf2acf12d5ce71e0476930ce6d312ff4fc0303d119,qk_head_dim = 128,False,/home/zjb/Desktop/fabric-data-analysis/fabric-data-analysis-raw/0731_224gpu_pp14_cp2_a2a/extracted/framework/2026-07-30-09:38/worker33020/2026-07-30_0938/tp1_pp14_dp_mbs2_numbs_gbs48_gpus0_mtp1_forcelbfalse_pertensorfalse_NO_LOSS_REDUCE.RANK2.10.124.33.20.log,32e167f41c8281b8f0711c4dbf3d51dd6a815a24caea87c4a01d03d9a375d744,evaluator_only_NEVER_MODEL_FIT
106,runtime_config_dump,qk_pos_emb_head_dim,64,ba4583e1e31512a3fb5b03bf2acf12d5ce71e0476930ce6d312ff4fc0303d119,qk_pos_emb_head_dim = 64,False,/home/zjb/Desktop/fabric-data-analysis/fabric-data-analysis-raw/0731_224gpu_pp14_cp2_a2a/extracted/framework/2026-07-30-09:38/worker33020/2026-07-30_0938/tp1_pp14_dp_mbs2_numbs_gbs48_gpus0_mtp1_forcelbfalse_pertensorfalse_NO_LOSS_REDUCE.RANK2.10.124.33.20.log,32e167f41c8281b8f0711c4dbf3d51dd6a815a24caea87c4a01d03d9a375d744,evaluator_only_NEVER_MODEL_FIT
106,runtime_config_dump,v_head_dim,128,ba4583e1e31512a3fb5b03bf2acf12d5ce71e0476930ce6d312ff4fc0303d119,v_head_dim = 128,False,/home/zjb/Desktop/fabric-data-analysis/fabric-data-analysis-raw/0731_224gpu_pp14_cp2_a2a/extracted/framework/2026-07-30-09:38/worker33020/2026-07-30_0938/tp1_pp14_dp_mbs2_numbs_gbs48_gpus0_mtp1_forcelbfalse_pertensorfalse_NO_LOSS_REDUCE.RANK2.10.124.33.20.log,32e167f41c8281b8f0711c4dbf3d51dd6a815a24caea87c4a01d03d9a375d744,evaluator_only_NEVER_MODEL_FIT
109,runtime_config_dump,tensor_model_parallel_size,1,404f3ad32b3513db3c1eb352e84c407d2c439c8822d8a101328ea93dba1b3d33,tensor_model_parallel_size = 1,False,/home/zjb/Desktop/fabric-data-analysis/fabric-data-analysis-raw/0731_224gpu_pp14_cp2_a2a/extracted/framework/2026-07-30-09:38/worker33020/2026-07-30_0938/tp1_pp14_dp_mbs2_numbs_gbs48_gpus0_mtp1_forcelbfalse_pertensorfalse_NO_LOSS_REDUCE.RANK2.10.124.33.20.log,32e167f41c8281b8f0711c4dbf3d51dd6a815a24caea87c4a01d03d9a375d744,evaluator_only_NEVER_MODEL_FIT
109,runtime_config_dump,pipeline_model_parallel_size,14,404f3ad32b3513db3c1eb352e84c407d2c439c8822d8a101328ea93dba1b3d33,pipeline_model_parallel_size = 14,False,/home/zjb/Desktop/fabric-data-analysis/fabric-data-analysis-raw/0731_224gpu_pp14_cp2_a2a/extracted/framework/2026-07-30-09:38/worker33020/2026-07-30_0938/tp1_pp14_dp_mbs2_numbs_gbs48_gpus0_mtp1_forcelbfalse_pertensorfalse_NO_LOSS_REDUCE.RANK2.10.124.33.20.log,32e167f41c8281b8f0711c4dbf3d51dd6a815a24caea87c4a01d03d9a375d744,evaluator_only_NEVER_MODEL_FIT
109,runtime_config_dump,virtual_pipeline_model_parallel_size,None,404f3ad32b3513db3c1eb352e84c407d2c439c8822d8a101328ea93dba1b3d33,virtual_pipeline_model_parallel_size = None,False,/home/zjb/Desktop/fabric-data-analysis/fabric-data-analysis-raw/0731_224gpu_pp14_cp2_a2a/extracted/framework/2026-07-30-09:38/worker33020/2026-07-30_0938/tp1_pp14_dp_mbs2_numbs_gbs48_gpus0_mtp1_forcelbfalse_pertensorfalse_NO_LOSS_REDUCE.RANK2.10.124.33.20.log,32e167f41c8281b8f0711c4dbf3d51dd6a815a24caea87c4a01d03d9a375d744,evaluator_only_NEVER_MODEL_FIT
109,runtime_config_dump,sequence_parallel,False,404f3ad32b3513db3c1eb352e84c407d2c439c8822d8a101328ea93dba1b3d33,sequence_parallel = False,False,/home/zjb/Desktop/fabric-data-analysis/fabric-data-analysis-raw/0731_224gpu_pp14_cp2_a2a/extracted/framework/2026-07-30-09:38/worker33020/2026-07-30_0938/tp1_pp14_dp_mbs2_numbs_gbs48_gpus0_mtp1_forcelbfalse_pertensorfalse_NO_LOSS_REDUCE.RANK2.10.124.33.20.log,32e167f41c8281b8f0711c4dbf3d51dd6a815a24caea87c4a01d03d9a375d744,evaluator_only_NEVER_MODEL_FIT
109,runtime_config_dump,context_parallel_size,2,404f3ad32b3513db3c1eb352e84c407d2c439c8822d8a101328ea93dba1b3d33,context_parallel_size = 2,False,/home/zjb/Desktop/fabric-data-analysis/fabric-data-analysis-raw/0731_224gpu_pp14_cp2_a2a/extracted/framework/2026-07-30-09:38/worker33020/2026-07-30_0938/tp1_pp14_dp_mbs2_numbs_gbs48_gpus0_mtp1_forcelbfalse_pertensorfalse_NO_LOSS_REDUCE.RANK2.10.124.33.20.log,32e167f41c8281b8f0711c4dbf3d51dd6a815a24caea87c4a01d03d9a375d744,evaluator_only_NEVER_MODEL_FIT
109,runtime_config_dump,expert_model_parallel_size,8,404f3ad32b3513db3c1eb352e84c407d2c439c8822d8a101328ea93dba1b3d33,expert_model_parallel_size = 8,False,/home/zjb/Desktop/fabric-data-analysis/fabric-data-analysis-raw/0731_224gpu_pp14_cp2_a2a/extracted/framework/2026-07-30-09:38/worker33020/2026-07-30_0938/tp1_pp14_dp_mbs2_numbs_gbs48_gpus0_mtp1_forcelbfalse_pertensorfalse_NO_LOSS_REDUCE.RANK2.10.124.33.20.log,32e167f41c8281b8f0711c4dbf3d51dd6a815a24caea87c4a01d03d9a375d744,evaluator_only_NEVER_MODEL_FIT
109,runtime_config_dump,fp16,False,404f3ad32b3513db3c1eb352e84c407d2c439c8822d8a101328ea93dba1b3d33,fp16 = False,False,/home/zjb/Desktop/fabric-data-analysis/fabric-data-analysis-raw/0731_224gpu_pp14_cp2_a2a/extracted/framework/2026-07-30-09:38/worker33020/2026-07-30_0938/tp1_pp14_dp_mbs2_numbs_gbs48_gpus0_mtp1_forcelbfalse_pertensorfalse_NO_LOSS_REDUCE.RANK2.10.124.33.20.log,32e167f41c8281b8f0711c4dbf3d51dd6a815a24caea87c4a01d03d9a375d744,evaluator_only_NEVER_MODEL_FIT
109,runtime_config_dump,bf16,True,404f3ad32b3513db3c1eb352e84c407d2c439c8822d8a101328ea93dba1b3d33,bf16 = True,False,/home/zjb/Desktop/fabric-data-analysis/fabric-data-analysis-raw/0731_224gpu_pp14_cp2_a2a/extracted/framework/2026-07-30-09:38/worker33020/2026-07-30_0938/tp1_pp14_dp_mbs2_numbs_gbs48_gpus0_mtp1_forcelbfalse_pertensorfalse_NO_LOSS_REDUCE.RANK2.10.124.33.20.log,32e167f41c8281b8f0711c4dbf3d51dd6a815a24caea87c4a01d03d9a375d744,evaluator_only_NEVER_MODEL_FIT
109,runtime_config_dump,params_dtype,torch.bfloat16,404f3ad32b3513db3c1eb352e84c407d2c439c8822d8a101328ea93dba1b3d33,params_dtype = torch.bfloat16,False,/home/zjb/Desktop/fabric-data-analysis/fabric-data-analysis-raw/0731_224gpu_pp14_cp2_a2a/extracted/framework/2026-07-30-09:38/worker33020/2026-07-30_0938/tp1_pp14_dp_mbs2_numbs_gbs48_gpus0_mtp1_forcelbfalse_pertensorfalse_NO_LOSS_REDUCE.RANK2.10.124.33.20.log,32e167f41c8281b8f0711c4dbf3d51dd6a815a24caea87c4a01d03d9a375d744,evaluator_only_NEVER_MODEL_FIT
109,runtime_config_dump,gradient_accumulation_fusion,True,404f3ad32b3513db3c1eb352e84c407d2c439c8822d8a101328ea93dba1b3d33,gradient_accumulation_fusion = True,False,/home/zjb/Desktop/fabric-data-analysis/fabric-data-analysis-raw/0731_224gpu_pp14_cp2_a2a/extracted/framework/2026-07-30-09:38/worker33020/2026-07-30_0938/tp1_pp14_dp_mbs2_numbs_gbs48_gpus0_mtp1_forcelbfalse_pertensorfalse_NO_LOSS_REDUCE.RANK2.10.124.33.20.log,32e167f41c8281b8f0711c4dbf3d51dd6a815a24caea87c4a01d03d9a375d744,evaluator_only_NEVER_MODEL_FIT
109,runtime_config_dump,overlap_moe_expert_parallel_comm,False,404f3ad32b3513db3c1eb352e84c407d2c439c8822d8a101328ea93dba1b3d33,overlap_moe_expert_parallel_comm = False,False,/home/zjb/Desktop/fabric-data-analysis/fabric-data-analysis-raw/0731_224gpu_pp14_cp2_a2a/extracted/framework/2026-07-30-09:38/worker33020/2026-07-30_0938/tp1_pp14_dp_mbs2_numbs_gbs48_gpus0_mtp1_forcelbfalse_pertensorfalse_NO_LOSS_REDUCE.RANK2.10.124.33.20.log,32e167f41c8281b8f0711c4dbf3d51dd6a815a24caea87c4a01d03d9a375d744,evaluator_only_NEVER_MODEL_FIT
109,runtime_config_dump,overlap_p2p_comm,False,404f3ad32b3513db3c1eb352e84c407d2c439c8822d8a101328ea93dba1b3d33,overlap_p2p_comm = False,False,/home/zjb/Desktop/fabric-data-analysis/fabric-data-analysis-raw/0731_224gpu_pp14_cp2_a2a/extracted/framework/2026-07-30-09:38/worker33020/2026-07-30_0938/tp1_pp14_dp_mbs2_numbs_gbs48_gpus0_mtp1_forcelbfalse_pertensorfalse_NO_LOSS_REDUCE.RANK2.10.124.33.20.log,32e167f41c8281b8f0711c4dbf3d51dd6a815a24caea87c4a01d03d9a375d744,evaluator_only_NEVER_MODEL_FIT
109,runtime_config_dump,batch_p2p_comm,True,404f3ad32b3513db3c1eb352e84c407d2c439c8822d8a101328ea93dba1b3d33,batch_p2p_comm = True,False,/home/zjb/Desktop/fabric-data-analysis/fabric-data-analysis-raw/0731_224gpu_pp14_cp2_a2a/extracted/framework/2026-07-30-09:38/worker33020/2026-07-30_0938/tp1_pp14_dp_mbs2_numbs_gbs48_gpus0_mtp1_forcelbfalse_pertensorfalse_NO_LOSS_REDUCE.RANK2.10.124.33.20.log,32e167f41c8281b8f0711c4dbf3d51dd6a815a24caea87c4a01d03d9a375d744,evaluator_only_NEVER_MODEL_FIT
109,runtime_config_dump,batch_p2p_sync,True,404f3ad32b3513db3c1eb352e84c407d2c439c8822d8a101328ea93dba1b3d33,batch_p2p_sync = True,False,/home/zjb/Desktop/fabric-data-analysis/fabric-data-analysis-raw/0731_224gpu_pp14_cp2_a2a/extracted/framework/2026-07-30-09:38/worker33020/2026-07-30_0938/tp1_pp14_dp_mbs2_numbs_gbs48_gpus0_mtp1_forcelbfalse_pertensorfalse_NO_LOSS_REDUCE.RANK2.10.124.33.20.log,32e167f41c8281b8f0711c4dbf3d51dd6a815a24caea87c4a01d03d9a375d744,evaluator_only_NEVER_MODEL_FIT
109,runtime_config_dump,num_layers,52,404f3ad32b3513db3c1eb352e84c407d2c439c8822d8a101328ea93dba1b3d33,num_layers = 52,False,/home/zjb/Desktop/fabric-data-analysis/fabric-data-analysis-raw/0731_224gpu_pp14_cp2_a2a/extracted/framework/2026-07-30-09:38/worker33020/2026-07-30_0938/tp1_pp14_dp_mbs2_numbs_gbs48_gpus0_mtp1_forcelbfalse_pertensorfalse_NO_LOSS_REDUCE.RANK2.10.124.33.20.log,32e167f41c8281b8f0711c4dbf3d51dd6a815a24caea87c4a01d03d9a375d744,evaluator_only_NEVER_MODEL_FIT
109,runtime_config_dump,mtp_num_layers,None,404f3ad32b3513db3c1eb352e84c407d2c439c8822d8a101328ea93dba1b3d33,mtp_num_layers = None,False,/home/zjb/Desktop/fabric-data-analysis/fabric-data-analysis-raw/0731_224gpu_pp14_cp2_a2a/extracted/framework/2026-07-30-09:38/worker33020/2026-07-30_0938/tp1_pp14_dp_mbs2_numbs_gbs48_gpus0_mtp1_forcelbfalse_pertensorfalse_NO_LOSS_REDUCE.RANK2.10.124.33.20.log,32e167f41c8281b8f0711c4dbf3d51dd6a815a24caea87c4a01d03d9a375d744,evaluator_only_NEVER_MODEL_FIT
109,runtime_config_dump,hidden_size,5120,404f3ad32b3513db3c1eb352e84c407d2c439c8822d8a101328ea93dba1b3d33,hidden_size = 5120,False,/home/zjb/Desktop/fabric-data-analysis/fabric-data-analysis-raw/0731_224gpu_pp14_cp2_a2a/extracted/framework/2026-07-30-09:38/worker33020/2026-07-30_0938/tp1_pp14_dp_mbs2_numbs_gbs48_gpus0_mtp1_forcelbfalse_pertensorfalse_NO_LOSS_REDUCE.RANK2.10.124.33.20.log,32e167f41c8281b8f0711c4dbf3d51dd6a815a24caea87c4a01d03d9a375d744,evaluator_only_NEVER_MODEL_FIT
109,runtime_config_dump,num_attention_heads,128,404f3ad32b3513db3c1eb352e84c407d2c439c8822d8a101328ea93dba1b3d33,num_attention_heads = 128,False,/home/zjb/Desktop/fabric-data-analysis/fabric-data-analysis-raw/0731_224gpu_pp14_cp2_a2a/extracted/framework/2026-07-30-09:38/worker33020/2026-07-30_0938/tp1_pp14_dp_mbs2_numbs_gbs48_gpus0_mtp1_forcelbfalse_pertensorfalse_NO_LOSS_REDUCE.RANK2.10.124.33.20.log,32e167f41c8281b8f0711c4dbf3d51dd6a815a24caea87c4a01d03d9a375d744,evaluator_only_NEVER_MODEL_FIT
109,runtime_config_dump,ffn_hidden_size,12288,404f3ad32b3513db3c1eb352e84c407d2c439c8822d8a101328ea93dba1b3d33,ffn_hidden_size = 12288,False,/home/zjb/Desktop/fabric-data-analysis/fabric-data-analysis-raw/0731_224gpu_pp14_cp2_a2a/extracted/framework/2026-07-30-09:38/worker33020/2026-07-30_0938/tp1_pp14_dp_mbs2_numbs_gbs48_gpus0_mtp1_forcelbfalse_pertensorfalse_NO_LOSS_REDUCE.RANK2.10.124.33.20.log,32e167f41c8281b8f0711c4dbf3d51dd6a815a24caea87c4a01d03d9a375d744,evaluator_only_NEVER_MODEL_FIT
109,runtime_config_dump,moe_deepep_num_sms,20,404f3ad32b3513db3c1eb352e84c407d2c439c8822d8a101328ea93dba1b3d33,moe_deepep_num_sms = 20,False,/home/zjb/Desktop/fabric-data-analysis/fabric-data-analysis-raw/0731_224gpu_pp14_cp2_a2a/extracted/framework/2026-07-30-09:38/worker33020/2026-07-30_0938/tp1_pp14_dp_mbs2_numbs_gbs48_gpus0_mtp1_forcelbfalse_pertensorfalse_NO_LOSS_REDUCE.RANK2.10.124.33.20.log,32e167f41c8281b8f0711c4dbf3d51dd6a815a24caea87c4a01d03d9a375d744,evaluator_only_NEVER_MODEL_FIT
109,runtime_config_dump,bias_dropout_fusion,False,404f3ad32b3513db3c1eb352e84c407d2c439c8822d8a101328ea93dba1b3d33,bias_dropout_fusion = False,False,/home/zjb/Desktop/fabric-data-analysis/fabric-data-analysis-raw/0731_224gpu_pp14_cp2_a2a/extracted/framework/2026-07-30-09:38/worker33020/2026-07-30_0938/tp1_pp14_dp_mbs2_numbs_gbs48_gpus0_mtp1_forcelbfalse_pertensorfalse_NO_LOSS_REDUCE.RANK2.10.124.33.20.log,32e167f41c8281b8f0711c4dbf3d51dd6a815a24caea87c4a01d03d9a375d744,evaluator_only_NEVER_MODEL_FIT
109,runtime_config_dump,recompute_granularity,'full',404f3ad32b3513db3c1eb352e84c407d2c439c8822d8a101328ea93dba1b3d33,recompute_granularity = 'full',False,/home/zjb/Desktop/fabric-data-analysis/fabric-data-analysis-raw/0731_224gpu_pp14_cp2_a2a/extracted/framework/2026-07-30-09:38/worker33020/2026-07-30_0938/tp1_pp14_dp_mbs2_numbs_gbs48_gpus0_mtp1_forcelbfalse_pertensorfalse_NO_LOSS_REDUCE.RANK2.10.124.33.20.log,32e167f41c8281b8f0711c4dbf3d51dd6a815a24caea87c4a01d03d9a375d744,evaluator_only_NEVER_MODEL_FIT
109,runtime_config_dump,recompute_method,'block',404f3ad32b3513db3c1eb352e84c407d2c439c8822d8a101328ea93dba1b3d33,recompute_method = 'block',False,/home/zjb/Desktop/fabric-data-analysis/fabric-data-analysis-raw/0731_224gpu_pp14_cp2_a2a/extracted/framework/2026-07-30-09:38/worker33020/2026-07-30_0938/tp1_pp14_dp_mbs2_numbs_gbs48_gpus0_mtp1_forcelbfalse_pertensorfalse_NO_LOSS_REDUCE.RANK2.10.124.33.20.log,32e167f41c8281b8f0711c4dbf3d51dd6a815a24caea87c4a01d03d9a375d744,evaluator_only_NEVER_MODEL_FIT
109,runtime_config_dump,recompute_num_layers,4,404f3ad32b3513db3c1eb352e84c407d2c439c8822d8a101328ea93dba1b3d33,recompute_num_layers = 4,False,/home/zjb/Desktop/fabric-data-analysis/fabric-data-analysis-raw/0731_224gpu_pp14_cp2_a2a/extracted/framework/2026-07-30-09:38/worker33020/2026-07-30_0938/tp1_pp14_dp_mbs2_numbs_gbs48_gpus0_mtp1_forcelbfalse_pertensorfalse_NO_LOSS_REDUCE.RANK2.10.124.33.20.log,32e167f41c8281b8f0711c4dbf3d51dd6a815a24caea87c4a01d03d9a375d744,evaluator_only_NEVER_MODEL_FIT
109,runtime_config_dump,fp8,None,404f3ad32b3513db3c1eb352e84c407d2c439c8822d8a101328ea93dba1b3d33,fp8 = None,False,/home/zjb/Desktop/fabric-data-analysis/fabric-data-analysis-raw/0731_224gpu_pp14_cp2_a2a/extracted/framework/2026-07-30-09:38/worker33020/2026-07-30_0938/tp1_pp14_dp_mbs2_numbs_gbs48_gpus0_mtp1_forcelbfalse_pertensorfalse_NO_LOSS_REDUCE.RANK2.10.124.33.20.log,32e167f41c8281b8f0711c4dbf3d51dd6a815a24caea87c4a01d03d9a375d744,evaluator_only_NEVER_MODEL_FIT
109,runtime_config_dump,moe_shared_expert_intermediate_size,3072,404f3ad32b3513db3c1eb352e84c407d2c439c8822d8a101328ea93dba1b3d33,moe_shared_expert_intermediate_size = 3072,False,/home/zjb/Desktop/fabric-data-analysis/fabric-data-analysis-raw/0731_224gpu_pp14_cp2_a2a/extracted/framework/2026-07-30-09:38/worker33020/2026-07-30_0938/tp1_pp14_dp_mbs2_numbs_gbs48_gpus0_mtp1_forcelbfalse_pertensorfalse_NO_LOSS_REDUCE.RANK2.10.124.33.20.log,32e167f41c8281b8f0711c4dbf3d51dd6a815a24caea87c4a01d03d9a375d744,evaluator_only_NEVER_MODEL_FIT
109,runtime_config_dump,moe_shared_expert_overlap,False,404f3ad32b3513db3c1eb352e84c407d2c439c8822d8a101328ea93dba1b3d33,moe_shared_expert_overlap = False,False,/home/zjb/Desktop/fabric-data-analysis/fabric-data-analysis-raw/0731_224gpu_pp14_cp2_a2a/extracted/framework/2026-07-30-09:38/worker33020/2026-07-30_0938/tp1_pp14_dp_mbs2_numbs_gbs48_gpus0_mtp1_forcelbfalse_pertensorfalse_NO_LOSS_REDUCE.RANK2.10.124.33.20.log,32e167f41c8281b8f0711c4dbf3d51dd6a815a24caea87c4a01d03d9a375d744,evaluator_only_NEVER_MODEL_FIT
109,runtime_config_dump,moe_ffn_hidden_size,1536,404f3ad32b3513db3c1eb352e84c407d2c439c8822d8a101328ea93dba1b3d33,moe_ffn_hidden_size = 1536,False,/home/zjb/Desktop/fabric-data-analysis/fabric-data-analysis-raw/0731_224gpu_pp14_cp2_a2a/extracted/framework/2026-07-30-09:38/worker33020/2026-07-30_0938/tp1_pp14_dp_mbs2_numbs_gbs48_gpus0_mtp1_forcelbfalse_pertensorfalse_NO_LOSS_REDUCE.RANK2.10.124.33.20.log,32e167f41c8281b8f0711c4dbf3d51dd6a815a24caea87c4a01d03d9a375d744,evaluator_only_NEVER_MODEL_FIT
109,runtime_config_dump,moe_router_load_balancing_type,'aux_loss',404f3ad32b3513db3c1eb352e84c407d2c439c8822d8a101328ea93dba1b3d33,moe_router_load_balancing_type = 'aux_loss',False,/home/zjb/Desktop/fabric-data-analysis/fabric-data-analysis-raw/0731_224gpu_pp14_cp2_a2a/extracted/framework/2026-07-30-09:38/worker33020/2026-07-30_0938/tp1_pp14_dp_mbs2_numbs_gbs48_gpus0_mtp1_forcelbfalse_pertensorfalse_NO_LOSS_REDUCE.RANK2.10.124.33.20.log,32e167f41c8281b8f0711c4dbf3d51dd6a815a24caea87c4a01d03d9a375d744,evaluator_only_NEVER_MODEL_FIT
109,runtime_config_dump,moe_router_topk,6,404f3ad32b3513db3c1eb352e84c407d2c439c8822d8a101328ea93dba1b3d33,moe_router_topk = 6,False,/home/zjb/Desktop/fabric-data-analysis/fabric-data-analysis-raw/0731_224gpu_pp14_cp2_a2a/extracted/framework/2026-07-30-09:38/worker33020/2026-07-30_0938/tp1_pp14_dp_mbs2_numbs_gbs48_gpus0_mtp1_forcelbfalse_pertensorfalse_NO_LOSS_REDUCE.RANK2.10.124.33.20.log,32e167f41c8281b8f0711c4dbf3d51dd6a815a24caea87c4a01d03d9a375d744,evaluator_only_NEVER_MODEL_FIT
109,runtime_config_dump,moe_router_score_function,'softmax',404f3ad32b3513db3c1eb352e84c407d2c439c8822d8a101328ea93dba1b3d33,moe_router_score_function = 'softmax',False,/home/zjb/Desktop/fabric-data-analysis/fabric-data-analysis-raw/0731_224gpu_pp14_cp2_a2a/extracted/framework/2026-07-30-09:38/worker33020/2026-07-30_0938/tp1_pp14_dp_mbs2_numbs_gbs48_gpus0_mtp1_forcelbfalse_pertensorfalse_NO_LOSS_REDUCE.RANK2.10.124.33.20.log,32e167f41c8281b8f0711c4dbf3d51dd6a815a24caea87c4a01d03d9a375d744,evaluator_only_NEVER_MODEL_FIT
109,runtime_config_dump,moe_router_dtype,'fp32',404f3ad32b3513db3c1eb352e84c407d2c439c8822d8a101328ea93dba1b3d33,moe_router_dtype = 'fp32',False,/home/zjb/Desktop/fabric-data-analysis/fabric-data-analysis-raw/0731_224gpu_pp14_cp2_a2a/extracted/framework/2026-07-30-09:38/worker33020/2026-07-30_0938/tp1_pp14_dp_mbs2_numbs_gbs48_gpus0_mtp1_forcelbfalse_pertensorfalse_NO_LOSS_REDUCE.RANK2.10.124.33.20.log,32e167f41c8281b8f0711c4dbf3d51dd6a815a24caea87c4a01d03d9a375d744,evaluator_only_NEVER_MODEL_FIT
109,runtime_config_dump,moe_router_force_load_balancing,False,404f3ad32b3513db3c1eb352e84c407d2c439c8822d8a101328ea93dba1b3d33,moe_router_force_load_balancing = False,False,/home/zjb/Desktop/fabric-data-analysis/fabric-data-analysis-raw/0731_224gpu_pp14_cp2_a2a/extracted/framework/2026-07-30-09:38/worker33020/2026-07-30_0938/tp1_pp14_dp_mbs2_numbs_gbs48_gpus0_mtp1_forcelbfalse_pertensorfalse_NO_LOSS_REDUCE.RANK2.10.124.33.20.log,32e167f41c8281b8f0711c4dbf3d51dd6a815a24caea87c4a01d03d9a375d744,evaluator_only_NEVER_MODEL_FIT
109,runtime_config_dump,moe_grouped_gemm,True,404f3ad32b3513db3c1eb352e84c407d2c439c8822d8a101328ea93dba1b3d33,moe_grouped_gemm = True,False,/home/zjb/Desktop/fabric-data-analysis/fabric-data-analysis-raw/0731_224gpu_pp14_cp2_a2a/extracted/framework/2026-07-30-09:38/worker33020/2026-07-30_0938/tp1_pp14_dp_mbs2_numbs_gbs48_gpus0_mtp1_forcelbfalse_pertensorfalse_NO_LOSS_REDUCE.RANK2.10.124.33.20.log,32e167f41c8281b8f0711c4dbf3d51dd6a815a24caea87c4a01d03d9a375d744,evaluator_only_NEVER_MODEL_FIT
109,runtime_config_dump,moe_token_dispatcher_type,'flex',404f3ad32b3513db3c1eb352e84c407d2c439c8822d8a101328ea93dba1b3d33,moe_token_dispatcher_type = 'flex',False,/home/zjb/Desktop/fabric-data-analysis/fabric-data-analysis-raw/0731_224gpu_pp14_cp2_a2a/extracted/framework/2026-07-30-09:38/worker33020/2026-07-30_0938/tp1_pp14_dp_mbs2_numbs_gbs48_gpus0_mtp1_forcelbfalse_pertensorfalse_NO_LOSS_REDUCE.RANK2.10.124.33.20.log,32e167f41c8281b8f0711c4dbf3d51dd6a815a24caea87c4a01d03d9a375d744,evaluator_only_NEVER_MODEL_FIT
109,runtime_config_dump,moe_enable_deepep,True,404f3ad32b3513db3c1eb352e84c407d2c439c8822d8a101328ea93dba1b3d33,moe_enable_deepep = True,False,/home/zjb/Desktop/fabric-data-analysis/fabric-data-analysis-raw/0731_224gpu_pp14_cp2_a2a/extracted/framework/2026-07-30-09:38/worker33020/2026-07-30_0938/tp1_pp14_dp_mbs2_numbs_gbs48_gpus0_mtp1_forcelbfalse_pertensorfalse_NO_LOSS_REDUCE.RANK2.10.124.33.20.log,32e167f41c8281b8f0711c4dbf3d51dd6a815a24caea87c4a01d03d9a375d744,evaluator_only_NEVER_MODEL_FIT
109,runtime_config_dump,moe_expert_capacity_factor,2.0,404f3ad32b3513db3c1eb352e84c407d2c439c8822d8a101328ea93dba1b3d33,moe_expert_capacity_factor = 2.0,False,/home/zjb/Desktop/fabric-data-analysis/fabric-data-analysis-raw/0731_224gpu_pp14_cp2_a2a/extracted/framework/2026-07-30-09:38/worker33020/2026-07-30_0938/tp1_pp14_dp_mbs2_numbs_gbs48_gpus0_mtp1_forcelbfalse_pertensorfalse_NO_LOSS_REDUCE.RANK2.10.124.33.20.log,32e167f41c8281b8f0711c4dbf3d51dd6a815a24caea87c4a01d03d9a375d744,evaluator_only_NEVER_MODEL_FIT
109,runtime_config_dump,moe_pad_expert_input_to_capacity,False,404f3ad32b3513db3c1eb352e84c407d2c439c8822d8a101328ea93dba1b3d33,moe_pad_expert_input_to_capacity = False,False,/home/zjb/Desktop/fabric-data-analysis/fabric-data-analysis-raw/0731_224gpu_pp14_cp2_a2a/extracted/framework/2026-07-30-09:38/worker33020/2026-07-30_0938/tp1_pp14_dp_mbs2_numbs_gbs48_gpus0_mtp1_forcelbfalse_pertensorfalse_NO_LOSS_REDUCE.RANK2.10.124.33.20.log,32e167f41c8281b8f0711c4dbf3d51dd6a815a24caea87c4a01d03d9a375d744,evaluator_only_NEVER_MODEL_FIT
109,runtime_config_dump,moe_token_drop_policy,'probs',404f3ad32b3513db3c1eb352e84c407d2c439c8822d8a101328ea93dba1b3d33,moe_token_drop_policy = 'probs',False,/home/zjb/Desktop/fabric-data-analysis/fabric-data-analysis-raw/0731_224gpu_pp14_cp2_a2a/extracted/framework/2026-07-30-09:38/worker33020/2026-07-30_0938/tp1_pp14_dp_mbs2_numbs_gbs48_gpus0_mtp1_forcelbfalse_pertensorfalse_NO_LOSS_REDUCE.RANK2.10.124.33.20.log,32e167f41c8281b8f0711c4dbf3d51dd6a815a24caea87c4a01d03d9a375d744,evaluator_only_NEVER_MODEL_FIT
109,runtime_config_dump,moe_permute_fusion,True,404f3ad32b3513db3c1eb352e84c407d2c439c8822d8a101328ea93dba1b3d33,moe_permute_fusion = True,False,/home/zjb/Desktop/fabric-data-analysis/fabric-data-analysis-raw/0731_224gpu_pp14_cp2_a2a/extracted/framework/2026-07-30-09:38/worker33020/2026-07-30_0938/tp1_pp14_dp_mbs2_numbs_gbs48_gpus0_mtp1_forcelbfalse_pertensorfalse_NO_LOSS_REDUCE.RANK2.10.124.33.20.log,32e167f41c8281b8f0711c4dbf3d51dd6a815a24caea87c4a01d03d9a375d744,evaluator_only_NEVER_MODEL_FIT
109,runtime_config_dump,moe_router_fusion,False,404f3ad32b3513db3c1eb352e84c407d2c439c8822d8a101328ea93dba1b3d33,moe_router_fusion = False,False,/home/zjb/Desktop/fabric-data-analysis/fabric-data-analysis-raw/0731_224gpu_pp14_cp2_a2a/extracted/framework/2026-07-30-09:38/worker33020/2026-07-30_0938/tp1_pp14_dp_mbs2_numbs_gbs48_gpus0_mtp1_forcelbfalse_pertensorfalse_NO_LOSS_REDUCE.RANK2.10.124.33.20.log,32e167f41c8281b8f0711c4dbf3d51dd6a815a24caea87c4a01d03d9a375d744,evaluator_only_NEVER_MODEL_FIT
109,runtime_config_dump,cp_comm_type,'a2a',404f3ad32b3513db3c1eb352e84c407d2c439c8822d8a101328ea93dba1b3d33,cp_comm_type = 'a2a',False,/home/zjb/Desktop/fabric-data-analysis/fabric-data-analysis-raw/0731_224gpu_pp14_cp2_a2a/extracted/framework/2026-07-30-09:38/worker33020/2026-07-30_0938/tp1_pp14_dp_mbs2_numbs_gbs48_gpus0_mtp1_forcelbfalse_pertensorfalse_NO_LOSS_REDUCE.RANK2.10.124.33.20.log,32e167f41c8281b8f0711c4dbf3d51dd6a815a24caea87c4a01d03d9a375d744,evaluator_only_NEVER_MODEL_FIT
109,runtime_config_dump,transformer_impl,'transformer_engine',404f3ad32b3513db3c1eb352e84c407d2c439c8822d8a101328ea93dba1b3d33,transformer_impl = 'transformer_engine',False,/home/zjb/Desktop/fabric-data-analysis/fabric-data-analysis-raw/0731_224gpu_pp14_cp2_a2a/extracted/framework/2026-07-30-09:38/worker33020/2026-07-30_0938/tp1_pp14_dp_mbs2_numbs_gbs48_gpus0_mtp1_forcelbfalse_pertensorfalse_NO_LOSS_REDUCE.RANK2.10.124.33.20.log,32e167f41c8281b8f0711c4dbf3d51dd6a815a24caea87c4a01d03d9a375d744,evaluator_only_NEVER_MODEL_FIT
109,runtime_config_dump,q_lora_rank,1536,404f3ad32b3513db3c1eb352e84c407d2c439c8822d8a101328ea93dba1b3d33,q_lora_rank = 1536,False,/home/zjb/Desktop/fabric-data-analysis/fabric-data-analysis-raw/0731_224gpu_pp14_cp2_a2a/extracted/framework/2026-07-30-09:38/worker33020/2026-07-30_0938/tp1_pp14_dp_mbs2_numbs_gbs48_gpus0_mtp1_forcelbfalse_pertensorfalse_NO_LOSS_REDUCE.RANK2.10.124.33.20.log,32e167f41c8281b8f0711c4dbf3d51dd6a815a24caea87c4a01d03d9a375d744,evaluator_only_NEVER_MODEL_FIT
109,runtime_config_dump,kv_lora_rank,512,404f3ad32b3513db3c1eb352e84c407d2c439c8822d8a101328ea93dba1b3d33,kv_lora_rank = 512,False,/home/zjb/Desktop/fabric-data-analysis/fabric-data-analysis-raw/0731_224gpu_pp14_cp2_a2a/extracted/framework/2026-07-30-09:38/worker33020/2026-07-30_0938/tp1_pp14_dp_mbs2_numbs_gbs48_gpus0_mtp1_forcelbfalse_pertensorfalse_NO_LOSS_REDUCE.RANK2.10.124.33.20.log,32e167f41c8281b8f0711c4dbf3d51dd6a815a24caea87c4a01d03d9a375d744,evaluator_only_NEVER_MODEL_FIT
109,runtime_config_dump,qk_head_dim,128,404f3ad32b3513db3c1eb352e84c407d2c439c8822d8a101328ea93dba1b3d33,qk_head_dim = 128,False,/home/zjb/Desktop/fabric-data-analysis/fabric-data-analysis-raw/0731_224gpu_pp14_cp2_a2a/extracted/framework/2026-07-30-09:38/worker33020/2026-07-30_0938/tp1_pp14_dp_mbs2_numbs_gbs48_gpus0_mtp1_forcelbfalse_pertensorfalse_NO_LOSS_REDUCE.RANK2.10.124.33.20.log,32e167f41c8281b8f0711c4dbf3d51dd6a815a24caea87c4a01d03d9a375d744,evaluator_only_NEVER_MODEL_FIT
109,runtime_config_dump,qk_pos_emb_head_dim,64,404f3ad32b3513db3c1eb352e84c407d2c439c8822d8a101328ea93dba1b3d33,qk_pos_emb_head_dim = 64,False,/home/zjb/Desktop/fabric-data-analysis/fabric-data-analysis-raw/0731_224gpu_pp14_cp2_a2a/extracted/framework/2026-07-30-09:38/worker33020/2026-07-30_0938/tp1_pp14_dp_mbs2_numbs_gbs48_gpus0_mtp1_forcelbfalse_pertensorfalse_NO_LOSS_REDUCE.RANK2.10.124.33.20.log,32e167f41c8281b8f0711c4dbf3d51dd6a815a24caea87c4a01d03d9a375d744,evaluator_only_NEVER_MODEL_FIT
109,runtime_config_dump,v_head_dim,128,404f3ad32b3513db3c1eb352e84c407d2c439c8822d8a101328ea93dba1b3d33,v_head_dim = 128,False,/home/zjb/Desktop/fabric-data-analysis/fabric-data-analysis-raw/0731_224gpu_pp14_cp2_a2a/extracted/framework/2026-07-30-09:38/worker33020/2026-07-30_0938/tp1_pp14_dp_mbs2_numbs_gbs48_gpus0_mtp1_forcelbfalse_pertensorfalse_NO_LOSS_REDUCE.RANK2.10.124.33.20.log,32e167f41c8281b8f0711c4dbf3d51dd6a815a24caea87c4a01d03d9a375d744,evaluator_only_NEVER_MODEL_FIT
