iteration,node_id,kind,phase,microbatch,rank,pp_stage,pp_lane,src_rank,dst_rank,src_stage,dst_stage,sequence,region,duration_ns,network_service_ns,software_completion_ns,observed_start_ns,observed_end_ns,predicted_start_ns,predicted_end_ns,critical_predecessor,local_wait_ns
55,rank0:F0,compute,forward,0,0,0,0,0,0,0,0,0,warmup,161589252,0,0,1.7854777448094717e+18,1.785477744971061e+18,0,161589252,,0
55,lane0:F0:s0->s1,pp_message,forward,0,-1,0,0,0,16,0,1,-1,p2p,4712346,4712346,0,,,161589252,166301598,rank0:F0,0
55,rank0:F1,compute,forward,1,0,0,0,0,0,0,0,1,warmup,158603144,0,0,1.7854777449764058e+18,1.7854777451350088e+18,166301598,324904742,lane0:F0:s0->s1,4712346
55,rank16:F0,compute,forward,0,16,1,0,16,16,1,1,0,warmup,325713549,0,0,1.7854777449763914e+18,1.7854777453021048e+18,166301598,492015147,lane0:F0:s0->s1,166301598
55,lane0:F1:s0->s1,pp_message,forward,1,-1,0,0,0,16,0,1,-1,p2p,4712346,4712346,0,,,324904742,329617088,rank0:F1,0
55,rank0:F2,compute,forward,2,0,0,0,0,0,0,0,2,warmup,157677108,0,0,1.7854777453132705e+18,1.7854777454709476e+18,329617088,487294196,lane0:F1:s0->s1,4712346
55,lane0:F2:s0->s1,pp_message,forward,2,-1,0,0,0,16,0,1,-1,p2p,4712346,4712346,0,,,487294196,492006542,rank0:F2,0
55,rank0:F3,compute,forward,3,0,0,0,0,0,0,0,3,warmup,157750901,0,0,1.785477745649481e+18,1.785477745807232e+18,492006542,649757443,lane0:F2:s0->s1,4712346
55,lane0:F0:s1->s2,pp_message,forward,0,-1,1,0,16,32,1,2,-1,p2p,4712346,4712346,0,,,492015147,496727493,rank16:F0,0
55,rank16:F1,compute,forward,1,16,1,0,16,16,1,1,1,warmup,325843846,0,0,1.7854777453131494e+18,1.7854777456389934e+18,496727493,822571339,lane0:F0:s1->s2,4712346
55,rank32:F0,compute,forward,0,32,2,0,32,32,2,2,0,warmup,320464416,0,0,1.7854777453081797e+18,1.785477745628644e+18,496727493,817191909,lane0:F0:s1->s2,496727493
55,lane0:F3:s0->s1,pp_message,forward,3,-1,0,0,0,16,0,1,-1,p2p,4712346,4712346,0,,,649757443,654469789,rank0:F3,0
55,lane0:F0:s2->s3,pp_message,forward,0,-1,2,0,32,48,2,3,-1,p2p,4712346,4712346,0,,,817191909,821904255,rank32:F0,0
55,rank48:F0,compute,forward,0,48,3,0,48,48,3,3,0,warmup,317327036,0,0,1.7854777456338575e+18,1.7854777459511844e+18,821904255,1139231291,lane0:F0:s2->s3,821904255
55,lane0:F1:s1->s2,pp_message,forward,1,-1,1,0,16,32,1,2,-1,p2p,4712346,4712346,0,,,822571339,827283685,rank16:F1,0
55,rank16:F2,compute,forward,2,16,1,0,16,16,1,1,2,warmup,324616519,0,0,1.7854777456494246e+18,1.785477745974041e+18,827283685,1151900204,lane0:F1:s1->s2,4712346
55,rank32:F1,compute,forward,1,32,2,0,32,32,2,2,1,warmup,322897802,0,0,1.7854777456441208e+18,1.7854777459670188e+18,827283685,1150181487,lane0:F1:s1->s2,10091776
55,lane0:F0:s3->s4,pp_message,forward,0,-1,3,0,48,64,3,4,-1,p2p,4712346,4712346,0,,,1139231291,1143943637,rank48:F0,0
55,rank64:F0,compute,forward,0,64,4,0,64,64,4,4,0,warmup,335385833,0,0,1.7854777459565555e+18,1.7854777462919414e+18,1143943637,1479329470,lane0:F0:s3->s4,1143943637
55,lane0:F1:s2->s3,pp_message,forward,1,-1,2,0,32,48,2,3,-1,p2p,4712346,4712346,0,,,1150181487,1154893833,rank32:F1,0
55,lane0:F2:s1->s2,pp_message,forward,2,-1,1,0,16,32,1,2,-1,p2p,4712346,4712346,0,,,1151900204,1156612550,rank16:F2,0
55,rank48:F1,compute,forward,1,48,3,0,48,48,3,3,1,warmup,314210059,0,0,1.7854777459721664e+18,1.7854777462863764e+18,1154893833,1469103892,lane0:F1:s2->s3,15662542
55,rank16:F3,compute,forward,3,16,1,0,16,16,1,1,3,warmup,322506780,0,0,1.7854777459843387e+18,1.7854777463068454e+18,1156612550,1479119330,lane0:F2:s1->s2,4712346
55,rank32:F2,compute,forward,2,32,2,0,32,32,2,2,2,warmup,463063797,0,0,1.7854777459792847e+18,1.7854777464423485e+18,1156612550,1619676347,lane0:F2:s1->s2,6431063
55,lane0:F1:s3->s4,pp_message,forward,1,-1,3,0,48,64,3,4,-1,p2p,4712346,4712346,0,,,1469103892,1473816238,rank48:F1,0
55,lane0:F3:s1->s2,pp_message,forward,3,-1,1,0,16,32,1,2,-1,p2p,4712346,4712346,0,,,1479119330,1483831676,rank16:F3,0
55,lane0:F0:s4->s5,pp_message,forward,0,-1,4,0,64,80,4,5,-1,p2p,4712346,4712346,0,,,1479329470,1484041816,rank64:F0,0
55,rank64:F1,compute,forward,1,64,4,0,64,64,4,4,1,warmup,317320688,0,0,1.7854777463020946e+18,1.7854777466194153e+18,1484041816,1801362504,lane0:F0:s4->s5,4712346
55,rank80:F0,compute,forward,0,80,5,0,80,80,5,5,0,warmup,315057717,0,0,1.7854777462973832e+18,1.7854777466124408e+18,1484041816,1799099533,lane0:F0:s4->s5,1484041816
55,lane0:F2:s2->s3,pp_message,forward,2,-1,2,0,32,48,2,3,-1,p2p,4712346,4712346,0,,,1619676347,1624388693,rank32:F2,0
55,rank32:F3,compute,forward,3,32,2,0,32,32,2,2,3,warmup,317260240,0,0,1.7854777464527168e+18,1.7854777467699768e+18,1624388693,1941648933,lane0:F2:s2->s3,4712346
55,rank48:F2,compute,forward,2,48,3,0,48,48,3,3,2,warmup,315324274,0,0,1.7854777464475013e+18,1.7854777467628255e+18,1624388693,1939712967,lane0:F2:s2->s3,155284801
55,lane0:F0:s5->s6,pp_message,forward,0,-1,5,0,80,96,5,6,-1,p2p,4712346,4712346,0,,,1799099533,1803811879,rank80:F0,0
55,lane0:F1:s4->s5,pp_message,forward,1,-1,4,0,64,80,4,5,-1,p2p,4712346,4712346,0,,,1801362504,1806074850,rank64:F1,0
55,rank96:F0,compute,forward,0,96,6,0,96,96,6,6,0,warmup,317961283,0,0,1.7854777466179776e+18,1.7854777469359388e+18,1803811879,2121773162,lane0:F0:s5->s6,1803811879
55,rank80:F1,compute,forward,1,80,5,0,80,80,5,5,1,warmup,313068007,0,0,1.7854777466244626e+18,1.7854777469375304e+18,1806074850,2119142857,lane0:F1:s4->s5,6975317
55,lane0:F2:s3->s4,pp_message,forward,2,-1,3,0,48,64,3,4,-1,p2p,4712346,4712346,0,,,1939712967,1944425313,rank48:F2,0
55,lane0:F3:s2->s3,pp_message,forward,3,-1,2,0,32,48,2,3,-1,p2p,4712346,4712346,0,,,1941648933,1946361279,rank32:F3,0
55,rank64:F2,compute,forward,2,64,4,0,64,64,4,4,2,warmup,315835668,0,0,1.7854777467680292e+18,1.7854777470838648e+18,1944425313,2260260981,lane0:F2:s3->s4,143062809
55,rank48:F3,compute,forward,3,48,3,0,48,48,3,3,3,warmup,334028881,0,0,1.7854777467750979e+18,1.785477747109127e+18,1946361279,2280390160,lane0:F3:s2->s3,6648312
55,lane0:F1:s5->s6,pp_message,forward,1,-1,5,0,80,96,5,6,-1,p2p,4712346,4712346,0,,,2119142857,2123855203,rank80:F1,0
55,lane0:F0:s6->s7,pp_message,forward,0,-1,6,0,96,112,6,7,-1,p2p,4712346,4712346,0,,,2121773162,2126485508,rank96:F0,0
55,rank112:F0,compute,forward,0,112,7,0,112,112,7,7,0,warmup,316959816,0,0,1.785477746941603e+18,1.785477747258563e+18,2126485508,2443445324,lane0:F0:s6->s7,2126485508
55,rank96:F1,compute,forward,1,96,6,0,96,96,6,6,1,warmup,316836974,0,0,1.7854777469463022e+18,1.7854777472631393e+18,2126485508,2443322482,lane0:F0:s6->s7,4712346
55,lane0:F2:s4->s5,pp_message,forward,2,-1,4,0,64,80,4,5,-1,p2p,4712346,4712346,0,,,2260260981,2264973327,rank64:F2,0
55,rank80:F2,compute,forward,2,80,5,0,80,80,5,5,2,warmup,352583734,0,0,1.7854777470890634e+18,1.785477747441647e+18,2264973327,2617557061,lane0:F2:s4->s5,145830470
55,lane0:F3:s3->s4,pp_message,forward,3,-1,3,0,48,64,3,4,-1,p2p,4712346,4712346,0,,,2280390160,2285102506,rank48:F3,0
55,rank64:F3,compute,forward,3,64,4,0,64,64,4,4,3,warmup,313494294,0,0,1.785477747114236e+18,1.7854777474277304e+18,2285102506,2598596800,lane0:F3:s3->s4,24841525
55,lane0:F1:s6->s7,pp_message,forward,1,-1,6,0,96,112,6,7,-1,p2p,4712346,4712346,0,,,2443322482,2448034828,rank96:F1,0
55,lane0:F0:s7->s8,pp_message,forward,0,-1,7,0,112,128,7,8,-1,p2p,4712346,4712346,0,,,2443445324,2448157670,rank112:F0,0
55,rank112:F1,compute,forward,1,112,7,0,112,112,7,7,1,warmup,312190019,0,0,1.7854777472689334e+18,1.7854777475811236e+18,2448157670,2760347689,lane0:F0:s7->s8,4712346
55,rank128:F0,compute,forward,0,128,8,0,128,128,8,8,0,warmup,313085112,0,0,1.7854777472642386e+18,1.7854777475773238e+18,2448157670,2761242782,lane0:F0:s7->s8,2448157670
55,lane0:F3:s4->s5,pp_message,forward,3,-1,4,0,64,80,4,5,-1,p2p,4712346,4712346,0,,,2598596800,2603309146,rank64:F3,0
55,lane0:F2:s5->s6,pp_message,forward,2,-1,5,0,80,96,5,6,-1,p2p,4712346,4712346,0,,,2617557061,2622269407,rank80:F2,0
55,rank80:F3,compute,forward,3,80,5,0,80,80,5,5,3,warmup,312165256,0,0,1.7854777474521137e+18,1.7854777477642788e+18,2622269407,2934434663,lane0:F2:s5->s6,4712346
55,rank96:F2,compute,forward,2,96,6,0,96,96,6,6,2,warmup,315803544,0,0,1.7854777474470387e+18,1.7854777477628424e+18,2622269407,2938072951,lane0:F2:s5->s6,178946925
55,lane0:F1:s7->s8,pp_message,forward,1,-1,7,0,112,128,7,8,-1,p2p,4712346,4712346,0,,,2760347689,2765060035,rank112:F1,0
55,lane0:F0:s8->s9,pp_message,forward,0,-1,8,0,128,144,8,9,-1,p2p,4712346,4712346,0,,,2761242782,2765955128,rank128:F0,0
55,rank128:F1,compute,forward,1,128,8,0,128,128,8,8,1,warmup,310793214,0,0,1.785477747587731e+18,1.7854777478985242e+18,2765955128,3076748342,lane0:F0:s8->s9,4712346
55,rank144:F0,compute,forward,0,144,9,0,144,144,9,9,0,warmup,320335221,0,0,1.7854777475828756e+18,1.785477747903211e+18,2765955128,3086290349,lane0:F0:s8->s9,2765955128
55,lane0:F3:s5->s6,pp_message,forward,3,-1,5,0,80,96,5,6,-1,p2p,4712346,4712346,0,,,2934434663,2939147009,rank80:F3,0
55,lane0:F2:s6->s7,pp_message,forward,2,-1,6,0,96,112,6,7,-1,p2p,4712346,4712346,0,,,2938072951,2942785297,rank96:F2,0
55,rank112:F2,compute,forward,2,112,7,0,112,112,7,7,2,warmup,310993559,0,0,1.785477747767968e+18,1.7854777480789617e+18,2942785297,3253778856,lane0:F2:s6->s7,182437608
55,rank96:F3,compute,forward,3,96,6,0,96,96,6,6,3,warmup,315586038,0,0,1.7854777477731267e+18,1.7854777480887127e+18,2942785297,3258371335,lane0:F2:s6->s7,4712346
55,lane0:F1:s8->s9,pp_message,forward,1,-1,8,0,128,144,8,9,-1,p2p,4712346,4712346,0,,,3076748342,3081460688,rank128:F1,0
55,lane0:F0:s9->s10,pp_message,forward,0,-1,9,0,144,160,9,10,-1,p2p,4712346,4712346,0,,,3086290349,3091002695,rank144:F0,0
55,rank144:F1,compute,forward,1,144,9,0,144,144,9,9,1,warmup,318516907,0,0,1.7854777479134152e+18,1.7854777482319322e+18,3091002695,3409519602,lane0:F0:s9->s10,4712346
55,rank160:F0,compute,forward,0,160,10,0,160,160,10,10,0,warmup,320623663,0,0,1.785477747908641e+18,1.7854777482292646e+18,3091002695,3411626358,lane0:F0:s9->s10,3091002695
55,lane0:F2:s7->s8,pp_message,forward,2,-1,7,0,112,128,7,8,-1,p2p,4712346,4712346,0,,,3253778856,3258491202,rank112:F2,0
55,lane0:F3:s6->s7,pp_message,forward,3,-1,6,0,96,112,6,7,-1,p2p,4712346,4712346,0,,,3258371335,3263083681,rank96:F3,0
55,rank128:F2,compute,forward,2,128,8,0,128,128,8,8,2,warmup,311077784,0,0,1.7854777480841905e+18,1.7854777483952684e+18,3258491202,3569568986,lane0:F2:s7->s8,181742860
55,rank112:F3,compute,forward,3,112,7,0,112,112,7,7,3,warmup,340623741,0,0,1.7854777480938327e+18,1.7854777484344563e+18,3263083681,3603707422,lane0:F3:s6->s7,9304825
55,lane0:F1:s9->s10,pp_message,forward,1,-1,9,0,144,160,9,10,-1,p2p,4712346,4712346,0,,,3409519602,3414231948,rank144:F1,0
55,lane0:F0:s10->s11,pp_message,forward,0,-1,10,0,160,176,10,11,-1,p2p,4712346,4712346,0,,,3411626358,3416338704,rank160:F0,0
55,rank160:F1,compute,forward,1,160,10,0,160,160,10,10,1,warmup,325174307,0,0,1.7854777482392573e+18,1.7854777485644316e+18,3416338704,3741513011,lane0:F0:s10->s11,4712346
55,rank176:F0,compute,forward,0,176,11,0,176,176,11,11,0,warmup,311578821,0,0,1.785477748234844e+18,1.7854777485464225e+18,3416338704,3727917525,lane0:F0:s10->s11,3416338704
55,lane0:F2:s8->s9,pp_message,forward,2,-1,8,0,128,144,8,9,-1,p2p,4712346,4712346,0,,,3569568986,3574281332,rank128:F2,0
55,rank144:F2,compute,forward,2,144,9,0,144,144,9,9,2,warmup,318291397,0,0,1.7854777484003983e+18,1.7854777487186895e+18,3574281332,3892572729,lane0:F2:s8->s9,164761730
55,lane0:F3:s7->s8,pp_message,forward,3,-1,7,0,112,128,7,8,-1,p2p,4712346,4712346,0,,,3603707422,3608419768,rank112:F3,0
55,rank128:F3,compute,forward,3,128,8,0,128,128,8,8,3,warmup,310994744,0,0,1.7854777484396132e+18,1.785477748750608e+18,3608419768,3919414512,lane0:F3:s7->s8,38850782
55,lane0:F0:s11->s12,pp_message,forward,0,-1,11,0,176,192,11,12,-1,p2p,4712346,4712346,0,,,3727917525,3732629871,rank176:F0,0
55,rank192:F0,compute,forward,0,192,12,0,192,192,12,12,0,warmup,313173038,0,0,1.785477748551826e+18,1.785477748864999e+18,3732629871,4045802909,lane0:F0:s11->s12,3732629871
55,lane0:F1:s10->s11,pp_message,forward,1,-1,10,0,160,176,10,11,-1,p2p,4712346,4712346,0,,,3741513011,3746225357,rank160:F1,0
55,rank176:F1,compute,forward,1,176,11,0,176,176,11,11,1,warmup,315929963,0,0,1.7854777485695043e+18,1.7854777488854344e+18,3746225357,4062155320,lane0:F1:s10->s11,18307832
55,lane0:F2:s9->s10,pp_message,forward,2,-1,9,0,144,160,9,10,-1,p2p,4712346,4712346,0,,,3892572729,3897285075,rank144:F2,0
55,rank160:F2,compute,forward,2,160,10,0,160,160,10,10,2,warmup,334048899,0,0,1.785477748724015e+18,1.7854777490580641e+18,3897285075,4231333974,lane0:F2:s9->s10,155772064
55,lane0:F3:s8->s9,pp_message,forward,3,-1,8,0,128,144,8,9,-1,p2p,4712346,4712346,0,,,3919414512,3924126858,rank128:F3,0
55,rank144:F3,compute,forward,3,144,9,0,144,144,9,9,3,warmup,318916553,0,0,1.7854777487556908e+18,1.7854777490746074e+18,3924126858,4243043411,lane0:F3:s8->s9,31554129
55,lane0:F0:s12->s13,pp_message,forward,0,-1,12,0,192,208,12,13,-1,p2p,4712346,4712346,0,,,4045802909,4050515255,rank192:F0,0
55,rank208:F0,compute,forward,0,208,13,0,208,208,13,13,0,warmup,315061449,0,0,1.7854777488711788e+18,1.7854777491862403e+18,4050515255,4365576704,lane0:F0:s12->s13,4050515255
55,lane0:F1:s11->s12,pp_message,forward,1,-1,11,0,176,192,11,12,-1,p2p,4712346,4712346,0,,,4062155320,4066867666,rank176:F1,0
55,rank192:F1,compute,forward,1,192,12,0,192,192,12,12,1,warmup,307627107,0,0,1.7854777488905708e+18,1.7854777491981978e+18,4066867666,4374494773,lane0:F1:s11->s12,21064757
55,lane0:F2:s10->s11,pp_message,forward,2,-1,10,0,160,176,10,11,-1,p2p,4712346,4712346,0,,,4231333974,4236046320,rank160:F2,0
55,rank176:F2,compute,forward,2,176,11,0,176,176,11,11,2,warmup,309205567,0,0,1.7854777490631818e+18,1.7854777493723873e+18,4236046320,4545251887,lane0:F2:s10->s11,173891000
55,lane0:F3:s9->s10,pp_message,forward,3,-1,9,0,144,160,9,10,-1,p2p,4712346,4712346,0,,,4243043411,4247755757,rank144:F3,0
55,rank160:F3,compute,forward,3,160,10,0,160,160,10,10,3,warmup,310896776,0,0,1.7854777490796652e+18,1.785477749390562e+18,4247755757,4558652533,lane0:F3:s9->s10,16421783
55,lane0:F0:s13->s14,pp_message,forward,0,-1,13,0,208,224,13,14,-1,p2p,4712346,4712346,0,,,4365576704,4370289050,rank208:F0,0
55,rank224:F0,compute,forward,0,224,14,0,224,224,14,14,0,warmup,315259120,0,0,1.7854777491932024e+18,1.7854777495084616e+18,4370289050,4685548170,lane0:F0:s13->s14,4370289050
55,lane0:F1:s12->s13,pp_message,forward,1,-1,12,0,192,208,12,13,-1,p2p,4712346,4712346,0,,,4374494773,4379207119,rank192:F1,0
55,rank208:F1,compute,forward,1,208,13,0,208,208,13,13,1,warmup,309526453,0,0,1.785477749203342e+18,1.7854777495128686e+18,4379207119,4688733572,lane0:F1:s12->s13,13630415
55,lane0:F2:s11->s12,pp_message,forward,2,-1,11,0,176,192,11,12,-1,p2p,4712346,4712346,0,,,4545251887,4549964233,rank176:F2,0
55,rank192:F2,compute,forward,2,192,12,0,192,192,12,12,2,warmup,312698428,0,0,1.78547774937747e+18,1.7854777496901683e+18,4549964233,4862662661,lane0:F2:s11->s12,175469460
55,lane0:F3:s10->s11,pp_message,forward,3,-1,10,0,160,176,10,11,-1,p2p,4712346,4712346,0,,,4558652533,4563364879,rank160:F3,0
55,rank176:F3,compute,forward,3,176,11,0,176,176,11,11,3,warmup,306906761,0,0,1.7854777493956137e+18,1.7854777497025203e+18,4563364879,4870271640,lane0:F3:s10->s11,18112992
55,lane0:F0:s14->s15,pp_message,forward,0,-1,14,0,224,240,14,15,-1,p2p,4712346,4712346,0,,,4685548170,4690260516,rank224:F0,0
55,lane0:F1:s13->s14,pp_message,forward,1,-1,13,0,208,224,13,14,-1,p2p,4712346,4712346,0,,,4688733572,4693445918,rank208:F1,0
55,rank240:F0,compute,forward,0,240,15,0,240,240,15,15,0,steady,194664375,0,0,1.7854777495144558e+18,1.7854777497091203e+18,4690260516,4884924891,lane0:F0:s14->s15,4690260516
55,rank224:F1,compute,forward,1,224,14,0,224,224,14,14,1,steady,308420072,0,0,1.7854777495192878e+18,1.785477749827708e+18,4693445918,5001865990,lane0:F1:s13->s14,7897748
55,lane0:F2:s12->s13,pp_message,forward,2,-1,12,0,192,208,12,13,-1,p2p,4712346,4712346,0,,,4862662661,4867375007,rank192:F2,0
55,rank208:F2,compute,forward,2,208,13,0,208,208,13,13,2,steady,311080135,0,0,1.785477749695352e+18,1.7854777500064323e+18,4867375007,5178455142,lane0:F2:s12->s13,178641435
55,lane0:F3:s11->s12,pp_message,forward,3,-1,11,0,176,192,11,12,-1,p2p,4712346,4712346,0,,,4870271640,4874983986,rank176:F3,0
55,rank192:F3,compute,forward,3,192,12,0,192,192,12,12,3,steady,309775972,0,0,1.7854777497074657e+18,1.7854777500172416e+18,4874983986,5184759958,lane0:F3:s11->s12,12321325
55,rank240:B0,compute,backward,0,240,15,0,240,240,15,15,1,steady,367732634,0,0,1.7854777497092882e+18,1.785477750077021e+18,4884924891,5252657525,rank240:F0,0
55,lane0:F1:s14->s15,pp_message,forward,1,-1,14,0,224,240,14,15,-1,p2p,4712346,4712346,0,,,5001865990,5006578336,rank224:F1,0
55,lane0:F2:s13->s14,pp_message,forward,2,-1,13,0,208,224,13,14,-1,p2p,4712346,4712346,0,,,5178455142,5183167488,rank208:F2,0
55,lane0:F3:s12->s13,pp_message,forward,3,-1,12,0,192,208,12,13,-1,p2p,4712346,4712346,0,,,5184759958,5189472304,rank192:F3,0
55,lane0:B0:s15->s14,pp_message,backward,0,-1,15,0,240,224,15,14,-1,p2p,4712346,4712346,0,,,5252657525,5257369871,rank240:B0,0
55,rank224:B0,compute,backward,0,224,14,0,224,224,14,14,2,steady,707582549,0,0,1.7854777501771254e+18,1.785477750884708e+18,5257369871,5964952420,lane0:B0:s15->s14,255503881
55,rank240:F1,compute,forward,1,240,15,0,240,240,15,15,2,steady,193299884,0,0,1.785477750176921e+18,1.785477750370221e+18,5257369871,5450669755,lane0:B0:s15->s14,4712346
55,rank240:B1,compute,backward,1,240,15,0,240,240,15,15,3,steady,365702619,0,0,1.7854777503704082e+18,1.7854777507361108e+18,5450669755,5816372374,rank240:F1,0
55,lane0:B1:s15->s14,pp_message,backward,1,-1,15,0,240,224,15,14,-1,p2p,4712346,4712346,0,,,5816372374,5821084720,rank240:B1,0
55,lane0:B0:s14->s13,pp_message,backward,0,-1,14,0,224,208,14,13,-1,p2p,4712346,4712346,0,,,5964952420,5969664766,rank224:B0,0
55,rank208:B0,compute,backward,0,208,13,0,208,208,13,13,3,steady,689479242,0,0,1.7854777509836362e+18,1.7854777516731154e+18,5969664766,6659144008,lane0:B0:s14->s13,791209624
55,rank224:F2,compute,forward,2,224,14,0,224,224,14,14,3,steady,309813534,0,0,1.7854777509832566e+18,1.78547775129307e+18,5969664766,6279478300,lane0:B0:s14->s13,4712346
55,lane0:F2:s14->s15,pp_message,forward,2,-1,14,0,224,240,14,15,-1,p2p,4712346,4712346,0,,,6279478300,6284190646,rank224:F2,0
55,rank224:B1,compute,backward,1,224,14,0,224,224,14,14,4,steady,678850166,0,0,1.7854777512989842e+18,1.7854777519778342e+18,6284190646,6963040812,lane0:F2:s14->s15,4712346
55,rank240:F2,compute,forward,2,240,15,0,240,240,15,15,4,steady,190709364,0,0,1.785477751298909e+18,1.7854777514896182e+18,6284190646,6474900010,lane0:F2:s14->s15,467818272
55,rank240:B2,compute,backward,2,240,15,0,240,240,15,15,5,steady,365911231,0,0,1.785477751489801e+18,1.7854777518557123e+18,6474900010,6840811241,rank240:F2,0
55,lane0:B0:s13->s12,pp_message,backward,0,-1,13,0,208,192,13,12,-1,p2p,4712346,4712346,0,,,6659144008,6663856354,rank208:B0,0
55,rank192:B0,compute,backward,0,192,12,0,192,192,12,12,4,steady,680485782,0,0,1.7854777517711478e+18,1.7854777524516337e+18,6663856354,7344342136,lane0:B0:s13->s12,1479096396
55,rank208:F3,compute,forward,3,208,13,0,208,208,13,13,4,steady,313348583,0,0,1.785477751770989e+18,1.7854777520843377e+18,6663856354,6977204937,lane0:B0:s13->s12,4712346
55,lane0:B2:s15->s14,pp_message,backward,2,-1,15,0,240,224,15,14,-1,p2p,4712346,4712346,0,,,6840811241,6845523587,rank240:B2,0
55,lane0:B1:s14->s13,pp_message,backward,1,-1,14,0,224,208,14,13,-1,p2p,4712346,4712346,0,,,6963040812,6967753158,rank224:B1,0
55,lane0:F3:s13->s14,pp_message,forward,3,-1,13,0,208,224,13,14,-1,p2p,4712346,4712346,0,,,6977204937,6981917283,rank208:F3,0
55,rank208:B1,compute,backward,1,208,13,0,208,208,13,13,5,steady,685879125,0,0,1.7854777520901998e+18,1.7854777527760788e+18,6981917283,7667796408,lane0:F3:s13->s14,4712346
55,rank224:F3,compute,forward,3,224,14,0,224,224,14,14,5,steady,308769104,0,0,1.7854777520901778e+18,1.7854777523989468e+18,6981917283,7290686387,lane0:F3:s13->s14,18876471
55,lane0:F3:s14->s15,pp_message,forward,3,-1,14,0,224,240,14,15,-1,p2p,4712346,4712346,0,,,7290686387,7295398733,rank224:F3,0
55,rank224:B2,compute,backward,2,224,14,0,224,224,14,14,6,steady,686633255,0,0,1.7854777524050296e+18,1.7854777530916628e+18,7295398733,7982031988,lane0:F3:s14->s15,4712346
55,rank240:F3,compute,forward,3,240,15,0,240,240,15,15,6,steady,189636237,0,0,1.7854777524050386e+18,1.7854777525946747e+18,7295398733,7485034970,lane0:F3:s14->s15,454587492
55,lane0:B0:s12->s11,pp_message,backward,0,-1,12,0,192,176,12,11,-1,p2p,4712346,4712346,0,,,7344342136,7349054482,rank192:B0,0
55,rank176:B0,compute,backward,0,176,11,0,176,176,11,11,4,cooldown,675074046,0,0,1.7854777525512535e+18,1.7854777532263276e+18,7349054482,8024128528,lane0:B0:s12->s11,2478782842
55,rank240:B3,compute,backward,3,240,15,0,240,240,15,15,7,steady,370214684,0,0,1.7854777525948498e+18,1.7854777529650644e+18,7485034970,7855249654,rank240:F3,0
55,lane0:B1:s13->s12,pp_message,backward,1,-1,13,0,208,192,13,12,-1,p2p,4712346,4712346,0,,,7667796408,7672508754,rank208:B1,0
55,rank192:B1,compute,backward,1,192,12,0,192,192,12,12,5,cooldown,679405117,0,0,1.785477752873825e+18,1.78547775355323e+18,7672508754,8351913871,lane0:B1:s13->s12,328166618
55,lane0:B3:s15->s14,pp_message,backward,3,-1,15,0,240,224,15,14,-1,p2p,4712346,4712346,0,,,7855249654,7859962000,rank240:B3,0
55,lane0:B2:s14->s13,pp_message,backward,2,-1,14,0,224,208,14,13,-1,p2p,4712346,4712346,0,,,7982031988,7986744334,rank224:B2,0
55,rank208:B2,compute,backward,2,208,13,0,208,208,13,13,6,cooldown,690962929,0,0,1.7854777531905823e+18,1.7854777538815452e+18,7986744334,8677707263,lane0:B2:s14->s13,318947926
55,rank224:B3,compute,backward,3,224,14,0,224,224,14,14,7,cooldown,685425447,0,0,1.7854777531965614e+18,1.7854777538819868e+18,7986744334,8672169781,lane0:B2:s14->s13,4712346
55,lane0:B0:s11->s10,pp_message,backward,0,-1,11,0,176,160,11,10,-1,p2p,4712346,4712346,0,,,8024128528,8028840874,rank176:B0,0
55,rank160:B0,compute,backward,0,160,10,0,160,160,10,10,4,cooldown,684778882,0,0,1.7854777533251456e+18,1.7854777540099246e+18,8028840874,8713619756,lane0:B0:s11->s10,3470188341
55,lane0:B1:s12->s11,pp_message,backward,1,-1,12,0,192,176,12,11,-1,p2p,4712346,4712346,0,,,8351913871,8356626217,rank192:B1,0
55,rank176:B1,compute,backward,1,176,11,0,176,176,11,11,5,cooldown,685904004,0,0,1.7854777536531738e+18,1.785477754339078e+18,8356626217,9042530221,lane0:B1:s12->s11,332497689
55,lane0:B3:s14->s13,pp_message,backward,3,-1,14,0,224,208,14,13,-1,p2p,4712346,4712346,0,,,8672169781,8676882127,rank224:B3,0
55,lane0:B2:s13->s12,pp_message,backward,2,-1,13,0,208,192,13,12,-1,p2p,4712346,4712346,0,,,8677707263,8682419609,rank208:B2,0
55,rank192:B2,compute,backward,2,192,12,0,192,192,12,12,6,cooldown,680636390,0,0,1.7854777539797135e+18,1.78547775466035e+18,8682419609,9363055999,lane0:B2:s13->s12,330505738
55,rank208:B3,compute,backward,3,208,13,0,208,208,13,13,7,cooldown,681167081,0,0,1.7854777539849083e+18,1.7854777546660754e+18,8682419609,9363586690,lane0:B2:s13->s12,4712346
55,lane0:B0:s10->s9,pp_message,backward,0,-1,10,0,160,144,10,9,-1,p2p,4712346,4712346,0,,,8713619756,8718332102,rank160:B0,0
55,rank144:B0,compute,backward,0,144,9,0,144,144,9,9,4,cooldown,702583706,0,0,1.785477754108896e+18,1.7854777548114796e+18,8718332102,9420915808,lane0:B0:s10->s9,4475288691
55,lane0:B1:s11->s10,pp_message,backward,1,-1,11,0,176,160,11,10,-1,p2p,4712346,4712346,0,,,9042530221,9047242567,rank176:B1,0
55,rank160:B1,compute,backward,1,160,10,0,160,160,10,10,5,cooldown,678613448,0,0,1.7854777544345636e+18,1.785477755113177e+18,9047242567,9725856015,lane0:B1:s11->s10,333622811
55,lane0:B2:s12->s11,pp_message,backward,2,-1,12,0,192,176,12,11,-1,p2p,4712346,4712346,0,,,9363055999,9367768345,rank192:B2,0
55,lane0:B3:s13->s12,pp_message,backward,3,-1,13,0,208,192,13,12,-1,p2p,4712346,4712346,0,,,9363586690,9368299036,rank208:B3,0
55,rank176:B2,compute,backward,2,176,11,0,176,176,11,11,6,cooldown,684445825,0,0,1.785477754760245e+18,1.7854777554446907e+18,9367768345,10052214170,lane0:B2:s12->s11,325238124
55,rank192:B3,compute,backward,3,192,12,0,192,192,12,12,7,cooldown,677663884,0,0,1.7854777547653573e+18,1.7854777554430213e+18,9368299036,10045962920,lane0:B3:s13->s12,5243037
55,lane0:B0:s9->s8,pp_message,backward,0,-1,9,0,144,128,9,8,-1,p2p,4712346,4712346,0,,,9420915808,9425628154,rank144:B0,0
55,rank128:B0,compute,backward,0,128,8,0,128,128,8,8,4,cooldown,688418883,0,0,1.7854777549111657e+18,1.7854777555995845e+18,9425628154,10114047037,lane0:B0:s9->s8,5506213642
55,lane0:B1:s10->s9,pp_message,backward,1,-1,10,0,160,144,10,9,-1,p2p,4712346,4712346,0,,,9725856015,9730568361,rank160:B1,0
55,rank144:B1,compute,backward,1,144,9,0,144,144,9,9,5,cooldown,697569038,0,0,1.7854777552121485e+18,1.7854777559097175e+18,9730568361,10428137399,lane0:B1:s10->s9,309652553
55,lane0:B3:s12->s11,pp_message,backward,3,-1,12,0,192,176,12,11,-1,p2p,4712346,4712346,0,,,10045962920,10050675266,rank192:B3,0
55,lane0:B2:s11->s10,pp_message,backward,2,-1,11,0,176,160,11,10,-1,p2p,4712346,4712346,0,,,10052214170,10056926516,rank176:B2,0
55,rank160:B2,compute,backward,2,160,10,0,160,160,10,10,6,cooldown,679387943,0,0,1.7854777555397146e+18,1.7854777562191025e+18,10056926516,10736314459,lane0:B2:s11->s10,331070501
55,rank176:B3,compute,backward,3,176,11,0,176,176,11,11,7,cooldown,679347699,0,0,1.7854777555450386e+18,1.7854777562243863e+18,10056926516,10736274215,lane0:B2:s11->s10,4712346
55,lane0:B0:s8->s7,pp_message,backward,0,-1,8,0,128,112,8,7,-1,p2p,4712346,4712346,0,,,10114047037,10118759383,rank128:B0,0
55,rank112:B0,compute,backward,0,112,7,0,112,112,7,7,4,cooldown,680071786,0,0,1.7854777556982285e+18,1.7854777563783002e+18,10118759383,10798831169,lane0:B0:s8->s7,6515051961
55,lane0:B1:s9->s8,pp_message,backward,1,-1,9,0,144,128,9,8,-1,p2p,4712346,4712346,0,,,10428137399,10432849745,rank144:B1,0
55,rank128:B1,compute,backward,1,128,8,0,128,128,8,8,5,cooldown,694382406,0,0,1.7854777560077496e+18,1.7854777567021322e+18,10432849745,11127232151,lane0:B1:s9->s8,318802708
55,lane0:B3:s11->s10,pp_message,backward,3,-1,11,0,176,160,11,10,-1,p2p,4712346,4712346,0,,,10736274215,10740986561,rank176:B3,0
55,lane0:B2:s10->s9,pp_message,backward,2,-1,10,0,160,144,10,9,-1,p2p,4712346,4712346,0,,,10736314459,10741026805,rank160:B2,0
55,rank144:B2,compute,backward,2,144,9,0,144,144,9,9,6,cooldown,700504527,0,0,1.785477756317623e+18,1.7854777570181274e+18,10741026805,11441531332,lane0:B2:s10->s9,312889406
55,rank160:B3,compute,backward,3,160,10,0,160,160,10,10,7,cooldown,679210458,0,0,1.7854777563226755e+18,1.785477757001886e+18,10741026805,11420237263,lane0:B2:s10->s9,4712346
55,lane0:B0:s7->s6,pp_message,backward,0,-1,7,0,112,96,7,6,-1,p2p,4712346,4712346,0,,,10798831169,10803543515,rank112:B0,0
55,rank96:B0,compute,backward,0,96,6,0,96,96,6,6,4,cooldown,701886074,0,0,1.7854777564781207e+18,1.7854777571800067e+18,10803543515,11505429589,lane0:B0:s7->s6,7545172180
55,lane0:B1:s8->s7,pp_message,backward,1,-1,8,0,128,112,8,7,-1,p2p,4712346,4712346,0,,,11127232151,11131944497,rank128:B1,0
55,rank112:B1,compute,backward,1,112,7,0,112,112,7,7,5,cooldown,684199077,0,0,1.7854777568004964e+18,1.7854777574846956e+18,11131944497,11816143574,lane0:B1:s8->s7,333113328
55,lane0:B3:s10->s9,pp_message,backward,3,-1,10,0,160,144,10,9,-1,p2p,4712346,4712346,0,,,11420237263,11424949609,rank160:B3,0
55,lane0:B2:s9->s8,pp_message,backward,2,-1,9,0,144,128,9,8,-1,p2p,4712346,4712346,0,,,11441531332,11446243678,rank144:B2,0
55,rank128:B2,compute,backward,2,128,8,0,128,128,8,8,6,cooldown,690228567,0,0,1.785477757117005e+18,1.7854777578072335e+18,11446243678,12136472245,lane0:B2:s9->s8,319011527
55,rank144:B3,compute,backward,3,144,9,0,144,144,9,9,7,cooldown,697907734,0,0,1.7854777571220767e+18,1.7854777578199844e+18,11446243678,12144151412,lane0:B2:s9->s8,4712346
55,lane0:B0:s6->s5,pp_message,backward,0,-1,6,0,96,80,6,5,-1,p2p,4712346,4712346,0,,,11505429589,11510141935,rank96:B0,0
55,rank80:B0,compute,backward,0,80,5,0,80,80,5,5,4,cooldown,707930208,0,0,1.78547775727951e+18,1.7854777579874404e+18,11510141935,12218072143,lane0:B0:s6->s5,8575707272
55,lane0:B1:s7->s6,pp_message,backward,1,-1,7,0,112,96,7,6,-1,p2p,4712346,4712346,0,,,11816143574,11820855920,rank112:B1,0
55,rank96:B1,compute,backward,1,96,6,0,96,96,6,6,5,cooldown,720207582,0,0,1.7854777575834035e+18,1.7854777583036111e+18,11820855920,12541063502,lane0:B1:s7->s6,315426331
55,lane0:B2:s8->s7,pp_message,backward,2,-1,8,0,128,112,8,7,-1,p2p,4712346,4712346,0,,,12136472245,12141184591,rank128:B2,0
55,rank112:B2,compute,backward,2,112,7,0,112,112,7,7,6,cooldown,684333331,0,0,1.785477757905026e+18,1.7854777585893594e+18,12141184591,12825517922,lane0:B2:s8->s7,325041017
55,lane0:B3:s9->s8,pp_message,backward,3,-1,9,0,144,128,9,8,-1,p2p,4712346,4712346,0,,,12144151412,12148863758,rank144:B3,0
55,rank128:B3,compute,backward,3,128,8,0,128,128,8,8,7,cooldown,681118304,0,0,1.785477757918473e+18,1.7854777585995912e+18,12148863758,12829982062,lane0:B3:s9->s8,12391513
55,lane0:B0:s5->s4,pp_message,backward,0,-1,5,0,80,64,5,4,-1,p2p,4712346,4712346,0,,,12218072143,12222784489,rank80:B0,0
55,rank64:B0,compute,backward,0,64,4,0,64,64,4,4,4,cooldown,698360632,0,0,1.7854777580867697e+18,1.7854777587851302e+18,12222784489,12921145121,lane0:B0:s5->s4,9624187689
55,lane0:B1:s6->s5,pp_message,backward,1,-1,6,0,96,80,6,5,-1,p2p,4712346,4712346,0,,,12541063502,12545775848,rank96:B1,0
55,rank80:B1,compute,backward,1,80,5,0,80,80,5,5,5,cooldown,704114250,0,0,1.7854777584029023e+18,1.7854777591070164e+18,12545775848,13249890098,lane0:B1:s6->s5,327703705
55,lane0:B2:s7->s6,pp_message,backward,2,-1,7,0,112,96,7,6,-1,p2p,4712346,4712346,0,,,12825517922,12830230268,rank112:B2,0
55,lane0:B3:s8->s7,pp_message,backward,3,-1,8,0,128,112,8,7,-1,p2p,4712346,4712346,0,,,12829982062,12834694408,rank128:B3,0
55,rank96:B2,compute,backward,2,96,6,0,96,96,6,6,6,cooldown,694517983,0,0,1.7854777586870943e+18,1.7854777593816123e+18,12830230268,13524748251,lane0:B2:s7->s6,289166766
55,rank112:B3,compute,backward,3,112,7,0,112,112,7,7,7,cooldown,679935068,0,0,1.7854777586977812e+18,1.7854777593777162e+18,12834694408,13514629476,lane0:B3:s8->s7,9176486
55,lane0:B0:s4->s3,pp_message,backward,0,-1,4,0,64,48,4,3,-1,p2p,4712346,4712346,0,,,12921145121,12925857467,rank64:B0,0
55,rank48:B0,compute,backward,0,48,3,0,48,48,3,3,4,cooldown,710975746,0,0,1.785477758883167e+18,1.7854777595941427e+18,12925857467,13636833213,lane0:B0:s4->s3,10645467307
55,lane0:B1:s5->s4,pp_message,backward,1,-1,5,0,80,64,5,4,-1,p2p,4712346,4712346,0,,,13249890098,13254602444,rank80:B1,0
55,rank64:B1,compute,backward,1,64,4,0,64,64,4,4,5,cooldown,698257239,0,0,1.7854777592057341e+18,1.7854777599039916e+18,13254602444,13952859683,lane0:B1:s5->s4,333457323
55,lane0:B3:s7->s6,pp_message,backward,3,-1,7,0,112,96,7,6,-1,p2p,4712346,4712346,0,,,13514629476,13519341822,rank112:B3,0
55,lane0:B2:s6->s5,pp_message,backward,2,-1,6,0,96,80,6,5,-1,p2p,4712346,4712346,0,,,13524748251,13529460597,rank96:B2,0
55,rank80:B2,compute,backward,2,80,5,0,80,80,5,5,6,cooldown,711049361,0,0,1.785477759481455e+18,1.7854777601925046e+18,13529460597,14240509958,lane0:B2:s6->s5,279570499
55,rank96:B3,compute,backward,3,96,6,0,96,96,6,6,7,cooldown,689294355,0,0,1.7854777594865953e+18,1.7854777601758897e+18,13529460597,14218754952,lane0:B2:s6->s5,4712346
55,lane0:B0:s3->s2,pp_message,backward,0,-1,3,0,48,32,3,2,-1,p2p,4712346,4712346,0,,,13636833213,13641545559,rank48:B0,0
55,rank32:B0,compute,backward,0,32,2,0,32,32,2,2,4,cooldown,713874991,0,0,1.7854777596925268e+18,1.7854777604064018e+18,13641545559,14355420550,lane0:B0:s3->s2,11699896626
55,lane0:B1:s4->s3,pp_message,backward,1,-1,4,0,64,48,4,3,-1,p2p,4712346,4712346,0,,,13952859683,13957572029,rank64:B1,0
55,rank48:B1,compute,backward,1,48,3,0,48,48,3,3,5,cooldown,704069463,0,0,1.785477760003403e+18,1.7854777607074724e+18,13957572029,14661641492,lane0:B1:s4->s3,320738816
55,lane0:B3:s6->s5,pp_message,backward,3,-1,6,0,96,80,6,5,-1,p2p,4712346,4712346,0,,,14218754952,14223467298,rank96:B3,0
55,lane0:B2:s5->s4,pp_message,backward,2,-1,5,0,80,64,5,4,-1,p2p,4712346,4712346,0,,,14240509958,14245222304,rank80:B2,0
55,rank64:B2,compute,backward,2,64,4,0,64,64,4,4,6,cooldown,694031904,0,0,1.7854777602913736e+18,1.7854777609854054e+18,14245222304,14939254208,lane0:B2:s5->s4,292362621
55,rank80:B3,compute,backward,3,80,5,0,80,80,5,5,7,cooldown,685075309,0,0,1.7854777602972224e+18,1.7854777609822976e+18,14245222304,14930297613,lane0:B2:s5->s4,4712346
55,lane0:B0:s2->s1,pp_message,backward,0,-1,2,0,32,16,2,1,-1,p2p,4712346,4712346,0,,,14355420550,14360132896,rank32:B0,0
55,rank16:B0,compute,backward,0,16,1,0,16,16,1,1,4,cooldown,723322720,0,0,1.7854777605069786e+18,1.7854777612303012e+18,14360132896,15083455616,lane0:B0:s2->s1,12881013566
55,lane0:B1:s3->s2,pp_message,backward,1,-1,3,0,48,32,3,2,-1,p2p,4712346,4712346,0,,,14661641492,14666353838,rank48:B1,0
55,rank32:B1,compute,backward,1,32,2,0,32,32,2,2,5,cooldown,708073448,0,0,1.7854777608058191e+18,1.7854777615138926e+18,14666353838,15374427286,lane0:B1:s3->s2,310933288
55,lane0:B3:s5->s4,pp_message,backward,3,-1,5,0,80,64,5,4,-1,p2p,4712346,4712346,0,,,14930297613,14935009959,rank80:B3,0
55,lane0:B2:s4->s3,pp_message,backward,2,-1,4,0,64,48,4,3,-1,p2p,4712346,4712346,0,,,14939254208,14943966554,rank64:B2,0
55,rank48:B2,compute,backward,2,48,3,0,48,48,3,3,6,cooldown,722411329,0,0,1.785477761085462e+18,1.7854777618078733e+18,14943966554,15666377883,lane0:B2:s4->s3,282325062
55,rank64:B3,compute,backward,3,64,4,0,64,64,4,4,7,cooldown,692635714,0,0,1.7854777610913142e+18,1.7854777617839498e+18,14943966554,15636602268,lane0:B2:s4->s3,4712346
55,lane0:B0:s1->s0,pp_message,backward,0,-1,1,0,16,0,1,0,-1,p2p,4712346,4712346,0,,,15083455616,15088167962,rank16:B0,0
55,rank0:B0,compute,backward,0,0,0,0,0,0,0,0,4,cooldown,413368708,0,0,1.7854777613297093e+18,1.7854777617430781e+18,15088167962,15501536670,lane0:B0:s1->s0,14438410519
55,lane0:B1:s2->s1,pp_message,backward,1,-1,2,0,32,16,2,1,-1,p2p,4712346,4712346,0,,,15374427286,15379139632,rank32:B1,0
55,rank16:B1,compute,backward,1,16,1,0,16,16,1,1,5,cooldown,726633220,0,0,1.7854777616131075e+18,1.7854777623397407e+18,15379139632,16105772852,lane0:B1:s2->s1,295684016
55,lane0:B3:s4->s3,pp_message,backward,3,-1,4,0,64,48,4,3,-1,p2p,4712346,4712346,0,,,15636602268,15641314614,rank64:B3,0
55,lane0:B2:s3->s2,pp_message,backward,2,-1,3,0,48,32,3,2,-1,p2p,4712346,4712346,0,,,15666377883,15671090229,rank48:B2,0
55,rank32:B2,compute,backward,2,32,2,0,32,32,2,2,6,cooldown,708298114,0,0,1.7854777619052275e+18,1.7854777626135258e+18,15671090229,16379388343,lane0:B2:s3->s2,296662943
55,rank48:B3,compute,backward,3,48,3,0,48,48,3,3,7,cooldown,718544047,0,0,1.785477761910423e+18,1.7854777626289672e+18,15671090229,16389634276,lane0:B2:s3->s2,4712346
55,lane0:B1:s1->s0,pp_message,backward,1,-1,1,0,16,0,1,0,-1,p2p,4712346,4712346,0,,,16105772852,16110485198,rank16:B1,0
55,rank0:B1,compute,backward,1,0,0,0,0,0,0,0,5,cooldown,409000348,0,0,1.7854777624367972e+18,1.7854777628457974e+18,16110485198,16519485546,lane0:B1:s1->s0,608948528
55,lane0:B2:s2->s1,pp_message,backward,2,-1,2,0,32,16,2,1,-1,p2p,4712346,4712346,0,,,16379388343,16384100689,rank32:B2,0
55,rank16:B2,compute,backward,2,16,1,0,16,16,1,1,6,cooldown,729605174,0,0,1.7854777627129697e+18,1.7854777634425748e+18,16384100689,17113705863,lane0:B2:s2->s1,278327837
55,lane0:B3:s3->s2,pp_message,backward,3,-1,3,0,48,32,3,2,-1,p2p,4712346,4712346,0,,,16389634276,16394346622,rank48:B3,0
55,rank32:B3,compute,backward,3,32,2,0,32,32,2,2,7,cooldown,702010904,0,0,1.785477762727031e+18,1.7854777634290422e+18,16394346622,17096357526,lane0:B3:s3->s2,14958279
55,lane0:B3:s2->s1,pp_message,backward,3,-1,2,0,32,16,2,1,-1,p2p,4712346,4712346,0,,,17096357526,17101069872,rank32:B3,0
55,lane0:B2:s1->s0,pp_message,backward,2,-1,1,0,16,0,1,0,-1,p2p,4712346,4712346,0,,,17113705863,17118418209,rank16:B2,0
55,rank0:B2,compute,backward,2,0,0,0,0,0,0,0,6,cooldown,409081770,0,0,1.7854777635405489e+18,1.7854777639496305e+18,17118418209,17527499979,lane0:B2:s1->s0,598932663
55,rank16:B3,compute,backward,3,16,1,0,16,16,1,1,7,cooldown,723615181,0,0,1.7854777635459244e+18,1.7854777642695393e+18,17118418209,17842033390,lane0:B2:s1->s0,4712346
55,lane0:B3:s1->s0,pp_message,backward,3,-1,1,0,16,0,1,0,-1,p2p,4712346,4712346,0,,,17842033390,17846745736,rank16:B3,0
55,rank0:B3,compute,backward,3,0,0,0,0,0,0,0,7,cooldown,405622036,0,0,1.785477764367348e+18,1.78547776477297e+18,17846745736,18252367772,lane0:B3:s1->s0,319245757
55,rank1:F0,compute,forward,0,1,0,1,1,1,0,0,0,warmup,162354043,0,0,1.7854777448087918e+18,1.785477744971146e+18,0,162354043,,0
55,lane1:F0:s0->s1,pp_message,forward,0,-1,0,1,1,17,0,1,-1,p2p,4712346,4712346,0,,,162354043,167066389,rank1:F0,0
55,rank17:F0,compute,forward,0,17,1,1,17,17,1,1,0,warmup,325515025,0,0,1.785477744976351e+18,1.785477745301866e+18,167066389,492581414,lane1:F0:s0->s1,167066389
55,rank1:F1,compute,forward,1,1,0,1,1,1,0,0,1,warmup,158392528,0,0,1.78547774497648e+18,1.7854777451348726e+18,167066389,325458917,lane1:F0:s0->s1,4712346
55,lane1:F1:s0->s1,pp_message,forward,1,-1,0,1,1,17,0,1,-1,p2p,4712346,4712346,0,,,325458917,330171263,rank1:F1,0
55,rank1:F2,compute,forward,2,1,0,1,1,1,0,0,2,warmup,158804120,0,0,1.7854777453120794e+18,1.7854777454708833e+18,330171263,488975383,lane1:F1:s0->s1,4712346
55,lane1:F2:s0->s1,pp_message,forward,2,-1,0,1,1,17,0,1,-1,p2p,4712346,4712346,0,,,488975383,493687729,rank1:F2,0
55,lane1:F0:s1->s2,pp_message,forward,0,-1,1,1,17,33,1,2,-1,p2p,4712346,4712346,0,,,492581414,497293760,rank17:F0,0
55,rank1:F3,compute,forward,3,1,0,1,1,1,0,0,3,warmup,158092909,0,0,1.7854777456492557e+18,1.7854777458073487e+18,493687729,651780638,lane1:F2:s0->s1,4712346
55,rank17:F1,compute,forward,1,17,1,1,17,17,1,1,1,warmup,327128567,0,0,1.7854777453119137e+18,1.7854777456390423e+18,497293760,824422327,lane1:F0:s1->s2,4712346
55,rank33:F0,compute,forward,0,33,2,1,33,33,2,2,0,warmup,321293857,0,0,1.7854777453070461e+18,1.7854777456283402e+18,497293760,818587617,lane1:F0:s1->s2,497293760
55,lane1:F3:s0->s1,pp_message,forward,3,-1,0,1,1,17,0,1,-1,p2p,4712346,4712346,0,,,651780638,656492984,rank1:F3,0
55,lane1:F0:s2->s3,pp_message,forward,0,-1,2,1,33,49,2,3,-1,p2p,4712346,4712346,0,,,818587617,823299963,rank33:F0,0
55,rank49:F0,compute,forward,0,49,3,1,49,49,3,3,0,warmup,317401591,0,0,1.7854777456336026e+18,1.7854777459510042e+18,823299963,1140701554,lane1:F0:s2->s3,823299963
55,lane1:F1:s1->s2,pp_message,forward,1,-1,1,1,17,33,1,2,-1,p2p,4712346,4712346,0,,,824422327,829134673,rank17:F1,0
55,rank17:F2,compute,forward,2,17,1,1,17,17,1,1,2,warmup,324740499,0,0,1.7854777456491436e+18,1.785477745973884e+18,829134673,1153875172,lane1:F1:s1->s2,4712346
55,rank33:F1,compute,forward,1,33,2,1,33,33,2,2,1,warmup,322714683,0,0,1.7854777456441684e+18,1.7854777459668833e+18,829134673,1151849356,lane1:F1:s1->s2,10547056
55,lane1:F0:s3->s4,pp_message,forward,0,-1,3,1,49,65,3,4,-1,p2p,4712346,4712346,0,,,1140701554,1145413900,rank49:F0,0
55,rank65:F0,compute,forward,0,65,4,1,65,65,4,4,0,warmup,335354105,0,0,1.7854777459564296e+18,1.7854777462917837e+18,1145413900,1480768005,lane1:F0:s3->s4,1145413900
55,lane1:F1:s2->s3,pp_message,forward,1,-1,2,1,33,49,2,3,-1,p2p,4712346,4712346,0,,,1151849356,1156561702,rank33:F1,0
55,lane1:F2:s1->s2,pp_message,forward,2,-1,1,1,17,33,1,2,-1,p2p,4712346,4712346,0,,,1153875172,1158587518,rank17:F2,0
55,rank49:F1,compute,forward,1,49,3,1,49,49,3,3,1,warmup,314177267,0,0,1.7854777459720136e+18,1.7854777462861908e+18,1156561702,1470738969,lane1:F1:s2->s3,15860148
55,rank17:F3,compute,forward,3,17,1,1,17,17,1,1,3,warmup,322557422,0,0,1.785477745984088e+18,1.7854777463066455e+18,1158587518,1481144940,lane1:F2:s1->s2,4712346
55,rank33:F2,compute,forward,2,33,2,1,33,33,2,2,2,warmup,463329480,0,0,1.7854777459789727e+18,1.7854777464423022e+18,1158587518,1621916998,lane1:F2:s1->s2,6738162
55,lane1:F1:s3->s4,pp_message,forward,1,-1,3,1,49,65,3,4,-1,p2p,4712346,4712346,0,,,1470738969,1475451315,rank49:F1,0
55,lane1:F0:s4->s5,pp_message,forward,0,-1,4,1,65,81,4,5,-1,p2p,4712346,4712346,0,,,1480768005,1485480351,rank65:F0,0
55,lane1:F3:s1->s2,pp_message,forward,3,-1,1,1,17,33,1,2,-1,p2p,4712346,4712346,0,,,1481144940,1485857286,rank17:F3,0
55,rank65:F1,compute,forward,1,65,4,1,65,65,4,4,1,warmup,317322447,0,0,1.785477746302129e+18,1.7854777466194514e+18,1485480351,1802802798,lane1:F0:s4->s5,4712346
55,rank81:F0,compute,forward,0,81,5,1,81,81,5,5,0,warmup,315103602,0,0,1.7854777462973494e+18,1.7854777466124529e+18,1485480351,1800583953,lane1:F0:s4->s5,1485480351
55,lane1:F2:s2->s3,pp_message,forward,2,-1,2,1,33,49,2,3,-1,p2p,4712346,4712346,0,,,1621916998,1626629344,rank33:F2,0
55,rank33:F3,compute,forward,3,33,2,1,33,33,2,2,3,warmup,317554962,0,0,1.785477746452479e+18,1.785477746770034e+18,1626629344,1944184306,lane1:F2:s2->s3,4712346
55,rank49:F2,compute,forward,2,49,3,1,49,49,3,3,2,warmup,315252328,0,0,1.785477746447466e+18,1.7854777467627182e+18,1626629344,1941881672,lane1:F2:s2->s3,155890375
55,lane1:F0:s5->s6,pp_message,forward,0,-1,5,1,81,97,5,6,-1,p2p,4712346,4712346,0,,,1800583953,1805296299,rank81:F0,0
55,lane1:F1:s4->s5,pp_message,forward,1,-1,4,1,65,81,4,5,-1,p2p,4712346,4712346,0,,,1802802798,1807515144,rank65:F1,0
55,rank97:F0,compute,forward,0,97,6,1,97,97,6,6,0,warmup,317619327,0,0,1.7854777466185477e+18,1.7854777469361672e+18,1805296299,2122915626,lane1:F0:s5->s6,1805296299
55,rank81:F1,compute,forward,1,81,5,1,81,81,5,5,1,warmup,313083582,0,0,1.7854777466245865e+18,1.7854777469376701e+18,1807515144,2120598726,lane1:F1:s4->s5,6931191
55,lane1:F2:s3->s4,pp_message,forward,2,-1,3,1,49,65,3,4,-1,p2p,4712346,4712346,0,,,1941881672,1946594018,rank49:F2,0
55,lane1:F3:s2->s3,pp_message,forward,3,-1,2,1,33,49,2,3,-1,p2p,4712346,4712346,0,,,1944184306,1948896652,rank33:F3,0
55,rank65:F2,compute,forward,2,65,4,1,65,65,4,4,2,warmup,315647993,0,0,1.7854777467681303e+18,1.7854777470837783e+18,1946594018,2262242011,lane1:F2:s3->s4,143791220
55,rank49:F3,compute,forward,3,49,3,1,49,49,3,3,3,warmup,333880412,0,0,1.7854777467752205e+18,1.7854777471091008e+18,1948896652,2282777064,lane1:F3:s2->s3,7014980
55,lane1:F1:s5->s6,pp_message,forward,1,-1,5,1,81,97,5,6,-1,p2p,4712346,4712346,0,,,2120598726,2125311072,rank81:F1,0
55,lane1:F0:s6->s7,pp_message,forward,0,-1,6,1,97,113,6,7,-1,p2p,4712346,4712346,0,,,2122915626,2127627972,rank97:F0,0
55,rank113:F0,compute,forward,0,113,7,1,113,113,7,7,0,warmup,316711614,0,0,1.7854777469417126e+18,1.7854777472584243e+18,2127627972,2444339586,lane1:F0:s6->s7,2127627972
55,rank97:F1,compute,forward,1,97,6,1,97,97,6,6,1,warmup,316510030,0,0,1.7854777469466263e+18,1.7854777472631363e+18,2127627972,2444138002,lane1:F0:s6->s7,4712346
55,lane1:F2:s4->s5,pp_message,forward,2,-1,4,1,65,81,4,5,-1,p2p,4712346,4712346,0,,,2262242011,2266954357,rank65:F2,0
55,rank81:F2,compute,forward,2,81,5,1,81,81,5,5,2,warmup,352279645,0,0,1.7854777470892628e+18,1.7854777474415427e+18,2266954357,2619234002,lane1:F2:s4->s5,146355631
55,lane1:F3:s3->s4,pp_message,forward,3,-1,3,1,49,65,3,4,-1,p2p,4712346,4712346,0,,,2282777064,2287489410,rank49:F3,0
55,rank65:F3,compute,forward,3,65,4,1,65,65,4,4,3,warmup,313375452,0,0,1.7854777471143654e+18,1.7854777474277407e+18,2287489410,2600864862,lane1:F3:s3->s4,25247399
55,lane1:F1:s6->s7,pp_message,forward,1,-1,6,1,97,113,6,7,-1,p2p,4712346,4712346,0,,,2444138002,2448850348,rank97:F1,0
55,lane1:F0:s7->s8,pp_message,forward,0,-1,7,1,113,129,7,8,-1,p2p,4712346,4712346,0,,,2444339586,2449051932,rank113:F0,0
55,rank113:F1,compute,forward,1,113,7,1,113,113,7,7,1,warmup,312461877,0,0,1.785477747268709e+18,1.785477747581171e+18,2449051932,2761513809,lane1:F0:s7->s8,4712346
55,rank129:F0,compute,forward,0,129,8,1,129,129,8,8,0,warmup,313143327,0,0,1.7854777472637975e+18,1.7854777475769408e+18,2449051932,2762195259,lane1:F0:s7->s8,2449051932
55,lane1:F3:s4->s5,pp_message,forward,3,-1,4,1,65,81,4,5,-1,p2p,4712346,4712346,0,,,2600864862,2605577208,rank65:F3,0
55,lane1:F2:s5->s6,pp_message,forward,2,-1,5,1,81,97,5,6,-1,p2p,4712346,4712346,0,,,2619234002,2623946348,rank81:F2,0
55,rank81:F3,compute,forward,3,81,5,1,81,81,5,5,3,warmup,312573892,0,0,1.7854777474517857e+18,1.7854777477643597e+18,2623946348,2936520240,lane1:F2:s5->s6,4712346
55,rank97:F2,compute,forward,2,97,6,1,97,97,6,6,2,warmup,316101402,0,0,1.7854777474468111e+18,1.7854777477629125e+18,2623946348,2940047750,lane1:F2:s5->s6,179808346
55,lane1:F1:s7->s8,pp_message,forward,1,-1,7,1,113,129,7,8,-1,p2p,4712346,4712346,0,,,2761513809,2766226155,rank113:F1,0
55,lane1:F0:s8->s9,pp_message,forward,0,-1,8,1,129,145,8,9,-1,p2p,4712346,4712346,0,,,2762195259,2766907605,rank129:F0,0
55,rank129:F1,compute,forward,1,129,8,1,129,129,8,8,1,warmup,311239013,0,0,1.7854777475871465e+18,1.7854777478983857e+18,2766907605,3078146618,lane1:F0:s8->s9,4712346
55,rank145:F0,compute,forward,0,145,9,1,145,145,9,9,0,warmup,320888337,0,0,1.7854777475821693e+18,1.7854777479030577e+18,2766907605,3087795942,lane1:F0:s8->s9,2766907605
55,lane1:F3:s5->s6,pp_message,forward,3,-1,5,1,81,97,5,6,-1,p2p,4712346,4712346,0,,,2936520240,2941232586,rank81:F3,0
55,lane1:F2:s6->s7,pp_message,forward,2,-1,6,1,97,113,6,7,-1,p2p,4712346,4712346,0,,,2940047750,2944760096,rank97:F2,0
55,rank113:F2,compute,forward,2,113,7,1,113,113,7,7,2,warmup,310651474,0,0,1.7854777477682002e+18,1.7854777480788516e+18,2944760096,3255411570,lane1:F2:s6->s7,183246287
55,rank97:F3,compute,forward,3,97,6,1,97,97,6,6,3,warmup,315456113,0,0,1.7854777477732178e+18,1.7854777480886738e+18,2944760096,3260216209,lane1:F2:s6->s7,4712346
55,lane1:F1:s8->s9,pp_message,forward,1,-1,8,1,129,145,8,9,-1,p2p,4712346,4712346,0,,,3078146618,3082858964,rank129:F1,0
55,lane1:F0:s9->s10,pp_message,forward,0,-1,9,1,145,161,9,10,-1,p2p,4712346,4712346,0,,,3087795942,3092508288,rank145:F0,0
55,rank145:F1,compute,forward,1,145,9,1,145,145,9,9,1,warmup,318738693,0,0,1.785477747913068e+18,1.7854777482318067e+18,3092508288,3411246981,lane1:F0:s9->s10,4712346
55,rank161:F0,compute,forward,0,161,10,1,161,161,10,10,0,warmup,320730265,0,0,1.7854777479087342e+18,1.7854777482294646e+18,3092508288,3413238553,lane1:F0:s9->s10,3092508288
55,lane1:F2:s7->s8,pp_message,forward,2,-1,7,1,113,129,7,8,-1,p2p,4712346,4712346,0,,,3255411570,3260123916,rank113:F2,0
55,rank129:F2,compute,forward,2,129,8,1,129,129,8,8,2,warmup,311022686,0,0,1.7854777480840146e+18,1.7854777483950372e+18,3260123916,3571146602,lane1:F2:s7->s8,181977298
55,lane1:F3:s6->s7,pp_message,forward,3,-1,6,1,97,113,6,7,-1,p2p,4712346,4712346,0,,,3260216209,3264928555,rank97:F3,0
55,rank113:F3,compute,forward,3,113,7,1,113,113,7,7,3,warmup,340644617,0,0,1.7854777480938135e+18,1.785477748434458e+18,3264928555,3605573172,lane1:F3:s6->s7,9516985
55,lane1:F1:s9->s10,pp_message,forward,1,-1,9,1,145,161,9,10,-1,p2p,4712346,4712346,0,,,3411246981,3415959327,rank145:F1,0
55,lane1:F0:s10->s11,pp_message,forward,0,-1,10,1,161,177,10,11,-1,p2p,4712346,4712346,0,,,3413238553,3417950899,rank161:F0,0
55,rank161:F1,compute,forward,1,161,10,1,161,161,10,10,1,warmup,324716237,0,0,1.7854777482396265e+18,1.7854777485643428e+18,3417950899,3742667136,lane1:F0:s10->s11,4712346
55,rank177:F0,compute,forward,0,177,11,1,177,177,11,11,0,warmup,311313070,0,0,1.785477748234935e+18,1.7854777485462482e+18,3417950899,3729263969,lane1:F0:s10->s11,3417950899
55,lane1:F2:s8->s9,pp_message,forward,2,-1,8,1,129,145,8,9,-1,p2p,4712346,4712346,0,,,3571146602,3575858948,rank129:F2,0
55,rank145:F2,compute,forward,2,145,9,1,145,145,9,9,2,warmup,318973529,0,0,1.7854777484001582e+18,1.785477748719132e+18,3575858948,3894832477,lane1:F2:s8->s9,164611967
55,lane1:F3:s7->s8,pp_message,forward,3,-1,7,1,113,129,7,8,-1,p2p,4712346,4712346,0,,,3605573172,3610285518,rank113:F3,0
55,rank129:F3,compute,forward,3,129,8,1,129,129,8,8,3,warmup,310924139,0,0,1.7854777484395822e+18,1.7854777487505062e+18,3610285518,3921209657,lane1:F3:s7->s8,39138916
55,lane1:F0:s11->s12,pp_message,forward,0,-1,11,1,177,193,11,12,-1,p2p,4712346,4712346,0,,,3729263969,3733976315,rank177:F0,0
55,rank193:F0,compute,forward,0,193,12,1,193,193,12,12,0,warmup,312963118,0,0,1.785477748552046e+18,1.7854777488650092e+18,3733976315,4046939433,lane1:F0:s11->s12,3733976315
55,lane1:F1:s10->s11,pp_message,forward,1,-1,10,1,161,177,10,11,-1,p2p,4712346,4712346,0,,,3742667136,3747379482,rank161:F1,0
55,rank177:F1,compute,forward,1,177,11,1,177,177,11,11,1,warmup,316079537,0,0,1.785477748569449e+18,1.7854777488855283e+18,3747379482,4063459019,lane1:F1:s10->s11,18115513
55,lane1:F2:s9->s10,pp_message,forward,2,-1,9,1,145,161,9,10,-1,p2p,4712346,4712346,0,,,3894832477,3899544823,rank145:F2,0
55,rank161:F2,compute,forward,2,161,10,1,161,161,10,10,2,warmup,333405416,0,0,1.785477748724535e+18,1.7854777490579402e+18,3899544823,4232950239,lane1:F2:s9->s10,156877687
55,lane1:F3:s8->s9,pp_message,forward,3,-1,8,1,129,145,8,9,-1,p2p,4712346,4712346,0,,,3921209657,3925922003,rank129:F3,0
55,rank145:F3,compute,forward,3,145,9,1,145,145,9,9,3,warmup,319092928,0,0,1.785477748755603e+18,1.785477749074696e+18,3925922003,4245014931,lane1:F3:s8->s9,31089526
55,lane1:F0:s12->s13,pp_message,forward,0,-1,12,1,193,209,12,13,-1,p2p,4712346,4712346,0,,,4046939433,4051651779,rank193:F0,0
55,rank209:F0,compute,forward,0,209,13,1,209,209,13,13,0,warmup,315536950,0,0,1.785477748870672e+18,1.785477749186209e+18,4051651779,4367188729,lane1:F0:s12->s13,4051651779
55,lane1:F1:s11->s12,pp_message,forward,1,-1,11,1,177,193,11,12,-1,p2p,4712346,4712346,0,,,4063459019,4068171365,rank177:F1,0
55,rank193:F1,compute,forward,1,193,12,1,193,193,12,12,1,warmup,307290836,0,0,1.785477748890864e+18,1.785477749198155e+18,4068171365,4375462201,lane1:F1:s11->s12,21231932
55,lane1:F2:s10->s11,pp_message,forward,2,-1,10,1,161,177,10,11,-1,p2p,4712346,4712346,0,,,4232950239,4237662585,rank161:F2,0
55,rank177:F2,compute,forward,2,177,11,1,177,177,11,11,2,warmup,309330131,0,0,1.7854777490630495e+18,1.7854777493723796e+18,4237662585,4546992716,lane1:F2:s10->s11,174203566
55,lane1:F3:s9->s10,pp_message,forward,3,-1,9,1,145,161,9,10,-1,p2p,4712346,4712346,0,,,4245014931,4249727277,rank145:F3,0
55,rank161:F3,compute,forward,3,161,10,1,161,161,10,10,3,warmup,310934629,0,0,1.785477749079611e+18,1.7854777493905454e+18,4249727277,4560661906,lane1:F3:s9->s10,16777038
55,lane1:F0:s13->s14,pp_message,forward,0,-1,13,1,209,225,13,14,-1,p2p,4712346,4712346,0,,,4367188729,4371901075,rank209:F0,0
55,rank225:F0,compute,forward,0,225,14,1,225,225,14,14,0,warmup,316272238,0,0,1.785477749191963e+18,1.785477749508235e+18,4371901075,4688173313,lane1:F0:s13->s14,4371901075
55,lane1:F1:s12->s13,pp_message,forward,1,-1,12,1,193,209,12,13,-1,p2p,4712346,4712346,0,,,4375462201,4380174547,rank193:F1,0
55,rank209:F1,compute,forward,1,209,13,1,209,209,13,13,1,warmup,309479588,0,0,1.785477749203278e+18,1.7854777495127578e+18,4380174547,4689654135,lane1:F1:s12->s13,12985818
55,lane1:F2:s11->s12,pp_message,forward,2,-1,11,1,177,193,11,12,-1,p2p,4712346,4712346,0,,,4546992716,4551705062,rank177:F2,0
55,rank193:F2,compute,forward,2,193,12,1,193,193,12,12,2,warmup,312383965,0,0,1.7854777493775892e+18,1.7854777496899732e+18,4551705062,4864089027,lane1:F2:s11->s12,176242861
55,lane1:F3:s10->s11,pp_message,forward,3,-1,10,1,161,177,10,11,-1,p2p,4712346,4712346,0,,,4560661906,4565374252,rank161:F3,0
55,rank177:F3,compute,forward,3,177,11,1,177,177,11,11,3,warmup,306941052,0,0,1.785477749395597e+18,1.7854777497025382e+18,4565374252,4872315304,lane1:F3:s10->s11,18381536
55,lane1:F0:s14->s15,pp_message,forward,0,-1,14,1,225,241,14,15,-1,p2p,4712346,4712346,0,,,4688173313,4692885659,rank225:F0,0
55,lane1:F1:s13->s14,pp_message,forward,1,-1,13,1,209,225,13,14,-1,p2p,4712346,4712346,0,,,4689654135,4694366481,rank209:F1,0
55,rank241:F0,compute,forward,0,241,15,1,241,241,15,15,0,steady,195186815,0,0,1.7854777495140073e+18,1.785477749709194e+18,4692885659,4888072474,lane1:F0:s14->s15,4692885659
55,rank225:F1,compute,forward,1,225,14,1,225,225,14,14,1,steady,309204182,0,0,1.7854777495185262e+18,1.7854777498277304e+18,4694366481,5003570663,lane1:F1:s13->s14,6193168
55,lane1:F2:s12->s13,pp_message,forward,2,-1,12,1,193,209,12,13,-1,p2p,4712346,4712346,0,,,4864089027,4868801373,rank193:F2,0
55,rank209:F2,compute,forward,2,209,13,1,209,209,13,13,2,steady,311286207,0,0,1.7854777496950853e+18,1.7854777500063716e+18,4868801373,5180087580,lane1:F2:s12->s13,179147238
55,lane1:F3:s11->s12,pp_message,forward,3,-1,11,1,177,193,11,12,-1,p2p,4712346,4712346,0,,,4872315304,4877027650,rank177:F3,0
55,rank193:F3,compute,forward,3,193,12,1,193,193,12,12,3,steady,308435089,0,0,1.785477749707737e+18,1.785477750016172e+18,4877027650,5185462739,lane1:F3:s11->s12,12938623
55,rank241:B0,compute,backward,0,241,15,1,241,241,15,15,1,steady,366485200,0,0,1.7854777497093783e+18,1.7854777500758636e+18,4888072474,5254557674,rank241:F0,0
55,lane1:F1:s14->s15,pp_message,forward,1,-1,14,1,225,241,14,15,-1,p2p,4712346,4712346,0,,,5003570663,5008283009,rank225:F1,0
55,lane1:F2:s13->s14,pp_message,forward,2,-1,13,1,209,225,13,14,-1,p2p,4712346,4712346,0,,,5180087580,5184799926,rank209:F2,0
55,lane1:F3:s12->s13,pp_message,forward,3,-1,12,1,193,209,12,13,-1,p2p,4712346,4712346,0,,,5185462739,5190175085,rank193:F3,0
55,lane1:B0:s15->s14,pp_message,backward,0,-1,15,1,241,225,15,14,-1,p2p,4712346,4712346,0,,,5254557674,5259270020,rank241:B0,0
55,rank225:B0,compute,backward,0,225,14,1,225,225,14,14,2,steady,704497657,0,0,1.7854777501797235e+18,1.7854777508842212e+18,5259270020,5963767677,lane1:B0:s15->s14,255699357
55,rank241:F1,compute,forward,1,241,15,1,241,241,15,15,2,steady,190645460,0,0,1.7854777501795533e+18,1.7854777503701988e+18,5259270020,5449915480,lane1:B0:s15->s14,4712346
55,rank241:B1,compute,backward,1,241,15,1,241,241,15,15,3,steady,364840008,0,0,1.7854777503703734e+18,1.7854777507352136e+18,5449915480,5814755488,rank241:F1,0
55,lane1:B1:s15->s14,pp_message,backward,1,-1,15,1,241,225,15,14,-1,p2p,4712346,4712346,0,,,5814755488,5819467834,rank241:B1,0
55,lane1:B0:s14->s13,pp_message,backward,0,-1,14,1,225,209,14,13,-1,p2p,4712346,4712346,0,,,5963767677,5968480023,rank225:B0,0
55,rank209:B0,compute,backward,0,209,13,1,209,209,13,13,3,steady,688020039,0,0,1.7854777509835953e+18,1.7854777516716152e+18,5968480023,6656500062,lane1:B0:s14->s13,788392443
55,rank225:F2,compute,forward,2,225,14,1,225,225,14,14,3,steady,309549623,0,0,1.7854777509835023e+18,1.7854777512930522e+18,5968480023,6278029646,lane1:B0:s14->s13,4712346
55,lane1:F2:s14->s15,pp_message,forward,2,-1,14,1,225,241,14,15,-1,p2p,4712346,4712346,0,,,6278029646,6282741992,rank225:F2,0
55,rank225:B1,compute,backward,1,225,14,1,225,225,14,14,4,steady,678679362,0,0,1.7854777512988785e+18,1.7854777519775578e+18,6282741992,6961421354,lane1:F2:s14->s15,4712346
55,rank241:F2,compute,forward,2,241,15,1,241,241,15,15,4,steady,190691043,0,0,1.7854777512989143e+18,1.7854777514896054e+18,6282741992,6473433035,lane1:F2:s14->s15,467986504
55,rank241:B2,compute,backward,2,241,15,1,241,241,15,15,5,steady,365015961,0,0,1.7854777514897938e+18,1.7854777518548096e+18,6473433035,6838448996,rank241:F2,0
55,lane1:B0:s13->s12,pp_message,backward,0,-1,13,1,209,193,13,12,-1,p2p,4712346,4712346,0,,,6656500062,6661212408,rank209:B0,0
55,rank193:B0,compute,backward,0,193,12,1,193,193,12,12,4,steady,680987796,0,0,1.785477751771473e+18,1.7854777524524605e+18,6661212408,7342200204,lane1:B0:s13->s12,1475749669
55,rank209:F3,compute,forward,3,209,13,1,209,209,13,13,4,steady,312902960,0,0,1.785477751771217e+18,1.7854777520841198e+18,6661212408,6974115368,lane1:B0:s13->s12,4712346
55,lane1:B2:s15->s14,pp_message,backward,2,-1,15,1,241,225,15,14,-1,p2p,4712346,4712346,0,,,6838448996,6843161342,rank241:B2,0
55,lane1:B1:s14->s13,pp_message,backward,1,-1,14,1,225,209,14,13,-1,p2p,4712346,4712346,0,,,6961421354,6966133700,rank225:B1,0
55,lane1:F3:s13->s14,pp_message,forward,3,-1,13,1,209,225,13,14,-1,p2p,4712346,4712346,0,,,6974115368,6978827714,rank209:F3,0
55,rank209:B1,compute,backward,1,209,13,1,209,209,13,13,5,steady,685961032,0,0,1.7854777520900022e+18,1.7854777527759634e+18,6978827714,7664788746,lane1:F3:s13->s14,4712346
55,rank225:F3,compute,forward,3,225,14,1,225,225,14,14,5,steady,308983369,0,0,1.785477752090014e+18,1.7854777523989975e+18,6978827714,7287811083,lane1:F3:s13->s14,17406360
55,lane1:F3:s14->s15,pp_message,forward,3,-1,14,1,225,241,14,15,-1,p2p,4712346,4712346,0,,,7287811083,7292523429,rank225:F3,0
55,rank225:B2,compute,backward,2,225,14,1,225,225,14,14,6,steady,686422848,0,0,1.785477752405053e+18,1.785477753091476e+18,7292523429,7978946277,lane1:F3:s14->s15,4712346
55,rank241:F3,compute,forward,3,241,15,1,241,241,15,15,6,steady,189678555,0,0,1.7854777524050191e+18,1.7854777525946977e+18,7292523429,7482201984,lane1:F3:s14->s15,454074433
55,lane1:B0:s12->s11,pp_message,backward,0,-1,12,1,193,177,12,11,-1,p2p,4712346,4712346,0,,,7342200204,7346912550,rank193:B0,0
55,rank177:B0,compute,backward,0,177,11,1,177,177,11,11,4,cooldown,674767653,0,0,1.7854777525516388e+18,1.7854777532264064e+18,7346912550,8021680203,lane1:B0:s12->s11,2474597246
55,rank241:B3,compute,backward,3,241,15,1,241,241,15,15,7,steady,368703802,0,0,1.7854777525948705e+18,1.7854777529635743e+18,7482201984,7850905786,rank241:F3,0
55,lane1:B1:s13->s12,pp_message,backward,1,-1,13,1,209,193,13,12,-1,p2p,4712346,4712346,0,,,7664788746,7669501092,rank209:B1,0
55,rank193:B1,compute,backward,1,193,12,1,193,193,12,12,5,cooldown,679946517,0,0,1.785477752873903e+18,1.7854777535538496e+18,7669501092,8349447609,lane1:B1:s13->s12,327300888
55,lane1:B3:s15->s14,pp_message,backward,3,-1,15,1,241,225,15,14,-1,p2p,4712346,4712346,0,,,7850905786,7855618132,rank241:B3,0
55,lane1:B2:s14->s13,pp_message,backward,2,-1,14,1,225,209,14,13,-1,p2p,4712346,4712346,0,,,7978946277,7983658623,rank225:B2,0
55,rank209:B2,compute,backward,2,209,13,1,209,209,13,13,6,cooldown,690644864,0,0,1.7854777531909238e+18,1.7854777538815685e+18,7983658623,8674303487,lane1:B2:s14->s13,318869877
55,rank225:B3,compute,backward,3,225,14,1,225,225,14,14,7,cooldown,685787407,0,0,1.785477753196084e+18,1.7854777538818716e+18,7983658623,8669446030,lane1:B2:s14->s13,4712346
55,lane1:B0:s11->s10,pp_message,backward,0,-1,11,1,177,161,11,10,-1,p2p,4712346,4712346,0,,,8021680203,8026392549,rank177:B0,0
55,rank161:B0,compute,backward,0,161,10,1,161,161,10,10,4,cooldown,686109776,0,0,1.7854777533240008e+18,1.7854777540101105e+18,8026392549,8712502325,lane1:B0:s11->s10,3465730643
55,lane1:B1:s12->s11,pp_message,backward,1,-1,12,1,193,177,12,11,-1,p2p,4712346,4712346,0,,,8349447609,8354159955,rank193:B1,0
55,rank177:B1,compute,backward,1,177,11,1,177,177,11,11,5,cooldown,683221945,0,0,1.7854777536531428e+18,1.7854777543363645e+18,8354159955,9037381900,lane1:B1:s12->s11,332479752
55,lane1:B3:s14->s13,pp_message,backward,3,-1,14,1,225,209,14,13,-1,p2p,4712346,4712346,0,,,8669446030,8674158376,rank225:B3,0
55,lane1:B2:s13->s12,pp_message,backward,2,-1,13,1,209,193,13,12,-1,p2p,4712346,4712346,0,,,8674303487,8679015833,rank209:B2,0
55,rank193:B2,compute,backward,2,193,12,1,193,193,12,12,6,cooldown,681388067,0,0,1.7854777539792648e+18,1.785477754660653e+18,8679015833,9360403900,lane1:B2:s13->s12,329568224
55,rank209:B3,compute,backward,3,209,13,1,209,209,13,13,7,cooldown,682171653,0,0,1.7854777539843348e+18,1.7854777546665065e+18,8679015833,9361187486,lane1:B2:s13->s12,4712346
55,lane1:B0:s10->s9,pp_message,backward,0,-1,10,1,161,145,10,9,-1,p2p,4712346,4712346,0,,,8712502325,8717214671,rank161:B0,0
55,rank145:B0,compute,backward,0,145,9,1,145,145,9,9,4,cooldown,702597554,0,0,1.7854777541090322e+18,1.7854777548116298e+18,8717214671,9419812225,lane1:B0:s10->s9,4472199740
55,lane1:B1:s11->s10,pp_message,backward,1,-1,11,1,177,161,11,10,-1,p2p,4712346,4712346,0,,,9037381900,9042094246,rank177:B1,0
55,rank161:B1,compute,backward,1,161,10,1,161,161,10,10,5,cooldown,678596953,0,0,1.7854777544344986e+18,1.7854777551130957e+18,9042094246,9720691199,lane1:B1:s11->s10,329591921
55,lane1:B2:s12->s11,pp_message,backward,2,-1,12,1,193,177,12,11,-1,p2p,4712346,4712346,0,,,9360403900,9365116246,rank193:B2,0
55,lane1:B3:s13->s12,pp_message,backward,3,-1,13,1,209,193,13,12,-1,p2p,4712346,4712346,0,,,9361187486,9365899832,rank209:B3,0
55,rank177:B2,compute,backward,2,177,11,1,177,177,11,11,6,cooldown,682249990,0,0,1.785477754760143e+18,1.785477755442393e+18,9365116246,10047366236,lane1:B2:s12->s11,327734346
55,rank193:B3,compute,backward,3,193,12,1,193,193,12,12,7,cooldown,678862501,0,0,1.785477754765246e+18,1.7854777554441085e+18,9365899832,10044762333,lane1:B3:s13->s12,5495932
55,lane1:B0:s9->s8,pp_message,backward,0,-1,9,1,145,129,9,8,-1,p2p,4712346,4712346,0,,,9419812225,9424524571,rank145:B0,0
55,rank129:B0,compute,backward,0,129,8,1,129,129,8,8,4,cooldown,688068377,0,0,1.7854777549120092e+18,1.7854777556000776e+18,9424524571,10112592948,lane1:B0:s9->s8,5503314914
55,lane1:B1:s10->s9,pp_message,backward,1,-1,10,1,161,145,10,9,-1,p2p,4712346,4712346,0,,,9720691199,9725403545,rank161:B1,0
55,rank145:B1,compute,backward,1,145,9,1,145,145,9,9,5,cooldown,697592883,0,0,1.7854777552120433e+18,1.785477755909636e+18,9725403545,10422996428,lane1:B1:s10->s9,305591320
55,lane1:B3:s12->s11,pp_message,backward,3,-1,12,1,193,177,12,11,-1,p2p,4712346,4712346,0,,,10044762333,10049474679,rank193:B3,0
55,lane1:B2:s11->s10,pp_message,backward,2,-1,11,1,177,161,11,10,-1,p2p,4712346,4712346,0,,,10047366236,10052078582,rank177:B2,0
55,rank161:B2,compute,backward,2,161,10,1,161,161,10,10,6,cooldown,679352949,0,0,1.7854777555398006e+18,1.7854777562191537e+18,10052078582,10731431531,lane1:B2:s11->s10,331387383
55,rank177:B3,compute,backward,3,177,11,1,177,177,11,11,7,cooldown,676475698,0,0,1.785477755545019e+18,1.7854777562214945e+18,10052078582,10728554280,lane1:B2:s11->s10,4712346
55,lane1:B0:s8->s7,pp_message,backward,0,-1,8,1,129,113,8,7,-1,p2p,4712346,4712346,0,,,10112592948,10117305294,rank129:B0,0
55,rank113:B0,compute,backward,0,113,7,1,113,113,7,7,4,cooldown,679968393,0,0,1.785477755698416e+18,1.7854777563783846e+18,10117305294,10797273687,lane1:B0:s8->s7,6511732122
55,lane1:B1:s9->s8,pp_message,backward,1,-1,9,1,145,129,9,8,-1,p2p,4712346,4712346,0,,,10422996428,10427708774,rank145:B1,0
55,rank129:B1,compute,backward,1,129,8,1,129,129,8,8,5,cooldown,694281416,0,0,1.7854777560086287e+18,1.7854777567029102e+18,10427708774,11121990190,lane1:B1:s9->s8,315115826
55,lane1:B3:s11->s10,pp_message,backward,3,-1,11,1,177,161,11,10,-1,p2p,4712346,4712346,0,,,10728554280,10733266626,rank177:B3,0
55,lane1:B2:s10->s9,pp_message,backward,2,-1,10,1,161,145,10,9,-1,p2p,4712346,4712346,0,,,10731431531,10736143877,rank161:B2,0
55,rank145:B2,compute,backward,2,145,9,1,145,145,9,9,6,cooldown,700253472,0,0,1.785477756317601e+18,1.7854777570178545e+18,10736143877,11436397349,lane1:B2:s10->s9,313147449
55,rank161:B3,compute,backward,3,161,10,1,161,161,10,10,7,cooldown,679372104,0,0,1.7854777563227653e+18,1.7854777570021373e+18,10736143877,11415515981,lane1:B2:s10->s9,4712346
55,lane1:B0:s7->s6,pp_message,backward,0,-1,7,1,113,97,7,6,-1,p2p,4712346,4712346,0,,,10797273687,10801986033,rank113:B0,0
55,rank97:B0,compute,backward,0,97,6,1,97,97,6,6,4,cooldown,701561042,0,0,1.7854777564781919e+18,1.785477757179753e+18,10801986033,11503547075,lane1:B0:s7->s6,7541769824
55,lane1:B1:s8->s7,pp_message,backward,1,-1,8,1,129,113,8,7,-1,p2p,4712346,4712346,0,,,11121990190,11126702536,rank129:B1,0
55,rank113:B1,compute,backward,1,113,7,1,113,113,7,7,5,cooldown,684251433,0,0,1.7854777568003802e+18,1.7854777574846316e+18,11126702536,11810953969,lane1:B1:s8->s7,329428849
55,lane1:B3:s10->s9,pp_message,backward,3,-1,10,1,161,145,10,9,-1,p2p,4712346,4712346,0,,,11415515981,11420228327,rank161:B3,0
55,lane1:B2:s9->s8,pp_message,backward,2,-1,9,1,145,129,9,8,-1,p2p,4712346,4712346,0,,,11436397349,11441109695,rank145:B2,0
55,rank129:B2,compute,backward,2,129,8,1,129,129,8,8,6,cooldown,690317498,0,0,1.785477757117114e+18,1.7854777578074317e+18,11441109695,12131427193,lane1:B2:s9->s8,319119505
55,rank145:B3,compute,backward,3,145,9,1,145,145,9,9,7,cooldown,697353593,0,0,1.7854777571221857e+18,1.7854777578195392e+18,11441109695,12138463288,lane1:B2:s9->s8,4712346
55,lane1:B0:s6->s5,pp_message,backward,0,-1,6,1,97,81,6,5,-1,p2p,4712346,4712346,0,,,11503547075,11508259421,rank97:B0,0
55,rank81:B0,compute,backward,0,81,5,1,81,81,5,5,4,cooldown,707210826,0,0,1.7854777572800788e+18,1.7854777579872899e+18,11508259421,12215470247,lane1:B0:s6->s5,8571739181
55,lane1:B1:s7->s6,pp_message,backward,1,-1,7,1,113,97,7,6,-1,p2p,4712346,4712346,0,,,11810953969,11815666315,rank113:B1,0
55,rank97:B1,compute,backward,1,97,6,1,97,97,6,6,5,cooldown,719954652,0,0,1.785477757583476e+18,1.7854777583034307e+18,11815666315,12535620967,lane1:B1:s7->s6,312119240
55,lane1:B2:s8->s7,pp_message,backward,2,-1,8,1,129,113,8,7,-1,p2p,4712346,4712346,0,,,12131427193,12136139539,rank129:B2,0
55,rank113:B2,compute,backward,2,113,7,1,113,113,7,7,6,cooldown,683276075,0,0,1.7854777579050158e+18,1.7854777585882918e+18,12136139539,12819415614,lane1:B2:s8->s7,325185570
55,lane1:B3:s9->s8,pp_message,backward,3,-1,9,1,145,129,9,8,-1,p2p,4712346,4712346,0,,,12138463288,12143175634,rank145:B3,0
55,rank129:B3,compute,backward,3,129,8,1,129,129,8,8,7,cooldown,681871517,0,0,1.785477757918388e+18,1.7854777586002596e+18,12143175634,12825047151,lane1:B3:s9->s8,11748441
55,lane1:B0:s5->s4,pp_message,backward,0,-1,5,1,81,65,5,4,-1,p2p,4712346,4712346,0,,,12215470247,12220182593,rank81:B0,0
55,rank65:B0,compute,backward,0,65,4,1,65,65,4,4,4,cooldown,698965662,0,0,1.7854777580860357e+18,1.7854777587850012e+18,12220182593,12919148255,lane1:B0:s5->s4,9619317731
55,lane1:B1:s6->s5,pp_message,backward,1,-1,6,1,97,81,6,5,-1,p2p,4712346,4712346,0,,,12535620967,12540333313,rank97:B1,0
55,rank81:B1,compute,backward,1,81,5,1,81,81,5,5,5,cooldown,704259869,0,0,1.785477758402722e+18,1.785477759106982e+18,12540333313,13244593182,lane1:B1:s6->s5,324863066
55,lane1:B2:s7->s6,pp_message,backward,2,-1,7,1,113,97,7,6,-1,p2p,4712346,4712346,0,,,12819415614,12824127960,rank113:B2,0
55,rank97:B2,compute,backward,2,97,6,1,97,97,6,6,6,cooldown,695166219,0,0,1.7854777586865992e+18,1.7854777593817654e+18,12824127960,13519294179,lane1:B2:s7->s6,288506993
55,lane1:B3:s8->s7,pp_message,backward,3,-1,8,1,129,113,8,7,-1,p2p,4712346,4712346,0,,,12825047151,12829759497,rank129:B3,0
55,rank113:B3,compute,backward,3,113,7,1,113,113,7,7,7,cooldown,679887307,0,0,1.785477758697596e+18,1.7854777593774833e+18,12829759497,13509646804,lane1:B3:s8->s7,10343883
55,lane1:B0:s4->s3,pp_message,backward,0,-1,4,1,65,49,4,3,-1,p2p,4712346,4712346,0,,,12919148255,12923860601,rank65:B0,0
55,rank49:B0,compute,backward,0,49,3,1,49,49,3,3,4,cooldown,709627154,0,0,1.7854777588836165e+18,1.7854777595932436e+18,12923860601,13633487755,lane1:B0:s4->s3,10641083537
55,lane1:B1:s5->s4,pp_message,backward,1,-1,5,1,81,65,5,4,-1,p2p,4712346,4712346,0,,,13244593182,13249305528,rank81:B1,0
55,rank65:B1,compute,backward,1,65,4,1,65,65,4,4,5,cooldown,697965310,0,0,1.7854777592057068e+18,1.785477759903672e+18,13249305528,13947270838,lane1:B1:s5->s4,330157273
55,lane1:B3:s7->s6,pp_message,backward,3,-1,7,1,113,97,7,6,-1,p2p,4712346,4712346,0,,,13509646804,13514359150,rank113:B3,0
55,lane1:B2:s6->s5,pp_message,backward,2,-1,6,1,97,81,6,5,-1,p2p,4712346,4712346,0,,,13519294179,13524006525,rank97:B2,0
55,rank81:B2,compute,backward,2,81,5,1,81,81,5,5,6,cooldown,711044286,0,0,1.7854777594813128e+18,1.785477760192357e+18,13524006525,14235050811,lane1:B2:s6->s5,279413343
55,rank97:B3,compute,backward,3,97,6,1,97,97,6,6,7,cooldown,689402654,0,0,1.7854777594863142e+18,1.7854777601757169e+18,13524006525,14213409179,lane1:B2:s6->s5,4712346
55,lane1:B0:s3->s2,pp_message,backward,0,-1,3,1,49,33,3,2,-1,p2p,4712346,4712346,0,,,13633487755,13638200101,rank49:B0,0
55,rank33:B0,compute,backward,0,33,2,1,33,33,2,2,4,cooldown,714710164,0,0,1.7854777596925153e+18,1.7854777604072256e+18,13638200101,14352910265,lane1:B0:s3->s2,11694015795
55,lane1:B1:s4->s3,pp_message,backward,1,-1,4,1,65,49,4,3,-1,p2p,4712346,4712346,0,,,13947270838,13951983184,rank65:B1,0
55,rank49:B1,compute,backward,1,49,3,1,49,49,3,3,5,cooldown,703394040,0,0,1.7854777600036751e+18,1.7854777607070692e+18,13951983184,14655377224,lane1:B1:s4->s3,318495429
55,lane1:B3:s6->s5,pp_message,backward,3,-1,6,1,97,81,6,5,-1,p2p,4712346,4712346,0,,,14213409179,14218121525,rank97:B3,0
55,lane1:B2:s5->s4,pp_message,backward,2,-1,5,1,81,65,5,4,-1,p2p,4712346,4712346,0,,,14235050811,14239763157,rank81:B2,0
55,rank65:B2,compute,backward,2,65,4,1,65,65,4,4,6,cooldown,693616489,0,0,1.78547776029069e+18,1.7854777609843064e+18,14239763157,14933379646,lane1:B2:s5->s4,292492319
55,rank81:B3,compute,backward,3,81,5,1,81,81,5,5,7,cooldown,685934010,0,0,1.785477760295848e+18,1.785477760981782e+18,14239763157,14925697167,lane1:B2:s5->s4,4712346
55,lane1:B0:s2->s1,pp_message,backward,0,-1,2,1,33,17,2,1,-1,p2p,4712346,4712346,0,,,14352910265,14357622611,rank33:B0,0
55,rank17:B0,compute,backward,0,17,1,1,17,17,1,1,4,cooldown,724048595,0,0,1.7854777605058747e+18,1.7854777612299233e+18,14357622611,15081671206,lane1:B0:s2->s1,12876477671
55,lane1:B1:s3->s2,pp_message,backward,1,-1,3,1,49,33,3,2,-1,p2p,4712346,4712346,0,,,14655377224,14660089570,rank49:B1,0
55,rank33:B1,compute,backward,1,33,2,1,33,33,2,2,5,cooldown,708560055,0,0,1.78547776080599e+18,1.7854777615145498e+18,14660089570,15368649625,lane1:B1:s3->s2,307179305
55,lane1:B3:s5->s4,pp_message,backward,3,-1,5,1,81,65,5,4,-1,p2p,4712346,4712346,0,,,14925697167,14930409513,rank81:B3,0
55,lane1:B2:s4->s3,pp_message,backward,2,-1,4,1,65,49,4,3,-1,p2p,4712346,4712346,0,,,14933379646,14938091992,rank65:B2,0
55,rank49:B2,compute,backward,2,49,3,1,49,49,3,3,6,cooldown,723820297,0,0,1.7854777610839007e+18,1.785477761807721e+18,14938091992,15661912289,lane1:B2:s4->s3,282714768
55,rank65:B3,compute,backward,3,65,4,1,65,65,4,4,7,cooldown,694805746,0,0,1.7854777610889188e+18,1.7854777617837245e+18,14938091992,15632897738,lane1:B2:s4->s3,4712346
55,lane1:B0:s1->s0,pp_message,backward,0,-1,1,1,17,1,1,0,-1,p2p,4712346,4712346,0,,,15081671206,15086383552,rank17:B0,0
55,rank1:B0,compute,backward,0,1,0,1,1,1,0,0,4,cooldown,413854894,0,0,1.785477761329242e+18,1.785477761743097e+18,15086383552,15500238446,lane1:B0:s1->s0,14434602914
55,lane1:B1:s2->s1,pp_message,backward,1,-1,2,1,33,17,2,1,-1,p2p,4712346,4712346,0,,,15368649625,15373361971,rank33:B1,0
55,rank17:B1,compute,backward,1,17,1,1,17,17,1,1,5,cooldown,726441422,0,0,1.7854777616128796e+18,1.785477762339321e+18,15373361971,16099803393,lane1:B1:s2->s1,291690765
55,lane1:B3:s4->s3,pp_message,backward,3,-1,4,1,65,49,4,3,-1,p2p,4712346,4712346,0,,,15632897738,15637610084,rank65:B3,0
55,lane1:B2:s3->s2,pp_message,backward,2,-1,3,1,49,33,3,2,-1,p2p,4712346,4712346,0,,,15661912289,15666624635,rank49:B2,0
55,rank33:B2,compute,backward,2,33,2,1,33,33,2,2,6,cooldown,708788739,0,0,1.7854777619053778e+18,1.7854777626141665e+18,15666624635,16375413374,lane1:B2:s3->s2,297975010
55,rank49:B3,compute,backward,3,49,3,1,49,49,3,3,7,cooldown,718006043,0,0,1.7854777619107325e+18,1.7854777626287386e+18,15666624635,16384630678,lane1:B2:s3->s2,4712346
55,lane1:B1:s1->s0,pp_message,backward,1,-1,1,1,17,1,1,0,-1,p2p,4712346,4712346,0,,,16099803393,16104515739,rank17:B1,0
55,rank1:B1,compute,backward,1,1,0,1,1,1,0,0,5,cooldown,409464192,0,0,1.7854777624367565e+18,1.7854777628462205e+18,16104515739,16513979931,lane1:B1:s1->s0,604277293
55,lane1:B2:s2->s1,pp_message,backward,2,-1,2,1,33,17,2,1,-1,p2p,4712346,4712346,0,,,16375413374,16380125720,rank33:B2,0
55,rank17:B2,compute,backward,2,17,1,1,17,17,1,1,6,cooldown,729085062,0,0,1.7854777627128996e+18,1.7854777634419845e+18,16380125720,17109210782,lane1:B2:s2->s1,280322327
55,lane1:B3:s3->s2,pp_message,backward,3,-1,3,1,49,33,3,2,-1,p2p,4712346,4712346,0,,,16384630678,16389343024,rank49:B3,0
55,rank33:B3,compute,backward,3,33,2,1,33,33,2,2,7,cooldown,702320883,0,0,1.7854777627270792e+18,1.7854777634293998e+18,16389343024,17091663907,lane1:B3:s3->s2,13929650
55,lane1:B3:s2->s1,pp_message,backward,3,-1,2,1,33,17,2,1,-1,p2p,4712346,4712346,0,,,17091663907,17096376253,rank33:B3,0
55,lane1:B2:s1->s0,pp_message,backward,2,-1,1,1,17,1,1,0,-1,p2p,4712346,4712346,0,,,17109210782,17113923128,rank17:B2,0
55,rank17:B3,compute,backward,3,17,1,1,17,17,1,1,7,cooldown,723555469,0,0,1.7854777635457393e+18,1.7854777642692948e+18,17113923128,17837478597,lane1:B2:s1->s0,4712346
55,rank1:B2,compute,backward,2,1,0,1,1,1,0,0,6,cooldown,409387874,0,0,1.7854777635404564e+18,1.7854777639498445e+18,17113923128,17523311002,lane1:B2:s1->s0,599943197
55,lane1:B3:s1->s0,pp_message,backward,3,-1,1,1,17,1,1,0,-1,p2p,4712346,4712346,0,,,17837478597,17842190943,rank17:B3,0
55,rank1:B3,compute,backward,3,1,0,1,1,1,0,0,7,cooldown,406014186,0,0,1.7854777643671956e+18,1.7854777647732096e+18,17842190943,18248205129,lane1:B3:s1->s0,318879941
55,rank2:F0,compute,forward,0,2,0,2,2,2,0,0,0,warmup,163118531,0,0,1.7854777448082248e+18,1.7854777449713434e+18,0,163118531,,0
55,lane2:F0:s0->s1,pp_message,forward,0,-1,0,2,2,18,0,1,-1,p2p,4712346,4712346,0,,,163118531,167830877,rank2:F0,0
55,rank18:F0,compute,forward,0,18,1,2,18,18,1,1,0,warmup,325901113,0,0,1.785477744976305e+18,1.7854777453022062e+18,167830877,493731990,lane2:F0:s0->s1,167830877
55,rank2:F1,compute,forward,1,2,0,2,2,2,0,0,1,warmup,158527119,0,0,1.785477744976422e+18,1.7854777451349489e+18,167830877,326357996,lane2:F0:s0->s1,4712346
55,lane2:F1:s0->s1,pp_message,forward,1,-1,0,2,2,18,0,1,-1,p2p,4712346,4712346,0,,,326357996,331070342,rank2:F1,0
55,rank2:F2,compute,forward,2,2,0,2,2,2,0,0,2,warmup,158421699,0,0,1.7854777453127542e+18,1.785477745471176e+18,331070342,489492041,lane2:F1:s0->s1,4712346
55,lane2:F2:s0->s1,pp_message,forward,2,-1,0,2,2,18,0,1,-1,p2p,4712346,4712346,0,,,489492041,494204387,rank2:F2,0
55,lane2:F0:s1->s2,pp_message,forward,0,-1,1,2,18,34,1,2,-1,p2p,4712346,4712346,0,,,493731990,498444336,rank18:F0,0
55,rank2:F3,compute,forward,3,2,0,2,2,2,0,0,3,warmup,157952847,0,0,1.7854777456495764e+18,1.7854777458075295e+18,494204387,652157234,lane2:F2:s0->s1,4712346
55,rank18:F1,compute,forward,1,18,1,2,18,18,1,1,1,warmup,326703595,0,0,1.7854777453124424e+18,1.785477745639146e+18,498444336,825147931,lane2:F0:s1->s2,4712346
55,rank34:F0,compute,forward,0,34,2,2,34,34,2,2,0,warmup,321107652,0,0,1.7854777453074304e+18,1.785477745628538e+18,498444336,819551988,lane2:F0:s1->s2,498444336
55,lane2:F3:s0->s1,pp_message,forward,3,-1,0,2,2,18,0,1,-1,p2p,4712346,4712346,0,,,652157234,656869580,rank2:F3,0
55,lane2:F0:s2->s3,pp_message,forward,0,-1,2,2,34,50,2,3,-1,p2p,4712346,4712346,0,,,819551988,824264334,rank34:F0,0
55,rank50:F0,compute,forward,0,50,3,2,50,50,3,3,0,warmup,317460192,0,0,1.7854777456337114e+18,1.7854777459511716e+18,824264334,1141724526,lane2:F0:s2->s3,824264334
55,lane2:F1:s1->s2,pp_message,forward,1,-1,1,2,18,34,1,2,-1,p2p,4712346,4712346,0,,,825147931,829860277,rank18:F1,0
55,rank18:F2,compute,forward,2,18,1,2,18,18,1,1,2,warmup,324788121,0,0,1.785477745649376e+18,1.785477745974164e+18,829860277,1154648398,lane2:F1:s1->s2,4712346
55,rank34:F1,compute,forward,1,34,2,2,34,34,2,2,1,warmup,322529796,0,0,1.7854777456443064e+18,1.7854777459668362e+18,829860277,1152390073,lane2:F1:s1->s2,10308289
55,lane2:F0:s3->s4,pp_message,forward,0,-1,3,2,50,66,3,4,-1,p2p,4712346,4712346,0,,,1141724526,1146436872,rank50:F0,0
55,rank66:F0,compute,forward,0,66,4,2,66,66,4,4,0,warmup,335369318,0,0,1.785477745956573e+18,1.7854777462919421e+18,1146436872,1481806190,lane2:F0:s3->s4,1146436872
55,lane2:F1:s2->s3,pp_message,forward,1,-1,2,2,34,50,2,3,-1,p2p,4712346,4712346,0,,,1152390073,1157102419,rank34:F1,0
55,lane2:F2:s1->s2,pp_message,forward,2,-1,1,2,18,34,1,2,-1,p2p,4712346,4712346,0,,,1154648398,1159360744,rank18:F2,0
55,rank50:F1,compute,forward,1,50,3,2,50,50,3,3,1,warmup,314470751,0,0,1.7854777459718758e+18,1.7854777462863468e+18,1157102419,1471573170,lane2:F1:s2->s3,15377893
55,rank18:F3,compute,forward,3,18,1,2,18,18,1,1,3,warmup,322328151,0,0,1.7854777459843927e+18,1.785477746306721e+18,1159360744,1481688895,lane2:F2:s1->s2,4712346
55,rank34:F2,compute,forward,2,34,2,2,34,34,2,2,2,warmup,462902700,0,0,1.7854777459794435e+18,1.785477746442346e+18,1159360744,1622263444,lane2:F2:s1->s2,6970671
55,lane2:F1:s3->s4,pp_message,forward,1,-1,3,2,50,66,3,4,-1,p2p,4712346,4712346,0,,,1471573170,1476285516,rank50:F1,0
55,lane2:F3:s1->s2,pp_message,forward,3,-1,1,2,18,34,1,2,-1,p2p,4712346,4712346,0,,,1481688895,1486401241,rank18:F3,0
55,lane2:F0:s4->s5,pp_message,forward,0,-1,4,2,66,82,4,5,-1,p2p,4712346,4712346,0,,,1481806190,1486518536,rank66:F0,0
55,rank66:F1,compute,forward,1,66,4,2,66,66,4,4,1,warmup,317350065,0,0,1.7854777463022807e+18,1.7854777466196308e+18,1486518536,1803868601,lane2:F0:s4->s5,4712346
55,rank82:F0,compute,forward,0,82,5,2,82,82,5,5,0,warmup,315015610,0,0,1.7854777462973606e+18,1.7854777466123763e+18,1486518536,1801534146,lane2:F0:s4->s5,1486518536
55,lane2:F2:s2->s3,pp_message,forward,2,-1,2,2,34,50,2,3,-1,p2p,4712346,4712346,0,,,1622263444,1626975790,rank34:F2,0
55,rank34:F3,compute,forward,3,34,2,2,34,34,2,2,3,warmup,317353091,0,0,1.7854777464526106e+18,1.7854777467699638e+18,1626975790,1944328881,lane2:F2:s2->s3,4712346
55,rank50:F2,compute,forward,2,50,3,2,50,50,3,3,2,warmup,315382705,0,0,1.7854777464473597e+18,1.7854777467627425e+18,1626975790,1942358495,lane2:F2:s2->s3,155402620
55,lane2:F0:s5->s6,pp_message,forward,0,-1,5,2,82,98,5,6,-1,p2p,4712346,4712346,0,,,1801534146,1806246492,rank82:F0,0
55,lane2:F1:s4->s5,pp_message,forward,1,-1,4,2,66,82,4,5,-1,p2p,4712346,4712346,0,,,1803868601,1808580947,rank66:F1,0
55,rank98:F0,compute,forward,0,98,6,2,98,98,6,6,0,warmup,318012569,0,0,1.785477746617926e+18,1.7854777469359383e+18,1806246492,2124259061,lane2:F0:s5->s6,1806246492
55,rank82:F1,compute,forward,1,82,5,2,82,82,5,5,1,warmup,312819209,0,0,1.7854777466247025e+18,1.7854777469375217e+18,1808580947,2121400156,lane2:F1:s4->s5,7046801
55,lane2:F2:s3->s4,pp_message,forward,2,-1,3,2,50,66,3,4,-1,p2p,4712346,4712346,0,,,1942358495,1947070841,rank50:F2,0
55,lane2:F3:s2->s3,pp_message,forward,3,-1,2,2,34,50,2,3,-1,p2p,4712346,4712346,0,,,1944328881,1949041227,rank34:F3,0
55,rank66:F2,compute,forward,2,66,4,2,66,66,4,4,2,warmup,315704777,0,0,1.7854777467682373e+18,1.7854777470839421e+18,1947070841,2262775618,lane2:F2:s3->s4,143202240
55,rank50:F3,compute,forward,3,50,3,2,50,50,3,3,3,warmup,334179539,0,0,1.785477746774997e+18,1.7854777471091766e+18,1949041227,2283220766,lane2:F3:s2->s3,6682732
55,lane2:F1:s5->s6,pp_message,forward,1,-1,5,2,82,98,5,6,-1,p2p,4712346,4712346,0,,,2121400156,2126112502,rank82:F1,0
55,lane2:F0:s6->s7,pp_message,forward,0,-1,6,2,98,114,6,7,-1,p2p,4712346,4712346,0,,,2124259061,2128971407,rank98:F0,0
55,rank114:F0,compute,forward,0,114,7,2,114,114,7,7,0,warmup,316957327,0,0,1.785477746941498e+18,1.7854777472584556e+18,2128971407,2445928734,lane2:F0:s6->s7,2128971407
55,rank98:F1,compute,forward,1,98,6,2,98,98,6,6,1,warmup,316772110,0,0,1.7854777469464358e+18,1.785477747263208e+18,2128971407,2445743517,lane2:F0:s6->s7,4712346
55,lane2:F2:s4->s5,pp_message,forward,2,-1,4,2,66,82,4,5,-1,p2p,4712346,4712346,0,,,2262775618,2267487964,rank66:F2,0
55,rank82:F2,compute,forward,2,82,5,2,82,82,5,5,2,warmup,352554324,0,0,1.7854777470890824e+18,1.7854777474416366e+18,2267487964,2620042288,lane2:F2:s4->s5,146087808
55,lane2:F3:s3->s4,pp_message,forward,3,-1,3,2,50,66,3,4,-1,p2p,4712346,4712346,0,,,2283220766,2287933112,rank50:F3,0
55,rank66:F3,compute,forward,3,66,4,2,66,66,4,4,3,warmup,313287854,0,0,1.7854777471144666e+18,1.7854777474277542e+18,2287933112,2601220966,lane2:F3:s3->s4,25157494
55,lane2:F1:s6->s7,pp_message,forward,1,-1,6,2,98,114,6,7,-1,p2p,4712346,4712346,0,,,2445743517,2450455863,rank98:F1,0
55,lane2:F0:s7->s8,pp_message,forward,0,-1,7,2,114,130,7,8,-1,p2p,4712346,4712346,0,,,2445928734,2450641080,rank114:F0,0
55,rank114:F1,compute,forward,1,114,7,2,114,114,7,7,1,warmup,312590228,0,0,1.7854777472686223e+18,1.7854777475812124e+18,2450641080,2763231308,lane2:F0:s7->s8,4712346
55,rank130:F0,compute,forward,0,130,8,2,130,130,8,8,0,warmup,313471151,0,0,1.7854777472638308e+18,1.785477747577302e+18,2450641080,2764112231,lane2:F0:s7->s8,2450641080
55,lane2:F3:s4->s5,pp_message,forward,3,-1,4,2,66,82,4,5,-1,p2p,4712346,4712346,0,,,2601220966,2605933312,rank66:F3,0
55,lane2:F2:s5->s6,pp_message,forward,2,-1,5,2,82,98,5,6,-1,p2p,4712346,4712346,0,,,2620042288,2624754634,rank82:F2,0
55,rank82:F3,compute,forward,3,82,5,2,82,82,5,5,3,warmup,312226432,0,0,1.7854777474519493e+18,1.785477747764176e+18,2624754634,2936981066,lane2:F2:s5->s6,4712346
55,rank98:F2,compute,forward,2,98,6,2,98,98,6,6,2,warmup,315976475,0,0,1.7854777474469637e+18,1.7854777477629402e+18,2624754634,2940731109,lane2:F2:s5->s6,179011117
55,lane2:F1:s7->s8,pp_message,forward,1,-1,7,2,114,130,7,8,-1,p2p,4712346,4712346,0,,,2763231308,2767943654,rank114:F1,0
55,lane2:F0:s8->s9,pp_message,forward,0,-1,8,2,130,146,8,9,-1,p2p,4712346,4712346,0,,,2764112231,2768824577,rank130:F0,0
55,rank130:F1,compute,forward,1,130,8,2,130,130,8,8,1,warmup,311015296,0,0,1.7854777475876293e+18,1.7854777478986447e+18,2768824577,3079839873,lane2:F0:s8->s9,4712346
55,rank146:F0,compute,forward,0,146,9,2,146,146,9,9,0,warmup,320467575,0,0,1.7854777475826714e+18,1.7854777479031388e+18,2768824577,3089292152,lane2:F0:s8->s9,2768824577
55,lane2:F3:s5->s6,pp_message,forward,3,-1,5,2,82,98,5,6,-1,p2p,4712346,4712346,0,,,2936981066,2941693412,rank82:F3,0
55,lane2:F2:s6->s7,pp_message,forward,2,-1,6,2,98,114,6,7,-1,p2p,4712346,4712346,0,,,2940731109,2945443455,rank98:F2,0
55,rank114:F2,compute,forward,2,114,7,2,114,114,7,7,2,warmup,310685180,0,0,1.7854777477682086e+18,1.7854777480788938e+18,2945443455,3256128635,lane2:F2:s6->s7,182212147
55,rank98:F3,compute,forward,3,98,6,2,98,98,6,6,3,warmup,315391525,0,0,1.785477747773344e+18,1.7854777480887355e+18,2945443455,3260834980,lane2:F2:s6->s7,4712346
55,lane2:F1:s8->s9,pp_message,forward,1,-1,8,2,130,146,8,9,-1,p2p,4712346,4712346,0,,,3079839873,3084552219,rank130:F1,0
55,lane2:F0:s9->s10,pp_message,forward,0,-1,9,2,146,162,9,10,-1,p2p,4712346,4712346,0,,,3089292152,3094004498,rank146:F0,0
55,rank146:F1,compute,forward,1,146,9,2,146,146,9,9,1,warmup,318503349,0,0,1.7854777479134444e+18,1.7854777482319475e+18,3094004498,3412507847,lane2:F0:s9->s10,4712346
55,rank162:F0,compute,forward,0,162,10,2,162,162,10,10,0,warmup,320453736,0,0,1.7854777479088584e+18,1.785477748229312e+18,3094004498,3414458234,lane2:F0:s9->s10,3094004498
55,lane2:F2:s7->s8,pp_message,forward,2,-1,7,2,114,130,7,8,-1,p2p,4712346,4712346,0,,,3256128635,3260840981,rank114:F2,0
55,lane2:F3:s6->s7,pp_message,forward,3,-1,6,2,98,114,6,7,-1,p2p,4712346,4712346,0,,,3260834980,3265547326,rank98:F3,0
55,rank130:F2,compute,forward,2,130,8,2,130,130,8,8,2,warmup,311399450,0,0,1.7854777480839352e+18,1.785477748395335e+18,3260840981,3572240431,lane2:F2:s7->s8,181001108
55,rank114:F3,compute,forward,3,114,7,2,114,114,7,7,3,warmup,340419731,0,0,1.7854777480940058e+18,1.7854777484344253e+18,3265547326,3605967057,lane2:F3:s6->s7,9418691
55,lane2:F1:s9->s10,pp_message,forward,1,-1,9,2,146,162,9,10,-1,p2p,4712346,4712346,0,,,3412507847,3417220193,rank146:F1,0
55,lane2:F0:s10->s11,pp_message,forward,0,-1,10,2,162,178,10,11,-1,p2p,4712346,4712346,0,,,3414458234,3419170580,rank162:F0,0
55,rank162:F1,compute,forward,1,162,10,2,162,162,10,10,1,warmup,324912058,0,0,1.7854777482394092e+18,1.7854777485643213e+18,3419170580,3744082638,lane2:F0:s10->s11,4712346
55,rank178:F0,compute,forward,0,178,11,2,178,178,11,11,0,warmup,310778403,0,0,1.7854777482356813e+18,1.7854777485464596e+18,3419170580,3729948983,lane2:F0:s10->s11,3419170580
55,lane2:F2:s8->s9,pp_message,forward,2,-1,8,2,130,146,8,9,-1,p2p,4712346,4712346,0,,,3572240431,3576952777,rank130:F2,0
55,rank146:F2,compute,forward,2,146,9,2,146,146,9,9,2,warmup,318111450,0,0,1.785477748400589e+18,1.7854777487187005e+18,3576952777,3895064227,lane2:F2:s8->s9,164444930
55,lane2:F3:s7->s8,pp_message,forward,3,-1,7,2,114,130,7,8,-1,p2p,4712346,4712346,0,,,3605967057,3610679403,rank114:F3,0
55,rank130:F3,compute,forward,3,130,8,2,130,130,8,8,3,warmup,311017537,0,0,1.785477748439545e+18,1.7854777487505626e+18,3610679403,3921696940,lane2:F3:s7->s8,38438972
55,lane2:F0:s11->s12,pp_message,forward,0,-1,11,2,178,194,11,12,-1,p2p,4712346,4712346,0,,,3729948983,3734661329,rank178:F0,0
55,rank194:F0,compute,forward,0,194,12,2,194,194,12,12,0,warmup,312593515,0,0,1.7854777485524178e+18,1.7854777488650112e+18,3734661329,4047254844,lane2:F0:s11->s12,3734661329
55,lane2:F1:s10->s11,pp_message,forward,1,-1,10,2,162,178,10,11,-1,p2p,4712346,4712346,0,,,3744082638,3748794984,rank162:F1,0
55,rank178:F1,compute,forward,1,178,11,2,178,178,11,11,1,warmup,316284834,0,0,1.7854777485692454e+18,1.78547774888553e+18,3748794984,4065079818,lane2:F1:s10->s11,18846001
55,lane2:F2:s9->s10,pp_message,forward,2,-1,9,2,146,162,9,10,-1,p2p,4712346,4712346,0,,,3895064227,3899776573,rank146:F2,0
55,rank162:F2,compute,forward,2,162,10,2,162,162,10,10,2,warmup,334107070,0,0,1.7854777487237594e+18,1.7854777490578662e+18,3899776573,4233883643,lane2:F2:s9->s10,155693935
55,lane2:F3:s8->s9,pp_message,forward,3,-1,8,2,130,146,8,9,-1,p2p,4712346,4712346,0,,,3921696940,3926409286,rank130:F3,0
55,rank146:F3,compute,forward,3,146,9,2,146,146,9,9,3,warmup,318861927,0,0,1.7854777487557978e+18,1.7854777490746598e+18,3926409286,4245271213,lane2:F3:s8->s9,31345059
55,lane2:F0:s12->s13,pp_message,forward,0,-1,12,2,194,210,12,13,-1,p2p,4712346,4712346,0,,,4047254844,4051967190,rank194:F0,0
55,rank210:F0,compute,forward,0,210,13,2,210,210,13,13,0,warmup,315274665,0,0,1.785477748871044e+18,1.7854777491863188e+18,4051967190,4367241855,lane2:F0:s12->s13,4051967190
55,lane2:F1:s11->s12,pp_message,forward,1,-1,11,2,178,194,11,12,-1,p2p,4712346,4712346,0,,,4065079818,4069792164,rank178:F1,0
55,rank194:F1,compute,forward,1,194,12,2,194,194,12,12,1,warmup,306462921,0,0,1.7854777488916703e+18,1.785477749198133e+18,4069792164,4376255085,lane2:F1:s11->s12,22537320
55,lane2:F2:s10->s11,pp_message,forward,2,-1,10,2,162,178,10,11,-1,p2p,4712346,4712346,0,,,4233883643,4238595989,rank162:F2,0
55,rank178:F2,compute,forward,2,178,11,2,178,178,11,11,2,warmup,309331786,0,0,1.785477749062929e+18,1.7854777493722609e+18,4238595989,4547927775,lane2:F2:s10->s11,173516171
55,lane2:F3:s9->s10,pp_message,forward,3,-1,9,2,146,162,9,10,-1,p2p,4712346,4712346,0,,,4245271213,4249983559,rank146:F3,0
55,rank162:F3,compute,forward,3,162,10,2,162,162,10,10,3,warmup,310802931,0,0,1.7854777490797343e+18,1.7854777493905372e+18,4249983559,4560786490,lane2:F3:s9->s10,16099916
55,lane2:F0:s13->s14,pp_message,forward,0,-1,13,2,210,226,13,14,-1,p2p,4712346,4712346,0,,,4367241855,4371954201,rank210:F0,0
55,rank226:F0,compute,forward,0,226,14,2,226,226,14,14,0,warmup,315700783,0,0,1.7854777491926318e+18,1.7854777495083325e+18,4371954201,4687654984,lane2:F0:s13->s14,4371954201
55,lane2:F1:s12->s13,pp_message,forward,1,-1,12,2,194,210,12,13,-1,p2p,4712346,4712346,0,,,4376255085,4380967431,rank194:F1,0
55,rank210:F1,compute,forward,1,210,13,2,210,210,13,13,1,warmup,309492755,0,0,1.7854777492033006e+18,1.7854777495127933e+18,4380967431,4690460186,lane2:F1:s12->s13,13725576
55,lane2:F2:s11->s12,pp_message,forward,2,-1,11,2,178,194,11,12,-1,p2p,4712346,4712346,0,,,4547927775,4552640121,rank178:F2,0
55,rank194:F2,compute,forward,2,194,12,2,194,194,12,12,2,warmup,312649137,0,0,1.785477749377458e+18,1.7854777496901071e+18,4552640121,4865289258,lane2:F2:s11->s12,176385036
55,lane2:F3:s10->s11,pp_message,forward,3,-1,10,2,162,178,10,11,-1,p2p,4712346,4712346,0,,,4560786490,4565498836,rank162:F3,0
55,rank178:F3,compute,forward,3,178,11,2,178,178,11,11,3,warmup,306979987,0,0,1.7854777493956232e+18,1.785477749702603e+18,4565498836,4872478823,lane2:F3:s10->s11,17571061
55,lane2:F0:s14->s15,pp_message,forward,0,-1,14,2,226,242,14,15,-1,p2p,4712346,4712346,0,,,4687654984,4692367330,rank226:F0,0
55,lane2:F1:s13->s14,pp_message,forward,1,-1,13,2,210,226,13,14,-1,p2p,4712346,4712346,0,,,4690460186,4695172532,rank210:F1,0
55,rank242:F0,compute,forward,0,242,15,2,242,242,15,15,0,steady,195644175,0,0,1.7854777495142991e+18,1.7854777497099433e+18,4692367330,4888011505,lane2:F0:s14->s15,4692367330
55,rank226:F1,compute,forward,1,226,14,2,226,226,14,14,1,steady,308972487,0,0,1.7854777495187325e+18,1.7854777498277048e+18,4695172532,5004145019,lane2:F1:s13->s14,7517548
55,lane2:F2:s12->s13,pp_message,forward,2,-1,12,2,194,210,12,13,-1,p2p,4712346,4712346,0,,,4865289258,4870001604,rank194:F2,0
55,rank210:F2,compute,forward,2,210,13,2,210,210,13,13,2,steady,311363536,0,0,1.785477749695278e+18,1.7854777500066417e+18,4870001604,5181365140,lane2:F2:s12->s13,179541418
55,lane2:F3:s11->s12,pp_message,forward,3,-1,11,2,178,194,11,12,-1,p2p,4712346,4712346,0,,,4872478823,4877191169,rank178:F3,0
55,rank194:F3,compute,forward,3,194,12,2,194,194,12,12,3,steady,308342496,0,0,1.7854777497077778e+18,1.7854777500161203e+18,4877191169,5185533665,lane2:F3:s11->s12,11901911
55,rank242:B0,compute,backward,0,242,15,2,242,242,15,15,1,steady,365685350,0,0,1.7854777497100913e+18,1.7854777500757765e+18,4888011505,5253696855,rank242:F0,0
55,lane2:F1:s14->s15,pp_message,forward,1,-1,14,2,226,242,14,15,-1,p2p,4712346,4712346,0,,,5004145019,5008857365,rank226:F1,0
55,lane2:F2:s13->s14,pp_message,forward,2,-1,13,2,210,226,13,14,-1,p2p,4712346,4712346,0,,,5181365140,5186077486,rank210:F2,0
55,lane2:F3:s12->s13,pp_message,forward,3,-1,12,2,194,210,12,13,-1,p2p,4712346,4712346,0,,,5185533665,5190246011,rank194:F3,0
55,lane2:B0:s15->s14,pp_message,backward,0,-1,15,2,242,226,15,14,-1,p2p,4712346,4712346,0,,,5253696855,5258409201,rank242:B0,0
55,rank226:B0,compute,backward,0,226,14,2,226,226,14,14,2,steady,708355762,0,0,1.7854777501760256e+18,1.7854777508843814e+18,5258409201,5966764963,lane2:B0:s15->s14,254264182
55,rank242:F1,compute,forward,1,242,15,2,242,242,15,15,2,steady,193164499,0,0,1.785477750175876e+18,1.7854777503690406e+18,5258409201,5451573700,lane2:B0:s15->s14,4712346
55,rank242:B1,compute,backward,1,242,15,2,242,242,15,15,3,steady,365815973,0,0,1.7854777503692572e+18,1.7854777507350733e+18,5451573700,5817389673,rank242:F1,0
55,lane2:B1:s15->s14,pp_message,backward,1,-1,15,2,242,226,15,14,-1,p2p,4712346,4712346,0,,,5817389673,5822102019,rank242:B1,0
55,lane2:B0:s14->s13,pp_message,backward,0,-1,14,2,226,210,14,13,-1,p2p,4712346,4712346,0,,,5966764963,5971477309,rank226:B0,0
55,rank210:B0,compute,backward,0,210,13,2,210,210,13,13,3,steady,690240794,0,0,1.7854777509840356e+18,1.7854777516742764e+18,5971477309,6661718103,lane2:B0:s14->s13,790112169
55,rank226:F2,compute,forward,2,226,14,2,226,226,14,14,3,steady,309698668,0,0,1.7854777509833836e+18,1.785477751293082e+18,5971477309,6281175977,lane2:B0:s14->s13,4712346
55,lane2:F2:s14->s15,pp_message,forward,2,-1,14,2,226,242,14,15,-1,p2p,4712346,4712346,0,,,6281175977,6285888323,rank226:F2,0
55,rank226:B1,compute,backward,1,226,14,2,226,226,14,14,4,steady,678670620,0,0,1.785477751298877e+18,1.7854777519775475e+18,6285888323,6964558943,lane2:F2:s14->s15,4712346
55,rank242:F2,compute,forward,2,242,15,2,242,242,15,15,4,steady,189975921,0,0,1.7854777512989601e+18,1.785477751488936e+18,6285888323,6475864244,lane2:F2:s14->s15,468498650
55,rank242:B2,compute,backward,2,242,15,2,242,242,15,15,5,steady,367688373,0,0,1.785477751489112e+18,1.7854777518568005e+18,6475864244,6843552617,rank242:F2,0
55,lane2:B0:s13->s12,pp_message,backward,0,-1,13,2,210,194,13,12,-1,p2p,4712346,4712346,0,,,6661718103,6666430449,rank210:B0,0
55,rank194:B0,compute,backward,0,194,12,2,194,194,12,12,4,steady,679334419,0,0,1.7854777517727485e+18,1.785477752452083e+18,6666430449,7345764868,lane2:B0:s13->s12,1480896784
55,rank210:F3,compute,forward,3,210,13,2,210,210,13,13,4,steady,311419131,0,0,1.7854777517727642e+18,1.7854777520841833e+18,6666430449,6977849580,lane2:B0:s13->s12,4712346
55,lane2:B2:s15->s14,pp_message,backward,2,-1,15,2,242,226,15,14,-1,p2p,4712346,4712346,0,,,6843552617,6848264963,rank242:B2,0
55,lane2:B1:s14->s13,pp_message,backward,1,-1,14,2,226,210,14,13,-1,p2p,4712346,4712346,0,,,6964558943,6969271289,rank226:B1,0
55,lane2:F3:s13->s14,pp_message,forward,3,-1,13,2,210,226,13,14,-1,p2p,4712346,4712346,0,,,6977849580,6982561926,rank210:F3,0
55,rank210:B1,compute,backward,1,210,13,2,210,210,13,13,5,steady,687240114,0,0,1.7854777520910738e+18,1.785477752778314e+18,6982561926,7669802040,lane2:F3:s13->s14,4712346
55,rank226:F3,compute,forward,3,226,14,2,226,226,14,14,5,steady,307965325,0,0,1.785477752090981e+18,1.7854777523989463e+18,6982561926,7290527251,lane2:F3:s13->s14,18002983
55,lane2:F3:s14->s15,pp_message,forward,3,-1,14,2,226,242,14,15,-1,p2p,4712346,4712346,0,,,7290527251,7295239597,rank226:F3,0
55,rank226:B2,compute,backward,2,226,14,2,226,226,14,14,6,steady,686993849,0,0,1.7854777524049106e+18,1.7854777530919043e+18,7295239597,7982233446,lane2:F3:s14->s15,4712346
55,rank242:F3,compute,forward,3,242,15,2,242,242,15,15,6,steady,189373235,0,0,1.785477752404911e+18,1.7854777525942843e+18,7295239597,7484612832,lane2:F3:s14->s15,451686980
55,lane2:B0:s12->s11,pp_message,backward,0,-1,12,2,194,178,12,11,-1,p2p,4712346,4712346,0,,,7345764868,7350477214,rank194:B0,0
55,rank178:B0,compute,backward,0,178,11,2,178,178,11,11,4,cooldown,674374842,0,0,1.7854777525517821e+18,1.7854777532261568e+18,7350477214,8024852056,lane2:B0:s12->s11,2477998391
55,rank242:B3,compute,backward,3,242,15,2,242,242,15,15,7,steady,371237738,0,0,1.7854777525944625e+18,1.7854777529657004e+18,7484612832,7855850570,rank242:F3,0
55,lane2:B1:s13->s12,pp_message,backward,1,-1,13,2,210,194,13,12,-1,p2p,4712346,4712346,0,,,7669802040,7674514386,rank210:B1,0
55,rank194:B1,compute,backward,1,194,12,2,194,194,12,12,5,cooldown,678135338,0,0,1.785477752875054e+18,1.7854777535531894e+18,7674514386,8352649724,lane2:B1:s13->s12,328749518
55,lane2:B3:s15->s14,pp_message,backward,3,-1,15,2,242,226,15,14,-1,p2p,4712346,4712346,0,,,7855850570,7860562916,rank242:B3,0
55,lane2:B2:s14->s13,pp_message,backward,2,-1,14,2,226,210,14,13,-1,p2p,4712346,4712346,0,,,7982233446,7986945792,rank226:B2,0
55,rank210:B2,compute,backward,2,210,13,2,210,210,13,13,6,cooldown,693004082,0,0,1.7854777531904765e+18,1.7854777538834806e+18,7986945792,8679949874,lane2:B2:s14->s13,317143752
55,rank226:B3,compute,backward,3,226,14,2,226,226,14,14,7,cooldown,686663426,0,0,1.7854777531952338e+18,1.7854777538818972e+18,7986945792,8673609218,lane2:B2:s14->s13,4712346
55,lane2:B0:s11->s10,pp_message,backward,0,-1,11,2,178,162,11,10,-1,p2p,4712346,4712346,0,,,8024852056,8029564402,rank178:B0,0
55,rank162:B0,compute,backward,0,162,10,2,162,162,10,10,4,cooldown,685843681,0,0,1.7854777533244723e+18,1.785477754010316e+18,8029564402,8715408083,lane2:B0:s11->s10,3468777912
55,lane2:B1:s12->s11,pp_message,backward,1,-1,12,2,194,178,12,11,-1,p2p,4712346,4712346,0,,,8352649724,8357362070,rank194:B1,0
55,rank178:B1,compute,backward,1,178,11,2,178,178,11,11,5,cooldown,687115004,0,0,1.7854777536512776e+18,1.7854777543383926e+18,8357362070,9044477074,lane2:B1:s12->s11,332510014
55,lane2:B3:s14->s13,pp_message,backward,3,-1,14,2,226,210,14,13,-1,p2p,4712346,4712346,0,,,8673609218,8678321564,rank226:B3,0
55,lane2:B2:s13->s12,pp_message,backward,2,-1,13,2,210,194,13,12,-1,p2p,4712346,4712346,0,,,8679949874,8684662220,rank210:B2,0
55,rank194:B2,compute,backward,2,194,12,2,194,194,12,12,6,cooldown,680137915,0,0,1.7854777539804877e+18,1.7854777546606257e+18,8684662220,9364800135,lane2:B2:s13->s12,332012496
55,rank210:B3,compute,backward,3,210,13,2,210,210,13,13,7,cooldown,681784410,0,0,1.7854777539862733e+18,1.7854777546680576e+18,8684662220,9366446630,lane2:B2:s13->s12,4712346
55,lane2:B0:s10->s9,pp_message,backward,0,-1,10,2,162,146,10,9,-1,p2p,4712346,4712346,0,,,8715408083,8720120429,rank162:B0,0
55,rank146:B0,compute,backward,0,146,9,2,146,146,9,9,4,cooldown,702462477,0,0,1.785477754109148e+18,1.7854777548116106e+18,8720120429,9422582906,lane2:B0:s10->s9,4474849216
55,lane2:B1:s11->s10,pp_message,backward,1,-1,11,2,178,162,11,10,-1,p2p,4712346,4712346,0,,,9044477074,9049189420,rank178:B1,0
55,rank162:B1,compute,backward,1,162,10,2,162,162,10,10,5,cooldown,677207832,0,0,1.7854777544361436e+18,1.7854777551133514e+18,9049189420,9726397252,lane2:B1:s11->s10,333781337
55,lane2:B2:s12->s11,pp_message,backward,2,-1,12,2,194,178,12,11,-1,p2p,4712346,4712346,0,,,9364800135,9369512481,rank194:B2,0
55,lane2:B3:s13->s12,pp_message,backward,3,-1,13,2,210,194,13,12,-1,p2p,4712346,4712346,0,,,9366446630,9371158976,rank210:B3,0
55,rank178:B2,compute,backward,2,178,11,2,178,178,11,11,6,cooldown,685331251,0,0,1.7854777547592146e+18,1.7854777554445458e+18,9369512481,10054843732,lane2:B2:s12->s11,325035407
55,rank194:B3,compute,backward,3,194,12,2,194,194,12,12,7,cooldown,677970681,0,0,1.785477754765297e+18,1.7854777554432676e+18,9371158976,10049129657,lane2:B3:s13->s12,6358841
55,lane2:B0:s9->s8,pp_message,backward,0,-1,9,2,146,130,9,8,-1,p2p,4712346,4712346,0,,,9422582906,9427295252,rank146:B0,0
55,rank130:B0,compute,backward,0,130,8,2,130,130,8,8,4,cooldown,688955667,0,0,1.7854777549107889e+18,1.7854777555997448e+18,9427295252,10116250919,lane2:B0:s9->s8,5505598312
55,lane2:B1:s10->s9,pp_message,backward,1,-1,10,2,162,146,10,9,-1,p2p,4712346,4712346,0,,,9726397252,9731109598,rank162:B1,0
55,rank146:B1,compute,backward,1,146,9,2,146,146,9,9,5,cooldown,698805525,0,0,1.7854777552109427e+18,1.7854777559097482e+18,9731109598,10429915123,lane2:B1:s10->s9,308526692
55,lane2:B3:s12->s11,pp_message,backward,3,-1,12,2,194,178,12,11,-1,p2p,4712346,4712346,0,,,10049129657,10053842003,rank194:B3,0
55,lane2:B2:s11->s10,pp_message,backward,2,-1,11,2,178,162,11,10,-1,p2p,4712346,4712346,0,,,10054843732,10059556078,rank178:B2,0
55,rank162:B2,compute,backward,2,162,10,2,162,162,10,10,6,cooldown,678523721,0,0,1.7854777555406628e+18,1.7854777562191867e+18,10059556078,10738079799,lane2:B2:s11->s10,333158826
55,rank178:B3,compute,backward,3,178,11,2,178,178,11,11,7,cooldown,677434476,0,0,1.7854777555461197e+18,1.7854777562235543e+18,10059556078,10736990554,lane2:B2:s11->s10,4712346
55,lane2:B0:s8->s7,pp_message,backward,0,-1,8,2,130,114,8,7,-1,p2p,4712346,4712346,0,,,10116250919,10120963265,rank130:B0,0
55,rank114:B0,compute,backward,0,114,7,2,114,114,7,7,4,cooldown,680939700,0,0,1.7854777556975916e+18,1.785477756378531e+18,10120963265,10801902965,lane2:B0:s8->s7,6514996208
55,lane2:B1:s9->s8,pp_message,backward,1,-1,9,2,146,130,9,8,-1,p2p,4712346,4712346,0,,,10429915123,10434627469,rank146:B1,0
55,rank130:B1,compute,backward,1,130,8,2,130,130,8,8,5,cooldown,693825533,0,0,1.7854777560082982e+18,1.7854777567021238e+18,10434627469,11128453002,lane2:B1:s9->s8,318376550
55,lane2:B3:s11->s10,pp_message,backward,3,-1,11,2,178,162,11,10,-1,p2p,4712346,4712346,0,,,10736990554,10741702900,rank178:B3,0
55,lane2:B2:s10->s9,pp_message,backward,2,-1,10,2,162,146,10,9,-1,p2p,4712346,4712346,0,,,10738079799,10742792145,rank162:B2,0
55,rank146:B2,compute,backward,2,146,9,2,146,146,9,9,6,cooldown,700869538,0,0,1.7854777563171988e+18,1.7854777570180685e+18,10742792145,11443661683,lane2:B2:s10->s9,312877022
55,rank162:B3,compute,backward,3,162,10,2,162,162,10,10,7,cooldown,679336327,0,0,1.7854777563224645e+18,1.7854777570018007e+18,10742792145,11422128472,lane2:B2:s10->s9,4712346
55,lane2:B0:s7->s6,pp_message,backward,0,-1,7,2,114,98,7,6,-1,p2p,4712346,4712346,0,,,10801902965,10806615311,rank114:B0,0
55,rank98:B0,compute,backward,0,98,6,2,98,98,6,6,4,cooldown,706376577,0,0,1.7854777564779837e+18,1.7854777571843604e+18,10806615311,11512991888,lane2:B0:s7->s6,7545780331
55,lane2:B1:s8->s7,pp_message,backward,1,-1,8,2,130,114,8,7,-1,p2p,4712346,4712346,0,,,11128453002,11133165348,rank130:B1,0
55,rank114:B1,compute,backward,1,114,7,2,114,114,7,7,5,cooldown,687181148,0,0,1.785477756800027e+18,1.7854777574872082e+18,11133165348,11820346496,lane2:B1:s8->s7,331262383
55,lane2:B3:s10->s9,pp_message,backward,3,-1,10,2,162,146,10,9,-1,p2p,4712346,4712346,0,,,11422128472,11426840818,rank162:B3,0
55,lane2:B2:s9->s8,pp_message,backward,2,-1,9,2,146,130,9,8,-1,p2p,4712346,4712346,0,,,11443661683,11448374029,rank146:B2,0
55,rank130:B2,compute,backward,2,130,8,2,130,130,8,8,6,cooldown,691502151,0,0,1.7854777571170243e+18,1.7854777578085266e+18,11448374029,12139876180,lane2:B2:s9->s8,319921027
55,rank146:B3,compute,backward,3,146,9,2,146,146,9,9,7,cooldown,697466591,0,0,1.7854777571221248e+18,1.7854777578195914e+18,11448374029,12145840620,lane2:B2:s9->s8,4712346
55,lane2:B0:s6->s5,pp_message,backward,0,-1,6,2,98,82,6,5,-1,p2p,4712346,4712346,0,,,11512991888,11517704234,rank98:B0,0
55,rank82:B0,compute,backward,0,82,5,2,82,82,5,5,4,cooldown,708729470,0,0,1.7854777572789028e+18,1.7854777579876324e+18,11517704234,12226433704,lane2:B0:s6->s5,8580723168
55,lane2:B1:s7->s6,pp_message,backward,1,-1,7,2,114,98,7,6,-1,p2p,4712346,4712346,0,,,11820346496,11825058842,rank114:B1,0
55,rank98:B1,compute,backward,1,98,6,2,98,98,6,6,5,cooldown,722127195,0,0,1.785477757583234e+18,1.7854777583053614e+18,11825058842,12547186037,lane2:B1:s7->s6,312066954
55,lane2:B2:s8->s7,pp_message,backward,2,-1,8,2,130,114,8,7,-1,p2p,4712346,4712346,0,,,12139876180,12144588526,rank130:B2,0
55,rank114:B2,compute,backward,2,114,7,2,114,114,7,7,6,cooldown,683024192,0,0,1.7854777579052047e+18,1.7854777585882289e+18,12144588526,12827612718,lane2:B2:s8->s7,324242030
55,lane2:B3:s9->s8,pp_message,backward,3,-1,9,2,146,130,9,8,-1,p2p,4712346,4712346,0,,,12145840620,12150552966,rank146:B3,0
55,rank130:B3,compute,backward,3,130,8,2,130,130,8,8,7,cooldown,683503707,0,0,1.78547775791806e+18,1.7854777586015636e+18,12150552966,12834056673,lane2:B3:s9->s8,10676786
55,lane2:B0:s5->s4,pp_message,backward,0,-1,5,2,82,66,5,4,-1,p2p,4712346,4712346,0,,,12226433704,12231146050,rank82:B0,0
55,rank66:B0,compute,backward,0,66,4,2,66,66,4,4,4,cooldown,698838071,0,0,1.7854777580864182e+18,1.7854777587852562e+18,12231146050,12929984121,lane2:B0:s5->s4,9629925084
55,lane2:B1:s6->s5,pp_message,backward,1,-1,6,2,98,82,6,5,-1,p2p,4712346,4712346,0,,,12547186037,12551898383,rank98:B1,0
55,rank82:B1,compute,backward,1,82,5,2,82,82,5,5,5,cooldown,704317161,0,0,1.785477758402338e+18,1.7854777591066552e+18,12551898383,13256215544,lane2:B1:s6->s5,325464679
55,lane2:B2:s7->s6,pp_message,backward,2,-1,7,2,114,98,7,6,-1,p2p,4712346,4712346,0,,,12827612718,12832325064,rank114:B2,0
55,rank98:B2,compute,backward,2,98,6,2,98,98,6,6,6,cooldown,696542000,0,0,1.7854777586870177e+18,1.7854777593835597e+18,12832325064,13528867064,lane2:B2:s7->s6,285139027
55,lane2:B3:s8->s7,pp_message,backward,3,-1,8,2,130,114,8,7,-1,p2p,4712346,4712346,0,,,12834056673,12838769019,rank130:B3,0
55,rank114:B3,compute,backward,3,114,7,2,114,114,7,7,7,cooldown,679208681,0,0,1.785477758698517e+18,1.7854777593777257e+18,12838769019,13517977700,lane2:B3:s8->s7,11156301
55,lane2:B0:s4->s3,pp_message,backward,0,-1,4,2,66,50,4,3,-1,p2p,4712346,4712346,0,,,12929984121,12934696467,rank66:B0,0
55,rank50:B0,compute,backward,0,50,3,2,50,50,3,3,4,cooldown,708158465,0,0,1.7854777588848978e+18,1.7854777595930563e+18,12934696467,13642854932,lane2:B0:s4->s3,10651475701
55,lane2:B1:s5->s4,pp_message,backward,1,-1,5,2,82,66,5,4,-1,p2p,4712346,4712346,0,,,13256215544,13260927890,rank82:B1,0
55,rank66:B1,compute,backward,1,66,4,2,66,66,4,4,5,cooldown,698272799,0,0,1.7854777592057613e+18,1.785477759904034e+18,13260927890,13959200689,lane2:B1:s5->s4,330943769
55,lane2:B3:s7->s6,pp_message,backward,3,-1,7,2,114,98,7,6,-1,p2p,4712346,4712346,0,,,13517977700,13522690046,rank114:B3,0
55,lane2:B2:s6->s5,pp_message,backward,2,-1,6,2,98,82,6,5,-1,p2p,4712346,4712346,0,,,13528867064,13533579410,rank98:B2,0
55,rank82:B2,compute,backward,2,82,5,2,82,82,5,5,6,cooldown,710807498,0,0,1.7854777594813002e+18,1.7854777601921078e+18,13533579410,14244386908,lane2:B2:s6->s5,277363866
55,rank98:B3,compute,backward,3,98,6,2,98,98,6,6,7,cooldown,689357898,0,0,1.7854777594866286e+18,1.7854777601759864e+18,13533579410,14222937308,lane2:B2:s6->s5,4712346
55,lane2:B0:s3->s2,pp_message,backward,0,-1,3,2,50,34,3,2,-1,p2p,4712346,4712346,0,,,13642854932,13647567278,rank50:B0,0
55,rank34:B0,compute,backward,0,34,2,2,34,34,2,2,4,cooldown,714676006,0,0,1.785477759692909e+18,1.785477760407585e+18,13647567278,14362243284,lane2:B0:s3->s2,11703238397
55,lane2:B1:s4->s3,pp_message,backward,1,-1,4,2,66,50,4,3,-1,p2p,4712346,4712346,0,,,13959200689,13963913035,rank66:B1,0
55,rank50:B1,compute,backward,1,50,3,2,50,50,3,3,5,cooldown,704332102,0,0,1.7854777600021737e+18,1.7854777607065057e+18,13963913035,14668245137,lane2:B1:s4->s3,321058103
55,lane2:B3:s6->s5,pp_message,backward,3,-1,6,2,98,82,6,5,-1,p2p,4712346,4712346,0,,,14222937308,14227649654,rank98:B3,0
55,lane2:B2:s5->s4,pp_message,backward,2,-1,5,2,82,66,5,4,-1,p2p,4712346,4712346,0,,,14244386908,14249099254,rank82:B2,0
55,rank66:B2,compute,backward,2,66,4,2,66,66,4,4,6,cooldown,694020428,0,0,1.7854777602908728e+18,1.7854777609848932e+18,14249099254,14943119682,lane2:B2:s5->s4,289898565
55,rank82:B3,compute,backward,3,82,5,2,82,82,5,5,7,cooldown,685426655,0,0,1.7854777602961859e+18,1.7854777609816123e+18,14249099254,14934525909,lane2:B2:s5->s4,4712346
55,lane2:B0:s2->s1,pp_message,backward,0,-1,2,2,34,18,2,1,-1,p2p,4712346,4712346,0,,,14362243284,14366955630,rank34:B0,0
55,rank18:B0,compute,backward,0,18,1,2,18,18,1,1,4,cooldown,725318303,0,0,1.7854777605062433e+18,1.7854777612315615e+18,14366955630,15092273933,lane2:B0:s2->s1,12885266735
55,lane2:B1:s3->s2,pp_message,backward,1,-1,3,2,50,34,3,2,-1,p2p,4712346,4712346,0,,,14668245137,14672957483,rank50:B1,0
55,rank34:B1,compute,backward,1,34,2,2,34,34,2,2,5,cooldown,708501772,0,0,1.7854777608052652e+18,1.785477761513767e+18,14672957483,15381459255,lane2:B1:s3->s2,310714199
55,lane2:B3:s5->s4,pp_message,backward,3,-1,5,2,82,66,5,4,-1,p2p,4712346,4712346,0,,,14934525909,14939238255,rank82:B3,0
55,lane2:B2:s4->s3,pp_message,backward,2,-1,4,2,66,50,4,3,-1,p2p,4712346,4712346,0,,,14943119682,14947832028,rank66:B2,0
55,rank50:B2,compute,backward,2,50,3,2,50,50,3,3,6,cooldown,723807019,0,0,1.7854777610830556e+18,1.7854777618068626e+18,14947832028,15671639047,lane2:B2:s4->s3,279586891
55,rank66:B3,compute,backward,3,66,4,2,66,66,4,4,7,cooldown,695596165,0,0,1.7854777610884045e+18,1.7854777617840005e+18,14947832028,15643428193,lane2:B2:s4->s3,4712346
55,lane2:B0:s1->s0,pp_message,backward,0,-1,1,2,18,2,1,0,-1,p2p,4712346,4712346,0,,,15092273933,15096986279,rank18:B0,0
55,rank2:B0,compute,backward,0,2,0,2,2,2,0,0,4,cooldown,411915575,0,0,1.7854777613297815e+18,1.785477761741697e+18,15096986279,15508901854,lane2:B0:s1->s0,14444829045
55,lane2:B1:s2->s1,pp_message,backward,1,-1,2,2,34,18,2,1,-1,p2p,4712346,4712346,0,,,15381459255,15386171601,rank34:B1,0
55,rank18:B1,compute,backward,1,18,1,2,18,18,1,1,5,cooldown,728329277,0,0,1.7854777616124375e+18,1.7854777623407667e+18,15386171601,16114500878,lane2:B1:s2->s1,293897668
55,lane2:B3:s4->s3,pp_message,backward,3,-1,4,2,66,50,4,3,-1,p2p,4712346,4712346,0,,,15643428193,15648140539,rank66:B3,0
55,lane2:B2:s3->s2,pp_message,backward,2,-1,3,2,50,34,3,2,-1,p2p,4712346,4712346,0,,,15671639047,15676351393,rank50:B2,0
55,rank34:B2,compute,backward,2,34,2,2,34,34,2,2,6,cooldown,708144580,0,0,1.7854777619054e+18,1.7854777626135447e+18,15676351393,16384495973,lane2:B2:s3->s2,294892138
55,rank50:B3,compute,backward,3,50,3,2,50,50,3,3,7,cooldown,717324928,0,0,1.785477761910576e+18,1.7854777626279012e+18,15676351393,16393676321,lane2:B2:s3->s2,4712346
55,lane2:B1:s1->s0,pp_message,backward,1,-1,1,2,18,2,1,0,-1,p2p,4712346,4712346,0,,,16114500878,16119213224,rank18:B1,0
55,rank2:B1,compute,backward,1,2,0,2,2,2,0,0,5,cooldown,407204768,0,0,1.7854777624373522e+18,1.785477762844557e+18,16119213224,16526417992,lane2:B1:s1->s0,610311370
55,lane2:B2:s2->s1,pp_message,backward,2,-1,2,2,34,18,2,1,-1,p2p,4712346,4712346,0,,,16384495973,16389208319,rank34:B2,0
55,rank18:B2,compute,backward,2,18,1,2,18,18,1,1,6,cooldown,729634181,0,0,1.7854777627124882e+18,1.7854777634421225e+18,16389208319,17118842500,lane2:B2:s2->s1,274707441
55,lane2:B3:s3->s2,pp_message,backward,3,-1,3,2,50,34,3,2,-1,p2p,4712346,4712346,0,,,16393676321,16398388667,rank50:B3,0
55,rank34:B3,compute,backward,3,34,2,2,34,34,2,2,7,cooldown,703259386,0,0,1.785477762725735e+18,1.7854777634289943e+18,16398388667,17101648053,lane2:B3:s3->s2,13892694
55,lane2:B3:s2->s1,pp_message,backward,3,-1,2,2,34,18,2,1,-1,p2p,4712346,4712346,0,,,17101648053,17106360399,rank34:B3,0
55,lane2:B2:s1->s0,pp_message,backward,2,-1,1,2,18,2,1,0,-1,p2p,4712346,4712346,0,,,17118842500,17123554846,rank18:B2,0
55,rank18:B3,compute,backward,3,18,1,2,18,18,1,1,7,cooldown,722788465,0,0,1.7854777635461476e+18,1.785477764268936e+18,17123554846,17846343311,lane2:B2:s1->s0,4712346
55,rank2:B2,compute,backward,2,2,0,2,2,2,0,0,6,cooldown,408335072,0,0,1.7854777635410844e+18,1.7854777639494195e+18,17123554846,17531889918,lane2:B2:s1->s0,597136854
55,lane2:B3:s1->s0,pp_message,backward,3,-1,1,2,18,2,1,0,-1,p2p,4712346,4712346,0,,,17846343311,17851055657,rank18:B3,0
55,rank2:B3,compute,backward,3,2,0,2,2,2,0,0,7,cooldown,405692433,0,0,1.7854777643672576e+18,1.78547776477295e+18,17851055657,18256748090,lane2:B3:s1->s0,319165739
55,rank3:F0,compute,forward,0,3,0,3,3,3,0,0,0,warmup,160150680,0,0,1.7854777448111347e+18,1.7854777449712855e+18,0,160150680,,0
55,lane3:F0:s0->s1,pp_message,forward,0,-1,0,3,3,19,0,1,-1,p2p,4712346,4712346,0,,,160150680,164863026,rank3:F0,0
55,rank19:F0,compute,forward,0,19,1,3,19,19,1,1,0,warmup,325567106,0,0,1.7854777449764367e+18,1.7854777453020037e+18,164863026,490430132,lane3:F0:s0->s1,164863026
55,rank3:F1,compute,forward,1,3,0,3,3,3,0,0,1,warmup,158449493,0,0,1.7854777449765553e+18,1.7854777451350047e+18,164863026,323312519,lane3:F0:s0->s1,4712346
55,lane3:F1:s0->s1,pp_message,forward,1,-1,0,3,3,19,0,1,-1,p2p,4712346,4712346,0,,,323312519,328024865,rank3:F1,0
55,rank3:F2,compute,forward,2,3,0,3,3,3,0,0,2,warmup,158351031,0,0,1.7854777453128735e+18,1.7854777454712246e+18,328024865,486375896,lane3:F1:s0->s1,4712346
55,lane3:F2:s0->s1,pp_message,forward,2,-1,0,3,3,19,0,1,-1,p2p,4712346,4712346,0,,,486375896,491088242,rank3:F2,0
55,lane3:F0:s1->s2,pp_message,forward,0,-1,1,3,19,35,1,2,-1,p2p,4712346,4712346,0,,,490430132,495142478,rank19:F0,0
55,rank3:F3,compute,forward,3,3,0,3,3,3,0,0,3,warmup,157607225,0,0,1.785477745649821e+18,1.785477745807428e+18,491088242,648695467,lane3:F2:s0->s1,4712346
55,rank19:F1,compute,forward,1,19,1,3,19,19,1,1,1,warmup,326748614,0,0,1.7854777453123873e+18,1.785477745639136e+18,495142478,821891092,lane3:F0:s1->s2,4712346
55,rank35:F0,compute,forward,0,35,2,3,35,35,2,2,0,warmup,321214981,0,0,1.7854777453073165e+18,1.7854777456285317e+18,495142478,816357459,lane3:F0:s1->s2,495142478
55,lane3:F3:s0->s1,pp_message,forward,3,-1,0,3,3,19,0,1,-1,p2p,4712346,4712346,0,,,648695467,653407813,rank3:F3,0
55,lane3:F0:s2->s3,pp_message,forward,0,-1,2,3,35,51,2,3,-1,p2p,4712346,4712346,0,,,816357459,821069805,rank35:F0,0
55,rank51:F0,compute,forward,0,51,3,3,51,51,3,3,0,warmup,317311242,0,0,1.7854777456338007e+18,1.785477745951112e+18,821069805,1138381047,lane3:F0:s2->s3,821069805
55,lane3:F1:s1->s2,pp_message,forward,1,-1,1,3,19,35,1,2,-1,p2p,4712346,4712346,0,,,821891092,826603438,rank19:F1,0
55,rank19:F2,compute,forward,2,19,1,3,19,19,1,1,2,warmup,324605876,0,0,1.7854777456494892e+18,1.7854777459740948e+18,826603438,1151209314,lane3:F1:s1->s2,4712346
55,rank35:F1,compute,forward,1,35,2,3,35,35,2,2,1,warmup,322570051,0,0,1.7854777456442962e+18,1.7854777459668664e+18,826603438,1149173489,lane3:F1:s1->s2,10245979
55,lane3:F0:s3->s4,pp_message,forward,0,-1,3,3,51,67,3,4,-1,p2p,4712346,4712346,0,,,1138381047,1143093393,rank51:F0,0
55,rank67:F0,compute,forward,0,67,4,3,67,67,4,4,0,warmup,335489146,0,0,1.7854777459564884e+18,1.7854777462919777e+18,1143093393,1478582539,lane3:F0:s3->s4,1143093393
55,lane3:F1:s2->s3,pp_message,forward,1,-1,2,3,35,51,2,3,-1,p2p,4712346,4712346,0,,,1149173489,1153885835,rank35:F1,0
55,lane3:F2:s1->s2,pp_message,forward,2,-1,1,3,19,35,1,2,-1,p2p,4712346,4712346,0,,,1151209314,1155921660,rank19:F2,0
55,rank51:F1,compute,forward,1,51,3,3,51,51,3,3,1,warmup,314443434,0,0,1.7854777459718497e+18,1.7854777462862932e+18,1153885835,1468329269,lane3:F1:s2->s3,15504788
55,rank19:F3,compute,forward,3,19,1,3,19,19,1,1,3,warmup,322310248,0,0,1.7854777459842982e+18,1.7854777463066086e+18,1155921660,1478231908,lane3:F2:s1->s2,4712346
55,rank35:F2,compute,forward,2,35,2,3,35,35,2,2,2,warmup,463086946,0,0,1.785477745979294e+18,1.7854777464423808e+18,1155921660,1619008606,lane3:F2:s1->s2,6748171
55,lane3:F1:s3->s4,pp_message,forward,1,-1,3,3,51,67,3,4,-1,p2p,4712346,4712346,0,,,1468329269,1473041615,rank51:F1,0
55,lane3:F3:s1->s2,pp_message,forward,3,-1,1,3,19,35,1,2,-1,p2p,4712346,4712346,0,,,1478231908,1482944254,rank19:F3,0
55,lane3:F0:s4->s5,pp_message,forward,0,-1,4,3,67,83,4,5,-1,p2p,4712346,4712346,0,,,1478582539,1483294885,rank67:F0,0
55,rank67:F1,compute,forward,1,67,4,3,67,67,4,4,1,warmup,317417308,0,0,1.785477746302203e+18,1.78547774661962e+18,1483294885,1800712193,lane3:F0:s4->s5,4712346
55,rank83:F0,compute,forward,0,83,5,3,83,83,5,5,0,warmup,314949343,0,0,1.7854777462974743e+18,1.7854777466124237e+18,1483294885,1798244228,lane3:F0:s4->s5,1483294885
55,lane3:F2:s2->s3,pp_message,forward,2,-1,2,3,35,51,2,3,-1,p2p,4712346,4712346,0,,,1619008606,1623720952,rank35:F2,0
55,rank35:F3,compute,forward,3,35,2,3,35,35,2,2,3,warmup,317342751,0,0,1.7854777464526574e+18,1.7854777467700001e+18,1623720952,1941063703,lane3:F2:s2->s3,4712346
55,rank51:F2,compute,forward,2,51,3,3,51,51,3,3,2,warmup,315302091,0,0,1.7854777464474337e+18,1.7854777467627359e+18,1623720952,1939023043,lane3:F2:s2->s3,155391683
55,lane3:F0:s5->s6,pp_message,forward,0,-1,5,3,83,99,5,6,-1,p2p,4712346,4712346,0,,,1798244228,1802956574,rank83:F0,0
55,lane3:F1:s4->s5,pp_message,forward,1,-1,4,3,67,83,4,5,-1,p2p,4712346,4712346,0,,,1800712193,1805424539,rank67:F1,0
55,rank99:F0,compute,forward,0,99,6,3,99,99,6,6,0,warmup,317887945,0,0,1.7854777466180534e+18,1.785477746935941e+18,1802956574,2120844519,lane3:F0:s5->s6,1802956574
55,rank83:F1,compute,forward,1,83,5,3,83,83,5,5,1,warmup,312965823,0,0,1.7854777466246213e+18,1.7854777469375872e+18,1805424539,2118390362,lane3:F1:s4->s5,7180311
55,lane3:F2:s3->s4,pp_message,forward,2,-1,3,3,51,67,3,4,-1,p2p,4712346,4712346,0,,,1939023043,1943735389,rank51:F2,0
55,lane3:F3:s2->s3,pp_message,forward,3,-1,2,3,35,51,2,3,-1,p2p,4712346,4712346,0,,,1941063703,1945776049,rank35:F3,0
55,rank67:F2,compute,forward,2,67,4,3,67,67,4,4,2,warmup,315882435,0,0,1.7854777467680955e+18,1.7854777470839777e+18,1943735389,2259617824,lane3:F2:s3->s4,143023196
55,rank51:F3,compute,forward,3,51,3,3,51,51,3,3,3,warmup,334042307,0,0,1.7854777467750333e+18,1.7854777471090755e+18,1945776049,2279818356,lane3:F3:s2->s3,6753006
55,lane3:F1:s5->s6,pp_message,forward,1,-1,5,3,83,99,5,6,-1,p2p,4712346,4712346,0,,,2118390362,2123102708,rank83:F1,0
55,lane3:F0:s6->s7,pp_message,forward,0,-1,6,3,99,115,6,7,-1,p2p,4712346,4712346,0,,,2120844519,2125556865,rank99:F0,0
55,rank115:F0,compute,forward,0,115,7,3,115,115,7,7,0,warmup,316966781,0,0,1.7854777469414735e+18,1.7854777472584402e+18,2125556865,2442523646,lane3:F0:s6->s7,2125556865
55,rank99:F1,compute,forward,1,99,6,3,99,99,6,6,1,warmup,316878615,0,0,1.785477746946287e+18,1.7854777472631657e+18,2125556865,2442435480,lane3:F0:s6->s7,4712346
55,lane3:F2:s4->s5,pp_message,forward,2,-1,4,3,67,83,4,5,-1,p2p,4712346,4712346,0,,,2259617824,2264330170,rank67:F2,0
55,rank83:F2,compute,forward,2,83,5,3,83,83,5,5,2,warmup,352595621,0,0,1.7854777470890644e+18,1.78547774744166e+18,2264330170,2616925791,lane3:F2:s4->s5,145939808
55,lane3:F3:s3->s4,pp_message,forward,3,-1,3,3,51,67,3,4,-1,p2p,4712346,4712346,0,,,2279818356,2284530702,rank51:F3,0
55,rank67:F3,compute,forward,3,67,4,3,67,67,4,4,3,warmup,313640307,0,0,1.7854777471141e+18,1.7854777474277404e+18,2284530702,2598171009,lane3:F3:s3->s4,24912878
55,lane3:F1:s6->s7,pp_message,forward,1,-1,6,3,99,115,6,7,-1,p2p,4712346,4712346,0,,,2442435480,2447147826,rank99:F1,0
55,lane3:F0:s7->s8,pp_message,forward,0,-1,7,3,115,131,7,8,-1,p2p,4712346,4712346,0,,,2442523646,2447235992,rank115:F0,0
55,rank115:F1,compute,forward,1,115,7,3,115,115,7,7,1,warmup,312649492,0,0,1.7854777472684882e+18,1.7854777475811377e+18,2447235992,2759885484,lane3:F0:s7->s8,4712346
55,rank131:F0,compute,forward,0,131,8,3,131,131,8,8,0,warmup,313303491,0,0,1.785477747263814e+18,1.7854777475771174e+18,2447235992,2760539483,lane3:F0:s7->s8,2447235992
55,lane3:F3:s4->s5,pp_message,forward,3,-1,4,3,67,83,4,5,-1,p2p,4712346,4712346,0,,,2598171009,2602883355,rank67:F3,0
55,lane3:F2:s5->s6,pp_message,forward,2,-1,5,3,83,99,5,6,-1,p2p,4712346,4712346,0,,,2616925791,2621638137,rank83:F2,0
55,rank83:F3,compute,forward,3,83,5,3,83,83,5,5,3,warmup,312338123,0,0,1.7854777474519918e+18,1.7854777477643297e+18,2621638137,2933976260,lane3:F2:s5->s6,4712346
55,rank99:F2,compute,forward,2,99,6,3,99,99,6,6,2,warmup,316184224,0,0,1.7854777474472164e+18,1.7854777477634007e+18,2621638137,2937822361,lane3:F2:s5->s6,179202657
55,lane3:F1:s7->s8,pp_message,forward,1,-1,7,3,115,131,7,8,-1,p2p,4712346,4712346,0,,,2759885484,2764597830,rank115:F1,0
55,lane3:F0:s8->s9,pp_message,forward,0,-1,8,3,131,147,8,9,-1,p2p,4712346,4712346,0,,,2760539483,2765251829,rank131:F0,0
55,rank131:F1,compute,forward,1,131,8,3,131,131,8,8,1,warmup,311126767,0,0,1.7854777475874703e+18,1.785477747898597e+18,2765251829,3076378596,lane3:F0:s8->s9,4712346
55,rank147:F0,compute,forward,0,147,9,3,147,147,9,9,0,warmup,320729723,0,0,1.7854777475824435e+18,1.7854777479031734e+18,2765251829,3085981552,lane3:F0:s8->s9,2765251829
55,lane3:F3:s5->s6,pp_message,forward,3,-1,5,3,83,99,5,6,-1,p2p,4712346,4712346,0,,,2933976260,2938688606,rank83:F3,0
55,lane3:F2:s6->s7,pp_message,forward,2,-1,6,3,99,115,6,7,-1,p2p,4712346,4712346,0,,,2937822361,2942534707,rank99:F2,0
55,rank115:F2,compute,forward,2,115,7,3,115,115,7,7,2,warmup,310085636,0,0,1.7854777477687532e+18,1.7854777480788388e+18,2942534707,3252620343,lane3:F2:s6->s7,182649223
55,rank99:F3,compute,forward,3,99,6,3,99,99,6,6,3,warmup,315029111,0,0,1.7854777477740004e+18,1.7854777480890296e+18,2942534707,3257563818,lane3:F2:s6->s7,4712346
55,lane3:F1:s8->s9,pp_message,forward,1,-1,8,3,131,147,8,9,-1,p2p,4712346,4712346,0,,,3076378596,3081090942,rank131:F1,0
55,lane3:F0:s9->s10,pp_message,forward,0,-1,9,3,147,163,9,10,-1,p2p,4712346,4712346,0,,,3085981552,3090693898,rank147:F0,0
55,rank147:F1,compute,forward,1,147,9,3,147,147,9,9,1,warmup,318394681,0,0,1.7854777479134559e+18,1.7854777482318505e+18,3090693898,3409088579,lane3:F0:s9->s10,4712346
55,rank163:F0,compute,forward,0,163,10,3,163,163,10,10,0,warmup,320686532,0,0,1.785477747908795e+18,1.7854777482294815e+18,3090693898,3411380430,lane3:F0:s9->s10,3090693898
55,lane3:F2:s7->s8,pp_message,forward,2,-1,7,3,115,131,7,8,-1,p2p,4712346,4712346,0,,,3252620343,3257332689,rank115:F2,0
55,rank131:F2,compute,forward,2,131,8,3,131,131,8,8,2,warmup,311335578,0,0,1.7854777480840527e+18,1.7854777483953882e+18,3257332689,3568668267,lane3:F2:s7->s8,180954093
55,lane3:F3:s6->s7,pp_message,forward,3,-1,6,3,99,115,6,7,-1,p2p,4712346,4712346,0,,,3257563818,3262276164,rank99:F3,0
55,rank115:F3,compute,forward,3,115,7,3,115,115,7,7,3,warmup,340372026,0,0,1.7854777480941565e+18,1.7854777484345288e+18,3262276164,3602648190,lane3:F3:s6->s7,9655821
55,lane3:F1:s9->s10,pp_message,forward,1,-1,9,3,147,163,9,10,-1,p2p,4712346,4712346,0,,,3409088579,3413800925,rank147:F1,0
55,lane3:F0:s10->s11,pp_message,forward,0,-1,10,3,163,179,10,11,-1,p2p,4712346,4712346,0,,,3411380430,3416092776,rank163:F0,0
55,rank163:F1,compute,forward,1,163,10,3,163,163,10,10,1,warmup,324737110,0,0,1.7854777482395356e+18,1.7854777485642726e+18,3416092776,3740829886,lane3:F0:s10->s11,4712346
55,rank179:F0,compute,forward,0,179,11,3,179,179,11,11,0,warmup,311210301,0,0,1.7854777482353175e+18,1.7854777485465277e+18,3416092776,3727303077,lane3:F0:s10->s11,3416092776
55,lane3:F2:s8->s9,pp_message,forward,2,-1,8,3,131,147,8,9,-1,p2p,4712346,4712346,0,,,3568668267,3573380613,rank131:F2,0
55,rank147:F2,compute,forward,2,147,9,3,147,147,9,9,2,warmup,318137203,0,0,1.7854777484005793e+18,1.7854777487187167e+18,3573380613,3891517816,lane3:F2:s8->s9,164292034
55,lane3:F3:s7->s8,pp_message,forward,3,-1,7,3,115,131,7,8,-1,p2p,4712346,4712346,0,,,3602648190,3607360536,rank115:F3,0
55,rank131:F3,compute,forward,3,131,8,3,131,131,8,8,3,warmup,310963831,0,0,1.7854777484396221e+18,1.7854777487505859e+18,3607360536,3918324367,lane3:F3:s7->s8,38692269
55,lane3:F0:s11->s12,pp_message,forward,0,-1,11,3,179,195,11,12,-1,p2p,4712346,4712346,0,,,3727303077,3732015423,rank179:F0,0
55,rank195:F0,compute,forward,0,195,12,3,195,195,12,12,0,warmup,312770894,0,0,1.7854777485522286e+18,1.7854777488649994e+18,3732015423,4044786317,lane3:F0:s11->s12,3732015423
55,lane3:F1:s10->s11,pp_message,forward,1,-1,10,3,163,179,10,11,-1,p2p,4712346,4712346,0,,,3740829886,3745542232,rank163:F1,0
55,rank179:F1,compute,forward,1,179,11,3,179,179,11,11,1,warmup,316093345,0,0,1.7854777485693765e+18,1.7854777488854697e+18,3745542232,4061635577,lane3:F1:s10->s11,18239155
55,lane3:F2:s9->s10,pp_message,forward,2,-1,9,3,147,163,9,10,-1,p2p,4712346,4712346,0,,,3891517816,3896230162,rank147:F2,0
55,rank163:F2,compute,forward,2,163,10,3,163,163,10,10,2,warmup,334043864,0,0,1.7854777487239828e+18,1.7854777490580265e+18,3896230162,4230274026,lane3:F2:s9->s10,155400276
55,lane3:F3:s8->s9,pp_message,forward,3,-1,8,3,131,147,8,9,-1,p2p,4712346,4712346,0,,,3918324367,3923036713,rank131:F3,0
55,rank147:F3,compute,forward,3,147,9,3,147,147,9,9,3,warmup,318854227,0,0,1.7854777487557809e+18,1.7854777490746353e+18,3923036713,4241890940,lane3:F3:s8->s9,31518897
55,lane3:F0:s12->s13,pp_message,forward,0,-1,12,3,195,211,12,13,-1,p2p,4712346,4712346,0,,,4044786317,4049498663,rank195:F0,0
55,rank211:F0,compute,forward,0,211,13,3,211,211,13,13,0,warmup,315188509,0,0,1.78547774887111e+18,1.7854777491862984e+18,4049498663,4364687172,lane3:F0:s12->s13,4049498663
55,lane3:F1:s11->s12,pp_message,forward,1,-1,11,3,179,195,11,12,-1,p2p,4712346,4712346,0,,,4061635577,4066347923,rank179:F1,0
55,rank195:F1,compute,forward,1,195,12,3,195,195,12,12,1,warmup,307517174,0,0,1.785477748890643e+18,1.7854777491981601e+18,4066347923,4373865097,lane3:F1:s11->s12,21561606
55,lane3:F2:s10->s11,pp_message,forward,2,-1,10,3,163,179,10,11,-1,p2p,4712346,4712346,0,,,4230274026,4234986372,rank163:F2,0
55,rank179:F2,compute,forward,2,179,11,3,179,179,11,11,2,warmup,309448163,0,0,1.7854777490631393e+18,1.7854777493725875e+18,4234986372,4544434535,lane3:F2:s10->s11,173350795
55,lane3:F3:s9->s10,pp_message,forward,3,-1,9,3,147,163,9,10,-1,p2p,4712346,4712346,0,,,4241890940,4246603286,rank147:F3,0
55,rank163:F3,compute,forward,3,163,10,3,163,163,10,10,3,warmup,310615627,0,0,1.7854777490798213e+18,1.785477749390437e+18,4246603286,4557218913,lane3:F3:s9->s10,16329260
55,lane3:F0:s13->s14,pp_message,forward,0,-1,13,3,211,227,13,14,-1,p2p,4712346,4712346,0,,,4364687172,4369399518,rank211:F0,0
55,rank227:F0,compute,forward,0,227,14,3,227,227,14,14,0,warmup,316165477,0,0,1.7854777491920911e+18,1.7854777495082565e+18,4369399518,4685564995,lane3:F0:s13->s14,4369399518
55,lane3:F1:s12->s13,pp_message,forward,1,-1,12,3,195,211,12,13,-1,p2p,4712346,4712346,0,,,4373865097,4378577443,rank195:F1,0
55,rank211:F1,compute,forward,1,211,13,3,211,211,13,13,1,warmup,309383146,0,0,1.7854777492034097e+18,1.7854777495127928e+18,4378577443,4687960589,lane3:F1:s12->s13,13890271
55,lane3:F2:s11->s12,pp_message,forward,2,-1,11,3,179,195,11,12,-1,p2p,4712346,4712346,0,,,4544434535,4549146881,rank179:F2,0
55,rank195:F2,compute,forward,2,195,12,3,195,195,12,12,2,warmup,312158566,0,0,1.78547774937785e+18,1.7854777496900086e+18,4549146881,4861305447,lane3:F2:s11->s12,175281784
55,lane3:F3:s10->s11,pp_message,forward,3,-1,10,3,163,179,10,11,-1,p2p,4712346,4712346,0,,,4557218913,4561931259,rank163:F3,0
55,rank179:F3,compute,forward,3,179,11,3,179,179,11,11,3,warmup,307122634,0,0,1.7854777493955282e+18,1.785477749702651e+18,4561931259,4869053893,lane3:F3:s10->s11,17496724
55,lane3:F0:s14->s15,pp_message,forward,0,-1,14,3,227,243,14,15,-1,p2p,4712346,4712346,0,,,4685564995,4690277341,rank227:F0,0
55,lane3:F1:s13->s14,pp_message,forward,1,-1,13,3,211,227,13,14,-1,p2p,4712346,4712346,0,,,4687960589,4692672935,rank211:F1,0
55,rank243:F0,compute,forward,0,243,15,3,243,243,15,15,0,steady,195453774,0,0,1.785477749514549e+18,1.785477749710003e+18,4690277341,4885731115,lane3:F0:s14->s15,4690277341
55,rank227:F1,compute,forward,1,227,14,3,227,227,14,14,1,steady,309313919,0,0,1.785477749518304e+18,1.7854777498276178e+18,4692672935,5001986854,lane3:F1:s13->s14,7107940
55,lane3:F2:s12->s13,pp_message,forward,2,-1,12,3,195,211,12,13,-1,p2p,4712346,4712346,0,,,4861305447,4866017793,rank195:F2,0
55,rank211:F2,compute,forward,2,211,13,3,211,211,13,13,2,steady,311144119,0,0,1.785477749695356e+18,1.7854777500064998e+18,4866017793,5177161912,lane3:F2:s12->s13,178057204
55,lane3:F3:s11->s12,pp_message,forward,3,-1,11,3,179,195,11,12,-1,p2p,4712346,4712346,0,,,4869053893,4873766239,rank179:F3,0
55,rank195:F3,compute,forward,3,195,12,3,195,195,12,12,3,steady,308382381,0,0,1.7854777497078495e+18,1.785477750016232e+18,4873766239,5182148620,lane3:F3:s11->s12,12460792
55,rank243:B0,compute,backward,0,243,15,3,243,243,15,15,1,steady,367224511,0,0,1.7854777497101737e+18,1.785477750077398e+18,4885731115,5252955626,rank243:F0,0
55,lane3:F1:s14->s15,pp_message,forward,1,-1,14,3,227,243,14,15,-1,p2p,4712346,4712346,0,,,5001986854,5006699200,rank227:F1,0
55,lane3:F2:s13->s14,pp_message,forward,2,-1,13,3,211,227,13,14,-1,p2p,4712346,4712346,0,,,5177161912,5181874258,rank211:F2,0
55,lane3:F3:s12->s13,pp_message,forward,3,-1,12,3,195,211,12,13,-1,p2p,4712346,4712346,0,,,5182148620,5186860966,rank195:F3,0
55,lane3:B0:s15->s14,pp_message,backward,0,-1,15,3,243,227,15,14,-1,p2p,4712346,4712346,0,,,5252955626,5257667972,rank243:B0,0
55,rank227:B0,compute,backward,0,227,14,3,227,227,14,14,2,steady,708835847,0,0,1.7854777501759939e+18,1.7854777508848297e+18,5257667972,5966503819,lane3:B0:s15->s14,255681118
55,rank243:F1,compute,forward,1,243,15,3,243,243,15,15,2,steady,193055823,0,0,1.7854777501759212e+18,1.7854777503689772e+18,5257667972,5450723795,lane3:B0:s15->s14,4712346
55,rank243:B1,compute,backward,1,243,15,3,243,243,15,15,3,steady,365999411,0,0,1.7854777503691628e+18,1.785477750735162e+18,5450723795,5816723206,rank243:F1,0
55,lane3:B1:s15->s14,pp_message,backward,1,-1,15,3,243,227,15,14,-1,p2p,4712346,4712346,0,,,5816723206,5821435552,rank243:B1,0
55,lane3:B0:s14->s13,pp_message,backward,0,-1,14,3,227,211,14,13,-1,p2p,4712346,4712346,0,,,5966503819,5971216165,rank227:B0,0
55,rank211:B0,compute,backward,0,211,13,3,211,211,13,13,3,steady,687967944,0,0,1.7854777509836728e+18,1.7854777516716408e+18,5971216165,6659184109,lane3:B0:s14->s13,794054253
55,rank227:F2,compute,forward,2,227,14,3,227,227,14,14,3,steady,309614968,0,0,1.7854777509834496e+18,1.7854777512930647e+18,5971216165,6280831133,lane3:B0:s14->s13,4712346
55,lane3:F2:s14->s15,pp_message,forward,2,-1,14,3,227,243,14,15,-1,p2p,4712346,4712346,0,,,6280831133,6285543479,rank227:F2,0
55,rank227:B1,compute,backward,1,227,14,3,227,227,14,14,4,steady,678466233,0,0,1.7854777512989832e+18,1.7854777519774495e+18,6285543479,6964009712,lane3:F2:s14->s15,4712346
55,rank243:F2,compute,forward,2,243,15,3,243,243,15,15,4,steady,189903476,0,0,1.785477751298999e+18,1.7854777514889024e+18,6285543479,6475446955,lane3:F2:s14->s15,468820273
55,rank243:B2,compute,backward,2,243,15,3,243,243,15,15,5,steady,365670128,0,0,1.785477751489087e+18,1.785477751854757e+18,6475446955,6841117083,rank243:F2,0
55,lane3:B0:s13->s12,pp_message,backward,0,-1,13,3,211,195,13,12,-1,p2p,4712346,4712346,0,,,6659184109,6663896455,rank211:B0,0
55,rank195:B0,compute,backward,0,195,12,3,195,195,12,12,4,steady,681555404,0,0,1.7854777517719585e+18,1.7854777524535137e+18,6663896455,7345451859,lane3:B0:s13->s12,1481747835
55,rank211:F3,compute,forward,3,211,13,3,211,211,13,13,4,steady,312675283,0,0,1.785477751771761e+18,1.7854777520844362e+18,6663896455,6976571738,lane3:B0:s13->s12,4712346
55,lane3:B2:s15->s14,pp_message,backward,2,-1,15,3,243,227,15,14,-1,p2p,4712346,4712346,0,,,6841117083,6845829429,rank243:B2,0
55,lane3:B1:s14->s13,pp_message,backward,1,-1,14,3,227,211,14,13,-1,p2p,4712346,4712346,0,,,6964009712,6968722058,rank227:B1,0
55,lane3:F3:s13->s14,pp_message,forward,3,-1,13,3,211,227,13,14,-1,p2p,4712346,4712346,0,,,6976571738,6981284084,rank211:F3,0
55,rank211:B1,compute,backward,1,211,13,3,211,211,13,13,5,steady,685259869,0,0,1.7854777520903578e+18,1.7854777527756175e+18,6981284084,7666543953,lane3:F3:s13->s14,4712346
55,rank227:F3,compute,forward,3,227,14,3,227,227,14,14,5,steady,308633090,0,0,1.7854777520902833e+18,1.7854777523989164e+18,6981284084,7289917174,lane3:F3:s13->s14,17274372
55,lane3:F3:s14->s15,pp_message,forward,3,-1,14,3,227,243,14,15,-1,p2p,4712346,4712346,0,,,7289917174,7294629520,rank227:F3,0
55,rank227:B2,compute,backward,2,227,14,3,227,227,14,14,6,steady,687551238,0,0,1.785477752404806e+18,1.785477753092357e+18,7294629520,7982180758,lane3:F3:s14->s15,4712346
55,rank243:F3,compute,forward,3,243,15,3,243,243,15,15,6,steady,189536793,0,0,1.7854777524048097e+18,1.7854777525943465e+18,7294629520,7484166313,lane3:F3:s14->s15,453512437
55,lane3:B0:s12->s11,pp_message,backward,0,-1,12,3,195,179,12,11,-1,p2p,4712346,4712346,0,,,7345451859,7350164205,rank195:B0,0
55,rank179:B0,compute,backward,0,179,11,3,179,179,11,11,4,cooldown,674485415,0,0,1.7854777525517128e+18,1.7854777532261983e+18,7350164205,8024649620,lane3:B0:s12->s11,2481110312
55,rank243:B3,compute,backward,3,243,15,3,243,243,15,15,7,steady,369566294,0,0,1.7854777525945341e+18,1.7854777529641006e+18,7484166313,7853732607,rank243:F3,0
55,lane3:B1:s13->s12,pp_message,backward,1,-1,13,3,211,195,13,12,-1,p2p,4712346,4712346,0,,,7666543953,7671256299,rank211:B1,0
55,rank195:B1,compute,backward,1,195,12,3,195,195,12,12,5,cooldown,679198496,0,0,1.7854777528743122e+18,1.7854777535535107e+18,7671256299,8350454795,lane3:B1:s13->s12,325804440
55,lane3:B3:s15->s14,pp_message,backward,3,-1,15,3,243,227,15,14,-1,p2p,4712346,4712346,0,,,7853732607,7858444953,rank243:B3,0
55,lane3:B2:s14->s13,pp_message,backward,2,-1,14,3,227,211,14,13,-1,p2p,4712346,4712346,0,,,7982180758,7986893104,rank227:B2,0
55,rank211:B2,compute,backward,2,211,13,3,211,211,13,13,6,cooldown,691272956,0,0,1.7854777531902262e+18,1.7854777538814991e+18,7986893104,8678166060,lane3:B2:s14->s13,320349151
55,rank227:B3,compute,backward,3,227,14,3,227,227,14,14,7,cooldown,687230522,0,0,1.785477753195191e+18,1.7854777538824218e+18,7986893104,8674123626,lane3:B2:s14->s13,4712346
55,lane3:B0:s11->s10,pp_message,backward,0,-1,11,3,179,163,11,10,-1,p2p,4712346,4712346,0,,,8024649620,8029361966,rank179:B0,0
55,rank163:B0,compute,backward,0,163,10,3,163,163,10,10,4,cooldown,684877275,0,0,1.7854777533250993e+18,1.7854777540099766e+18,8029361966,8714239241,lane3:B0:s11->s10,3472143053
55,lane3:B1:s12->s11,pp_message,backward,1,-1,12,3,195,179,12,11,-1,p2p,4712346,4712346,0,,,8350454795,8355167141,rank195:B1,0
55,rank179:B1,compute,backward,1,179,11,3,179,179,11,11,5,cooldown,685769415,0,0,1.7854777536509076e+18,1.785477754336677e+18,8355167141,9040936556,lane3:B1:s12->s11,330517521
55,lane3:B3:s14->s13,pp_message,backward,3,-1,14,3,227,211,14,13,-1,p2p,4712346,4712346,0,,,8674123626,8678835972,rank227:B3,0
55,lane3:B2:s13->s12,pp_message,backward,2,-1,13,3,211,195,13,12,-1,p2p,4712346,4712346,0,,,8678166060,8682878406,rank211:B2,0
55,rank195:B2,compute,backward,2,195,12,3,195,195,12,12,6,cooldown,681093302,0,0,1.785477753980155e+18,1.7854777546612483e+18,8682878406,9363971708,lane3:B2:s13->s12,332423611
55,rank211:B3,compute,backward,3,211,13,3,211,211,13,13,7,cooldown,680535062,0,0,1.7854777539853596e+18,1.7854777546658947e+18,8682878406,9363413468,lane3:B2:s13->s12,4712346
55,lane3:B0:s10->s9,pp_message,backward,0,-1,10,3,163,147,10,9,-1,p2p,4712346,4712346,0,,,8714239241,8718951587,rank163:B0,0
55,rank147:B0,compute,backward,0,147,9,3,147,147,9,9,4,cooldown,703088531,0,0,1.785477754108543e+18,1.7854777548116316e+18,8718951587,9422040118,lane3:B0:s10->s9,4477060647
55,lane3:B1:s11->s10,pp_message,backward,1,-1,11,3,179,163,11,10,-1,p2p,4712346,4712346,0,,,9040936556,9045648902,rank179:B1,0
55,rank163:B1,compute,backward,1,163,10,3,163,163,10,10,5,cooldown,677000878,0,0,1.7854777544361574e+18,1.7854777551131581e+18,9045648902,9722649780,lane3:B1:s11->s10,331409661
55,lane3:B3:s13->s12,pp_message,backward,3,-1,13,3,211,195,13,12,-1,p2p,4712346,4712346,0,,,9363413468,9368125814,rank211:B3,0
55,lane3:B2:s12->s11,pp_message,backward,2,-1,12,3,195,179,12,11,-1,p2p,4712346,4712346,0,,,9363971708,9368684054,rank195:B2,0
55,rank179:B2,compute,backward,2,179,11,3,179,179,11,11,6,cooldown,683013837,0,0,1.7854777547594028e+18,1.7854777554424166e+18,9368684054,10051697891,lane3:B2:s12->s11,327747498
55,rank195:B3,compute,backward,3,195,12,3,195,195,12,12,7,cooldown,678716141,0,0,1.7854777547648228e+18,1.785477755443539e+18,9368684054,10047400195,lane3:B2:s12->s11,4712346
55,lane3:B0:s9->s8,pp_message,backward,0,-1,9,3,147,131,9,8,-1,p2p,4712346,4712346,0,,,9422040118,9426752464,rank147:B0,0
55,rank131:B0,compute,backward,0,131,8,3,131,131,8,8,4,cooldown,689450843,0,0,1.7854777549103585e+18,1.7854777555998095e+18,9426752464,10116203307,lane3:B0:s9->s8,5508428097
55,lane3:B1:s10->s9,pp_message,backward,1,-1,10,3,163,147,10,9,-1,p2p,4712346,4712346,0,,,9722649780,9727362126,rank163:B1,0
55,rank147:B1,compute,backward,1,147,9,3,147,147,9,9,5,cooldown,698698634,0,0,1.785477755211005e+18,1.7854777559097037e+18,9727362126,10426060760,lane3:B1:s10->s9,305322008
55,lane3:B3:s12->s11,pp_message,backward,3,-1,12,3,195,179,12,11,-1,p2p,4712346,4712346,0,,,10047400195,10052112541,rank195:B3,0
55,lane3:B2:s11->s10,pp_message,backward,2,-1,11,3,179,163,11,10,-1,p2p,4712346,4712346,0,,,10051697891,10056410237,rank179:B2,0
55,rank163:B2,compute,backward,2,163,10,3,163,163,10,10,6,cooldown,678256385,0,0,1.7854777555408955e+18,1.785477756219152e+18,10056410237,10734666622,lane3:B2:s11->s10,333760457
55,rank179:B3,compute,backward,3,179,11,3,179,179,11,11,7,cooldown,674910647,0,0,1.785477755546452e+18,1.7854777562213624e+18,10056410237,10731320884,lane3:B2:s11->s10,4712346
55,lane3:B0:s8->s7,pp_message,backward,0,-1,8,3,131,115,8,7,-1,p2p,4712346,4712346,0,,,10116203307,10120915653,rank131:B0,0
55,rank115:B0,compute,backward,0,115,7,3,115,115,7,7,4,cooldown,680639014,0,0,1.785477755698081e+18,1.78547775637872e+18,10120915653,10801554667,lane3:B0:s8->s7,6518267463
55,lane3:B1:s9->s8,pp_message,backward,1,-1,9,3,147,131,9,8,-1,p2p,4712346,4712346,0,,,10426060760,10430773106,rank147:B1,0
55,rank131:B1,compute,backward,1,131,8,3,131,131,8,8,5,cooldown,694173897,0,0,1.7854777560083866e+18,1.7854777567025605e+18,10430773106,11124947003,lane3:B1:s9->s8,314569799
55,lane3:B3:s11->s10,pp_message,backward,3,-1,11,3,179,163,11,10,-1,p2p,4712346,4712346,0,,,10731320884,10736033230,rank179:B3,0
55,lane3:B2:s10->s9,pp_message,backward,2,-1,10,3,163,147,10,9,-1,p2p,4712346,4712346,0,,,10734666622,10739378968,rank163:B2,0
55,rank147:B2,compute,backward,2,147,9,3,147,147,9,9,6,cooldown,700740855,0,0,1.7854777563172004e+18,1.7854777570179412e+18,10739378968,11440119823,lane3:B2:s10->s9,313318208
55,rank163:B3,compute,backward,3,163,10,3,163,163,10,10,7,cooldown,679156349,0,0,1.7854777563227415e+18,1.785477757001898e+18,10739378968,11418535317,lane3:B2:s10->s9,4712346
55,lane3:B0:s7->s6,pp_message,backward,0,-1,7,3,115,99,7,6,-1,p2p,4712346,4712346,0,,,10801554667,10806267013,rank115:B0,0
55,rank99:B0,compute,backward,0,99,6,3,99,99,6,6,4,cooldown,702015045,0,0,1.7854777564781699e+18,1.7854777571801848e+18,10806267013,11508282058,lane3:B0:s7->s6,7548703195
55,lane3:B1:s8->s7,pp_message,backward,1,-1,8,3,131,115,8,7,-1,p2p,4712346,4712346,0,,,11124947003,11129659349,rank131:B1,0
55,rank115:B1,compute,backward,1,115,7,3,115,115,7,7,5,cooldown,684553834,0,0,1.7854777568000543e+18,1.7854777574846083e+18,11129659349,11814213183,lane3:B1:s8->s7,328104682
55,lane3:B3:s10->s9,pp_message,backward,3,-1,10,3,163,147,10,9,-1,p2p,4712346,4712346,0,,,11418535317,11423247663,rank163:B3,0
55,lane3:B2:s9->s8,pp_message,backward,2,-1,9,3,147,131,9,8,-1,p2p,4712346,4712346,0,,,11440119823,11444832169,rank147:B2,0
55,rank131:B2,compute,backward,2,131,8,3,131,131,8,8,6,cooldown,689685143,0,0,1.785477757117438e+18,1.7854777578071232e+18,11444832169,12134517312,lane3:B2:s9->s8,319885166
55,rank147:B3,compute,backward,3,147,9,3,147,147,9,9,7,cooldown,697079329,0,0,1.7854777571226317e+18,1.785477757819711e+18,11444832169,12141911498,lane3:B2:s9->s8,4712346
55,lane3:B0:s6->s5,pp_message,backward,0,-1,6,3,99,83,6,5,-1,p2p,4712346,4712346,0,,,11508282058,11512994404,rank99:B0,0
55,rank83:B0,compute,backward,0,83,5,3,83,83,5,5,4,cooldown,711376386,0,0,1.7854777572787016e+18,1.785477757990078e+18,11512994404,12224370790,lane3:B0:s6->s5,8579018144
55,lane3:B1:s7->s6,pp_message,backward,1,-1,7,3,115,99,7,6,-1,p2p,4712346,4712346,0,,,11814213183,11818925529,rank115:B1,0
55,rank99:B1,compute,backward,1,99,6,3,99,99,6,6,5,cooldown,720727763,0,0,1.785477757583078e+18,1.7854777583038057e+18,11818925529,12539653292,lane3:B1:s7->s6,310643471
55,lane3:B2:s8->s7,pp_message,backward,2,-1,8,3,131,115,8,7,-1,p2p,4712346,4712346,0,,,12134517312,12139229658,rank131:B2,0
55,rank115:B2,compute,backward,2,115,7,3,115,115,7,7,6,cooldown,683126173,0,0,1.7854777579052787e+18,1.785477758588405e+18,12139229658,12822355831,lane3:B2:s8->s7,325016475
55,lane3:B3:s9->s8,pp_message,backward,3,-1,9,3,147,131,9,8,-1,p2p,4712346,4712346,0,,,12141911498,12146623844,rank147:B3,0
55,rank131:B3,compute,backward,3,131,8,3,131,131,8,8,7,cooldown,681395337,0,0,1.7854777579179374e+18,1.7854777585993326e+18,12146623844,12828019181,lane3:B3:s9->s8,12106532
55,lane3:B0:s5->s4,pp_message,backward,0,-1,5,3,83,67,5,4,-1,p2p,4712346,4712346,0,,,12224370790,12229083136,rank83:B0,0
55,rank67:B0,compute,backward,0,67,4,3,67,67,4,4,4,cooldown,698688013,0,0,1.7854777580864212e+18,1.7854777587851092e+18,12229083136,12927771149,lane3:B0:s5->s4,9630912127
55,lane3:B1:s6->s5,pp_message,backward,1,-1,6,3,99,83,6,5,-1,p2p,4712346,4712346,0,,,12539653292,12544365638,rank99:B1,0
55,rank83:B1,compute,backward,1,83,5,3,83,83,5,5,5,cooldown,704722710,0,0,1.7854777584025306e+18,1.7854777591072532e+18,12544365638,13249088348,lane3:B1:s6->s5,319994848
55,lane3:B2:s7->s6,pp_message,backward,2,-1,7,3,115,99,7,6,-1,p2p,4712346,4712346,0,,,12822355831,12827068177,rank115:B2,0
55,rank99:B2,compute,backward,2,99,6,3,99,99,6,6,6,cooldown,695248881,0,0,1.7854777586868897e+18,1.7854777593821386e+18,12827068177,13522317058,lane3:B2:s7->s6,287414885
55,lane3:B3:s8->s7,pp_message,backward,3,-1,8,3,131,115,8,7,-1,p2p,4712346,4712346,0,,,12828019181,12832731527,rank131:B3,0
55,rank115:B3,compute,backward,3,115,7,3,115,115,7,7,7,cooldown,679317595,0,0,1.7854777586984428e+18,1.7854777593777605e+18,12832731527,13512049122,lane3:B3:s8->s7,10375696
55,lane3:B0:s4->s3,pp_message,backward,0,-1,4,3,67,51,4,3,-1,p2p,4712346,4712346,0,,,12927771149,12932483495,rank67:B0,0
55,rank51:B0,compute,backward,0,51,3,3,51,51,3,3,4,cooldown,708260929,0,0,1.7854777588846792e+18,1.7854777595929403e+18,12932483495,13640744424,lane3:B0:s4->s3,10652665139
55,lane3:B1:s5->s4,pp_message,backward,1,-1,5,3,83,67,5,4,-1,p2p,4712346,4712346,0,,,13249088348,13253800694,rank83:B1,0
55,rank67:B1,compute,backward,1,67,4,3,67,67,4,4,5,cooldown,699437675,0,0,1.7854777592056463e+18,1.785477759905084e+18,13253800694,13953238369,lane3:B1:s5->s4,326029545
55,lane3:B3:s7->s6,pp_message,backward,3,-1,7,3,115,99,7,6,-1,p2p,4712346,4712346,0,,,13512049122,13516761468,rank115:B3,0
55,lane3:B2:s6->s5,pp_message,backward,2,-1,6,3,99,83,6,5,-1,p2p,4712346,4712346,0,,,13522317058,13527029404,rank99:B2,0
55,rank83:B2,compute,backward,2,83,5,3,83,83,5,5,6,cooldown,710824308,0,0,1.7854777594815163e+18,1.7854777601923405e+18,13527029404,14237853712,lane3:B2:s6->s5,277941056
55,rank99:B3,compute,backward,3,99,6,3,99,99,6,6,7,cooldown,689508798,0,0,1.7854777594865964e+18,1.7854777601761052e+18,13527029404,14216538202,lane3:B2:s6->s5,4712346
55,lane3:B0:s3->s2,pp_message,backward,0,-1,3,3,51,35,3,2,-1,p2p,4712346,4712346,0,,,13640744424,13645456770,rank51:B0,0
55,rank35:B0,compute,backward,0,35,2,3,35,35,2,2,4,cooldown,712698562,0,0,1.7854777596937126e+18,1.7854777604064113e+18,13645456770,14358155332,lane3:B0:s3->s2,11704393067
55,lane3:B1:s4->s3,pp_message,backward,1,-1,4,3,67,51,4,3,-1,p2p,4712346,4712346,0,,,13953238369,13957950715,rank67:B1,0
55,rank51:B1,compute,backward,1,51,3,3,51,51,3,3,5,cooldown,704767534,0,0,1.785477760001678e+18,1.7854777607064456e+18,13957950715,14662718249,lane3:B1:s4->s3,317206291
55,lane3:B3:s6->s5,pp_message,backward,3,-1,6,3,99,83,6,5,-1,p2p,4712346,4712346,0,,,14216538202,14221250548,rank99:B3,0
55,lane3:B2:s5->s4,pp_message,backward,2,-1,5,3,83,67,5,4,-1,p2p,4712346,4712346,0,,,14237853712,14242566058,rank83:B2,0
55,rank67:B2,compute,backward,2,67,4,3,67,67,4,4,6,cooldown,695240320,0,0,1.7854777602906998e+18,1.7854777609859402e+18,14242566058,14937806378,lane3:B2:s5->s4,289327689
55,rank83:B3,compute,backward,3,83,5,3,83,83,5,5,7,cooldown,685764493,0,0,1.7854777602961285e+18,1.785477760981893e+18,14242566058,14928330551,lane3:B2:s5->s4,4712346
55,lane3:B0:s2->s1,pp_message,backward,0,-1,2,3,35,19,2,1,-1,p2p,4712346,4712346,0,,,14358155332,14362867678,rank35:B0,0
55,rank19:B0,compute,backward,0,19,1,3,19,19,1,1,4,cooldown,722576956,0,0,1.785477760507114e+18,1.785477761229691e+18,14362867678,15085444634,lane3:B0:s2->s1,12884635770
55,lane3:B1:s3->s2,pp_message,backward,1,-1,3,3,51,35,3,2,-1,p2p,4712346,4712346,0,,,14662718249,14667430595,rank51:B1,0
55,rank35:B1,compute,backward,1,35,2,3,35,35,2,2,5,cooldown,708582526,0,0,1.7854777608053445e+18,1.7854777615139272e+18,14667430595,15376013121,lane3:B1:s3->s2,309275263
55,lane3:B3:s5->s4,pp_message,backward,3,-1,5,3,83,67,5,4,-1,p2p,4712346,4712346,0,,,14928330551,14933042897,rank83:B3,0
55,lane3:B2:s4->s3,pp_message,backward,2,-1,4,3,67,51,4,3,-1,p2p,4712346,4712346,0,,,14937806378,14942518724,rank67:B2,0
55,rank51:B2,compute,backward,2,51,3,3,51,51,3,3,6,cooldown,723795827,0,0,1.7854777610830684e+18,1.7854777618068641e+18,14942518724,15666314551,lane3:B2:s4->s3,279800475
55,rank67:B3,compute,backward,3,67,4,3,67,67,4,4,7,cooldown,696650922,0,0,1.7854777610884178e+18,1.7854777617850688e+18,14942518724,15639169646,lane3:B2:s4->s3,4712346
55,lane3:B0:s1->s0,pp_message,backward,0,-1,1,3,19,3,1,0,-1,p2p,4712346,4712346,0,,,15085444634,15090156980,rank19:B0,0
55,rank3:B0,compute,backward,0,3,0,3,3,3,0,0,4,cooldown,411703563,0,0,1.7854777613298757e+18,1.7854777617415793e+18,15090156980,15501860543,lane3:B0:s1->s0,14441461513
55,lane3:B1:s2->s1,pp_message,backward,1,-1,2,3,35,19,2,1,-1,p2p,4712346,4712346,0,,,15376013121,15380725467,rank35:B1,0
55,rank19:B1,compute,backward,1,19,1,3,19,19,1,1,5,cooldown,726421666,0,0,1.785477761613067e+18,1.7854777623394885e+18,15380725467,16107147133,lane3:B1:s2->s1,295280833
55,lane3:B3:s4->s3,pp_message,backward,3,-1,4,3,67,51,4,3,-1,p2p,4712346,4712346,0,,,15639169646,15643881992,rank67:B3,0
55,lane3:B2:s3->s2,pp_message,backward,2,-1,3,3,51,35,3,2,-1,p2p,4712346,4712346,0,,,15666314551,15671026897,rank51:B2,0
55,rank35:B2,compute,backward,2,35,2,3,35,35,2,2,6,cooldown,708342108,0,0,1.7854777619052134e+18,1.7854777626135557e+18,15671026897,16379369005,lane3:B2:s3->s2,295013776
55,rank51:B3,compute,backward,3,51,3,3,51,51,3,3,7,cooldown,717118801,0,0,1.7854777619104215e+18,1.7854777626275402e+18,15671026897,16388145698,lane3:B2:s3->s2,4712346
55,lane3:B1:s1->s0,pp_message,backward,1,-1,1,3,19,3,1,0,-1,p2p,4712346,4712346,0,,,16107147133,16111859479,rank19:B1,0
55,rank3:B1,compute,backward,1,3,0,3,3,3,0,0,5,cooldown,407515190,0,0,1.7854777624373576e+18,1.7854777628448727e+18,16111859479,16519374669,lane3:B1:s1->s0,609998936
55,lane3:B2:s2->s1,pp_message,backward,2,-1,2,3,35,19,2,1,-1,p2p,4712346,4712346,0,,,16379369005,16384081351,rank35:B2,0
55,rank19:B2,compute,backward,2,19,1,3,19,19,1,1,6,cooldown,730627177,0,0,1.785477762712446e+18,1.785477763443073e+18,16384081351,17114708528,lane3:B2:s2->s1,276934218
55,lane3:B3:s3->s2,pp_message,backward,3,-1,3,3,51,35,3,2,-1,p2p,4712346,4712346,0,,,16388145698,16392858044,rank51:B3,0
55,rank35:B3,compute,backward,3,35,2,3,35,35,2,2,7,cooldown,702703290,0,0,1.785477762726066e+18,1.7854777634287693e+18,16392858044,17095561334,lane3:B3:s3->s2,13489039
55,lane3:B3:s2->s1,pp_message,backward,3,-1,2,3,35,19,2,1,-1,p2p,4712346,4712346,0,,,17095561334,17100273680,rank35:B3,0
55,lane3:B2:s1->s0,pp_message,backward,2,-1,1,3,19,3,1,0,-1,p2p,4712346,4712346,0,,,17114708528,17119420874,rank19:B2,0
55,rank19:B3,compute,backward,3,19,1,3,19,19,1,1,7,cooldown,722653601,0,0,1.7854777635461998e+18,1.7854777642688535e+18,17119420874,17842074475,lane3:B2:s1->s0,4712346
55,rank3:B2,compute,backward,2,3,0,3,3,3,0,0,6,cooldown,408726173,0,0,1.7854777635407634e+18,1.7854777639494897e+18,17119420874,17528147047,lane3:B2:s1->s0,600046205
55,lane3:B3:s1->s0,pp_message,backward,3,-1,1,3,19,3,1,0,-1,p2p,4712346,4712346,0,,,17842074475,17846786821,rank19:B3,0
55,rank3:B3,compute,backward,3,3,0,3,3,3,0,0,7,cooldown,405564248,0,0,1.7854777643673216e+18,1.7854777647728858e+18,17846786821,18252351069,lane3:B3:s1->s0,318639774
55,rank4:F0,compute,forward,0,4,0,4,4,4,0,0,0,warmup,162375113,0,0,1.7854777448089242e+18,1.7854777449712993e+18,0,162375113,,0
55,lane4:F0:s0->s1,pp_message,forward,0,-1,0,4,4,20,0,1,-1,p2p,4712346,4712346,0,,,162375113,167087459,rank4:F0,0
55,rank20:F0,compute,forward,0,20,1,4,20,20,1,1,0,warmup,325676368,0,0,1.7854777449764897e+18,1.785477745302166e+18,167087459,492763827,lane4:F0:s0->s1,167087459
55,rank4:F1,compute,forward,1,4,0,4,4,4,0,0,1,warmup,158199210,0,0,1.7854777449765806e+18,1.78547774513478e+18,167087459,325286669,lane4:F0:s0->s1,4712346
55,lane4:F1:s0->s1,pp_message,forward,1,-1,0,4,4,20,0,1,-1,p2p,4712346,4712346,0,,,325286669,329999015,rank4:F1,0
55,rank4:F2,compute,forward,2,4,0,4,4,4,0,0,2,warmup,158732385,0,0,1.7854777453123425e+18,1.785477745471075e+18,329999015,488731400,lane4:F1:s0->s1,4712346
55,lane4:F2:s0->s1,pp_message,forward,2,-1,0,4,4,20,0,1,-1,p2p,4712346,4712346,0,,,488731400,493443746,rank4:F2,0
55,lane4:F0:s1->s2,pp_message,forward,0,-1,1,4,20,36,1,2,-1,p2p,4712346,4712346,0,,,492763827,497476173,rank20:F0,0
55,rank4:F3,compute,forward,3,4,0,4,4,4,0,0,3,warmup,158019087,0,0,1.7854777456492918e+18,1.7854777458073108e+18,493443746,651462833,lane4:F2:s0->s1,4712346
55,rank20:F1,compute,forward,1,20,1,4,20,20,1,1,1,warmup,326755949,0,0,1.7854777453121915e+18,1.7854777456389476e+18,497476173,824232122,lane4:F0:s1->s2,4712346
55,rank36:F0,compute,forward,0,36,2,4,36,36,2,2,0,warmup,321407399,0,0,1.7854777453072433e+18,1.7854777456286508e+18,497476173,818883572,lane4:F0:s1->s2,497476173
55,lane4:F3:s0->s1,pp_message,forward,3,-1,0,4,4,20,0,1,-1,p2p,4712346,4712346,0,,,651462833,656175179,rank4:F3,0
55,lane4:F0:s2->s3,pp_message,forward,0,-1,2,4,36,52,2,3,-1,p2p,4712346,4712346,0,,,818883572,823595918,rank36:F0,0
55,rank52:F0,compute,forward,0,52,3,4,52,52,3,3,0,warmup,317215823,0,0,1.7854777456339643e+18,1.78547774595118e+18,823595918,1140811741,lane4:F0:s2->s3,823595918
55,lane4:F1:s1->s2,pp_message,forward,1,-1,1,4,20,36,1,2,-1,p2p,4712346,4712346,0,,,824232122,828944468,rank20:F1,0
55,rank20:F2,compute,forward,2,20,1,4,20,20,1,1,2,warmup,324865285,0,0,1.785477745649108e+18,1.7854777459739732e+18,828944468,1153809753,lane4:F1:s1->s2,4712346
55,rank36:F1,compute,forward,1,36,2,4,36,36,2,2,1,warmup,323013672,0,0,1.7854777456439695e+18,1.7854777459669834e+18,828944468,1151958140,lane4:F1:s1->s2,10060896
55,lane4:F0:s3->s4,pp_message,forward,0,-1,3,4,52,68,3,4,-1,p2p,4712346,4712346,0,,,1140811741,1145524087,rank52:F0,0
55,rank68:F0,compute,forward,0,68,4,4,68,68,4,4,0,warmup,335532539,0,0,1.7854777459564675e+18,1.785477746292e+18,1145524087,1481056626,lane4:F0:s3->s4,1145524087
55,lane4:F1:s2->s3,pp_message,forward,1,-1,2,4,36,52,2,3,-1,p2p,4712346,4712346,0,,,1151958140,1156670486,rank36:F1,0
55,lane4:F2:s1->s2,pp_message,forward,2,-1,1,4,20,36,1,2,-1,p2p,4712346,4712346,0,,,1153809753,1158522099,rank20:F2,0
55,rank52:F1,compute,forward,1,52,3,4,52,52,3,3,1,warmup,314164286,0,0,1.7854777459720238e+18,1.785477746286188e+18,1156670486,1470834772,lane4:F1:s2->s3,15858745
55,rank20:F3,compute,forward,3,20,1,4,20,20,1,1,3,warmup,322832329,0,0,1.7854777459839007e+18,1.785477746306733e+18,1158522099,1481354428,lane4:F2:s1->s2,4712346
55,rank36:F2,compute,forward,2,36,2,4,36,36,2,2,2,warmup,463738954,0,0,1.785477745978855e+18,1.785477746442594e+18,1158522099,1622261053,lane4:F2:s1->s2,6563959
55,lane4:F1:s3->s4,pp_message,forward,1,-1,3,4,52,68,3,4,-1,p2p,4712346,4712346,0,,,1470834772,1475547118,rank52:F1,0
55,lane4:F0:s4->s5,pp_message,forward,0,-1,4,4,68,84,4,5,-1,p2p,4712346,4712346,0,,,1481056626,1485768972,rank68:F0,0
55,lane4:F3:s1->s2,pp_message,forward,3,-1,1,4,20,36,1,2,-1,p2p,4712346,4712346,0,,,1481354428,1486066774,rank20:F3,0
55,rank68:F1,compute,forward,1,68,4,4,68,68,4,4,1,warmup,317110620,0,0,1.7854777463022825e+18,1.785477746619393e+18,1485768972,1802879592,lane4:F0:s4->s5,4712346
55,rank84:F0,compute,forward,0,84,5,4,84,84,5,5,0,warmup,314920094,0,0,1.7854777462975073e+18,1.7854777466124275e+18,1485768972,1800689066,lane4:F0:s4->s5,1485768972
55,lane4:F2:s2->s3,pp_message,forward,2,-1,2,4,36,52,2,3,-1,p2p,4712346,4712346,0,,,1622261053,1626973399,rank36:F2,0
55,rank36:F3,compute,forward,3,36,2,4,36,36,2,2,3,warmup,317187034,0,0,1.7854777464528346e+18,1.7854777467700216e+18,1626973399,1944160433,lane4:F2:s2->s3,4712346
55,rank52:F2,compute,forward,2,52,3,4,52,52,3,3,2,warmup,315033668,0,0,1.7854777464476892e+18,1.7854777467627228e+18,1626973399,1942007067,lane4:F2:s2->s3,156138627
55,lane4:F0:s5->s6,pp_message,forward,0,-1,5,4,84,100,5,6,-1,p2p,4712346,4712346,0,,,1800689066,1805401412,rank84:F0,0
55,lane4:F1:s4->s5,pp_message,forward,1,-1,4,4,68,84,4,5,-1,p2p,4712346,4712346,0,,,1802879592,1807591938,rank68:F1,0
55,rank100:F0,compute,forward,0,100,6,4,100,100,6,6,0,warmup,317939761,0,0,1.7854777466181517e+18,1.7854777469360916e+18,1805401412,2123341173,lane4:F0:s5->s6,1805401412
55,rank84:F1,compute,forward,1,84,5,4,84,84,5,5,1,warmup,312901785,0,0,1.7854777466245734e+18,1.7854777469374753e+18,1807591938,2120493723,lane4:F1:s4->s5,6902872
55,lane4:F2:s3->s4,pp_message,forward,2,-1,3,4,52,68,3,4,-1,p2p,4712346,4712346,0,,,1942007067,1946719413,rank52:F2,0
55,lane4:F3:s2->s3,pp_message,forward,3,-1,2,4,36,52,2,3,-1,p2p,4712346,4712346,0,,,1944160433,1948872779,rank36:F3,0
55,rank68:F2,compute,forward,2,68,4,4,68,68,4,4,2,warmup,315926438,0,0,1.785477746768e+18,1.7854777470839263e+18,1946719413,2262645851,lane4:F2:s3->s4,143839821
55,rank52:F3,compute,forward,3,52,3,4,52,52,3,3,3,warmup,333987697,0,0,1.785477746775026e+18,1.7854777471090138e+18,1948872779,2282860476,lane4:F3:s2->s3,6865712
55,lane4:F1:s5->s6,pp_message,forward,1,-1,5,4,84,100,5,6,-1,p2p,4712346,4712346,0,,,2120493723,2125206069,rank84:F1,0
55,lane4:F0:s6->s7,pp_message,forward,0,-1,6,4,100,116,6,7,-1,p2p,4712346,4712346,0,,,2123341173,2128053519,rank100:F0,0
55,rank100:F1,compute,forward,1,100,6,4,100,100,6,6,1,warmup,316695104,0,0,1.7854777469464456e+18,1.7854777472631406e+18,2128053519,2444748623,lane4:F0:s6->s7,4712346
55,rank116:F0,compute,forward,0,116,7,4,116,116,7,7,0,warmup,316953007,0,0,1.7854777469414927e+18,1.7854777472584458e+18,2128053519,2445006526,lane4:F0:s6->s7,2128053519
55,lane4:F2:s4->s5,pp_message,forward,2,-1,4,4,68,84,4,5,-1,p2p,4712346,4712346,0,,,2262645851,2267358197,rank68:F2,0
55,rank84:F2,compute,forward,2,84,5,4,84,84,5,5,2,warmup,352309907,0,0,1.7854777470892547e+18,1.7854777474415647e+18,2267358197,2619668104,lane4:F2:s4->s5,146864474
55,lane4:F3:s3->s4,pp_message,forward,3,-1,3,4,52,68,3,4,-1,p2p,4712346,4712346,0,,,2282860476,2287572822,rank52:F3,0
55,rank68:F3,compute,forward,3,68,4,4,68,68,4,4,3,warmup,313630016,0,0,1.7854777471141972e+18,1.7854777474278272e+18,2287572822,2601202838,lane4:F3:s3->s4,24926971
55,lane4:F1:s6->s7,pp_message,forward,1,-1,6,4,100,116,6,7,-1,p2p,4712346,4712346,0,,,2444748623,2449460969,rank100:F1,0
55,lane4:F0:s7->s8,pp_message,forward,0,-1,7,4,116,132,7,8,-1,p2p,4712346,4712346,0,,,2445006526,2449718872,rank116:F0,0
55,rank116:F1,compute,forward,1,116,7,4,116,116,7,7,1,warmup,314142474,0,0,1.7854777472687357e+18,1.7854777475828782e+18,2449718872,2763861346,lane4:F0:s7->s8,4712346
55,rank132:F0,compute,forward,0,132,8,4,132,132,8,8,0,warmup,313353585,0,0,1.785477747263857e+18,1.7854777475772104e+18,2449718872,2763072457,lane4:F0:s7->s8,2449718872
55,lane4:F3:s4->s5,pp_message,forward,3,-1,4,4,68,84,4,5,-1,p2p,4712346,4712346,0,,,2601202838,2605915184,rank68:F3,0
55,lane4:F2:s5->s6,pp_message,forward,2,-1,5,4,84,100,5,6,-1,p2p,4712346,4712346,0,,,2619668104,2624380450,rank84:F2,0
55,rank100:F2,compute,forward,2,100,6,4,100,100,6,6,2,warmup,316280243,0,0,1.7854777474467174e+18,1.7854777477629978e+18,2624380450,2940660693,lane4:F2:s5->s6,179631827
55,rank84:F3,compute,forward,3,84,5,4,84,84,5,5,3,warmup,312507330,0,0,1.785477747451766e+18,1.7854777477642734e+18,2624380450,2936887780,lane4:F2:s5->s6,4712346
55,lane4:F0:s8->s9,pp_message,forward,0,-1,8,4,132,148,8,9,-1,p2p,4712346,4712346,0,,,2763072457,2767784803,rank132:F0,0
55,lane4:F1:s7->s8,pp_message,forward,1,-1,7,4,116,132,7,8,-1,p2p,4712346,4712346,0,,,2763861346,2768573692,rank116:F1,0
55,rank148:F0,compute,forward,0,148,9,4,148,148,9,9,0,warmup,320763585,0,0,1.785477747582385e+18,1.7854777479031485e+18,2767784803,3088548388,lane4:F0:s8->s9,2767784803
55,rank132:F1,compute,forward,1,132,8,4,132,132,8,8,1,warmup,310514055,0,0,1.7854777475880307e+18,1.7854777478985446e+18,2768573692,3079087747,lane4:F1:s7->s8,5501235
55,lane4:F3:s5->s6,pp_message,forward,3,-1,5,4,84,100,5,6,-1,p2p,4712346,4712346,0,,,2936887780,2941600126,rank84:F3,0
55,lane4:F2:s6->s7,pp_message,forward,2,-1,6,4,100,116,6,7,-1,p2p,4712346,4712346,0,,,2940660693,2945373039,rank100:F2,0
55,rank100:F3,compute,forward,3,100,6,4,100,100,6,6,3,warmup,315664349,0,0,1.7854777477731917e+18,1.7854777480888558e+18,2945373039,3261037388,lane4:F2:s6->s7,4712346
55,rank116:F2,compute,forward,2,116,7,4,116,116,7,7,2,warmup,310759639,0,0,1.7854777477681242e+18,1.7854777480788838e+18,2945373039,3256132678,lane4:F2:s6->s7,181511693
55,lane4:F1:s8->s9,pp_message,forward,1,-1,8,4,132,148,8,9,-1,p2p,4712346,4712346,0,,,3079087747,3083800093,rank132:F1,0
55,lane4:F0:s9->s10,pp_message,forward,0,-1,9,4,148,164,9,10,-1,p2p,4712346,4712346,0,,,3088548388,3093260734,rank148:F0,0
55,rank148:F1,compute,forward,1,148,9,4,148,148,9,9,1,warmup,318432407,0,0,1.7854777479134464e+18,1.785477748231879e+18,3093260734,3411693141,lane4:F0:s9->s10,4712346
55,rank164:F0,compute,forward,0,164,10,4,164,164,10,10,0,warmup,320352418,0,0,1.7854777479090373e+18,1.7854777482293898e+18,3093260734,3413613152,lane4:F0:s9->s10,3093260734
55,lane4:F2:s7->s8,pp_message,forward,2,-1,7,4,116,132,7,8,-1,p2p,4712346,4712346,0,,,3256132678,3260845024,rank116:F2,0
55,rank132:F2,compute,forward,2,132,8,4,132,132,8,8,2,warmup,311242629,0,0,1.7854777480840438e+18,1.7854777483952865e+18,3260845024,3572087653,lane4:F2:s7->s8,181757277
55,lane4:F3:s6->s7,pp_message,forward,3,-1,6,4,100,116,6,7,-1,p2p,4712346,4712346,0,,,3261037388,3265749734,rank100:F3,0
55,rank116:F3,compute,forward,3,116,7,4,116,116,7,7,3,warmup,340575342,0,0,1.785477748093969e+18,1.785477748434544e+18,3265749734,3606325076,lane4:F3:s6->s7,9617056
55,lane4:F1:s9->s10,pp_message,forward,1,-1,9,4,148,164,9,10,-1,p2p,4712346,4712346,0,,,3411693141,3416405487,rank148:F1,0
55,lane4:F0:s10->s11,pp_message,forward,0,-1,10,4,164,180,10,11,-1,p2p,4712346,4712346,0,,,3413613152,3418325498,rank164:F0,0
55,rank164:F1,compute,forward,1,164,10,4,164,164,10,10,1,warmup,324374387,0,0,1.785477748239745e+18,1.7854777485641196e+18,3418325498,3742699885,lane4:F0:s10->s11,4712346
55,rank180:F0,compute,forward,0,180,11,4,180,180,11,11,0,warmup,311233764,0,0,1.7854777482351654e+18,1.7854777485463992e+18,3418325498,3729559262,lane4:F0:s10->s11,3418325498
55,lane4:F2:s8->s9,pp_message,forward,2,-1,8,4,132,148,8,9,-1,p2p,4712346,4712346,0,,,3572087653,3576799999,rank132:F2,0
55,rank148:F2,compute,forward,2,148,9,4,148,148,9,9,2,warmup,318711732,0,0,1.7854777484003492e+18,1.785477748719061e+18,3576799999,3895511731,lane4:F2:s8->s9,165106858
55,lane4:F3:s7->s8,pp_message,forward,3,-1,7,4,116,132,7,8,-1,p2p,4712346,4712346,0,,,3606325076,3611037422,rank116:F3,0
55,rank132:F3,compute,forward,3,132,8,4,132,132,8,8,3,warmup,310965808,0,0,1.785477748439703e+18,1.7854777487506688e+18,3611037422,3922003230,lane4:F3:s7->s8,38949769
55,lane4:F0:s11->s12,pp_message,forward,0,-1,11,4,180,196,11,12,-1,p2p,4712346,4712346,0,,,3729559262,3734271608,rank180:F0,0
55,rank196:F0,compute,forward,0,196,12,4,196,196,12,12,0,warmup,312791569,0,0,1.7854777485522304e+18,1.785477748865022e+18,3734271608,4047063177,lane4:F0:s11->s12,3734271608
55,lane4:F1:s10->s11,pp_message,forward,1,-1,10,4,164,180,10,11,-1,p2p,4712346,4712346,0,,,3742699885,3747412231,rank164:F1,0
55,rank180:F1,compute,forward,1,180,11,4,180,180,11,11,1,warmup,316116279,0,0,1.7854777485692652e+18,1.7854777488853814e+18,3747412231,4063528510,lane4:F1:s10->s11,17852969
55,lane4:F2:s9->s10,pp_message,forward,2,-1,9,4,148,164,9,10,-1,p2p,4712346,4712346,0,,,3895511731,3900224077,rank148:F2,0
55,rank164:F2,compute,forward,2,164,10,4,164,164,10,10,2,warmup,333471705,0,0,1.7854777487243748e+18,1.7854777490578465e+18,3900224077,4233695782,lane4:F2:s9->s10,157524192
55,lane4:F3:s8->s9,pp_message,forward,3,-1,8,4,132,148,8,9,-1,p2p,4712346,4712346,0,,,3922003230,3926715576,rank132:F3,0
55,rank148:F3,compute,forward,3,148,9,4,148,148,9,9,3,warmup,318981823,0,0,1.7854777487557005e+18,1.7854777490746824e+18,3926715576,4245697399,lane4:F3:s8->s9,31203845
55,lane4:F0:s12->s13,pp_message,forward,0,-1,12,4,196,212,12,13,-1,p2p,4712346,4712346,0,,,4047063177,4051775523,rank196:F0,0
55,rank212:F0,compute,forward,0,212,13,4,212,212,13,13,0,warmup,314934722,0,0,1.785477748871504e+18,1.7854777491864384e+18,4051775523,4366710245,lane4:F0:s12->s13,4051775523
55,lane4:F1:s11->s12,pp_message,forward,1,-1,11,4,180,196,11,12,-1,p2p,4712346,4712346,0,,,4063528510,4068240856,rank180:F1,0
55,rank196:F1,compute,forward,1,196,12,4,196,196,12,12,1,warmup,307781828,0,0,1.785477748890384e+18,1.7854777491981658e+18,4068240856,4376022684,lane4:F1:s11->s12,21177679
55,lane4:F2:s10->s11,pp_message,forward,2,-1,10,4,164,180,10,11,-1,p2p,4712346,4712346,0,,,4233695782,4238408128,rank164:F2,0
55,rank180:F2,compute,forward,2,180,11,4,180,180,11,11,2,warmup,309294414,0,0,1.7854777490629804e+18,1.7854777493722747e+18,4238408128,4547702542,lane4:F2:s10->s11,174879618
55,lane4:F3:s9->s10,pp_message,forward,3,-1,9,4,148,164,9,10,-1,p2p,4712346,4712346,0,,,4245697399,4250409745,rank148:F3,0
55,rank164:F3,compute,forward,3,164,10,4,164,164,10,10,3,warmup,310624376,0,0,1.7854777490798868e+18,1.785477749390511e+18,4250409745,4561034121,lane4:F3:s9->s10,16713963
55,lane4:F0:s13->s14,pp_message,forward,0,-1,13,4,212,228,13,14,-1,p2p,4712346,4712346,0,,,4366710245,4371422591,rank212:F0,0
55,rank228:F0,compute,forward,0,228,14,4,228,228,14,14,0,warmup,315621230,0,0,1.7854777491926403e+18,1.7854777495082616e+18,4371422591,4687043821,lane4:F0:s13->s14,4371422591
55,lane4:F1:s12->s13,pp_message,forward,1,-1,12,4,196,212,12,13,-1,p2p,4712346,4712346,0,,,4376022684,4380735030,rank196:F1,0
55,rank212:F1,compute,forward,1,212,13,4,212,212,13,13,1,warmup,308972054,0,0,1.7854777492038653e+18,1.7854777495128374e+18,4380735030,4689707084,lane4:F1:s12->s13,14024785
55,lane4:F2:s11->s12,pp_message,forward,2,-1,11,4,180,196,11,12,-1,p2p,4712346,4712346,0,,,4547702542,4552414888,rank180:F2,0
55,rank196:F2,compute,forward,2,196,12,4,196,196,12,12,2,warmup,312767064,0,0,1.7854777493772884e+18,1.7854777496900557e+18,4552414888,4865181952,lane4:F2:s11->s12,176392204
55,lane4:F3:s10->s11,pp_message,forward,3,-1,10,4,164,180,10,11,-1,p2p,4712346,4712346,0,,,4561034121,4565746467,rank164:F3,0
55,rank180:F3,compute,forward,3,180,11,4,180,180,11,11,3,warmup,306985399,0,0,1.785477749395567e+18,1.7854777497025526e+18,4565746467,4872731866,lane4:F3:s10->s11,18043925
55,lane4:F0:s14->s15,pp_message,forward,0,-1,14,4,228,244,14,15,-1,p2p,4712346,4712346,0,,,4687043821,4691756167,rank228:F0,0
55,lane4:F1:s13->s14,pp_message,forward,1,-1,13,4,212,228,13,14,-1,p2p,4712346,4712346,0,,,4689707084,4694419430,rank212:F1,0
55,rank244:F0,compute,forward,0,244,15,4,244,244,15,15,0,steady,194851747,0,0,1.785477749514253e+18,1.7854777497091046e+18,4691756167,4886607914,lane4:F0:s14->s15,4691756167
55,rank228:F1,compute,forward,1,228,14,4,228,228,14,14,1,steady,308558812,0,0,1.785477749519048e+18,1.7854777498276068e+18,4694419430,5002978242,lane4:F1:s13->s14,7375609
55,lane4:F2:s12->s13,pp_message,forward,2,-1,12,4,196,212,12,13,-1,p2p,4712346,4712346,0,,,4865181952,4869894298,rank196:F2,0
55,rank212:F2,compute,forward,2,212,13,4,212,212,13,13,2,steady,310527035,0,0,1.7854777496958902e+18,1.7854777500064174e+18,4869894298,5180421333,lane4:F2:s12->s13,180187214
55,lane4:F3:s11->s12,pp_message,forward,3,-1,11,4,180,196,11,12,-1,p2p,4712346,4712346,0,,,4872731866,4877444212,rank180:F3,0
55,rank196:F3,compute,forward,3,196,12,4,196,196,12,12,3,steady,308671535,0,0,1.785477749707594e+18,1.7854777500162655e+18,4877444212,5186115747,lane4:F3:s11->s12,12262260
55,rank244:B0,compute,backward,0,244,15,4,244,244,15,15,1,steady,368505402,0,0,1.7854777497092772e+18,1.7854777500777828e+18,4886607914,5255113316,rank244:F0,0
55,lane4:F1:s14->s15,pp_message,forward,1,-1,14,4,228,244,14,15,-1,p2p,4712346,4712346,0,,,5002978242,5007690588,rank228:F1,0
55,lane4:F2:s13->s14,pp_message,forward,2,-1,13,4,212,228,13,14,-1,p2p,4712346,4712346,0,,,5180421333,5185133679,rank212:F2,0
55,lane4:F3:s12->s13,pp_message,forward,3,-1,12,4,196,212,12,13,-1,p2p,4712346,4712346,0,,,5186115747,5190828093,rank196:F3,0
55,lane4:B0:s15->s14,pp_message,backward,0,-1,15,4,244,228,15,14,-1,p2p,4712346,4712346,0,,,5255113316,5259825662,rank244:B0,0
55,rank228:B0,compute,backward,0,228,14,4,228,228,14,14,2,steady,708612916,0,0,1.785477750176336e+18,1.7854777508849487e+18,5259825662,5968438578,lane4:B0:s15->s14,256847420
55,rank244:F1,compute,forward,1,244,15,4,244,244,15,15,2,steady,192909147,0,0,1.7854777501762179e+18,1.7854777503691272e+18,5259825662,5452734809,lane4:B0:s15->s14,4712346
55,rank244:B1,compute,backward,1,244,15,4,244,244,15,15,3,steady,365359768,0,0,1.7854777503693642e+18,1.785477750734724e+18,5452734809,5818094577,rank244:F1,0
55,lane4:B1:s15->s14,pp_message,backward,1,-1,15,4,244,228,15,14,-1,p2p,4712346,4712346,0,,,5818094577,5822806923,rank244:B1,0
55,lane4:B0:s14->s13,pp_message,backward,0,-1,14,4,228,212,14,13,-1,p2p,4712346,4712346,0,,,5968438578,5973150924,rank228:B0,0
55,rank212:B0,compute,backward,0,212,13,4,212,212,13,13,3,steady,687771252,0,0,1.7854777509845576e+18,1.785477751672329e+18,5973150924,6660922176,lane4:B0:s14->s13,792729591
55,rank228:F2,compute,forward,2,228,14,4,228,228,14,14,3,steady,308583861,0,0,1.7854777509844132e+18,1.7854777512929969e+18,5973150924,6281734785,lane4:B0:s14->s13,4712346
55,lane4:F2:s14->s15,pp_message,forward,2,-1,14,4,228,244,14,15,-1,p2p,4712346,4712346,0,,,6281734785,6286447131,rank228:F2,0
55,rank228:B1,compute,backward,1,228,14,4,228,228,14,14,4,steady,679681216,0,0,1.785477751298891e+18,1.785477751978572e+18,6286447131,6966128347,lane4:F2:s14->s15,4712346
55,rank244:F2,compute,forward,2,244,15,4,244,244,15,15,4,steady,189789899,0,0,1.7854777512989158e+18,1.7854777514887058e+18,6286447131,6476237030,lane4:F2:s14->s15,468352554
55,rank244:B2,compute,backward,2,244,15,4,244,244,15,15,5,steady,366095521,0,0,1.7854777514888883e+18,1.785477751854984e+18,6476237030,6842332551,rank244:F2,0
55,lane4:B0:s13->s12,pp_message,backward,0,-1,13,4,212,196,13,12,-1,p2p,4712346,4712346,0,,,6660922176,6665634522,rank212:B0,0
55,rank196:B0,compute,backward,0,196,12,4,196,196,12,12,4,steady,679367498,0,0,1.7854777517722107e+18,1.7854777524515784e+18,6665634522,7345002020,lane4:B0:s13->s12,1479518775
55,rank212:F3,compute,forward,3,212,13,4,212,212,13,13,4,steady,312071062,0,0,1.7854777517722516e+18,1.7854777520843228e+18,6665634522,6977705584,lane4:B0:s13->s12,4712346
55,lane4:B2:s15->s14,pp_message,backward,2,-1,15,4,244,228,15,14,-1,p2p,4712346,4712346,0,,,6842332551,6847044897,rank244:B2,0
55,lane4:B1:s14->s13,pp_message,backward,1,-1,14,4,228,212,14,13,-1,p2p,4712346,4712346,0,,,6966128347,6970840693,rank228:B1,0
55,lane4:F3:s13->s14,pp_message,forward,3,-1,13,4,212,228,13,14,-1,p2p,4712346,4712346,0,,,6977705584,6982417930,rank212:F3,0
55,rank212:B1,compute,backward,1,212,13,4,212,212,13,13,5,steady,684749737,0,0,1.785477752091482e+18,1.785477752776232e+18,6982417930,7667167667,lane4:F3:s13->s14,4712346
55,rank228:F3,compute,forward,3,228,14,4,228,228,14,14,5,steady,307593227,0,0,1.7854777520914186e+18,1.785477752399012e+18,6982417930,7290011157,lane4:F3:s13->s14,16289583
55,lane4:F3:s14->s15,pp_message,forward,3,-1,14,4,228,244,14,15,-1,p2p,4712346,4712346,0,,,7290011157,7294723503,rank228:F3,0
55,rank228:B2,compute,backward,2,228,14,4,228,228,14,14,6,steady,687403118,0,0,1.7854777524049528e+18,1.7854777530923558e+18,7294723503,7982126621,lane4:F3:s14->s15,4712346
55,rank244:F3,compute,forward,3,244,15,4,244,244,15,15,6,steady,189502969,0,0,1.7854777524049137e+18,1.7854777525944166e+18,7294723503,7484226472,lane4:F3:s14->s15,452390952
55,lane4:B0:s12->s11,pp_message,backward,0,-1,12,4,196,180,12,11,-1,p2p,4712346,4712346,0,,,7345002020,7349714366,rank196:B0,0
55,rank180:B0,compute,backward,0,180,11,4,180,180,11,11,4,cooldown,677447114,0,0,1.785477752550143e+18,1.7854777532275901e+18,7349714366,8027161480,lane4:B0:s12->s11,2476982500
55,rank244:B3,compute,backward,3,244,15,4,244,244,15,15,7,steady,369741173,0,0,1.785477752594601e+18,1.7854777529643423e+18,7484226472,7853967645,rank244:F3,0
55,lane4:B1:s13->s12,pp_message,backward,1,-1,13,4,212,196,13,12,-1,p2p,4712346,4712346,0,,,7667167667,7671880013,rank212:B1,0
55,rank196:B1,compute,backward,1,196,12,4,196,196,12,12,5,cooldown,678977186,0,0,1.7854777528741627e+18,1.78547775355314e+18,7671880013,8350857199,lane4:B1:s13->s12,326877993
55,lane4:B3:s15->s14,pp_message,backward,3,-1,15,4,244,228,15,14,-1,p2p,4712346,4712346,0,,,7853967645,7858679991,rank244:B3,0
55,lane4:B2:s14->s13,pp_message,backward,2,-1,14,4,228,212,14,13,-1,p2p,4712346,4712346,0,,,7982126621,7986838967,rank228:B2,0
55,rank212:B2,compute,backward,2,212,13,4,212,212,13,13,6,cooldown,691889625,0,0,1.785477753190117e+18,1.7854777538820068e+18,7986838967,8678728592,lane4:B2:s14->s13,319671300
55,rank228:B3,compute,backward,3,228,14,4,228,228,14,14,7,cooldown,689289599,0,0,1.7854777531952125e+18,1.7854777538845023e+18,7986838967,8676128566,lane4:B2:s14->s13,4712346
55,lane4:B0:s11->s10,pp_message,backward,0,-1,11,4,180,164,11,10,-1,p2p,4712346,4712346,0,,,8027161480,8031873826,rank180:B0,0
55,rank164:B0,compute,backward,0,164,10,4,164,164,10,10,4,cooldown,685515540,0,0,1.78547775332458e+18,1.7854777540100956e+18,8031873826,8717389366,lane4:B0:s11->s10,3470839705
55,lane4:B1:s12->s11,pp_message,backward,1,-1,12,4,196,180,12,11,-1,p2p,4712346,4712346,0,,,8350857199,8355569545,rank196:B1,0
55,rank180:B1,compute,backward,1,180,11,4,180,180,11,11,5,cooldown,684732061,0,0,1.7854777536516677e+18,1.7854777543363996e+18,8355569545,9040301606,lane4:B1:s12->s11,328408065
55,lane4:B3:s14->s13,pp_message,backward,3,-1,14,4,228,212,14,13,-1,p2p,4712346,4712346,0,,,8676128566,8680840912,rank228:B3,0
55,lane4:B2:s13->s12,pp_message,backward,2,-1,13,4,212,196,13,12,-1,p2p,4712346,4712346,0,,,8678728592,8683440938,rank212:B2,0
55,rank196:B2,compute,backward,2,196,12,4,196,196,12,12,6,cooldown,680847782,0,0,1.785477753979633e+18,1.7854777546604808e+18,8683440938,9364288720,lane4:B2:s13->s12,332583739
55,rank212:B3,compute,backward,3,212,13,4,212,212,13,13,7,cooldown,681323415,0,0,1.785477753985425e+18,1.7854777546667484e+18,8683440938,9364764353,lane4:B2:s13->s12,4712346
55,lane4:B0:s10->s9,pp_message,backward,0,-1,10,4,164,148,10,9,-1,p2p,4712346,4712346,0,,,8717389366,8722101712,rank164:B0,0
55,rank148:B0,compute,backward,0,148,9,4,148,148,9,9,4,cooldown,701643144,0,0,1.7854777541096348e+18,1.7854777548112778e+18,8722101712,9423744856,lane4:B0:s10->s9,4476404313
55,lane4:B1:s11->s10,pp_message,backward,1,-1,11,4,180,164,11,10,-1,p2p,4712346,4712346,0,,,9040301606,9045013952,rank180:B1,0
55,rank164:B1,compute,backward,1,164,10,4,164,164,10,10,5,cooldown,679605738,0,0,1.785477754434084e+18,1.7854777551136899e+18,9045013952,9724619690,lane4:B1:s11->s10,327624586
55,lane4:B2:s12->s11,pp_message,backward,2,-1,12,4,196,180,12,11,-1,p2p,4712346,4712346,0,,,9364288720,9369001066,rank196:B2,0
55,lane4:B3:s13->s12,pp_message,backward,3,-1,13,4,212,196,13,12,-1,p2p,4712346,4712346,0,,,9364764353,9369476699,rank212:B3,0
55,rank180:B2,compute,backward,2,180,11,4,180,180,11,11,6,cooldown,684889728,0,0,1.7854777547582505e+18,1.78547775544314e+18,9369001066,10053890794,lane4:B2:s12->s11,328699460
55,rank196:B3,compute,backward,3,196,12,4,196,196,12,12,7,cooldown,678189562,0,0,1.785477754765008e+18,1.7854777554431974e+18,9369476699,10047666261,lane4:B3:s13->s12,5187979
55,lane4:B0:s9->s8,pp_message,backward,0,-1,9,4,148,132,9,8,-1,p2p,4712346,4712346,0,,,9423744856,9428457202,rank148:B0,0
55,rank132:B0,compute,backward,0,132,8,4,132,132,8,8,4,cooldown,689915877,0,0,1.785477754909713e+18,1.7854777555996288e+18,9428457202,10118373079,lane4:B0:s9->s8,5506453972
55,lane4:B1:s10->s9,pp_message,backward,1,-1,10,4,164,148,10,9,-1,p2p,4712346,4712346,0,,,9724619690,9729332036,rank164:B1,0
55,rank148:B1,compute,backward,1,148,9,4,148,148,9,9,5,cooldown,697631324,0,0,1.7854777552117036e+18,1.7854777559093348e+18,9729332036,10426963360,lane4:B1:s10->s9,305587180
55,lane4:B3:s12->s11,pp_message,backward,3,-1,12,4,196,180,12,11,-1,p2p,4712346,4712346,0,,,10047666261,10052378607,rank196:B3,0
55,lane4:B2:s11->s10,pp_message,backward,2,-1,11,4,180,164,11,10,-1,p2p,4712346,4712346,0,,,10053890794,10058603140,rank180:B2,0
55,rank164:B2,compute,backward,2,164,10,4,164,164,10,10,6,cooldown,679914247,0,0,1.7854777555396262e+18,1.7854777562195405e+18,10058603140,10738517387,lane4:B2:s11->s10,333983450
55,rank180:B3,compute,backward,3,180,11,4,180,180,11,11,7,cooldown,677961547,0,0,1.7854777555447519e+18,1.7854777562227133e+18,10058603140,10736564687,lane4:B2:s11->s10,4712346
55,lane4:B0:s8->s7,pp_message,backward,0,-1,8,4,132,116,8,7,-1,p2p,4712346,4712346,0,,,10118373079,10123085425,rank132:B0,0
55,rank116:B0,compute,backward,0,116,7,4,116,116,7,7,4,cooldown,681001114,0,0,1.7854777556978268e+18,1.785477756378828e+18,10123085425,10804086539,lane4:B0:s8->s7,6516760349
55,lane4:B1:s9->s8,pp_message,backward,1,-1,9,4,148,132,9,8,-1,p2p,4712346,4712346,0,,,10426963360,10431675706,rank148:B1,0
55,rank132:B1,compute,backward,1,132,8,4,132,132,8,8,5,cooldown,695879851,0,0,1.7854777560074708e+18,1.7854777567033508e+18,10431675706,11127555557,lane4:B1:s9->s8,313302627
55,lane4:B3:s11->s10,pp_message,backward,3,-1,11,4,180,164,11,10,-1,p2p,4712346,4712346,0,,,10736564687,10741277033,rank180:B3,0
55,lane4:B2:s10->s9,pp_message,backward,2,-1,10,4,164,148,10,9,-1,p2p,4712346,4712346,0,,,10738517387,10743229733,rank164:B2,0
55,rank148:B2,compute,backward,2,148,9,4,148,148,9,9,6,cooldown,701717720,0,0,1.7854777563168218e+18,1.7854777570185395e+18,10743229733,11444947453,lane4:B2:s10->s9,316266373
55,rank164:B3,compute,backward,3,164,10,4,164,164,10,10,7,cooldown,680429911,0,0,1.7854777563221023e+18,1.785477757002532e+18,10743229733,11423659644,lane4:B2:s10->s9,4712346
55,lane4:B0:s7->s6,pp_message,backward,0,-1,7,4,116,100,7,6,-1,p2p,4712346,4712346,0,,,10804086539,10808798885,rank116:B0,0
55,rank100:B0,compute,backward,0,100,6,4,100,100,6,6,4,cooldown,703846727,0,0,1.7854777564773885e+18,1.7854777571812352e+18,10808798885,11512645612,lane4:B0:s7->s6,7547761497
55,lane4:B1:s8->s7,pp_message,backward,1,-1,8,4,132,116,8,7,-1,p2p,4712346,4712346,0,,,11127555557,11132267903,rank132:B1,0
55,rank116:B1,compute,backward,1,116,7,4,116,116,7,7,5,cooldown,685888366,0,0,1.7854777567992105e+18,1.785477757485099e+18,11132267903,11818156269,lane4:B1:s8->s7,328181364
55,lane4:B3:s10->s9,pp_message,backward,3,-1,10,4,164,148,10,9,-1,p2p,4712346,4712346,0,,,11423659644,11428371990,rank164:B3,0
55,lane4:B2:s9->s8,pp_message,backward,2,-1,9,4,148,132,9,8,-1,p2p,4712346,4712346,0,,,11444947453,11449659799,rank148:B2,0
55,rank132:B2,compute,backward,2,132,8,4,132,132,8,8,6,cooldown,690609122,0,0,1.7854777571161472e+18,1.7854777578067564e+18,11449659799,12140268921,lane4:B2:s9->s8,322104242
55,rank148:B3,compute,backward,3,148,9,4,148,148,9,9,7,cooldown,698608109,0,0,1.785477757121208e+18,1.7854777578198162e+18,11449659799,12148267908,lane4:B2:s9->s8,4712346
55,lane4:B0:s6->s5,pp_message,backward,0,-1,6,4,100,84,6,5,-1,p2p,4712346,4712346,0,,,11512645612,11517357958,rank100:B0,0
55,rank84:B0,compute,backward,0,84,5,4,84,84,5,5,4,cooldown,708203805,0,0,1.7854777572793277e+18,1.7854777579875315e+18,11517357958,12225561763,lane4:B0:s6->s5,8580470178
55,lane4:B1:s7->s6,pp_message,backward,1,-1,7,4,116,100,7,6,-1,p2p,4712346,4712346,0,,,11818156269,11822868615,rank116:B1,0
55,rank100:B1,compute,backward,1,100,6,4,100,100,6,6,5,cooldown,720432719,0,0,1.7854777575835484e+18,1.785477758303981e+18,11822868615,12543301334,lane4:B1:s7->s6,310223003
55,lane4:B2:s8->s7,pp_message,backward,2,-1,8,4,132,116,8,7,-1,p2p,4712346,4712346,0,,,12140268921,12144981267,rank132:B2,0
55,rank116:B2,compute,backward,2,116,7,4,116,116,7,7,6,cooldown,684035246,0,0,1.7854777579045015e+18,1.7854777585885366e+18,12144981267,12829016513,lane4:B2:s8->s7,326824998
55,lane4:B3:s9->s8,pp_message,backward,3,-1,9,4,148,132,9,8,-1,p2p,4712346,4712346,0,,,12148267908,12152980254,rank148:B3,0
55,rank132:B3,compute,backward,3,132,8,4,132,132,8,8,7,cooldown,681121820,0,0,1.7854777579179953e+18,1.785477758599117e+18,12152980254,12834102074,lane4:B3:s9->s8,12711333
55,lane4:B0:s5->s4,pp_message,backward,0,-1,5,4,84,68,5,4,-1,p2p,4712346,4712346,0,,,12225561763,12230274109,rank84:B0,0
55,rank68:B0,compute,backward,0,68,4,4,68,68,4,4,4,cooldown,698583552,0,0,1.785477758086402e+18,1.7854777587849856e+18,12230274109,12928857661,lane4:B0:s5->s4,9629071271
55,lane4:B1:s6->s5,pp_message,backward,1,-1,6,4,100,84,6,5,-1,p2p,4712346,4712346,0,,,12543301334,12548013680,rank100:B1,0
55,rank84:B1,compute,backward,1,84,5,4,84,84,5,5,5,cooldown,706129990,0,0,1.7854777584006175e+18,1.7854777591067474e+18,12548013680,13254143670,lane4:B1:s6->s5,322451917
55,lane4:B2:s7->s6,pp_message,backward,2,-1,7,4,116,100,7,6,-1,p2p,4712346,4712346,0,,,12829016513,12833728859,rank116:B2,0
55,rank100:B2,compute,backward,2,100,6,4,100,100,6,6,6,cooldown,694628560,0,0,1.785477758686873e+18,1.7854777593815014e+18,12833728859,13528357419,lane4:B2:s7->s6,290427525
55,lane4:B3:s8->s7,pp_message,backward,3,-1,8,4,132,116,8,7,-1,p2p,4712346,4712346,0,,,12834102074,12838814420,rank132:B3,0
55,rank116:B3,compute,backward,3,116,7,4,116,116,7,7,7,cooldown,680351593,0,0,1.785477758697541e+18,1.7854777593778926e+18,12838814420,13519166013,lane4:B3:s8->s7,9797907
55,lane4:B0:s4->s3,pp_message,backward,0,-1,4,4,68,52,4,3,-1,p2p,4712346,4712346,0,,,12928857661,12933570007,rank68:B0,0
55,rank52:B0,compute,backward,0,52,3,4,52,52,3,3,4,cooldown,710320230,0,0,1.7854777588826952e+18,1.7854777595930156e+18,12933570007,13643890237,lane4:B0:s4->s3,10650709531
55,lane4:B1:s5->s4,pp_message,backward,1,-1,5,4,84,68,5,4,-1,p2p,4712346,4712346,0,,,13254143670,13258856016,rank84:B1,0
55,rank68:B1,compute,backward,1,68,4,4,68,68,4,4,5,cooldown,697564396,0,0,1.7854777592059607e+18,1.7854777599035249e+18,13258856016,13956420412,lane4:B1:s5->s4,329998355
55,lane4:B3:s7->s6,pp_message,backward,3,-1,7,4,116,100,7,6,-1,p2p,4712346,4712346,0,,,13519166013,13523878359,rank116:B3,0
55,lane4:B2:s6->s5,pp_message,backward,2,-1,6,4,100,84,6,5,-1,p2p,4712346,4712346,0,,,13528357419,13533069765,rank100:B2,0
55,rank100:B3,compute,backward,3,100,6,4,100,100,6,6,7,cooldown,691072722,0,0,1.7854777594851323e+18,1.7854777601762048e+18,13533069765,14224142487,lane4:B2:s6->s5,4712346
55,rank84:B2,compute,backward,2,84,5,4,84,84,5,5,6,cooldown,712644342,0,0,1.7854777594796224e+18,1.7854777601922668e+18,13533069765,14245714107,lane4:B2:s6->s5,278926095
55,lane4:B0:s3->s2,pp_message,backward,0,-1,3,4,52,36,3,2,-1,p2p,4712346,4712346,0,,,13643890237,13648602583,rank52:B0,0
55,rank36:B0,compute,backward,0,36,2,4,36,36,2,2,4,cooldown,713425099,0,0,1.785477759692703e+18,1.7854777604061279e+18,13648602583,14362027682,lane4:B0:s3->s2,11704442150
55,lane4:B1:s4->s3,pp_message,backward,1,-1,4,4,68,52,4,3,-1,p2p,4712346,4712346,0,,,13956420412,13961132758,rank68:B1,0
55,rank52:B1,compute,backward,1,52,3,4,52,52,3,3,5,cooldown,704350871,0,0,1.7854777600021676e+18,1.7854777607065183e+18,13961132758,14665483629,lane4:B1:s4->s3,317242521
55,lane4:B3:s6->s5,pp_message,backward,3,-1,6,4,100,84,6,5,-1,p2p,4712346,4712346,0,,,14224142487,14228854833,rank100:B3,0
55,lane4:B2:s5->s4,pp_message,backward,2,-1,5,4,84,68,5,4,-1,p2p,4712346,4712346,0,,,14245714107,14250426453,rank84:B2,0
55,rank68:B2,compute,backward,2,68,4,4,68,68,4,4,6,cooldown,692924578,0,0,1.7854777602915308e+18,1.7854777609844552e+18,14250426453,14943351031,lane4:B2:s5->s4,294006041
55,rank84:B3,compute,backward,3,84,5,4,84,84,5,5,7,cooldown,685206345,0,0,1.7854777602964677e+18,1.785477760981674e+18,14250426453,14935632798,lane4:B2:s5->s4,4712346
55,lane4:B0:s2->s1,pp_message,backward,0,-1,2,4,36,20,2,1,-1,p2p,4712346,4712346,0,,,14362027682,14366740028,rank36:B0,0
55,rank20:B0,compute,backward,0,20,1,4,20,20,1,1,4,cooldown,724649471,0,0,1.7854777605055457e+18,1.7854777612301952e+18,14366740028,15091389499,lane4:B0:s2->s1,12885385600
55,lane4:B1:s3->s2,pp_message,backward,1,-1,3,4,52,36,3,2,-1,p2p,4712346,4712346,0,,,14665483629,14670195975,rank52:B1,0
55,rank36:B1,compute,backward,1,36,2,4,36,36,2,2,5,cooldown,708489336,0,0,1.7854777608050967e+18,1.785477761513586e+18,14670195975,15378685311,lane4:B1:s3->s2,308168293
55,lane4:B3:s5->s4,pp_message,backward,3,-1,5,4,84,68,5,4,-1,p2p,4712346,4712346,0,,,14935632798,14940345144,rank84:B3,0
55,lane4:B2:s4->s3,pp_message,backward,2,-1,4,4,68,52,4,3,-1,p2p,4712346,4712346,0,,,14943351031,14948063377,rank68:B2,0
55,rank52:B2,compute,backward,2,52,3,4,52,52,3,3,6,cooldown,724224207,0,0,1.7854777610824847e+18,1.785477761806709e+18,14948063377,15672287584,lane4:B2:s4->s3,282579748
55,rank68:B3,compute,backward,3,68,4,4,68,68,4,4,7,cooldown,695952088,0,0,1.7854777610875791e+18,1.7854777617835313e+18,14948063377,15644015465,lane4:B2:s4->s3,4712346
55,lane4:B0:s1->s0,pp_message,backward,0,-1,1,4,20,4,1,0,-1,p2p,4712346,4712346,0,,,15091389499,15096101845,rank20:B0,0
55,rank4:B0,compute,backward,0,4,0,4,4,4,0,0,4,cooldown,413943906,0,0,1.785477761328167e+18,1.785477761742111e+18,15096101845,15510045751,lane4:B0:s1->s0,14444639012
55,lane4:B1:s2->s1,pp_message,backward,1,-1,2,4,36,20,2,1,-1,p2p,4712346,4712346,0,,,15378685311,15383397657,rank36:B1,0
55,rank20:B1,compute,backward,1,20,1,4,20,20,1,1,5,cooldown,727344432,0,0,1.7854777616123082e+18,1.7854777623396529e+18,15383397657,16110742089,lane4:B1:s2->s1,292008158
55,lane4:B3:s4->s3,pp_message,backward,3,-1,4,4,68,52,4,3,-1,p2p,4712346,4712346,0,,,15644015465,15648727811,rank68:B3,0
55,lane4:B2:s3->s2,pp_message,backward,2,-1,3,4,52,36,3,2,-1,p2p,4712346,4712346,0,,,15672287584,15676999930,rank52:B2,0
55,rank36:B2,compute,backward,2,36,2,4,36,36,2,2,6,cooldown,708909728,0,0,1.7854777619045947e+18,1.7854777626135045e+18,15676999930,16385909658,lane4:B2:s3->s2,298314619
55,rank52:B3,compute,backward,3,52,3,4,52,52,3,3,7,cooldown,717418268,0,0,1.7854777619104317e+18,1.78547776262785e+18,15676999930,16394418198,lane4:B2:s3->s2,4712346
55,lane4:B1:s1->s0,pp_message,backward,1,-1,1,4,20,4,1,0,-1,p2p,4712346,4712346,0,,,16110742089,16115454435,rank20:B1,0
55,rank4:B1,compute,backward,1,4,0,4,4,4,0,0,5,cooldown,407633918,0,0,1.785477762437022e+18,1.7854777628446559e+18,16115454435,16523088353,lane4:B1:s1->s0,605408684
55,lane4:B2:s2->s1,pp_message,backward,2,-1,2,4,36,20,2,1,-1,p2p,4712346,4712346,0,,,16385909658,16390622004,rank36:B2,0
55,rank20:B2,compute,backward,2,20,1,4,20,20,1,1,6,cooldown,730725656,0,0,1.785477762711665e+18,1.7854777634423908e+18,16390622004,17121347660,lane4:B2:s2->s1,279879915
55,lane4:B3:s3->s2,pp_message,backward,3,-1,3,4,52,36,3,2,-1,p2p,4712346,4712346,0,,,16394418198,16399130544,rank52:B3,0
55,rank36:B3,compute,backward,3,36,2,4,36,36,2,2,7,cooldown,702826607,0,0,1.7854777627264911e+18,1.7854777634293176e+18,16399130544,17101957151,lane4:B3:s3->s2,13220886
55,lane4:B3:s2->s1,pp_message,backward,3,-1,2,4,36,20,2,1,-1,p2p,4712346,4712346,0,,,17101957151,17106669497,rank36:B3,0
55,lane4:B2:s1->s0,pp_message,backward,2,-1,1,4,20,4,1,0,-1,p2p,4712346,4712346,0,,,17121347660,17126060006,rank20:B2,0
55,rank20:B3,compute,backward,3,20,1,4,20,20,1,1,7,cooldown,724814278,0,0,1.7854777635442637e+18,1.785477764269078e+18,17126060006,17850874284,lane4:B2:s1->s0,4712346
55,rank4:B2,compute,backward,2,4,0,4,4,4,0,0,6,cooldown,409737246,0,0,1.7854777635389696e+18,1.7854777639487068e+18,17126060006,17535797252,lane4:B2:s1->s0,602971653
55,lane4:B3:s1->s0,pp_message,backward,3,-1,1,4,20,4,1,0,-1,p2p,4712346,4712346,0,,,17850874284,17855586630,rank20:B3,0
55,rank4:B3,compute,backward,3,4,0,4,4,4,0,0,7,cooldown,405565269,0,0,1.785477764366828e+18,1.7854777647723932e+18,17855586630,18261151899,lane4:B3:s1->s0,319789378
55,rank5:F0,compute,forward,0,5,0,5,5,5,0,0,0,warmup,162641142,0,0,1.7854777448086098e+18,1.785477744971251e+18,0,162641142,,0
55,lane5:F0:s0->s1,pp_message,forward,0,-1,0,5,5,21,0,1,-1,p2p,4712346,4712346,0,,,162641142,167353488,rank5:F0,0
55,rank21:F0,compute,forward,0,21,1,5,21,21,1,1,0,warmup,325453241,0,0,1.785477744976576e+18,1.7854777453020293e+18,167353488,492806729,lane5:F0:s0->s1,167353488
55,rank5:F1,compute,forward,1,5,0,5,5,5,0,0,1,warmup,158179446,0,0,1.785477744976669e+18,1.7854777451348483e+18,167353488,325532934,lane5:F0:s0->s1,4712346
55,lane5:F1:s0->s1,pp_message,forward,1,-1,0,5,5,21,0,1,-1,p2p,4712346,4712346,0,,,325532934,330245280,rank5:F1,0
55,rank5:F2,compute,forward,2,5,0,5,5,5,0,0,2,warmup,158702362,0,0,1.7854777453123036e+18,1.785477745471006e+18,330245280,488947642,lane5:F1:s0->s1,4712346
55,lane5:F2:s0->s1,pp_message,forward,2,-1,0,5,5,21,0,1,-1,p2p,4712346,4712346,0,,,488947642,493659988,rank5:F2,0
55,lane5:F0:s1->s2,pp_message,forward,0,-1,1,5,21,37,1,2,-1,p2p,4712346,4712346,0,,,492806729,497519075,rank21:F0,0
55,rank5:F3,compute,forward,3,5,0,5,5,5,0,0,3,warmup,157775485,0,0,1.7854777456495923e+18,1.785477745807368e+18,493659988,651435473,lane5:F2:s0->s1,4712346
55,rank21:F1,compute,forward,1,21,1,5,21,21,1,1,1,warmup,327052051,0,0,1.7854777453120412e+18,1.7854777456390932e+18,497519075,824571126,lane5:F0:s1->s2,4712346
55,rank37:F0,compute,forward,0,37,2,5,37,37,2,2,0,warmup,321698507,0,0,1.7854777453069742e+18,1.7854777456286728e+18,497519075,819217582,lane5:F0:s1->s2,497519075
55,lane5:F3:s0->s1,pp_message,forward,3,-1,0,5,5,21,0,1,-1,p2p,4712346,4712346,0,,,651435473,656147819,rank5:F3,0
55,lane5:F0:s2->s3,pp_message,forward,0,-1,2,5,37,53,2,3,-1,p2p,4712346,4712346,0,,,819217582,823929928,rank37:F0,0
55,rank53:F0,compute,forward,0,53,3,5,53,53,3,3,0,warmup,317248640,0,0,1.7854777456339983e+18,1.785477745951247e+18,823929928,1141178568,lane5:F0:s2->s3,823929928
55,lane5:F1:s1->s2,pp_message,forward,1,-1,1,5,21,37,1,2,-1,p2p,4712346,4712346,0,,,824571126,829283472,rank21:F1,0
55,rank21:F2,compute,forward,2,21,1,5,21,21,1,1,2,warmup,324622604,0,0,1.7854777456494218e+18,1.7854777459740444e+18,829283472,1153906076,lane5:F1:s1->s2,4712346
55,rank37:F1,compute,forward,1,37,2,5,37,37,2,2,1,warmup,322687048,0,0,1.7854777456442522e+18,1.7854777459669391e+18,829283472,1151970520,lane5:F1:s1->s2,10065890
55,lane5:F0:s3->s4,pp_message,forward,0,-1,3,5,53,69,3,4,-1,p2p,4712346,4712346,0,,,1141178568,1145890914,rank53:F0,0
55,rank69:F0,compute,forward,0,69,4,5,69,69,4,4,0,warmup,334756175,0,0,1.7854777459572833e+18,1.7854777462920394e+18,1145890914,1480647089,lane5:F0:s3->s4,1145890914
55,lane5:F1:s2->s3,pp_message,forward,1,-1,2,5,37,53,2,3,-1,p2p,4712346,4712346,0,,,1151970520,1156682866,rank37:F1,0
55,lane5:F2:s1->s2,pp_message,forward,2,-1,1,5,21,37,1,2,-1,p2p,4712346,4712346,0,,,1153906076,1158618422,rank21:F2,0
55,rank53:F1,compute,forward,1,53,3,5,53,53,3,3,1,warmup,314307097,0,0,1.785477745971929e+18,1.7854777462862362e+18,1156682866,1470989963,lane5:F1:s2->s3,15504298
55,rank21:F3,compute,forward,3,21,1,5,21,21,1,1,3,warmup,322726104,0,0,1.7854777459839785e+18,1.7854777463067046e+18,1158618422,1481344526,lane5:F2:s1->s2,4712346
55,rank37:F2,compute,forward,2,37,2,5,37,37,2,2,2,warmup,463387493,0,0,1.7854777459790113e+18,1.7854777464423987e+18,1158618422,1622005915,lane5:F2:s1->s2,6647902
55,lane5:F1:s3->s4,pp_message,forward,1,-1,3,5,53,69,3,4,-1,p2p,4712346,4712346,0,,,1470989963,1475702309,rank53:F1,0
55,lane5:F0:s4->s5,pp_message,forward,0,-1,4,5,69,85,4,5,-1,p2p,4712346,4712346,0,,,1480647089,1485359435,rank69:F0,0
55,lane5:F3:s1->s2,pp_message,forward,3,-1,1,5,21,37,1,2,-1,p2p,4712346,4712346,0,,,1481344526,1486056872,rank21:F3,0
55,rank69:F1,compute,forward,1,69,4,5,69,69,4,4,1,warmup,316211485,0,0,1.7854777463035118e+18,1.7854777466197233e+18,1485359435,1801570920,lane5:F0:s4->s5,4712346
55,rank85:F0,compute,forward,0,85,5,5,85,85,5,5,0,warmup,314257103,0,0,1.7854777462981673e+18,1.7854777466124244e+18,1485359435,1799616538,lane5:F0:s4->s5,1485359435
55,lane5:F2:s2->s3,pp_message,forward,2,-1,2,5,37,53,2,3,-1,p2p,4712346,4712346,0,,,1622005915,1626718261,rank37:F2,0
55,rank37:F3,compute,forward,3,37,2,5,37,37,2,2,3,warmup,317574260,0,0,1.7854777464524224e+18,1.7854777467699968e+18,1626718261,1944292521,lane5:F2:s2->s3,4712346
55,rank53:F2,compute,forward,2,53,3,5,53,53,3,3,2,warmup,315327816,0,0,1.7854777464473787e+18,1.7854777467627064e+18,1626718261,1942046077,lane5:F2:s2->s3,155728298
55,lane5:F0:s5->s6,pp_message,forward,0,-1,5,5,85,101,5,6,-1,p2p,4712346,4712346,0,,,1799616538,1804328884,rank85:F0,0
55,lane5:F1:s4->s5,pp_message,forward,1,-1,4,5,69,85,4,5,-1,p2p,4712346,4712346,0,,,1801570920,1806283266,rank69:F1,0
55,rank101:F0,compute,forward,0,101,6,5,101,101,6,6,0,warmup,318230208,0,0,1.785477746617877e+18,1.7854777469361073e+18,1804328884,2122559092,lane5:F0:s5->s6,1804328884
55,rank85:F1,compute,forward,1,85,5,5,85,85,5,5,1,warmup,312775260,0,0,1.7854777466247662e+18,1.7854777469375414e+18,1806283266,2119058526,lane5:F1:s4->s5,6666728
55,lane5:F2:s3->s4,pp_message,forward,2,-1,3,5,53,69,3,4,-1,p2p,4712346,4712346,0,,,1942046077,1946758423,rank53:F2,0
55,lane5:F3:s2->s3,pp_message,forward,3,-1,2,5,37,53,2,3,-1,p2p,4712346,4712346,0,,,1944292521,1949004867,rank37:F3,0
55,rank69:F2,compute,forward,2,69,4,5,69,69,4,4,2,warmup,315428158,0,0,1.7854777467686769e+18,1.785477747084105e+18,1946758423,2262186581,lane5:F2:s3->s4,145187503
55,rank53:F3,compute,forward,3,53,3,5,53,53,3,3,3,warmup,334077421,0,0,1.7854777467749276e+18,1.785477747109005e+18,1949004867,2283082288,lane5:F3:s2->s3,6958790
55,lane5:F1:s5->s6,pp_message,forward,1,-1,5,5,85,101,5,6,-1,p2p,4712346,4712346,0,,,2119058526,2123770872,rank85:F1,0
55,lane5:F0:s6->s7,pp_message,forward,0,-1,6,5,101,117,6,7,-1,p2p,4712346,4712346,0,,,2122559092,2127271438,rank101:F0,0
55,rank101:F1,compute,forward,1,101,6,5,101,101,6,6,1,warmup,316847154,0,0,1.785477746946414e+18,1.7854777472632612e+18,2127271438,2444118592,lane5:F0:s6->s7,4712346
55,rank117:F0,compute,forward,0,117,7,5,117,117,7,7,0,warmup,316732124,0,0,1.7854777469417705e+18,1.7854777472585027e+18,2127271438,2444003562,lane5:F0:s6->s7,2127271438
55,lane5:F2:s4->s5,pp_message,forward,2,-1,4,5,69,85,4,5,-1,p2p,4712346,4712346,0,,,2262186581,2266898927,rank69:F2,0
55,rank85:F2,compute,forward,2,85,5,5,85,85,5,5,2,warmup,351785476,0,0,1.7854777470897528e+18,1.7854777474415383e+18,2266898927,2618684403,lane5:F2:s4->s5,147840401
55,lane5:F3:s3->s4,pp_message,forward,3,-1,3,5,53,69,3,4,-1,p2p,4712346,4712346,0,,,2283082288,2287794634,rank53:F3,0
55,rank69:F3,compute,forward,3,69,4,5,69,69,4,4,3,warmup,313086578,0,0,1.7854777471148073e+18,1.785477747427894e+18,2287794634,2600881212,lane5:F3:s3->s4,25608053
55,lane5:F0:s7->s8,pp_message,forward,0,-1,7,5,117,133,7,8,-1,p2p,4712346,4712346,0,,,2444003562,2448715908,rank117:F0,0
55,lane5:F1:s6->s7,pp_message,forward,1,-1,6,5,101,117,6,7,-1,p2p,4712346,4712346,0,,,2444118592,2448830938,rank101:F1,0
55,rank133:F0,compute,forward,0,133,8,5,133,133,8,8,0,warmup,313306084,0,0,1.7854777472639593e+18,1.7854777475772654e+18,2448715908,2762021992,lane5:F0:s7->s8,2448715908
55,rank117:F1,compute,forward,1,117,7,5,117,117,7,7,1,warmup,313847704,0,0,1.7854777472687685e+18,1.785477747582616e+18,2448830938,2762678642,lane5:F1:s6->s7,4827376
55,lane5:F3:s4->s5,pp_message,forward,3,-1,4,5,69,85,4,5,-1,p2p,4712346,4712346,0,,,2600881212,2605593558,rank69:F3,0
55,lane5:F2:s5->s6,pp_message,forward,2,-1,5,5,85,101,5,6,-1,p2p,4712346,4712346,0,,,2618684403,2623396749,rank85:F2,0
55,rank101:F2,compute,forward,2,101,6,5,101,101,6,6,2,warmup,316274321,0,0,1.7854777474466944e+18,1.7854777477629686e+18,2623396749,2939671070,lane5:F2:s5->s6,179278157
55,rank85:F3,compute,forward,3,85,5,5,85,85,5,5,3,warmup,312048373,0,0,1.7854777474522793e+18,1.7854777477643277e+18,2623396749,2935445122,lane5:F2:s5->s6,4712346
55,lane5:F0:s8->s9,pp_message,forward,0,-1,8,5,133,149,8,9,-1,p2p,4712346,4712346,0,,,2762021992,2766734338,rank133:F0,0
55,lane5:F1:s7->s8,pp_message,forward,1,-1,7,5,117,133,7,8,-1,p2p,4712346,4712346,0,,,2762678642,2767390988,rank117:F1,0
55,rank149:F0,compute,forward,0,149,9,5,149,149,9,9,0,warmup,320624332,0,0,1.785477747582618e+18,1.7854777479032425e+18,2766734338,3087358670,lane5:F0:s8->s9,2766734338
55,rank133:F1,compute,forward,1,133,8,5,133,133,8,8,1,warmup,310731458,0,0,1.7854777475877524e+18,1.785477747898484e+18,2767390988,3078122446,lane5:F1:s7->s8,5368996
55,lane5:F3:s5->s6,pp_message,forward,3,-1,5,5,85,101,5,6,-1,p2p,4712346,4712346,0,,,2935445122,2940157468,rank85:F3,0
55,lane5:F2:s6->s7,pp_message,forward,2,-1,6,5,101,117,6,7,-1,p2p,4712346,4712346,0,,,2939671070,2944383416,rank101:F2,0
55,rank101:F3,compute,forward,3,101,6,5,101,101,6,6,3,warmup,315631508,0,0,1.7854777477731996e+18,1.785477748088831e+18,2944383416,3260014924,lane5:F2:s6->s7,4712346
55,rank117:F2,compute,forward,2,117,7,5,117,117,7,7,2,warmup,310624955,0,0,1.7854777477682657e+18,1.7854777480788908e+18,2944383416,3255008371,lane5:F2:s6->s7,181704774
55,lane5:F1:s8->s9,pp_message,forward,1,-1,8,5,133,149,8,9,-1,p2p,4712346,4712346,0,,,3078122446,3082834792,rank133:F1,0
55,lane5:F0:s9->s10,pp_message,forward,0,-1,9,5,149,165,9,10,-1,p2p,4712346,4712346,0,,,3087358670,3092071016,rank149:F0,0
55,rank149:F1,compute,forward,1,149,9,5,149,149,9,9,1,warmup,318625215,0,0,1.7854777479134433e+18,1.7854777482320686e+18,3092071016,3410696231,lane5:F0:s9->s10,4712346
55,rank165:F0,compute,forward,0,165,10,5,165,165,10,10,0,warmup,319951710,0,0,1.7854777479095555e+18,1.7854777482295073e+18,3092071016,3412022726,lane5:F0:s9->s10,3092071016
55,lane5:F2:s7->s8,pp_message,forward,2,-1,7,5,117,133,7,8,-1,p2p,4712346,4712346,0,,,3255008371,3259720717,rank117:F2,0
55,rank133:F2,compute,forward,2,133,8,5,133,133,8,8,2,warmup,311183643,0,0,1.7854777480840607e+18,1.7854777483952443e+18,3259720717,3570904360,lane5:F2:s7->s8,181598271
55,lane5:F3:s6->s7,pp_message,forward,3,-1,6,5,101,117,6,7,-1,p2p,4712346,4712346,0,,,3260014924,3264727270,rank101:F3,0
55,rank117:F3,compute,forward,3,117,7,5,117,117,7,7,3,warmup,340401076,0,0,1.7854777480940326e+18,1.7854777484344335e+18,3264727270,3605128346,lane5:F3:s6->s7,9718899
55,lane5:F1:s9->s10,pp_message,forward,1,-1,9,5,149,165,9,10,-1,p2p,4712346,4712346,0,,,3410696231,3415408577,rank149:F1,0
55,lane5:F0:s10->s11,pp_message,forward,0,-1,10,5,165,181,10,11,-1,p2p,4712346,4712346,0,,,3412022726,3416735072,rank165:F0,0
55,rank165:F1,compute,forward,1,165,10,5,165,165,10,10,1,warmup,324427299,0,0,1.7854777482397955e+18,1.785477748564223e+18,3416735072,3741162371,lane5:F0:s10->s11,4712346
55,rank181:F0,compute,forward,0,181,11,5,181,181,11,11,0,warmup,311349074,0,0,1.7854777482351112e+18,1.7854777485464602e+18,3416735072,3728084146,lane5:F0:s10->s11,3416735072
55,lane5:F2:s8->s9,pp_message,forward,2,-1,8,5,133,149,8,9,-1,p2p,4712346,4712346,0,,,3570904360,3575616706,rank133:F2,0
55,rank149:F2,compute,forward,2,149,9,5,149,149,9,9,2,warmup,318421730,0,0,1.7854777484003753e+18,1.785477748718797e+18,3575616706,3894038436,lane5:F2:s8->s9,164920475
55,lane5:F3:s7->s8,pp_message,forward,3,-1,7,5,117,133,7,8,-1,p2p,4712346,4712346,0,,,3605128346,3609840692,rank117:F3,0
55,rank133:F3,compute,forward,3,133,8,5,133,133,8,8,3,warmup,310977888,0,0,1.7854777484395894e+18,1.7854777487505672e+18,3609840692,3920818580,lane5:F3:s7->s8,38936332
55,lane5:F0:s11->s12,pp_message,forward,0,-1,11,5,181,197,11,12,-1,p2p,4712346,4712346,0,,,3728084146,3732796492,rank181:F0,0
55,rank197:F0,compute,forward,0,197,12,5,197,197,12,12,0,warmup,313384907,0,0,1.7854777485520412e+18,1.7854777488654262e+18,3732796492,4046181399,lane5:F0:s11->s12,3732796492
55,lane5:F1:s10->s11,pp_message,forward,1,-1,10,5,165,181,10,11,-1,p2p,4712346,4712346,0,,,3741162371,3745874717,rank165:F1,0
55,rank181:F1,compute,forward,1,181,11,5,181,181,11,11,1,warmup,316072584,0,0,1.785477748569426e+18,1.7854777488854984e+18,3745874717,4061947301,lane5:F1:s10->s11,17790571
55,lane5:F2:s9->s10,pp_message,forward,2,-1,9,5,149,165,9,10,-1,p2p,4712346,4712346,0,,,3894038436,3898750782,rank149:F2,0
55,rank165:F2,compute,forward,2,165,10,5,165,165,10,10,2,warmup,333594890,0,0,1.7854777487243336e+18,1.7854777490579284e+18,3898750782,4232345672,lane5:F2:s9->s10,157588411
55,lane5:F3:s8->s9,pp_message,forward,3,-1,8,5,133,149,8,9,-1,p2p,4712346,4712346,0,,,3920818580,3925530926,rank133:F3,0
55,rank149:F3,compute,forward,3,149,9,5,149,149,9,9,3,warmup,319109523,0,0,1.7854777487556196e+18,1.7854777490747292e+18,3925530926,4244640449,lane5:F3:s8->s9,31492490
55,lane5:F0:s12->s13,pp_message,forward,0,-1,12,5,197,213,12,13,-1,p2p,4712346,4712346,0,,,4046181399,4050893745,rank197:F0,0
55,rank213:F0,compute,forward,0,213,13,5,213,213,13,13,0,warmup,315165345,0,0,1.7854777488711314e+18,1.7854777491862966e+18,4050893745,4366059090,lane5:F0:s12->s13,4050893745
55,lane5:F1:s11->s12,pp_message,forward,1,-1,11,5,181,197,11,12,-1,p2p,4712346,4712346,0,,,4061947301,4066659647,rank181:F1,0
55,rank197:F1,compute,forward,1,197,12,5,197,197,12,12,1,warmup,307391850,0,0,1.7854777488906806e+18,1.7854777491980726e+18,4066659647,4374051497,lane5:F1:s11->s12,20478248
55,lane5:F2:s10->s11,pp_message,forward,2,-1,10,5,165,181,10,11,-1,p2p,4712346,4712346,0,,,4232345672,4237058018,rank165:F2,0
55,rank181:F2,compute,forward,2,181,11,5,181,181,11,11,2,warmup,309151318,0,0,1.7854777490632433e+18,1.7854777493723945e+18,4237058018,4546209336,lane5:F2:s10->s11,175110717
55,lane5:F3:s9->s10,pp_message,forward,3,-1,9,5,149,165,9,10,-1,p2p,4712346,4712346,0,,,4244640449,4249352795,rank149:F3,0
55,rank165:F3,compute,forward,3,165,10,5,165,165,10,10,3,warmup,310657319,0,0,1.785477749079866e+18,1.7854777493905234e+18,4249352795,4560010114,lane5:F3:s9->s10,17007123
55,lane5:F0:s13->s14,pp_message,forward,0,-1,13,5,213,229,13,14,-1,p2p,4712346,4712346,0,,,4366059090,4370771436,rank213:F0,0
55,rank229:F0,compute,forward,0,229,14,5,229,229,14,14,0,warmup,315602041,0,0,1.7854777491927485e+18,1.7854777495083507e+18,4370771436,4686373477,lane5:F0:s13->s14,4370771436
55,lane5:F1:s12->s13,pp_message,forward,1,-1,12,5,197,213,12,13,-1,p2p,4712346,4712346,0,,,4374051497,4378763843,rank197:F1,0
55,rank213:F1,compute,forward,1,213,13,5,213,213,13,13,1,warmup,309496983,0,0,1.7854777492032714e+18,1.7854777495127683e+18,4378763843,4688260826,lane5:F1:s12->s13,12704753
55,lane5:F2:s11->s12,pp_message,forward,2,-1,11,5,181,197,11,12,-1,p2p,4712346,4712346,0,,,4546209336,4550921682,rank181:F2,0
55,rank197:F2,compute,forward,2,197,12,5,197,197,12,12,2,warmup,312366425,0,0,1.7854777493776568e+18,1.7854777496900234e+18,4550921682,4863288107,lane5:F2:s11->s12,176870185
55,lane5:F3:s10->s11,pp_message,forward,3,-1,10,5,165,181,10,11,-1,p2p,4712346,4712346,0,,,4560010114,4564722460,rank165:F3,0
55,rank181:F3,compute,forward,3,181,11,5,181,181,11,11,3,warmup,306878224,0,0,1.785477749395763e+18,1.7854777497026412e+18,4564722460,4871600684,lane5:F3:s10->s11,18513124
55,lane5:F0:s14->s15,pp_message,forward,0,-1,14,5,229,245,14,15,-1,p2p,4712346,4712346,0,,,4686373477,4691085823,rank229:F0,0
55,lane5:F1:s13->s14,pp_message,forward,1,-1,13,5,213,229,13,14,-1,p2p,4712346,4712346,0,,,4688260826,4692973172,rank213:F1,0
55,rank245:F0,compute,forward,0,245,15,5,245,245,15,15,0,steady,194353174,0,0,1.785477749514792e+18,1.785477749709145e+18,4691085823,4885438997,lane5:F0:s14->s15,4691085823
55,rank229:F1,compute,forward,1,229,14,5,229,229,14,14,1,steady,308228386,0,0,1.7854777495194424e+18,1.7854777498276708e+18,4692973172,5001201558,lane5:F1:s13->s14,6599695
55,lane5:F2:s12->s13,pp_message,forward,2,-1,12,5,197,213,12,13,-1,p2p,4712346,4712346,0,,,4863288107,4868000453,rank197:F2,0
55,rank213:F2,compute,forward,2,213,13,5,213,213,13,13,2,steady,311165582,0,0,1.785477749695264e+18,1.7854777500064297e+18,4868000453,5179166035,lane5:F2:s12->s13,179739627
55,lane5:F3:s11->s12,pp_message,forward,3,-1,11,5,181,197,11,12,-1,p2p,4712346,4712346,0,,,4871600684,4876313030,rank181:F3,0
55,rank197:F3,compute,forward,3,197,12,5,197,197,12,12,3,steady,308270582,0,0,1.7854777497078013e+18,1.785477750016072e+18,4876313030,5184583612,lane5:F3:s11->s12,13024923
55,rank245:B0,compute,backward,0,245,15,5,245,245,15,15,1,steady,367554451,0,0,1.785477749709301e+18,1.7854777500768553e+18,4885438997,5252993448,rank245:F0,0
55,lane5:F1:s14->s15,pp_message,forward,1,-1,14,5,229,245,14,15,-1,p2p,4712346,4712346,0,,,5001201558,5005913904,rank229:F1,0
55,lane5:F2:s13->s14,pp_message,forward,2,-1,13,5,213,229,13,14,-1,p2p,4712346,4712346,0,,,5179166035,5183878381,rank213:F2,0
55,lane5:F3:s12->s13,pp_message,forward,3,-1,12,5,197,213,12,13,-1,p2p,4712346,4712346,0,,,5184583612,5189295958,rank197:F3,0
55,lane5:B0:s15->s14,pp_message,backward,0,-1,15,5,245,229,15,14,-1,p2p,4712346,4712346,0,,,5252993448,5257705794,rank245:B0,0
55,rank229:B0,compute,backward,0,229,14,5,229,229,14,14,2,steady,708386236,0,0,1.7854777501765169e+18,1.7854777508849032e+18,5257705794,5966092030,lane5:B0:s15->s14,256504236
55,rank245:F1,compute,forward,1,245,15,5,245,245,15,15,2,steady,192785219,0,0,1.7854777501764183e+18,1.7854777503692037e+18,5257705794,5450491013,lane5:B0:s15->s14,4712346
55,rank245:B1,compute,backward,1,245,15,5,245,245,15,15,3,steady,365984775,0,0,1.7854777503694272e+18,1.785477750735412e+18,5450491013,5816475788,rank245:F1,0
55,lane5:B1:s15->s14,pp_message,backward,1,-1,15,5,245,229,15,14,-1,p2p,4712346,4712346,0,,,5816475788,5821188134,rank245:B1,0
55,lane5:B0:s14->s13,pp_message,backward,0,-1,14,5,229,213,14,13,-1,p2p,4712346,4712346,0,,,5966092030,5970804376,rank229:B0,0
55,rank213:B0,compute,backward,0,213,13,5,213,213,13,13,3,steady,688650638,0,0,1.785477750983557e+18,1.7854777516722076e+18,5970804376,6659455014,lane5:B0:s14->s13,791638341
55,rank229:F2,compute,forward,2,229,14,5,229,229,14,14,3,steady,309625058,0,0,1.7854777509833782e+18,1.7854777512930033e+18,5970804376,6280429434,lane5:B0:s14->s13,4712346
55,lane5:F2:s14->s15,pp_message,forward,2,-1,14,5,229,245,14,15,-1,p2p,4712346,4712346,0,,,6280429434,6285141780,rank229:F2,0
55,rank229:B1,compute,backward,1,229,14,5,229,229,14,14,4,steady,678802769,0,0,1.7854777512987333e+18,1.7854777519775363e+18,6285141780,6963944549,lane5:F2:s14->s15,4712346
55,rank245:F2,compute,forward,2,245,15,5,245,245,15,15,4,steady,189872444,0,0,1.7854777512988296e+18,1.785477751488702e+18,6285141780,6475014224,lane5:F2:s14->s15,468665992
55,rank245:B2,compute,backward,2,245,15,5,245,245,15,15,5,steady,367154492,0,0,1.78547775148893e+18,1.7854777518560845e+18,6475014224,6842168716,rank245:F2,0
55,lane5:B0:s13->s12,pp_message,backward,0,-1,13,5,213,197,13,12,-1,p2p,4712346,4712346,0,,,6659455014,6664167360,rank213:B0,0
55,rank197:B0,compute,backward,0,197,12,5,197,197,12,12,4,steady,680831988,0,0,1.7854777517707832e+18,1.7854777524516152e+18,6664167360,7344999348,lane5:B0:s13->s12,1479583748
55,rank213:F3,compute,forward,3,213,13,5,213,213,13,13,4,steady,313554800,0,0,1.7854777517707325e+18,1.7854777520842872e+18,6664167360,6977722160,lane5:B0:s13->s12,4712346
55,lane5:B2:s15->s14,pp_message,backward,2,-1,15,5,245,229,15,14,-1,p2p,4712346,4712346,0,,,6842168716,6846881062,rank245:B2,0
55,lane5:B1:s14->s13,pp_message,backward,1,-1,14,5,229,213,14,13,-1,p2p,4712346,4712346,0,,,6963944549,6968656895,rank229:B1,0
55,lane5:F3:s13->s14,pp_message,forward,3,-1,13,5,213,229,13,14,-1,p2p,4712346,4712346,0,,,6977722160,6982434506,rank213:F3,0
55,rank213:B1,compute,backward,1,213,13,5,213,213,13,13,5,steady,686415885,0,0,1.7854777520900823e+18,1.7854777527764982e+18,6982434506,7668850391,lane5:F3:s13->s14,4712346
55,rank229:F3,compute,forward,3,229,14,5,229,229,14,14,5,steady,308931710,0,0,1.785477752090084e+18,1.7854777523990157e+18,6982434506,7291366216,lane5:F3:s13->s14,18489957
55,lane5:F3:s14->s15,pp_message,forward,3,-1,14,5,229,245,14,15,-1,p2p,4712346,4712346,0,,,7291366216,7296078562,rank229:F3,0
55,rank229:B2,compute,backward,2,229,14,5,229,229,14,14,6,steady,686683476,0,0,1.785477752404911e+18,1.7854777530915945e+18,7296078562,7982762038,lane5:F3:s14->s15,4712346
55,rank245:F3,compute,forward,3,245,15,5,245,245,15,15,6,steady,189488582,0,0,1.7854777524049224e+18,1.785477752594411e+18,7296078562,7485567144,lane5:F3:s14->s15,453909846
55,lane5:B0:s12->s11,pp_message,backward,0,-1,12,5,197,181,12,11,-1,p2p,4712346,4712346,0,,,7344999348,7349711694,rank197:B0,0
55,rank181:B0,compute,backward,0,181,11,5,181,181,11,11,4,cooldown,676074389,0,0,1.7854777525502244e+18,1.785477753226299e+18,7349711694,8025786083,lane5:B0:s12->s11,2478111010
55,rank245:B3,compute,backward,3,245,15,5,245,245,15,15,7,steady,370658849,0,0,1.785477752594592e+18,1.7854777529652508e+18,7485567144,7856225993,rank245:F3,0
55,lane5:B1:s13->s12,pp_message,backward,1,-1,13,5,213,197,13,12,-1,p2p,4712346,4712346,0,,,7668850391,7673562737,rank213:B1,0
55,rank197:B1,compute,backward,1,197,12,5,197,197,12,12,5,cooldown,679052467,0,0,1.785477752873751e+18,1.7854777535528036e+18,7673562737,8352615204,lane5:B1:s13->s12,328563389
55,lane5:B3:s15->s14,pp_message,backward,3,-1,15,5,245,229,15,14,-1,p2p,4712346,4712346,0,,,7856225993,7860938339,rank245:B3,0
55,lane5:B2:s14->s13,pp_message,backward,2,-1,14,5,229,213,14,13,-1,p2p,4712346,4712346,0,,,7982762038,7987474384,rank229:B2,0
55,rank213:B2,compute,backward,2,213,13,5,213,213,13,13,6,cooldown,692450856,0,0,1.7854777531895217e+18,1.7854777538819727e+18,7987474384,8679925240,lane5:B2:s14->s13,318623993
55,rank229:B3,compute,backward,3,229,14,5,229,229,14,14,7,cooldown,687185045,0,0,1.7854777531945766e+18,1.7854777538817618e+18,7987474384,8674659429,lane5:B2:s14->s13,4712346
55,lane5:B0:s11->s10,pp_message,backward,0,-1,11,5,181,165,11,10,-1,p2p,4712346,4712346,0,,,8025786083,8030498429,rank181:B0,0
55,rank165:B0,compute,backward,0,165,10,5,165,165,10,10,4,cooldown,685006208,0,0,1.7854777533249725e+18,1.785477754009979e+18,8030498429,8715504637,lane5:B0:s11->s10,3470488315
55,lane5:B1:s12->s11,pp_message,backward,1,-1,12,5,197,181,12,11,-1,p2p,4712346,4712346,0,,,8352615204,8357327550,rank197:B1,0
55,rank181:B1,compute,backward,1,181,11,5,181,181,11,11,5,cooldown,684638516,0,0,1.78547775365167e+18,1.7854777543363085e+18,8357327550,9041966066,lane5:B1:s12->s11,331541467
55,lane5:B3:s14->s13,pp_message,backward,3,-1,14,5,229,213,14,13,-1,p2p,4712346,4712346,0,,,8674659429,8679371775,rank229:B3,0
55,lane5:B2:s13->s12,pp_message,backward,2,-1,13,5,213,197,13,12,-1,p2p,4712346,4712346,0,,,8679925240,8684637586,rank213:B2,0
55,rank197:B2,compute,backward,2,197,12,5,197,197,12,12,6,cooldown,680311967,0,0,1.7854777539797545e+18,1.7854777546600666e+18,8684637586,9364949553,lane5:B2:s13->s12,332022382
55,rank213:B3,compute,backward,3,213,13,5,213,213,13,13,7,cooldown,681940946,0,0,1.7854777539848113e+18,1.785477754666752e+18,8684637586,9366578532,lane5:B2:s13->s12,4712346
55,lane5:B0:s10->s9,pp_message,backward,0,-1,10,5,165,149,10,9,-1,p2p,4712346,4712346,0,,,8715504637,8720216983,rank165:B0,0
55,rank149:B0,compute,backward,0,149,9,5,149,149,9,9,4,cooldown,702696837,0,0,1.7854777541091945e+18,1.7854777548118915e+18,8720216983,9422913820,lane5:B0:s10->s9,4475576534
55,lane5:B1:s11->s10,pp_message,backward,1,-1,11,5,181,165,11,10,-1,p2p,4712346,4712346,0,,,9041966066,9046678412,rank181:B1,0
55,rank165:B1,compute,backward,1,165,10,5,165,165,10,10,5,cooldown,679283085,0,0,1.7854777544340774e+18,1.7854777551133604e+18,9046678412,9725961497,lane5:B1:s11->s10,331173775
55,lane5:B2:s12->s11,pp_message,backward,2,-1,12,5,197,181,12,11,-1,p2p,4712346,4712346,0,,,9364949553,9369661899,rank197:B2,0
55,lane5:B3:s13->s12,pp_message,backward,3,-1,13,5,213,197,13,12,-1,p2p,4712346,4712346,0,,,9366578532,9371290878,rank213:B3,0
55,rank181:B2,compute,backward,2,181,11,5,181,181,11,11,6,cooldown,683689804,0,0,1.78547775475836e+18,1.7854777554420498e+18,9369661899,10053351703,lane5:B2:s12->s11,327695833
55,rank197:B3,compute,backward,3,197,12,5,197,197,12,12,7,cooldown,678448171,0,0,1.7854777547647037e+18,1.785477755443152e+18,9371290878,10049739049,lane5:B3:s13->s12,6341325
55,lane5:B0:s9->s8,pp_message,backward,0,-1,9,5,149,133,9,8,-1,p2p,4712346,4712346,0,,,9422913820,9427626166,rank149:B0,0
55,rank133:B0,compute,backward,0,133,8,5,133,133,8,8,4,cooldown,688472073,0,0,1.7854777549108186e+18,1.7854777555992906e+18,9427626166,10116098239,lane5:B0:s9->s8,5506807586
55,lane5:B1:s10->s9,pp_message,backward,1,-1,10,5,165,149,10,9,-1,p2p,4712346,4712346,0,,,9725961497,9730673843,rank165:B1,0
55,rank149:B1,compute,backward,1,149,9,5,149,149,9,9,5,cooldown,697794174,0,0,1.7854777552116012e+18,1.7854777559093952e+18,9730673843,10428468017,lane5:B1:s10->s9,307760023
55,lane5:B3:s12->s11,pp_message,backward,3,-1,12,5,197,181,12,11,-1,p2p,4712346,4712346,0,,,10049739049,10054451395,rank197:B3,0
55,lane5:B2:s11->s10,pp_message,backward,2,-1,11,5,181,165,11,10,-1,p2p,4712346,4712346,0,,,10053351703,10058064049,rank181:B2,0
55,rank165:B2,compute,backward,2,165,10,5,165,165,10,10,6,cooldown,679623791,0,0,1.7854777555398008e+18,1.7854777562194245e+18,10058064049,10737687840,lane5:B2:s11->s10,332102552
55,rank181:B3,compute,backward,3,181,11,5,181,181,11,11,7,cooldown,677934261,0,0,1.7854777555447852e+18,1.7854777562227195e+18,10058064049,10735998310,lane5:B2:s11->s10,4712346
55,lane5:B0:s8->s7,pp_message,backward,0,-1,8,5,133,117,8,7,-1,p2p,4712346,4712346,0,,,10116098239,10120810585,rank133:B0,0
55,rank117:B0,compute,backward,0,117,7,5,117,117,7,7,4,cooldown,681088986,0,0,1.7854777556982464e+18,1.7854777563793354e+18,10120810585,10801899571,lane5:B0:s8->s7,6515682239
55,lane5:B1:s9->s8,pp_message,backward,1,-1,9,5,149,133,9,8,-1,p2p,4712346,4712346,0,,,10428468017,10433180363,rank149:B1,0
55,rank133:B1,compute,backward,1,133,8,5,133,133,8,8,5,cooldown,694539009,0,0,1.7854777560075423e+18,1.7854777567020813e+18,10433180363,11127719372,lane5:B1:s9->s8,317082124
55,lane5:B3:s11->s10,pp_message,backward,3,-1,11,5,181,165,11,10,-1,p2p,4712346,4712346,0,,,10735998310,10740710656,rank181:B3,0
55,lane5:B2:s10->s9,pp_message,backward,2,-1,10,5,165,149,10,9,-1,p2p,4712346,4712346,0,,,10737687840,10742400186,rank165:B2,0
55,rank149:B2,compute,backward,2,149,9,5,149,149,9,9,6,cooldown,701407496,0,0,1.7854777563167736e+18,1.785477757018181e+18,10742400186,11443807682,lane5:B2:s10->s9,313932169
55,rank165:B3,compute,backward,3,165,10,5,165,165,10,10,7,cooldown,680220578,0,0,1.7854777563220155e+18,1.785477757002236e+18,10742400186,11422620764,lane5:B2:s10->s9,4712346
55,lane5:B0:s7->s6,pp_message,backward,0,-1,7,5,117,101,7,6,-1,p2p,4712346,4712346,0,,,10801899571,10806611917,rank117:B0,0
55,rank101:B0,compute,backward,0,101,6,5,101,101,6,6,4,cooldown,703665274,0,0,1.7854777564767224e+18,1.7854777571803878e+18,10806611917,11510277191,lane5:B0:s7->s6,7546596993
55,lane5:B1:s8->s7,pp_message,backward,1,-1,8,5,133,117,8,7,-1,p2p,4712346,4712346,0,,,11127719372,11132431718,rank133:B1,0
55,rank117:B1,compute,backward,1,117,7,5,117,117,7,7,5,cooldown,686115944,0,0,1.7854777567992036e+18,1.7854777574853194e+18,11132431718,11818547662,lane5:B1:s8->s7,330532147
55,lane5:B3:s10->s9,pp_message,backward,3,-1,10,5,165,149,10,9,-1,p2p,4712346,4712346,0,,,11422620764,11427333110,rank165:B3,0
55,lane5:B2:s9->s8,pp_message,backward,2,-1,9,5,149,133,9,8,-1,p2p,4712346,4712346,0,,,11443807682,11448520028,rank149:B2,0
55,rank133:B2,compute,backward,2,133,8,5,133,133,8,8,6,cooldown,691223832,0,0,1.785477757116244e+18,1.7854777578074678e+18,11448520028,12139743860,lane5:B2:s9->s8,320800656
55,rank149:B3,compute,backward,3,149,9,5,149,149,9,9,7,cooldown,698880813,0,0,1.7854777571213742e+18,1.785477757820255e+18,11448520028,12147400841,lane5:B2:s9->s8,4712346
55,lane5:B0:s6->s5,pp_message,backward,0,-1,6,5,101,85,6,5,-1,p2p,4712346,4712346,0,,,11510277191,11514989537,rank101:B0,0
55,rank85:B0,compute,backward,0,85,5,5,85,85,5,5,4,cooldown,707848117,0,0,1.7854777572796227e+18,1.7854777579874708e+18,11514989537,12222837654,lane5:B0:s6->s5,8579544415
55,lane5:B1:s7->s6,pp_message,backward,1,-1,7,5,117,101,7,6,-1,p2p,4712346,4712346,0,,,11818547662,11823260008,rank117:B1,0
55,rank101:B1,compute,backward,1,101,6,5,101,101,6,6,5,cooldown,721483009,0,0,1.7854777575833498e+18,1.7854777583048328e+18,11823260008,12544743017,lane5:B1:s7->s6,312982817
55,lane5:B2:s8->s7,pp_message,backward,2,-1,8,5,133,117,8,7,-1,p2p,4712346,4712346,0,,,12139743860,12144456206,rank133:B2,0
55,rank117:B2,compute,backward,2,117,7,5,117,117,7,7,6,cooldown,684506792,0,0,1.7854777579048612e+18,1.7854777585893678e+18,12144456206,12828962998,lane5:B2:s8->s7,325908544
55,lane5:B3:s9->s8,pp_message,backward,3,-1,9,5,149,133,9,8,-1,p2p,4712346,4712346,0,,,12147400841,12152113187,rank149:B3,0
55,rank133:B3,compute,backward,3,133,8,5,133,133,8,8,7,cooldown,681951871,0,0,1.785477757918054e+18,1.785477758600006e+18,12152113187,12834065058,lane5:B3:s9->s8,12369327
55,lane5:B0:s5->s4,pp_message,backward,0,-1,5,5,85,69,5,4,-1,p2p,4712346,4712346,0,,,12222837654,12227550000,rank85:B0,0
55,rank69:B0,compute,backward,0,69,4,5,69,69,4,4,4,cooldown,698078978,0,0,1.7854777580868434e+18,1.7854777587849224e+18,12227550000,12925628978,lane5:B0:s5->s4,9626668788
55,lane5:B1:s6->s5,pp_message,backward,1,-1,6,5,101,85,6,5,-1,p2p,4712346,4712346,0,,,12544743017,12549455363,rank101:B1,0
55,rank85:B1,compute,backward,1,85,5,5,85,85,5,5,5,cooldown,706908863,0,0,1.7854777584006597e+18,1.7854777591075686e+18,12549455363,13256364226,lane5:B1:s6->s5,326617709
55,lane5:B2:s7->s6,pp_message,backward,2,-1,7,5,117,101,7,6,-1,p2p,4712346,4712346,0,,,12828962998,12833675344,rank117:B2,0
55,rank101:B2,compute,backward,2,101,6,5,101,101,6,6,6,cooldown,695715852,0,0,1.7854777586866158e+18,1.7854777593823316e+18,12833675344,13529391196,lane5:B2:s7->s6,288932327
55,lane5:B3:s8->s7,pp_message,backward,3,-1,8,5,133,117,8,7,-1,p2p,4712346,4712346,0,,,12834065058,12838777404,rank133:B3,0
55,rank117:B3,compute,backward,3,117,7,5,117,117,7,7,7,cooldown,680228110,0,0,1.7854777586976187e+18,1.7854777593778468e+18,12838777404,13519005514,lane5:B3:s8->s7,9814406
55,lane5:B0:s4->s3,pp_message,backward,0,-1,4,5,69,53,4,3,-1,p2p,4712346,4712346,0,,,12925628978,12930341324,rank69:B0,0
55,rank53:B0,compute,backward,0,53,3,5,53,53,3,3,4,cooldown,710329686,0,0,1.7854777588825388e+18,1.7854777595928684e+18,12930341324,13640671010,lane5:B0:s4->s3,10647259036
55,lane5:B1:s5->s4,pp_message,backward,1,-1,5,5,85,69,5,4,-1,p2p,4712346,4712346,0,,,13256364226,13261076572,rank85:B1,0
55,rank69:B1,compute,backward,1,69,4,5,69,69,4,4,5,cooldown,697627060,0,0,1.7854777592057736e+18,1.7854777599034007e+18,13261076572,13958703632,lane5:B1:s5->s4,335447594
55,lane5:B3:s7->s6,pp_message,backward,3,-1,7,5,117,101,7,6,-1,p2p,4712346,4712346,0,,,13519005514,13523717860,rank117:B3,0
55,lane5:B2:s6->s5,pp_message,backward,2,-1,6,5,101,85,6,5,-1,p2p,4712346,4712346,0,,,13529391196,13534103542,rank101:B2,0
55,rank101:B3,compute,backward,3,101,6,5,101,101,6,6,7,cooldown,691885360,0,0,1.7854777594849764e+18,1.785477760176862e+18,13534103542,14225988902,lane5:B2:s6->s5,4712346
55,rank85:B2,compute,backward,2,85,5,5,85,85,5,5,6,cooldown,713349464,0,0,1.7854777594797228e+18,1.785477760193072e+18,13534103542,14247453006,lane5:B2:s6->s5,277739316
55,lane5:B0:s3->s2,pp_message,backward,0,-1,3,5,53,37,3,2,-1,p2p,4712346,4712346,0,,,13640671010,13645383356,rank53:B0,0
55,rank37:B0,compute,backward,0,37,2,5,37,37,2,2,4,cooldown,714076982,0,0,1.7854777596924321e+18,1.785477760406509e+18,13645383356,14359460338,lane5:B0:s3->s2,11701090835
55,lane5:B1:s4->s3,pp_message,backward,1,-1,4,5,69,53,4,3,-1,p2p,4712346,4712346,0,,,13958703632,13963415978,rank69:B1,0
55,rank53:B1,compute,backward,1,53,3,5,53,53,3,3,5,cooldown,705321731,0,0,1.7854777600015086e+18,1.7854777607068303e+18,13963415978,14668737709,lane5:B1:s4->s3,322744968
55,lane5:B3:s6->s5,pp_message,backward,3,-1,6,5,101,85,6,5,-1,p2p,4712346,4712346,0,,,14225988902,14230701248,rank101:B3,0
55,lane5:B2:s5->s4,pp_message,backward,2,-1,5,5,85,69,5,4,-1,p2p,4712346,4712346,0,,,14247453006,14252165352,rank85:B2,0
55,rank69:B2,compute,backward,2,69,4,5,69,69,4,4,6,cooldown,692853186,0,0,1.7854777602914452e+18,1.7854777609842985e+18,14252165352,14945018538,lane5:B2:s5->s4,293461720
55,rank85:B3,compute,backward,3,85,5,5,85,85,5,5,7,cooldown,685925861,0,0,1.7854777602964887e+18,1.7854777609824146e+18,14252165352,14938091213,lane5:B2:s5->s4,4712346
55,lane5:B0:s2->s1,pp_message,backward,0,-1,2,5,37,21,2,1,-1,p2p,4712346,4712346,0,,,14359460338,14364172684,rank37:B0,0
55,rank21:B0,compute,backward,0,21,1,5,21,21,1,1,4,cooldown,724736926,0,0,1.7854777605058145e+18,1.7854777612305516e+18,14364172684,15088909610,lane5:B0:s2->s1,12882828158
55,lane5:B1:s3->s2,pp_message,backward,1,-1,3,5,53,37,3,2,-1,p2p,4712346,4712346,0,,,14668737709,14673450055,rank53:B1,0
55,rank37:B1,compute,backward,1,37,2,5,37,37,2,2,5,cooldown,709585760,0,0,1.7854777608045537e+18,1.7854777615141396e+18,14673450055,15383035815,lane5:B1:s3->s2,313989717
55,lane5:B3:s5->s4,pp_message,backward,3,-1,5,5,85,69,5,4,-1,p2p,4712346,4712346,0,,,14938091213,14942803559,rank85:B3,0
55,lane5:B2:s4->s3,pp_message,backward,2,-1,4,5,69,53,4,3,-1,p2p,4712346,4712346,0,,,14945018538,14949730884,rank69:B2,0
55,rank53:B2,compute,backward,2,53,3,5,53,53,3,3,6,cooldown,724855887,0,0,1.7854777610818934e+18,1.7854777618067492e+18,14949730884,15674586771,lane5:B2:s4->s3,280993175
55,rank69:B3,compute,backward,3,69,4,5,69,69,4,4,7,cooldown,697276653,0,0,1.7854777610873846e+18,1.7854777617846612e+18,14949730884,15647007537,lane5:B2:s4->s3,4712346
55,lane5:B0:s1->s0,pp_message,backward,0,-1,1,5,21,5,1,0,-1,p2p,4712346,4712346,0,,,15088909610,15093621956,rank21:B0,0
55,rank5:B0,compute,backward,0,5,0,5,5,5,0,0,4,cooldown,412365880,0,0,1.785477761329316e+18,1.785477761741682e+18,15093621956,15505987836,lane5:B0:s1->s0,14442186483
55,lane5:B1:s2->s1,pp_message,backward,1,-1,2,5,37,21,2,1,-1,p2p,4712346,4712346,0,,,15383035815,15387748161,rank37:B1,0
55,rank21:B1,compute,backward,1,21,1,5,21,21,1,1,5,cooldown,727185986,0,0,1.785477761612407e+18,1.785477762339593e+18,15387748161,16114934147,lane5:B1:s2->s1,298838551
55,lane5:B3:s4->s3,pp_message,backward,3,-1,4,5,69,53,4,3,-1,p2p,4712346,4712346,0,,,15647007537,15651719883,rank69:B3,0
55,lane5:B2:s3->s2,pp_message,backward,2,-1,3,5,53,37,3,2,-1,p2p,4712346,4712346,0,,,15674586771,15679299117,rank53:B2,0
55,rank37:B2,compute,backward,2,37,2,5,37,37,2,2,6,cooldown,709486438,0,0,1.7854777619044623e+18,1.7854777626139487e+18,15679299117,16388785555,lane5:B2:s3->s2,296263302
55,rank53:B3,compute,backward,3,53,3,5,53,53,3,3,7,cooldown,718991202,0,0,1.7854777619097004e+18,1.7854777626286915e+18,15679299117,16398290319,lane5:B2:s3->s2,4712346
55,lane5:B1:s1->s0,pp_message,backward,1,-1,1,5,21,5,1,0,-1,p2p,4712346,4712346,0,,,16114934147,16119646493,rank21:B1,0
55,rank5:B1,compute,backward,1,5,0,5,5,5,0,0,5,cooldown,407591337,0,0,1.7854777624371284e+18,1.7854777628447199e+18,16119646493,16527237830,lane5:B1:s1->s0,613658657
55,lane5:B2:s2->s1,pp_message,backward,2,-1,2,5,37,21,2,1,-1,p2p,4712346,4712346,0,,,16388785555,16393497901,rank37:B2,0
55,rank21:B2,compute,backward,2,21,1,5,21,21,1,1,6,cooldown,730644947,0,0,1.7854777627116782e+18,1.785477763442323e+18,16393497901,17124142848,lane5:B2:s2->s1,278563754
55,lane5:B3:s3->s2,pp_message,backward,3,-1,3,5,53,37,3,2,-1,p2p,4712346,4712346,0,,,16398290319,16403002665,rank53:B3,0
55,rank37:B3,compute,backward,3,37,2,5,37,37,2,2,7,cooldown,703017508,0,0,1.7854777627259587e+18,1.785477763428976e+18,16403002665,17106020173,lane5:B3:s3->s2,14217110
55,lane5:B3:s2->s1,pp_message,backward,3,-1,2,5,37,21,2,1,-1,p2p,4712346,4712346,0,,,17106020173,17110732519,rank37:B3,0
55,lane5:B2:s1->s0,pp_message,backward,2,-1,1,5,21,5,1,0,-1,p2p,4712346,4712346,0,,,17124142848,17128855194,rank21:B2,0
55,rank21:B3,compute,backward,3,21,1,5,21,21,1,1,7,cooldown,724597521,0,0,1.7854777635442913e+18,1.7854777642688888e+18,17128855194,17853452715,lane5:B2:s1->s0,4712346
55,rank5:B2,compute,backward,2,5,0,5,5,5,0,0,6,cooldown,409639400,0,0,1.7854777635391176e+18,1.785477763948757e+18,17128855194,17538494594,lane5:B2:s1->s0,601617364
55,lane5:B3:s1->s0,pp_message,backward,3,-1,1,5,21,5,1,0,-1,p2p,4712346,4712346,0,,,17853452715,17858165061,rank21:B3,0
55,rank5:B3,compute,backward,3,5,0,5,5,5,0,0,7,cooldown,405371639,0,0,1.7854777643668406e+18,1.785477764772212e+18,17858165061,18263536700,lane5:B3:s1->s0,319670467
55,rank6:F0,compute,forward,0,6,0,6,6,6,0,0,0,warmup,162685492,0,0,1.7854777448085652e+18,1.7854777449712507e+18,0,162685492,,0
55,lane6:F0:s0->s1,pp_message,forward,0,-1,0,6,6,22,0,1,-1,p2p,4712346,4712346,0,,,162685492,167397838,rank6:F0,0
55,rank22:F0,compute,forward,0,22,1,6,22,22,1,1,0,warmup,325819258,0,0,1.7854777449764275e+18,1.785477745302247e+18,167397838,493217096,lane6:F0:s0->s1,167397838
55,rank6:F1,compute,forward,1,6,0,6,6,6,0,0,1,warmup,158713585,0,0,1.7854777449764897e+18,1.7854777451352033e+18,167397838,326111423,lane6:F0:s0->s1,4712346
55,lane6:F1:s0->s1,pp_message,forward,1,-1,0,6,6,22,0,1,-1,p2p,4712346,4712346,0,,,326111423,330823769,rank6:F1,0
55,rank6:F2,compute,forward,2,6,0,6,6,6,0,0,2,warmup,158503392,0,0,1.7854777453125645e+18,1.785477745471068e+18,330823769,489327161,lane6:F1:s0->s1,4712346
55,lane6:F2:s0->s1,pp_message,forward,2,-1,0,6,6,22,0,1,-1,p2p,4712346,4712346,0,,,489327161,494039507,rank6:F2,0
55,lane6:F0:s1->s2,pp_message,forward,0,-1,1,6,22,38,1,2,-1,p2p,4712346,4712346,0,,,493217096,497929442,rank22:F0,0
55,rank6:F3,compute,forward,3,6,0,6,6,6,0,0,3,warmup,158002381,0,0,1.7854777456494538e+18,1.7854777458074563e+18,494039507,652041888,lane6:F2:s0->s1,4712346
55,rank22:F1,compute,forward,1,22,1,6,22,22,1,1,1,warmup,326591022,0,0,1.7854777453124966e+18,1.7854777456390876e+18,497929442,824520464,lane6:F0:s1->s2,4712346
55,rank38:F0,compute,forward,0,38,2,6,38,38,2,2,0,warmup,321303831,0,0,1.785477745307364e+18,1.785477745628668e+18,497929442,819233273,lane6:F0:s1->s2,497929442
55,lane6:F3:s0->s1,pp_message,forward,3,-1,0,6,6,22,0,1,-1,p2p,4712346,4712346,0,,,652041888,656754234,rank6:F3,0
55,lane6:F0:s2->s3,pp_message,forward,0,-1,2,6,38,54,2,3,-1,p2p,4712346,4712346,0,,,819233273,823945619,rank38:F0,0
55,rank54:F0,compute,forward,0,54,3,6,54,54,3,3,0,warmup,317208093,0,0,1.7854777456339428e+18,1.7854777459511508e+18,823945619,1141153712,lane6:F0:s2->s3,823945619
55,lane6:F1:s1->s2,pp_message,forward,1,-1,1,6,22,38,1,2,-1,p2p,4712346,4712346,0,,,824520464,829232810,rank22:F1,0
55,rank22:F2,compute,forward,2,22,1,6,22,22,1,1,2,warmup,324803510,0,0,1.785477745649347e+18,1.7854777459741507e+18,829232810,1154036320,lane6:F1:s1->s2,4712346
55,rank38:F1,compute,forward,1,38,2,6,38,38,2,2,1,warmup,322760581,0,0,1.785477745644171e+18,1.7854777459669315e+18,829232810,1151993391,lane6:F1:s1->s2,9999537
55,lane6:F0:s3->s4,pp_message,forward,0,-1,3,6,54,70,3,4,-1,p2p,4712346,4712346,0,,,1141153712,1145866058,rank54:F0,0
55,rank70:F0,compute,forward,0,70,4,6,70,70,4,4,0,warmup,335395640,0,0,1.7854777459566026e+18,1.7854777462919982e+18,1145866058,1481261698,lane6:F0:s3->s4,1145866058
55,lane6:F1:s2->s3,pp_message,forward,1,-1,2,6,38,54,2,3,-1,p2p,4712346,4712346,0,,,1151993391,1156705737,rank38:F1,0
55,lane6:F2:s1->s2,pp_message,forward,2,-1,1,6,22,38,1,2,-1,p2p,4712346,4712346,0,,,1154036320,1158748666,rank22:F2,0
55,rank54:F1,compute,forward,1,54,3,6,54,54,3,3,1,warmup,314225649,0,0,1.785477745972026e+18,1.7854777462862518e+18,1156705737,1470931386,lane6:F1:s2->s3,15552025
55,rank22:F3,compute,forward,3,22,1,6,22,22,1,1,3,warmup,322429457,0,0,1.785477745984248e+18,1.7854777463066775e+18,1158748666,1481178123,lane6:F2:s1->s2,4712346
55,rank38:F2,compute,forward,2,38,2,6,38,38,2,2,2,warmup,463241284,0,0,1.785477745979203e+18,1.7854777464424445e+18,1158748666,1621989950,lane6:F2:s1->s2,6755275
55,lane6:F1:s3->s4,pp_message,forward,1,-1,3,6,54,70,3,4,-1,p2p,4712346,4712346,0,,,1470931386,1475643732,rank54:F1,0
55,lane6:F3:s1->s2,pp_message,forward,3,-1,1,6,22,38,1,2,-1,p2p,4712346,4712346,0,,,1481178123,1485890469,rank22:F3,0
55,lane6:F0:s4->s5,pp_message,forward,0,-1,4,6,70,86,4,5,-1,p2p,4712346,4712346,0,,,1481261698,1485974044,rank70:F0,0
55,rank70:F1,compute,forward,1,70,4,6,70,70,4,4,1,warmup,317119227,0,0,1.785477746302363e+18,1.785477746619482e+18,1485974044,1803093271,lane6:F0:s4->s5,4712346
55,rank86:F0,compute,forward,0,86,5,6,86,86,5,5,0,warmup,314882629,0,0,1.7854777462974973e+18,1.7854777466123802e+18,1485974044,1800856673,lane6:F0:s4->s5,1485974044
55,lane6:F2:s2->s3,pp_message,forward,2,-1,2,6,38,54,2,3,-1,p2p,4712346,4712346,0,,,1621989950,1626702296,rank38:F2,0
55,rank38:F3,compute,forward,3,38,2,6,38,38,2,2,3,warmup,317393778,0,0,1.7854777464526077e+18,1.7854777467700017e+18,1626702296,1944096074,lane6:F2:s2->s3,4712346
55,rank54:F2,compute,forward,2,54,3,6,54,54,3,3,2,warmup,315106267,0,0,1.7854777464476065e+18,1.7854777467627128e+18,1626702296,1941808563,lane6:F2:s2->s3,155770910
55,lane6:F0:s5->s6,pp_message,forward,0,-1,5,6,86,102,5,6,-1,p2p,4712346,4712346,0,,,1800856673,1805569019,rank86:F0,0
55,lane6:F1:s4->s5,pp_message,forward,1,-1,4,6,70,86,4,5,-1,p2p,4712346,4712346,0,,,1803093271,1807805617,rank70:F1,0
55,rank102:F0,compute,forward,0,102,6,6,102,102,6,6,0,warmup,317759564,0,0,1.785477746618342e+18,1.7854777469361014e+18,1805569019,2123328583,lane6:F0:s5->s6,1805569019
55,rank86:F1,compute,forward,1,86,5,6,86,86,5,5,1,warmup,312865498,0,0,1.7854777466246984e+18,1.785477746937564e+18,1807805617,2120671115,lane6:F1:s4->s5,6948944
55,lane6:F2:s3->s4,pp_message,forward,2,-1,3,6,54,70,3,4,-1,p2p,4712346,4712346,0,,,1941808563,1946520909,rank54:F2,0
55,lane6:F3:s2->s3,pp_message,forward,3,-1,2,6,38,54,2,3,-1,p2p,4712346,4712346,0,,,1944096074,1948808420,rank38:F3,0
55,rank70:F2,compute,forward,2,70,4,6,70,70,4,4,2,warmup,315756139,0,0,1.7854777467682112e+18,1.7854777470839675e+18,1946520909,2262277048,lane6:F2:s3->s4,143427638
55,rank54:F3,compute,forward,3,54,3,6,54,54,3,3,3,warmup,333999969,0,0,1.78547774677512e+18,1.7854777471091197e+18,1948808420,2282808389,lane6:F3:s2->s3,6999857
55,lane6:F1:s5->s6,pp_message,forward,1,-1,5,6,86,102,5,6,-1,p2p,4712346,4712346,0,,,2120671115,2125383461,rank86:F1,0
55,lane6:F0:s6->s7,pp_message,forward,0,-1,6,6,102,118,6,7,-1,p2p,4712346,4712346,0,,,2123328583,2128040929,rank102:F0,0
55,rank102:F1,compute,forward,1,102,6,6,102,102,6,6,1,warmup,316903427,0,0,1.785477746946292e+18,1.7854777472631954e+18,2128040929,2444944356,lane6:F0:s6->s7,4712346
55,rank118:F0,compute,forward,0,118,7,6,118,118,7,7,0,warmup,316968716,0,0,1.7854777469415462e+18,1.785477747258515e+18,2128040929,2445009645,lane6:F0:s6->s7,2128040929
55,lane6:F2:s4->s5,pp_message,forward,2,-1,4,6,70,86,4,5,-1,p2p,4712346,4712346,0,,,2262277048,2266989394,rank70:F2,0
55,rank86:F2,compute,forward,2,86,5,6,86,86,5,5,2,warmup,352503198,0,0,1.785477747089168e+18,1.7854777474416712e+18,2266989394,2619492592,lane6:F2:s4->s5,146318279
55,lane6:F3:s3->s4,pp_message,forward,3,-1,3,6,54,70,3,4,-1,p2p,4712346,4712346,0,,,2282808389,2287520735,rank54:F3,0
55,rank70:F3,compute,forward,3,70,4,6,70,70,4,4,3,warmup,313313837,0,0,1.7854777471143014e+18,1.7854777474276152e+18,2287520735,2600834572,lane6:F3:s3->s4,25243687
55,lane6:F1:s6->s7,pp_message,forward,1,-1,6,6,102,118,6,7,-1,p2p,4712346,4712346,0,,,2444944356,2449656702,rank102:F1,0
55,lane6:F0:s7->s8,pp_message,forward,0,-1,7,6,118,134,7,8,-1,p2p,4712346,4712346,0,,,2445009645,2449721991,rank118:F0,0
55,rank118:F1,compute,forward,1,118,7,6,118,118,7,7,1,warmup,312542539,0,0,1.7854777472686167e+18,1.7854777475811592e+18,2449721991,2762264530,lane6:F0:s7->s8,4712346
55,rank134:F0,compute,forward,0,134,8,6,134,134,8,8,0,warmup,313390544,0,0,1.7854777472638246e+18,1.7854777475772152e+18,2449721991,2763112535,lane6:F0:s7->s8,2449721991
55,lane6:F3:s4->s5,pp_message,forward,3,-1,4,6,70,86,4,5,-1,p2p,4712346,4712346,0,,,2600834572,2605546918,rank70:F3,0
55,lane6:F2:s5->s6,pp_message,forward,2,-1,5,6,86,102,5,6,-1,p2p,4712346,4712346,0,,,2619492592,2624204938,rank86:F2,0
55,rank102:F2,compute,forward,2,102,6,6,102,102,6,6,2,warmup,316151715,0,0,1.7854777474468516e+18,1.7854777477630034e+18,2624204938,2940356653,lane6:F2:s5->s6,179260582
55,rank86:F3,compute,forward,3,86,5,6,86,86,5,5,3,warmup,312434075,0,0,1.7854777474519247e+18,1.7854777477643587e+18,2624204938,2936639013,lane6:F2:s5->s6,4712346
55,lane6:F1:s7->s8,pp_message,forward,1,-1,7,6,118,134,7,8,-1,p2p,4712346,4712346,0,,,2762264530,2766976876,rank118:F1,0
55,lane6:F0:s8->s9,pp_message,forward,0,-1,8,6,134,150,8,9,-1,p2p,4712346,4712346,0,,,2763112535,2767824881,rank134:F0,0
55,rank134:F1,compute,forward,1,134,8,6,134,134,8,8,1,warmup,310594867,0,0,1.7854777475880998e+18,1.7854777478986947e+18,2767824881,3078419748,lane6:F0:s8->s9,4712346
55,rank150:F0,compute,forward,0,150,9,6,150,150,9,9,0,warmup,319621301,0,0,1.7854777475837386e+18,1.78547774790336e+18,2767824881,3087446182,lane6:F0:s8->s9,2767824881
55,lane6:F3:s5->s6,pp_message,forward,3,-1,5,6,86,102,5,6,-1,p2p,4712346,4712346,0,,,2936639013,2941351359,rank86:F3,0
55,lane6:F2:s6->s7,pp_message,forward,2,-1,6,6,102,118,6,7,-1,p2p,4712346,4712346,0,,,2940356653,2945068999,rank102:F2,0
55,rank102:F3,compute,forward,3,102,6,6,102,102,6,6,3,warmup,315614701,0,0,1.7854777477731807e+18,1.7854777480887954e+18,2945068999,3260683700,lane6:F2:s6->s7,4712346
55,rank118:F2,compute,forward,2,118,7,6,118,118,7,7,2,warmup,311562954,0,0,1.7854777477681708e+18,1.7854777480797338e+18,2945068999,3256631953,lane6:F2:s6->s7,182804469
55,lane6:F1:s8->s9,pp_message,forward,1,-1,8,6,134,150,8,9,-1,p2p,4712346,4712346,0,,,3078419748,3083132094,rank134:F1,0
55,lane6:F0:s9->s10,pp_message,forward,0,-1,9,6,150,166,9,10,-1,p2p,4712346,4712346,0,,,3087446182,3092158528,rank150:F0,0
55,rank150:F1,compute,forward,1,150,9,6,150,150,9,9,1,warmup,317034503,0,0,1.7854777479148237e+18,1.7854777482318582e+18,3092158528,3409193031,lane6:F0:s9->s10,4712346
55,rank166:F0,compute,forward,0,166,10,6,166,166,10,10,0,warmup,320482924,0,0,1.7854777479090476e+18,1.7854777482295304e+18,3092158528,3412641452,lane6:F0:s9->s10,3092158528
55,lane6:F2:s7->s8,pp_message,forward,2,-1,7,6,118,134,7,8,-1,p2p,4712346,4712346,0,,,3256631953,3261344299,rank118:F2,0
55,lane6:F3:s6->s7,pp_message,forward,3,-1,6,6,102,118,6,7,-1,p2p,4712346,4712346,0,,,3260683700,3265396046,rank102:F3,0
55,rank134:F2,compute,forward,2,134,8,6,134,134,8,8,2,warmup,310770196,0,0,1.7854777480846303e+18,1.7854777483954004e+18,3261344299,3572114495,lane6:F2:s7->s8,182924551
55,rank118:F3,compute,forward,3,118,7,6,118,118,7,7,3,warmup,340571302,0,0,1.7854777480939164e+18,1.7854777484344876e+18,3265396046,3605967348,lane6:F3:s6->s7,8764093
55,lane6:F1:s9->s10,pp_message,forward,1,-1,9,6,150,166,9,10,-1,p2p,4712346,4712346,0,,,3409193031,3413905377,rank150:F1,0
55,lane6:F0:s10->s11,pp_message,forward,0,-1,10,6,166,182,10,11,-1,p2p,4712346,4712346,0,,,3412641452,3417353798,rank166:F0,0
55,rank166:F1,compute,forward,1,166,10,6,166,166,10,10,1,warmup,324055409,0,0,1.7854777482402025e+18,1.785477748564258e+18,3417353798,3741409207,lane6:F0:s10->s11,4712346
55,rank182:F0,compute,forward,0,182,11,6,182,182,11,11,0,warmup,310938982,0,0,1.7854777482356383e+18,1.7854777485465772e+18,3417353798,3728292780,lane6:F0:s10->s11,3417353798
55,lane6:F2:s8->s9,pp_message,forward,2,-1,8,6,134,150,8,9,-1,p2p,4712346,4712346,0,,,3572114495,3576826841,rank134:F2,0
55,rank150:F2,compute,forward,2,150,9,6,150,150,9,9,2,warmup,317880862,0,0,1.7854777484012183e+18,1.7854777487190994e+18,3576826841,3894707703,lane6:F2:s8->s9,167633810
55,lane6:F3:s7->s8,pp_message,forward,3,-1,7,6,118,134,7,8,-1,p2p,4712346,4712346,0,,,3605967348,3610679694,rank118:F3,0
55,rank134:F3,compute,forward,3,134,8,6,134,134,8,8,3,warmup,311209704,0,0,1.78547774843939e+18,1.7854777487505997e+18,3610679694,3921889398,lane6:F3:s7->s8,38565199
55,lane6:F0:s11->s12,pp_message,forward,0,-1,11,6,182,198,11,12,-1,p2p,4712346,4712346,0,,,3728292780,3733005126,rank182:F0,0
55,rank198:F0,compute,forward,0,198,12,6,198,198,12,12,0,warmup,312917817,0,0,1.7854777485520996e+18,1.7854777488650173e+18,3733005126,4045922943,lane6:F0:s11->s12,3733005126
55,lane6:F1:s10->s11,pp_message,forward,1,-1,10,6,166,182,10,11,-1,p2p,4712346,4712346,0,,,3741409207,3746121553,rank166:F1,0
55,rank182:F1,compute,forward,1,182,11,6,182,182,11,11,1,warmup,315963112,0,0,1.7854777485695212e+18,1.7854777488854843e+18,3746121553,4062084665,lane6:F1:s10->s11,17828773
55,lane6:F2:s9->s10,pp_message,forward,2,-1,9,6,150,166,9,10,-1,p2p,4712346,4712346,0,,,3894707703,3899420049,rank150:F2,0
55,rank166:F2,compute,forward,2,166,10,6,166,166,10,10,2,warmup,333324044,0,0,1.7854777487245768e+18,1.7854777490579008e+18,3899420049,4232744093,lane6:F2:s9->s10,158010842
55,lane6:F3:s8->s9,pp_message,forward,3,-1,8,6,134,150,8,9,-1,p2p,4712346,4712346,0,,,3921889398,3926601744,rank134:F3,0
55,rank150:F3,compute,forward,3,150,9,6,150,150,9,9,3,warmup,318869887,0,0,1.785477748755723e+18,1.7854777490745928e+18,3926601744,4245471631,lane6:F3:s8->s9,31894041
55,lane6:F0:s12->s13,pp_message,forward,0,-1,12,6,198,214,12,13,-1,p2p,4712346,4712346,0,,,4045922943,4050635289,rank198:F0,0
55,rank214:F0,compute,forward,0,214,13,6,214,214,13,13,0,warmup,314844629,0,0,1.7854777488715233e+18,1.785477749186368e+18,4050635289,4365479918,lane6:F0:s12->s13,4050635289
55,lane6:F1:s11->s12,pp_message,forward,1,-1,11,6,182,198,11,12,-1,p2p,4712346,4712346,0,,,4062084665,4066797011,rank182:F1,0
55,rank198:F1,compute,forward,1,198,12,6,198,198,12,12,1,warmup,307702460,0,0,1.7854777488905152e+18,1.7854777491982177e+18,4066797011,4374499471,lane6:F1:s11->s12,20874068
55,lane6:F2:s10->s11,pp_message,forward,2,-1,10,6,166,182,10,11,-1,p2p,4712346,4712346,0,,,4232744093,4237456439,rank166:F2,0
55,rank182:F2,compute,forward,2,182,11,6,182,182,11,11,2,warmup,309217350,0,0,1.7854777490630362e+18,1.7854777493722534e+18,4237456439,4546673789,lane6:F2:s10->s11,175371774
55,lane6:F3:s9->s10,pp_message,forward,3,-1,9,6,150,166,9,10,-1,p2p,4712346,4712346,0,,,4245471631,4250183977,rank150:F3,0
55,rank166:F3,compute,forward,3,166,10,6,166,166,10,10,3,warmup,310769351,0,0,1.785477749079646e+18,1.7854777493904154e+18,4250183977,4560953328,lane6:F3:s9->s10,17439884
55,lane6:F0:s13->s14,pp_message,forward,0,-1,13,6,214,230,13,14,-1,p2p,4712346,4712346,0,,,4365479918,4370192264,rank214:F0,0
55,rank230:F0,compute,forward,0,230,14,6,230,230,14,14,0,warmup,315829075,0,0,1.7854777491924209e+18,1.7854777495082499e+18,4370192264,4686021339,lane6:F0:s13->s14,4370192264
55,lane6:F1:s12->s13,pp_message,forward,1,-1,12,6,198,214,12,13,-1,p2p,4712346,4712346,0,,,4374499471,4379211817,rank198:F1,0
55,rank214:F1,compute,forward,1,214,13,6,214,214,13,13,1,warmup,309443628,0,0,1.7854777492034066e+18,1.7854777495128502e+18,4379211817,4688655445,lane6:F1:s12->s13,13731899
55,lane6:F2:s11->s12,pp_message,forward,2,-1,11,6,182,198,11,12,-1,p2p,4712346,4712346,0,,,4546673789,4551386135,rank182:F2,0
55,rank198:F2,compute,forward,2,198,12,6,198,198,12,12,2,warmup,312746404,0,0,1.7854777493772652e+18,1.7854777496900116e+18,4551386135,4864132539,lane6:F2:s11->s12,176886664
55,lane6:F3:s10->s11,pp_message,forward,3,-1,10,6,166,182,10,11,-1,p2p,4712346,4712346,0,,,4560953328,4565665674,rank166:F3,0
55,rank182:F3,compute,forward,3,182,11,6,182,182,11,11,3,warmup,306734943,0,0,1.785477749395693e+18,1.7854777497024282e+18,4565665674,4872400617,lane6:F3:s10->s11,18991885
55,lane6:F0:s14->s15,pp_message,forward,0,-1,14,6,230,246,14,15,-1,p2p,4712346,4712346,0,,,4686021339,4690733685,rank230:F0,0
55,lane6:F1:s13->s14,pp_message,forward,1,-1,13,6,214,230,13,14,-1,p2p,4712346,4712346,0,,,4688655445,4693367791,rank214:F1,0
55,rank246:F0,compute,forward,0,246,15,6,246,246,15,15,0,steady,194250145,0,0,1.78547774951465e+18,1.7854777497089e+18,4690733685,4884983830,lane6:F0:s14->s15,4690733685
55,rank230:F1,compute,forward,1,230,14,6,230,230,14,14,1,steady,309128865,0,0,1.7854777495185756e+18,1.7854777498277043e+18,4693367791,5002496656,lane6:F1:s13->s14,7346452
55,lane6:F2:s12->s13,pp_message,forward,2,-1,12,6,198,214,12,13,-1,p2p,4712346,4712346,0,,,4864132539,4868844885,rank198:F2,0
55,rank214:F2,compute,forward,2,214,13,6,214,214,13,13,2,steady,311229161,0,0,1.7854777496952696e+18,1.7854777500064988e+18,4868844885,5180074046,lane6:F2:s12->s13,180189440
55,lane6:F3:s11->s12,pp_message,forward,3,-1,11,6,182,198,11,12,-1,p2p,4712346,4712346,0,,,4872400617,4877112963,rank182:F3,0
55,rank198:F3,compute,forward,3,198,12,6,198,198,12,12,3,steady,308737159,0,0,1.785477749707468e+18,1.785477750016205e+18,4877112963,5185850122,lane6:F3:s11->s12,12980424
55,rank246:B0,compute,backward,0,246,15,6,246,246,15,15,1,steady,366566122,0,0,1.785477749709066e+18,1.785477750075632e+18,4884983830,5251549952,rank246:F0,0
55,lane6:F1:s14->s15,pp_message,forward,1,-1,14,6,230,246,14,15,-1,p2p,4712346,4712346,0,,,5002496656,5007209002,rank230:F1,0
55,lane6:F2:s13->s14,pp_message,forward,2,-1,13,6,214,230,13,14,-1,p2p,4712346,4712346,0,,,5180074046,5184786392,rank214:F2,0
55,lane6:F3:s12->s13,pp_message,forward,3,-1,12,6,198,214,12,13,-1,p2p,4712346,4712346,0,,,5185850122,5190562468,rank198:F3,0
55,lane6:B0:s15->s14,pp_message,backward,0,-1,15,6,246,230,15,14,-1,p2p,4712346,4712346,0,,,5251549952,5256262298,rank246:B0,0
55,rank230:B0,compute,backward,0,230,14,6,230,230,14,14,2,steady,707111501,0,0,1.7854777501769152e+18,1.7854777508840266e+18,5256262298,5963373799,lane6:B0:s15->s14,253765642
55,rank246:F1,compute,forward,1,246,15,6,246,246,15,15,2,steady,192052802,0,0,1.785477750176799e+18,1.7854777503688517e+18,5256262298,5448315100,lane6:B0:s15->s14,4712346
55,rank246:B1,compute,backward,1,246,15,6,246,246,15,15,3,steady,368689366,0,0,1.7854777503690468e+18,1.7854777507377362e+18,5448315100,5817004466,rank246:F1,0
55,lane6:B1:s15->s14,pp_message,backward,1,-1,15,6,246,230,15,14,-1,p2p,4712346,4712346,0,,,5817004466,5821716812,rank246:B1,0
55,lane6:B0:s14->s13,pp_message,backward,0,-1,14,6,230,214,14,13,-1,p2p,4712346,4712346,0,,,5963373799,5968086145,rank230:B0,0
55,rank214:B0,compute,backward,0,214,13,6,214,214,13,13,3,steady,687819648,0,0,1.7854777509837514e+18,1.785477751671571e+18,5968086145,6655905793,lane6:B0:s14->s13,788012099
55,rank230:F2,compute,forward,2,230,14,6,230,230,14,14,3,steady,309446610,0,0,1.7854777509836298e+18,1.7854777512930765e+18,5968086145,6277532755,lane6:B0:s14->s13,4712346
55,lane6:F2:s14->s15,pp_message,forward,2,-1,14,6,230,246,14,15,-1,p2p,4712346,4712346,0,,,6277532755,6282245101,rank230:F2,0
55,rank230:B1,compute,backward,1,230,14,6,230,230,14,14,4,steady,678730199,0,0,1.7854777512988902e+18,1.7854777519776205e+18,6282245101,6960975300,lane6:F2:s14->s15,4712346
55,rank246:F2,compute,forward,2,246,15,6,246,246,15,15,4,steady,189583415,0,0,1.7854777512989156e+18,1.7854777514884992e+18,6282245101,6471828516,lane6:F2:s14->s15,465240635
55,rank246:B2,compute,backward,2,246,15,6,246,246,15,15,5,steady,368595198,0,0,1.7854777514886797e+18,1.785477751857275e+18,6471828516,6840423714,rank246:F2,0
55,lane6:B0:s13->s12,pp_message,backward,0,-1,13,6,214,198,13,12,-1,p2p,4712346,4712346,0,,,6655905793,6660618139,rank214:B0,0
55,rank198:B0,compute,backward,0,198,12,6,198,198,12,12,4,steady,681224393,0,0,1.785477751770412e+18,1.7854777524516365e+18,6660618139,7341842532,lane6:B0:s13->s12,1474768017
55,rank214:F3,compute,forward,3,214,13,6,214,214,13,13,4,steady,314063071,0,0,1.785477751770236e+18,1.785477752084299e+18,6660618139,6974681210,lane6:B0:s13->s12,4712346
55,lane6:B2:s15->s14,pp_message,backward,2,-1,15,6,246,230,15,14,-1,p2p,4712346,4712346,0,,,6840423714,6845136060,rank246:B2,0
55,lane6:B1:s14->s13,pp_message,backward,1,-1,14,6,230,214,14,13,-1,p2p,4712346,4712346,0,,,6960975300,6965687646,rank230:B1,0
55,lane6:F3:s13->s14,pp_message,forward,3,-1,13,6,214,230,13,14,-1,p2p,4712346,4712346,0,,,6974681210,6979393556,rank214:F3,0
55,rank214:B1,compute,backward,1,214,13,6,214,214,13,13,5,steady,685489185,0,0,1.7854777520900954e+18,1.7854777527755845e+18,6979393556,7664882741,lane6:F3:s13->s14,4712346
55,rank230:F3,compute,forward,3,230,14,6,230,230,14,14,5,steady,308903627,0,0,1.7854777520901056e+18,1.7854777523990093e+18,6979393556,7288297183,lane6:F3:s13->s14,18418256
55,lane6:F3:s14->s15,pp_message,forward,3,-1,14,6,230,246,14,15,-1,p2p,4712346,4712346,0,,,7288297183,7293009529,rank230:F3,0
55,rank230:B2,compute,backward,2,230,14,6,230,230,14,14,6,steady,686821129,0,0,1.7854777524048911e+18,1.7854777530917123e+18,7293009529,7979830658,lane6:F3:s14->s15,4712346
55,rank246:F3,compute,forward,3,246,15,6,246,246,15,15,6,steady,189650260,0,0,1.785477752404901e+18,1.7854777525945516e+18,7293009529,7482659789,lane6:F3:s14->s15,452585815
55,lane6:B0:s12->s11,pp_message,backward,0,-1,12,6,198,182,12,11,-1,p2p,4712346,4712346,0,,,7341842532,7346554878,rank198:B0,0
55,rank182:B0,compute,backward,0,182,11,6,182,182,11,11,4,cooldown,676178092,0,0,1.7854777525503048e+18,1.785477753226483e+18,7346554878,8022732970,lane6:B0:s12->s11,2474154261
55,rank246:B3,compute,backward,3,246,15,6,246,246,15,15,7,steady,369932674,0,0,1.785477752594728e+18,1.7854777529646607e+18,7482659789,7852592463,rank246:F3,0
55,lane6:B1:s13->s12,pp_message,backward,1,-1,13,6,214,198,13,12,-1,p2p,4712346,4712346,0,,,7664882741,7669595087,rank214:B1,0
55,rank198:B1,compute,backward,1,198,12,6,198,198,12,12,5,cooldown,678359184,0,0,1.785477752874827e+18,1.785477753553186e+18,7669595087,8347954271,lane6:B1:s13->s12,327752555
55,lane6:B3:s15->s14,pp_message,backward,3,-1,15,6,246,230,15,14,-1,p2p,4712346,4712346,0,,,7852592463,7857304809,rank246:B3,0
55,lane6:B2:s14->s13,pp_message,backward,2,-1,14,6,230,214,14,13,-1,p2p,4712346,4712346,0,,,7979830658,7984543004,rank230:B2,0
55,rank214:B2,compute,backward,2,214,13,6,214,214,13,13,6,cooldown,691123066,0,0,1.7854777531901494e+18,1.7854777538812723e+18,7984543004,8675666070,lane6:B2:s14->s13,319660263
55,rank230:B3,compute,backward,3,230,14,6,230,230,14,14,7,cooldown,686696600,0,0,1.785477753195255e+18,1.7854777538819517e+18,7984543004,8671239604,lane6:B2:s14->s13,4712346
55,lane6:B0:s11->s10,pp_message,backward,0,-1,11,6,182,166,11,10,-1,p2p,4712346,4712346,0,,,8022732970,8027445316,rank182:B0,0
55,rank166:B0,compute,backward,0,166,10,6,166,166,10,10,4,cooldown,684424521,0,0,1.7854777533257702e+18,1.7854777540101947e+18,8027445316,8711869837,lane6:B0:s11->s10,3466491988
55,lane6:B1:s12->s11,pp_message,backward,1,-1,12,6,198,182,12,11,-1,p2p,4712346,4712346,0,,,8347954271,8352666617,rank198:B1,0
55,rank182:B1,compute,backward,1,182,11,6,182,182,11,11,5,cooldown,684789203,0,0,1.785477753652102e+18,1.7854777543368911e+18,8352666617,9037455820,lane6:B1:s12->s11,329933647
55,lane6:B3:s14->s13,pp_message,backward,3,-1,14,6,230,214,14,13,-1,p2p,4712346,4712346,0,,,8671239604,8675951950,rank230:B3,0
55,lane6:B2:s13->s12,pp_message,backward,2,-1,13,6,214,198,13,12,-1,p2p,4712346,4712346,0,,,8675666070,8680378416,rank214:B2,0
55,rank198:B2,compute,backward,2,198,12,6,198,198,12,12,6,cooldown,680471781,0,0,1.7854777539799165e+18,1.785477754660388e+18,8680378416,9360850197,lane6:B2:s13->s12,332424145
55,rank214:B3,compute,backward,3,214,13,6,214,214,13,13,7,cooldown,680472976,0,0,1.785477753985178e+18,1.785477754665651e+18,8680378416,9360851392,lane6:B2:s13->s12,4712346
55,lane6:B0:s10->s9,pp_message,backward,0,-1,10,6,166,150,10,9,-1,p2p,4712346,4712346,0,,,8711869837,8716582183,rank166:B0,0
55,rank150:B0,compute,backward,0,150,9,6,150,150,9,9,4,cooldown,703081068,0,0,1.7854777541089812e+18,1.7854777548120622e+18,8716582183,9419663251,lane6:B0:s10->s9,4471110552
55,lane6:B1:s11->s10,pp_message,backward,1,-1,11,6,182,166,11,10,-1,p2p,4712346,4712346,0,,,9037455820,9042168166,rank182:B1,0
55,rank166:B1,compute,backward,1,166,10,6,166,166,10,10,5,cooldown,678356543,0,0,1.78547775443518e+18,1.7854777551135365e+18,9042168166,9720524709,lane6:B1:s11->s10,330298329
55,lane6:B2:s12->s11,pp_message,backward,2,-1,12,6,198,182,12,11,-1,p2p,4712346,4712346,0,,,9360850197,9365562543,rank198:B2,0
55,lane6:B3:s13->s12,pp_message,backward,3,-1,13,6,214,198,13,12,-1,p2p,4712346,4712346,0,,,9360851392,9365563738,rank214:B3,0
55,rank182:B2,compute,backward,2,182,11,6,182,182,11,11,6,cooldown,682779667,0,0,1.7854777547598013e+18,1.785477755442581e+18,9365562543,10048342210,lane6:B2:s12->s11,328106723
55,rank198:B3,compute,backward,3,198,12,6,198,198,12,12,7,cooldown,677768715,0,0,1.7854777547651679e+18,1.7854777554429366e+18,9365563738,10043332453,lane6:B3:s13->s12,4713541
55,lane6:B0:s9->s8,pp_message,backward,0,-1,9,6,150,134,9,8,-1,p2p,4712346,4712346,0,,,9419663251,9424375597,rank150:B0,0
55,rank134:B0,compute,backward,0,134,8,6,134,134,8,8,4,cooldown,688686035,0,0,1.7854777549106135e+18,1.7854777555992996e+18,9424375597,10113061632,lane6:B0:s9->s8,5502486199
55,lane6:B1:s10->s9,pp_message,backward,1,-1,10,6,166,150,10,9,-1,p2p,4712346,4712346,0,,,9720524709,9725237055,rank166:B1,0
55,rank150:B1,compute,backward,1,150,9,6,150,150,9,9,5,cooldown,697925183,0,0,1.785477755211969e+18,1.7854777559098941e+18,9725237055,10423162238,lane6:B1:s10->s9,305573804
55,lane6:B3:s12->s11,pp_message,backward,3,-1,12,6,198,182,12,11,-1,p2p,4712346,4712346,0,,,10043332453,10048044799,rank198:B3,0
55,lane6:B2:s11->s10,pp_message,backward,2,-1,11,6,182,166,11,10,-1,p2p,4712346,4712346,0,,,10048342210,10053054556,rank182:B2,0
55,rank166:B2,compute,backward,2,166,10,6,166,166,10,10,6,cooldown,680956958,0,0,1.785477755540153e+18,1.78547775622111e+18,10053054556,10734011514,lane6:B2:s11->s10,332529847
55,rank182:B3,compute,backward,3,182,11,6,182,182,11,11,7,cooldown,675967659,0,0,1.785477755545533e+18,1.7854777562215007e+18,10053054556,10729022215,lane6:B2:s11->s10,4712346
55,lane6:B0:s8->s7,pp_message,backward,0,-1,8,6,134,118,8,7,-1,p2p,4712346,4712346,0,,,10113061632,10117773978,rank134:B0,0
55,rank118:B0,compute,backward,0,118,7,6,118,118,7,7,4,cooldown,681528689,0,0,1.7854777556982077e+18,1.7854777563797366e+18,10117773978,10799302667,lane6:B0:s8->s7,6511806630
55,lane6:B1:s9->s8,pp_message,backward,1,-1,9,6,150,134,9,8,-1,p2p,4712346,4712346,0,,,10423162238,10427874584,rank150:B1,0
55,rank134:B1,compute,backward,1,134,8,6,134,134,8,8,5,cooldown,693514651,0,0,1.7854777560083896e+18,1.7854777567019041e+18,10427874584,11121389235,lane6:B1:s9->s8,314812952
55,lane6:B3:s11->s10,pp_message,backward,3,-1,11,6,182,166,11,10,-1,p2p,4712346,4712346,0,,,10729022215,10733734561,rank182:B3,0
55,lane6:B2:s10->s9,pp_message,backward,2,-1,10,6,166,150,10,9,-1,p2p,4712346,4712346,0,,,10734011514,10738723860,rank166:B2,0
55,rank150:B2,compute,backward,2,150,9,6,150,150,9,9,6,cooldown,699683222,0,0,1.7854777563185083e+18,1.7854777570181914e+18,10738723860,11438407082,lane6:B2:s10->s9,315561622
55,rank166:B3,compute,backward,3,166,10,6,166,166,10,10,7,cooldown,678553136,0,0,1.7854777563235535e+18,1.7854777570021066e+18,10738723860,11417276996,lane6:B2:s10->s9,4712346
55,lane6:B0:s7->s6,pp_message,backward,0,-1,7,6,118,102,7,6,-1,p2p,4712346,4712346,0,,,10799302667,10804015013,rank118:B0,0
55,rank102:B0,compute,backward,0,102,6,6,102,102,6,6,4,cooldown,703277304,0,0,1.7854777564784814e+18,1.7854777571817587e+18,10804015013,11507292317,lane6:B0:s7->s6,7543331313
55,lane6:B1:s8->s7,pp_message,backward,1,-1,8,6,134,118,8,7,-1,p2p,4712346,4712346,0,,,11121389235,11126101581,rank134:B1,0
55,rank118:B1,compute,backward,1,118,7,6,118,118,7,7,5,cooldown,686233142,0,0,1.7854777567994534e+18,1.7854777574856865e+18,11126101581,11812334723,lane6:B1:s8->s7,326798914
55,lane6:B3:s10->s9,pp_message,backward,3,-1,10,6,166,150,10,9,-1,p2p,4712346,4712346,0,,,11417276996,11421989342,rank166:B3,0
55,lane6:B2:s9->s8,pp_message,backward,2,-1,9,6,150,134,9,8,-1,p2p,4712346,4712346,0,,,11438407082,11443119428,rank150:B2,0
55,rank134:B2,compute,backward,2,134,8,6,134,134,8,8,6,cooldown,691946292,0,0,1.7854777571168243e+18,1.7854777578087706e+18,11443119428,12135065720,lane6:B2:s9->s8,321730193
55,rank150:B3,compute,backward,3,150,9,6,150,150,9,9,7,cooldown,698180689,0,0,1.7854777571222694e+18,1.78547775782045e+18,11443119428,12141300117,lane6:B2:s9->s8,4712346
55,lane6:B0:s6->s5,pp_message,backward,0,-1,6,6,102,86,6,5,-1,p2p,4712346,4712346,0,,,11507292317,11512004663,rank102:B0,0
55,rank86:B0,compute,backward,0,86,5,6,86,86,5,5,4,cooldown,708995100,0,0,1.785477757278907e+18,1.785477757987902e+18,11512004663,12220999763,lane6:B0:s6->s5,8575365650
55,lane6:B1:s7->s6,pp_message,backward,1,-1,7,6,118,102,7,6,-1,p2p,4712346,4712346,0,,,11812334723,11817047069,rank118:B1,0
55,rank102:B1,compute,backward,1,102,6,6,102,102,6,6,5,cooldown,721650092,0,0,1.785477757582979e+18,1.785477758304629e+18,11817047069,12538697161,lane6:B1:s7->s6,309754752
55,lane6:B2:s8->s7,pp_message,backward,2,-1,8,6,134,118,8,7,-1,p2p,4712346,4712346,0,,,12135065720,12139778066,rank134:B2,0
55,rank118:B2,compute,backward,2,118,7,6,118,118,7,7,6,cooldown,684391947,0,0,1.785477757904535e+18,1.785477758588927e+18,12139778066,12824170013,lane6:B2:s8->s7,327443343
55,lane6:B3:s9->s8,pp_message,backward,3,-1,9,6,150,134,9,8,-1,p2p,4712346,4712346,0,,,12141300117,12146012463,rank150:B3,0
55,rank134:B3,compute,backward,3,134,8,6,134,134,8,8,7,cooldown,680153467,0,0,1.785477757918917e+18,1.7854777585990705e+18,12146012463,12826165930,lane6:B3:s9->s8,10946743
55,lane6:B0:s5->s4,pp_message,backward,0,-1,5,6,86,70,5,4,-1,p2p,4712346,4712346,0,,,12220999763,12225712109,rank86:B0,0
55,rank70:B0,compute,backward,0,70,4,6,70,70,4,4,4,cooldown,698286851,0,0,1.785477758086427e+18,1.7854777587847137e+18,12225712109,12923998960,lane6:B0:s5->s4,9624877537
55,lane6:B1:s6->s5,pp_message,backward,1,-1,6,6,102,86,6,5,-1,p2p,4712346,4712346,0,,,12538697161,12543409507,rank102:B1,0
55,rank86:B1,compute,backward,1,86,5,6,86,86,5,5,5,cooldown,704997044,0,0,1.7854777584019717e+18,1.7854777591069688e+18,12543409507,13248406551,lane6:B1:s6->s5,322409744
55,lane6:B2:s7->s6,pp_message,backward,2,-1,7,6,118,102,7,6,-1,p2p,4712346,4712346,0,,,12824170013,12828882359,rank118:B2,0
55,lane6:B3:s8->s7,pp_message,backward,3,-1,8,6,134,118,8,7,-1,p2p,4712346,4712346,0,,,12826165930,12830878276,rank134:B3,0
55,rank102:B2,compute,backward,2,102,6,6,102,102,6,6,6,cooldown,696769094,0,0,1.785477758686502e+18,1.7854777593832712e+18,12828882359,13525651453,lane6:B2:s7->s6,290185198
55,rank118:B3,compute,backward,3,118,7,6,118,118,7,7,7,cooldown,682835440,0,0,1.785477758697095e+18,1.7854777593799304e+18,12830878276,13513713716,lane6:B3:s8->s7,6708263
55,lane6:B0:s4->s3,pp_message,backward,0,-1,4,6,70,54,4,3,-1,p2p,4712346,4712346,0,,,12923998960,12928711306,rank70:B0,0
55,rank54:B0,compute,backward,0,54,3,6,54,54,3,3,4,cooldown,709544078,0,0,1.785477758883904e+18,1.7854777595934482e+18,12928711306,13638255384,lane6:B0:s4->s3,10645902917
55,lane6:B1:s5->s4,pp_message,backward,1,-1,5,6,86,70,5,4,-1,p2p,4712346,4712346,0,,,13248406551,13253118897,rank86:B1,0
55,rank70:B1,compute,backward,1,70,4,6,70,70,4,4,5,cooldown,698393471,0,0,1.7854777592053967e+18,1.7854777599037903e+18,13253118897,13951512368,lane6:B1:s5->s4,329119937
55,lane6:B3:s7->s6,pp_message,backward,3,-1,7,6,118,102,7,6,-1,p2p,4712346,4712346,0,,,13513713716,13518426062,rank118:B3,0
55,lane6:B2:s6->s5,pp_message,backward,2,-1,6,6,102,86,6,5,-1,p2p,4712346,4712346,0,,,13525651453,13530363799,rank102:B2,0
55,rank102:B3,compute,backward,3,102,6,6,102,102,6,6,7,cooldown,690716062,0,0,1.7854777594853965e+18,1.7854777601761124e+18,13530363799,14221079861,lane6:B2:s6->s5,4712346
55,rank86:B2,compute,backward,2,86,5,6,86,86,5,5,6,cooldown,711950613,0,0,1.7854777594802312e+18,1.7854777601921818e+18,13530363799,14242314412,lane6:B2:s6->s5,281957248
55,lane6:B0:s3->s2,pp_message,backward,0,-1,3,6,54,38,3,2,-1,p2p,4712346,4712346,0,,,13638255384,13642967730,rank54:B0,0
55,rank38:B0,compute,backward,0,38,2,6,38,38,2,2,4,cooldown,715010326,0,0,1.7854777596919578e+18,1.785477760406968e+18,13642967730,14357978056,lane6:B0:s3->s2,11698871656
55,lane6:B1:s4->s3,pp_message,backward,1,-1,4,6,70,54,4,3,-1,p2p,4712346,4712346,0,,,13951512368,13956224714,rank70:B1,0
55,rank54:B1,compute,backward,1,54,3,6,54,54,3,3,5,cooldown,704132507,0,0,1.7854777600029473e+18,1.7854777607070797e+18,13956224714,14660357221,lane6:B1:s4->s3,317969330
55,lane6:B3:s6->s5,pp_message,backward,3,-1,6,6,102,86,6,5,-1,p2p,4712346,4712346,0,,,14221079861,14225792207,rank102:B3,0
55,lane6:B2:s5->s4,pp_message,backward,2,-1,5,6,86,70,5,4,-1,p2p,4712346,4712346,0,,,14242314412,14247026758,rank86:B2,0
55,rank70:B2,compute,backward,2,70,4,6,70,70,4,4,6,cooldown,693197078,0,0,1.7854777602911729e+18,1.78547776098437e+18,14247026758,14940223836,lane6:B2:s5->s4,295514390
55,rank86:B3,compute,backward,3,86,5,6,86,86,5,5,7,cooldown,685369475,0,0,1.7854777602963192e+18,1.7854777609816886e+18,14247026758,14932396233,lane6:B2:s5->s4,4712346
55,lane6:B0:s2->s1,pp_message,backward,0,-1,2,6,38,22,2,1,-1,p2p,4712346,4712346,0,,,14357978056,14362690402,rank38:B0,0
55,rank22:B0,compute,backward,0,22,1,6,22,22,1,1,4,cooldown,723564074,0,0,1.785477760506635e+18,1.785477761230199e+18,14362690402,15086254476,lane6:B0:s2->s1,12881512279
55,lane6:B1:s3->s2,pp_message,backward,1,-1,3,6,54,38,3,2,-1,p2p,4712346,4712346,0,,,14660357221,14665069567,rank54:B1,0
55,rank38:B1,compute,backward,1,38,2,6,38,38,2,2,5,cooldown,709015022,0,0,1.7854777608057413e+18,1.7854777615147564e+18,14665069567,15374084589,lane6:B1:s3->s2,307091511
55,lane6:B3:s5->s4,pp_message,backward,3,-1,5,6,86,70,5,4,-1,p2p,4712346,4712346,0,,,14932396233,14937108579,rank86:B3,0
55,lane6:B2:s4->s3,pp_message,backward,2,-1,4,6,70,54,4,3,-1,p2p,4712346,4712346,0,,,14940223836,14944936182,rank70:B2,0
55,rank54:B2,compute,backward,2,54,3,6,54,54,3,3,6,cooldown,724015614,0,0,1.7854777610832448e+18,1.7854777618072604e+18,14944936182,15668951796,lane6:B2:s4->s3,284578961
55,rank70:B3,compute,backward,3,70,4,6,70,70,4,4,7,cooldown,695539539,0,0,1.7854777610884623e+18,1.785477761784002e+18,14944936182,15640475721,lane6:B2:s4->s3,4712346
55,lane6:B0:s1->s0,pp_message,backward,0,-1,1,6,22,6,1,0,-1,p2p,4712346,4712346,0,,,15086254476,15090966822,rank22:B0,0
55,rank6:B0,compute,backward,0,6,0,6,6,6,0,0,4,cooldown,414018381,0,0,1.785477761329272e+18,1.7854777617432906e+18,15090966822,15504985203,lane6:B0:s1->s0,14438924934
55,lane6:B1:s2->s1,pp_message,backward,1,-1,2,6,38,22,2,1,-1,p2p,4712346,4712346,0,,,15374084589,15378796935,rank38:B1,0
55,rank22:B1,compute,backward,1,22,1,6,22,22,1,1,5,cooldown,727944513,0,0,1.7854777616137224e+18,1.785477762341667e+18,15378796935,16106741448,lane6:B1:s2->s1,292542459
55,lane6:B3:s4->s3,pp_message,backward,3,-1,4,6,70,54,4,3,-1,p2p,4712346,4712346,0,,,15640475721,15645188067,rank70:B3,0
55,lane6:B2:s3->s2,pp_message,backward,2,-1,3,6,54,38,3,2,-1,p2p,4712346,4712346,0,,,15668951796,15673664142,rank54:B2,0
55,rank38:B2,compute,backward,2,38,2,6,38,38,2,2,6,cooldown,708397152,0,0,1.7854777619066028e+18,1.7854777626149998e+18,15673664142,16382061294,lane6:B2:s3->s2,299579553
55,rank54:B3,compute,backward,3,54,3,6,54,54,3,3,7,cooldown,716424301,0,0,1.7854777619119918e+18,1.785477762628416e+18,15673664142,16390088443,lane6:B2:s3->s2,4712346
55,lane6:B1:s1->s0,pp_message,backward,1,-1,1,6,22,6,1,0,-1,p2p,4712346,4712346,0,,,16106741448,16111453794,rank22:B1,0
55,rank6:B1,compute,backward,1,6,0,6,6,6,0,0,5,cooldown,408283645,0,0,1.7854777624377984e+18,1.785477762846082e+18,16111453794,16519737439,lane6:B1:s1->s0,606468591
55,lane6:B2:s2->s1,pp_message,backward,2,-1,2,6,38,22,2,1,-1,p2p,4712346,4712346,0,,,16382061294,16386773640,rank38:B2,0
55,rank22:B2,compute,backward,2,22,1,6,22,22,1,1,6,cooldown,728430438,0,0,1.7854777627133745e+18,1.7854777634418048e+18,16386773640,17115204078,lane6:B2:s2->s1,280032192
55,lane6:B3:s3->s2,pp_message,backward,3,-1,3,6,54,38,3,2,-1,p2p,4712346,4712346,0,,,16390088443,16394800789,rank54:B3,0
55,rank38:B3,compute,backward,3,38,2,6,38,38,2,2,7,cooldown,702727586,0,0,1.7854777627261036e+18,1.785477763428831e+18,16394800789,17097528375,lane6:B3:s3->s2,12739495
55,lane6:B3:s2->s1,pp_message,backward,3,-1,2,6,38,22,2,1,-1,p2p,4712346,4712346,0,,,17097528375,17102240721,rank38:B3,0
55,lane6:B2:s1->s0,pp_message,backward,2,-1,1,6,22,6,1,0,-1,p2p,4712346,4712346,0,,,17115204078,17119916424,rank22:B2,0
55,rank22:B3,compute,backward,3,22,1,6,22,22,1,1,7,cooldown,722542116,0,0,1.7854777635463798e+18,1.7854777642689219e+18,17119916424,17842458540,lane6:B2:s1->s0,4712346
55,rank6:B2,compute,backward,2,6,0,6,6,6,0,0,6,cooldown,407774096,0,0,1.7854777635408673e+18,1.7854777639486415e+18,17119916424,17527690520,lane6:B2:s1->s0,600178985
55,lane6:B3:s1->s0,pp_message,backward,3,-1,1,6,22,6,1,0,-1,p2p,4712346,4712346,0,,,17842458540,17847170886,rank22:B3,0
55,rank6:B3,compute,backward,3,6,0,6,6,6,0,0,7,cooldown,404355920,0,0,1.7854777643682445e+18,1.7854777647726003e+18,17847170886,18251526806,lane6:B3:s1->s0,319480366
55,rank7:F0,compute,forward,0,7,0,7,7,7,0,0,0,warmup,162823043,0,0,1.7854777448084467e+18,1.7854777449712696e+18,0,162823043,,0
55,lane7:F0:s0->s1,pp_message,forward,0,-1,0,7,7,23,0,1,-1,p2p,4712346,4712346,0,,,162823043,167535389,rank7:F0,0
55,rank23:F0,compute,forward,0,23,1,7,23,23,1,1,0,warmup,325934459,0,0,1.7854777449762255e+18,1.7854777453021601e+18,167535389,493469848,lane7:F0:s0->s1,167535389
55,rank7:F1,compute,forward,1,7,0,7,7,7,0,0,1,warmup,159115168,0,0,1.7854777449763387e+18,1.785477745135454e+18,167535389,326650557,lane7:F0:s0->s1,4712346
55,lane7:F1:s0->s1,pp_message,forward,1,-1,0,7,7,23,0,1,-1,p2p,4712346,4712346,0,,,326650557,331362903,rank7:F1,0
55,rank7:F2,compute,forward,2,7,0,7,7,7,0,0,2,warmup,158489424,0,0,1.7854777453127457e+18,1.785477745471235e+18,331362903,489852327,lane7:F1:s0->s1,4712346
55,lane7:F2:s0->s1,pp_message,forward,2,-1,0,7,7,23,0,1,-1,p2p,4712346,4712346,0,,,489852327,494564673,rank7:F2,0
55,lane7:F0:s1->s2,pp_message,forward,0,-1,1,7,23,39,1,2,-1,p2p,4712346,4712346,0,,,493469848,498182194,rank23:F0,0
55,rank7:F3,compute,forward,3,7,0,7,7,7,0,0,3,warmup,157972219,0,0,1.7854777456495178e+18,1.78547774580749e+18,494564673,652536892,lane7:F2:s0->s1,4712346
55,rank23:F1,compute,forward,1,23,1,7,23,23,1,1,1,warmup,326557247,0,0,1.785477745312461e+18,1.7854777456390185e+18,498182194,824739441,lane7:F0:s1->s2,4712346
55,rank39:F0,compute,forward,0,39,2,7,39,39,2,2,0,warmup,321146362,0,0,1.785477745307405e+18,1.7854777456285514e+18,498182194,819328556,lane7:F0:s1->s2,498182194
55,lane7:F3:s0->s1,pp_message,forward,3,-1,0,7,7,23,0,1,-1,p2p,4712346,4712346,0,,,652536892,657249238,rank7:F3,0
55,lane7:F0:s2->s3,pp_message,forward,0,-1,2,7,39,55,2,3,-1,p2p,4712346,4712346,0,,,819328556,824040902,rank39:F0,0
55,rank55:F0,compute,forward,0,55,3,7,55,55,3,3,0,warmup,316883160,0,0,1.7854777456343406e+18,1.7854777459512238e+18,824040902,1140924062,lane7:F0:s2->s3,824040902
55,lane7:F1:s1->s2,pp_message,forward,1,-1,1,7,23,39,1,2,-1,p2p,4712346,4712346,0,,,824739441,829451787,rank23:F1,0
55,rank23:F2,compute,forward,2,23,1,7,23,23,1,1,2,warmup,324783138,0,0,1.7854777456493773e+18,1.7854777459741604e+18,829451787,1154234925,lane7:F1:s1->s2,4712346
55,rank39:F1,compute,forward,1,39,2,7,39,39,2,2,1,warmup,322703947,0,0,1.7854777456441825e+18,1.7854777459668867e+18,829451787,1152155734,lane7:F1:s1->s2,10123231
55,lane7:F0:s3->s4,pp_message,forward,0,-1,3,7,55,71,3,4,-1,p2p,4712346,4712346,0,,,1140924062,1145636408,rank55:F0,0
55,rank71:F0,compute,forward,0,71,4,7,71,71,4,4,0,warmup,335536124,0,0,1.7854777459565975e+18,1.7854777462921336e+18,1145636408,1481172532,lane7:F0:s3->s4,1145636408
55,lane7:F1:s2->s3,pp_message,forward,1,-1,2,7,39,55,2,3,-1,p2p,4712346,4712346,0,,,1152155734,1156868080,rank39:F1,0
55,lane7:F2:s1->s2,pp_message,forward,2,-1,1,7,23,39,1,2,-1,p2p,4712346,4712346,0,,,1154234925,1158947271,rank23:F2,0
55,rank55:F1,compute,forward,1,55,3,7,55,55,3,3,1,warmup,314413420,0,0,1.7854777459720018e+18,1.7854777462864154e+18,1156868080,1471281500,lane7:F1:s2->s3,15944018
55,rank23:F3,compute,forward,3,23,1,7,23,23,1,1,3,warmup,322200004,0,0,1.7854777459843333e+18,1.7854777463065334e+18,1158947271,1481147275,lane7:F2:s1->s2,4712346
55,rank39:F2,compute,forward,2,39,2,7,39,39,2,2,2,warmup,463087700,0,0,1.7854777459793152e+18,1.785477746442403e+18,1158947271,1622034971,lane7:F2:s1->s2,6791537
55,lane7:F1:s3->s4,pp_message,forward,1,-1,3,7,55,71,3,4,-1,p2p,4712346,4712346,0,,,1471281500,1475993846,rank55:F1,0
55,lane7:F3:s1->s2,pp_message,forward,3,-1,1,7,23,39,1,2,-1,p2p,4712346,4712346,0,,,1481147275,1485859621,rank23:F3,0
55,lane7:F0:s4->s5,pp_message,forward,0,-1,4,7,71,87,4,5,-1,p2p,4712346,4712346,0,,,1481172532,1485884878,rank71:F0,0
55,rank71:F1,compute,forward,1,71,4,7,71,71,4,4,1,warmup,317012606,0,0,1.7854777463028037e+18,1.7854777466198164e+18,1485884878,1802897484,lane7:F0:s4->s5,4712346
55,rank87:F0,compute,forward,0,87,5,7,87,87,5,5,0,warmup,314743240,0,0,1.7854777462976686e+18,1.7854777466124116e+18,1485884878,1800628118,lane7:F0:s4->s5,1485884878
55,lane7:F2:s2->s3,pp_message,forward,2,-1,2,7,39,55,2,3,-1,p2p,4712346,4712346,0,,,1622034971,1626747317,rank39:F2,0
55,rank39:F3,compute,forward,3,39,2,7,39,39,2,2,3,warmup,317177844,0,0,1.7854777464527619e+18,1.7854777467699397e+18,1626747317,1943925161,lane7:F2:s2->s3,4712346
55,rank55:F2,compute,forward,2,55,3,7,55,55,3,3,2,warmup,315358224,0,0,1.7854777464475523e+18,1.7854777467629105e+18,1626747317,1942105541,lane7:F2:s2->s3,155465817
55,lane7:F0:s5->s6,pp_message,forward,0,-1,5,7,87,103,5,6,-1,p2p,4712346,4712346,0,,,1800628118,1805340464,rank87:F0,0
55,lane7:F1:s4->s5,pp_message,forward,1,-1,4,7,71,87,4,5,-1,p2p,4712346,4712346,0,,,1802897484,1807609830,rank71:F1,0
55,rank103:F0,compute,forward,0,103,6,7,103,103,6,6,0,warmup,318034304,0,0,1.7854777466180626e+18,1.785477746936097e+18,1805340464,2123374768,lane7:F0:s5->s6,1805340464
55,rank87:F1,compute,forward,1,87,5,7,87,87,5,5,1,warmup,312569415,0,0,1.785477746625084e+18,1.7854777469376535e+18,1807609830,2120179245,lane7:F1:s4->s5,6981712
55,lane7:F2:s3->s4,pp_message,forward,2,-1,3,7,55,71,3,4,-1,p2p,4712346,4712346,0,,,1942105541,1946817887,rank55:F2,0
55,lane7:F3:s2->s3,pp_message,forward,3,-1,2,7,39,55,2,3,-1,p2p,4712346,4712346,0,,,1943925161,1948637507,rank39:F3,0
55,rank71:F2,compute,forward,2,71,4,7,71,71,4,4,2,warmup,316091985,0,0,1.7854777467681743e+18,1.7854777470842662e+18,1946817887,2262909872,lane7:F2:s3->s4,143920403
55,rank55:F3,compute,forward,3,55,3,7,55,55,3,3,3,warmup,334144418,0,0,1.7854777467750653e+18,1.7854777471092099e+18,1948637507,2282781925,lane7:F3:s2->s3,6531966
55,lane7:F1:s5->s6,pp_message,forward,1,-1,5,7,87,103,5,6,-1,p2p,4712346,4712346,0,,,2120179245,2124891591,rank87:F1,0
55,lane7:F0:s6->s7,pp_message,forward,0,-1,6,7,103,119,6,7,-1,p2p,4712346,4712346,0,,,2123374768,2128087114,rank103:F0,0
55,rank103:F1,compute,forward,1,103,6,7,103,103,6,6,1,warmup,315657193,0,0,1.7854777469477181e+18,1.7854777472633754e+18,2128087114,2443744307,lane7:F0:s6->s7,4712346
55,rank119:F0,compute,forward,0,119,7,7,119,119,7,7,0,warmup,316263921,0,0,1.785477746942215e+18,1.7854777472584788e+18,2128087114,2444351035,lane7:F0:s6->s7,2128087114
55,lane7:F2:s4->s5,pp_message,forward,2,-1,4,7,71,87,4,5,-1,p2p,4712346,4712346,0,,,2262909872,2267622218,rank71:F2,0
55,rank87:F2,compute,forward,2,87,5,7,87,87,5,5,2,warmup,349729022,0,0,1.7854777470920714e+18,1.7854777474418004e+18,2267622218,2617351240,lane7:F2:s4->s5,147442973
55,lane7:F3:s3->s4,pp_message,forward,3,-1,3,7,55,71,3,4,-1,p2p,4712346,4712346,0,,,2282781925,2287494271,rank55:F3,0
55,rank71:F3,compute,forward,3,71,4,7,71,71,4,4,3,warmup,313455068,0,0,1.7854777471143286e+18,1.7854777474277837e+18,2287494271,2600949339,lane7:F3:s3->s4,24584399
55,lane7:F1:s6->s7,pp_message,forward,1,-1,6,7,103,119,6,7,-1,p2p,4712346,4712346,0,,,2443744307,2448456653,rank103:F1,0
55,lane7:F0:s7->s8,pp_message,forward,0,-1,7,7,119,135,7,8,-1,p2p,4712346,4712346,0,,,2444351035,2449063381,rank119:F0,0
55,rank119:F1,compute,forward,1,119,7,7,119,119,7,7,1,warmup,311706151,0,0,1.7854777472696259e+18,1.785477747581332e+18,2449063381,2760769532,lane7:F0:s7->s8,4712346
55,rank135:F0,compute,forward,0,135,8,7,135,135,8,8,0,warmup,313301114,0,0,1.7854777472639025e+18,1.7854777475772037e+18,2449063381,2762364495,lane7:F0:s7->s8,2449063381
55,lane7:F3:s4->s5,pp_message,forward,3,-1,4,7,71,87,4,5,-1,p2p,4712346,4712346,0,,,2600949339,2605661685,rank71:F3,0
55,lane7:F2:s5->s6,pp_message,forward,2,-1,5,7,87,103,5,6,-1,p2p,4712346,4712346,0,,,2617351240,2622063586,rank87:F2,0
55,rank103:F2,compute,forward,2,103,6,7,103,103,6,6,2,warmup,316134275,0,0,1.785477747447021e+18,1.7854777477631552e+18,2622063586,2938197861,lane7:F2:s5->s6,178319279
55,rank87:F3,compute,forward,3,87,5,7,87,87,5,5,3,warmup,312221104,0,0,1.7854777474521692e+18,1.7854777477643901e+18,2622063586,2934284690,lane7:F2:s5->s6,4712346
55,lane7:F1:s7->s8,pp_message,forward,1,-1,7,7,119,135,7,8,-1,p2p,4712346,4712346,0,,,2760769532,2765481878,rank119:F1,0
55,lane7:F0:s8->s9,pp_message,forward,0,-1,8,7,135,151,8,9,-1,p2p,4712346,4712346,0,,,2762364495,2767076841,rank135:F0,0
55,rank135:F1,compute,forward,1,135,8,7,135,135,8,8,1,warmup,311154532,0,0,1.7854777475875302e+18,1.7854777478986847e+18,2767076841,3078231373,lane7:F0:s8->s9,4712346
55,rank151:F0,compute,forward,0,151,9,7,151,151,9,9,0,warmup,320723670,0,0,1.785477747582656e+18,1.7854777479033797e+18,2767076841,3087800511,lane7:F0:s8->s9,2767076841
55,lane7:F3:s5->s6,pp_message,forward,3,-1,5,7,87,103,5,6,-1,p2p,4712346,4712346,0,,,2934284690,2938997036,rank87:F3,0
55,lane7:F2:s6->s7,pp_message,forward,2,-1,6,7,103,119,6,7,-1,p2p,4712346,4712346,0,,,2938197861,2942910207,rank103:F2,0
55,rank103:F3,compute,forward,3,103,6,7,103,103,6,6,3,warmup,314767649,0,0,1.7854777477741007e+18,1.7854777480888684e+18,2942910207,3257677856,lane7:F2:s6->s7,4712346
55,rank119:F2,compute,forward,2,119,7,7,119,119,7,7,2,warmup,310472579,0,0,1.78547774776845e+18,1.7854777480789228e+18,2942910207,3253382786,lane7:F2:s6->s7,182140675
55,lane7:F1:s8->s9,pp_message,forward,1,-1,8,7,135,151,8,9,-1,p2p,4712346,4712346,0,,,3078231373,3082943719,rank135:F1,0
55,lane7:F0:s9->s10,pp_message,forward,0,-1,9,7,151,167,9,10,-1,p2p,4712346,4712346,0,,,3087800511,3092512857,rank151:F0,0
55,rank151:F1,compute,forward,1,151,9,7,151,151,9,9,1,warmup,318265636,0,0,1.7854777479136812e+18,1.7854777482319468e+18,3092512857,3410778493,lane7:F0:s9->s10,4712346
55,rank167:F0,compute,forward,0,167,10,7,167,167,10,10,0,warmup,320491061,0,0,1.7854777479088328e+18,1.7854777482293238e+18,3092512857,3413003918,lane7:F0:s9->s10,3092512857
55,lane7:F2:s7->s8,pp_message,forward,2,-1,7,7,119,135,7,8,-1,p2p,4712346,4712346,0,,,3253382786,3258095132,rank119:F2,0
55,lane7:F3:s6->s7,pp_message,forward,3,-1,6,7,103,119,6,7,-1,p2p,4712346,4712346,0,,,3257677856,3262390202,rank103:F3,0
55,rank135:F2,compute,forward,2,135,8,7,135,135,8,8,2,warmup,311342832,0,0,1.785477748084073e+18,1.7854777483954156e+18,3258095132,3569437964,lane7:F2:s7->s8,179863759
55,rank119:F3,compute,forward,3,119,7,7,119,119,7,7,3,warmup,340504461,0,0,1.7854777480940334e+18,1.7854777484345377e+18,3262390202,3602894663,lane7:F3:s6->s7,9007416
55,lane7:F1:s9->s10,pp_message,forward,1,-1,9,7,151,167,9,10,-1,p2p,4712346,4712346,0,,,3410778493,3415490839,rank151:F1,0
55,lane7:F0:s10->s11,pp_message,forward,0,-1,10,7,167,183,10,11,-1,p2p,4712346,4712346,0,,,3413003918,3417716264,rank167:F0,0
55,rank167:F1,compute,forward,1,167,10,7,167,167,10,10,1,warmup,324904442,0,0,1.7854777482393892e+18,1.7854777485642936e+18,3417716264,3742620706,lane7:F0:s10->s11,4712346
55,rank183:F0,compute,forward,0,183,11,7,183,183,11,11,0,warmup,311543675,0,0,1.785477748234996e+18,1.7854777485465398e+18,3417716264,3729259939,lane7:F0:s10->s11,3417716264
55,lane7:F2:s8->s9,pp_message,forward,2,-1,8,7,135,151,8,9,-1,p2p,4712346,4712346,0,,,3569437964,3574150310,rank135:F2,0
55,rank151:F2,compute,forward,2,151,9,7,151,151,9,9,2,warmup,318257217,0,0,1.785477748400535e+18,1.7854777487187922e+18,3574150310,3892407527,lane7:F2:s8->s9,163371817
55,lane7:F3:s7->s8,pp_message,forward,3,-1,7,7,119,135,7,8,-1,p2p,4712346,4712346,0,,,3602894663,3607607009,rank119:F3,0
55,rank135:F3,compute,forward,3,135,8,7,135,135,8,8,3,warmup,311019277,0,0,1.785477748439676e+18,1.7854777487506954e+18,3607607009,3918626286,lane7:F3:s7->s8,38169045
55,lane7:F0:s11->s12,pp_message,forward,0,-1,11,7,183,199,11,12,-1,p2p,4712346,4712346,0,,,3729259939,3733972285,rank183:F0,0
55,rank199:F0,compute,forward,0,199,12,7,199,199,12,12,0,warmup,312803328,0,0,1.7854777485522245e+18,1.7854777488650278e+18,3733972285,4046775613,lane7:F0:s11->s12,3733972285
55,lane7:F1:s10->s11,pp_message,forward,1,-1,10,7,167,183,10,11,-1,p2p,4712346,4712346,0,,,3742620706,3747333052,rank167:F1,0
55,rank183:F1,compute,forward,1,183,11,7,183,183,11,11,1,warmup,316079702,0,0,1.785477748569447e+18,1.7854777488855268e+18,3747333052,4063412754,lane7:F1:s10->s11,18073113
55,lane7:F2:s9->s10,pp_message,forward,2,-1,9,7,151,167,9,10,-1,p2p,4712346,4712346,0,,,3892407527,3897119873,rank151:F2,0
55,rank167:F2,compute,forward,2,167,10,7,167,167,10,10,2,warmup,333842741,0,0,1.7854777487240763e+18,1.785477749057919e+18,3897119873,4230962614,lane7:F2:s9->s10,154499167
55,lane7:F3:s8->s9,pp_message,forward,3,-1,8,7,135,151,8,9,-1,p2p,4712346,4712346,0,,,3918626286,3923338632,rank135:F3,0
55,rank151:F3,compute,forward,3,151,9,7,151,151,9,9,3,warmup,318794996,0,0,1.7854777487558817e+18,1.7854777490746767e+18,3923338632,4242133628,lane7:F3:s8->s9,30931105
55,lane7:F0:s12->s13,pp_message,forward,0,-1,12,7,199,215,12,13,-1,p2p,4712346,4712346,0,,,4046775613,4051487959,rank199:F0,0
55,rank215:F0,compute,forward,0,215,13,7,215,215,13,13,0,warmup,314999352,0,0,1.7854777488712125e+18,1.7854777491862118e+18,4051487959,4366487311,lane7:F0:s12->s13,4051487959
55,lane7:F1:s11->s12,pp_message,forward,1,-1,11,7,183,199,11,12,-1,p2p,4712346,4712346,0,,,4063412754,4068125100,rank183:F1,0
55,rank199:F1,compute,forward,1,199,12,7,199,199,12,12,1,warmup,307334813,0,0,1.7854777488908124e+18,1.7854777491981473e+18,4068125100,4375459913,lane7:F1:s11->s12,21349487
55,lane7:F2:s10->s11,pp_message,forward,2,-1,10,7,167,183,10,11,-1,p2p,4712346,4712346,0,,,4230962614,4235674960,rank167:F2,0
55,rank183:F2,compute,forward,2,183,11,7,183,183,11,11,2,warmup,309159719,0,0,1.7854777490631117e+18,1.7854777493722714e+18,4235674960,4544834679,lane7:F2:s10->s11,172262206
55,lane7:F3:s9->s10,pp_message,forward,3,-1,9,7,151,167,9,10,-1,p2p,4712346,4712346,0,,,4242133628,4246845974,rank151:F3,0
55,rank167:F3,compute,forward,3,167,10,7,167,167,10,10,3,warmup,310788903,0,0,1.78547774907973e+18,1.7854777493905188e+18,4246845974,4557634877,lane7:F3:s9->s10,15883360
55,lane7:F0:s13->s14,pp_message,forward,0,-1,13,7,215,231,13,14,-1,p2p,4712346,4712346,0,,,4366487311,4371199657,rank215:F0,0
55,rank231:F0,compute,forward,0,231,14,7,231,231,14,14,0,warmup,316125820,0,0,1.785477749192219e+18,1.7854777495083446e+18,4371199657,4687325477,lane7:F0:s13->s14,4371199657
55,lane7:F1:s12->s13,pp_message,forward,1,-1,12,7,199,215,12,13,-1,p2p,4712346,4712346,0,,,4375459913,4380172259,rank199:F1,0
55,rank215:F1,compute,forward,1,215,13,7,215,215,13,13,1,warmup,309042824,0,0,1.7854777492037988e+18,1.7854777495128415e+18,4380172259,4689215083,lane7:F1:s12->s13,13684948
55,lane7:F2:s11->s12,pp_message,forward,2,-1,11,7,183,199,11,12,-1,p2p,4712346,4712346,0,,,4544834679,4549547025,rank183:F2,0
55,rank199:F2,compute,forward,2,199,12,7,199,199,12,12,2,warmup,312500895,0,0,1.7854777493775488e+18,1.7854777496900495e+18,4549547025,4862047920,lane7:F2:s11->s12,174087112
55,lane7:F3:s10->s11,pp_message,forward,3,-1,10,7,167,183,10,11,-1,p2p,4712346,4712346,0,,,4557634877,4562347223,rank167:F3,0
55,rank183:F3,compute,forward,3,183,11,7,183,183,11,11,3,warmup,306773759,0,0,1.7854777493958303e+18,1.785477749702604e+18,4562347223,4869120982,lane7:F3:s10->s11,17512544
55,lane7:F0:s14->s15,pp_message,forward,0,-1,14,7,231,247,14,15,-1,p2p,4712346,4712346,0,,,4687325477,4692037823,rank231:F0,0
55,lane7:F1:s13->s14,pp_message,forward,1,-1,13,7,215,231,13,14,-1,p2p,4712346,4712346,0,,,4689215083,4693927429,rank215:F1,0
55,rank247:F0,compute,forward,0,247,15,7,247,247,15,15,0,steady,193961722,0,0,1.7854777495149458e+18,1.7854777497089075e+18,4692037823,4885999545,lane7:F0:s14->s15,4692037823
55,rank231:F1,compute,forward,1,231,14,7,231,231,14,14,1,steady,309122022,0,0,1.7854777495185864e+18,1.7854777498277084e+18,4693927429,5003049451,lane7:F1:s13->s14,6601952
55,lane7:F2:s12->s13,pp_message,forward,2,-1,12,7,199,215,12,13,-1,p2p,4712346,4712346,0,,,4862047920,4866760266,rank199:F2,0
55,rank215:F2,compute,forward,2,215,13,7,215,215,13,13,2,steady,310721288,0,0,1.7854777496957527e+18,1.785477750006474e+18,4866760266,5177481554,lane7:F2:s12->s13,177545183
55,lane7:F3:s11->s12,pp_message,forward,3,-1,11,7,183,199,11,12,-1,p2p,4712346,4712346,0,,,4869120982,4873833328,rank183:F3,0
55,rank199:F3,compute,forward,3,199,12,7,199,199,12,12,3,steady,308291435,0,0,1.7854777497079642e+18,1.7854777500162557e+18,4873833328,5182124763,lane7:F3:s11->s12,11785408
55,rank247:B0,compute,backward,0,247,15,7,247,247,15,15,1,steady,366787251,0,0,1.78547774970907e+18,1.7854777500758572e+18,4885999545,5252786796,rank247:F0,0
55,lane7:F1:s14->s15,pp_message,forward,1,-1,14,7,231,247,14,15,-1,p2p,4712346,4712346,0,,,5003049451,5007761797,rank231:F1,0
55,lane7:F2:s13->s14,pp_message,forward,2,-1,13,7,215,231,13,14,-1,p2p,4712346,4712346,0,,,5177481554,5182193900,rank215:F2,0
55,lane7:F3:s12->s13,pp_message,forward,3,-1,12,7,199,215,12,13,-1,p2p,4712346,4712346,0,,,5182124763,5186837109,rank199:F3,0
55,lane7:B0:s15->s14,pp_message,backward,0,-1,15,7,247,231,15,14,-1,p2p,4712346,4712346,0,,,5252786796,5257499142,rank247:B0,0
55,rank231:B0,compute,backward,0,231,14,7,231,231,14,14,2,steady,707536164,0,0,1.785477750176788e+18,1.785477750884324e+18,5257499142,5965035306,lane7:B0:s15->s14,254449691
55,rank247:F1,compute,forward,1,247,15,7,247,247,15,15,2,steady,192171790,0,0,1.7854777501766556e+18,1.7854777503688274e+18,5257499142,5449670932,lane7:B0:s15->s14,4712346
55,rank247:B1,compute,backward,1,247,15,7,247,247,15,15,3,steady,366106202,0,0,1.7854777503690168e+18,1.785477750735123e+18,5449670932,5815777134,rank247:F1,0
55,lane7:B1:s15->s14,pp_message,backward,1,-1,15,7,247,231,15,14,-1,p2p,4712346,4712346,0,,,5815777134,5820489480,rank247:B1,0
55,lane7:B0:s14->s13,pp_message,backward,0,-1,14,7,231,215,14,13,-1,p2p,4712346,4712346,0,,,5965035306,5969747652,rank231:B0,0
55,rank215:B0,compute,backward,0,215,13,7,215,215,13,13,3,steady,687865613,0,0,1.7854777509840154e+18,1.785477751671881e+18,5969747652,6657613265,lane7:B0:s14->s13,792266098
55,rank231:F2,compute,forward,2,231,14,7,231,231,14,14,3,steady,309284914,0,0,1.7854777509838495e+18,1.7854777512931343e+18,5969747652,6279032566,lane7:B0:s14->s13,4712346
55,lane7:F2:s14->s15,pp_message,forward,2,-1,14,7,231,247,14,15,-1,p2p,4712346,4712346,0,,,6279032566,6283744912,rank231:F2,0
55,rank231:B1,compute,backward,1,231,14,7,231,231,14,14,4,steady,678171581,0,0,1.7854777512991803e+18,1.785477751977352e+18,6283744912,6961916493,lane7:F2:s14->s15,4712346
55,rank247:F2,compute,forward,2,247,15,7,247,247,15,15,4,steady,189255806,0,0,1.7854777512992433e+18,1.7854777514884992e+18,6283744912,6473000718,lane7:F2:s14->s15,467967778
55,rank247:B2,compute,backward,2,247,15,7,247,247,15,15,5,steady,366065592,0,0,1.7854777514886828e+18,1.7854777518547484e+18,6473000718,6839066310,rank247:F2,0
55,lane7:B0:s13->s12,pp_message,backward,0,-1,13,7,215,199,13,12,-1,p2p,4712346,4712346,0,,,6657613265,6662325611,rank215:B0,0
55,rank199:B0,compute,backward,0,199,12,7,199,199,12,12,4,steady,680867544,0,0,1.7854777517716854e+18,1.785477752452553e+18,6662325611,7343193155,lane7:B0:s13->s12,1480200848
55,rank215:F3,compute,forward,3,215,13,7,215,215,13,13,4,steady,312833658,0,0,1.785477751771512e+18,1.7854777520843459e+18,6662325611,6975159269,lane7:B0:s13->s12,4712346
55,lane7:B2:s15->s14,pp_message,backward,2,-1,15,7,247,231,15,14,-1,p2p,4712346,4712346,0,,,6839066310,6843778656,rank247:B2,0
55,lane7:B1:s14->s13,pp_message,backward,1,-1,14,7,231,215,14,13,-1,p2p,4712346,4712346,0,,,6961916493,6966628839,rank231:B1,0
55,lane7:F3:s13->s14,pp_message,forward,3,-1,13,7,215,231,13,14,-1,p2p,4712346,4712346,0,,,6975159269,6979871615,rank215:F3,0
55,rank215:B1,compute,backward,1,215,13,7,215,215,13,13,5,steady,685301517,0,0,1.7854777520902932e+18,1.7854777527755948e+18,6979871615,7665173132,lane7:F3:s13->s14,4712346
55,rank231:F3,compute,forward,3,231,14,7,231,231,14,14,5,steady,308795138,0,0,1.7854777520902912e+18,1.7854777523990863e+18,6979871615,7288666753,lane7:F3:s13->s14,17955122
55,lane7:F3:s14->s15,pp_message,forward,3,-1,14,7,231,247,14,15,-1,p2p,4712346,4712346,0,,,7288666753,7293379099,rank231:F3,0
55,rank231:B2,compute,backward,2,231,14,7,231,231,14,14,6,steady,686911234,0,0,1.785477752404872e+18,1.7854777530917832e+18,7293379099,7980290333,lane7:F3:s14->s15,4712346
55,rank247:F3,compute,forward,3,247,15,7,247,247,15,15,6,steady,189668407,0,0,1.785477752404937e+18,1.7854777525946053e+18,7293379099,7483047506,lane7:F3:s14->s15,454312789
55,lane7:B0:s12->s11,pp_message,backward,0,-1,12,7,199,183,12,11,-1,p2p,4712346,4712346,0,,,7343193155,7347905501,rank199:B0,0
55,rank183:B0,compute,backward,0,183,11,7,183,183,11,11,4,cooldown,676033580,0,0,1.785477752550027e+18,1.7854777532260605e+18,7347905501,8023939081,lane7:B0:s12->s11,2478784519
55,rank247:B3,compute,backward,3,247,15,7,247,247,15,15,7,steady,369007765,0,0,1.7854777525947914e+18,1.7854777529637993e+18,7483047506,7852055271,rank247:F3,0
55,lane7:B1:s13->s12,pp_message,backward,1,-1,13,7,215,199,13,12,-1,p2p,4712346,4712346,0,,,7665173132,7669885478,rank215:B1,0
55,rank199:B1,compute,backward,1,199,12,7,199,199,12,12,5,cooldown,679096065,0,0,1.785477752875423e+18,1.785477753554519e+18,7669885478,8348981543,lane7:B1:s13->s12,326692323
55,lane7:B3:s15->s14,pp_message,backward,3,-1,15,7,247,231,15,14,-1,p2p,4712346,4712346,0,,,7852055271,7856767617,rank247:B3,0
55,lane7:B2:s14->s13,pp_message,backward,2,-1,14,7,231,215,14,13,-1,p2p,4712346,4712346,0,,,7980290333,7985002679,rank231:B2,0
55,rank215:B2,compute,backward,2,215,13,7,215,215,13,13,6,cooldown,691172020,0,0,1.785477753190188e+18,1.7854777538813601e+18,7985002679,8676174699,lane7:B2:s14->s13,319829547
55,rank231:B3,compute,backward,3,231,14,7,231,231,14,14,7,cooldown,686332648,0,0,1.785477753195513e+18,1.7854777538818458e+18,7985002679,8671335327,lane7:B2:s14->s13,4712346
55,lane7:B0:s11->s10,pp_message,backward,0,-1,11,7,183,167,11,10,-1,p2p,4712346,4712346,0,,,8023939081,8028651427,rank183:B0,0
55,rank167:B0,compute,backward,0,167,10,7,167,167,10,10,4,cooldown,683990002,0,0,1.785477753325826e+18,1.785477754009816e+18,8028651427,8712641429,lane7:B0:s11->s10,3471016550
55,lane7:B1:s12->s11,pp_message,backward,1,-1,12,7,199,183,12,11,-1,p2p,4712346,4712346,0,,,8348981543,8353693889,rank199:B1,0
55,rank183:B1,compute,backward,1,183,11,7,183,183,11,11,5,cooldown,684429403,0,0,1.7854777536523581e+18,1.7854777543367875e+18,8353693889,9038123292,lane7:B1:s12->s11,329754808
55,lane7:B3:s14->s13,pp_message,backward,3,-1,14,7,231,215,14,13,-1,p2p,4712346,4712346,0,,,8671335327,8676047673,rank231:B3,0
55,lane7:B2:s13->s12,pp_message,backward,2,-1,13,7,215,199,13,12,-1,p2p,4712346,4712346,0,,,8676174699,8680887045,rank215:B2,0
55,rank199:B2,compute,backward,2,199,12,7,199,199,12,12,6,cooldown,681815288,0,0,1.78547775398062e+18,1.7854777546624353e+18,8680887045,9362702333,lane7:B2:s13->s12,331905502
55,rank215:B3,compute,backward,3,215,13,7,215,215,13,13,7,cooldown,679959927,0,0,1.7854777539858327e+18,1.7854777546657925e+18,8680887045,9360846972,lane7:B2:s13->s12,4712346
55,lane7:B0:s10->s9,pp_message,backward,0,-1,10,7,167,151,10,9,-1,p2p,4712346,4712346,0,,,8712641429,8717353775,rank167:B0,0
55,rank151:B0,compute,backward,0,151,9,7,151,151,9,9,4,cooldown,702308593,0,0,1.785477754109331e+18,1.7854777548116396e+18,8717353775,9419662368,lane7:B0:s10->s9,4475220147
55,lane7:B1:s11->s10,pp_message,backward,1,-1,11,7,183,167,11,10,-1,p2p,4712346,4712346,0,,,9038123292,9042835638,rank183:B1,0
55,rank167:B1,compute,backward,1,167,10,7,167,167,10,10,5,cooldown,677762147,0,0,1.7854777544353398e+18,1.7854777551131018e+18,9042835638,9720597785,lane7:B1:s11->s10,330194209
55,lane7:B3:s13->s12,pp_message,backward,3,-1,13,7,215,199,13,12,-1,p2p,4712346,4712346,0,,,9360846972,9365559318,rank215:B3,0
55,lane7:B2:s12->s11,pp_message,backward,2,-1,12,7,199,183,12,11,-1,p2p,4712346,4712346,0,,,9362702333,9367414679,rank199:B2,0
55,rank183:B2,compute,backward,2,183,11,7,183,183,11,11,6,cooldown,682483905,0,0,1.7854777547596682e+18,1.7854777554421522e+18,9367414679,10049898584,lane7:B2:s12->s11,329291387
55,rank199:B3,compute,backward,3,199,12,7,199,199,12,12,7,cooldown,679708072,0,0,1.7854777547651223e+18,1.7854777554448305e+18,9367414679,10047122751,lane7:B2:s12->s11,4712346
55,lane7:B0:s9->s8,pp_message,backward,0,-1,9,7,151,135,9,8,-1,p2p,4712346,4712346,0,,,9419662368,9424374714,rank151:B0,0
55,rank135:B0,compute,backward,0,135,8,7,135,135,8,8,4,cooldown,688298605,0,0,1.7854777549108938e+18,1.7854777555991923e+18,9424374714,10112673319,lane7:B0:s9->s8,5505748428
55,lane7:B1:s10->s9,pp_message,backward,1,-1,10,7,167,151,10,9,-1,p2p,4712346,4712346,0,,,9720597785,9725310131,rank167:B1,0
55,rank151:B1,compute,backward,1,151,9,7,151,151,9,9,5,cooldown,698485789,0,0,1.785477755211867e+18,1.7854777559103526e+18,9725310131,10423795920,lane7:B1:s10->s9,305647763
55,lane7:B3:s12->s11,pp_message,backward,3,-1,12,7,199,183,12,11,-1,p2p,4712346,4712346,0,,,10047122751,10051835097,rank199:B3,0
55,lane7:B2:s11->s10,pp_message,backward,2,-1,11,7,183,167,11,10,-1,p2p,4712346,4712346,0,,,10049898584,10054610930,rank183:B2,0
55,rank167:B2,compute,backward,2,167,10,7,167,167,10,10,6,cooldown,679424495,0,0,1.7854777555401787e+18,1.7854777562196032e+18,10054610930,10734035425,lane7:B2:s11->s10,334013145
55,rank183:B3,compute,backward,3,183,11,7,183,183,11,11,7,cooldown,676206649,0,0,1.785477755545932e+18,1.7854777562221386e+18,10054610930,10730817579,lane7:B2:s11->s10,4712346
55,lane7:B0:s8->s7,pp_message,backward,0,-1,8,7,135,119,8,7,-1,p2p,4712346,4712346,0,,,10112673319,10117385665,rank135:B0,0
55,rank119:B0,compute,backward,0,119,7,7,119,119,7,7,4,cooldown,680467752,0,0,1.7854777556983035e+18,1.7854777563787712e+18,10117385665,10797853417,lane7:B0:s8->s7,6514491002
55,lane7:B1:s9->s8,pp_message,backward,1,-1,9,7,151,135,9,8,-1,p2p,4712346,4712346,0,,,10423795920,10428508266,rank151:B1,0
55,rank135:B1,compute,backward,1,135,8,7,135,135,8,8,5,cooldown,693524699,0,0,1.7854777560085315e+18,1.785477756702056e+18,10428508266,11122032965,lane7:B1:s9->s8,315834947
55,lane7:B3:s11->s10,pp_message,backward,3,-1,11,7,183,167,11,10,-1,p2p,4712346,4712346,0,,,10730817579,10735529925,rank183:B3,0
55,lane7:B2:s10->s9,pp_message,backward,2,-1,10,7,167,151,10,9,-1,p2p,4712346,4712346,0,,,10734035425,10738747771,rank167:B2,0
55,rank151:B2,compute,backward,2,151,9,7,151,151,9,9,6,cooldown,699864278,0,0,1.7854777563185723e+18,1.7854777570184366e+18,10738747771,11438612049,lane7:B2:s10->s9,314951851
55,rank167:B3,compute,backward,3,167,10,7,167,167,10,10,7,cooldown,678490043,0,0,1.78547775632367e+18,1.78547775700216e+18,10738747771,11417237814,lane7:B2:s10->s9,4712346
55,lane7:B0:s7->s6,pp_message,backward,0,-1,7,7,119,103,7,6,-1,p2p,4712346,4712346,0,,,10797853417,10802565763,rank119:B0,0
55,rank103:B0,compute,backward,0,103,6,7,103,103,6,6,4,cooldown,701863548,0,0,1.7854777564786304e+18,1.785477757180494e+18,10802565763,11504429311,lane7:B0:s7->s6,7544887907
55,lane7:B1:s8->s7,pp_message,backward,1,-1,8,7,135,119,8,7,-1,p2p,4712346,4712346,0,,,11122032965,11126745311,rank135:B1,0
55,rank119:B1,compute,backward,1,119,7,7,119,119,7,7,5,cooldown,685340289,0,0,1.7854777567996378e+18,1.785477757484978e+18,11126745311,11812085600,lane7:B1:s8->s7,328891894
55,lane7:B3:s10->s9,pp_message,backward,3,-1,10,7,167,151,10,9,-1,p2p,4712346,4712346,0,,,11417237814,11421950160,rank167:B3,0
55,lane7:B2:s9->s8,pp_message,backward,2,-1,9,7,151,135,9,8,-1,p2p,4712346,4712346,0,,,11438612049,11443324395,rank151:B2,0
55,rank135:B2,compute,backward,2,135,8,7,135,135,8,8,6,cooldown,690098619,0,0,1.7854777571169267e+18,1.7854777578070254e+18,11443324395,12133423014,lane7:B2:s9->s8,321291430
55,rank151:B3,compute,backward,3,151,9,7,151,151,9,9,7,cooldown,698298515,0,0,1.7854777571221379e+18,1.7854777578204362e+18,11443324395,12141622910,lane7:B2:s9->s8,4712346
55,lane7:B0:s6->s5,pp_message,backward,0,-1,6,7,103,87,6,5,-1,p2p,4712346,4712346,0,,,11504429311,11509141657,rank103:B0,0
55,rank87:B0,compute,backward,0,87,5,7,87,87,5,5,4,cooldown,708218110,0,0,1.785477757280159e+18,1.785477757988377e+18,11509141657,12217359767,lane7:B0:s6->s5,8574856967
55,lane7:B1:s7->s6,pp_message,backward,1,-1,7,7,119,103,7,6,-1,p2p,4712346,4712346,0,,,11812085600,11816797946,rank119:B1,0
55,rank103:B1,compute,backward,1,103,6,7,103,103,6,6,5,cooldown,720476793,0,0,1.7854777575830766e+18,1.7854777583035535e+18,11816797946,12537274739,lane7:B1:s7->s6,312368635
55,lane7:B2:s8->s7,pp_message,backward,2,-1,8,7,135,119,8,7,-1,p2p,4712346,4712346,0,,,12133423014,12138135360,rank135:B2,0
55,rank119:B2,compute,backward,2,119,7,7,119,119,7,7,6,cooldown,683172721,0,0,1.7854777579050527e+18,1.7854777585882253e+18,12138135360,12821308081,lane7:B2:s8->s7,326049760
55,lane7:B3:s9->s8,pp_message,backward,3,-1,9,7,151,135,9,8,-1,p2p,4712346,4712346,0,,,12141622910,12146335256,rank151:B3,0
55,rank135:B3,compute,backward,3,135,8,7,135,135,8,8,7,cooldown,680615980,0,0,1.78547775791931e+18,1.785477758599926e+18,12146335256,12826951236,lane7:B3:s9->s8,12912242
55,lane7:B0:s5->s4,pp_message,backward,0,-1,5,7,87,71,5,4,-1,p2p,4712346,4712346,0,,,12217359767,12222072113,rank87:B0,0
55,rank71:B0,compute,backward,0,71,4,7,71,71,4,4,4,cooldown,698145511,0,0,1.78547775808697e+18,1.7854777587851156e+18,12222072113,12920217624,lane7:B0:s5->s4,9621122774
55,lane7:B1:s6->s5,pp_message,backward,1,-1,6,7,103,87,6,5,-1,p2p,4712346,4712346,0,,,12537274739,12541987085,rank103:B1,0
55,rank87:B1,compute,backward,1,87,5,7,87,87,5,5,5,cooldown,705374650,0,0,1.7854777584020452e+18,1.78547775910742e+18,12541987085,13247361735,lane7:B1:s6->s5,324627318
55,lane7:B2:s7->s6,pp_message,backward,2,-1,7,7,119,103,7,6,-1,p2p,4712346,4712346,0,,,12821308081,12826020427,rank119:B2,0
55,rank103:B2,compute,backward,2,103,6,7,103,103,6,6,6,cooldown,695189428,0,0,1.785477758686633e+18,1.7854777593818222e+18,12826020427,13521209855,lane7:B2:s7->s6,288745688
55,lane7:B3:s8->s7,pp_message,backward,3,-1,8,7,135,119,8,7,-1,p2p,4712346,4712346,0,,,12826951236,12831663582,rank135:B3,0
55,rank119:B3,compute,backward,3,119,7,7,119,119,7,7,7,cooldown,681199626,0,0,1.78547775869731e+18,1.7854777593785096e+18,12831663582,13512863208,lane7:B3:s8->s7,10355501
55,lane7:B0:s4->s3,pp_message,backward,0,-1,4,7,71,55,4,3,-1,p2p,4712346,4712346,0,,,12920217624,12924929970,rank71:B0,0
55,rank55:B0,compute,backward,0,55,3,7,55,55,3,3,4,cooldown,708586805,0,0,1.7854777588845668e+18,1.7854777595931535e+18,12924929970,13633516775,lane7:B0:s4->s3,10642148045
55,lane7:B1:s5->s4,pp_message,backward,1,-1,5,7,87,71,5,4,-1,p2p,4712346,4712346,0,,,13247361735,13252074081,rank87:B1,0
55,rank71:B1,compute,backward,1,71,4,7,71,71,4,4,5,cooldown,698528081,0,0,1.7854777592052173e+18,1.7854777599037453e+18,13252074081,13950602162,lane7:B1:s5->s4,331856457
55,lane7:B3:s7->s6,pp_message,backward,3,-1,7,7,119,103,7,6,-1,p2p,4712346,4712346,0,,,13512863208,13517575554,rank119:B3,0
55,lane7:B2:s6->s5,pp_message,backward,2,-1,6,7,103,87,6,5,-1,p2p,4712346,4712346,0,,,13521209855,13525922201,rank103:B2,0
55,rank103:B3,compute,backward,3,103,6,7,103,103,6,6,7,cooldown,689894946,0,0,1.785477759485911e+18,1.785477760175806e+18,13525922201,14215817147,lane7:B2:s6->s5,4712346
55,rank87:B2,compute,backward,2,87,5,7,87,87,5,5,6,cooldown,712406410,0,0,1.7854777594804508e+18,1.7854777601928573e+18,13525922201,14238328611,lane7:B2:s6->s5,278560466
55,lane7:B0:s3->s2,pp_message,backward,0,-1,3,7,55,39,3,2,-1,p2p,4712346,4712346,0,,,13633516775,13638229121,rank55:B0,0
55,rank39:B0,compute,backward,0,39,2,7,39,39,2,2,4,cooldown,715616797,0,0,1.7854777596916928e+18,1.7854777604073098e+18,13638229121,14353845918,lane7:B0:s3->s2,11694303960
55,lane7:B1:s4->s3,pp_message,backward,1,-1,4,7,71,55,4,3,-1,p2p,4712346,4712346,0,,,13950602162,13955314508,rank71:B1,0
55,rank55:B1,compute,backward,1,55,3,7,55,55,3,3,5,cooldown,703310895,0,0,1.785477760002925e+18,1.7854777607062362e+18,13955314508,14658625403,lane7:B1:s4->s3,321797733
55,lane7:B3:s6->s5,pp_message,backward,3,-1,6,7,103,87,6,5,-1,p2p,4712346,4712346,0,,,14215817147,14220529493,rank103:B3,0
55,lane7:B2:s5->s4,pp_message,backward,2,-1,5,7,87,71,5,4,-1,p2p,4712346,4712346,0,,,14238328611,14243040957,rank87:B2,0
55,rank71:B2,compute,backward,2,71,4,7,71,71,4,4,6,cooldown,693492231,0,0,1.785477760291051e+18,1.7854777609845432e+18,14243040957,14936533188,lane7:B2:s5->s4,292438795
55,rank87:B3,compute,backward,3,87,5,7,87,87,5,5,7,cooldown,685966418,0,0,1.7854777602962542e+18,1.7854777609822208e+18,14243040957,14929007375,lane7:B2:s5->s4,4712346
55,lane7:B0:s2->s1,pp_message,backward,0,-1,2,7,39,23,2,1,-1,p2p,4712346,4712346,0,,,14353845918,14358558264,rank39:B0,0
55,rank23:B0,compute,backward,0,23,1,7,23,23,1,1,4,cooldown,724055755,0,0,1.7854777605061573e+18,1.785477761230213e+18,14358558264,15082614019,lane7:B0:s2->s1,12877410989
55,lane7:B1:s3->s2,pp_message,backward,1,-1,3,7,55,39,3,2,-1,p2p,4712346,4712346,0,,,14658625403,14663337749,rank55:B1,0
55,rank39:B1,compute,backward,1,39,2,7,39,39,2,2,5,cooldown,709004081,0,0,1.7854777608057626e+18,1.7854777615147666e+18,14663337749,15372341830,lane7:B1:s3->s2,309491831
55,lane7:B3:s5->s4,pp_message,backward,3,-1,5,7,87,71,5,4,-1,p2p,4712346,4712346,0,,,14929007375,14933719721,rank87:B3,0
55,lane7:B2:s4->s3,pp_message,backward,2,-1,4,7,71,55,4,3,-1,p2p,4712346,4712346,0,,,14936533188,14941245534,rank71:B2,0
55,rank55:B2,compute,backward,2,55,3,7,55,55,3,3,6,cooldown,723413657,0,0,1.7854777610832097e+18,1.7854777618066232e+18,14941245534,15664659191,lane7:B2:s4->s3,282620131
55,rank71:B3,compute,backward,3,71,4,7,71,71,4,4,7,cooldown,695510955,0,0,1.785477761088411e+18,1.785477761783922e+18,14941245534,15636756489,lane7:B2:s4->s3,4712346
55,lane7:B0:s1->s0,pp_message,backward,0,-1,1,7,23,7,1,0,-1,p2p,4712346,4712346,0,,,15082614019,15087326365,rank23:B0,0
55,rank7:B0,compute,backward,0,7,0,7,7,7,0,0,4,cooldown,414264187,0,0,1.785477761328876e+18,1.78547776174314e+18,15087326365,15501590552,lane7:B0:s1->s0,14434789473
55,lane7:B1:s2->s1,pp_message,backward,1,-1,2,7,39,23,2,1,-1,p2p,4712346,4712346,0,,,15372341830,15377054176,rank39:B1,0
55,rank23:B1,compute,backward,1,23,1,7,23,23,1,1,5,cooldown,725748693,0,0,1.7854777616137928e+18,1.7854777623395415e+18,15377054176,16102802869,lane7:B1:s2->s1,294440157
55,lane7:B3:s4->s3,pp_message,backward,3,-1,4,7,71,55,4,3,-1,p2p,4712346,4712346,0,,,15636756489,15641468835,rank71:B3,0
55,lane7:B2:s3->s2,pp_message,backward,2,-1,3,7,55,39,3,2,-1,p2p,4712346,4712346,0,,,15664659191,15669371537,rank55:B2,0
55,rank39:B2,compute,backward,2,39,2,7,39,39,2,2,6,cooldown,709105723,0,0,1.7854777619053286e+18,1.7854777626144343e+18,15669371537,16378477260,lane7:B2:s3->s2,297029707
55,rank55:B3,compute,backward,3,55,3,7,55,55,3,3,7,cooldown,716272541,0,0,1.7854777619113795e+18,1.785477762627652e+18,15669371537,16385644078,lane7:B2:s3->s2,4712346
55,lane7:B1:s1->s0,pp_message,backward,1,-1,1,7,23,7,1,0,-1,p2p,4712346,4712346,0,,,16102802869,16107515215,rank23:B1,0
55,rank7:B1,compute,backward,1,7,0,7,7,7,0,0,5,cooldown,408347435,0,0,1.785477762437525e+18,1.7854777628458724e+18,16107515215,16515862650,lane7:B1:s1->s0,605924663
55,lane7:B2:s2->s1,pp_message,backward,2,-1,2,7,39,23,2,1,-1,p2p,4712346,4712346,0,,,16378477260,16383189606,rank39:B2,0
55,rank23:B2,compute,backward,2,23,1,7,23,23,1,1,6,cooldown,729034974,0,0,1.785477762713449e+18,1.785477763442484e+18,16383189606,17112224580,lane7:B2:s2->s1,280386737
55,lane7:B3:s3->s2,pp_message,backward,3,-1,3,7,55,39,3,2,-1,p2p,4712346,4712346,0,,,16385644078,16390356424,rank55:B3,0
55,rank39:B3,compute,backward,3,39,2,7,39,39,2,2,7,cooldown,702791125,0,0,1.7854777627259226e+18,1.7854777634287137e+18,16390356424,17093147549,lane7:B3:s3->s2,11879164
55,lane7:B3:s2->s1,pp_message,backward,3,-1,2,7,39,23,2,1,-1,p2p,4712346,4712346,0,,,17093147549,17097859895,rank39:B3,0
55,lane7:B2:s1->s0,pp_message,backward,2,-1,1,7,23,7,1,0,-1,p2p,4712346,4712346,0,,,17112224580,17116936926,rank23:B2,0
55,rank23:B3,compute,backward,3,23,1,7,23,23,1,1,7,cooldown,723102902,0,0,1.7854777635462692e+18,1.785477764269372e+18,17116936926,17840039828,lane7:B2:s1->s0,4712346
55,rank7:B2,compute,backward,2,7,0,7,7,7,0,0,6,cooldown,408100795,0,0,1.785477763540942e+18,1.785477763949043e+18,17116936926,17525037721,lane7:B2:s1->s0,601074276
55,lane7:B3:s1->s0,pp_message,backward,3,-1,1,7,23,7,1,0,-1,p2p,4712346,4712346,0,,,17840039828,17844752174,rank23:B3,0
55,rank7:B3,compute,backward,3,7,0,7,7,7,0,0,7,cooldown,404286569,0,0,1.785477764368316e+18,1.7854777647726026e+18,17844752174,18249038743,lane7:B3:s1->s0,319714453
55,rank8:F0,compute,forward,0,8,0,8,8,8,0,0,0,warmup,160522716,0,0,1.785477744808618e+18,1.7854777449691407e+18,0,160522716,,0
55,lane8:F0:s0->s1,pp_message,forward,0,-1,0,8,8,24,0,1,-1,p2p,4712346,4712346,0,,,160522716,165235062,rank8:F0,0
55,rank24:F0,compute,forward,0,24,1,8,24,24,1,1,0,warmup,324078045,0,0,1.7854777449743416e+18,1.7854777452984197e+18,165235062,489313107,lane8:F0:s0->s1,165235062
55,rank8:F1,compute,forward,1,8,0,8,8,8,0,0,1,warmup,158446311,0,0,1.78547774497436e+18,1.7854777451328064e+18,165235062,323681373,lane8:F0:s0->s1,4712346
55,lane8:F1:s0->s1,pp_message,forward,1,-1,0,8,8,24,0,1,-1,p2p,4712346,4712346,0,,,323681373,328393719,rank8:F1,0
55,rank8:F2,compute,forward,2,8,0,8,8,8,0,0,2,warmup,156962937,0,0,1.7854777453099604e+18,1.7854777454669235e+18,328393719,485356656,lane8:F1:s0->s1,4712346
55,lane8:F2:s0->s1,pp_message,forward,2,-1,0,8,8,24,0,1,-1,p2p,4712346,4712346,0,,,485356656,490069002,rank8:F2,0
55,lane8:F0:s1->s2,pp_message,forward,0,-1,1,8,24,40,1,2,-1,p2p,4712346,4712346,0,,,489313107,494025453,rank24:F0,0
55,rank8:F3,compute,forward,3,8,0,8,8,8,0,0,3,warmup,160945735,0,0,1.785477745680376e+18,1.7854777458413217e+18,490069002,651014737,lane8:F2:s0->s1,4712346
55,rank24:F1,compute,forward,1,24,1,8,24,24,1,1,1,warmup,326341265,0,0,1.7854777453097597e+18,1.7854777456361009e+18,494025453,820366718,lane8:F0:s1->s2,4712346
55,rank40:F0,compute,forward,0,40,2,8,40,40,2,2,0,warmup,343064070,0,0,1.785477745304492e+18,1.785477745647556e+18,494025453,837089523,lane8:F0:s1->s2,494025453
55,lane8:F3:s0->s1,pp_message,forward,3,-1,0,8,8,24,0,1,-1,p2p,4712346,4712346,0,,,651014737,655727083,rank8:F3,0
55,lane8:F1:s1->s2,pp_message,forward,1,-1,1,8,24,40,1,2,-1,p2p,4712346,4712346,0,,,820366718,825079064,rank24:F1,0
55,rank24:F2,compute,forward,2,24,1,8,24,24,1,1,2,warmup,324984844,0,0,1.7854777456802732e+18,1.785477746005258e+18,825079064,1150063908,lane8:F1:s1->s2,4712346
55,lane8:F0:s2->s3,pp_message,forward,0,-1,2,8,40,56,2,3,-1,p2p,4712346,4712346,0,,,837089523,841801869,rank40:F0,0
55,rank40:F1,compute,forward,1,40,2,8,40,40,2,2,1,warmup,319534447,0,0,1.7854777456750185e+18,1.785477745994553e+18,841801869,1161336316,lane8:F0:s2->s3,4712346
55,rank56:F0,compute,forward,0,56,3,8,56,56,3,3,0,warmup,390964342,0,0,1.785477745669466e+18,1.7854777460604303e+18,841801869,1232766211,lane8:F0:s2->s3,841801869
55,lane8:F2:s1->s2,pp_message,forward,2,-1,1,8,24,40,1,2,-1,p2p,4712346,4712346,0,,,1150063908,1154776254,rank24:F2,0
55,rank24:F3,compute,forward,3,24,1,8,24,24,1,1,3,warmup,324830692,0,0,1.7854777460822733e+18,1.785477746407104e+18,1154776254,1479606946,lane8:F2:s1->s2,4712346
55,lane8:F1:s2->s3,pp_message,forward,1,-1,2,8,40,56,2,3,-1,p2p,4712346,4712346,0,,,1161336316,1166048662,rank40:F1,0
55,rank40:F2,compute,forward,2,40,2,8,40,40,2,2,2,warmup,318726903,0,0,1.7854777460769777e+18,1.7854777463957046e+18,1166048662,1484775565,lane8:F1:s2->s3,4712346
55,lane8:F0:s3->s4,pp_message,forward,0,-1,3,8,56,72,3,4,-1,p2p,4712346,4712346,0,,,1232766211,1237478557,rank56:F0,0
55,rank56:F1,compute,forward,1,56,3,8,56,56,3,3,1,warmup,352362420,0,0,1.7854777460711268e+18,1.7854777464234893e+18,1237478557,1589840977,lane8:F0:s3->s4,4712346
55,rank72:F0,compute,forward,0,72,4,8,72,72,4,4,0,warmup,318229619,0,0,1.7854777460661164e+18,1.785477746384346e+18,1237478557,1555708176,lane8:F0:s3->s4,1237478557
55,lane8:F3:s1->s2,pp_message,forward,3,-1,1,8,24,40,1,2,-1,p2p,4712346,4712346,0,,,1479606946,1484319292,rank24:F3,0
55,lane8:F2:s2->s3,pp_message,forward,2,-1,2,8,40,56,2,3,-1,p2p,4712346,4712346,0,,,1484775565,1489487911,rank40:F2,0
55,rank40:F3,compute,forward,3,40,2,8,40,40,2,2,3,warmup,345615913,0,0,1.785477746439971e+18,1.785477746785587e+18,1489487911,1835103824,lane8:F2:s2->s3,4712346
55,lane8:F0:s4->s5,pp_message,forward,0,-1,4,8,72,88,4,5,-1,p2p,4712346,4712346,0,,,1555708176,1560420522,rank72:F0,0
55,rank88:F0,compute,forward,0,88,5,8,88,88,5,5,0,warmup,314622555,0,0,1.7854777463901494e+18,1.785477746704772e+18,1560420522,1875043077,lane8:F0:s4->s5,1560420522
55,lane8:F1:s3->s4,pp_message,forward,1,-1,3,8,56,72,3,4,-1,p2p,4712346,4712346,0,,,1589840977,1594553323,rank56:F1,0
55,rank56:F2,compute,forward,2,56,3,8,56,56,3,3,2,warmup,337077225,0,0,1.7854777464340073e+18,1.7854777467710843e+18,1594553323,1931630548,lane8:F1:s3->s4,4712346
55,rank72:F1,compute,forward,1,72,4,8,72,72,4,4,1,warmup,318093287,0,0,1.7854777464285501e+18,1.7854777467466435e+18,1594553323,1912646610,lane8:F1:s3->s4,38845147
55,lane8:F3:s2->s3,pp_message,forward,3,-1,2,8,40,56,2,3,-1,p2p,4712346,4712346,0,,,1835103824,1839816170,rank40:F3,0
55,lane8:F0:s5->s6,pp_message,forward,0,-1,5,8,88,104,5,6,-1,p2p,4712346,4712346,0,,,1875043077,1879755423,rank88:F0,0
55,rank104:F0,compute,forward,0,104,6,8,104,104,6,6,0,warmup,316048401,0,0,1.7854777467104924e+18,1.7854777470265408e+18,1879755423,2195803824,lane8:F0:s5->s6,1879755423
55,lane8:F1:s4->s5,pp_message,forward,1,-1,4,8,72,88,4,5,-1,p2p,4712346,4712346,0,,,1912646610,1917358956,rank72:F1,0
55,rank88:F1,compute,forward,1,88,5,8,88,88,5,5,1,warmup,461943469,0,0,1.7854777467517842e+18,1.7854777472137277e+18,1917358956,2379302425,lane8:F1:s4->s5,42315879
55,lane8:F2:s3->s4,pp_message,forward,2,-1,3,8,56,72,3,4,-1,p2p,4712346,4712346,0,,,1931630548,1936342894,rank56:F2,0
55,rank56:F3,compute,forward,3,56,3,8,56,56,3,3,3,warmup,325432908,0,0,1.7854777467911852e+18,1.785477747116618e+18,1936342894,2261775802,lane8:F2:s3->s4,4712346
55,rank72:F2,compute,forward,2,72,4,8,72,72,4,4,2,warmup,317497812,0,0,1.7854777467762542e+18,1.785477747093752e+18,1936342894,2253840706,lane8:F2:s3->s4,23696284
55,lane8:F0:s6->s7,pp_message,forward,0,-1,6,8,104,120,6,7,-1,p2p,4712346,4712346,0,,,2195803824,2200516170,rank104:F0,0
55,rank120:F0,compute,forward,0,120,7,8,120,120,7,7,0,warmup,322656172,0,0,1.785477747031878e+18,1.785477747354534e+18,2200516170,2523172342,lane8:F0:s6->s7,2200516170
55,lane8:F2:s4->s5,pp_message,forward,2,-1,4,8,72,88,4,5,-1,p2p,4712346,4712346,0,,,2253840706,2258553052,rank72:F2,0
55,lane8:F3:s3->s4,pp_message,forward,3,-1,3,8,56,72,3,4,-1,p2p,4712346,4712346,0,,,2261775802,2266488148,rank56:F3,0
55,rank72:F3,compute,forward,3,72,4,8,72,72,4,4,3,warmup,329098172,0,0,1.7854777472301256e+18,1.7854777475592236e+18,2266488148,2595586320,lane8:F3:s3->s4,12647442
55,lane8:F1:s5->s6,pp_message,forward,1,-1,5,8,88,104,5,6,-1,p2p,4712346,4712346,0,,,2379302425,2384014771,rank88:F1,0
55,rank104:F1,compute,forward,1,104,6,8,104,104,6,6,1,warmup,327044212,0,0,1.7854777472191685e+18,1.7854777475462129e+18,2384014771,2711058983,lane8:F1:s5->s6,188210947
55,rank88:F2,compute,forward,2,88,5,8,88,88,5,5,2,warmup,324280778,0,0,1.7854777472242824e+18,1.7854777475485632e+18,2384014771,2708295549,lane8:F1:s5->s6,4712346
55,lane8:F0:s7->s8,pp_message,forward,0,-1,7,8,120,136,7,8,-1,p2p,4712346,4712346,0,,,2523172342,2527884688,rank120:F0,0
55,rank136:F0,compute,forward,0,136,8,8,136,136,8,8,0,warmup,315232025,0,0,1.7854777473599933e+18,1.7854777476752253e+18,2527884688,2843116713,lane8:F0:s7->s8,2527884688
55,lane8:F3:s4->s5,pp_message,forward,3,-1,4,8,72,88,4,5,-1,p2p,4712346,4712346,0,,,2595586320,2600298666,rank72:F3,0
55,lane8:F2:s5->s6,pp_message,forward,2,-1,5,8,88,104,5,6,-1,p2p,4712346,4712346,0,,,2708295549,2713007895,rank88:F2,0
55,lane8:F1:s6->s7,pp_message,forward,1,-1,6,8,104,120,6,7,-1,p2p,4712346,4712346,0,,,2711058983,2715771329,rank104:F1,0
55,rank88:F3,compute,forward,3,88,5,8,88,88,5,5,3,warmup,311661685,0,0,1.7854777475645105e+18,1.785477747876172e+18,2713007895,3024669580,lane8:F2:s5->s6,4712346
55,rank104:F2,compute,forward,2,104,6,8,104,104,6,6,2,warmup,330141084,0,0,1.785477747556524e+18,1.785477747886665e+18,2715771329,3045912413,lane8:F1:s6->s7,4712346
55,rank120:F1,compute,forward,1,120,7,8,120,120,7,7,1,warmup,311363741,0,0,1.7854777475512868e+18,1.7854777478626506e+18,2715771329,3027135070,lane8:F1:s6->s7,192598987
55,lane8:F0:s8->s9,pp_message,forward,0,-1,8,8,136,152,8,9,-1,p2p,4712346,4712346,0,,,2843116713,2847829059,rank136:F0,0
55,rank152:F0,compute,forward,0,152,9,8,152,152,9,9,0,warmup,322472970,0,0,1.785477747680492e+18,1.785477748002965e+18,2847829059,3170302029,lane8:F0:s8->s9,2847829059
55,lane8:F3:s5->s6,pp_message,forward,3,-1,5,8,88,104,5,6,-1,p2p,4712346,4712346,0,,,3024669580,3029381926,rank88:F3,0
55,lane8:F1:s7->s8,pp_message,forward,1,-1,7,8,120,136,7,8,-1,p2p,4712346,4712346,0,,,3027135070,3031847416,rank120:F1,0
55,rank136:F1,compute,forward,1,136,8,8,136,136,8,8,1,warmup,316707529,0,0,1.7854777478678392e+18,1.7854777481845468e+18,3031847416,3348554945,lane8:F1:s7->s8,188730703
55,lane8:F2:s6->s7,pp_message,forward,2,-1,6,8,104,120,6,7,-1,p2p,4712346,4712346,0,,,3045912413,3050624759,rank104:F2,0
55,rank104:F3,compute,forward,3,104,6,8,104,104,6,6,3,warmup,314474790,0,0,1.7854777478969487e+18,1.7854777482114235e+18,3050624759,3365099549,lane8:F2:s6->s7,4712346
55,rank120:F2,compute,forward,2,120,7,8,120,120,7,7,2,warmup,309623602,0,0,1.785477747891804e+18,1.7854777482014275e+18,3050624759,3360248361,lane8:F2:s6->s7,23489689
55,lane8:F0:s9->s10,pp_message,forward,0,-1,9,8,152,168,9,10,-1,p2p,4712346,4712346,0,,,3170302029,3175014375,rank152:F0,0
55,rank168:F0,compute,forward,0,168,10,8,168,168,10,10,0,warmup,313384467,0,0,1.7854777480082307e+18,1.785477748321615e+18,3175014375,3488398842,lane8:F0:s9->s10,3175014375
55,lane8:F1:s8->s9,pp_message,forward,1,-1,8,8,136,152,8,9,-1,p2p,4712346,4712346,0,,,3348554945,3353267291,rank136:F1,0
55,rank152:F1,compute,forward,1,152,9,8,152,152,9,9,1,warmup,317513786,0,0,1.785477748189651e+18,1.7854777485071647e+18,3353267291,3670781077,lane8:F1:s8->s9,182965262
55,lane8:F2:s7->s8,pp_message,forward,2,-1,7,8,120,136,7,8,-1,p2p,4712346,4712346,0,,,3360248361,3364960707,rank120:F2,0
55,rank136:F2,compute,forward,2,136,8,8,136,136,8,8,2,warmup,311425079,0,0,1.7854777482066038e+18,1.785477748518029e+18,3364960707,3676385786,lane8:F2:s7->s8,16405762
55,lane8:F3:s6->s7,pp_message,forward,3,-1,6,8,104,120,6,7,-1,p2p,4712346,4712346,0,,,3365099549,3369811895,rank104:F3,0
55,rank120:F3,compute,forward,3,120,7,8,120,120,7,7,3,warmup,309552772,0,0,1.7854777482165524e+18,1.7854777485261053e+18,3369811895,3679364667,lane8:F3:s6->s7,9563534
55,lane8:F0:s10->s11,pp_message,forward,0,-1,10,8,168,184,10,11,-1,p2p,4712346,4712346,0,,,3488398842,3493111188,rank168:F0,0
55,rank184:F0,compute,forward,0,184,11,8,184,184,11,11,0,warmup,313093723,0,0,1.7854777483271777e+18,1.7854777486402714e+18,3493111188,3806204911,lane8:F0:s10->s11,3493111188
55,lane8:F1:s9->s10,pp_message,forward,1,-1,9,8,152,168,9,10,-1,p2p,4712346,4712346,0,,,3670781077,3675493423,rank152:F1,0
55,rank168:F1,compute,forward,1,168,10,8,168,168,10,10,1,warmup,310926631,0,0,1.7854777485121823e+18,1.7854777488231089e+18,3675493423,3986420054,lane8:F1:s9->s10,187094581
55,lane8:F2:s8->s9,pp_message,forward,2,-1,8,8,136,152,8,9,-1,p2p,4712346,4712346,0,,,3676385786,3681098132,rank136:F2,0
55,lane8:F3:s7->s8,pp_message,forward,3,-1,7,8,120,136,7,8,-1,p2p,4712346,4712346,0,,,3679364667,3684077013,rank120:F3,0
55,rank152:F2,compute,forward,2,152,9,8,152,152,9,9,2,warmup,316785830,0,0,1.785477748523111e+18,1.7854777488398968e+18,3681098132,3997883962,lane8:F2:s8->s9,10317055
55,rank136:F3,compute,forward,3,136,8,8,136,136,8,8,3,warmup,309845819,0,0,1.785477748531221e+18,1.785477748841067e+18,3684077013,3993922832,lane8:F3:s7->s8,7691227
55,lane8:F0:s11->s12,pp_message,forward,0,-1,11,8,184,200,11,12,-1,p2p,4712346,4712346,0,,,3806204911,3810917257,rank184:F0,0
55,rank200:F0,compute,forward,0,200,12,8,200,200,12,12,0,warmup,311522497,0,0,1.7854777486467328e+18,1.785477748958255e+18,3810917257,4122439754,lane8:F0:s11->s12,3810917257
55,lane8:F1:s10->s11,pp_message,forward,1,-1,10,8,168,184,10,11,-1,p2p,4712346,4712346,0,,,3986420054,3991132400,rank168:F1,0
55,rank184:F1,compute,forward,1,184,11,8,184,184,11,11,1,warmup,308604140,0,0,1.7854777488281556e+18,1.7854777491367598e+18,3991132400,4299736540,lane8:F1:s10->s11,184927489
55,lane8:F3:s8->s9,pp_message,forward,3,-1,8,8,136,152,8,9,-1,p2p,4712346,4712346,0,,,3993922832,3998635178,rank136:F3,0
55,lane8:F2:s9->s10,pp_message,forward,2,-1,9,8,152,168,9,10,-1,p2p,4712346,4712346,0,,,3997883962,4002596308,rank152:F2,0
55,rank152:F3,compute,forward,3,152,9,8,152,152,9,9,3,warmup,318944815,0,0,1.7854777488498893e+18,1.7854777491688343e+18,4002596308,4321541123,lane8:F2:s9->s10,4712346
55,rank168:F2,compute,forward,2,168,10,8,168,168,10,10,2,warmup,310170131,0,0,1.7854777488449247e+18,1.7854777491550948e+18,4002596308,4312766439,lane8:F2:s9->s10,16176254
55,lane8:F0:s12->s13,pp_message,forward,0,-1,12,8,200,216,12,13,-1,p2p,4712346,4712346,0,,,4122439754,4127152100,rank200:F0,0
55,rank216:F0,compute,forward,0,216,13,8,216,216,13,13,0,warmup,315133033,0,0,1.785477748964291e+18,1.785477749279424e+18,4127152100,4442285133,lane8:F0:s12->s13,4127152100
55,lane8:F1:s11->s12,pp_message,forward,1,-1,11,8,184,200,11,12,-1,p2p,4712346,4712346,0,,,4299736540,4304448886,rank184:F1,0
55,rank200:F1,compute,forward,1,200,12,8,200,200,12,12,1,warmup,307892110,0,0,1.7854777491419814e+18,1.7854777494498737e+18,4304448886,4612340996,lane8:F1:s11->s12,182009132
55,lane8:F2:s10->s11,pp_message,forward,2,-1,10,8,168,184,10,11,-1,p2p,4712346,4712346,0,,,4312766439,4317478785,rank168:F2,0
55,rank184:F2,compute,forward,2,184,11,8,184,184,11,11,2,warmup,306199666,0,0,1.7854777491601213e+18,1.7854777494663212e+18,4317478785,4623678451,lane8:F2:s10->s11,17742245
55,lane8:F3:s9->s10,pp_message,forward,3,-1,9,8,152,168,9,10,-1,p2p,4712346,4712346,0,,,4321541123,4326253469,rank152:F3,0
55,rank168:F3,compute,forward,3,168,10,8,168,168,10,10,3,warmup,454916700,0,0,1.785477749173841e+18,1.7854777496287575e+18,4326253469,4781170169,lane8:F3:s9->s10,13487030
55,lane8:F0:s13->s14,pp_message,forward,0,-1,13,8,216,232,13,14,-1,p2p,4712346,4712346,0,,,4442285133,4446997479,rank216:F0,0
55,rank232:F0,compute,forward,0,232,14,8,232,232,14,14,0,warmup,322067593,0,0,1.7854777492851738e+18,1.7854777496072412e+18,4446997479,4769065072,lane8:F0:s13->s14,4446997479
55,lane8:F1:s12->s13,pp_message,forward,1,-1,12,8,200,216,12,13,-1,p2p,4712346,4712346,0,,,4612340996,4617053342,rank200:F1,0
55,rank216:F1,compute,forward,1,216,13,8,216,216,13,13,1,warmup,460699296,0,0,1.7854777494550354e+18,1.7854777499157348e+18,4617053342,5077752638,lane8:F1:s12->s13,174768209
55,lane8:F2:s11->s12,pp_message,forward,2,-1,11,8,184,200,11,12,-1,p2p,4712346,4712346,0,,,4623678451,4628390797,rank184:F2,0
55,rank200:F2,compute,forward,2,200,12,8,200,200,12,12,2,warmup,308190260,0,0,1.7854777494715274e+18,1.7854777497797176e+18,4628390797,4936581057,lane8:F2:s11->s12,16049801
55,lane8:F0:s14->s15,pp_message,forward,0,-1,14,8,232,248,14,15,-1,p2p,4712346,4712346,0,,,4769065072,4773777418,rank232:F0,0
55,rank248:F0,compute,forward,0,248,15,8,248,248,15,15,0,steady,195672471,0,0,1.7854777496135032e+18,1.7854777498091758e+18,4773777418,4969449889,lane8:F0:s14->s15,4773777418
55,lane8:F3:s10->s11,pp_message,forward,3,-1,10,8,168,184,10,11,-1,p2p,4712346,4712346,0,,,4781170169,4785882515,rank168:F3,0
55,rank184:F3,compute,forward,3,184,11,8,184,184,11,11,3,warmup,307078993,0,0,1.7854777496338537e+18,1.7854777499409326e+18,4785882515,5092961508,lane8:F3:s10->s11,162204064
55,lane8:F2:s12->s13,pp_message,forward,2,-1,12,8,200,216,12,13,-1,p2p,4712346,4712346,0,,,4936581057,4941293403,rank200:F2,0
55,rank248:B0,compute,backward,0,248,15,8,248,248,15,15,1,steady,388389815,0,0,1.7854777498093425e+18,1.7854777501977324e+18,4969449889,5357839704,rank248:F0,0
55,lane8:F1:s13->s14,pp_message,forward,1,-1,13,8,216,232,13,14,-1,p2p,4712346,4712346,0,,,5077752638,5082464984,rank216:F1,0
55,rank216:F2,compute,forward,2,216,13,8,216,216,13,13,2,steady,310437863,0,0,1.7854777499261123e+18,1.78547775023655e+18,5082464984,5392902847,lane8:F1:s13->s14,4712346
55,rank232:F1,compute,forward,1,232,14,8,232,232,14,14,1,steady,312710815,0,0,1.785477749920848e+18,1.7854777502335588e+18,5082464984,5395175799,lane8:F1:s13->s14,313399912
55,lane8:F3:s11->s12,pp_message,forward,3,-1,11,8,184,200,11,12,-1,p2p,4712346,4712346,0,,,5092961508,5097673854,rank184:F3,0
55,rank200:F3,compute,forward,3,200,12,8,200,200,12,12,3,steady,308257959,0,0,1.7854777499461583e+18,1.7854777502544164e+18,5097673854,5405931813,lane8:F3:s11->s12,161092797
55,lane8:B0:s15->s14,pp_message,backward,0,-1,15,8,248,232,15,14,-1,p2p,4712346,4712346,0,,,5357839704,5362552050,rank248:B0,0
55,lane8:F2:s13->s14,pp_message,forward,2,-1,13,8,216,232,13,14,-1,p2p,4712346,4712346,0,,,5392902847,5397615193,rank216:F2,0
55,lane8:F1:s14->s15,pp_message,forward,1,-1,14,8,232,248,14,15,-1,p2p,4712346,4712346,0,,,5395175799,5399888145,rank232:F1,0
55,rank232:B0,compute,backward,0,232,14,8,232,232,14,14,2,steady,678577680,0,0,1.785477750299754e+18,1.7854777509783316e+18,5399888145,6078465825,lane8:F1:s14->s15,4712346
55,rank248:F1,compute,forward,1,248,15,8,248,248,15,15,2,steady,189869329,0,0,1.7854777502996204e+18,1.7854777504894897e+18,5399888145,5589757474,lane8:F1:s14->s15,42048441
55,lane8:F3:s12->s13,pp_message,forward,3,-1,12,8,200,216,12,13,-1,p2p,4712346,4712346,0,,,5405931813,5410644159,rank200:F3,0
55,rank248:B1,compute,backward,1,248,15,8,248,248,15,15,3,steady,372575518,0,0,1.785477750489661e+18,1.7854777508622364e+18,5589757474,5962332992,rank248:F1,0
55,lane8:B1:s15->s14,pp_message,backward,1,-1,15,8,248,232,15,14,-1,p2p,4712346,4712346,0,,,5962332992,5967045338,rank248:B1,0
55,lane8:B0:s14->s13,pp_message,backward,0,-1,14,8,232,216,14,13,-1,p2p,4712346,4712346,0,,,6078465825,6083178171,rank232:B0,0
55,rank216:B0,compute,backward,0,216,13,8,216,216,13,13,3,steady,689843903,0,0,1.7854777510771963e+18,1.7854777517670403e+18,6083178171,6773022074,lane8:B0:s14->s13,690275324
55,rank232:F2,compute,forward,2,232,14,8,232,232,14,14,3,steady,319443809,0,0,1.7854777510768018e+18,1.7854777513962455e+18,6083178171,6402621980,lane8:B0:s14->s13,4712346
55,lane8:F2:s14->s15,pp_message,forward,2,-1,14,8,232,248,14,15,-1,p2p,4712346,4712346,0,,,6402621980,6407334326,rank232:F2,0
55,rank232:B1,compute,backward,1,232,14,8,232,232,14,14,4,steady,689843464,0,0,1.7854777514024463e+18,1.7854777520922898e+18,6407334326,7097177790,lane8:F2:s14->s15,4712346
55,rank248:F2,compute,forward,2,248,15,8,248,248,15,15,4,steady,192889558,0,0,1.7854777514024282e+18,1.7854777515953175e+18,6407334326,6600223884,lane8:F2:s14->s15,445001334
55,rank248:B2,compute,backward,2,248,15,8,248,248,15,15,5,steady,365939067,0,0,1.785477751595495e+18,1.7854777519614339e+18,6600223884,6966162951,rank248:F2,0
55,lane8:B0:s13->s12,pp_message,backward,0,-1,13,8,216,200,13,12,-1,p2p,4712346,4712346,0,,,6773022074,6777734420,rank216:B0,0
55,rank200:B0,compute,backward,0,200,12,8,200,200,12,12,4,steady,686360022,0,0,1.7854777518655933e+18,1.7854777525519534e+18,6777734420,7464094442,lane8:B0:s13->s12,1371802607
55,rank216:F3,compute,forward,3,216,13,8,216,216,13,13,4,steady,315630418,0,0,1.7854777518653445e+18,1.7854777521809748e+18,6777734420,7093364838,lane8:B0:s13->s12,4712346
55,lane8:B2:s15->s14,pp_message,backward,2,-1,15,8,248,232,15,14,-1,p2p,4712346,4712346,0,,,6966162951,6970875297,rank248:B2,0
55,lane8:F3:s13->s14,pp_message,forward,3,-1,13,8,216,232,13,14,-1,p2p,4712346,4712346,0,,,7093364838,7098077184,rank216:F3,0
55,lane8:B1:s14->s13,pp_message,backward,1,-1,14,8,232,216,14,13,-1,p2p,4712346,4712346,0,,,7097177790,7101890136,rank232:B1,0
55,rank216:B1,compute,backward,1,216,13,8,216,216,13,13,5,steady,698651406,0,0,1.785477752190433e+18,1.7854777528890844e+18,7101890136,7800541542,lane8:B1:s14->s13,8525298
55,rank232:F3,compute,forward,3,232,14,8,232,232,14,14,5,steady,328629571,0,0,1.7854777521903363e+18,1.7854777525189658e+18,7101890136,7430519707,lane8:B1:s14->s13,4712346
55,lane8:F3:s14->s15,pp_message,forward,3,-1,14,8,232,248,14,15,-1,p2p,4712346,4712346,0,,,7430519707,7435232053,rank232:F3,0
55,rank232:B2,compute,backward,2,232,14,8,232,232,14,14,6,steady,730196802,0,0,1.7854777525248794e+18,1.785477753255076e+18,7435232053,8165428855,lane8:F3:s14->s15,4712346
55,rank248:F3,compute,forward,3,248,15,8,248,248,15,15,6,steady,193305996,0,0,1.7854777525248225e+18,1.7854777527181284e+18,7435232053,7628538049,lane8:F3:s14->s15,469069102
55,lane8:B0:s12->s11,pp_message,backward,0,-1,12,8,200,184,12,11,-1,p2p,4712346,4712346,0,,,7464094442,7468806788,rank200:B0,0
55,rank184:B0,compute,backward,0,184,11,8,184,184,11,11,4,cooldown,677969714,0,0,1.7854777526491735e+18,1.7854777533271432e+18,7468806788,8146776502,lane8:B0:s12->s11,2375845280
55,rank248:B3,compute,backward,3,248,15,8,248,248,15,15,7,steady,365825261,0,0,1.7854777527183327e+18,1.785477753084158e+18,7628538049,7994363310,rank248:F3,0
55,lane8:B1:s13->s12,pp_message,backward,1,-1,13,8,216,200,13,12,-1,p2p,4712346,4712346,0,,,7800541542,7805253888,rank216:B1,0
55,rank200:B1,compute,backward,1,200,12,8,200,200,12,12,5,cooldown,683462299,0,0,1.7854777529874842e+18,1.7854777536709466e+18,7805253888,8488716187,lane8:B1:s13->s12,341159446
55,lane8:B3:s15->s14,pp_message,backward,3,-1,15,8,248,232,15,14,-1,p2p,4712346,4712346,0,,,7994363310,7999075656,rank248:B3,0
55,lane8:B0:s11->s10,pp_message,backward,0,-1,11,8,184,168,11,10,-1,p2p,4712346,4712346,0,,,8146776502,8151488848,rank184:B0,0
55,rank168:B0,compute,backward,0,168,10,8,168,168,10,10,4,cooldown,686918153,0,0,1.7854777534260529e+18,1.785477754112971e+18,8151488848,8838407001,lane8:B0:s11->s10,3370318679
55,lane8:B2:s14->s13,pp_message,backward,2,-1,14,8,232,216,14,13,-1,p2p,4712346,4712346,0,,,8165428855,8170141201,rank232:B2,0
55,rank216:B2,compute,backward,2,216,13,8,216,216,13,13,6,cooldown,683326373,0,0,1.785477753348915e+18,1.7854777540322414e+18,8170141201,8853467574,lane8:B2:s14->s13,369599659
55,rank232:B3,compute,backward,3,232,14,8,232,232,14,14,7,cooldown,695404638,0,0,1.7854777533543434e+18,1.7854777540497482e+18,8170141201,8865545839,lane8:B2:s14->s13,4712346
55,lane8:B1:s12->s11,pp_message,backward,1,-1,12,8,200,184,12,11,-1,p2p,4712346,4712346,0,,,8488716187,8493428533,rank200:B1,0
55,rank184:B1,compute,backward,1,184,11,8,184,184,11,11,5,cooldown,676430575,0,0,1.785477753768884e+18,1.7854777544453146e+18,8493428533,9169859108,lane8:B1:s12->s11,346652031
55,lane8:B0:s10->s9,pp_message,backward,0,-1,10,8,168,152,10,9,-1,p2p,4712346,4712346,0,,,8838407001,8843119347,rank168:B0,0
55,rank152:B0,compute,backward,0,152,9,8,152,152,9,9,4,cooldown,708078085,0,0,1.785477754213206e+18,1.785477754921284e+18,8843119347,9551197432,lane8:B0:s10->s9,4521578224
55,lane8:B2:s13->s12,pp_message,backward,2,-1,13,8,216,200,13,12,-1,p2p,4712346,4712346,0,,,8853467574,8858179920,rank216:B2,0
55,rank200:B2,compute,backward,2,200,12,8,200,200,12,12,6,cooldown,678314481,0,0,1.7854777541304466e+18,1.785477754808761e+18,8858179920,9536494401,lane8:B2:s13->s12,369463733
55,lane8:B3:s14->s13,pp_message,backward,3,-1,14,8,232,216,14,13,-1,p2p,4712346,4712346,0,,,8865545839,8870258185,rank232:B3,0
55,rank216:B3,compute,backward,3,216,13,8,216,216,13,13,7,cooldown,682773520,0,0,1.7854777541481805e+18,1.785477754830954e+18,8870258185,9553031705,lane8:B3:s14->s13,16790611
55,lane8:B1:s11->s10,pp_message,backward,1,-1,11,8,184,168,11,10,-1,p2p,4712346,4712346,0,,,9169859108,9174571454,rank184:B1,0
55,rank168:B1,compute,backward,1,168,10,8,168,168,10,10,5,cooldown,683242301,0,0,1.7854777545452332e+18,1.7854777552284756e+18,9174571454,9857813755,lane8:B1:s11->s10,336164453
55,lane8:B2:s12->s11,pp_message,backward,2,-1,12,8,200,184,12,11,-1,p2p,4712346,4712346,0,,,9536494401,9541206747,rank200:B2,0
55,rank184:B2,compute,backward,2,184,11,8,184,184,11,11,6,cooldown,676762531,0,0,1.7854777549075612e+18,1.7854777555843236e+18,9541206747,10217969278,lane8:B2:s12->s11,371347639
55,lane8:B0:s9->s8,pp_message,backward,0,-1,9,8,152,136,9,8,-1,p2p,4712346,4712346,0,,,9551197432,9555909778,rank152:B0,0
55,lane8:B3:s13->s12,pp_message,backward,3,-1,13,8,216,200,13,12,-1,p2p,4712346,4712346,0,,,9553031705,9557744051,rank216:B3,0
55,rank136:B0,compute,backward,0,136,8,8,136,136,8,8,4,cooldown,719519095,0,0,1.78547775502065e+18,1.785477755740169e+18,9555909778,10275428873,lane8:B0:s9->s8,5561986946
55,rank200:B3,compute,backward,3,200,12,8,200,200,12,12,7,cooldown,675390725,0,0,1.7854777549291922e+18,1.785477755604583e+18,9557744051,10233134776,lane8:B3:s13->s12,21249650
55,lane8:B1:s10->s9,pp_message,backward,1,-1,10,8,168,152,10,9,-1,p2p,4712346,4712346,0,,,9857813755,9862526101,rank168:B1,0
55,rank152:B1,compute,backward,1,152,9,8,152,152,9,9,5,cooldown,713925801,0,0,1.785477755326579e+18,1.7854777560405048e+18,9862526101,10576451902,lane8:B1:s10->s9,311328669
55,lane8:B2:s11->s10,pp_message,backward,2,-1,11,8,184,168,11,10,-1,p2p,4712346,4712346,0,,,10217969278,10222681624,rank184:B2,0
55,rank168:B2,compute,backward,2,168,10,8,168,168,10,10,6,cooldown,683406373,0,0,1.7854777556822282e+18,1.7854777563656346e+18,10222681624,10906087997,lane8:B2:s11->s10,364867869
55,lane8:B3:s12->s11,pp_message,backward,3,-1,12,8,200,184,12,11,-1,p2p,4712346,4712346,0,,,10233134776,10237847122,rank200:B3,0
55,rank184:B3,compute,backward,3,184,11,8,184,184,11,11,7,cooldown,684755615,0,0,1.7854777557036314e+18,1.785477756388387e+18,10237847122,10922602737,lane8:B3:s12->s11,19877844
55,lane8:B0:s8->s7,pp_message,backward,0,-1,8,8,136,120,8,7,-1,p2p,4712346,4712346,0,,,10275428873,10280141219,rank136:B0,0
55,rank120:B0,compute,backward,0,120,7,8,120,120,7,7,4,cooldown,685251053,0,0,1.785477755838812e+18,1.785477756524063e+18,10280141219,10965392272,lane8:B0:s8->s7,6600776552
55,lane8:B1:s9->s8,pp_message,backward,1,-1,9,8,152,136,9,8,-1,p2p,4712346,4712346,0,,,10576451902,10581164248,rank152:B1,0
55,rank136:B1,compute,backward,1,136,8,8,136,136,8,8,5,cooldown,712342357,0,0,1.7854777561394056e+18,1.7854777568517478e+18,10581164248,11293506605,lane8:B1:s9->s8,305735375
55,lane8:B2:s10->s9,pp_message,backward,2,-1,10,8,168,152,10,9,-1,p2p,4712346,4712346,0,,,10906087997,10910800343,rank168:B2,0
55,rank152:B2,compute,backward,2,152,9,8,152,152,9,9,6,cooldown,703139032,0,0,1.785477756464477e+18,1.785477757167616e+18,10910800343,11613939375,lane8:B2:s10->s9,334348441
55,lane8:B3:s11->s10,pp_message,backward,3,-1,11,8,184,168,11,10,-1,p2p,4712346,4712346,0,,,10922602737,10927315083,rank184:B3,0
55,rank168:B3,compute,backward,3,168,10,8,168,168,10,10,7,cooldown,683734238,0,0,1.7854777564867638e+18,1.785477757170498e+18,10927315083,11611049321,lane8:B3:s11->s10,21227086
55,lane8:B0:s7->s6,pp_message,backward,0,-1,7,8,120,104,7,6,-1,p2p,4712346,4712346,0,,,10965392272,10970104618,rank120:B0,0
55,rank104:B0,compute,backward,0,104,6,8,104,104,6,6,4,cooldown,697132620,0,0,1.7854777566227238e+18,1.7854777573198564e+18,10970104618,11667237238,lane8:B0:s7->s6,7605005069
55,lane8:B1:s8->s7,pp_message,backward,1,-1,8,8,136,120,8,7,-1,p2p,4712346,4712346,0,,,11293506605,11298218951,rank136:B1,0
55,rank120:B1,compute,backward,1,120,7,8,120,120,7,7,5,cooldown,687307453,0,0,1.7854777569505306e+18,1.7854777576378378e+18,11298218951,11985526404,lane8:B1:s8->s7,332826679
55,lane8:B3:s10->s9,pp_message,backward,3,-1,10,8,168,152,10,9,-1,p2p,4712346,4712346,0,,,11611049321,11615761667,rank168:B3,0
55,lane8:B2:s9->s8,pp_message,backward,2,-1,9,8,152,136,9,8,-1,p2p,4712346,4712346,0,,,11613939375,11618651721,rank152:B2,0
55,rank136:B2,compute,backward,2,136,8,8,136,136,8,8,6,cooldown,694306805,0,0,1.785477757265909e+18,1.7854777579602158e+18,11618651721,12312958526,lane8:B2:s9->s8,325145116
55,rank152:B3,compute,backward,3,152,9,8,152,152,9,9,7,cooldown,717898630,0,0,1.785477757270965e+18,1.7854777579888637e+18,11618651721,12336550351,lane8:B2:s9->s8,4712346
55,lane8:B0:s6->s5,pp_message,backward,0,-1,6,8,104,88,6,5,-1,p2p,4712346,4712346,0,,,11667237238,11671949584,rank104:B0,0
55,rank88:B0,compute,backward,0,88,5,8,88,88,5,5,4,cooldown,690042024,0,0,1.7854777574192087e+18,1.7854777581092506e+18,11671949584,12361991608,lane8:B0:s6->s5,8647280004
55,lane8:B1:s7->s6,pp_message,backward,1,-1,7,8,120,104,7,6,-1,p2p,4712346,4712346,0,,,11985526404,11990238750,rank120:B1,0
55,rank104:B1,compute,backward,1,104,6,8,104,104,6,6,5,cooldown,693117460,0,0,1.7854777577364173e+18,1.7854777584295347e+18,11990238750,12683356210,lane8:B1:s7->s6,323001512
55,lane8:B2:s8->s7,pp_message,backward,2,-1,8,8,136,120,8,7,-1,p2p,4712346,4712346,0,,,12312958526,12317670872,rank136:B2,0
55,rank120:B2,compute,backward,2,120,7,8,120,120,7,7,6,cooldown,686647027,0,0,1.7854777580585897e+18,1.7854777587452367e+18,12317670872,13004317899,lane8:B2:s8->s7,332144468
55,lane8:B3:s9->s8,pp_message,backward,3,-1,9,8,152,136,9,8,-1,p2p,4712346,4712346,0,,,12336550351,12341262697,rank152:B3,0
55,rank136:B3,compute,backward,3,136,8,8,136,136,8,8,7,cooldown,719433340,0,0,1.7854777580897446e+18,1.7854777588091779e+18,12341262697,13060696037,lane8:B3:s9->s8,28304171
55,lane8:B0:s5->s4,pp_message,backward,0,-1,5,8,88,72,5,4,-1,p2p,4712346,4712346,0,,,12361991608,12366703954,rank88:B0,0
55,rank72:B0,compute,backward,0,72,4,8,72,72,4,4,4,cooldown,700985895,0,0,1.78547775820901e+18,1.7854777589099958e+18,12366703954,13067689849,lane8:B0:s5->s4,9771117634
55,lane8:B1:s6->s5,pp_message,backward,1,-1,6,8,104,88,6,5,-1,p2p,4712346,4712346,0,,,12683356210,12688068556,rank104:B1,0
55,rank88:B1,compute,backward,1,88,5,8,88,88,5,5,5,cooldown,687471809,0,0,1.7854777585286866e+18,1.7854777592161582e+18,12688068556,13375540365,lane8:B1:s6->s5,326076948
55,lane8:B2:s7->s6,pp_message,backward,2,-1,7,8,120,104,7,6,-1,p2p,4712346,4712346,0,,,13004317899,13009030245,rank120:B2,0
55,rank104:B2,compute,backward,2,104,6,8,104,104,6,6,6,cooldown,694556842,0,0,1.785477758843176e+18,1.7854777595377329e+18,13009030245,13703587087,lane8:B2:s7->s6,325674035
55,lane8:B3:s8->s7,pp_message,backward,3,-1,8,8,136,120,8,7,-1,p2p,4712346,4712346,0,,,13060696037,13065408383,rank136:B3,0
55,rank120:B3,compute,backward,3,120,7,8,120,120,7,7,7,cooldown,681120002,0,0,1.7854777589068733e+18,1.7854777595879933e+18,13065408383,13746528385,lane8:B3:s8->s7,61090484
55,lane8:B0:s4->s3,pp_message,backward,0,-1,4,8,72,56,4,3,-1,p2p,4712346,4712346,0,,,13067689849,13072402195,rank72:B0,0
55,rank56:B0,compute,backward,0,56,3,8,56,56,3,3,4,cooldown,724578053,0,0,1.785477759009333e+18,1.785477759733911e+18,13072402195,13796980248,lane8:B0:s4->s3,10810626393
55,lane8:B1:s5->s4,pp_message,backward,1,-1,5,8,88,72,5,4,-1,p2p,4712346,4712346,0,,,13375540365,13380252711,rank88:B1,0
55,rank72:B1,compute,backward,1,72,4,8,72,72,4,4,5,cooldown,698568231,0,0,1.7854777593155564e+18,1.7854777600141245e+18,13380252711,14078820942,lane8:B1:s5->s4,312562862
55,lane8:B2:s6->s5,pp_message,backward,2,-1,6,8,104,88,6,5,-1,p2p,4712346,4712346,0,,,13703587087,13708299433,rank104:B2,0
55,rank88:B2,compute,backward,2,88,5,8,88,88,5,5,6,cooldown,688900237,0,0,1.7854777596363139e+18,1.7854777603252142e+18,13708299433,14397199670,lane8:B2:s6->s5,332759068
55,lane8:B3:s7->s6,pp_message,backward,3,-1,7,8,120,104,7,6,-1,p2p,4712346,4712346,0,,,13746528385,13751240731,rank120:B3,0
55,rank104:B3,compute,backward,3,104,6,8,104,104,6,6,7,cooldown,694688068,0,0,1.78547775968824e+18,1.7854777603829281e+18,13751240731,14445928799,lane8:B3:s7->s6,47653644
55,lane8:B0:s3->s2,pp_message,backward,0,-1,3,8,56,40,3,2,-1,p2p,4712346,4712346,0,,,13796980248,13801692594,rank56:B0,0
55,rank40:B0,compute,backward,0,40,2,8,40,40,2,2,4,cooldown,705553705,0,0,1.7854777598328786e+18,1.7854777605384323e+18,13801692594,14507246299,lane8:B0:s3->s2,11966588770
55,lane8:B1:s4->s3,pp_message,backward,1,-1,4,8,72,56,4,3,-1,p2p,4712346,4712346,0,,,14078820942,14083533288,rank72:B1,0
55,rank56:B1,compute,backward,1,56,3,8,56,56,3,3,5,cooldown,699315369,0,0,1.785477760112274e+18,1.785477760811589e+18,14083533288,14782848657,lane8:B1:s4->s3,286553040
55,lane8:B2:s5->s4,pp_message,backward,2,-1,5,8,88,72,5,4,-1,p2p,4712346,4712346,0,,,14397199670,14401912016,rank88:B2,0
55,rank72:B2,compute,backward,2,72,4,8,72,72,4,4,6,cooldown,699585132,0,0,1.7854777604239844e+18,1.7854777611235694e+18,14401912016,15101497148,lane8:B2:s5->s4,323091074
55,lane8:B3:s6->s5,pp_message,backward,3,-1,6,8,104,88,6,5,-1,p2p,4712346,4712346,0,,,14445928799,14450641145,rank104:B3,0
55,rank88:B3,compute,backward,3,88,5,8,88,88,5,5,7,cooldown,687964034,0,0,1.7854777604821494e+18,1.7854777611701133e+18,14450641145,15138605179,lane8:B3:s6->s5,53441475
55,lane8:B0:s2->s1,pp_message,backward,0,-1,2,8,40,24,2,1,-1,p2p,4712346,4712346,0,,,14507246299,14511958645,rank40:B0,0
55,rank24:B0,compute,backward,0,24,1,8,24,24,1,1,4,cooldown,723411102,0,0,1.7854777606383224e+18,1.7854777613617336e+18,14511958645,15235369747,lane8:B0:s2->s1,13032351699
55,lane8:B1:s3->s2,pp_message,backward,1,-1,3,8,56,40,3,2,-1,p2p,4712346,4712346,0,,,14782848657,14787561003,rank56:B1,0
55,rank40:B1,compute,backward,1,40,2,8,40,40,2,2,5,cooldown,759496794,0,0,1.7854777609076234e+18,1.78547776166712e+18,14787561003,15547057797,lane8:B1:s3->s2,280314704
55,lane8:B2:s4->s3,pp_message,backward,2,-1,4,8,72,56,4,3,-1,p2p,4712346,4712346,0,,,15101497148,15106209494,rank72:B2,0
55,rank56:B2,compute,backward,2,56,3,8,56,56,3,3,6,cooldown,695495362,0,0,1.7854777612216466e+18,1.785477761917142e+18,15106209494,15801704856,lane8:B2:s4->s3,323360837
55,lane8:B3:s5->s4,pp_message,backward,3,-1,5,8,88,72,5,4,-1,p2p,4712346,4712346,0,,,15138605179,15143317525,rank88:B3,0
55,rank72:B3,compute,backward,3,72,4,8,72,72,4,4,7,cooldown,699468923,0,0,1.7854777612687936e+18,1.7854777619682624e+18,15143317525,15842786448,lane8:B3:s5->s4,41820377
55,lane8:B0:s1->s0,pp_message,backward,0,-1,1,8,24,8,1,0,-1,p2p,4712346,4712346,0,,,15235369747,15240082093,rank24:B0,0
55,rank8:B0,compute,backward,0,8,0,8,8,8,0,0,4,cooldown,409144296,0,0,1.7854777614613635e+18,1.7854777618705078e+18,15240082093,15649226389,lane8:B0:s1->s0,14589067356
55,lane8:B1:s2->s1,pp_message,backward,1,-1,2,8,40,24,2,1,-1,p2p,4712346,4712346,0,,,15547057797,15551770143,rank40:B1,0
55,rank24:B1,compute,backward,1,24,1,8,24,24,1,1,5,cooldown,726431631,0,0,1.7854777617658798e+18,1.7854777624923116e+18,15551770143,16278201774,lane8:B1:s2->s1,316400396
55,lane8:B2:s3->s2,pp_message,backward,2,-1,3,8,56,40,3,2,-1,p2p,4712346,4712346,0,,,15801704856,15806417202,rank56:B2,0
55,rank40:B2,compute,backward,2,40,2,8,40,40,2,2,6,cooldown,708930798,0,0,1.785477762013432e+18,1.7854777627223626e+18,15806417202,16515348000,lane8:B2:s3->s2,259359405
55,lane8:B3:s4->s3,pp_message,backward,3,-1,4,8,72,56,4,3,-1,p2p,4712346,4712346,0,,,15842786448,15847498794,rank72:B3,0
55,rank56:B3,compute,backward,3,56,3,8,56,56,3,3,7,cooldown,693326497,0,0,1.7854777620664617e+18,1.785477762759788e+18,15847498794,16540825291,lane8:B3:s4->s3,45793938
55,lane8:B1:s1->s0,pp_message,backward,1,-1,1,8,24,8,1,0,-1,p2p,4712346,4712346,0,,,16278201774,16282914120,rank24:B1,0
55,rank8:B1,compute,backward,1,8,0,8,8,8,0,0,5,cooldown,415586957,0,0,1.7854777625905823e+18,1.785477763006169e+18,16282914120,16698501077,lane8:B1:s1->s0,633687731
55,lane8:B2:s2->s1,pp_message,backward,2,-1,2,8,40,24,2,1,-1,p2p,4712346,4712346,0,,,16515348000,16520060346,rank40:B2,0
55,rank24:B2,compute,backward,2,24,1,8,24,24,1,1,6,cooldown,724674383,0,0,1.785477762820706e+18,1.7854777635453806e+18,16520060346,17244734729,lane8:B2:s2->s1,241858572
55,lane8:B3:s3->s2,pp_message,backward,3,-1,3,8,56,40,3,2,-1,p2p,4712346,4712346,0,,,16540825291,16545537637,rank56:B3,0
55,rank40:B3,compute,backward,3,40,2,8,40,40,2,2,7,cooldown,705443759,0,0,1.7854777628566912e+18,1.785477763562135e+18,16545537637,17250981396,lane8:B3:s3->s2,30189637
55,lane8:B2:s1->s0,pp_message,backward,2,-1,1,8,24,8,1,0,-1,p2p,4712346,4712346,0,,,17244734729,17249447075,rank24:B2,0
55,rank8:B2,compute,backward,2,8,0,8,8,8,0,0,6,cooldown,408752065,0,0,1.785477763644277e+18,1.785477764053029e+18,17249447075,17658199140,lane8:B2:s1->s0,550945998
55,lane8:B3:s2->s1,pp_message,backward,3,-1,2,8,40,24,2,1,-1,p2p,4712346,4712346,0,,,17250981396,17255693742,rank40:B3,0
55,rank24:B3,compute,backward,3,24,1,8,24,24,1,1,7,cooldown,728449381,0,0,1.7854777636603487e+18,1.7854777643887982e+18,17255693742,17984143123,lane8:B3:s2->s1,10959013
55,lane8:B3:s1->s0,pp_message,backward,3,-1,1,8,24,8,1,0,-1,p2p,4712346,4712346,0,,,17984143123,17988855469,rank24:B3,0
55,rank8:B3,compute,backward,3,8,0,8,8,8,0,0,7,cooldown,407749903,0,0,1.7854777644869837e+18,1.7854777648947336e+18,17988855469,18396605372,lane8:B3:s1->s0,330656329
55,rank9:F0,compute,forward,0,9,0,9,9,9,0,0,0,warmup,160585025,0,0,1.7854777448085906e+18,1.7854777449691756e+18,0,160585025,,0
55,lane9:F0:s0->s1,pp_message,forward,0,-1,0,9,9,25,0,1,-1,p2p,4712346,4712346,0,,,160585025,165297371,rank9:F0,0
55,rank25:F0,compute,forward,0,25,1,9,25,25,1,1,0,warmup,324038589,0,0,1.7854777449742953e+18,1.785477745298334e+18,165297371,489335960,lane9:F0:s0->s1,165297371
55,rank9:F1,compute,forward,1,9,0,9,9,9,0,0,1,warmup,158651416,0,0,1.7854777449742234e+18,1.7854777451328748e+18,165297371,323948787,lane9:F0:s0->s1,4712346
55,lane9:F1:s0->s1,pp_message,forward,1,-1,0,9,9,25,0,1,-1,p2p,4712346,4712346,0,,,323948787,328661133,rank9:F1,0
55,rank9:F2,compute,forward,2,9,0,9,9,9,0,0,2,warmup,157970854,0,0,1.7854777453089492e+18,1.7854777454669202e+18,328661133,486631987,lane9:F1:s0->s1,4712346
55,lane9:F2:s0->s1,pp_message,forward,2,-1,0,9,9,25,0,1,-1,p2p,4712346,4712346,0,,,486631987,491344333,rank9:F2,0
55,lane9:F0:s1->s2,pp_message,forward,0,-1,1,9,25,41,1,2,-1,p2p,4712346,4712346,0,,,489335960,494048306,rank25:F0,0
55,rank9:F3,compute,forward,3,9,0,9,9,9,0,0,3,warmup,177738215,0,0,1.785477745663587e+18,1.7854777458413253e+18,491344333,669082548,lane9:F2:s0->s1,4712346
55,rank25:F1,compute,forward,1,25,1,9,25,25,1,1,1,warmup,327408894,0,0,1.7854777453087283e+18,1.7854777456361372e+18,494048306,821457200,lane9:F0:s1->s2,4712346
55,rank41:F0,compute,forward,0,41,2,9,41,41,2,2,0,warmup,344019542,0,0,1.7854777453036608e+18,1.7854777456476803e+18,494048306,838067848,lane9:F0:s1->s2,494048306
55,lane9:F3:s0->s1,pp_message,forward,3,-1,0,9,9,25,0,1,-1,p2p,4712346,4712346,0,,,669082548,673794894,rank9:F3,0
55,lane9:F1:s1->s2,pp_message,forward,1,-1,1,9,25,41,1,2,-1,p2p,4712346,4712346,0,,,821457200,826169546,rank25:F1,0
55,rank25:F2,compute,forward,2,25,1,9,25,25,1,1,2,warmup,341978114,0,0,1.785477745663298e+18,1.7854777460052762e+18,826169546,1168147660,lane9:F1:s1->s2,4712346
55,lane9:F0:s2->s3,pp_message,forward,0,-1,2,9,41,57,2,3,-1,p2p,4712346,4712346,0,,,838067848,842780194,rank41:F0,0
55,rank41:F1,compute,forward,1,41,2,9,41,41,2,2,1,warmup,336601414,0,0,1.7854777456580037e+18,1.7854777459946053e+18,842780194,1179381608,lane9:F0:s2->s3,4712346
55,rank57:F0,compute,forward,0,57,3,9,57,57,3,3,0,warmup,407287929,0,0,1.7854777456529882e+18,1.785477746060276e+18,842780194,1250068123,lane9:F0:s2->s3,842780194
55,lane9:F2:s1->s2,pp_message,forward,2,-1,1,9,25,41,1,2,-1,p2p,4712346,4712346,0,,,1168147660,1172860006,rank25:F2,0
55,rank25:F3,compute,forward,3,25,1,9,25,25,1,1,3,warmup,326068781,0,0,1.785477746080957e+18,1.7854777464070257e+18,1172860006,1498928787,lane9:F2:s1->s2,4712346
55,lane9:F1:s2->s3,pp_message,forward,1,-1,2,9,41,57,2,3,-1,p2p,4712346,4712346,0,,,1179381608,1184093954,rank41:F1,0
55,rank41:F2,compute,forward,2,41,2,9,41,41,2,2,2,warmup,319990034,0,0,1.7854777460757716e+18,1.7854777463957617e+18,1184093954,1504083988,lane9:F1:s2->s3,4712346
55,lane9:F0:s3->s4,pp_message,forward,0,-1,3,9,57,73,3,4,-1,p2p,4712346,4712346,0,,,1250068123,1254780469,rank57:F0,0
55,rank57:F1,compute,forward,1,57,3,9,57,57,3,3,1,warmup,353044302,0,0,1.785477746070396e+18,1.7854777464234401e+18,1254780469,1607824771,lane9:F0:s3->s4,4712346
55,rank73:F0,compute,forward,0,73,4,9,73,73,4,4,0,warmup,318604590,0,0,1.7854777460655345e+18,1.785477746384139e+18,1254780469,1573385059,lane9:F0:s3->s4,1254780469
55,lane9:F3:s1->s2,pp_message,forward,3,-1,1,9,25,41,1,2,-1,p2p,4712346,4712346,0,,,1498928787,1503641133,rank25:F3,0
55,lane9:F2:s2->s3,pp_message,forward,2,-1,2,9,41,57,2,3,-1,p2p,4712346,4712346,0,,,1504083988,1508796334,rank41:F2,0
55,rank41:F3,compute,forward,3,41,2,9,41,41,2,2,3,warmup,347276601,0,0,1.7854777464388465e+18,1.785477746786123e+18,1508796334,1856072935,lane9:F2:s2->s3,4712346
55,lane9:F0:s4->s5,pp_message,forward,0,-1,4,9,73,89,4,5,-1,p2p,4712346,4712346,0,,,1573385059,1578097405,rank73:F0,0
55,rank89:F0,compute,forward,0,89,5,9,89,89,5,5,0,warmup,314974885,0,0,1.785477746389913e+18,1.785477746704888e+18,1578097405,1893072290,lane9:F0:s4->s5,1578097405
55,lane9:F1:s3->s4,pp_message,forward,1,-1,3,9,57,73,3,4,-1,p2p,4712346,4712346,0,,,1607824771,1612537117,rank57:F1,0
55,rank57:F2,compute,forward,2,57,3,9,57,57,3,3,2,warmup,337534925,0,0,1.7854777464335777e+18,1.7854777467711127e+18,1612537117,1950072042,lane9:F1:s3->s4,4712346
55,rank73:F1,compute,forward,1,73,4,9,73,73,4,4,1,warmup,318088662,0,0,1.785477746428482e+18,1.7854777467465708e+18,1612537117,1930625779,lane9:F1:s3->s4,39152058
55,lane9:F3:s2->s3,pp_message,forward,3,-1,2,9,41,57,2,3,-1,p2p,4712346,4712346,0,,,1856072935,1860785281,rank41:F3,0
55,lane9:F0:s5->s6,pp_message,forward,0,-1,5,9,89,105,5,6,-1,p2p,4712346,4712346,0,,,1893072290,1897784636,rank89:F0,0
55,rank105:F0,compute,forward,0,105,6,9,105,105,6,6,0,warmup,315920114,0,0,1.7854777467106406e+18,1.7854777470265608e+18,1897784636,2213704750,lane9:F0:s5->s6,1897784636
55,lane9:F1:s4->s5,pp_message,forward,1,-1,4,9,73,89,4,5,-1,p2p,4712346,4712346,0,,,1930625779,1935338125,rank73:F1,0
55,rank89:F1,compute,forward,1,89,5,9,89,89,5,5,1,warmup,461717062,0,0,1.7854777467516536e+18,1.7854777472133706e+18,1935338125,2397055187,lane9:F1:s4->s5,42265835
55,lane9:F2:s3->s4,pp_message,forward,2,-1,3,9,57,73,3,4,-1,p2p,4712346,4712346,0,,,1950072042,1954784388,rank57:F2,0
55,rank57:F3,compute,forward,3,57,3,9,57,57,3,3,3,warmup,324992479,0,0,1.7854777467914488e+18,1.7854777471164413e+18,1954784388,2279776867,lane9:F2:s3->s4,4712346
55,rank73:F2,compute,forward,2,73,4,9,73,73,4,4,2,warmup,316967419,0,0,1.785477746776153e+18,1.7854777470931205e+18,1954784388,2271751807,lane9:F2:s3->s4,24158609
55,lane9:F0:s6->s7,pp_message,forward,0,-1,6,9,105,121,6,7,-1,p2p,4712346,4712346,0,,,2213704750,2218417096,rank105:F0,0
55,rank121:F0,compute,forward,0,121,7,9,121,121,7,7,0,warmup,322692221,0,0,1.7854777470318932e+18,1.7854777473545856e+18,2218417096,2541109317,lane9:F0:s6->s7,2218417096
55,lane9:F2:s4->s5,pp_message,forward,2,-1,4,9,73,89,4,5,-1,p2p,4712346,4712346,0,,,2271751807,2276464153,rank73:F2,0
55,lane9:F3:s3->s4,pp_message,forward,3,-1,3,9,57,73,3,4,-1,p2p,4712346,4712346,0,,,2279776867,2284489213,rank57:F3,0
55,rank73:F3,compute,forward,3,73,4,9,73,73,4,4,3,warmup,329779237,0,0,1.7854777472289388e+18,1.785477747558718e+18,2284489213,2614268450,lane9:F3:s3->s4,12737406
55,lane9:F1:s5->s6,pp_message,forward,1,-1,5,9,89,105,5,6,-1,p2p,4712346,4712346,0,,,2397055187,2401767533,rank89:F1,0
55,rank105:F1,compute,forward,1,105,6,9,105,105,6,6,1,warmup,327576897,0,0,1.7854777472186624e+18,1.7854777475462395e+18,2401767533,2729344430,lane9:F1:s5->s6,188062783
55,rank89:F2,compute,forward,2,89,5,9,89,89,5,5,2,warmup,324165298,0,0,1.7854777472238508e+18,1.785477747548016e+18,2401767533,2725932831,lane9:F1:s5->s6,4712346
55,lane9:F0:s7->s8,pp_message,forward,0,-1,7,9,121,137,7,8,-1,p2p,4712346,4712346,0,,,2541109317,2545821663,rank121:F0,0
55,rank137:F0,compute,forward,0,137,8,9,137,137,8,8,0,warmup,315244662,0,0,1.7854777473599363e+18,1.7854777476751808e+18,2545821663,2861066325,lane9:F0:s7->s8,2545821663
55,lane9:F3:s4->s5,pp_message,forward,3,-1,4,9,73,89,4,5,-1,p2p,4712346,4712346,0,,,2614268450,2618980796,rank73:F3,0
55,lane9:F2:s5->s6,pp_message,forward,2,-1,5,9,89,105,5,6,-1,p2p,4712346,4712346,0,,,2725932831,2730645177,rank89:F2,0
55,lane9:F1:s6->s7,pp_message,forward,1,-1,6,9,105,121,6,7,-1,p2p,4712346,4712346,0,,,2729344430,2734056776,rank105:F1,0
55,rank89:F3,compute,forward,3,89,5,9,89,89,5,5,3,warmup,312303000,0,0,1.785477747563907e+18,1.7854777478762102e+18,2730645177,3042948177,lane9:F2:s5->s6,4712346
55,rank105:F2,compute,forward,2,105,6,9,105,105,6,6,2,warmup,330015776,0,0,1.7854777475566774e+18,1.785477747886693e+18,2734056776,3064072552,lane9:F1:s6->s7,4712346
55,rank121:F1,compute,forward,1,121,7,9,121,121,7,7,1,warmup,311311922,0,0,1.78547774755144e+18,1.7854777478627517e+18,2734056776,3045368698,lane9:F1:s6->s7,192947459
55,lane9:F0:s8->s9,pp_message,forward,0,-1,8,9,137,153,8,9,-1,p2p,4712346,4712346,0,,,2861066325,2865778671,rank137:F0,0
55,rank153:F0,compute,forward,0,153,9,9,153,153,9,9,0,warmup,322422803,0,0,1.7854777476805706e+18,1.7854777480029934e+18,2865778671,3188201474,lane9:F0:s8->s9,2865778671
55,lane9:F3:s5->s6,pp_message,forward,3,-1,5,9,89,105,5,6,-1,p2p,4712346,4712346,0,,,3042948177,3047660523,rank89:F3,0
55,lane9:F1:s7->s8,pp_message,forward,1,-1,7,9,121,137,7,8,-1,p2p,4712346,4712346,0,,,3045368698,3050081044,rank121:F1,0
55,rank137:F1,compute,forward,1,137,8,9,137,137,8,8,1,warmup,316583700,0,0,1.7854777478678182e+18,1.785477748184402e+18,3050081044,3366664744,lane9:F1:s7->s8,189014719
55,lane9:F2:s6->s7,pp_message,forward,2,-1,6,9,105,121,6,7,-1,p2p,4712346,4712346,0,,,3064072552,3068784898,rank105:F2,0
55,rank105:F3,compute,forward,3,105,6,9,105,105,6,6,3,warmup,314408819,0,0,1.7854777478970056e+18,1.7854777482114143e+18,3068784898,3383193717,lane9:F2:s6->s7,4712346
55,rank121:F2,compute,forward,2,121,7,9,121,121,7,7,2,warmup,309749791,0,0,1.78547774789182e+18,1.7854777482015698e+18,3068784898,3378534689,lane9:F2:s6->s7,23416200
55,lane9:F0:s9->s10,pp_message,forward,0,-1,9,9,153,169,9,10,-1,p2p,4712346,4712346,0,,,3188201474,3192913820,rank153:F0,0
55,rank169:F0,compute,forward,0,169,10,9,169,169,10,10,0,warmup,312998830,0,0,1.7854777480090719e+18,1.7854777483220708e+18,3192913820,3505912650,lane9:F0:s9->s10,3192913820
55,lane9:F1:s8->s9,pp_message,forward,1,-1,8,9,137,153,8,9,-1,p2p,4712346,4712346,0,,,3366664744,3371377090,rank137:F1,0
55,rank153:F1,compute,forward,1,153,9,9,153,153,9,9,1,warmup,317582285,0,0,1.785477748189612e+18,1.7854777485071944e+18,3371377090,3688959375,lane9:F1:s8->s9,183175616
55,lane9:F2:s7->s8,pp_message,forward,2,-1,7,9,121,137,7,8,-1,p2p,4712346,4712346,0,,,3378534689,3383247035,rank121:F2,0
55,lane9:F3:s6->s7,pp_message,forward,3,-1,6,9,105,121,6,7,-1,p2p,4712346,4712346,0,,,3383193717,3387906063,rank105:F3,0
55,rank137:F2,compute,forward,2,137,8,9,137,137,8,8,2,warmup,311407322,0,0,1.7854777482067226e+18,1.78547774851813e+18,3383247035,3694654357,lane9:F2:s7->s8,16582291
55,rank121:F3,compute,forward,3,121,7,9,121,121,7,7,3,warmup,309493979,0,0,1.7854777482165573e+18,1.785477748526051e+18,3387906063,3697400042,lane9:F3:s6->s7,9371374
55,lane9:F0:s10->s11,pp_message,forward,0,-1,10,9,169,185,10,11,-1,p2p,4712346,4712346,0,,,3505912650,3510624996,rank169:F0,0
55,rank185:F0,compute,forward,0,185,11,9,185,185,11,11,0,warmup,311634898,0,0,1.7854777483286674e+18,1.7854777486403023e+18,3510624996,3822259894,lane9:F0:s10->s11,3510624996
55,lane9:F1:s9->s10,pp_message,forward,1,-1,9,9,153,169,9,10,-1,p2p,4712346,4712346,0,,,3688959375,3693671721,rank153:F1,0
55,rank169:F1,compute,forward,1,169,10,9,169,169,10,10,1,warmup,310761168,0,0,1.7854777485123973e+18,1.7854777488231585e+18,3693671721,4004432889,lane9:F1:s9->s10,187759071
55,lane9:F2:s8->s9,pp_message,forward,2,-1,8,9,137,153,8,9,-1,p2p,4712346,4712346,0,,,3694654357,3699366703,rank137:F2,0
55,lane9:F3:s7->s8,pp_message,forward,3,-1,7,9,121,137,7,8,-1,p2p,4712346,4712346,0,,,3697400042,3702112388,rank121:F3,0
55,rank153:F2,compute,forward,2,153,9,9,153,153,9,9,2,warmup,316600459,0,0,1.7854777485233633e+18,1.785477748839964e+18,3699366703,4015967162,lane9:F2:s8->s9,10407328
55,rank137:F3,compute,forward,3,137,8,9,137,137,8,8,3,warmup,309982163,0,0,1.7854777485311386e+18,1.7854777488411208e+18,3702112388,4012094551,lane9:F3:s7->s8,7458031
55,lane9:F0:s11->s12,pp_message,forward,0,-1,11,9,185,201,11,12,-1,p2p,4712346,4712346,0,,,3822259894,3826972240,rank185:F0,0
55,rank201:F0,compute,forward,0,201,12,9,201,201,12,12,0,warmup,312358718,0,0,1.7854777486458163e+18,1.785477748958175e+18,3826972240,4139330958,lane9:F0:s11->s12,3826972240
55,lane9:F1:s10->s11,pp_message,forward,1,-1,10,9,169,185,10,11,-1,p2p,4712346,4712346,0,,,4004432889,4009145235,rank169:F1,0
55,rank185:F1,compute,forward,1,185,11,9,185,185,11,11,1,warmup,308467348,0,0,1.7854777488283082e+18,1.7854777491367757e+18,4009145235,4317612583,lane9:F1:s10->s11,186885341
55,lane9:F3:s8->s9,pp_message,forward,3,-1,8,9,137,153,8,9,-1,p2p,4712346,4712346,0,,,4012094551,4016806897,rank137:F3,0
55,lane9:F2:s9->s10,pp_message,forward,2,-1,9,9,153,169,9,10,-1,p2p,4712346,4712346,0,,,4015967162,4020679508,rank153:F2,0
55,rank153:F3,compute,forward,3,153,9,9,153,153,9,9,3,warmup,318962593,0,0,1.7854777488500413e+18,1.785477749169004e+18,4020679508,4339642101,lane9:F2:s9->s10,4712346
55,rank169:F2,compute,forward,2,169,10,9,169,169,10,10,2,warmup,310326174,0,0,1.7854777488449324e+18,1.7854777491552584e+18,4020679508,4331005682,lane9:F2:s9->s10,16246619
55,lane9:F0:s12->s13,pp_message,forward,0,-1,12,9,201,217,12,13,-1,p2p,4712346,4712346,0,,,4139330958,4144043304,rank201:F0,0
55,rank217:F0,compute,forward,0,217,13,9,217,217,13,13,0,warmup,315560076,0,0,1.7854777489637125e+18,1.7854777492792727e+18,4144043304,4459603380,lane9:F0:s12->s13,4144043304
55,lane9:F1:s11->s12,pp_message,forward,1,-1,11,9,185,201,11,12,-1,p2p,4712346,4712346,0,,,4317612583,4322324929,rank185:F1,0
55,rank201:F1,compute,forward,1,201,12,9,201,201,12,12,1,warmup,308032253,0,0,1.7854777491418463e+18,1.7854777494498785e+18,4322324929,4630357182,lane9:F1:s11->s12,182993971
55,lane9:F2:s10->s11,pp_message,forward,2,-1,10,9,169,185,10,11,-1,p2p,4712346,4712346,0,,,4331005682,4335718028,rank169:F2,0
55,rank185:F2,compute,forward,2,185,11,9,185,185,11,11,2,warmup,305928843,0,0,1.7854777491603965e+18,1.7854777494663255e+18,4335718028,4641646871,lane9:F2:s10->s11,18105445
55,lane9:F3:s9->s10,pp_message,forward,3,-1,9,9,153,169,9,10,-1,p2p,4712346,4712346,0,,,4339642101,4344354447,rank153:F3,0
55,rank169:F3,compute,forward,3,169,10,9,169,169,10,10,3,warmup,455111328,0,0,1.785477749173931e+18,1.7854777496290422e+18,4344354447,4799465775,lane9:F3:s9->s10,13348765
55,lane9:F0:s13->s14,pp_message,forward,0,-1,13,9,217,233,13,14,-1,p2p,4712346,4712346,0,,,4459603380,4464315726,rank217:F0,0
55,rank233:F0,compute,forward,0,233,14,9,233,233,14,14,0,warmup,322407369,0,0,1.7854777492849623e+18,1.7854777496073695e+18,4464315726,4786723095,lane9:F0:s13->s14,4464315726
55,lane9:F1:s12->s13,pp_message,forward,1,-1,12,9,201,217,12,13,-1,p2p,4712346,4712346,0,,,4630357182,4635069528,rank201:F1,0
55,rank217:F1,compute,forward,1,217,13,9,217,217,13,13,1,warmup,460562209,0,0,1.785477749454945e+18,1.7854777499155072e+18,4635069528,5095631737,lane9:F1:s12->s13,175466148
55,lane9:F2:s11->s12,pp_message,forward,2,-1,11,9,185,201,11,12,-1,p2p,4712346,4712346,0,,,4641646871,4646359217,rank185:F2,0
55,rank201:F2,compute,forward,2,201,12,9,201,201,12,12,2,warmup,308379226,0,0,1.7854777494713098e+18,1.785477749779689e+18,4646359217,4954738443,lane9:F2:s11->s12,16002035
55,lane9:F0:s14->s15,pp_message,forward,0,-1,14,9,233,249,14,15,-1,p2p,4712346,4712346,0,,,4786723095,4791435441,rank233:F0,0
55,rank249:F0,compute,forward,0,249,15,9,249,249,15,15,0,steady,195287353,0,0,1.7854777496138301e+18,1.7854777498091177e+18,4791435441,4986722794,lane9:F0:s14->s15,4791435441
55,lane9:F3:s10->s11,pp_message,forward,3,-1,10,9,169,185,10,11,-1,p2p,4712346,4712346,0,,,4799465775,4804178121,rank169:F3,0
55,rank185:F3,compute,forward,3,185,11,9,185,185,11,11,3,warmup,306710399,0,0,1.7854777496342234e+18,1.7854777499409336e+18,4804178121,5110888520,lane9:F3:s10->s11,162531250
55,lane9:F2:s12->s13,pp_message,forward,2,-1,12,9,201,217,12,13,-1,p2p,4712346,4712346,0,,,4954738443,4959450789,rank201:F2,0
55,rank249:B0,compute,backward,0,249,15,9,249,249,15,15,1,steady,388485651,0,0,1.7854777498092739e+18,1.7854777501977595e+18,4986722794,5375208445,rank249:F0,0
55,lane9:F1:s13->s14,pp_message,forward,1,-1,13,9,217,233,13,14,-1,p2p,4712346,4712346,0,,,5095631737,5100344083,rank217:F1,0
55,rank217:F2,compute,forward,2,217,13,9,217,217,13,13,2,steady,310159895,0,0,1.7854777499263299e+18,1.7854777502364897e+18,5100344083,5410503978,lane9:F1:s13->s14,4712346
55,rank233:F1,compute,forward,1,233,14,9,233,233,14,14,1,steady,313133525,0,0,1.7854777499206182e+18,1.7854777502337518e+18,5100344083,5413477608,lane9:F1:s13->s14,313620988
55,lane9:F3:s11->s12,pp_message,forward,3,-1,11,9,185,201,11,12,-1,p2p,4712346,4712346,0,,,5110888520,5115600866,rank185:F3,0
55,rank201:F3,compute,forward,3,201,12,9,201,201,12,12,3,steady,308056032,0,0,1.7854777499462794e+18,1.7854777502543355e+18,5115600866,5423656898,lane9:F3:s11->s12,160862423
55,lane9:B0:s15->s14,pp_message,backward,0,-1,15,9,249,233,15,14,-1,p2p,4712346,4712346,0,,,5375208445,5379920791,rank249:B0,0
55,lane9:F2:s13->s14,pp_message,forward,2,-1,13,9,217,233,13,14,-1,p2p,4712346,4712346,0,,,5410503978,5415216324,rank217:F2,0
55,lane9:F1:s14->s15,pp_message,forward,1,-1,14,9,233,249,14,15,-1,p2p,4712346,4712346,0,,,5413477608,5418189954,rank233:F1,0
55,rank233:B0,compute,backward,0,233,14,9,233,233,14,14,2,steady,678356570,0,0,1.7854777502998528e+18,1.7854777509782093e+18,5418189954,6096546524,lane9:F1:s14->s15,4712346
55,rank249:F1,compute,forward,1,249,15,9,249,249,15,15,2,steady,189833146,0,0,1.785477750299684e+18,1.7854777504895173e+18,5418189954,5608023100,lane9:F1:s14->s15,42981509
55,lane9:F3:s12->s13,pp_message,forward,3,-1,12,9,201,217,12,13,-1,p2p,4712346,4712346,0,,,5423656898,5428369244,rank201:F3,0
55,rank249:B1,compute,backward,1,249,15,9,249,249,15,15,3,steady,372344067,0,0,1.785477750489689e+18,1.7854777508620332e+18,5608023100,5980367167,rank249:F1,0
55,lane9:B1:s15->s14,pp_message,backward,1,-1,15,9,249,233,15,14,-1,p2p,4712346,4712346,0,,,5980367167,5985079513,rank249:B1,0
55,lane9:B0:s14->s13,pp_message,backward,0,-1,14,9,233,217,14,13,-1,p2p,4712346,4712346,0,,,6096546524,6101258870,rank233:B0,0
55,rank217:B0,compute,backward,0,217,13,9,217,217,13,13,3,steady,688829324,0,0,1.785477751077563e+18,1.7854777517663923e+18,6101258870,6790088194,lane9:B0:s14->s13,690754892
55,rank233:F2,compute,forward,2,233,14,9,233,233,14,14,3,steady,316967494,0,0,1.7854777510771955e+18,1.785477751394163e+18,6101258870,6418226364,lane9:B0:s14->s13,4712346
55,lane9:F2:s14->s15,pp_message,forward,2,-1,14,9,233,249,14,15,-1,p2p,4712346,4712346,0,,,6418226364,6422938710,rank233:F2,0
55,rank233:B1,compute,backward,1,233,14,9,233,233,14,14,4,steady,691167727,0,0,1.7854777514001288e+18,1.7854777520912965e+18,6422938710,7114106437,lane9:F2:s14->s15,4712346
55,rank249:F2,compute,forward,2,249,15,9,249,249,15,15,4,steady,195273067,0,0,1.7854777514000632e+18,1.7854777515953364e+18,6422938710,6618211777,lane9:F2:s14->s15,442571543
55,rank249:B2,compute,backward,2,249,15,9,249,249,15,15,5,steady,365811703,0,0,1.78547775159551e+18,1.7854777519613215e+18,6618211777,6984023480,rank249:F2,0
55,lane9:B0:s13->s12,pp_message,backward,0,-1,13,9,217,201,13,12,-1,p2p,4712346,4712346,0,,,6790088194,6794800540,rank217:B0,0
55,rank201:B0,compute,backward,0,201,12,9,201,201,12,12,4,steady,687408996,0,0,1.7854777518656806e+18,1.7854777525530895e+18,6794800540,7482209536,lane9:B0:s13->s12,1371143642
55,rank217:F3,compute,forward,3,217,13,9,217,217,13,13,4,steady,315312378,0,0,1.7854777518653594e+18,1.7854777521806717e+18,6794800540,7110112918,lane9:B0:s13->s12,4712346
55,lane9:B2:s15->s14,pp_message,backward,2,-1,15,9,249,233,15,14,-1,p2p,4712346,4712346,0,,,6984023480,6988735826,rank249:B2,0
55,lane9:F3:s13->s14,pp_message,forward,3,-1,13,9,217,233,13,14,-1,p2p,4712346,4712346,0,,,7110112918,7114825264,rank217:F3,0
55,lane9:B1:s14->s13,pp_message,backward,1,-1,14,9,233,217,14,13,-1,p2p,4712346,4712346,0,,,7114106437,7118818783,rank233:B1,0
55,rank217:B1,compute,backward,1,217,13,9,217,217,13,13,5,steady,698227842,0,0,1.785477752191044e+18,1.7854777528892718e+18,7118818783,7817046625,lane9:B1:s14->s13,8705865
55,rank233:F3,compute,forward,3,233,14,9,233,233,14,14,5,steady,327866067,0,0,1.7854777521910702e+18,1.7854777525189363e+18,7118818783,7446684850,lane9:B1:s14->s13,4712346
55,lane9:F3:s14->s15,pp_message,forward,3,-1,14,9,233,249,14,15,-1,p2p,4712346,4712346,0,,,7446684850,7451397196,rank233:F3,0
55,rank233:B2,compute,backward,2,233,14,9,233,233,14,14,6,steady,726754575,0,0,1.7854777525276664e+18,1.785477753254421e+18,7451397196,8178151771,lane9:F3:s14->s15,4712346
55,rank249:F3,compute,forward,3,249,15,9,249,249,15,15,6,steady,190573505,0,0,1.785477752527605e+18,1.7854777527181786e+18,7451397196,7641970701,lane9:F3:s14->s15,467373716
55,lane9:B0:s12->s11,pp_message,backward,0,-1,12,9,201,185,12,11,-1,p2p,4712346,4712346,0,,,7482209536,7486921882,rank201:B0,0
55,rank185:B0,compute,backward,0,185,11,9,185,185,11,11,4,cooldown,679577934,0,0,1.7854777526488579e+18,1.7854777533284357e+18,7486921882,8166499816,lane9:B0:s12->s11,2376033362
55,rank249:B3,compute,backward,3,249,15,9,249,249,15,15,7,steady,365960988,0,0,1.7854777527183552e+18,1.7854777530843162e+18,7641970701,8007931689,rank249:F3,0
55,lane9:B1:s13->s12,pp_message,backward,1,-1,13,9,217,201,13,12,-1,p2p,4712346,4712346,0,,,7817046625,7821758971,rank217:B1,0
55,rank201:B1,compute,backward,1,201,12,9,201,201,12,12,5,cooldown,682764447,0,0,1.7854777529875674e+18,1.785477753670332e+18,7821758971,8504523418,lane9:B1:s13->s12,339549435
55,lane9:B3:s15->s14,pp_message,backward,3,-1,15,9,249,233,15,14,-1,p2p,4712346,4712346,0,,,8007931689,8012644035,rank249:B3,0
55,lane9:B0:s11->s10,pp_message,backward,0,-1,11,9,185,169,11,10,-1,p2p,4712346,4712346,0,,,8166499816,8171212162,rank185:B0,0
55,rank169:B0,compute,backward,0,169,10,9,169,169,10,10,4,cooldown,686709393,0,0,1.78547775342676e+18,1.7854777541134694e+18,8171212162,8857921555,lane9:B0:s11->s10,3371746387
55,lane9:B2:s14->s13,pp_message,backward,2,-1,14,9,233,217,14,13,-1,p2p,4712346,4712346,0,,,8178151771,8182864117,rank233:B2,0
55,rank217:B2,compute,backward,2,217,13,9,217,217,13,13,6,cooldown,683664127,0,0,1.7854777533487073e+18,1.7854777540323715e+18,8182864117,8866528244,lane9:B2:s14->s13,365817492
55,rank233:B3,compute,backward,3,233,14,9,233,233,14,14,7,cooldown,685551948,0,0,1.7854777533637868e+18,1.7854777540493386e+18,8182864117,8868416065,lane9:B2:s14->s13,4712346
55,lane9:B1:s12->s11,pp_message,backward,1,-1,12,9,201,185,12,11,-1,p2p,4712346,4712346,0,,,8504523418,8509235764,rank201:B1,0
55,rank185:B1,compute,backward,1,185,11,9,185,185,11,11,5,cooldown,678569369,0,0,1.7854777537689183e+18,1.7854777544474877e+18,8509235764,9187805133,lane9:B1:s12->s11,342735948
55,lane9:B0:s10->s9,pp_message,backward,0,-1,10,9,169,153,10,9,-1,p2p,4712346,4712346,0,,,8857921555,8862633901,rank169:B0,0
55,rank153:B0,compute,backward,0,153,9,9,153,153,9,9,4,cooldown,711922121,0,0,1.7854777542126372e+18,1.7854777549245594e+18,8862633901,9574556022,lane9:B0:s10->s9,4522991800
55,lane9:B2:s13->s12,pp_message,backward,2,-1,13,9,217,201,13,12,-1,p2p,4712346,4712346,0,,,8866528244,8871240590,rank217:B2,0
55,lane9:B3:s14->s13,pp_message,backward,3,-1,14,9,233,217,14,13,-1,p2p,4712346,4712346,0,,,8868416065,8873128411,rank233:B3,0
55,rank201:B2,compute,backward,2,201,12,9,201,201,12,12,6,cooldown,677780855,0,0,1.7854777541305106e+18,1.7854777548082913e+18,8871240590,9549021445,lane9:B2:s13->s12,366717172
55,rank217:B3,compute,backward,3,217,13,9,217,217,13,13,7,cooldown,682694690,0,0,1.7854777541482455e+18,1.7854777548309402e+18,8873128411,9555823101,lane9:B3:s14->s13,6600167
55,lane9:B1:s11->s10,pp_message,backward,1,-1,11,9,185,169,11,10,-1,p2p,4712346,4712346,0,,,9187805133,9192517479,rank185:B1,0
55,rank169:B1,compute,backward,1,169,10,9,169,169,10,10,5,cooldown,683601440,0,0,1.7854777545449405e+18,1.785477755228542e+18,9192517479,9876118919,lane9:B1:s11->s10,334595924
55,lane9:B2:s12->s11,pp_message,backward,2,-1,12,9,201,185,12,11,-1,p2p,4712346,4712346,0,,,9549021445,9553733791,rank201:B2,0
55,rank185:B2,compute,backward,2,185,11,9,185,185,11,11,6,cooldown,678598262,0,0,1.7854777549073428e+18,1.785477755585941e+18,9553733791,10232332053,lane9:B2:s12->s11,365928658
55,lane9:B3:s13->s12,pp_message,backward,3,-1,13,9,217,201,13,12,-1,p2p,4712346,4712346,0,,,9555823101,9560535447,rank217:B3,0
55,rank201:B3,compute,backward,3,201,12,9,201,201,12,12,7,cooldown,675152116,0,0,1.7854777549294106e+18,1.7854777556045627e+18,9560535447,10235687563,lane9:B3:s13->s12,11514002
55,lane9:B0:s9->s8,pp_message,backward,0,-1,9,9,153,137,9,8,-1,p2p,4712346,4712346,0,,,9574556022,9579268368,rank153:B0,0
55,rank137:B0,compute,backward,0,137,8,9,137,137,8,8,4,cooldown,718811782,0,0,1.7854777550217172e+18,1.785477755740529e+18,9579268368,10298080150,lane9:B0:s9->s8,5567173817
55,lane9:B1:s10->s9,pp_message,backward,1,-1,10,9,169,153,10,9,-1,p2p,4712346,4712346,0,,,9876118919,9880831265,rank169:B1,0
55,rank153:B1,compute,backward,1,153,9,9,153,153,9,9,5,cooldown,715031821,0,0,1.7854777553269798e+18,1.7854777560420116e+18,9880831265,10595863086,lane9:B1:s10->s9,306275243
55,lane9:B2:s11->s10,pp_message,backward,2,-1,11,9,185,169,11,10,-1,p2p,4712346,4712346,0,,,10232332053,10237044399,rank185:B2,0
55,lane9:B3:s12->s11,pp_message,backward,3,-1,12,9,201,185,12,11,-1,p2p,4712346,4712346,0,,,10235687563,10240399909,rank201:B3,0
55,rank169:B2,compute,backward,2,169,10,9,169,169,10,10,6,cooldown,683087578,0,0,1.7854777556827553e+18,1.785477756365843e+18,10237044399,10920131977,lane9:B2:s11->s10,360925480
55,rank185:B3,compute,backward,3,185,11,9,185,185,11,11,7,cooldown,685283947,0,0,1.7854777557038945e+18,1.7854777563891786e+18,10240399909,10925683856,lane9:B3:s12->s11,8067856
55,lane9:B0:s8->s7,pp_message,backward,0,-1,8,9,137,121,8,7,-1,p2p,4712346,4712346,0,,,10298080150,10302792496,rank137:B0,0
55,rank121:B0,compute,backward,0,121,7,9,121,121,7,7,4,cooldown,684635357,0,0,1.785477755839049e+18,1.7854777565236844e+18,10302792496,10987427853,lane9:B0:s8->s7,6605392454
55,lane9:B1:s9->s8,pp_message,backward,1,-1,9,9,153,137,9,8,-1,p2p,4712346,4712346,0,,,10595863086,10600575432,rank153:B1,0
55,rank137:B1,compute,backward,1,137,8,9,137,137,8,8,5,cooldown,712450743,0,0,1.7854777561391526e+18,1.7854777568516035e+18,10600575432,11313026175,lane9:B1:s9->s8,302495282
55,lane9:B2:s10->s9,pp_message,backward,2,-1,10,9,169,153,10,9,-1,p2p,4712346,4712346,0,,,10920131977,10924844323,rank169:B2,0
55,rank153:B2,compute,backward,2,153,9,9,153,153,9,9,6,cooldown,705276723,0,0,1.7854777564644116e+18,1.7854777571696883e+18,10924844323,11630121046,lane9:B2:s10->s9,328981237
55,lane9:B3:s11->s10,pp_message,backward,3,-1,11,9,185,169,11,10,-1,p2p,4712346,4712346,0,,,10925683856,10930396202,rank185:B3,0
55,rank169:B3,compute,backward,3,169,10,9,169,169,10,10,7,cooldown,683629507,0,0,1.7854777564871718e+18,1.7854777571708014e+18,10930396202,11614025709,lane9:B3:s11->s10,10264225
55,lane9:B0:s7->s6,pp_message,backward,0,-1,7,9,121,105,7,6,-1,p2p,4712346,4712346,0,,,10987427853,10992140199,rank121:B0,0
55,rank105:B0,compute,backward,0,105,6,9,105,105,6,6,4,cooldown,697715348,0,0,1.7854777566228324e+18,1.7854777573205478e+18,10992140199,11689855547,lane9:B0:s7->s6,7608946482
55,lane9:B1:s8->s7,pp_message,backward,1,-1,8,9,137,121,8,7,-1,p2p,4712346,4712346,0,,,11313026175,11317738521,rank137:B1,0
55,rank121:B1,compute,backward,1,121,7,9,121,121,7,7,5,cooldown,685571178,0,0,1.7854777569508828e+18,1.7854777576364541e+18,11317738521,12003309699,lane9:B1:s8->s7,330310668
55,lane9:B3:s10->s9,pp_message,backward,3,-1,10,9,169,153,10,9,-1,p2p,4712346,4712346,0,,,11614025709,11618738055,rank169:B3,0
55,lane9:B2:s9->s8,pp_message,backward,2,-1,9,9,153,137,9,8,-1,p2p,4712346,4712346,0,,,11630121046,11634833392,rank153:B2,0
55,rank137:B2,compute,backward,2,137,8,9,137,137,8,8,6,cooldown,693376862,0,0,1.7854777572663135e+18,1.7854777579596905e+18,11634833392,12328210254,lane9:B2:s9->s8,321807217
55,rank153:B3,compute,backward,3,153,9,9,153,153,9,9,7,cooldown,719555612,0,0,1.785477757271459e+18,1.7854777579910147e+18,11634833392,12354389004,lane9:B2:s9->s8,4712346
55,lane9:B0:s6->s5,pp_message,backward,0,-1,6,9,105,89,6,5,-1,p2p,4712346,4712346,0,,,11689855547,11694567893,rank105:B0,0
55,rank89:B0,compute,backward,0,89,5,9,89,89,5,5,4,cooldown,691097012,0,0,1.7854777574192886e+18,1.7854777581103857e+18,11694567893,12385664905,lane9:B0:s6->s5,8651619716
55,lane9:B1:s7->s6,pp_message,backward,1,-1,7,9,121,105,7,6,-1,p2p,4712346,4712346,0,,,12003309699,12008022045,rank121:B1,0
55,rank105:B1,compute,backward,1,105,6,9,105,105,6,6,5,cooldown,694028645,0,0,1.7854777577361792e+18,1.7854777584302077e+18,12008022045,12702050690,lane9:B1:s7->s6,318166498
55,lane9:B2:s8->s7,pp_message,backward,2,-1,8,9,137,121,8,7,-1,p2p,4712346,4712346,0,,,12328210254,12332922600,rank137:B2,0
55,rank121:B2,compute,backward,2,121,7,9,121,121,7,7,6,cooldown,684608942,0,0,1.7854777580586499e+18,1.785477758743259e+18,12332922600,13017531542,lane9:B2:s8->s7,329612901
55,lane9:B3:s9->s8,pp_message,backward,3,-1,9,9,153,137,9,8,-1,p2p,4712346,4712346,0,,,12354389004,12359101350,rank153:B3,0
55,rank137:B3,compute,backward,3,137,8,9,137,137,8,8,7,cooldown,719157876,0,0,1.7854777580897976e+18,1.7854777588089556e+18,12359101350,13078259226,lane9:B3:s9->s8,30891096
55,lane9:B0:s5->s4,pp_message,backward,0,-1,5,9,89,73,5,4,-1,p2p,4712346,4712346,0,,,12385664905,12390377251,rank89:B0,0
55,rank73:B0,compute,backward,0,73,4,9,73,73,4,4,4,cooldown,700631752,0,0,1.7854777582092662e+18,1.785477758909898e+18,12390377251,13091009003,lane9:B0:s5->s4,9776108801
55,lane9:B1:s6->s5,pp_message,backward,1,-1,6,9,105,89,6,5,-1,p2p,4712346,4712346,0,,,12702050690,12706763036,rank105:B1,0
55,rank89:B1,compute,backward,1,89,5,9,89,89,5,5,5,cooldown,688847064,0,0,1.7854777585287552e+18,1.7854777592176023e+18,12706763036,13395610100,lane9:B1:s6->s5,321098131
55,lane9:B2:s7->s6,pp_message,backward,2,-1,7,9,121,105,7,6,-1,p2p,4712346,4712346,0,,,13017531542,13022243888,rank121:B2,0
55,rank105:B2,compute,backward,2,105,6,9,105,105,6,6,6,cooldown,695273618,0,0,1.785477758843284e+18,1.7854777595385577e+18,13022243888,13717517506,lane9:B2:s7->s6,320193198
55,lane9:B3:s8->s7,pp_message,backward,3,-1,8,9,137,121,8,7,-1,p2p,4712346,4712346,0,,,13078259226,13082971572,rank137:B3,0
55,rank121:B3,compute,backward,3,121,7,9,121,121,7,7,7,cooldown,681625908,0,0,1.785477758907186e+18,1.7854777595888118e+18,13082971572,13764597480,lane9:B3:s8->s7,65440030
55,lane9:B0:s4->s3,pp_message,backward,0,-1,4,9,73,57,4,3,-1,p2p,4712346,4712346,0,,,13091009003,13095721349,rank73:B0,0
55,rank57:B0,compute,backward,0,57,3,9,57,57,3,3,4,cooldown,724522813,0,0,1.785477759009336e+18,1.7854777597338588e+18,13095721349,13820244162,lane9:B0:s4->s3,10815944482
55,lane9:B1:s5->s4,pp_message,backward,1,-1,5,9,89,73,5,4,-1,p2p,4712346,4712346,0,,,13395610100,13400322446,rank89:B1,0
55,rank73:B1,compute,backward,1,73,4,9,73,73,4,4,5,cooldown,698733970,0,0,1.7854777593152e+18,1.7854777600139338e+18,13400322446,14099056416,lane9:B1:s5->s4,309313443
55,lane9:B2:s6->s5,pp_message,backward,2,-1,6,9,105,89,6,5,-1,p2p,4712346,4712346,0,,,13717517506,13722229852,rank105:B2,0
55,rank89:B2,compute,backward,2,89,5,9,89,89,5,5,6,cooldown,690127700,0,0,1.7854777596364262e+18,1.785477760326554e+18,13722229852,14412357552,lane9:B2:s6->s5,326619752
55,lane9:B3:s7->s6,pp_message,backward,3,-1,7,9,121,105,7,6,-1,p2p,4712346,4712346,0,,,13764597480,13769309826,rank121:B3,0
55,rank105:B3,compute,backward,3,105,6,9,105,105,6,6,7,cooldown,695770890,0,0,1.7854777596880476e+18,1.7854777603838185e+18,13769309826,14465080716,lane9:B3:s7->s6,51792320
55,lane9:B0:s3->s2,pp_message,backward,0,-1,3,9,57,41,3,2,-1,p2p,4712346,4712346,0,,,13820244162,13824956508,rank57:B0,0
55,rank41:B0,compute,backward,0,41,2,9,41,41,2,2,4,cooldown,706004888,0,0,1.785477759833107e+18,1.7854777605391117e+18,13824956508,14530961396,lane9:B0:s3->s2,11968883573
55,lane9:B1:s4->s3,pp_message,backward,1,-1,4,9,73,57,4,3,-1,p2p,4712346,4712346,0,,,14099056416,14103768762,rank73:B1,0
55,rank57:B1,compute,backward,1,57,3,9,57,57,3,3,5,cooldown,697833694,0,0,1.7854777601121846e+18,1.7854777608100183e+18,14103768762,14801602456,lane9:B1:s4->s3,283524600
55,lane9:B2:s5->s4,pp_message,backward,2,-1,5,9,89,73,5,4,-1,p2p,4712346,4712346,0,,,14412357552,14417069898,rank89:B2,0
55,rank73:B2,compute,backward,2,73,4,9,73,73,4,4,6,cooldown,699928100,0,0,1.7854777604237642e+18,1.7854777611236923e+18,14417069898,15116997998,lane9:B2:s5->s4,318013482
55,lane9:B3:s6->s5,pp_message,backward,3,-1,6,9,105,89,6,5,-1,p2p,4712346,4712346,0,,,14465080716,14469793062,rank105:B3,0
55,rank89:B3,compute,backward,3,89,5,9,89,89,5,5,7,cooldown,689349754,0,0,1.7854777604820772e+18,1.785477761171427e+18,14469793062,15159142816,lane9:B3:s6->s5,57435510
55,lane9:B0:s2->s1,pp_message,backward,0,-1,2,9,41,25,2,1,-1,p2p,4712346,4712346,0,,,14530961396,14535673742,rank41:B0,0
55,rank25:B0,compute,backward,0,25,1,9,25,25,1,1,4,cooldown,723085077,0,0,1.7854777606384192e+18,1.7854777613615043e+18,14535673742,15258758819,lane9:B0:s2->s1,13036744955
55,lane9:B1:s3->s2,pp_message,backward,1,-1,3,9,57,41,3,2,-1,p2p,4712346,4712346,0,,,14801602456,14806314802,rank57:B1,0
55,rank41:B1,compute,backward,1,41,2,9,41,41,2,2,5,cooldown,759368744,0,0,1.7854777609076145e+18,1.7854777616669832e+18,14806314802,15565683546,lane9:B1:s3->s2,275353406
55,lane9:B2:s4->s3,pp_message,backward,2,-1,4,9,73,57,4,3,-1,p2p,4712346,4712346,0,,,15116997998,15121710344,rank73:B2,0
55,rank57:B2,compute,backward,2,57,3,9,57,57,3,3,6,cooldown,693147490,0,0,1.7854777612220035e+18,1.7854777619151508e+18,15121710344,15814857834,lane9:B2:s4->s3,320107888
55,lane9:B3:s5->s4,pp_message,backward,3,-1,5,9,89,73,5,4,-1,p2p,4712346,4712346,0,,,15159142816,15163855162,rank89:B3,0
55,rank73:B3,compute,backward,3,73,4,9,73,73,4,4,7,cooldown,699446892,0,0,1.7854777612687665e+18,1.7854777619682132e+18,15163855162,15863302054,lane9:B3:s5->s4,46857164
55,lane9:B0:s1->s0,pp_message,backward,0,-1,1,9,25,9,1,0,-1,p2p,4712346,4712346,0,,,15258758819,15263471165,rank25:B0,0
55,rank9:B0,compute,backward,0,9,0,9,9,9,0,0,4,cooldown,409061867,0,0,1.7854777614614587e+18,1.7854777618705206e+18,15263471165,15672533032,lane9:B0:s1->s0,14594388617
55,lane9:B1:s2->s1,pp_message,backward,1,-1,2,9,41,25,2,1,-1,p2p,4712346,4712346,0,,,15565683546,15570395892,rank41:B1,0
55,rank25:B1,compute,backward,1,25,1,9,25,25,1,1,5,cooldown,725982618,0,0,1.7854777617658207e+18,1.7854777624918034e+18,15570395892,16296378510,lane9:B1:s2->s1,311637073
55,lane9:B2:s3->s2,pp_message,backward,2,-1,3,9,57,41,3,2,-1,p2p,4712346,4712346,0,,,15814857834,15819570180,rank57:B2,0
55,rank41:B2,compute,backward,2,41,2,9,41,41,2,2,6,cooldown,709343747,0,0,1.7854777620137567e+18,1.7854777627231004e+18,15819570180,16528913927,lane9:B2:s3->s2,253886634
55,lane9:B3:s4->s3,pp_message,backward,3,-1,4,9,73,57,4,3,-1,p2p,4712346,4712346,0,,,15863302054,15868014400,rank73:B3,0
55,rank57:B3,compute,backward,3,57,3,9,57,57,3,3,7,cooldown,692285588,0,0,1.7854777620662764e+18,1.7854777627585618e+18,15868014400,16560299988,lane9:B3:s4->s3,53156566
55,lane9:B1:s1->s0,pp_message,backward,1,-1,1,9,25,9,1,0,-1,p2p,4712346,4712346,0,,,16296378510,16301090856,rank25:B1,0
55,rank9:B1,compute,backward,1,9,0,9,9,9,0,0,5,cooldown,415421906,0,0,1.7854777625905674e+18,1.785477763005989e+18,16301090856,16716512762,lane9:B1:s1->s0,628557824
55,lane9:B2:s2->s1,pp_message,backward,2,-1,2,9,41,25,2,1,-1,p2p,4712346,4712346,0,,,16528913927,16533626273,rank41:B2,0
55,rank25:B2,compute,backward,2,25,1,9,25,25,1,1,6,cooldown,724784918,0,0,1.7854777628204767e+18,1.7854777635452616e+18,16533626273,17258411191,lane9:B2:s2->s1,237247763
55,lane9:B3:s3->s2,pp_message,backward,3,-1,3,9,57,41,3,2,-1,p2p,4712346,4712346,0,,,16560299988,16565012334,rank57:B3,0
55,rank41:B3,compute,backward,3,41,2,9,41,41,2,2,7,cooldown,706355801,0,0,1.7854777628566356e+18,1.7854777635629914e+18,16565012334,17271368135,lane9:B3:s3->s2,36098407
55,lane9:B2:s1->s0,pp_message,backward,2,-1,1,9,25,9,1,0,-1,p2p,4712346,4712346,0,,,17258411191,17263123537,rank25:B2,0
55,rank9:B2,compute,backward,2,9,0,9,9,9,0,0,6,cooldown,408173792,0,0,1.7854777636448614e+18,1.785477764053035e+18,17263123537,17671297329,lane9:B2:s1->s0,546610775
55,lane9:B3:s2->s1,pp_message,backward,3,-1,2,9,41,25,2,1,-1,p2p,4712346,4712346,0,,,17271368135,17276080481,rank41:B3,0
55,rank25:B3,compute,backward,3,25,1,9,25,25,1,1,7,cooldown,731179955,0,0,1.7854777636602977e+18,1.7854777643914778e+18,17276080481,18007260436,lane9:B3:s2->s1,17669290
55,lane9:B3:s1->s0,pp_message,backward,3,-1,1,9,25,9,1,0,-1,p2p,4712346,4712346,0,,,18007260436,18011972782,rank25:B3,0
55,rank9:B3,compute,backward,3,9,0,9,9,9,0,0,7,cooldown,406679142,0,0,1.7854777644872924e+18,1.7854777648939715e+18,18011972782,18418651924,lane9:B3:s1->s0,340675453
55,rank10:F0,compute,forward,0,10,0,10,10,10,0,0,0,warmup,160249201,0,0,1.7854777448092483e+18,1.7854777449694973e+18,0,160249201,,0
55,lane10:F0:s0->s1,pp_message,forward,0,-1,0,10,10,26,0,1,-1,p2p,4712346,4712346,0,,,160249201,164961547,rank10:F0,0
55,rank10:F1,compute,forward,1,10,0,10,10,10,0,0,1,warmup,157700099,0,0,1.7854777449753124e+18,1.7854777451330125e+18,164961547,322661646,lane10:F0:s0->s1,4712346
55,rank26:F0,compute,forward,0,26,1,10,26,26,1,1,0,warmup,323014327,0,0,1.7854777449753034e+18,1.7854777452983176e+18,164961547,487975874,lane10:F0:s0->s1,164961547
55,lane10:F1:s0->s1,pp_message,forward,1,-1,0,10,10,26,0,1,-1,p2p,4712346,4712346,0,,,322661646,327373992,rank10:F1,0
55,rank10:F2,compute,forward,2,10,0,10,10,10,0,0,2,warmup,156925936,0,0,1.7854777453099016e+18,1.7854777454668275e+18,327373992,484299928,lane10:F1:s0->s1,4712346
55,lane10:F2:s0->s1,pp_message,forward,2,-1,0,10,10,26,0,1,-1,p2p,4712346,4712346,0,,,484299928,489012274,rank10:F2,0
55,lane10:F0:s1->s2,pp_message,forward,0,-1,1,10,26,42,1,2,-1,p2p,4712346,4712346,0,,,487975874,492688220,rank26:F0,0
55,rank10:F3,compute,forward,3,10,0,10,10,10,0,0,3,warmup,176928771,0,0,1.785477745664384e+18,1.7854777458413128e+18,489012274,665941045,lane10:F2:s0->s1,4712346
55,rank26:F1,compute,forward,1,26,1,10,26,26,1,1,1,warmup,326391543,0,0,1.7854777453098166e+18,1.785477745636208e+18,492688220,819079763,lane10:F0:s1->s2,4712346
55,rank42:F0,compute,forward,0,42,2,10,42,42,2,2,0,warmup,343797396,0,0,1.7854777453039757e+18,1.7854777456477732e+18,492688220,836485616,lane10:F0:s1->s2,492688220
55,lane10:F3:s0->s1,pp_message,forward,3,-1,0,10,10,26,0,1,-1,p2p,4712346,4712346,0,,,665941045,670653391,rank10:F3,0
55,lane10:F1:s1->s2,pp_message,forward,1,-1,1,10,26,42,1,2,-1,p2p,4712346,4712346,0,,,819079763,823792109,rank26:F1,0
55,rank26:F2,compute,forward,2,26,1,10,26,26,1,1,2,warmup,341396484,0,0,1.785477745664168e+18,1.7854777460055644e+18,823792109,1165188593,lane10:F1:s1->s2,4712346
55,lane10:F0:s2->s3,pp_message,forward,0,-1,2,10,42,58,2,3,-1,p2p,4712346,4712346,0,,,836485616,841197962,rank42:F0,0
55,rank42:F1,compute,forward,1,42,2,10,42,42,2,2,1,warmup,336288850,0,0,1.7854777456583588e+18,1.7854777459946476e+18,841197962,1177486812,lane10:F0:s2->s3,4712346
55,rank58:F0,compute,forward,0,58,3,10,58,58,3,3,0,warmup,407660726,0,0,1.7854777456527972e+18,1.785477746060458e+18,841197962,1248858688,lane10:F0:s2->s3,841197962
55,lane10:F2:s1->s2,pp_message,forward,2,-1,1,10,26,42,1,2,-1,p2p,4712346,4712346,0,,,1165188593,1169900939,rank26:F2,0
55,rank26:F3,compute,forward,3,26,1,10,26,26,1,1,3,warmup,324660255,0,0,1.7854777460824827e+18,1.785477746407143e+18,1169900939,1494561194,lane10:F2:s1->s2,4712346
55,lane10:F1:s2->s3,pp_message,forward,1,-1,2,10,42,58,2,3,-1,p2p,4712346,4712346,0,,,1177486812,1182199158,rank42:F1,0
55,rank42:F2,compute,forward,2,42,2,10,42,42,2,2,2,warmup,319177817,0,0,1.785477746076655e+18,1.7854777463958328e+18,1182199158,1501376975,lane10:F1:s2->s3,4712346
55,lane10:F0:s3->s4,pp_message,forward,0,-1,3,10,58,74,3,4,-1,p2p,4712346,4712346,0,,,1248858688,1253571034,rank58:F0,0
55,rank58:F1,compute,forward,1,58,3,10,58,58,3,3,1,warmup,352890557,0,0,1.7854777460705014e+18,1.785477746423392e+18,1253571034,1606461591,lane10:F0:s3->s4,4712346
55,rank74:F0,compute,forward,0,74,4,10,74,74,4,4,0,warmup,318494355,0,0,1.7854777460658094e+18,1.7854777463843039e+18,1253571034,1572065389,lane10:F0:s3->s4,1253571034
55,lane10:F3:s1->s2,pp_message,forward,3,-1,1,10,26,42,1,2,-1,p2p,4712346,4712346,0,,,1494561194,1499273540,rank26:F3,0
55,lane10:F2:s2->s3,pp_message,forward,2,-1,2,10,42,58,2,3,-1,p2p,4712346,4712346,0,,,1501376975,1506089321,rank42:F2,0
55,rank42:F3,compute,forward,3,42,2,10,42,42,2,2,3,warmup,346563252,0,0,1.785477746439113e+18,1.7854777467856763e+18,1506089321,1852652573,lane10:F2:s2->s3,4712346
55,lane10:F0:s4->s5,pp_message,forward,0,-1,4,10,74,90,4,5,-1,p2p,4712346,4712346,0,,,1572065389,1576777735,rank74:F0,0
55,rank90:F0,compute,forward,0,90,5,10,90,90,5,5,0,warmup,314931813,0,0,1.7854777463897792e+18,1.785477746704711e+18,1576777735,1891709548,lane10:F0:s4->s5,1576777735
55,lane10:F1:s3->s4,pp_message,forward,1,-1,3,10,58,74,3,4,-1,p2p,4712346,4712346,0,,,1606461591,1611173937,rank58:F1,0
55,rank58:F2,compute,forward,2,58,3,10,58,58,3,3,2,warmup,337585621,0,0,1.785477746433447e+18,1.7854777467710323e+18,1611173937,1948759558,lane10:F1:s3->s4,4712346
55,rank74:F1,compute,forward,1,74,4,10,74,74,4,4,1,warmup,318168071,0,0,1.7854777464285862e+18,1.7854777467467543e+18,1611173937,1929342008,lane10:F1:s3->s4,39108548
55,lane10:F3:s2->s3,pp_message,forward,3,-1,2,10,42,58,2,3,-1,p2p,4712346,4712346,0,,,1852652573,1857364919,rank42:F3,0
55,lane10:F0:s5->s6,pp_message,forward,0,-1,5,10,90,106,5,6,-1,p2p,4712346,4712346,0,,,1891709548,1896421894,rank90:F0,0
55,rank106:F0,compute,forward,0,106,6,10,106,106,6,6,0,warmup,316125629,0,0,1.7854777467103465e+18,1.7854777470264722e+18,1896421894,2212547523,lane10:F0:s5->s6,1896421894
55,lane10:F1:s4->s5,pp_message,forward,1,-1,4,10,74,90,4,5,-1,p2p,4712346,4712346,0,,,1929342008,1934054354,rank74:F1,0
55,rank90:F1,compute,forward,1,90,5,10,90,90,5,5,1,warmup,473341394,0,0,1.785477746751904e+18,1.7854777472252454e+18,1934054354,2407395748,lane10:F1:s4->s5,42344806
55,lane10:F2:s3->s4,pp_message,forward,2,-1,3,10,58,74,3,4,-1,p2p,4712346,4712346,0,,,1948759558,1953471904,rank58:F2,0
55,rank58:F3,compute,forward,3,58,3,10,58,58,3,3,3,warmup,325569034,0,0,1.785477746790774e+18,1.785477747116343e+18,1953471904,2279040938,lane10:F2:s3->s4,4712346
55,rank74:F2,compute,forward,2,74,4,10,74,74,4,4,2,warmup,317245410,0,0,1.78547774677608e+18,1.7854777470933253e+18,1953471904,2270717314,lane10:F2:s3->s4,24129896
55,lane10:F0:s6->s7,pp_message,forward,0,-1,6,10,106,122,6,7,-1,p2p,4712346,4712346,0,,,2212547523,2217259869,rank106:F0,0
55,rank122:F0,compute,forward,0,122,7,10,122,122,7,7,0,warmup,322703369,0,0,1.7854777470319014e+18,1.7854777473546048e+18,2217259869,2539963238,lane10:F0:s6->s7,2217259869
55,lane10:F2:s4->s5,pp_message,forward,2,-1,4,10,74,90,4,5,-1,p2p,4712346,4712346,0,,,2270717314,2275429660,rank74:F2,0
55,lane10:F3:s3->s4,pp_message,forward,3,-1,3,10,58,74,3,4,-1,p2p,4712346,4712346,0,,,2279040938,2283753284,rank58:F3,0
55,rank74:F3,compute,forward,3,74,4,10,74,74,4,4,3,warmup,318017339,0,0,1.7854777472407324e+18,1.7854777475587497e+18,2283753284,2601770623,lane10:F3:s3->s4,13035970
55,lane10:F1:s5->s6,pp_message,forward,1,-1,5,10,90,106,5,6,-1,p2p,4712346,4712346,0,,,2407395748,2412108094,rank90:F1,0
55,rank106:F1,compute,forward,1,106,6,10,106,106,6,6,1,warmup,316003381,0,0,1.7854777472303265e+18,1.7854777475463299e+18,2412108094,2728111475,lane10:F1:s5->s6,199560571
55,rank90:F2,compute,forward,2,90,5,10,90,90,5,5,2,warmup,312796069,0,0,1.785477747235465e+18,1.785477747548261e+18,2412108094,2724904163,lane10:F1:s5->s6,4712346
55,lane10:F0:s7->s8,pp_message,forward,0,-1,7,10,122,138,7,8,-1,p2p,4712346,4712346,0,,,2539963238,2544675584,rank122:F0,0
55,rank138:F0,compute,forward,0,138,8,10,138,138,8,8,0,warmup,315213872,0,0,1.7854777473599485e+18,1.7854777476751624e+18,2544675584,2859889456,lane10:F0:s7->s8,2544675584
55,lane10:F3:s4->s5,pp_message,forward,3,-1,4,10,74,90,4,5,-1,p2p,4712346,4712346,0,,,2601770623,2606482969,rank74:F3,0
55,lane10:F2:s5->s6,pp_message,forward,2,-1,5,10,90,106,5,6,-1,p2p,4712346,4712346,0,,,2724904163,2729616509,rank90:F2,0
55,lane10:F1:s6->s7,pp_message,forward,1,-1,6,10,106,122,6,7,-1,p2p,4712346,4712346,0,,,2728111475,2732823821,rank106:F1,0
55,rank90:F3,compute,forward,3,90,5,10,90,90,5,5,3,warmup,312649502,0,0,1.7854777475638764e+18,1.7854777478765258e+18,2729616509,3042266011,lane10:F2:s5->s6,4712346
55,rank106:F2,compute,forward,2,106,6,10,106,106,6,6,2,warmup,330103846,0,0,1.7854777475566715e+18,1.7854777478867753e+18,2732823821,3062927667,lane10:F1:s6->s7,4712346
55,rank122:F1,compute,forward,1,122,7,10,122,122,7,7,1,warmup,311093160,0,0,1.7854777475515807e+18,1.785477747862674e+18,2732823821,3043916981,lane10:F1:s6->s7,192860583
55,lane10:F0:s8->s9,pp_message,forward,0,-1,8,10,138,154,8,9,-1,p2p,4712346,4712346,0,,,2859889456,2864601802,rank138:F0,0
55,rank154:F0,compute,forward,0,154,9,10,154,154,9,9,0,warmup,322090948,0,0,1.7854777476809836e+18,1.7854777480030743e+18,2864601802,3186692750,lane10:F0:s8->s9,2864601802
55,lane10:F3:s5->s6,pp_message,forward,3,-1,5,10,90,106,5,6,-1,p2p,4712346,4712346,0,,,3042266011,3046978357,rank90:F3,0
55,lane10:F1:s7->s8,pp_message,forward,1,-1,7,10,122,138,7,8,-1,p2p,4712346,4712346,0,,,3043916981,3048629327,rank122:F1,0
55,rank138:F1,compute,forward,1,138,8,10,138,138,8,8,1,warmup,316948170,0,0,1.7854777478675932e+18,1.7854777481845414e+18,3048629327,3365577497,lane10:F1:s7->s8,188739871
55,lane10:F2:s6->s7,pp_message,forward,2,-1,6,10,106,122,6,7,-1,p2p,4712346,4712346,0,,,3062927667,3067640013,rank106:F2,0
55,rank106:F3,compute,forward,3,106,6,10,106,106,6,6,3,warmup,314499912,0,0,1.7854777478970148e+18,1.7854777482115146e+18,3067640013,3382139925,lane10:F2:s6->s7,4712346
55,rank122:F2,compute,forward,2,122,7,10,122,122,7,7,2,warmup,309432085,0,0,1.7854777478919862e+18,1.7854777482014182e+18,3067640013,3377072098,lane10:F2:s6->s7,23723032
55,lane10:F0:s9->s10,pp_message,forward,0,-1,9,10,154,170,9,10,-1,p2p,4712346,4712346,0,,,3186692750,3191405096,rank154:F0,0
55,rank170:F0,compute,forward,0,170,10,10,170,170,10,10,0,warmup,313222354,0,0,1.785477748008549e+18,1.7854777483217715e+18,3191405096,3504627450,lane10:F0:s9->s10,3191405096
55,lane10:F1:s8->s9,pp_message,forward,1,-1,8,10,138,154,8,9,-1,p2p,4712346,4712346,0,,,3365577497,3370289843,rank138:F1,0
55,rank154:F1,compute,forward,1,154,9,10,154,154,9,9,1,warmup,317693159,0,0,1.7854777481896707e+18,1.7854777485073638e+18,3370289843,3687983002,lane10:F1:s8->s9,183597093
55,lane10:F2:s7->s8,pp_message,forward,2,-1,7,10,122,138,7,8,-1,p2p,4712346,4712346,0,,,3377072098,3381784444,rank122:F2,0
55,rank138:F2,compute,forward,2,138,8,10,138,138,8,8,2,warmup,311684164,0,0,1.785477748206491e+18,1.7854777485181752e+18,3381784444,3693468608,lane10:F2:s7->s8,16206947
55,lane10:F3:s6->s7,pp_message,forward,3,-1,6,10,106,122,6,7,-1,p2p,4712346,4712346,0,,,3382139925,3386852271,rank106:F3,0
55,rank122:F3,compute,forward,3,122,7,10,122,122,7,7,3,warmup,309320242,0,0,1.785477748216749e+18,1.7854777485260692e+18,3386852271,3696172513,lane10:F3:s6->s7,9780173
55,lane10:F0:s10->s11,pp_message,forward,0,-1,10,10,170,186,10,11,-1,p2p,4712346,4712346,0,,,3504627450,3509339796,rank170:F0,0
55,rank186:F0,compute,forward,0,186,11,10,186,186,11,11,0,warmup,312595437,0,0,1.7854777483278134e+18,1.7854777486404088e+18,3509339796,3821935233,lane10:F0:s10->s11,3509339796
55,lane10:F1:s9->s10,pp_message,forward,1,-1,9,10,154,170,9,10,-1,p2p,4712346,4712346,0,,,3687983002,3692695348,rank154:F1,0
55,rank170:F1,compute,forward,1,170,10,10,170,170,10,10,1,warmup,310743036,0,0,1.785477748512435e+18,1.785477748823178e+18,3692695348,4003438384,lane10:F1:s9->s10,188067898
55,lane10:F2:s8->s9,pp_message,forward,2,-1,8,10,138,154,8,9,-1,p2p,4712346,4712346,0,,,3693468608,3698180954,rank138:F2,0
55,lane10:F3:s7->s8,pp_message,forward,3,-1,7,10,122,138,7,8,-1,p2p,4712346,4712346,0,,,3696172513,3700884859,rank122:F3,0
55,rank154:F2,compute,forward,2,154,9,10,154,154,9,9,2,warmup,316707334,0,0,1.785477748523262e+18,1.7854777488399693e+18,3698180954,4014888288,lane10:F2:s8->s9,10197952
55,rank138:F3,compute,forward,3,138,8,10,138,138,8,8,3,warmup,309980014,0,0,1.785477748531071e+18,1.785477748841051e+18,3700884859,4010864873,lane10:F3:s7->s8,7416251
55,lane10:F0:s11->s12,pp_message,forward,0,-1,11,10,186,202,11,12,-1,p2p,4712346,4712346,0,,,3821935233,3826647579,rank186:F0,0
55,rank202:F0,compute,forward,0,202,12,10,202,202,12,12,0,warmup,312185722,0,0,1.7854777486459277e+18,1.7854777489581135e+18,3826647579,4138833301,lane10:F0:s11->s12,3826647579
55,lane10:F1:s10->s11,pp_message,forward,1,-1,10,10,170,186,10,11,-1,p2p,4712346,4712346,0,,,4003438384,4008150730,rank170:F1,0
55,rank186:F1,compute,forward,1,186,11,10,186,186,11,11,1,warmup,308699870,0,0,1.7854777488282028e+18,1.7854777491369027e+18,4008150730,4316850600,lane10:F1:s10->s11,186215497
55,lane10:F3:s8->s9,pp_message,forward,3,-1,8,10,138,154,8,9,-1,p2p,4712346,4712346,0,,,4010864873,4015577219,rank138:F3,0
55,lane10:F2:s9->s10,pp_message,forward,2,-1,9,10,154,170,9,10,-1,p2p,4712346,4712346,0,,,4014888288,4019600634,rank154:F2,0
55,rank154:F3,compute,forward,3,154,9,10,154,154,9,9,3,warmup,318998538,0,0,1.7854777488500618e+18,1.7854777491690604e+18,4019600634,4338599172,lane10:F2:s9->s10,4712346
55,rank170:F2,compute,forward,2,170,10,10,170,170,10,10,2,warmup,310218666,0,0,1.7854777488450376e+18,1.7854777491552563e+18,4019600634,4329819300,lane10:F2:s9->s10,16162250
55,lane10:F0:s12->s13,pp_message,forward,0,-1,12,10,202,218,12,13,-1,p2p,4712346,4712346,0,,,4138833301,4143545647,rank202:F0,0
55,rank218:F0,compute,forward,0,218,13,10,218,218,13,13,0,warmup,315332753,0,0,1.7854777489640312e+18,1.785477749279364e+18,4143545647,4458878400,lane10:F0:s12->s13,4143545647
55,lane10:F1:s11->s12,pp_message,forward,1,-1,11,10,186,202,11,12,-1,p2p,4712346,4712346,0,,,4316850600,4321562946,rank186:F1,0
55,rank202:F1,compute,forward,1,202,12,10,202,202,12,12,1,warmup,307657483,0,0,1.785477749142113e+18,1.7854777494497705e+18,4321562946,4629220429,lane10:F1:s11->s12,182729645
55,lane10:F2:s10->s11,pp_message,forward,2,-1,10,10,170,186,10,11,-1,p2p,4712346,4712346,0,,,4329819300,4334531646,rank170:F2,0
55,rank186:F2,compute,forward,2,186,11,10,186,186,11,11,2,warmup,306128994,0,0,1.7854777491603128e+18,1.785477749466442e+18,4334531646,4640660640,lane10:F2:s10->s11,17681046
55,lane10:F3:s9->s10,pp_message,forward,3,-1,9,10,154,170,9,10,-1,p2p,4712346,4712346,0,,,4338599172,4343311518,rank154:F3,0
55,rank170:F3,compute,forward,3,170,10,10,170,170,10,10,3,warmup,454631467,0,0,1.78547774917407e+18,1.7854777496287014e+18,4343311518,4797942985,lane10:F3:s9->s10,13492218
55,lane10:F0:s13->s14,pp_message,forward,0,-1,13,10,218,234,13,14,-1,p2p,4712346,4712346,0,,,4458878400,4463590746,rank218:F0,0
55,rank234:F0,compute,forward,0,234,14,10,234,234,14,14,0,warmup,322139592,0,0,1.7854777492850993e+18,1.7854777496072387e+18,4463590746,4785730338,lane10:F0:s13->s14,4463590746
55,lane10:F1:s12->s13,pp_message,forward,1,-1,12,10,202,218,12,13,-1,p2p,4712346,4712346,0,,,4629220429,4633932775,rank202:F1,0
55,rank218:F1,compute,forward,1,218,13,10,218,218,13,13,1,warmup,460607794,0,0,1.7854777494550497e+18,1.7854777499156575e+18,4633932775,5094540569,lane10:F1:s12->s13,175054375
55,lane10:F2:s11->s12,pp_message,forward,2,-1,11,10,186,202,11,12,-1,p2p,4712346,4712346,0,,,4640660640,4645372986,rank186:F2,0
55,rank202:F2,compute,forward,2,202,12,10,202,202,12,12,2,warmup,308044191,0,0,1.7854777494716106e+18,1.785477749779655e+18,4645372986,4953417177,lane10:F2:s11->s12,16152557
55,lane10:F0:s14->s15,pp_message,forward,0,-1,14,10,234,250,14,15,-1,p2p,4712346,4712346,0,,,4785730338,4790442684,rank234:F0,0
55,rank250:F0,compute,forward,0,250,15,10,250,250,15,15,0,steady,197980919,0,0,1.7854777496131387e+18,1.7854777498111196e+18,4790442684,4988423603,lane10:F0:s14->s15,4790442684
55,lane10:F3:s10->s11,pp_message,forward,3,-1,10,10,170,186,10,11,-1,p2p,4712346,4712346,0,,,4797942985,4802655331,rank170:F3,0
55,rank186:F3,compute,forward,3,186,11,10,186,186,11,11,3,warmup,307130457,0,0,1.7854777496338048e+18,1.7854777499409352e+18,4802655331,5109785788,lane10:F3:s10->s11,161994691
55,lane10:F2:s12->s13,pp_message,forward,2,-1,12,10,202,218,12,13,-1,p2p,4712346,4712346,0,,,4953417177,4958129523,rank202:F2,0
55,rank250:B0,compute,backward,0,250,15,10,250,250,15,15,1,steady,386926326,0,0,1.78547774981133e+18,1.7854777501982564e+18,4988423603,5375349929,rank250:F0,0
55,lane10:F1:s13->s14,pp_message,forward,1,-1,13,10,218,234,13,14,-1,p2p,4712346,4712346,0,,,5094540569,5099252915,rank218:F1,0
55,rank218:F2,compute,forward,2,218,13,10,218,218,13,13,2,steady,310571127,0,0,1.7854777499261489e+18,1.78547775023672e+18,5099252915,5409824042,lane10:F1:s13->s14,4712346
55,rank234:F1,compute,forward,1,234,14,10,234,234,14,14,1,steady,312666834,0,0,1.785477749920811e+18,1.785477750233478e+18,5099252915,5411919749,lane10:F1:s13->s14,313522577
55,lane10:F3:s11->s12,pp_message,forward,3,-1,11,10,186,202,11,12,-1,p2p,4712346,4712346,0,,,5109785788,5114498134,rank186:F3,0
55,rank202:F3,compute,forward,3,202,12,10,202,202,12,12,3,steady,308240065,0,0,1.7854777499460882e+18,1.7854777502543283e+18,5114498134,5422738199,lane10:F3:s11->s12,161080957
55,lane10:B0:s15->s14,pp_message,backward,0,-1,15,10,250,234,15,14,-1,p2p,4712346,4712346,0,,,5375349929,5380062275,rank250:B0,0
55,lane10:F2:s13->s14,pp_message,forward,2,-1,13,10,218,234,13,14,-1,p2p,4712346,4712346,0,,,5409824042,5414536388,rank218:F2,0
55,lane10:F1:s14->s15,pp_message,forward,1,-1,14,10,234,250,14,15,-1,p2p,4712346,4712346,0,,,5411919749,5416632095,rank234:F1,0
55,rank234:B0,compute,backward,0,234,14,10,234,234,14,14,2,steady,681115848,0,0,1.785477750297707e+18,1.785477750978823e+18,5416632095,6097747943,lane10:F1:s14->s15,4712346
55,rank250:F1,compute,forward,1,250,15,10,250,250,15,15,2,steady,191752023,0,0,1.7854777502975657e+18,1.7854777504893176e+18,5416632095,5608384118,lane10:F1:s14->s15,41282166
55,lane10:F3:s12->s13,pp_message,forward,3,-1,12,10,202,218,12,13,-1,p2p,4712346,4712346,0,,,5422738199,5427450545,rank202:F3,0
55,rank250:B1,compute,backward,1,250,15,10,250,250,15,15,3,steady,373379850,0,0,1.785477750489483e+18,1.7854777508628628e+18,5608384118,5981763968,rank250:F1,0
55,lane10:B1:s15->s14,pp_message,backward,1,-1,15,10,250,234,15,14,-1,p2p,4712346,4712346,0,,,5981763968,5986476314,rank250:B1,0
55,lane10:B0:s14->s13,pp_message,backward,0,-1,14,10,234,218,14,13,-1,p2p,4712346,4712346,0,,,6097747943,6102460289,rank234:B0,0
55,rank218:B0,compute,backward,0,218,13,10,218,218,13,13,3,steady,689420254,0,0,1.7854777510775693e+18,1.7854777517669896e+18,6102460289,6791880543,lane10:B0:s14->s13,692636247
55,rank234:F2,compute,forward,2,234,14,10,234,234,14,14,3,steady,316950578,0,0,1.7854777510773015e+18,1.7854777513942523e+18,6102460289,6419410867,lane10:B0:s14->s13,4712346
55,lane10:F2:s14->s15,pp_message,forward,2,-1,14,10,234,250,14,15,-1,p2p,4712346,4712346,0,,,6419410867,6424123213,rank234:F2,0
55,rank234:B1,compute,backward,1,234,14,10,234,234,14,14,4,steady,691402230,0,0,1.7854777514001969e+18,1.785477752091599e+18,6424123213,7115525443,lane10:F2:s14->s15,4712346
55,rank250:F2,compute,forward,2,250,15,10,250,250,15,15,4,steady,194300412,0,0,1.7854777514001585e+18,1.785477751594459e+18,6424123213,6618423625,lane10:F2:s14->s15,442359245
55,rank250:B2,compute,backward,2,250,15,10,250,250,15,15,5,steady,366277618,0,0,1.78547775159463e+18,1.7854777519609075e+18,6618423625,6984701243,rank250:F2,0
55,lane10:B0:s13->s12,pp_message,backward,0,-1,13,10,218,202,13,12,-1,p2p,4712346,4712346,0,,,6791880543,6796592889,rank218:B0,0
55,rank202:B0,compute,backward,0,202,12,10,202,202,12,12,4,steady,685766884,0,0,1.7854777518655867e+18,1.7854777525513533e+18,6796592889,7482359773,lane10:B0:s13->s12,1373854690
55,rank218:F3,compute,forward,3,218,13,10,218,218,13,13,4,steady,315435973,0,0,1.7854777518652908e+18,1.7854777521807268e+18,6796592889,7112028862,lane10:B0:s13->s12,4712346
55,lane10:B2:s15->s14,pp_message,backward,2,-1,15,10,250,234,15,14,-1,p2p,4712346,4712346,0,,,6984701243,6989413589,rank250:B2,0
55,lane10:F3:s13->s14,pp_message,forward,3,-1,13,10,218,234,13,14,-1,p2p,4712346,4712346,0,,,7112028862,7116741208,rank218:F3,0
55,lane10:B1:s14->s13,pp_message,backward,1,-1,14,10,234,218,14,13,-1,p2p,4712346,4712346,0,,,7115525443,7120237789,rank234:B1,0
55,rank218:B1,compute,backward,1,218,13,10,218,218,13,13,5,steady,698981459,0,0,1.7854777521902433e+18,1.785477752889225e+18,7120237789,7819219248,lane10:B1:s14->s13,8208927
55,rank234:F3,compute,forward,3,234,14,10,234,234,14,14,5,steady,328731015,0,0,1.785477752190275e+18,1.7854777525190062e+18,7120237789,7448968804,lane10:B1:s14->s13,4712346
55,lane10:F3:s14->s15,pp_message,forward,3,-1,14,10,234,250,14,15,-1,p2p,4712346,4712346,0,,,7448968804,7453681150,rank234:F3,0
55,rank234:B2,compute,backward,2,234,14,10,234,234,14,14,6,steady,725548917,0,0,1.7854777525251167e+18,1.7854777532506655e+18,7453681150,8179230067,lane10:F3:s14->s15,4712346
55,rank250:F3,compute,forward,3,250,15,10,250,250,15,15,6,steady,192898352,0,0,1.785477752525143e+18,1.7854777527180416e+18,7453681150,7646579502,lane10:F3:s14->s15,468979907
55,lane10:B0:s12->s11,pp_message,backward,0,-1,12,10,202,186,12,11,-1,p2p,4712346,4712346,0,,,7482359773,7487072119,rank202:B0,0
55,rank186:B0,compute,backward,0,186,11,10,186,186,11,11,4,cooldown,677521918,0,0,1.7854777526492613e+18,1.7854777533267832e+18,7487072119,8164594037,lane10:B0:s12->s11,2377286331
55,rank250:B3,compute,backward,3,250,15,10,250,250,15,15,7,steady,366160568,0,0,1.7854777527182702e+18,1.7854777530844306e+18,7646579502,8012740070,rank250:F3,0
55,lane10:B1:s13->s12,pp_message,backward,1,-1,13,10,218,202,13,12,-1,p2p,4712346,4712346,0,,,7819219248,7823931594,rank218:B1,0
55,rank202:B1,compute,backward,1,202,12,10,202,202,12,12,5,cooldown,683143695,0,0,1.7854777529875978e+18,1.7854777536707415e+18,7823931594,8507075289,lane10:B1:s13->s12,341571821
55,lane10:B3:s15->s14,pp_message,backward,3,-1,15,10,250,234,15,14,-1,p2p,4712346,4712346,0,,,8012740070,8017452416,rank250:B3,0
55,lane10:B0:s11->s10,pp_message,backward,0,-1,11,10,186,170,11,10,-1,p2p,4712346,4712346,0,,,8164594037,8169306383,rank186:B0,0
55,rank170:B0,compute,backward,0,170,10,10,170,170,10,10,4,cooldown,688318476,0,0,1.785477753425047e+18,1.7854777541133655e+18,8169306383,8857624859,lane10:B0:s11->s10,3371363398
55,lane10:B2:s14->s13,pp_message,backward,2,-1,14,10,234,218,14,13,-1,p2p,4712346,4712346,0,,,8179230067,8183942413,rank234:B2,0
55,rank218:B2,compute,backward,2,218,13,10,218,218,13,13,6,cooldown,683170897,0,0,1.7854777533491244e+18,1.7854777540322952e+18,8183942413,8867113310,lane10:B2:s14->s13,364723165
55,rank234:B3,compute,backward,3,234,14,10,234,234,14,14,7,cooldown,695657846,0,0,1.78547775335436e+18,1.785477754050018e+18,8183942413,8879600259,lane10:B2:s14->s13,4712346
55,lane10:B1:s12->s11,pp_message,backward,1,-1,12,10,202,186,12,11,-1,p2p,4712346,4712346,0,,,8507075289,8511787635,rank202:B1,0
55,rank186:B1,compute,backward,1,186,11,10,186,186,11,11,5,cooldown,677031129,0,0,1.7854777537682235e+18,1.7854777544452544e+18,8511787635,9188818764,lane10:B1:s12->s11,347193598
55,lane10:B0:s10->s9,pp_message,backward,0,-1,10,10,170,154,10,9,-1,p2p,4712346,4712346,0,,,8857624859,8862337205,rank170:B0,0
55,rank154:B0,compute,backward,0,154,9,10,154,154,9,9,4,cooldown,709221745,0,0,1.785477754212798e+18,1.7854777549220198e+18,8862337205,9571558950,lane10:B0:s10->s9,4523738033
55,lane10:B2:s13->s12,pp_message,backward,2,-1,13,10,218,202,13,12,-1,p2p,4712346,4712346,0,,,8867113310,8871825656,rank218:B2,0
55,rank202:B2,compute,backward,2,202,12,10,202,202,12,12,6,cooldown,677960209,0,0,1.785477754130719e+18,1.7854777548086792e+18,8871825656,9549785865,lane10:B2:s13->s12,364750367
55,lane10:B3:s14->s13,pp_message,backward,3,-1,14,10,234,218,14,13,-1,p2p,4712346,4712346,0,,,8879600259,8884312605,rank234:B3,0
55,rank218:B3,compute,backward,3,218,13,10,218,218,13,13,7,cooldown,681798588,0,0,1.785477754149139e+18,1.7854777548309376e+18,8884312605,9566111193,lane10:B3:s14->s13,17199295
55,lane10:B1:s11->s10,pp_message,backward,1,-1,11,10,186,170,11,10,-1,p2p,4712346,4712346,0,,,9188818764,9193531110,rank186:B1,0
55,rank170:B1,compute,backward,1,170,10,10,170,170,10,10,5,cooldown,684770174,0,0,1.785477754543613e+18,1.785477755228383e+18,9193531110,9878301284,lane10:B1:s11->s10,335906251
55,lane10:B2:s12->s11,pp_message,backward,2,-1,12,10,202,186,12,11,-1,p2p,4712346,4712346,0,,,9549785865,9554498211,rank202:B2,0
55,rank186:B2,compute,backward,2,186,11,10,186,186,11,11,6,cooldown,679467110,0,0,1.7854777549060948e+18,1.7854777555855619e+18,9554498211,10233965321,lane10:B2:s12->s11,365679447
55,lane10:B3:s13->s12,pp_message,backward,3,-1,13,10,218,202,13,12,-1,p2p,4712346,4712346,0,,,9566111193,9570823539,rank218:B3,0
55,rank202:B3,compute,backward,3,202,12,10,202,202,12,12,7,cooldown,676025926,0,0,1.7854777549290706e+18,1.7854777556050967e+18,9570823539,10246849465,lane10:B3:s13->s12,21037674
55,lane10:B0:s9->s8,pp_message,backward,0,-1,9,10,154,138,9,8,-1,p2p,4712346,4712346,0,,,9571558950,9576271296,rank154:B0,0
55,rank138:B0,compute,backward,0,138,8,10,138,138,8,8,4,cooldown,721161324,0,0,1.7854777550207017e+18,1.7854777557418632e+18,9576271296,10297432620,lane10:B0:s9->s8,5565406423
55,lane10:B1:s10->s9,pp_message,backward,1,-1,10,10,170,154,10,9,-1,p2p,4712346,4712346,0,,,9878301284,9883013630,rank170:B1,0
55,rank154:B1,compute,backward,1,154,9,10,154,154,9,9,5,cooldown,713514736,0,0,1.7854777553272911e+18,1.785477756040806e+18,9883013630,10596528366,lane10:B1:s10->s9,311454680
55,lane10:B2:s11->s10,pp_message,backward,2,-1,11,10,186,170,11,10,-1,p2p,4712346,4712346,0,,,10233965321,10238677667,rank186:B2,0
55,rank170:B2,compute,backward,2,170,10,10,170,170,10,10,6,cooldown,683311274,0,0,1.7854777556824146e+18,1.785477756365726e+18,10238677667,10921988941,lane10:B2:s11->s10,360376383
55,lane10:B3:s12->s11,pp_message,backward,3,-1,12,10,202,186,12,11,-1,p2p,4712346,4712346,0,,,10246849465,10251561811,rank202:B3,0
55,rank186:B3,compute,backward,3,186,11,10,186,186,11,11,7,cooldown,686539734,0,0,1.7854777557028995e+18,1.7854777563894392e+18,10251561811,10938101545,lane10:B3:s12->s11,17596490
55,lane10:B0:s8->s7,pp_message,backward,0,-1,8,10,138,122,8,7,-1,p2p,4712346,4712346,0,,,10297432620,10302144966,rank138:B0,0
55,rank122:B0,compute,backward,0,122,7,10,122,122,7,7,4,cooldown,684917433,0,0,1.7854777558397404e+18,1.785477756524658e+18,10302144966,10987062399,lane10:B0:s8->s7,6605972453
55,lane10:B1:s9->s8,pp_message,backward,1,-1,9,10,154,138,9,8,-1,p2p,4712346,4712346,0,,,10596528366,10601240712,rank154:B1,0
55,rank138:B1,compute,backward,1,138,8,10,138,138,8,8,5,cooldown,714030524,0,0,1.7854777561387697e+18,1.7854777568528003e+18,10601240712,11315271236,lane10:B1:s9->s8,303808092
55,lane10:B2:s10->s9,pp_message,backward,2,-1,10,10,170,154,10,9,-1,p2p,4712346,4712346,0,,,10921988941,10926701287,rank170:B2,0
55,rank154:B2,compute,backward,2,154,9,10,154,154,9,9,6,cooldown,704304647,0,0,1.7854777564640381e+18,1.7854777571683428e+18,10926701287,11631005934,lane10:B2:s10->s9,330172921
55,lane10:B3:s11->s10,pp_message,backward,3,-1,11,10,186,170,11,10,-1,p2p,4712346,4712346,0,,,10938101545,10942813891,rank186:B3,0
55,rank170:B3,compute,backward,3,170,10,10,170,170,10,10,7,cooldown,684456849,0,0,1.7854777564865446e+18,1.7854777571710013e+18,10942813891,11627270740,lane10:B3:s11->s10,20824950
55,lane10:B0:s7->s6,pp_message,backward,0,-1,7,10,122,106,7,6,-1,p2p,4712346,4712346,0,,,10987062399,10991774745,rank122:B0,0
55,rank106:B0,compute,backward,0,106,6,10,106,106,6,6,4,cooldown,699525963,0,0,1.7854777566222354e+18,1.7854777573217613e+18,10991774745,11691300708,lane10:B0:s7->s6,7609634820
55,lane10:B1:s8->s7,pp_message,backward,1,-1,8,10,138,122,8,7,-1,p2p,4712346,4712346,0,,,11315271236,11319983582,rank138:B1,0
55,rank122:B1,compute,backward,1,122,7,10,122,122,7,7,5,cooldown,686679392,0,0,1.7854777569499405e+18,1.78547775763662e+18,11319983582,12006662974,lane10:B1:s8->s7,332921183
55,lane10:B3:s10->s9,pp_message,backward,3,-1,10,10,170,154,10,9,-1,p2p,4712346,4712346,0,,,11627270740,11631983086,rank170:B3,0
55,lane10:B2:s9->s8,pp_message,backward,2,-1,9,10,154,138,9,8,-1,p2p,4712346,4712346,0,,,11631005934,11635718280,rank154:B2,0
55,rank138:B2,compute,backward,2,138,8,10,138,138,8,8,6,cooldown,692789298,0,0,1.7854777572666752e+18,1.7854777579594647e+18,11635718280,12328507578,lane10:B2:s9->s8,320447044
55,rank154:B3,compute,backward,3,154,9,10,154,154,9,9,7,cooldown,717132519,0,0,1.7854777572718894e+18,1.7854777579890217e+18,11635718280,12352850799,lane10:B2:s9->s8,4712346
55,lane10:B0:s6->s5,pp_message,backward,0,-1,6,10,106,90,6,5,-1,p2p,4712346,4712346,0,,,11691300708,11696013054,rank106:B0,0
55,rank90:B0,compute,backward,0,90,5,10,90,90,5,5,4,cooldown,689502178,0,0,1.7854777574197286e+18,1.7854777581092308e+18,11696013054,12385515232,lane10:B0:s6->s5,8653747043
55,lane10:B1:s7->s6,pp_message,backward,1,-1,7,10,122,106,7,6,-1,p2p,4712346,4712346,0,,,12006662974,12011375320,rank122:B1,0
55,rank106:B1,compute,backward,1,106,6,10,106,106,6,6,5,cooldown,695506614,0,0,1.7854777577345377e+18,1.7854777584300444e+18,12011375320,12706881934,lane10:B1:s7->s6,320074612
55,lane10:B2:s8->s7,pp_message,backward,2,-1,8,10,138,122,8,7,-1,p2p,4712346,4712346,0,,,12328507578,12333219924,rank138:B2,0
55,rank122:B2,compute,backward,2,122,7,10,122,122,7,7,6,cooldown,686133827,0,0,1.785477758057666e+18,1.7854777587437998e+18,12333219924,13019353751,lane10:B2:s8->s7,326556950
55,lane10:B3:s9->s8,pp_message,backward,3,-1,9,10,154,138,9,8,-1,p2p,4712346,4712346,0,,,12352850799,12357563145,rank154:B3,0
55,rank138:B3,compute,backward,3,138,8,10,138,138,8,8,7,cooldown,722261752,0,0,1.7854777580866982e+18,1.78547775880896e+18,12357563145,13079824897,lane10:B3:s9->s8,29055567
55,lane10:B0:s5->s4,pp_message,backward,0,-1,5,10,90,74,5,4,-1,p2p,4712346,4712346,0,,,12385515232,12390227578,rank90:B0,0
55,rank74:B0,compute,backward,0,74,4,10,74,74,4,4,4,cooldown,702540184,0,0,1.7854777582088143e+18,1.7854777589113546e+18,12390227578,13092767762,lane10:B0:s5->s4,9788456955
55,lane10:B1:s6->s5,pp_message,backward,1,-1,6,10,106,90,6,5,-1,p2p,4712346,4712346,0,,,12706881934,12711594280,rank106:B1,0
55,rank90:B1,compute,backward,1,90,5,10,90,90,5,5,5,cooldown,687483546,0,0,1.7854777585288637e+18,1.7854777592163474e+18,12711594280,13399077826,lane10:B1:s6->s5,326079048
55,lane10:B2:s7->s6,pp_message,backward,2,-1,7,10,122,106,7,6,-1,p2p,4712346,4712346,0,,,13019353751,13024066097,rank122:B2,0
55,rank106:B2,compute,backward,2,106,6,10,106,106,6,6,6,cooldown,696565000,0,0,1.785477758841674e+18,1.7854777595382392e+18,13024066097,13720631097,lane10:B2:s7->s6,317184163
55,lane10:B3:s8->s7,pp_message,backward,3,-1,8,10,138,122,8,7,-1,p2p,4712346,4712346,0,,,13079824897,13084537243,rank138:B3,0
55,rank122:B3,compute,backward,3,122,7,10,122,122,7,7,7,cooldown,681843370,0,0,1.7854777589068273e+18,1.7854777595886705e+18,13084537243,13766380613,lane10:B3:s8->s7,65183492
55,lane10:B0:s4->s3,pp_message,backward,0,-1,4,10,74,58,4,3,-1,p2p,4712346,4712346,0,,,13092767762,13097480108,rank74:B0,0
55,rank58:B0,compute,backward,0,58,3,10,58,58,3,3,4,cooldown,725177196,0,0,1.7854777590088435e+18,1.7854777597340206e+18,13097480108,13822657304,lane10:B0:s4->s3,10818439170
55,lane10:B1:s5->s4,pp_message,backward,1,-1,5,10,90,74,5,4,-1,p2p,4712346,4712346,0,,,13399077826,13403790172,rank90:B1,0
55,rank74:B1,compute,backward,1,74,4,10,74,74,4,4,5,cooldown,698975655,0,0,1.78547775931477e+18,1.7854777600137457e+18,13403790172,14102765827,lane10:B1:s5->s4,311022410
55,lane10:B2:s6->s5,pp_message,backward,2,-1,6,10,106,90,6,5,-1,p2p,4712346,4712346,0,,,13720631097,13725343443,rank106:B2,0
55,rank90:B2,compute,backward,2,90,5,10,90,90,5,5,6,cooldown,688470639,0,0,1.7854777596369777e+18,1.7854777603254484e+18,13725343443,14413814082,lane10:B2:s6->s5,326265617
55,lane10:B3:s7->s6,pp_message,backward,3,-1,7,10,122,106,7,6,-1,p2p,4712346,4712346,0,,,13766380613,13771092959,rank122:B3,0
55,rank106:B3,compute,backward,3,106,6,10,106,106,6,6,7,cooldown,696358587,0,0,1.7854777596867868e+18,1.7854777603831455e+18,13771092959,14467451546,lane10:B3:s7->s6,50461862
55,lane10:B0:s3->s2,pp_message,backward,0,-1,3,10,58,42,3,2,-1,p2p,4712346,4712346,0,,,13822657304,13827369650,rank58:B0,0
55,rank42:B0,compute,backward,0,42,2,10,42,42,2,2,4,cooldown,706039766,0,0,1.7854777598326438e+18,1.7854777605386836e+18,13827369650,14533409416,lane10:B0:s3->s2,11974717077
55,lane10:B1:s4->s3,pp_message,backward,1,-1,4,10,74,58,4,3,-1,p2p,4712346,4712346,0,,,14102765827,14107478173,rank74:B1,0
55,rank58:B1,compute,backward,1,58,3,10,58,58,3,3,5,cooldown,697544256,0,0,1.7854777601125376e+18,1.7854777608100818e+18,14107478173,14805022429,lane10:B1:s4->s3,284820869
55,lane10:B2:s5->s4,pp_message,backward,2,-1,5,10,90,74,5,4,-1,p2p,4712346,4712346,0,,,14413814082,14418526428,rank90:B2,0
55,rank74:B2,compute,backward,2,74,4,10,74,74,4,4,6,cooldown,700026138,0,0,1.7854777604236298e+18,1.785477761123656e+18,14418526428,15118552566,lane10:B2:s5->s4,315760601
55,lane10:B3:s6->s5,pp_message,backward,3,-1,6,10,106,90,6,5,-1,p2p,4712346,4712346,0,,,14467451546,14472163892,rank106:B3,0
55,rank90:B3,compute,backward,3,90,5,10,90,90,5,5,7,cooldown,688401845,0,0,1.7854777604818468e+18,1.7854777611702484e+18,14472163892,15160565737,lane10:B3:s6->s5,58349810
55,lane10:B0:s2->s1,pp_message,backward,0,-1,2,10,42,26,2,1,-1,p2p,4712346,4712346,0,,,14533409416,14538121762,rank42:B0,0
55,rank26:B0,compute,backward,0,26,1,10,26,26,1,1,4,cooldown,724412871,0,0,1.7854777606371205e+18,1.7854777613615334e+18,14538121762,15262534633,lane10:B0:s2->s1,13043560568
55,lane10:B1:s3->s2,pp_message,backward,1,-1,3,10,58,42,3,2,-1,p2p,4712346,4712346,0,,,14805022429,14809734775,rank58:B1,0
55,rank42:B1,compute,backward,1,42,2,10,42,42,2,2,5,cooldown,759121404,0,0,1.7854777609080056e+18,1.785477761667127e+18,14809734775,15568856179,lane10:B1:s3->s2,276325359
55,lane10:B2:s4->s3,pp_message,backward,2,-1,4,10,74,58,4,3,-1,p2p,4712346,4712346,0,,,15118552566,15123264912,rank74:B2,0
55,rank58:B2,compute,backward,2,58,3,10,58,58,3,3,6,cooldown,693095897,0,0,1.78547776122234e+18,1.785477761915436e+18,15123264912,15816360809,lane10:B2:s4->s3,318242483
55,lane10:B3:s5->s4,pp_message,backward,3,-1,5,10,90,74,5,4,-1,p2p,4712346,4712346,0,,,15160565737,15165278083,rank90:B3,0
55,rank74:B3,compute,backward,3,74,4,10,74,74,4,4,7,cooldown,699399631,0,0,1.7854777612683116e+18,1.785477761967711e+18,15165278083,15864677714,lane10:B3:s5->s4,46725517
55,lane10:B0:s1->s0,pp_message,backward,0,-1,1,10,26,10,1,0,-1,p2p,4712346,4712346,0,,,15262534633,15267246979,rank26:B0,0
55,rank10:B0,compute,backward,0,10,0,10,10,10,0,0,4,cooldown,411240161,0,0,1.78547776146073e+18,1.78547776187197e+18,15267246979,15678487140,lane10:B0:s1->s0,14601305934
55,lane10:B1:s2->s1,pp_message,backward,1,-1,2,10,42,26,2,1,-1,p2p,4712346,4712346,0,,,15568856179,15573568525,rank42:B1,0
55,rank26:B1,compute,backward,1,26,1,10,26,26,1,1,5,cooldown,727195464,0,0,1.785477761765388e+18,1.7854777624925837e+18,15573568525,16300763989,lane10:B1:s2->s1,311033892
55,lane10:B2:s3->s2,pp_message,backward,2,-1,3,10,58,42,3,2,-1,p2p,4712346,4712346,0,,,15816360809,15821073155,rank58:B2,0
55,rank42:B2,compute,backward,2,42,2,10,42,42,2,2,6,cooldown,710198626,0,0,1.785477762012629e+18,1.7854777627228278e+18,15821073155,16531271781,lane10:B2:s3->s2,252216976
55,lane10:B3:s4->s3,pp_message,backward,3,-1,4,10,74,58,4,3,-1,p2p,4712346,4712346,0,,,15864677714,15869390060,rank74:B3,0
55,rank58:B3,compute,backward,3,58,3,10,58,58,3,3,7,cooldown,693128984,0,0,1.7854777620661181e+18,1.785477762759247e+18,15869390060,16562519044,lane10:B3:s4->s3,53029251
55,lane10:B1:s1->s0,pp_message,backward,1,-1,1,10,26,10,1,0,-1,p2p,4712346,4712346,0,,,16300763989,16305476335,rank26:B1,0
55,rank10:B1,compute,backward,1,10,0,10,10,10,0,0,5,cooldown,414986065,0,0,1.7854777625911421e+18,1.7854777630061284e+18,16305476335,16720462400,lane10:B1:s1->s0,626989195
55,lane10:B2:s2->s1,pp_message,backward,2,-1,2,10,42,26,2,1,-1,p2p,4712346,4712346,0,,,16531271781,16535984127,rank42:B2,0
55,rank26:B2,compute,backward,2,26,1,10,26,26,1,1,6,cooldown,723662166,0,0,1.785477762821629e+18,1.7854777635452913e+18,16535984127,17259646293,lane10:B2:s2->s1,235220138
55,lane10:B3:s3->s2,pp_message,backward,3,-1,3,10,58,42,3,2,-1,p2p,4712346,4712346,0,,,16562519044,16567231390,rank58:B3,0
55,rank42:B3,compute,backward,3,42,2,10,42,42,2,2,7,cooldown,705302073,0,0,1.7854777628566664e+18,1.7854777635619684e+18,16567231390,17272533463,lane10:B3:s3->s2,35959609
55,lane10:B2:s1->s0,pp_message,backward,2,-1,1,10,26,10,1,0,-1,p2p,4712346,4712346,0,,,17259646293,17264358639,rank26:B2,0
55,rank10:B2,compute,backward,2,10,0,10,10,10,0,0,6,cooldown,409507841,0,0,1.7854777636436265e+18,1.7854777640531343e+18,17264358639,17673866480,lane10:B2:s1->s0,543896239
55,lane10:B3:s2->s1,pp_message,backward,3,-1,2,10,42,26,2,1,-1,p2p,4712346,4712346,0,,,17272533463,17277245809,rank42:B3,0
55,rank26:B3,compute,backward,3,26,1,10,26,26,1,1,7,cooldown,726471052,0,0,1.785477763660669e+18,1.7854777643871398e+18,17277245809,18003716861,lane10:B3:s2->s1,17599516
55,lane10:B3:s1->s0,pp_message,backward,3,-1,1,10,26,10,1,0,-1,p2p,4712346,4712346,0,,,18003716861,18008429207,rank26:B3,0
55,rank10:B3,compute,backward,3,10,0,10,10,10,0,0,7,cooldown,407761912,0,0,1.7854777644855613e+18,1.7854777648933233e+18,18008429207,18416191119,lane10:B3:s1->s0,334562727
55,rank11:F0,compute,forward,0,11,0,11,11,11,0,0,0,warmup,160245950,0,0,1.785477744809005e+18,1.785477744969251e+18,0,160245950,,0
55,lane11:F0:s0->s1,pp_message,forward,0,-1,0,11,11,27,0,1,-1,p2p,4712346,4712346,0,,,160245950,164958296,rank11:F0,0
55,rank11:F1,compute,forward,1,11,0,11,11,11,0,0,1,warmup,158282884,0,0,1.7854777449745539e+18,1.7854777451328366e+18,164958296,323241180,lane11:F0:s0->s1,4712346
55,rank27:F0,compute,forward,0,27,1,11,27,27,1,1,0,warmup,323583333,0,0,1.7854777449745137e+18,1.7854777452980972e+18,164958296,488541629,lane11:F0:s0->s1,164958296
55,lane11:F1:s0->s1,pp_message,forward,1,-1,0,11,11,27,0,1,-1,p2p,4712346,4712346,0,,,323241180,327953526,rank11:F1,0
55,rank11:F2,compute,forward,2,11,0,11,11,11,0,0,2,warmup,158111983,0,0,1.7854777453085146e+18,1.7854777454666266e+18,327953526,486065509,lane11:F1:s0->s1,4712346
55,lane11:F2:s0->s1,pp_message,forward,2,-1,0,11,11,27,0,1,-1,p2p,4712346,4712346,0,,,486065509,490777855,rank11:F2,0
55,lane11:F0:s1->s2,pp_message,forward,0,-1,1,11,27,43,1,2,-1,p2p,4712346,4712346,0,,,488541629,493253975,rank27:F0,0
55,rank11:F3,compute,forward,3,11,0,11,11,11,0,0,3,warmup,177960407,0,0,1.785477745663141e+18,1.7854777458411013e+18,490777855,668738262,lane11:F2:s0->s1,4712346
55,rank27:F1,compute,forward,1,27,1,11,27,27,1,1,1,warmup,327854114,0,0,1.785477745308339e+18,1.785477745636193e+18,493253975,821108089,lane11:F0:s1->s2,4712346
55,rank43:F0,compute,forward,0,43,2,11,43,43,2,2,0,warmup,344447227,0,0,1.7854777453031936e+18,1.7854777456476408e+18,493253975,837701202,lane11:F0:s1->s2,493253975
55,lane11:F3:s0->s1,pp_message,forward,3,-1,0,11,11,27,0,1,-1,p2p,4712346,4712346,0,,,668738262,673450608,rank11:F3,0
55,lane11:F1:s1->s2,pp_message,forward,1,-1,1,11,27,43,1,2,-1,p2p,4712346,4712346,0,,,821108089,825820435,rank27:F1,0
55,rank27:F2,compute,forward,2,27,1,11,27,27,1,1,2,warmup,342418790,0,0,1.7854777456630065e+18,1.7854777460054252e+18,825820435,1168239225,lane11:F1:s1->s2,4712346
55,lane11:F0:s2->s3,pp_message,forward,0,-1,2,11,43,59,2,3,-1,p2p,4712346,4712346,0,,,837701202,842413548,rank43:F0,0
55,rank43:F1,compute,forward,1,43,2,11,43,43,2,2,1,warmup,336810023,0,0,1.7854777456578243e+18,1.7854777459946342e+18,842413548,1179223571,lane11:F0:s2->s3,4712346
55,rank59:F0,compute,forward,0,59,3,11,59,59,3,3,0,warmup,407655668,0,0,1.7854777456528445e+18,1.7854777460605e+18,842413548,1250069216,lane11:F0:s2->s3,842413548
55,lane11:F2:s1->s2,pp_message,forward,2,-1,1,11,27,43,1,2,-1,p2p,4712346,4712346,0,,,1168239225,1172951571,rank27:F2,0
55,rank27:F3,compute,forward,3,27,1,11,27,27,1,1,3,warmup,326155704,0,0,1.785477746081003e+18,1.7854777464071588e+18,1172951571,1499107275,lane11:F2:s1->s2,4712346
55,lane11:F1:s2->s3,pp_message,forward,1,-1,2,11,43,59,2,3,-1,p2p,4712346,4712346,0,,,1179223571,1183935917,rank43:F1,0
55,rank43:F2,compute,forward,2,43,2,11,43,43,2,2,2,warmup,319937965,0,0,1.7854777460758244e+18,1.7854777463957624e+18,1183935917,1503873882,lane11:F1:s2->s3,4712346
55,lane11:F0:s3->s4,pp_message,forward,0,-1,3,11,59,75,3,4,-1,p2p,4712346,4712346,0,,,1250069216,1254781562,rank59:F0,0
55,rank59:F1,compute,forward,1,59,3,11,59,59,3,3,1,warmup,352800051,0,0,1.7854777460706373e+18,1.7854777464234373e+18,1254781562,1607581613,lane11:F0:s3->s4,4712346
55,rank75:F0,compute,forward,0,75,4,11,75,75,4,4,0,warmup,318532599,0,0,1.7854777460657856e+18,1.7854777463843182e+18,1254781562,1573314161,lane11:F0:s3->s4,1254781562
55,lane11:F3:s1->s2,pp_message,forward,3,-1,1,11,27,43,1,2,-1,p2p,4712346,4712346,0,,,1499107275,1503819621,rank27:F3,0
55,lane11:F2:s2->s3,pp_message,forward,2,-1,2,11,43,59,2,3,-1,p2p,4712346,4712346,0,,,1503873882,1508586228,rank43:F2,0
55,rank43:F3,compute,forward,3,43,2,11,43,43,2,2,3,warmup,346840231,0,0,1.785477746438703e+18,1.7854777467855434e+18,1508586228,1855426459,lane11:F2:s2->s3,4712346
55,lane11:F0:s4->s5,pp_message,forward,0,-1,4,11,75,91,4,5,-1,p2p,4712346,4712346,0,,,1573314161,1578026507,rank75:F0,0
55,rank91:F0,compute,forward,0,91,5,11,91,91,5,5,0,warmup,314831443,0,0,1.7854777463899034e+18,1.7854777467047347e+18,1578026507,1892857950,lane11:F0:s4->s5,1578026507
55,lane11:F1:s3->s4,pp_message,forward,1,-1,3,11,59,75,3,4,-1,p2p,4712346,4712346,0,,,1607581613,1612293959,rank59:F1,0
55,rank59:F2,compute,forward,2,59,3,11,59,59,3,3,2,warmup,337458513,0,0,1.7854777464335939e+18,1.7854777467710523e+18,1612293959,1949752472,lane11:F1:s3->s4,4712346
55,rank75:F1,compute,forward,1,75,4,11,75,75,4,4,1,warmup,318157683,0,0,1.7854777464285002e+18,1.7854777467466578e+18,1612293959,1930451642,lane11:F1:s3->s4,38979798
55,lane11:F3:s2->s3,pp_message,forward,3,-1,2,11,43,59,2,3,-1,p2p,4712346,4712346,0,,,1855426459,1860138805,rank43:F3,0
55,lane11:F0:s5->s6,pp_message,forward,0,-1,5,11,91,107,5,6,-1,p2p,4712346,4712346,0,,,1892857950,1897570296,rank91:F0,0
55,rank107:F0,compute,forward,0,107,6,11,107,107,6,6,0,warmup,315552852,0,0,1.7854777467109978e+18,1.7854777470265505e+18,1897570296,2213123148,lane11:F0:s5->s6,1897570296
55,lane11:F1:s4->s5,pp_message,forward,1,-1,4,11,75,91,4,5,-1,p2p,4712346,4712346,0,,,1930451642,1935163988,rank75:F1,0
55,rank91:F1,compute,forward,1,91,5,11,91,91,5,5,1,warmup,461454409,0,0,1.7854777467518697e+18,1.785477747213324e+18,1935163988,2396618397,lane11:F1:s4->s5,42306038
55,lane11:F2:s3->s4,pp_message,forward,2,-1,3,11,59,75,3,4,-1,p2p,4712346,4712346,0,,,1949752472,1954464818,rank59:F2,0
55,rank59:F3,compute,forward,3,59,3,11,59,59,3,3,3,warmup,325766938,0,0,1.7854777467906665e+18,1.7854777471164334e+18,1954464818,2280231756,lane11:F2:s3->s4,4712346
55,rank75:F2,compute,forward,2,75,4,11,75,75,4,4,2,warmup,316997699,0,0,1.785477746776259e+18,1.785477747093257e+18,1954464818,2271462517,lane11:F2:s3->s4,24013176
55,lane11:F0:s6->s7,pp_message,forward,0,-1,6,11,107,123,6,7,-1,p2p,4712346,4712346,0,,,2213123148,2217835494,rank107:F0,0
55,rank123:F0,compute,forward,0,123,7,11,123,123,7,7,0,warmup,321956926,0,0,1.7854777470327107e+18,1.7854777473546675e+18,2217835494,2539792420,lane11:F0:s6->s7,2217835494
55,lane11:F2:s4->s5,pp_message,forward,2,-1,4,11,75,91,4,5,-1,p2p,4712346,4712346,0,,,2271462517,2276174863,rank75:F2,0
55,lane11:F3:s3->s4,pp_message,forward,3,-1,3,11,59,75,3,4,-1,p2p,4712346,4712346,0,,,2280231756,2284944102,rank59:F3,0
55,rank75:F3,compute,forward,3,75,4,11,75,75,4,4,3,warmup,329163041,0,0,1.7854777472295844e+18,1.7854777475587474e+18,2284944102,2614107143,lane11:F3:s3->s4,13481585
55,lane11:F1:s5->s6,pp_message,forward,1,-1,5,11,91,107,5,6,-1,p2p,4712346,4712346,0,,,2396618397,2401330743,rank91:F1,0
55,rank107:F1,compute,forward,1,107,6,11,107,107,6,6,1,warmup,327015744,0,0,1.7854777472192906e+18,1.7854777475463066e+18,2401330743,2728346487,lane11:F1:s5->s6,188207595
55,rank91:F2,compute,forward,2,91,5,11,91,91,5,5,2,warmup,323878746,0,0,1.785477747224343e+18,1.785477747548222e+18,2401330743,2725209489,lane11:F1:s5->s6,4712346
55,lane11:F0:s7->s8,pp_message,forward,0,-1,7,11,123,139,7,8,-1,p2p,4712346,4712346,0,,,2539792420,2544504766,rank123:F0,0
55,rank139:F0,compute,forward,0,139,8,11,139,139,8,8,0,warmup,315314906,0,0,1.785477747360112e+18,1.785477747675427e+18,2544504766,2859819672,lane11:F0:s7->s8,2544504766
55,lane11:F3:s4->s5,pp_message,forward,3,-1,4,11,75,91,4,5,-1,p2p,4712346,4712346,0,,,2614107143,2618819489,rank75:F3,0
55,lane11:F2:s5->s6,pp_message,forward,2,-1,5,11,91,107,5,6,-1,p2p,4712346,4712346,0,,,2725209489,2729921835,rank91:F2,0
55,lane11:F1:s6->s7,pp_message,forward,1,-1,6,11,107,123,6,7,-1,p2p,4712346,4712346,0,,,2728346487,2733058833,rank107:F1,0
55,rank91:F3,compute,forward,3,91,5,11,91,91,5,5,3,warmup,312190549,0,0,1.7854777475640768e+18,1.7854777478762673e+18,2729921835,3042112384,lane11:F2:s5->s6,4712346
55,rank107:F2,compute,forward,2,107,6,11,107,107,6,6,2,warmup,328521916,0,0,1.785477747558262e+18,1.785477747886784e+18,2733058833,3061580749,lane11:F1:s6->s7,4712346
55,rank123:F1,compute,forward,1,123,7,11,123,123,7,7,1,warmup,310445969,0,0,1.7854777475522703e+18,1.7854777478627162e+18,2733058833,3043504802,lane11:F1:s6->s7,193266413
55,lane11:F0:s8->s9,pp_message,forward,0,-1,8,11,139,155,8,9,-1,p2p,4712346,4712346,0,,,2859819672,2864532018,rank139:F0,0
55,rank155:F0,compute,forward,0,155,9,11,155,155,9,9,0,warmup,321586567,0,0,1.7854777476815337e+18,1.78547774800312e+18,2864532018,3186118585,lane11:F0:s8->s9,2864532018
55,lane11:F3:s5->s6,pp_message,forward,3,-1,5,11,91,107,5,6,-1,p2p,4712346,4712346,0,,,3042112384,3046824730,rank91:F3,0
55,lane11:F1:s7->s8,pp_message,forward,1,-1,7,11,123,139,7,8,-1,p2p,4712346,4712346,0,,,3043504802,3048217148,rank123:F1,0
55,rank139:F1,compute,forward,1,139,8,11,139,139,8,8,1,warmup,317004415,0,0,1.7854777478679255e+18,1.7854777481849298e+18,3048217148,3365221563,lane11:F1:s7->s8,188397476
55,lane11:F2:s6->s7,pp_message,forward,2,-1,6,11,107,123,6,7,-1,p2p,4712346,4712346,0,,,3061580749,3066293095,rank107:F2,0
55,rank107:F3,compute,forward,3,107,6,11,107,107,6,6,3,warmup,313229184,0,0,1.7854777478984315e+18,1.7854777482116605e+18,3066293095,3379522279,lane11:F2:s6->s7,4712346
55,rank123:F2,compute,forward,2,123,7,11,123,123,7,7,2,warmup,308896136,0,0,1.7854777478925842e+18,1.7854777482014802e+18,3066293095,3375189231,lane11:F2:s6->s7,22788293
55,lane11:F0:s9->s10,pp_message,forward,0,-1,9,11,155,171,9,10,-1,p2p,4712346,4712346,0,,,3186118585,3190830931,rank155:F0,0
55,rank171:F0,compute,forward,0,171,10,11,171,171,10,10,0,warmup,313253034,0,0,1.785477748008488e+18,1.785477748321741e+18,3190830931,3504083965,lane11:F0:s9->s10,3190830931
55,lane11:F1:s8->s9,pp_message,forward,1,-1,8,11,139,155,8,9,-1,p2p,4712346,4712346,0,,,3365221563,3369933909,rank139:F1,0
55,rank155:F1,compute,forward,1,155,9,11,155,155,9,9,1,warmup,317276181,0,0,1.7854777481900785e+18,1.7854777485073546e+18,3369933909,3687210090,lane11:F1:s8->s9,183815324
55,lane11:F2:s7->s8,pp_message,forward,2,-1,7,11,123,139,7,8,-1,p2p,4712346,4712346,0,,,3375189231,3379901577,rank123:F2,0
55,lane11:F3:s6->s7,pp_message,forward,3,-1,6,11,107,123,6,7,-1,p2p,4712346,4712346,0,,,3379522279,3384234625,rank107:F3,0
55,rank139:F2,compute,forward,2,139,8,11,139,139,8,8,2,warmup,311837462,0,0,1.7854777482067817e+18,1.7854777485186191e+18,3379901577,3691739039,lane11:F2:s7->s8,14680014
55,rank123:F3,compute,forward,3,123,7,11,123,123,7,7,3,warmup,308657781,0,0,1.7854777482174607e+18,1.7854777485261187e+18,3384234625,3692892406,lane11:F3:s6->s7,9045394
55,lane11:F0:s10->s11,pp_message,forward,0,-1,10,11,171,187,10,11,-1,p2p,4712346,4712346,0,,,3504083965,3508796311,rank171:F0,0
55,rank187:F0,compute,forward,0,187,11,11,187,187,11,11,0,warmup,312447000,0,0,1.785477748327848e+18,1.785477748640295e+18,3508796311,3821243311,lane11:F0:s10->s11,3508796311
55,lane11:F1:s9->s10,pp_message,forward,1,-1,9,11,155,171,9,10,-1,p2p,4712346,4712346,0,,,3687210090,3691922436,rank155:F1,0
55,lane11:F2:s8->s9,pp_message,forward,2,-1,8,11,139,155,8,9,-1,p2p,4712346,4712346,0,,,3691739039,3696451385,rank139:F2,0
55,rank171:F1,compute,forward,1,171,10,11,171,171,10,10,1,warmup,310844056,0,0,1.785477748512396e+18,1.7854777488232402e+18,3691922436,4002766492,lane11:F1:s9->s10,187838471
55,lane11:F3:s7->s8,pp_message,forward,3,-1,7,11,123,139,7,8,-1,p2p,4712346,4712346,0,,,3692892406,3697604752,rank123:F3,0
55,rank155:F2,compute,forward,2,155,9,11,155,155,9,9,2,warmup,316320704,0,0,1.785477748523655e+18,1.7854777488399757e+18,3696451385,4012772089,lane11:F2:s8->s9,9241295
55,rank139:F3,compute,forward,3,139,8,11,139,139,8,8,3,warmup,309909640,0,0,1.7854777485313073e+18,1.785477748841217e+18,3697604752,4007514392,lane11:F3:s7->s8,5865713
55,lane11:F0:s11->s12,pp_message,forward,0,-1,11,11,187,203,11,12,-1,p2p,4712346,4712346,0,,,3821243311,3825955657,rank187:F0,0
55,rank203:F0,compute,forward,0,203,12,11,203,203,12,12,0,warmup,311875093,0,0,1.7854777486463844e+18,1.7854777489582597e+18,3825955657,4137830750,lane11:F0:s11->s12,3825955657
55,lane11:F1:s10->s11,pp_message,forward,1,-1,10,11,171,187,10,11,-1,p2p,4712346,4712346,0,,,4002766492,4007478838,rank171:F1,0
55,rank187:F1,compute,forward,1,187,11,11,187,187,11,11,1,warmup,307629223,0,0,1.7854777488292431e+18,1.7854777491368722e+18,4007478838,4315108061,lane11:F1:s10->s11,186235527
55,lane11:F3:s8->s9,pp_message,forward,3,-1,8,11,139,155,8,9,-1,p2p,4712346,4712346,0,,,4007514392,4012226738,rank139:F3,0
55,lane11:F2:s9->s10,pp_message,forward,2,-1,9,11,155,171,9,10,-1,p2p,4712346,4712346,0,,,4012772089,4017484435,rank155:F2,0
55,rank155:F3,compute,forward,3,155,9,11,155,155,9,9,3,warmup,319110119,0,0,1.7854777488499487e+18,1.7854777491690588e+18,4017484435,4336594554,lane11:F2:s9->s10,4712346
55,rank171:F2,compute,forward,2,171,10,11,171,171,10,10,2,warmup,310285304,0,0,1.7854777488449554e+18,1.7854777491552407e+18,4017484435,4327769739,lane11:F2:s9->s10,14717943
55,lane11:F0:s12->s13,pp_message,forward,0,-1,12,11,203,219,12,13,-1,p2p,4712346,4712346,0,,,4137830750,4142543096,rank203:F0,0
55,rank219:F0,compute,forward,0,219,13,11,219,219,13,13,0,warmup,315006533,0,0,1.785477748964294e+18,1.7854777492793004e+18,4142543096,4457549629,lane11:F0:s12->s13,4142543096
55,lane11:F1:s11->s12,pp_message,forward,1,-1,11,11,187,203,11,12,-1,p2p,4712346,4712346,0,,,4315108061,4319820407,rank187:F1,0
55,rank203:F1,compute,forward,1,203,12,11,203,203,12,12,1,warmup,307810299,0,0,1.7854777491420495e+18,1.7854777494498598e+18,4319820407,4627630706,lane11:F1:s11->s12,181989657
55,lane11:F2:s10->s11,pp_message,forward,2,-1,10,11,171,187,10,11,-1,p2p,4712346,4712346,0,,,4327769739,4332482085,rank171:F2,0
55,rank187:F2,compute,forward,2,187,11,11,187,187,11,11,2,warmup,306046875,0,0,1.7854777491603228e+18,1.7854777494663698e+18,4332482085,4638528960,lane11:F2:s10->s11,17374024
55,lane11:F3:s9->s10,pp_message,forward,3,-1,9,11,155,171,9,10,-1,p2p,4712346,4712346,0,,,4336594554,4341306900,rank155:F3,0
55,rank171:F3,compute,forward,3,171,10,11,171,171,10,10,3,warmup,454869017,0,0,1.7854777491740431e+18,1.785477749628912e+18,4341306900,4796175917,lane11:F3:s9->s10,13537161
55,lane11:F0:s13->s14,pp_message,forward,0,-1,13,11,219,235,13,14,-1,p2p,4712346,4712346,0,,,4457549629,4462261975,rank219:F0,0
55,rank235:F0,compute,forward,0,235,14,11,235,235,14,14,0,warmup,322129315,0,0,1.7854777492851067e+18,1.7854777496072358e+18,4462261975,4784391290,lane11:F0:s13->s14,4462261975
55,lane11:F1:s12->s13,pp_message,forward,1,-1,12,11,203,219,12,13,-1,p2p,4712346,4712346,0,,,4627630706,4632343052,rank203:F1,0
55,rank219:F1,compute,forward,1,219,13,11,219,219,13,13,1,warmup,460896633,0,0,1.7854777494547162e+18,1.7854777499156127e+18,4632343052,5093239685,lane11:F1:s12->s13,174793423
55,lane11:F2:s11->s12,pp_message,forward,2,-1,11,11,187,203,11,12,-1,p2p,4712346,4712346,0,,,4638528960,4643241306,rank187:F2,0
55,rank203:F2,compute,forward,2,203,12,11,203,203,12,12,2,warmup,308193960,0,0,1.7854777494714929e+18,1.785477749779687e+18,4643241306,4951435266,lane11:F2:s11->s12,15610600
55,lane11:F0:s14->s15,pp_message,forward,0,-1,14,11,235,251,14,15,-1,p2p,4712346,4712346,0,,,4784391290,4789103636,rank235:F0,0
55,rank251:F0,compute,forward,0,251,15,11,251,251,15,15,0,steady,197840142,0,0,1.7854777496132216e+18,1.7854777498110618e+18,4789103636,4986943778,lane11:F0:s14->s15,4789103636
55,lane11:F3:s10->s11,pp_message,forward,3,-1,10,11,171,187,10,11,-1,p2p,4712346,4712346,0,,,4796175917,4800888263,rank171:F3,0
55,rank187:F3,compute,forward,3,187,11,11,187,187,11,11,3,warmup,306725536,0,0,1.785477749634152e+18,1.7854777499408773e+18,4800888263,5107613799,lane11:F3:s10->s11,162359303
55,lane11:F2:s12->s13,pp_message,forward,2,-1,12,11,203,219,12,13,-1,p2p,4712346,4712346,0,,,4951435266,4956147612,rank203:F2,0
55,rank251:B0,compute,backward,0,251,15,11,251,251,15,15,1,steady,388055203,0,0,1.78547774981122e+18,1.785477750199275e+18,4986943778,5374998981,rank251:F0,0
55,lane11:F1:s13->s14,pp_message,forward,1,-1,13,11,219,235,13,14,-1,p2p,4712346,4712346,0,,,5093239685,5097952031,rank219:F1,0
55,rank219:F2,compute,forward,2,219,13,11,219,219,13,13,2,steady,310727737,0,0,1.7854777499257964e+18,1.785477750236524e+18,5097952031,5408679768,lane11:F1:s13->s14,4712346
55,rank235:F1,compute,forward,1,235,14,11,235,235,14,14,1,steady,312704561,0,0,1.785477749920804e+18,1.7854777502335086e+18,5097952031,5410656592,lane11:F1:s13->s14,313560741
55,lane11:F3:s11->s12,pp_message,forward,3,-1,11,11,187,203,11,12,-1,p2p,4712346,4712346,0,,,5107613799,5112326145,rank187:F3,0
55,rank203:F3,compute,forward,3,203,12,11,203,203,12,12,3,steady,308376427,0,0,1.7854777499460416e+18,1.785477750254418e+18,5112326145,5420702572,lane11:F3:s11->s12,160890879
55,lane11:B0:s15->s14,pp_message,backward,0,-1,15,11,251,235,15,14,-1,p2p,4712346,4712346,0,,,5374998981,5379711327,rank251:B0,0
55,lane11:F2:s13->s14,pp_message,forward,2,-1,13,11,219,235,13,14,-1,p2p,4712346,4712346,0,,,5408679768,5413392114,rank219:F2,0
55,lane11:F1:s14->s15,pp_message,forward,1,-1,14,11,235,251,14,15,-1,p2p,4712346,4712346,0,,,5410656592,5415368938,rank235:F1,0
55,rank235:B0,compute,backward,0,235,14,11,235,235,14,14,2,steady,682970482,0,0,1.7854777502976174e+18,1.785477750980588e+18,5415368938,6098339420,lane11:F1:s14->s15,4712346
55,rank251:F1,compute,forward,1,251,15,11,251,251,15,15,2,steady,191919173,0,0,1.7854777502974897e+18,1.7854777504894088e+18,5415368938,5607288111,lane11:F1:s14->s15,40369957
55,lane11:F3:s12->s13,pp_message,forward,3,-1,12,11,203,219,12,13,-1,p2p,4712346,4712346,0,,,5420702572,5425414918,rank203:F3,0
55,rank251:B1,compute,backward,1,251,15,11,251,251,15,15,3,steady,374265886,0,0,1.785477750489601e+18,1.785477750863867e+18,5607288111,5981553997,rank251:F1,0
55,lane11:B1:s15->s14,pp_message,backward,1,-1,15,11,251,235,15,14,-1,p2p,4712346,4712346,0,,,5981553997,5986266343,rank251:B1,0
55,lane11:B0:s14->s13,pp_message,backward,0,-1,14,11,235,219,14,13,-1,p2p,4712346,4712346,0,,,6098339420,6103051766,rank235:B0,0
55,rank219:B0,compute,backward,0,219,13,11,219,219,13,13,3,steady,689045107,0,0,1.7854777510774157e+18,1.7854777517664607e+18,6103051766,6792096873,lane11:B0:s14->s13,694371998
55,rank235:F2,compute,forward,2,235,14,11,235,235,14,14,3,steady,316971327,0,0,1.785477751077138e+18,1.7854777513941094e+18,6103051766,6420023093,lane11:B0:s14->s13,4712346
55,lane11:F2:s14->s15,pp_message,forward,2,-1,14,11,235,251,14,15,-1,p2p,4712346,4712346,0,,,6420023093,6424735439,rank235:F2,0
55,rank235:B1,compute,backward,1,235,14,11,235,235,14,14,4,steady,693074944,0,0,1.7854777514000013e+18,1.7854777520930762e+18,6424735439,7117810383,lane11:F2:s14->s15,4712346
55,rank251:F2,compute,forward,2,251,15,11,251,251,15,15,4,steady,194484795,0,0,1.7854777513999644e+18,1.7854777515944492e+18,6424735439,6619220234,lane11:F2:s14->s15,443181442
55,rank251:B2,compute,backward,2,251,15,11,251,251,15,15,5,steady,368910025,0,0,1.785477751594615e+18,1.785477751963525e+18,6619220234,6988130259,rank251:F2,0
55,lane11:B0:s13->s12,pp_message,backward,0,-1,13,11,219,203,13,12,-1,p2p,4712346,4712346,0,,,6792096873,6796809219,rank219:B0,0
55,rank203:B0,compute,backward,0,203,12,11,203,203,12,12,4,steady,687020202,0,0,1.7854777518655306e+18,1.7854777525525507e+18,6796809219,7483829421,lane11:B0:s13->s12,1376106647
55,rank219:F3,compute,forward,3,219,13,11,219,219,13,13,4,steady,315417279,0,0,1.7854777518652616e+18,1.7854777521806787e+18,6796809219,7112226498,lane11:B0:s13->s12,4712346
55,lane11:B2:s15->s14,pp_message,backward,2,-1,15,11,251,235,15,14,-1,p2p,4712346,4712346,0,,,6988130259,6992842605,rank251:B2,0
55,lane11:F3:s13->s14,pp_message,forward,3,-1,13,11,219,235,13,14,-1,p2p,4712346,4712346,0,,,7112226498,7116938844,rank219:F3,0
55,lane11:B1:s14->s13,pp_message,backward,1,-1,14,11,235,219,14,13,-1,p2p,4712346,4712346,0,,,7117810383,7122522729,rank235:B1,0
55,rank219:B1,compute,backward,1,219,13,11,219,219,13,13,5,steady,698791307,0,0,1.785477752190294e+18,1.7854777528890852e+18,7122522729,7821314036,lane11:B1:s14->s13,10296231
55,rank235:F3,compute,forward,3,235,14,11,235,235,14,14,5,steady,328566822,0,0,1.785477752190288e+18,1.7854777525188547e+18,7122522729,7451089551,lane11:B1:s14->s13,4712346
55,lane11:F3:s14->s15,pp_message,forward,3,-1,14,11,235,251,14,15,-1,p2p,4712346,4712346,0,,,7451089551,7455801897,rank235:F3,0
55,rank235:B2,compute,backward,2,235,14,11,235,235,14,14,6,steady,727284147,0,0,1.7854777525259092e+18,1.7854777532531935e+18,7455801897,8183086044,lane11:F3:s14->s15,4712346
55,rank251:F3,compute,forward,3,251,15,11,251,251,15,15,6,steady,192109454,0,0,1.7854777525258593e+18,1.785477752717969e+18,7455801897,7647911351,lane11:F3:s14->s15,467671638
55,lane11:B0:s12->s11,pp_message,backward,0,-1,12,11,203,187,12,11,-1,p2p,4712346,4712346,0,,,7483829421,7488541767,rank203:B0,0
55,rank187:B0,compute,backward,0,187,11,11,187,187,11,11,4,cooldown,677669298,0,0,1.7854777526492677e+18,1.785477753326937e+18,7488541767,8166211065,lane11:B0:s12->s11,2380927968
55,rank251:B3,compute,backward,3,251,15,11,251,251,15,15,7,steady,368542308,0,0,1.7854777527181427e+18,1.785477753086685e+18,7647911351,8016453659,rank251:F3,0
55,lane11:B1:s13->s12,pp_message,backward,1,-1,13,11,219,203,13,12,-1,p2p,4712346,4712346,0,,,7821314036,7826026382,rank219:B1,0
55,rank203:B1,compute,backward,1,203,12,11,203,203,12,12,5,cooldown,683525351,0,0,1.7854777529875674e+18,1.7854777536710927e+18,7826026382,8509551733,lane11:B1:s13->s12,342196961
55,lane11:B3:s15->s14,pp_message,backward,3,-1,15,11,251,235,15,14,-1,p2p,4712346,4712346,0,,,8016453659,8021166005,rank251:B3,0
55,lane11:B0:s11->s10,pp_message,backward,0,-1,11,11,187,171,11,10,-1,p2p,4712346,4712346,0,,,8166211065,8170923411,rank187:B0,0
55,rank171:B0,compute,backward,0,171,10,11,171,171,10,10,4,cooldown,688670625,0,0,1.7854777534256443e+18,1.785477754114315e+18,8170923411,8859594036,lane11:B0:s11->s10,3374747494
55,lane11:B2:s14->s13,pp_message,backward,2,-1,14,11,235,219,14,13,-1,p2p,4712346,4712346,0,,,8183086044,8187798390,rank235:B2,0
55,rank219:B2,compute,backward,2,219,13,11,219,219,13,13,6,cooldown,683263762,0,0,1.7854777533491387e+18,1.7854777540324024e+18,8187798390,8871062152,lane11:B2:s14->s13,366484354
55,rank235:B3,compute,backward,3,235,14,11,235,235,14,14,7,cooldown,697450983,0,0,1.7854777533545623e+18,1.7854777540520133e+18,8187798390,8885249373,lane11:B2:s14->s13,4712346
55,lane11:B1:s12->s11,pp_message,backward,1,-1,12,11,203,187,12,11,-1,p2p,4712346,4712346,0,,,8509551733,8514264079,rank203:B1,0
55,rank187:B1,compute,backward,1,187,11,11,187,187,11,11,5,cooldown,677700850,0,0,1.785477753767745e+18,1.785477754445446e+18,8514264079,9191964929,lane11:B1:s12->s11,348053014
55,lane11:B0:s10->s9,pp_message,backward,0,-1,10,11,171,155,10,9,-1,p2p,4712346,4712346,0,,,8859594036,8864306382,rank171:B0,0
55,rank155:B0,compute,backward,0,155,9,11,155,155,9,9,4,cooldown,709482380,0,0,1.7854777542123674e+18,1.7854777549218496e+18,8864306382,9573788762,lane11:B0:s10->s9,4527711828
55,lane11:B2:s13->s12,pp_message,backward,2,-1,13,11,219,203,13,12,-1,p2p,4712346,4712346,0,,,8871062152,8875774498,rank219:B2,0
55,rank203:B2,compute,backward,2,203,12,11,203,203,12,12,6,cooldown,678116598,0,0,1.7854777541306342e+18,1.7854777548087508e+18,8875774498,9553891096,lane11:B2:s13->s12,366222765
55,lane11:B3:s14->s13,pp_message,backward,3,-1,14,11,235,219,14,13,-1,p2p,4712346,4712346,0,,,8885249373,8889961719,rank235:B3,0
55,rank219:B3,compute,backward,3,219,13,11,219,219,13,13,7,cooldown,682231303,0,0,1.7854777541490138e+18,1.785477754831245e+18,8889961719,9572193022,lane11:B3:s14->s13,18899567
55,lane11:B1:s11->s10,pp_message,backward,1,-1,11,11,187,171,11,10,-1,p2p,4712346,4712346,0,,,9191964929,9196677275,rank187:B1,0
55,rank171:B1,compute,backward,1,171,10,11,171,171,10,10,5,cooldown,686102266,0,0,1.7854777545435446e+18,1.7854777552296468e+18,9196677275,9882779541,lane11:B1:s11->s10,337083239
55,lane11:B2:s12->s11,pp_message,backward,2,-1,12,11,203,187,12,11,-1,p2p,4712346,4712346,0,,,9553891096,9558603442,rank203:B2,0
55,rank187:B2,compute,backward,2,187,11,11,187,187,11,11,6,cooldown,678703440,0,0,1.785477754906021e+18,1.7854777555847245e+18,9558603442,10237306882,lane11:B2:s12->s11,366638513
55,lane11:B3:s13->s12,pp_message,backward,3,-1,13,11,219,203,13,12,-1,p2p,4712346,4712346,0,,,9572193022,9576905368,rank219:B3,0
55,lane11:B0:s9->s8,pp_message,backward,0,-1,9,11,155,139,9,8,-1,p2p,4712346,4712346,0,,,9573788762,9578501108,rank155:B0,0
55,rank203:B3,compute,backward,3,203,12,11,203,203,12,12,7,cooldown,676861835,0,0,1.7854777549290158e+18,1.7854777556058778e+18,9576905368,10253767203,lane11:B3:s13->s12,23014272
55,rank139:B0,compute,backward,0,139,8,11,139,139,8,8,4,cooldown,720318193,0,0,1.7854777550201777e+18,1.785477755740496e+18,9578501108,10298819301,lane11:B0:s9->s8,5570986716
55,lane11:B1:s10->s9,pp_message,backward,1,-1,10,11,171,155,10,9,-1,p2p,4712346,4712346,0,,,9882779541,9887491887,rank171:B1,0
55,rank155:B1,compute,backward,1,155,9,11,155,155,9,9,5,cooldown,712663860,0,0,1.7854777553271818e+18,1.7854777560398456e+18,9887491887,10600155747,lane11:B1:s10->s9,313703125
55,lane11:B2:s11->s10,pp_message,backward,2,-1,11,11,187,171,11,10,-1,p2p,4712346,4712346,0,,,10237306882,10242019228,rank187:B2,0
55,rank171:B2,compute,backward,2,171,10,11,171,171,10,10,6,cooldown,684247250,0,0,1.785477755682584e+18,1.785477756366831e+18,10242019228,10926266478,lane11:B2:s11->s10,359239687
55,lane11:B3:s12->s11,pp_message,backward,3,-1,12,11,203,187,12,11,-1,p2p,4712346,4712346,0,,,10253767203,10258479549,rank203:B3,0
55,rank187:B3,compute,backward,3,187,11,11,187,187,11,11,7,cooldown,685785333,0,0,1.7854777557026693e+18,1.7854777563884547e+18,10258479549,10944264882,lane11:B3:s12->s11,21172667
55,lane11:B0:s8->s7,pp_message,backward,0,-1,8,11,139,123,8,7,-1,p2p,4712346,4712346,0,,,10298819301,10303531647,rank139:B0,0
55,rank123:B0,compute,backward,0,123,7,11,123,123,7,7,4,cooldown,684523733,0,0,1.785477755839851e+18,1.7854777565243748e+18,10303531647,10988055380,lane11:B0:s8->s7,6610639241
55,lane11:B1:s9->s8,pp_message,backward,1,-1,9,11,155,139,9,8,-1,p2p,4712346,4712346,0,,,10600155747,10604868093,rank155:B1,0
55,rank139:B1,compute,backward,1,139,8,11,139,139,8,8,5,cooldown,712983215,0,0,1.785477756138724e+18,1.7854777568517074e+18,10604868093,11317851308,lane11:B1:s9->s8,306048792
55,lane11:B2:s10->s9,pp_message,backward,2,-1,10,11,171,155,10,9,-1,p2p,4712346,4712346,0,,,10926266478,10930978824,rank171:B2,0
55,rank155:B2,compute,backward,2,155,9,11,155,155,9,9,6,cooldown,703435491,0,0,1.7854777564644675e+18,1.7854777571679027e+18,10930978824,11634414315,lane11:B2:s10->s9,330823077
55,lane11:B3:s11->s10,pp_message,backward,3,-1,11,11,187,171,11,10,-1,p2p,4712346,4712346,0,,,10944264882,10948977228,rank187:B3,0
55,rank171:B3,compute,backward,3,171,10,11,171,171,10,10,7,cooldown,685368038,0,0,1.7854777564866765e+18,1.7854777571720445e+18,10948977228,11634345266,lane11:B3:s11->s10,22710750
55,lane11:B0:s7->s6,pp_message,backward,0,-1,7,11,123,107,7,6,-1,p2p,4712346,4712346,0,,,10988055380,10992767726,rank123:B0,0
55,rank107:B0,compute,backward,0,107,6,11,107,107,6,6,4,cooldown,697540155,0,0,1.7854777566227354e+18,1.7854777573202757e+18,10992767726,11690307881,lane11:B0:s7->s6,7613245447
55,lane11:B1:s8->s7,pp_message,backward,1,-1,8,11,139,123,8,7,-1,p2p,4712346,4712346,0,,,11317851308,11322563654,rank139:B1,0
55,rank123:B1,compute,backward,1,123,7,11,123,123,7,7,5,cooldown,687479505,0,0,1.7854777569495905e+18,1.78547775763707e+18,11322563654,12010043159,lane11:B1:s8->s7,334508274
55,lane11:B3:s10->s9,pp_message,backward,3,-1,10,11,171,155,10,9,-1,p2p,4712346,4712346,0,,,11634345266,11639057612,rank171:B3,0
55,lane11:B2:s9->s8,pp_message,backward,2,-1,9,11,155,139,9,8,-1,p2p,4712346,4712346,0,,,11634414315,11639126661,rank155:B2,0
55,rank139:B2,compute,backward,2,139,8,11,139,139,8,8,6,cooldown,692544828,0,0,1.785477757266866e+18,1.7854777579594107e+18,11639126661,12331671489,lane11:B2:s9->s8,321275353
55,rank155:B3,compute,backward,3,155,9,11,155,155,9,9,7,cooldown,715913193,0,0,1.785477757272251e+18,1.785477757988164e+18,11639126661,12355039854,lane11:B2:s9->s8,4712346
55,lane11:B0:s6->s5,pp_message,backward,0,-1,6,11,107,91,6,5,-1,p2p,4712346,4712346,0,,,11690307881,11695020227,rank107:B0,0
55,rank91:B0,compute,backward,0,91,5,11,91,91,5,5,4,cooldown,690072675,0,0,1.7854777574190991e+18,1.7854777581091717e+18,11695020227,12385092902,lane11:B0:s6->s5,8652907843
55,lane11:B1:s7->s6,pp_message,backward,1,-1,7,11,123,107,7,6,-1,p2p,4712346,4712346,0,,,12010043159,12014755505,rank123:B1,0
55,rank107:B1,compute,backward,1,107,6,11,107,107,6,6,5,cooldown,694904241,0,0,1.7854777577351685e+18,1.7854777584300728e+18,12014755505,12709659746,lane11:B1:s7->s6,324447624
55,lane11:B2:s8->s7,pp_message,backward,2,-1,8,11,139,123,8,7,-1,p2p,4712346,4712346,0,,,12331671489,12336383835,rank139:B2,0
55,rank123:B2,compute,backward,2,123,7,11,123,123,7,7,6,cooldown,686708382,0,0,1.7854777580573125e+18,1.785477758744021e+18,12336383835,13023092217,lane11:B2:s8->s7,326340676
55,lane11:B3:s9->s8,pp_message,backward,3,-1,9,11,155,139,9,8,-1,p2p,4712346,4712346,0,,,12355039854,12359752200,rank155:B3,0
55,rank139:B3,compute,backward,3,139,8,11,139,139,8,8,7,cooldown,722192164,0,0,1.7854777580867392e+18,1.7854777588089313e+18,12359752200,13081944364,lane11:B3:s9->s8,28080711
55,lane11:B0:s5->s4,pp_message,backward,0,-1,5,11,91,75,5,4,-1,p2p,4712346,4712346,0,,,12385092902,12389805248,rank91:B0,0
55,rank75:B0,compute,backward,0,75,4,11,75,75,4,4,4,cooldown,701766665,0,0,1.785477758207966e+18,1.7854777589097326e+18,12389805248,13091571913,lane11:B0:s5->s4,9775698105
55,lane11:B1:s6->s5,pp_message,backward,1,-1,6,11,107,91,6,5,-1,p2p,4712346,4712346,0,,,12709659746,12714372092,rank107:B1,0
55,rank91:B1,compute,backward,1,91,5,11,91,91,5,5,5,cooldown,687383671,0,0,1.7854777585286966e+18,1.7854777592160801e+18,12714372092,13401755763,lane11:B1:s6->s5,329279190
55,lane11:B2:s7->s6,pp_message,backward,2,-1,7,11,123,107,7,6,-1,p2p,4712346,4712346,0,,,13023092217,13027804563,rank123:B2,0
55,rank107:B2,compute,backward,2,107,6,11,107,107,6,6,6,cooldown,696032077,0,0,1.7854777588419817e+18,1.7854777595380137e+18,13027804563,13723836640,lane11:B2:s7->s6,318144817
55,lane11:B3:s8->s7,pp_message,backward,3,-1,8,11,139,123,8,7,-1,p2p,4712346,4712346,0,,,13081944364,13086656710,rank139:B3,0
55,rank123:B3,compute,backward,3,123,7,11,123,123,7,7,7,cooldown,681615631,0,0,1.7854777589074824e+18,1.785477759589098e+18,13086656710,13768272341,lane11:B3:s8->s7,63564493
55,lane11:B0:s4->s3,pp_message,backward,0,-1,4,11,75,59,4,3,-1,p2p,4712346,4712346,0,,,13091571913,13096284259,rank75:B0,0
55,rank59:B0,compute,backward,0,59,3,11,59,59,3,3,4,cooldown,725382308,0,0,1.785477759009027e+18,1.7854777597344095e+18,13096284259,13821666567,lane11:B0:s4->s3,10816052503
55,lane11:B1:s5->s4,pp_message,backward,1,-1,5,11,91,75,5,4,-1,p2p,4712346,4712346,0,,,13401755763,13406468109,rank91:B1,0
55,rank75:B1,compute,backward,1,75,4,11,75,75,4,4,5,cooldown,699047139,0,0,1.7854777593149379e+18,1.785477760013985e+18,13406468109,14105515248,lane11:B1:s5->s4,314896196
55,lane11:B2:s6->s5,pp_message,backward,2,-1,6,11,107,91,6,5,-1,p2p,4712346,4712346,0,,,13723836640,13728548986,rank107:B2,0
55,rank91:B2,compute,backward,2,91,5,11,91,91,5,5,6,cooldown,688065164,0,0,1.7854777596371123e+18,1.7854777603251776e+18,13728548986,14416614150,lane11:B2:s6->s5,326793223
55,lane11:B3:s7->s6,pp_message,backward,3,-1,7,11,123,107,7,6,-1,p2p,4712346,4712346,0,,,13768272341,13772984687,rank123:B3,0
55,rank107:B3,compute,backward,3,107,6,11,107,107,6,6,7,cooldown,695602276,0,0,1.785477759687667e+18,1.785477760383269e+18,13772984687,14468586963,lane11:B3:s7->s6,49148047
55,lane11:B0:s3->s2,pp_message,backward,0,-1,3,11,59,43,3,2,-1,p2p,4712346,4712346,0,,,13821666567,13826378913,rank59:B0,0
55,rank43:B0,compute,backward,0,43,2,11,43,43,2,2,4,cooldown,706848719,0,0,1.7854777598326108e+18,1.7854777605394596e+18,13826378913,14533227632,lane11:B0:s3->s2,11970952454
55,lane11:B1:s4->s3,pp_message,backward,1,-1,4,11,75,59,4,3,-1,p2p,4712346,4712346,0,,,14105515248,14110227594,rank75:B1,0
55,rank59:B1,compute,backward,1,59,3,11,59,59,3,3,5,cooldown,697703621,0,0,1.7854777601125128e+18,1.7854777608102164e+18,14110227594,14807931215,lane11:B1:s4->s3,288561027
55,lane11:B2:s5->s4,pp_message,backward,2,-1,5,11,91,75,5,4,-1,p2p,4712346,4712346,0,,,14416614150,14421326496,rank91:B2,0
55,rank75:B2,compute,backward,2,75,4,11,75,75,4,4,6,cooldown,700397786,0,0,1.7854777604237553e+18,1.785477761124153e+18,14421326496,15121724282,lane11:B2:s5->s4,315811248
55,lane11:B3:s6->s5,pp_message,backward,3,-1,6,11,107,91,6,5,-1,p2p,4712346,4712346,0,,,14468586963,14473299309,rank107:B3,0
55,rank91:B3,compute,backward,3,91,5,11,91,91,5,5,7,cooldown,688299508,0,0,1.7854777604818296e+18,1.7854777611701292e+18,14473299309,15161598817,lane11:B3:s6->s5,56685159
55,lane11:B0:s2->s1,pp_message,backward,0,-1,2,11,43,27,2,1,-1,p2p,4712346,4712346,0,,,14533227632,14537939978,rank43:B0,0
55,rank27:B0,compute,backward,0,27,1,11,27,27,1,1,4,cooldown,724693727,0,0,1.7854777606370212e+18,1.785477761361715e+18,14537939978,15262633705,lane11:B0:s2->s1,13038832703
55,lane11:B1:s3->s2,pp_message,backward,1,-1,3,11,59,43,3,2,-1,p2p,4712346,4712346,0,,,14807931215,14812643561,rank59:B1,0
55,rank43:B1,compute,backward,1,43,2,11,43,43,2,2,5,cooldown,761199404,0,0,1.7854777609080023e+18,1.7854777616692017e+18,14812643561,15573842965,lane11:B1:s3->s2,279415929
55,lane11:B2:s4->s3,pp_message,backward,2,-1,4,11,75,59,4,3,-1,p2p,4712346,4712346,0,,,15121724282,15126436628,rank75:B2,0
55,rank59:B2,compute,backward,2,59,3,11,59,59,3,3,6,cooldown,692393476,0,0,1.7854777612226235e+18,1.785477761915017e+18,15126436628,15818830104,lane11:B2:s4->s3,318505413
55,lane11:B3:s5->s4,pp_message,backward,3,-1,5,11,91,75,5,4,-1,p2p,4712346,4712346,0,,,15161598817,15166311163,rank91:B3,0
55,rank75:B3,compute,backward,3,75,4,11,75,75,4,4,7,cooldown,699414142,0,0,1.7854777612682196e+18,1.7854777619676337e+18,15166311163,15865725305,lane11:B3:s5->s4,44586881
55,lane11:B0:s1->s0,pp_message,backward,0,-1,1,11,27,11,1,0,-1,p2p,4712346,4712346,0,,,15262633705,15267346051,rank27:B0,0
55,rank11:B0,compute,backward,0,11,0,11,11,11,0,0,4,cooldown,410821842,0,0,1.7854777614612314e+18,1.7854777618720532e+18,15267346051,15678167893,lane11:B0:s1->s0,14598607789
55,lane11:B1:s2->s1,pp_message,backward,1,-1,2,11,43,27,2,1,-1,p2p,4712346,4712346,0,,,15573842965,15578555311,rank43:B1,0
55,rank27:B1,compute,backward,1,27,1,11,27,27,1,1,5,cooldown,727591987,0,0,1.785477761765693e+18,1.7854777624932849e+18,15578555311,16306147298,lane11:B1:s2->s1,315921606
55,lane11:B2:s3->s2,pp_message,backward,2,-1,3,11,59,43,3,2,-1,p2p,4712346,4712346,0,,,15818830104,15823542450,rank59:B2,0
55,rank43:B2,compute,backward,2,43,2,11,43,43,2,2,6,cooldown,709189352,0,0,1.7854777620127798e+18,1.7854777627219692e+18,15823542450,16532731802,lane11:B2:s3->s2,249699485
55,lane11:B3:s4->s3,pp_message,backward,3,-1,4,11,75,59,4,3,-1,p2p,4712346,4712346,0,,,15865725305,15870437651,rank75:B3,0
55,rank59:B3,compute,backward,3,59,3,11,59,59,3,3,7,cooldown,692452250,0,0,1.7854777620661699e+18,1.7854777627586222e+18,15870437651,16562889901,lane11:B3:s4->s3,51607547
55,lane11:B1:s1->s0,pp_message,backward,1,-1,1,11,27,11,1,0,-1,p2p,4712346,4712346,0,,,16306147298,16310859644,rank27:B1,0
55,rank11:B1,compute,backward,1,11,0,11,11,11,0,0,5,cooldown,414670747,0,0,1.7854777625911567e+18,1.7854777630058276e+18,16310859644,16725530391,lane11:B1:s1->s0,632691751
55,lane11:B2:s2->s1,pp_message,backward,2,-1,2,11,43,27,2,1,-1,p2p,4712346,4712346,0,,,16532731802,16537444148,rank43:B2,0
55,rank27:B2,compute,backward,2,27,1,11,27,27,1,1,6,cooldown,724136540,0,0,1.7854777628211704e+18,1.7854777635453071e+18,16537444148,17261580688,lane11:B2:s2->s1,231296850
55,lane11:B3:s3->s2,pp_message,backward,3,-1,3,11,59,43,3,2,-1,p2p,4712346,4712346,0,,,16562889901,16567602247,rank59:B3,0
55,rank43:B3,compute,backward,3,43,2,11,43,43,2,2,7,cooldown,705596229,0,0,1.7854777628571041e+18,1.7854777635627003e+18,16567602247,17273198476,lane11:B3:s3->s2,34870445
55,lane11:B2:s1->s0,pp_message,backward,2,-1,1,11,27,11,1,0,-1,p2p,4712346,4712346,0,,,17261580688,17266293034,rank27:B2,0
55,rank11:B2,compute,backward,2,11,0,11,11,11,0,0,6,cooldown,409634467,0,0,1.7854777636434557e+18,1.7854777640530903e+18,17266293034,17675927501,lane11:B2:s1->s0,540762643
55,lane11:B3:s2->s1,pp_message,backward,3,-1,2,11,43,27,2,1,-1,p2p,4712346,4712346,0,,,17273198476,17277910822,rank43:B3,0
55,rank27:B3,compute,backward,3,27,1,11,27,27,1,1,7,cooldown,726252567,0,0,1.7854777636607094e+18,1.785477764386962e+18,17277910822,18004163389,lane11:B3:s2->s1,16330134
55,lane11:B3:s1->s0,pp_message,backward,3,-1,1,11,27,11,1,0,-1,p2p,4712346,4712346,0,,,18004163389,18008875735,rank27:B3,0
55,rank11:B3,compute,backward,3,11,0,11,11,11,0,0,7,cooldown,408348665,0,0,1.7854777644851863e+18,1.785477764893535e+18,18008875735,18417224400,lane11:B3:s1->s0,332948234
55,rank12:F0,compute,forward,0,12,0,12,12,12,0,0,0,warmup,160160220,0,0,1.785477744809229e+18,1.7854777449693893e+18,0,160160220,,0
55,lane12:F0:s0->s1,pp_message,forward,0,-1,0,12,12,28,0,1,-1,p2p,4712346,4712346,0,,,160160220,164872566,rank12:F0,0
55,rank12:F1,compute,forward,1,12,0,12,12,12,0,0,1,warmup,158277210,0,0,1.785477744974603e+18,1.7854777451328804e+18,164872566,323149776,lane12:F0:s0->s1,4712346
55,rank28:F0,compute,forward,0,28,1,12,28,28,1,1,0,warmup,325335869,0,0,1.7854777449745434e+18,1.7854777452998792e+18,164872566,490208435,lane12:F0:s0->s1,164872566
55,lane12:F1:s0->s1,pp_message,forward,1,-1,0,12,12,28,0,1,-1,p2p,4712346,4712346,0,,,323149776,327862122,rank12:F1,0
55,rank12:F2,compute,forward,2,12,0,12,12,12,0,0,2,warmup,156763033,0,0,1.7854777453101988e+18,1.7854777454669617e+18,327862122,484625155,lane12:F1:s0->s1,4712346
55,lane12:F2:s0->s1,pp_message,forward,2,-1,0,12,12,28,0,1,-1,p2p,4712346,4712346,0,,,484625155,489337501,rank12:F2,0
55,rank12:F3,compute,forward,3,12,0,12,12,12,0,0,3,warmup,178019216,0,0,1.7854777456632056e+18,1.785477745841225e+18,489337501,667356717,lane12:F2:s0->s1,4712346
55,lane12:F0:s1->s2,pp_message,forward,0,-1,1,12,28,44,1,2,-1,p2p,4712346,4712346,0,,,490208435,494920781,rank28:F0,0
55,rank28:F1,compute,forward,1,28,1,12,28,28,1,1,1,warmup,326161143,0,0,1.7854777453100567e+18,1.7854777456362179e+18,494920781,821081924,lane12:F0:s1->s2,4712346
55,rank44:F0,compute,forward,0,44,2,12,44,44,2,2,0,warmup,342805226,0,0,1.78547774530497e+18,1.7854777456477752e+18,494920781,837726007,lane12:F0:s1->s2,494920781
55,lane12:F3:s0->s1,pp_message,forward,3,-1,0,12,12,28,0,1,-1,p2p,4712346,4712346,0,,,667356717,672069063,rank12:F3,0
55,lane12:F1:s1->s2,pp_message,forward,1,-1,1,12,28,44,1,2,-1,p2p,4712346,4712346,0,,,821081924,825794270,rank28:F1,0
55,rank28:F2,compute,forward,2,28,1,12,28,28,1,1,2,warmup,342366164,0,0,1.7854777456631258e+18,1.7854777460054917e+18,825794270,1168160434,lane12:F1:s1->s2,4712346
55,lane12:F0:s2->s3,pp_message,forward,0,-1,2,12,44,60,2,3,-1,p2p,4712346,4712346,0,,,837726007,842438353,rank44:F0,0
55,rank44:F1,compute,forward,1,44,2,12,44,44,2,2,1,warmup,336815772,0,0,1.7854777456578865e+18,1.785477745994702e+18,842438353,1179254125,lane12:F0:s2->s3,4712346
55,rank60:F0,compute,forward,0,60,3,12,60,60,3,3,0,warmup,407593160,0,0,1.7854777456529938e+18,1.7854777460605868e+18,842438353,1250031513,lane12:F0:s2->s3,842438353
55,lane12:F2:s1->s2,pp_message,forward,2,-1,1,12,28,44,1,2,-1,p2p,4712346,4712346,0,,,1168160434,1172872780,rank28:F2,0
55,rank28:F3,compute,forward,3,28,1,12,28,28,1,1,3,warmup,325970817,0,0,1.7854777460811945e+18,1.7854777464071654e+18,1172872780,1498843597,lane12:F2:s1->s2,4712346
55,lane12:F1:s2->s3,pp_message,forward,1,-1,2,12,44,60,2,3,-1,p2p,4712346,4712346,0,,,1179254125,1183966471,rank44:F1,0
55,rank44:F2,compute,forward,2,44,2,12,44,44,2,2,2,warmup,319828751,0,0,1.7854777460759846e+18,1.7854777463958134e+18,1183966471,1503795222,lane12:F1:s2->s3,4712346
55,lane12:F0:s3->s4,pp_message,forward,0,-1,3,12,60,76,3,4,-1,p2p,4712346,4712346,0,,,1250031513,1254743859,rank60:F0,0
55,rank60:F1,compute,forward,1,60,3,12,60,60,3,3,1,warmup,352757531,0,0,1.7854777460707174e+18,1.785477746423475e+18,1254743859,1607501390,lane12:F0:s3->s4,4712346
55,rank76:F0,compute,forward,0,76,4,12,76,76,4,4,0,warmup,318501727,0,0,1.7854777460657884e+18,1.78547774638429e+18,1254743859,1573245586,lane12:F0:s3->s4,1254743859
55,lane12:F3:s1->s2,pp_message,forward,3,-1,1,12,28,44,1,2,-1,p2p,4712346,4712346,0,,,1498843597,1503555943,rank28:F3,0
55,lane12:F2:s2->s3,pp_message,forward,2,-1,2,12,44,60,2,3,-1,p2p,4712346,4712346,0,,,1503795222,1508507568,rank44:F2,0
55,rank44:F3,compute,forward,3,44,2,12,44,44,2,2,3,warmup,346895336,0,0,1.7854777464386934e+18,1.7854777467855887e+18,1508507568,1855402904,lane12:F2:s2->s3,4712346
55,lane12:F0:s4->s5,pp_message,forward,0,-1,4,12,76,92,4,5,-1,p2p,4712346,4712346,0,,,1573245586,1577957932,rank76:F0,0
55,rank92:F0,compute,forward,0,92,5,12,92,92,5,5,0,warmup,314839086,0,0,1.785477746389829e+18,1.7854777467046682e+18,1577957932,1892797018,lane12:F0:s4->s5,1577957932
55,lane12:F1:s3->s4,pp_message,forward,1,-1,3,12,60,76,3,4,-1,p2p,4712346,4712346,0,,,1607501390,1612213736,rank60:F1,0
55,rank60:F2,compute,forward,2,60,3,12,60,60,3,3,2,warmup,337635667,0,0,1.7854777464335882e+18,1.7854777467712238e+18,1612213736,1949849403,lane12:F1:s3->s4,4712346
55,rank76:F1,compute,forward,1,76,4,12,76,76,4,4,1,warmup,318155308,0,0,1.785477746428481e+18,1.7854777467466363e+18,1612213736,1930369044,lane12:F1:s3->s4,38968150
55,lane12:F3:s2->s3,pp_message,forward,3,-1,2,12,44,60,2,3,-1,p2p,4712346,4712346,0,,,1855402904,1860115250,rank44:F3,0
55,lane12:F0:s5->s6,pp_message,forward,0,-1,5,12,92,108,5,6,-1,p2p,4712346,4712346,0,,,1892797018,1897509364,rank92:F0,0
55,rank108:F0,compute,forward,0,108,6,12,108,108,6,6,0,warmup,316333429,0,0,1.7854777467102436e+18,1.7854777470265772e+18,1897509364,2213842793,lane12:F0:s5->s6,1897509364
55,lane12:F1:s4->s5,pp_message,forward,1,-1,4,12,76,92,4,5,-1,p2p,4712346,4712346,0,,,1930369044,1935081390,rank76:F1,0
55,rank92:F1,compute,forward,1,92,5,12,92,92,5,5,1,warmup,461498463,0,0,1.7854777467518003e+18,1.7854777472132987e+18,1935081390,2396579853,lane12:F1:s4->s5,42284372
55,lane12:F2:s3->s4,pp_message,forward,2,-1,3,12,60,76,3,4,-1,p2p,4712346,4712346,0,,,1949849403,1954561749,rank60:F2,0
55,rank60:F3,compute,forward,3,60,3,12,60,60,3,3,3,warmup,325822748,0,0,1.7854777467906972e+18,1.78547774711652e+18,1954561749,2280384497,lane12:F2:s3->s4,4712346
55,rank76:F2,compute,forward,2,76,4,12,76,76,4,4,2,warmup,316987264,0,0,1.785477746776338e+18,1.7854777470933253e+18,1954561749,2271549013,lane12:F2:s3->s4,24192705
55,lane12:F0:s6->s7,pp_message,forward,0,-1,6,12,108,124,6,7,-1,p2p,4712346,4712346,0,,,2213842793,2218555139,rank108:F0,0
55,rank124:F0,compute,forward,0,124,7,12,124,124,7,7,0,warmup,322461923,0,0,1.7854777470321912e+18,1.7854777473546532e+18,2218555139,2541017062,lane12:F0:s6->s7,2218555139
55,lane12:F2:s4->s5,pp_message,forward,2,-1,4,12,76,92,4,5,-1,p2p,4712346,4712346,0,,,2271549013,2276261359,rank76:F2,0
55,lane12:F3:s3->s4,pp_message,forward,3,-1,3,12,60,76,3,4,-1,p2p,4712346,4712346,0,,,2280384497,2285096843,rank60:F3,0
55,rank76:F3,compute,forward,3,76,4,12,76,76,4,4,3,warmup,329980616,0,0,1.7854777472288568e+18,1.7854777475588372e+18,2285096843,2615077459,lane12:F3:s3->s4,13547830
55,lane12:F1:s5->s6,pp_message,forward,1,-1,5,12,92,108,5,6,-1,p2p,4712346,4712346,0,,,2396579853,2401292199,rank92:F1,0
55,rank108:F1,compute,forward,1,108,6,12,108,108,6,6,1,warmup,327871056,0,0,1.7854777472183596e+18,1.7854777475462308e+18,2401292199,2729163255,lane12:F1:s5->s6,187449406
55,rank92:F2,compute,forward,2,92,5,12,92,92,5,5,2,warmup,324420883,0,0,1.7854777472234929e+18,1.7854777475479137e+18,2401292199,2725713082,lane12:F1:s5->s6,4712346
55,lane12:F0:s7->s8,pp_message,forward,0,-1,7,12,124,140,7,8,-1,p2p,4712346,4712346,0,,,2541017062,2545729408,rank124:F0,0
55,rank140:F0,compute,forward,0,140,8,12,140,140,8,8,0,warmup,315288256,0,0,1.785477747360017e+18,1.7854777476753052e+18,2545729408,2861017664,lane12:F0:s7->s8,2545729408
55,lane12:F3:s4->s5,pp_message,forward,3,-1,4,12,76,92,4,5,-1,p2p,4712346,4712346,0,,,2615077459,2619789805,rank76:F3,0
55,lane12:F2:s5->s6,pp_message,forward,2,-1,5,12,92,108,5,6,-1,p2p,4712346,4712346,0,,,2725713082,2730425428,rank92:F2,0
55,lane12:F1:s6->s7,pp_message,forward,1,-1,6,12,108,124,6,7,-1,p2p,4712346,4712346,0,,,2729163255,2733875601,rank108:F1,0
55,rank92:F3,compute,forward,3,92,5,12,92,92,5,5,3,warmup,312213237,0,0,1.785477747564055e+18,1.7854777478762683e+18,2730425428,3042638665,lane12:F2:s5->s6,4712346
55,rank108:F2,compute,forward,2,108,6,12,108,108,6,6,2,warmup,330262705,0,0,1.7854777475565202e+18,1.785477747886783e+18,2733875601,3064138306,lane12:F1:s6->s7,4712346
55,rank124:F1,compute,forward,1,124,7,12,124,124,7,7,1,warmup,311265856,0,0,1.7854777475515041e+18,1.78547774786277e+18,2733875601,3045141457,lane12:F1:s6->s7,192858539
55,lane12:F0:s8->s9,pp_message,forward,0,-1,8,12,140,156,8,9,-1,p2p,4712346,4712346,0,,,2861017664,2865730010,rank140:F0,0
55,rank156:F0,compute,forward,0,156,9,12,156,156,9,9,0,warmup,322466166,0,0,1.7854777476805809e+18,1.785477748003047e+18,2865730010,3188196176,lane12:F0:s8->s9,2865730010
55,lane12:F3:s5->s6,pp_message,forward,3,-1,5,12,92,108,5,6,-1,p2p,4712346,4712346,0,,,3042638665,3047351011,rank92:F3,0
55,lane12:F1:s7->s8,pp_message,forward,1,-1,7,12,124,140,7,8,-1,p2p,4712346,4712346,0,,,3045141457,3049853803,rank124:F1,0
55,rank140:F1,compute,forward,1,140,8,12,140,140,8,8,1,warmup,316818750,0,0,1.785477747867856e+18,1.7854777481846748e+18,3049853803,3366672553,lane12:F1:s7->s8,188836139
55,lane12:F2:s6->s7,pp_message,forward,2,-1,6,12,108,124,6,7,-1,p2p,4712346,4712346,0,,,3064138306,3068850652,rank108:F2,0
55,rank108:F3,compute,forward,3,108,6,12,108,108,6,6,3,warmup,314501502,0,0,1.7854777478969482e+18,1.7854777482114496e+18,3068850652,3383352154,lane12:F2:s6->s7,4712346
55,rank124:F2,compute,forward,2,124,7,12,124,124,7,7,2,warmup,309500905,0,0,1.785477747891955e+18,1.7854777482014559e+18,3068850652,3378351557,lane12:F2:s6->s7,23709195
55,lane12:F0:s9->s10,pp_message,forward,0,-1,9,12,156,172,9,10,-1,p2p,4712346,4712346,0,,,3188196176,3192908522,rank156:F0,0
55,rank172:F0,compute,forward,0,172,10,12,172,172,10,10,0,warmup,313280350,0,0,1.7854777480085038e+18,1.785477748321784e+18,3192908522,3506188872,lane12:F0:s9->s10,3192908522
55,lane12:F1:s8->s9,pp_message,forward,1,-1,8,12,140,156,8,9,-1,p2p,4712346,4712346,0,,,3366672553,3371384899,rank140:F1,0
55,rank156:F1,compute,forward,1,156,9,12,156,156,9,9,1,warmup,317479327,0,0,1.7854777481898015e+18,1.785477748507281e+18,3371384899,3688864226,lane12:F1:s8->s9,183188723
55,lane12:F2:s7->s8,pp_message,forward,2,-1,7,12,124,140,7,8,-1,p2p,4712346,4712346,0,,,3378351557,3383063903,rank124:F2,0
55,rank140:F2,compute,forward,2,140,8,12,140,140,8,8,2,warmup,311835665,0,0,1.785477748206549e+18,1.7854777485183846e+18,3383063903,3694899568,lane12:F2:s7->s8,16391350
55,lane12:F3:s6->s7,pp_message,forward,3,-1,6,12,108,124,6,7,-1,p2p,4712346,4712346,0,,,3383352154,3388064500,rank108:F3,0
55,rank124:F3,compute,forward,3,124,7,12,124,124,7,7,3,warmup,309506916,0,0,1.785477748216611e+18,1.785477748526118e+18,3388064500,3697571416,lane12:F3:s6->s7,9712943
55,lane12:F0:s10->s11,pp_message,forward,0,-1,10,12,172,188,10,11,-1,p2p,4712346,4712346,0,,,3506188872,3510901218,rank172:F0,0
55,rank188:F0,compute,forward,0,188,11,12,188,188,11,11,0,warmup,312516403,0,0,1.7854777483279178e+18,1.7854777486404344e+18,3510901218,3823417621,lane12:F0:s10->s11,3510901218
55,lane12:F1:s9->s10,pp_message,forward,1,-1,9,12,156,172,9,10,-1,p2p,4712346,4712346,0,,,3688864226,3693576572,rank156:F1,0
55,rank172:F1,compute,forward,1,172,10,12,172,172,10,10,1,warmup,310624427,0,0,1.785477748512464e+18,1.785477748823088e+18,3693576572,4004200999,lane12:F1:s9->s10,187387700
55,lane12:F2:s8->s9,pp_message,forward,2,-1,8,12,140,156,8,9,-1,p2p,4712346,4712346,0,,,3694899568,3699611914,rank140:F2,0
55,lane12:F3:s7->s8,pp_message,forward,3,-1,7,12,124,140,7,8,-1,p2p,4712346,4712346,0,,,3697571416,3702283762,rank124:F3,0
55,rank156:F2,compute,forward,2,156,9,12,156,156,9,9,2,warmup,316462344,0,0,1.785477748523494e+18,1.7854777488399562e+18,3699611914,4016074258,lane12:F2:s8->s9,10747688
55,rank140:F3,compute,forward,3,140,8,12,140,140,8,8,3,warmup,309947027,0,0,1.7854777485311895e+18,1.7854777488411366e+18,3702283762,4012230789,lane12:F3:s7->s8,7384194
55,lane12:F0:s11->s12,pp_message,forward,0,-1,11,12,188,204,11,12,-1,p2p,4712346,4712346,0,,,3823417621,3828129967,rank188:F0,0
55,rank204:F0,compute,forward,0,204,12,12,204,204,12,12,0,warmup,312249350,0,0,1.7854777486459292e+18,1.7854777489581786e+18,3828129967,4140379317,lane12:F0:s11->s12,3828129967
55,lane12:F1:s10->s11,pp_message,forward,1,-1,10,12,172,188,10,11,-1,p2p,4712346,4712346,0,,,4004200999,4008913345,rank172:F1,0
55,rank188:F1,compute,forward,1,188,11,12,188,188,11,11,1,warmup,308601433,0,0,1.785477748828237e+18,1.7854777491368384e+18,4008913345,4317514778,lane12:F1:s10->s11,185495724
55,lane12:F3:s8->s9,pp_message,forward,3,-1,8,12,140,156,8,9,-1,p2p,4712346,4712346,0,,,4012230789,4016943135,rank140:F3,0
55,lane12:F2:s9->s10,pp_message,forward,2,-1,9,12,156,172,9,10,-1,p2p,4712346,4712346,0,,,4016074258,4020786604,rank156:F2,0
55,rank156:F3,compute,forward,3,156,9,12,156,156,9,9,3,warmup,319198191,0,0,1.7854777488500114e+18,1.7854777491692096e+18,4020786604,4339984795,lane12:F2:s9->s10,4712346
55,rank172:F2,compute,forward,2,172,10,12,172,172,10,10,2,warmup,310034940,0,0,1.7854777488451402e+18,1.7854777491551752e+18,4020786604,4330821544,lane12:F2:s9->s10,16585605
55,lane12:F0:s12->s13,pp_message,forward,0,-1,12,12,204,220,12,13,-1,p2p,4712346,4712346,0,,,4140379317,4145091663,rank204:F0,0
55,rank220:F0,compute,forward,0,220,13,12,220,220,13,13,0,warmup,315693795,0,0,1.7854777489636224e+18,1.7854777492793162e+18,4145091663,4460785458,lane12:F0:s12->s13,4145091663
55,lane12:F1:s11->s12,pp_message,forward,1,-1,11,12,188,204,11,12,-1,p2p,4712346,4712346,0,,,4317514778,4322227124,rank188:F1,0
55,rank204:F1,compute,forward,1,204,12,12,204,204,12,12,1,warmup,307899339,0,0,1.7854777491419794e+18,1.7854777494498788e+18,4322227124,4630126463,lane12:F1:s11->s12,181847807
55,lane12:F2:s10->s11,pp_message,forward,2,-1,10,12,172,188,10,11,-1,p2p,4712346,4712346,0,,,4330821544,4335533890,rank172:F2,0
55,rank188:F2,compute,forward,2,188,11,12,188,188,11,11,2,warmup,306205688,0,0,1.7854777491602737e+18,1.7854777494664794e+18,4335533890,4641739578,lane12:F2:s10->s11,18019112
55,lane12:F3:s9->s10,pp_message,forward,3,-1,9,12,156,172,9,10,-1,p2p,4712346,4712346,0,,,4339984795,4344697141,rank156:F3,0
55,rank172:F3,compute,forward,3,172,10,12,172,172,10,10,3,warmup,454579731,0,0,1.7854777491744105e+18,1.7854777496289902e+18,4344697141,4799276872,lane12:F3:s9->s10,13875597
55,lane12:F0:s13->s14,pp_message,forward,0,-1,13,12,220,236,13,14,-1,p2p,4712346,4712346,0,,,4460785458,4465497804,rank220:F0,0
55,rank236:F0,compute,forward,0,236,14,12,236,236,14,14,0,warmup,321749939,0,0,1.7854777492856008e+18,1.7854777496073505e+18,4465497804,4787247743,lane12:F0:s13->s14,4465497804
55,lane12:F1:s12->s13,pp_message,forward,1,-1,12,12,204,220,12,13,-1,p2p,4712346,4712346,0,,,4630126463,4634838809,rank204:F1,0
55,rank220:F1,compute,forward,1,220,13,12,220,220,13,13,1,warmup,460751888,0,0,1.785477749454891e+18,1.785477749915643e+18,4634838809,5095590697,lane12:F1:s12->s13,174053351
55,lane12:F2:s11->s12,pp_message,forward,2,-1,11,12,188,204,11,12,-1,p2p,4712346,4712346,0,,,4641739578,4646451924,rank188:F2,0
55,rank204:F2,compute,forward,2,204,12,12,204,204,12,12,2,warmup,308100407,0,0,1.7854777494715878e+18,1.7854777497796882e+18,4646451924,4954552331,lane12:F2:s11->s12,16325461
55,lane12:F0:s14->s15,pp_message,forward,0,-1,14,12,236,252,14,15,-1,p2p,4712346,4712346,0,,,4787247743,4791960089,rank236:F0,0
55,rank252:F0,compute,forward,0,252,15,12,252,252,15,15,0,steady,196235428,0,0,1.7854777496131325e+18,1.785477749809368e+18,4791960089,4988195517,lane12:F0:s14->s15,4791960089
55,lane12:F3:s10->s11,pp_message,forward,3,-1,10,12,172,188,10,11,-1,p2p,4712346,4712346,0,,,4799276872,4803989218,rank172:F3,0
55,rank188:F3,compute,forward,3,188,11,12,188,188,11,11,3,warmup,306678991,0,0,1.7854777496341678e+18,1.7854777499408468e+18,4803989218,5110668209,lane12:F3:s10->s11,162249640
55,lane12:F2:s12->s13,pp_message,forward,2,-1,12,12,204,220,12,13,-1,p2p,4712346,4712346,0,,,4954552331,4959264677,rank204:F2,0
55,rank252:B0,compute,backward,0,252,15,12,252,252,15,15,1,steady,387393905,0,0,1.7854777498095145e+18,1.7854777501969083e+18,4988195517,5375589422,rank252:F0,0
55,lane12:F1:s13->s14,pp_message,forward,1,-1,13,12,220,236,13,14,-1,p2p,4712346,4712346,0,,,5095590697,5100303043,rank220:F1,0
55,rank220:F2,compute,forward,2,220,13,12,220,220,13,13,2,steady,310717045,0,0,1.785477749925815e+18,1.785477750236532e+18,5100303043,5411020088,lane12:F1:s13->s14,4712346
55,rank236:F1,compute,forward,1,236,14,12,236,236,14,14,1,steady,312605951,0,0,1.785477749920818e+18,1.785477750233424e+18,5100303043,5412908994,lane12:F1:s13->s14,313055300
55,lane12:F3:s11->s12,pp_message,forward,3,-1,11,12,188,204,11,12,-1,p2p,4712346,4712346,0,,,5110668209,5115380555,rank188:F3,0
55,rank204:F3,compute,forward,3,204,12,12,204,204,12,12,3,steady,308454619,0,0,1.7854777499459343e+18,1.785477750254389e+18,5115380555,5423835174,lane12:F3:s11->s12,160828224
55,lane12:B0:s15->s14,pp_message,backward,0,-1,15,12,252,236,15,14,-1,p2p,4712346,4712346,0,,,5375589422,5380301768,rank252:B0,0
55,lane12:F2:s13->s14,pp_message,forward,2,-1,13,12,220,236,13,14,-1,p2p,4712346,4712346,0,,,5411020088,5415732434,rank220:F2,0
55,lane12:F1:s14->s15,pp_message,forward,1,-1,14,12,236,252,14,15,-1,p2p,4712346,4712346,0,,,5412908994,5417621340,rank236:F1,0
55,rank236:B0,compute,backward,0,236,14,12,236,236,14,14,2,steady,681359573,0,0,1.785477750297438e+18,1.7854777509787976e+18,5417621340,6098980913,lane12:F1:s14->s15,4712346
55,rank252:F1,compute,forward,1,252,15,12,252,252,15,15,2,steady,192456409,0,0,1.7854777502973376e+18,1.785477750489794e+18,5417621340,5610077749,lane12:F1:s14->s15,42031918
55,lane12:F3:s12->s13,pp_message,forward,3,-1,12,12,204,220,12,13,-1,p2p,4712346,4712346,0,,,5423835174,5428547520,rank204:F3,0
55,rank252:B1,compute,backward,1,252,15,12,252,252,15,15,3,steady,371626197,0,0,1.7854777504899597e+18,1.785477750861586e+18,5610077749,5981703946,rank252:F1,0
55,lane12:B1:s15->s14,pp_message,backward,1,-1,15,12,252,236,15,14,-1,p2p,4712346,4712346,0,,,5981703946,5986416292,rank252:B1,0
55,lane12:B0:s14->s13,pp_message,backward,0,-1,14,12,236,220,14,13,-1,p2p,4712346,4712346,0,,,6098980913,6103693259,rank236:B0,0
55,rank220:B0,compute,backward,0,220,13,12,220,220,13,13,3,steady,689098768,0,0,1.785477751077462e+18,1.7854777517665608e+18,6103693259,6792792027,lane12:B0:s14->s13,692673171
55,rank236:F2,compute,forward,2,236,14,12,236,236,14,14,3,steady,316992400,0,0,1.7854777510771617e+18,1.7854777513941542e+18,6103693259,6420685659,lane12:B0:s14->s13,4712346
55,lane12:F2:s14->s15,pp_message,forward,2,-1,14,12,236,252,14,15,-1,p2p,4712346,4712346,0,,,6420685659,6425398005,rank236:F2,0
55,rank236:B1,compute,backward,1,236,14,12,236,236,14,14,4,steady,691620001,0,0,1.785477751400173e+18,1.785477752091793e+18,6425398005,7117018006,lane12:F2:s14->s15,4712346
55,rank252:F2,compute,forward,2,252,15,12,252,252,15,15,4,steady,194819495,0,0,1.785477751400118e+18,1.7854777515949376e+18,6425398005,6620217500,lane12:F2:s14->s15,443694059
55,rank252:B2,compute,backward,2,252,15,12,252,252,15,15,5,steady,365868337,0,0,1.7854777515950938e+18,1.785477751960962e+18,6620217500,6986085837,rank252:F2,0
55,lane12:B0:s13->s12,pp_message,backward,0,-1,13,12,220,204,13,12,-1,p2p,4712346,4712346,0,,,6792792027,6797504373,rank220:B0,0
55,rank204:B0,compute,backward,0,204,12,12,204,204,12,12,4,steady,685969653,0,0,1.7854777518653755e+18,1.7854777525513452e+18,6797504373,7483474026,lane12:B0:s13->s12,1373669199
55,rank220:F3,compute,forward,3,220,13,12,220,220,13,13,4,steady,316097651,0,0,1.785477751864639e+18,1.7854777521807368e+18,6797504373,7113602024,lane12:B0:s13->s12,4712346
55,lane12:B2:s15->s14,pp_message,backward,2,-1,15,12,252,236,15,14,-1,p2p,4712346,4712346,0,,,6986085837,6990798183,rank252:B2,0
55,lane12:F3:s13->s14,pp_message,forward,3,-1,13,12,220,236,13,14,-1,p2p,4712346,4712346,0,,,7113602024,7118314370,rank220:F3,0
55,lane12:B1:s14->s13,pp_message,backward,1,-1,14,12,236,220,14,13,-1,p2p,4712346,4712346,0,,,7117018006,7121730352,rank236:B1,0
55,rank220:B1,compute,backward,1,220,13,12,220,220,13,13,5,steady,698948205,0,0,1.7854777521900849e+18,1.7854777528890332e+18,7121730352,7820678557,lane12:B1:s14->s13,8128328
55,rank236:F3,compute,forward,3,236,14,12,236,236,14,14,5,steady,329009009,0,0,1.7854777521901184e+18,1.7854777525191273e+18,7121730352,7450739361,lane12:B1:s14->s13,4712346
55,lane12:F3:s14->s15,pp_message,forward,3,-1,14,12,236,252,14,15,-1,p2p,4712346,4712346,0,,,7450739361,7455451707,rank236:F3,0
55,rank236:B2,compute,backward,2,236,14,12,236,236,14,14,6,steady,727095598,0,0,1.7854777525252306e+18,1.7854777532523261e+18,7455451707,8182547305,lane12:F3:s14->s15,4712346
55,rank252:F3,compute,forward,3,252,15,12,252,252,15,15,6,steady,193391480,0,0,1.7854777525251873e+18,1.785477752718579e+18,7455451707,7648843187,lane12:F3:s14->s15,469365870
55,lane12:B0:s12->s11,pp_message,backward,0,-1,12,12,204,188,12,11,-1,p2p,4712346,4712346,0,,,7483474026,7488186372,rank204:B0,0
55,rank188:B0,compute,backward,0,188,11,12,188,188,11,11,4,cooldown,677650343,0,0,1.7854777526489823e+18,1.7854777533266327e+18,7488186372,8165836715,lane12:B0:s12->s11,2377518163
55,rank252:B3,compute,backward,3,252,15,12,252,252,15,15,7,steady,365457532,0,0,1.7854777527187507e+18,1.7854777530842084e+18,7648843187,8014300719,rank252:F3,0
55,lane12:B1:s13->s12,pp_message,backward,1,-1,13,12,220,204,13,12,-1,p2p,4712346,4712346,0,,,7820678557,7825390903,rank220:B1,0
55,rank204:B1,compute,backward,1,204,12,12,204,204,12,12,5,cooldown,683168504,0,0,1.7854777529873756e+18,1.7854777536705441e+18,7825390903,8508559407,lane12:B1:s13->s12,341916877
55,lane12:B3:s15->s14,pp_message,backward,3,-1,15,12,252,236,15,14,-1,p2p,4712346,4712346,0,,,8014300719,8019013065,rank252:B3,0
55,lane12:B0:s11->s10,pp_message,backward,0,-1,11,12,188,172,11,10,-1,p2p,4712346,4712346,0,,,8165836715,8170549061,rank188:B0,0
55,rank172:B0,compute,backward,0,172,10,12,172,172,10,10,4,cooldown,688982718,0,0,1.7854777534245522e+18,1.785477754113535e+18,8170549061,8859531779,lane12:B0:s11->s10,3371272189
55,lane12:B2:s14->s13,pp_message,backward,2,-1,14,12,236,220,14,13,-1,p2p,4712346,4712346,0,,,8182547305,8187259651,rank236:B2,0
55,rank220:B2,compute,backward,2,220,13,12,220,220,13,13,6,cooldown,682578413,0,0,1.7854777533495206e+18,1.785477754032099e+18,8187259651,8869838064,lane12:B2:s14->s13,366581094
55,rank236:B3,compute,backward,3,236,14,12,236,236,14,14,7,cooldown,694523799,0,0,1.7854777533550093e+18,1.7854777540495332e+18,8187259651,8881783450,lane12:B2:s14->s13,4712346
55,lane12:B1:s12->s11,pp_message,backward,1,-1,12,12,204,188,12,11,-1,p2p,4712346,4712346,0,,,8508559407,8513271753,rank204:B1,0
55,rank188:B1,compute,backward,1,188,11,12,188,188,11,11,5,cooldown,677036826,0,0,1.7854777537680842e+18,1.785477754445121e+18,8513271753,9190308579,lane12:B1:s12->s11,347435038
55,lane12:B0:s10->s9,pp_message,backward,0,-1,10,12,172,156,10,9,-1,p2p,4712346,4712346,0,,,8859531779,8864244125,rank172:B0,0
55,rank156:B0,compute,backward,0,156,9,12,156,156,9,9,4,cooldown,708875734,0,0,1.7854777542130145e+18,1.78547775492189e+18,8864244125,9573119859,lane12:B0:s10->s9,4524259330
55,lane12:B2:s13->s12,pp_message,backward,2,-1,13,12,220,204,13,12,-1,p2p,4712346,4712346,0,,,8869838064,8874550410,rank220:B2,0
55,rank204:B2,compute,backward,2,204,12,12,204,204,12,12,6,cooldown,678287830,0,0,1.7854777541301448e+18,1.7854777548084326e+18,8874550410,9552838240,lane12:B2:s13->s12,365991003
55,lane12:B3:s14->s13,pp_message,backward,3,-1,14,12,236,220,14,13,-1,p2p,4712346,4712346,0,,,8881783450,8886495796,rank236:B3,0
55,rank220:B3,compute,backward,3,220,13,12,220,220,13,13,7,cooldown,682351258,0,0,1.7854777541481833e+18,1.7854777548305344e+18,8886495796,9568847054,lane12:B3:s14->s13,16657732
55,lane12:B1:s11->s10,pp_message,backward,1,-1,11,12,188,172,11,10,-1,p2p,4712346,4712346,0,,,9190308579,9195020925,rank188:B1,0
55,rank172:B1,compute,backward,1,172,10,12,172,172,10,10,5,cooldown,685819935,0,0,1.7854777545431404e+18,1.7854777552289603e+18,9195020925,9880840860,lane12:B1:s11->s10,335489146
55,lane12:B2:s12->s11,pp_message,backward,2,-1,12,12,204,188,12,11,-1,p2p,4712346,4712346,0,,,9552838240,9557550586,rank204:B2,0
55,rank188:B2,compute,backward,2,188,11,12,188,188,11,11,6,cooldown,679325022,0,0,1.7854777549050092e+18,1.785477755584334e+18,9557550586,10236875608,lane12:B2:s12->s11,367242007
55,lane12:B3:s13->s12,pp_message,backward,3,-1,13,12,220,204,13,12,-1,p2p,4712346,4712346,0,,,9568847054,9573559400,rank220:B3,0
55,lane12:B0:s9->s8,pp_message,backward,0,-1,9,12,156,140,9,8,-1,p2p,4712346,4712346,0,,,9573119859,9577832205,rank156:B0,0
55,rank204:B3,compute,backward,3,204,12,12,204,204,12,12,7,cooldown,675519296,0,0,1.785477754929162e+18,1.7854777556046812e+18,9573559400,10249078696,lane12:B3:s13->s12,20721160
55,rank140:B0,compute,backward,0,140,8,12,140,140,8,8,4,cooldown,719834814,0,0,1.7854777550212168e+18,1.7854777557410516e+18,9577832205,10297667019,lane12:B0:s9->s8,5565601416
55,lane12:B1:s10->s9,pp_message,backward,1,-1,10,12,172,156,10,9,-1,p2p,4712346,4712346,0,,,9880840860,9885553206,rank172:B1,0
55,rank156:B1,compute,backward,1,156,9,12,156,156,9,9,5,cooldown,713243832,0,0,1.7854777553272812e+18,1.785477756040525e+18,9885553206,10598797038,lane12:B1:s10->s9,312433347
55,lane12:B2:s11->s10,pp_message,backward,2,-1,11,12,188,172,11,10,-1,p2p,4712346,4712346,0,,,10236875608,10241587954,rank188:B2,0
55,rank172:B2,compute,backward,2,172,10,12,172,172,10,10,6,cooldown,683997860,0,0,1.7854777556820772e+18,1.785477756366075e+18,10241587954,10925585814,lane12:B2:s11->s10,360747094
55,lane12:B3:s12->s11,pp_message,backward,3,-1,12,12,204,188,12,11,-1,p2p,4712346,4712346,0,,,10249078696,10253791042,rank204:B3,0
55,rank188:B3,compute,backward,3,188,11,12,188,188,11,11,7,cooldown,686296890,0,0,1.7854777557017254e+18,1.7854777563880223e+18,10253791042,10940087932,lane12:B3:s12->s11,16915434
55,lane12:B0:s8->s7,pp_message,backward,0,-1,8,12,140,124,8,7,-1,p2p,4712346,4712346,0,,,10297667019,10302379365,rank140:B0,0
55,rank124:B0,compute,backward,0,124,7,12,124,124,7,7,4,cooldown,685003644,0,0,1.7854777558385057e+18,1.7854777565235095e+18,10302379365,10987383009,lane12:B0:s8->s7,6604807949
55,lane12:B1:s9->s8,pp_message,backward,1,-1,9,12,156,140,9,8,-1,p2p,4712346,4712346,0,,,10598797038,10603509384,rank156:B1,0
55,rank140:B1,compute,backward,1,140,8,12,140,140,8,8,5,cooldown,713538870,0,0,1.7854777561380746e+18,1.7854777568516134e+18,10603509384,11317048254,lane12:B1:s9->s8,305842365
55,lane12:B2:s10->s9,pp_message,backward,2,-1,10,12,172,156,10,9,-1,p2p,4712346,4712346,0,,,10925585814,10930298160,rank172:B2,0
55,rank156:B2,compute,backward,2,156,9,12,156,156,9,9,6,cooldown,703310360,0,0,1.7854777564648271e+18,1.7854777571681375e+18,10930298160,11633608520,lane12:B2:s10->s9,331501122
55,lane12:B3:s11->s10,pp_message,backward,3,-1,11,12,188,172,11,10,-1,p2p,4712346,4712346,0,,,10940087932,10944800278,rank188:B3,0
55,rank172:B3,compute,backward,3,172,10,12,172,172,10,10,7,cooldown,685320249,0,0,1.7854777564857295e+18,1.7854777571710497e+18,10944800278,11630120527,lane12:B3:s11->s10,19214464
55,lane12:B0:s7->s6,pp_message,backward,0,-1,7,12,124,108,7,6,-1,p2p,4712346,4712346,0,,,10987383009,10992095355,rank124:B0,0
55,rank108:B0,compute,backward,0,108,6,12,108,108,6,6,4,cooldown,698710716,0,0,1.785477756621819e+18,1.7854777573205297e+18,10992095355,11690806071,lane12:B0:s7->s6,7608743201
55,lane12:B1:s8->s7,pp_message,backward,1,-1,8,12,140,124,8,7,-1,p2p,4712346,4712346,0,,,11317048254,11321760600,rank140:B1,0
55,rank124:B1,compute,backward,1,124,7,12,124,124,7,7,5,cooldown,686500638,0,0,1.7854777569499284e+18,1.785477757636429e+18,11321760600,12008261238,lane12:B1:s8->s7,334377591
55,lane12:B3:s10->s9,pp_message,backward,3,-1,10,12,172,156,10,9,-1,p2p,4712346,4712346,0,,,11630120527,11634832873,rank172:B3,0
55,lane12:B2:s9->s8,pp_message,backward,2,-1,9,12,156,140,9,8,-1,p2p,4712346,4712346,0,,,11633608520,11638320866,rank156:B2,0
55,rank140:B2,compute,backward,2,140,8,12,140,140,8,8,6,cooldown,693021654,0,0,1.7854777572666908e+18,1.7854777579597125e+18,11638320866,12331342520,lane12:B2:s9->s8,321272612
55,rank156:B3,compute,backward,3,156,9,12,156,156,9,9,7,cooldown,716384206,0,0,1.7854777572722248e+18,1.785477757988609e+18,11638320866,12354705072,lane12:B2:s9->s8,4712346
55,lane12:B0:s6->s5,pp_message,backward,0,-1,6,12,108,92,6,5,-1,p2p,4712346,4712346,0,,,11690806071,11695518417,rank108:B0,0
55,rank92:B0,compute,backward,0,92,5,12,92,92,5,5,4,cooldown,690283615,0,0,1.785477757419338e+18,1.7854777581096215e+18,11695518417,12385802032,lane12:B0:s6->s5,8652879752
55,lane12:B1:s7->s6,pp_message,backward,1,-1,7,12,124,108,7,6,-1,p2p,4712346,4712346,0,,,12008261238,12012973584,rank124:B1,0
55,rank108:B1,compute,backward,1,108,6,12,108,108,6,6,5,cooldown,695280602,0,0,1.7854777577347523e+18,1.785477758430033e+18,12012973584,12708254186,lane12:B1:s7->s6,322167513
55,lane12:B2:s8->s7,pp_message,backward,2,-1,8,12,140,124,8,7,-1,p2p,4712346,4712346,0,,,12331342520,12336054866,rank140:B2,0
55,rank124:B2,compute,backward,2,124,7,12,124,124,7,7,6,cooldown,684891552,0,0,1.7854777580584745e+18,1.7854777587433661e+18,12336054866,13020946418,lane12:B2:s8->s7,327793628
55,lane12:B3:s9->s8,pp_message,backward,3,-1,9,12,156,140,9,8,-1,p2p,4712346,4712346,0,,,12354705072,12359417418,rank156:B3,0
55,rank140:B3,compute,backward,3,140,8,12,140,140,8,8,7,cooldown,722182411,0,0,1.7854777580865723e+18,1.7854777588087547e+18,12359417418,13081599829,lane12:B3:s9->s8,28074898
55,lane12:B0:s5->s4,pp_message,backward,0,-1,5,12,92,76,5,4,-1,p2p,4712346,4712346,0,,,12385802032,12390514378,rank92:B0,0
55,rank76:B0,compute,backward,0,76,4,12,76,76,4,4,4,cooldown,700842797,0,0,1.7854777582090478e+18,1.7854777589098906e+18,12390514378,13091357175,lane12:B0:s5->s4,9775436919
55,lane12:B1:s6->s5,pp_message,backward,1,-1,6,12,108,92,6,5,-1,p2p,4712346,4712346,0,,,12708254186,12712966532,rank108:B1,0
55,rank92:B1,compute,backward,1,92,5,12,92,92,5,5,5,cooldown,687891845,0,0,1.7854777585284557e+18,1.7854777592163474e+18,12712966532,13400858377,lane12:B1:s6->s5,327164500
55,lane12:B2:s7->s6,pp_message,backward,2,-1,7,12,124,108,7,6,-1,p2p,4712346,4712346,0,,,13020946418,13025658764,rank124:B2,0
55,rank108:B2,compute,backward,2,108,6,12,108,108,6,6,6,cooldown,695970799,0,0,1.7854777588418552e+18,1.7854777595378258e+18,13025658764,13721629563,lane12:B2:s7->s6,317404578
55,lane12:B3:s8->s7,pp_message,backward,3,-1,8,12,140,124,8,7,-1,p2p,4712346,4712346,0,,,13081599829,13086312175,rank140:B3,0
55,rank124:B3,compute,backward,3,124,7,12,124,124,7,7,7,cooldown,681146092,0,0,1.785477758907222e+18,1.7854777595883681e+18,13086312175,13767458267,lane12:B3:s8->s7,65365757
55,lane12:B0:s4->s3,pp_message,backward,0,-1,4,12,76,60,4,3,-1,p2p,4712346,4712346,0,,,13091357175,13096069521,rank76:B0,0
55,rank60:B0,compute,backward,0,60,3,12,60,60,3,3,4,cooldown,723688901,0,0,1.7854777590099884e+18,1.7854777597336773e+18,13096069521,13819758422,lane12:B0:s4->s3,10815685024
55,lane12:B1:s5->s4,pp_message,backward,1,-1,5,12,92,76,5,4,-1,p2p,4712346,4712346,0,,,13400858377,13405570723,rank92:B1,0
55,rank76:B1,compute,backward,1,76,4,12,76,76,4,4,5,cooldown,699458878,0,0,1.7854777593146327e+18,1.7854777600140918e+18,13405570723,14105029601,lane12:B1:s5->s4,314213548
55,lane12:B2:s6->s5,pp_message,backward,2,-1,6,12,108,92,6,5,-1,p2p,4712346,4712346,0,,,13721629563,13726341909,rank108:B2,0
55,rank92:B2,compute,backward,2,92,5,12,92,92,5,5,6,cooldown,688636855,0,0,1.7854777596366492e+18,1.785477760325286e+18,13726341909,14414978764,lane12:B2:s6->s5,325483532
55,lane12:B3:s7->s6,pp_message,backward,3,-1,7,12,124,108,7,6,-1,p2p,4712346,4712346,0,,,13767458267,13772170613,rank124:B3,0
55,rank108:B3,compute,backward,3,108,6,12,108,108,6,6,7,cooldown,697147592,0,0,1.7854777596863954e+18,1.785477760383543e+18,13772170613,14469318205,lane12:B3:s7->s6,50541050
55,lane12:B0:s3->s2,pp_message,backward,0,-1,3,12,60,44,3,2,-1,p2p,4712346,4712346,0,,,13819758422,13824470768,rank60:B0,0
55,rank44:B0,compute,backward,0,44,2,12,44,44,2,2,4,cooldown,705234864,0,0,1.7854777598334764e+18,1.785477760538711e+18,13824470768,14529705632,lane12:B0:s3->s2,11969067864
55,lane12:B1:s4->s3,pp_message,backward,1,-1,4,12,76,60,4,3,-1,p2p,4712346,4712346,0,,,14105029601,14109741947,rank76:B1,0
55,rank60:B1,compute,backward,1,60,3,12,60,60,3,3,5,cooldown,697279193,0,0,1.7854777601128317e+18,1.785477760810111e+18,14109741947,14807021140,lane12:B1:s4->s3,289983525
55,lane12:B2:s5->s4,pp_message,backward,2,-1,5,12,92,76,5,4,-1,p2p,4712346,4712346,0,,,14414978764,14419691110,rank92:B2,0
55,rank76:B2,compute,backward,2,76,4,12,76,76,4,4,6,cooldown,699397782,0,0,1.7854777604243064e+18,1.7854777611237043e+18,14419691110,15119088892,lane12:B2:s5->s4,314661509
55,lane12:B3:s6->s5,pp_message,backward,3,-1,6,12,108,92,6,5,-1,p2p,4712346,4712346,0,,,14469318205,14474030551,rank108:B3,0
55,rank92:B3,compute,backward,3,92,5,12,92,92,5,5,7,cooldown,687256763,0,0,1.7854777604828116e+18,1.7854777611700685e+18,14474030551,15161287314,lane12:B3:s6->s5,59051787
55,lane12:B0:s2->s1,pp_message,backward,0,-1,2,12,44,28,2,1,-1,p2p,4712346,4712346,0,,,14529705632,14534417978,rank44:B0,0
55,rank28:B0,compute,backward,0,28,1,12,28,28,1,1,4,cooldown,725187602,0,0,1.7854777606380027e+18,1.7854777613631903e+18,14534417978,15259605580,lane12:B0:s2->s1,13035574381
55,lane12:B1:s3->s2,pp_message,backward,1,-1,3,12,60,44,3,2,-1,p2p,4712346,4712346,0,,,14807021140,14811733486,rank60:B1,0
55,rank44:B1,compute,backward,1,44,2,12,44,44,2,2,5,cooldown,759784360,0,0,1.7854777609077742e+18,1.7854777616675584e+18,14811733486,15571517846,lane12:B1:s3->s2,282027854
55,lane12:B2:s4->s3,pp_message,backward,2,-1,4,12,76,60,4,3,-1,p2p,4712346,4712346,0,,,15119088892,15123801238,rank76:B2,0
55,rank60:B2,compute,backward,2,60,3,12,60,60,3,3,6,cooldown,694405186,0,0,1.785477761222717e+18,1.785477761917122e+18,15123801238,15818206424,lane12:B2:s4->s3,316780098
55,lane12:B3:s5->s4,pp_message,backward,3,-1,5,12,92,76,5,4,-1,p2p,4712346,4712346,0,,,15161287314,15165999660,rank92:B3,0
55,rank76:B3,compute,backward,3,76,4,12,76,76,4,4,7,cooldown,699063389,0,0,1.7854777612689295e+18,1.7854777619679928e+18,15165999660,15865063049,lane12:B3:s5->s4,46910768
55,lane12:B0:s1->s0,pp_message,backward,0,-1,1,12,28,12,1,0,-1,p2p,4712346,4712346,0,,,15259605580,15264317926,rank28:B0,0
55,rank12:B0,compute,backward,0,12,0,12,12,12,0,0,4,cooldown,409406600,0,0,1.7854777614614267e+18,1.7854777618708332e+18,15264317926,15673724526,lane12:B0:s1->s0,14596961209
55,lane12:B1:s2->s1,pp_message,backward,1,-1,2,12,44,28,2,1,-1,p2p,4712346,4712346,0,,,15571517846,15576230192,rank44:B1,0
55,rank28:B1,compute,backward,1,28,1,12,28,28,1,1,5,cooldown,728226771,0,0,1.7854777617653117e+18,1.7854777624935386e+18,15576230192,16304456963,lane12:B1:s2->s1,316624612
55,lane12:B2:s3->s2,pp_message,backward,2,-1,3,12,60,44,3,2,-1,p2p,4712346,4712346,0,,,15818206424,15822918770,rank60:B2,0
55,rank44:B2,compute,backward,2,44,2,12,44,44,2,2,6,cooldown,709556755,0,0,1.7854777620136138e+18,1.7854777627231706e+18,15822918770,16532475525,lane12:B2:s3->s2,251400924
55,lane12:B3:s4->s3,pp_message,backward,3,-1,4,12,76,60,4,3,-1,p2p,4712346,4712346,0,,,15865063049,15869775395,rank76:B3,0
55,rank60:B3,compute,backward,3,60,3,12,60,60,3,3,7,cooldown,693511345,0,0,1.7854777620664218e+18,1.7854777627599332e+18,15869775395,16563286740,lane12:B3:s4->s3,51568971
55,lane12:B1:s1->s0,pp_message,backward,1,-1,1,12,28,12,1,0,-1,p2p,4712346,4712346,0,,,16304456963,16309169309,rank28:B1,0
55,rank12:B1,compute,backward,1,12,0,12,12,12,0,0,5,cooldown,415816026,0,0,1.78547776259003e+18,1.785477763005846e+18,16309169309,16724985335,lane12:B1:s1->s0,635444783
55,lane12:B2:s2->s1,pp_message,backward,2,-1,2,12,44,28,2,1,-1,p2p,4712346,4712346,0,,,16532475525,16537187871,rank44:B2,0
55,rank28:B2,compute,backward,2,28,1,12,28,28,1,1,6,cooldown,724322416,0,0,1.7854777628208883e+18,1.785477763545211e+18,16537187871,17261510287,lane12:B2:s2->s1,232730908
55,lane12:B3:s3->s2,pp_message,backward,3,-1,3,12,60,44,3,2,-1,p2p,4712346,4712346,0,,,16563286740,16567999086,rank60:B3,0
55,rank44:B3,compute,backward,3,44,2,12,44,44,2,2,7,cooldown,705855503,0,0,1.7854777628569144e+18,1.78547776356277e+18,16567999086,17273854589,lane12:B3:s3->s2,35523561
55,lane12:B2:s1->s0,pp_message,backward,2,-1,1,12,28,12,1,0,-1,p2p,4712346,4712346,0,,,17261510287,17266222633,rank28:B2,0
55,rank12:B2,compute,backward,2,12,0,12,12,12,0,0,6,cooldown,408284985,0,0,1.7854777636432174e+18,1.7854777640515023e+18,17266222633,17674507618,lane12:B2:s1->s0,541237298
55,lane12:B3:s2->s1,pp_message,backward,3,-1,2,12,44,28,2,1,-1,p2p,4712346,4712346,0,,,17273854589,17278566935,rank44:B3,0
55,rank28:B3,compute,backward,3,28,1,12,28,28,1,1,7,cooldown,726042320,0,0,1.785477763660886e+18,1.7854777643869284e+18,17278566935,18004609255,lane12:B3:s2->s1,17056648
55,lane12:B3:s1->s0,pp_message,backward,3,-1,1,12,28,12,1,0,-1,p2p,4712346,4712346,0,,,18004609255,18009321601,rank28:B3,0
55,rank12:B3,compute,backward,3,12,0,12,12,12,0,0,7,cooldown,408071061,0,0,1.7854777644850516e+18,1.7854777648931228e+18,18009321601,18417392662,lane12:B3:s1->s0,334813983
55,rank13:F0,compute,forward,0,13,0,13,13,13,0,0,0,warmup,160766814,0,0,1.7854777448083366e+18,1.7854777449691034e+18,0,160766814,,0
55,lane13:F0:s0->s1,pp_message,forward,0,-1,0,13,13,29,0,1,-1,p2p,4712346,4712346,0,,,160766814,165479160,rank13:F0,0
55,rank13:F1,compute,forward,1,13,0,13,13,13,0,0,1,warmup,158544883,0,0,1.7854777449743852e+18,1.78547774513293e+18,165479160,324024043,lane13:F0:s0->s1,4712346
55,rank29:F0,compute,forward,0,29,1,13,29,29,1,1,0,warmup,323975327,0,0,1.785477744974334e+18,1.785477745298309e+18,165479160,489454487,lane13:F0:s0->s1,165479160
55,lane13:F1:s0->s1,pp_message,forward,1,-1,0,13,13,29,0,1,-1,p2p,4712346,4712346,0,,,324024043,328736389,rank13:F1,0
55,rank13:F2,compute,forward,2,13,0,13,13,13,0,0,2,warmup,158329108,0,0,1.7854777453085985e+18,1.7854777454669276e+18,328736389,487065497,lane13:F1:s0->s1,4712346
55,lane13:F2:s0->s1,pp_message,forward,2,-1,0,13,13,29,0,1,-1,p2p,4712346,4712346,0,,,487065497,491777843,rank13:F2,0
55,lane13:F0:s1->s2,pp_message,forward,0,-1,1,13,29,45,1,2,-1,p2p,4712346,4712346,0,,,489454487,494166833,rank29:F0,0
55,rank13:F3,compute,forward,3,13,0,13,13,13,0,0,3,warmup,178047924,0,0,1.7854777456632317e+18,1.7854777458412795e+18,491777843,669825767,lane13:F2:s0->s1,4712346
55,rank29:F1,compute,forward,1,29,1,13,29,29,1,1,1,warmup,327687224,0,0,1.7854777453085307e+18,1.785477745636218e+18,494166833,821854057,lane13:F0:s1->s2,4712346
55,rank45:F0,compute,forward,0,45,2,13,45,45,2,2,0,warmup,344249216,0,0,1.7854777453034683e+18,1.7854777456477176e+18,494166833,838416049,lane13:F0:s1->s2,494166833
55,lane13:F3:s0->s1,pp_message,forward,3,-1,0,13,13,29,0,1,-1,p2p,4712346,4712346,0,,,669825767,674538113,rank13:F3,0
55,lane13:F1:s1->s2,pp_message,forward,1,-1,1,13,29,45,1,2,-1,p2p,4712346,4712346,0,,,821854057,826566403,rank29:F1,0
55,rank29:F2,compute,forward,2,29,1,13,29,29,1,1,2,warmup,342398096,0,0,1.7854777456631616e+18,1.7854777460055596e+18,826566403,1168964499,lane13:F1:s1->s2,4712346
55,lane13:F0:s2->s3,pp_message,forward,0,-1,2,13,45,61,2,3,-1,p2p,4712346,4712346,0,,,838416049,843128395,rank45:F0,0
55,rank45:F1,compute,forward,1,45,2,13,45,45,2,2,1,warmup,336700852,0,0,1.7854777456579517e+18,1.7854777459946527e+18,843128395,1179829247,lane13:F0:s2->s3,4712346
55,rank61:F0,compute,forward,0,61,3,13,61,61,3,3,0,warmup,407340540,0,0,1.7854777456530396e+18,1.7854777460603802e+18,843128395,1250468935,lane13:F0:s2->s3,843128395
55,lane13:F2:s1->s2,pp_message,forward,2,-1,1,13,29,45,1,2,-1,p2p,4712346,4712346,0,,,1168964499,1173676845,rank29:F2,0
55,rank29:F3,compute,forward,3,29,1,13,29,29,1,1,3,warmup,326074928,0,0,1.7854777460809308e+18,1.785477746407006e+18,1173676845,1499751773,lane13:F2:s1->s2,4712346
55,lane13:F1:s2->s3,pp_message,forward,1,-1,2,13,45,61,2,3,-1,p2p,4712346,4712346,0,,,1179829247,1184541593,rank45:F1,0
55,rank45:F2,compute,forward,2,45,2,13,45,45,2,2,2,warmup,320534369,0,0,1.7854777460757655e+18,1.7854777463963e+18,1184541593,1505075962,lane13:F1:s2->s3,4712346
55,lane13:F0:s3->s4,pp_message,forward,0,-1,3,13,61,77,3,4,-1,p2p,4712346,4712346,0,,,1250468935,1255181281,rank61:F0,0
55,rank61:F1,compute,forward,1,61,3,13,61,61,3,3,1,warmup,352990249,0,0,1.785477746070462e+18,1.7854777464234522e+18,1255181281,1608171530,lane13:F0:s3->s4,4712346
55,rank77:F0,compute,forward,0,77,4,13,77,77,4,4,0,warmup,318761681,0,0,1.7854777460655683e+18,1.78547774638433e+18,1255181281,1573942962,lane13:F0:s3->s4,1255181281
55,lane13:F3:s1->s2,pp_message,forward,3,-1,1,13,29,45,1,2,-1,p2p,4712346,4712346,0,,,1499751773,1504464119,rank29:F3,0
55,lane13:F2:s2->s3,pp_message,forward,2,-1,2,13,45,61,2,3,-1,p2p,4712346,4712346,0,,,1505075962,1509788308,rank45:F2,0
55,rank45:F3,compute,forward,3,45,2,13,45,45,2,2,3,warmup,347051594,0,0,1.785477746438766e+18,1.7854777467858176e+18,1509788308,1856839902,lane13:F2:s2->s3,4712346
55,lane13:F0:s4->s5,pp_message,forward,0,-1,4,13,77,93,4,5,-1,p2p,4712346,4712346,0,,,1573942962,1578655308,rank77:F0,0
55,rank93:F0,compute,forward,0,93,5,13,93,93,5,5,0,warmup,314765406,0,0,1.7854777463899794e+18,1.7854777467047447e+18,1578655308,1893420714,lane13:F0:s4->s5,1578655308
55,lane13:F1:s3->s4,pp_message,forward,1,-1,3,13,61,77,3,4,-1,p2p,4712346,4712346,0,,,1608171530,1612883876,rank61:F1,0
55,rank61:F2,compute,forward,2,61,3,13,61,61,3,3,2,warmup,337763932,0,0,1.78547774643363e+18,1.785477746771394e+18,1612883876,1950647808,lane13:F1:s3->s4,4712346
55,rank77:F1,compute,forward,1,77,4,13,77,77,4,4,1,warmup,318179646,0,0,1.7854777464284452e+18,1.785477746746625e+18,1612883876,1931063522,lane13:F1:s3->s4,38940914
55,lane13:F3:s2->s3,pp_message,forward,3,-1,2,13,45,61,2,3,-1,p2p,4712346,4712346,0,,,1856839902,1861552248,rank45:F3,0
55,lane13:F0:s5->s6,pp_message,forward,0,-1,5,13,93,109,5,6,-1,p2p,4712346,4712346,0,,,1893420714,1898133060,rank93:F0,0
55,rank109:F0,compute,forward,0,109,6,13,109,109,6,6,0,warmup,316382040,0,0,1.7854777467102088e+18,1.785477747026591e+18,1898133060,2214515100,lane13:F0:s5->s6,1898133060
55,lane13:F1:s4->s5,pp_message,forward,1,-1,4,13,77,93,4,5,-1,p2p,4712346,4712346,0,,,1931063522,1935775868,rank77:F1,0
55,rank93:F1,compute,forward,1,93,5,13,93,93,5,5,1,warmup,461458290,0,0,1.7854777467519188e+18,1.7854777472133773e+18,1935775868,2397234158,lane13:F1:s4->s5,42355154
55,lane13:F2:s3->s4,pp_message,forward,2,-1,3,13,61,77,3,4,-1,p2p,4712346,4712346,0,,,1950647808,1955360154,rank61:F2,0
55,rank61:F3,compute,forward,3,61,3,13,61,61,3,3,3,warmup,325401629,0,0,1.7854777467911212e+18,1.7854777471165228e+18,1955360154,2280761783,lane13:F2:s3->s4,4712346
55,rank77:F2,compute,forward,2,77,4,13,77,77,4,4,2,warmup,317008531,0,0,1.7854777467763822e+18,1.7854777470933906e+18,1955360154,2272368685,lane13:F2:s3->s4,24296632
55,lane13:F0:s6->s7,pp_message,forward,0,-1,6,13,109,125,6,7,-1,p2p,4712346,4712346,0,,,2214515100,2219227446,rank109:F0,0
55,rank125:F0,compute,forward,0,125,7,13,125,125,7,7,0,warmup,322378398,0,0,1.7854777470322988e+18,1.7854777473546772e+18,2219227446,2541605844,lane13:F0:s6->s7,2219227446
55,lane13:F2:s4->s5,pp_message,forward,2,-1,4,13,77,93,4,5,-1,p2p,4712346,4712346,0,,,2272368685,2277081031,rank77:F2,0
55,lane13:F3:s3->s4,pp_message,forward,3,-1,3,13,61,77,3,4,-1,p2p,4712346,4712346,0,,,2280761783,2285474129,rank61:F3,0
55,rank77:F3,compute,forward,3,77,4,13,77,77,4,4,3,warmup,329958146,0,0,1.7854777472288177e+18,1.7854777475587758e+18,2285474129,2615432275,lane13:F3:s3->s4,13105444
55,lane13:F1:s5->s6,pp_message,forward,1,-1,5,13,93,109,5,6,-1,p2p,4712346,4712346,0,,,2397234158,2401946504,rank93:F1,0
55,rank109:F1,compute,forward,1,109,6,13,109,109,6,6,1,warmup,327815435,0,0,1.7854777472184456e+18,1.785477747546261e+18,2401946504,2729761939,lane13:F1:s5->s6,187431404
55,rank93:F2,compute,forward,2,93,5,13,93,93,5,5,2,warmup,324295327,0,0,1.7854777472236897e+18,1.785477747547985e+18,2401946504,2726241831,lane13:F1:s5->s6,4712346
55,lane13:F0:s7->s8,pp_message,forward,0,-1,7,13,125,141,7,8,-1,p2p,4712346,4712346,0,,,2541605844,2546318190,rank125:F0,0
55,rank141:F0,compute,forward,0,141,8,13,141,141,8,8,0,warmup,314676537,0,0,1.7854777473605844e+18,1.785477747675261e+18,2546318190,2860994727,lane13:F0:s7->s8,2546318190
55,lane13:F3:s4->s5,pp_message,forward,3,-1,4,13,77,93,4,5,-1,p2p,4712346,4712346,0,,,2615432275,2620144621,rank77:F3,0
55,lane13:F2:s5->s6,pp_message,forward,2,-1,5,13,93,109,5,6,-1,p2p,4712346,4712346,0,,,2726241831,2730954177,rank93:F2,0
55,lane13:F1:s6->s7,pp_message,forward,1,-1,6,13,109,125,6,7,-1,p2p,4712346,4712346,0,,,2729761939,2734474285,rank109:F1,0
55,rank93:F3,compute,forward,3,93,5,13,93,93,5,5,3,warmup,312222420,0,0,1.785477747564081e+18,1.7854777478763034e+18,2730954177,3043176597,lane13:F2:s5->s6,4712346
55,rank109:F2,compute,forward,2,109,6,13,109,109,6,6,2,warmup,330083902,0,0,1.7854777475567444e+18,1.7854777478868283e+18,2734474285,3064558187,lane13:F1:s6->s7,4712346
55,rank125:F1,compute,forward,1,125,7,13,125,125,7,7,1,warmup,311250136,0,0,1.7854777475515428e+18,1.785477747862793e+18,2734474285,3045724421,lane13:F1:s6->s7,192868441
55,lane13:F0:s8->s9,pp_message,forward,0,-1,8,13,141,157,8,9,-1,p2p,4712346,4712346,0,,,2860994727,2865707073,rank141:F0,0
55,rank157:F0,compute,forward,0,157,9,13,157,157,9,9,0,warmup,322405901,0,0,1.7854777476806653e+18,1.7854777480030715e+18,2865707073,3188112974,lane13:F0:s8->s9,2865707073
55,lane13:F3:s5->s6,pp_message,forward,3,-1,5,13,93,109,5,6,-1,p2p,4712346,4712346,0,,,3043176597,3047888943,rank93:F3,0
55,lane13:F1:s7->s8,pp_message,forward,1,-1,7,13,125,141,7,8,-1,p2p,4712346,4712346,0,,,3045724421,3050436767,rank125:F1,0
55,rank141:F1,compute,forward,1,141,8,13,141,141,8,8,1,warmup,316605427,0,0,1.78547774786788e+18,1.7854777481844854e+18,3050436767,3367042194,lane13:F1:s7->s8,189442040
55,lane13:F2:s6->s7,pp_message,forward,2,-1,6,13,109,125,6,7,-1,p2p,4712346,4712346,0,,,3064558187,3069270533,rank109:F2,0
55,rank109:F3,compute,forward,3,109,6,13,109,109,6,6,3,warmup,314040619,0,0,1.785477747897398e+18,1.7854777482114388e+18,3069270533,3383311152,lane13:F2:s6->s7,4712346
55,rank125:F2,compute,forward,2,125,7,13,125,125,7,7,2,warmup,309298557,0,0,1.785477747892105e+18,1.7854777482014034e+18,3069270533,3378569090,lane13:F2:s6->s7,23546112
55,lane13:F0:s9->s10,pp_message,forward,0,-1,9,13,157,173,9,10,-1,p2p,4712346,4712346,0,,,3188112974,3192825320,rank157:F0,0
55,rank173:F0,compute,forward,0,173,10,13,173,173,10,10,0,warmup,313307742,0,0,1.7854777480085852e+18,1.7854777483218929e+18,3192825320,3506133062,lane13:F0:s9->s10,3192825320
55,lane13:F1:s8->s9,pp_message,forward,1,-1,8,13,141,157,8,9,-1,p2p,4712346,4712346,0,,,3367042194,3371754540,rank141:F1,0
55,rank157:F1,compute,forward,1,157,9,13,157,157,9,9,1,warmup,317649044,0,0,1.7854777481895826e+18,1.7854777485072315e+18,3371754540,3689403584,lane13:F1:s8->s9,183641566
55,lane13:F2:s7->s8,pp_message,forward,2,-1,7,13,125,141,7,8,-1,p2p,4712346,4712346,0,,,3378569090,3383281436,rank125:F2,0
55,rank141:F2,compute,forward,2,141,8,13,141,141,8,8,2,warmup,311817662,0,0,1.7854777482064074e+18,1.785477748518225e+18,3383281436,3695099098,lane13:F2:s7->s8,16239242
55,lane13:F3:s6->s7,pp_message,forward,3,-1,6,13,109,125,6,7,-1,p2p,4712346,4712346,0,,,3383311152,3388023498,rank109:F3,0
55,rank125:F3,compute,forward,3,125,7,13,125,125,7,7,3,warmup,309462037,0,0,1.7854777482166449e+18,1.785477748526107e+18,3388023498,3697485535,lane13:F3:s6->s7,9454408
55,lane13:F0:s10->s11,pp_message,forward,0,-1,10,13,173,189,10,11,-1,p2p,4712346,4712346,0,,,3506133062,3510845408,rank173:F0,0
55,rank189:F0,compute,forward,0,189,11,13,189,189,11,11,0,warmup,312210102,0,0,1.7854777483282007e+18,1.7854777486404106e+18,3510845408,3823055510,lane13:F0:s10->s11,3510845408
55,lane13:F1:s9->s10,pp_message,forward,1,-1,9,13,157,173,9,10,-1,p2p,4712346,4712346,0,,,3689403584,3694115930,rank157:F1,0
55,rank173:F1,compute,forward,1,173,10,13,173,173,10,10,1,warmup,310751872,0,0,1.785477748512452e+18,1.7854777488232038e+18,3694115930,4004867802,lane13:F1:s9->s10,187982868
55,lane13:F2:s8->s9,pp_message,forward,2,-1,8,13,141,157,8,9,-1,p2p,4712346,4712346,0,,,3695099098,3699811444,rank141:F2,0
55,lane13:F3:s7->s8,pp_message,forward,3,-1,7,13,125,141,7,8,-1,p2p,4712346,4712346,0,,,3697485535,3702197881,rank125:F3,0
55,rank157:F2,compute,forward,2,157,9,13,157,157,9,9,2,warmup,316649914,0,0,1.7854777485232883e+18,1.7854777488399383e+18,3699811444,4016461358,lane13:F2:s8->s9,10407860
55,rank141:F3,compute,forward,3,141,8,13,141,141,8,8,3,warmup,310008151,0,0,1.785477748531063e+18,1.785477748841071e+18,3702197881,4012206032,lane13:F3:s7->s8,7098783
55,lane13:F0:s11->s12,pp_message,forward,0,-1,11,13,189,205,11,12,-1,p2p,4712346,4712346,0,,,3823055510,3827767856,rank189:F0,0
55,rank205:F0,compute,forward,0,205,12,13,205,205,12,12,0,warmup,311821981,0,0,1.78547774864634e+18,1.785477748958162e+18,3827767856,4139589837,lane13:F0:s11->s12,3827767856
55,lane13:F1:s10->s11,pp_message,forward,1,-1,10,13,173,189,10,11,-1,p2p,4712346,4712346,0,,,4004867802,4009580148,rank173:F1,0
55,rank189:F1,compute,forward,1,189,11,13,189,189,11,11,1,warmup,308639685,0,0,1.7854777488282895e+18,1.7854777491369293e+18,4009580148,4318219833,lane13:F1:s10->s11,186524638
55,lane13:F3:s8->s9,pp_message,forward,3,-1,8,13,141,157,8,9,-1,p2p,4712346,4712346,0,,,4012206032,4016918378,rank141:F3,0
55,lane13:F2:s9->s10,pp_message,forward,2,-1,9,13,157,173,9,10,-1,p2p,4712346,4712346,0,,,4016461358,4021173704,rank157:F2,0
55,rank157:F3,compute,forward,3,157,9,13,157,157,9,9,3,warmup,318877502,0,0,1.7854777488501563e+18,1.7854777491690337e+18,4021173704,4340051206,lane13:F2:s9->s10,4712346
55,rank173:F2,compute,forward,2,173,10,13,173,173,10,10,2,warmup,310057539,0,0,1.785477748845134e+18,1.7854777491551916e+18,4021173704,4331231243,lane13:F2:s9->s10,16305902
55,lane13:F0:s12->s13,pp_message,forward,0,-1,12,13,205,221,12,13,-1,p2p,4712346,4712346,0,,,4139589837,4144302183,rank205:F0,0
55,rank221:F0,compute,forward,0,221,13,13,221,221,13,13,0,warmup,315573035,0,0,1.7854777489637921e+18,1.785477749279365e+18,4144302183,4459875218,lane13:F0:s12->s13,4144302183
55,lane13:F1:s11->s12,pp_message,forward,1,-1,11,13,189,205,11,12,-1,p2p,4712346,4712346,0,,,4318219833,4322932179,rank189:F1,0
55,rank205:F1,compute,forward,1,205,12,13,205,205,12,12,1,warmup,307991479,0,0,1.785477749141961e+18,1.7854777494499525e+18,4322932179,4630923658,lane13:F1:s11->s12,183342342
55,lane13:F2:s10->s11,pp_message,forward,2,-1,10,13,173,189,10,11,-1,p2p,4712346,4712346,0,,,4331231243,4335943589,rank173:F2,0
55,rank189:F2,compute,forward,2,189,11,13,189,189,11,11,2,warmup,306146015,0,0,1.7854777491604014e+18,1.7854777494665475e+18,4335943589,4642089604,lane13:F2:s10->s11,17723756
55,lane13:F3:s9->s10,pp_message,forward,3,-1,9,13,157,173,9,10,-1,p2p,4712346,4712346,0,,,4340051206,4344763552,rank157:F3,0
55,rank173:F3,compute,forward,3,173,10,13,173,173,10,10,3,warmup,454628701,0,0,1.7854777491742303e+18,1.785477749628859e+18,4344763552,4799392253,lane13:F3:s9->s10,13532309
55,lane13:F0:s13->s14,pp_message,forward,0,-1,13,13,221,237,13,14,-1,p2p,4712346,4712346,0,,,4459875218,4464587564,rank221:F0,0
55,rank237:F0,compute,forward,0,237,14,13,237,237,14,14,0,warmup,322402741,0,0,1.7854777492850688e+18,1.7854777496074716e+18,4464587564,4786990305,lane13:F0:s13->s14,4464587564
55,lane13:F1:s12->s13,pp_message,forward,1,-1,12,13,205,221,12,13,-1,p2p,4712346,4712346,0,,,4630923658,4635636004,rank205:F1,0
55,rank221:F1,compute,forward,1,221,13,13,221,221,13,13,1,warmup,460442473,0,0,1.7854777494551565e+18,1.785477749915599e+18,4635636004,5096078477,lane13:F1:s12->s13,175760786
55,lane13:F2:s11->s12,pp_message,forward,2,-1,11,13,189,205,11,12,-1,p2p,4712346,4712346,0,,,4642089604,4646801950,rank189:F2,0
55,rank205:F2,compute,forward,2,205,12,13,205,205,12,12,2,warmup,308038988,0,0,1.7854777494715843e+18,1.7854777497796232e+18,4646801950,4954840938,lane13:F2:s11->s12,15878292
55,lane13:F0:s14->s15,pp_message,forward,0,-1,14,13,237,253,14,15,-1,p2p,4712346,4712346,0,,,4786990305,4791702651,rank237:F0,0
55,rank253:F0,compute,forward,0,253,15,13,253,253,15,15,0,steady,196088762,0,0,1.7854777496131853e+18,1.785477749809274e+18,4791702651,4987791413,lane13:F0:s14->s15,4791702651
55,lane13:F3:s10->s11,pp_message,forward,3,-1,10,13,173,189,10,11,-1,p2p,4712346,4712346,0,,,4799392253,4804104599,rank173:F3,0
55,rank189:F3,compute,forward,3,189,11,13,189,189,11,11,3,warmup,306851604,0,0,1.7854777496341517e+18,1.7854777499410033e+18,4804104599,5110956203,lane13:F3:s10->s11,162014995
55,lane13:F2:s12->s13,pp_message,forward,2,-1,12,13,205,221,12,13,-1,p2p,4712346,4712346,0,,,4954840938,4959553284,rank205:F2,0
55,rank253:B0,compute,backward,0,253,15,13,253,253,15,15,1,steady,387699565,0,0,1.78547774980941e+18,1.7854777501971098e+18,4987791413,5375490978,rank253:F0,0
55,lane13:F1:s13->s14,pp_message,forward,1,-1,13,13,221,237,13,14,-1,p2p,4712346,4712346,0,,,5096078477,5100790823,rank221:F1,0
55,rank221:F2,compute,forward,2,221,13,13,221,221,13,13,2,steady,310510269,0,0,1.785477749926071e+18,1.7854777502365814e+18,5100790823,5411301092,lane13:F1:s13->s14,4712346
55,rank237:F1,compute,forward,1,237,14,13,237,237,14,14,1,steady,312665959,0,0,1.7854777499208438e+18,1.78547775023351e+18,5100790823,5413456782,lane13:F1:s13->s14,313800518
55,lane13:F3:s11->s12,pp_message,forward,3,-1,11,13,189,205,11,12,-1,p2p,4712346,4712346,0,,,5110956203,5115668549,rank189:F3,0
55,rank205:F3,compute,forward,3,205,12,13,205,205,12,12,3,steady,308324591,0,0,1.7854777499460237e+18,1.7854777502543483e+18,5115668549,5423993140,lane13:F3:s11->s12,160827611
55,lane13:B0:s15->s14,pp_message,backward,0,-1,15,13,253,237,15,14,-1,p2p,4712346,4712346,0,,,5375490978,5380203324,rank253:B0,0
55,lane13:F2:s13->s14,pp_message,forward,2,-1,13,13,221,237,13,14,-1,p2p,4712346,4712346,0,,,5411301092,5416013438,rank221:F2,0
55,lane13:F1:s14->s15,pp_message,forward,1,-1,14,13,237,253,14,15,-1,p2p,4712346,4712346,0,,,5413456782,5418169128,rank237:F1,0
55,rank237:B0,compute,backward,0,237,14,13,237,237,14,14,2,steady,681375114,0,0,1.7854777502977341e+18,1.7854777509791094e+18,5418169128,6099544242,lane13:F1:s14->s15,4712346
55,rank253:F1,compute,forward,1,253,15,13,253,253,15,15,2,steady,192113017,0,0,1.7854777502975903e+18,1.7854777504897034e+18,5418169128,5610282145,lane13:F1:s14->s15,42678150
55,lane13:F3:s12->s13,pp_message,forward,3,-1,12,13,205,221,12,13,-1,p2p,4712346,4712346,0,,,5423993140,5428705486,rank205:F3,0
55,rank253:B1,compute,backward,1,253,15,13,253,253,15,15,3,steady,371399011,0,0,1.785477750489865e+18,1.785477750861264e+18,5610282145,5981681156,rank253:F1,0
55,lane13:B1:s15->s14,pp_message,backward,1,-1,15,13,253,237,15,14,-1,p2p,4712346,4712346,0,,,5981681156,5986393502,rank253:B1,0
55,lane13:B0:s14->s13,pp_message,backward,0,-1,14,13,237,221,14,13,-1,p2p,4712346,4712346,0,,,6099544242,6104256588,rank237:B0,0
55,rank221:B0,compute,backward,0,221,13,13,221,221,13,13,3,steady,689777955,0,0,1.785477751077357e+18,1.785477751767135e+18,6104256588,6794034543,lane13:B0:s14->s13,692955496
55,rank237:F2,compute,forward,2,237,14,13,237,237,14,14,3,steady,317223489,0,0,1.7854777510770245e+18,1.7854777513942482e+18,6104256588,6421480077,lane13:B0:s14->s13,4712346
55,lane13:F2:s14->s15,pp_message,forward,2,-1,14,13,237,253,14,15,-1,p2p,4712346,4712346,0,,,6421480077,6426192423,rank237:F2,0
55,rank237:B1,compute,backward,1,237,14,13,237,237,14,14,4,steady,691758119,0,0,1.7854777514001044e+18,1.7854777520918625e+18,6426192423,7117950542,lane13:F2:s14->s15,4712346
55,rank253:F2,compute,forward,2,253,15,13,253,253,15,15,4,steady,194785120,0,0,1.785477751400043e+18,1.785477751594828e+18,6426192423,6620977543,lane13:F2:s14->s15,444511267
55,rank253:B2,compute,backward,2,253,15,13,253,253,15,15,5,steady,366541747,0,0,1.785477751595005e+18,1.7854777519615465e+18,6620977543,6987519290,rank253:F2,0
55,lane13:B0:s13->s12,pp_message,backward,0,-1,13,13,221,205,13,12,-1,p2p,4712346,4712346,0,,,6794034543,6798746889,rank221:B0,0
55,rank205:B0,compute,backward,0,205,12,13,205,205,12,12,4,steady,686531084,0,0,1.7854777518648443e+18,1.7854777525513754e+18,6798746889,7485277973,lane13:B0:s13->s12,1374753749
55,rank221:F3,compute,forward,3,221,13,13,221,221,13,13,4,steady,316337908,0,0,1.7854777518645486e+18,1.7854777521808865e+18,6798746889,7115084797,lane13:B0:s13->s12,4712346
55,lane13:B2:s15->s14,pp_message,backward,2,-1,15,13,253,237,15,14,-1,p2p,4712346,4712346,0,,,6987519290,6992231636,rank253:B2,0
55,lane13:F3:s13->s14,pp_message,forward,3,-1,13,13,221,237,13,14,-1,p2p,4712346,4712346,0,,,7115084797,7119797143,rank221:F3,0
55,lane13:B1:s14->s13,pp_message,backward,1,-1,14,13,237,221,14,13,-1,p2p,4712346,4712346,0,,,7117950542,7122662888,rank237:B1,0
55,rank221:B1,compute,backward,1,221,13,13,221,221,13,13,5,steady,700809959,0,0,1.7854777521898289e+18,1.7854777528906388e+18,7122662888,7823472847,lane13:B1:s14->s13,7578091
55,rank237:F3,compute,forward,3,237,14,13,237,237,14,14,5,steady,329296724,0,0,1.785477752189819e+18,1.7854777525191158e+18,7122662888,7451959612,lane13:B1:s14->s13,4712346
55,lane13:F3:s14->s15,pp_message,forward,3,-1,14,13,237,253,14,15,-1,p2p,4712346,4712346,0,,,7451959612,7456671958,rank237:F3,0
55,rank237:B2,compute,backward,2,237,14,13,237,237,14,14,6,steady,726279422,0,0,1.785477752525217e+18,1.7854777532514964e+18,7456671958,8182951380,lane13:F3:s14->s15,4712346
55,rank253:F3,compute,forward,3,253,15,13,253,253,15,15,6,steady,193430255,0,0,1.785477752525169e+18,1.7854777527185992e+18,7456671958,7650102213,lane13:F3:s14->s15,469152668
55,lane13:B0:s12->s11,pp_message,backward,0,-1,12,13,205,189,12,11,-1,p2p,4712346,4712346,0,,,7485277973,7489990319,rank205:B0,0
55,rank189:B0,compute,backward,0,189,11,13,189,189,11,11,4,cooldown,677721290,0,0,1.7854777526493612e+18,1.7854777533270825e+18,7489990319,8167711609,lane13:B0:s12->s11,2379034116
55,rank253:B3,compute,backward,3,253,15,13,253,253,15,15,7,steady,365633302,0,0,1.7854777527188457e+18,1.7854777530844792e+18,7650102213,8015735515,rank253:F3,0
55,lane13:B1:s13->s12,pp_message,backward,1,-1,13,13,221,205,13,12,-1,p2p,4712346,4712346,0,,,7823472847,7828185193,rank221:B1,0
55,rank205:B1,compute,backward,1,205,12,13,205,205,12,12,5,cooldown,683067864,0,0,1.7854777529874107e+18,1.7854777536704786e+18,7828185193,8511253057,lane13:B1:s13->s12,342907220
55,lane13:B3:s15->s14,pp_message,backward,3,-1,15,13,253,237,15,14,-1,p2p,4712346,4712346,0,,,8015735515,8020447861,rank253:B3,0
55,lane13:B0:s11->s10,pp_message,backward,0,-1,11,13,189,173,11,10,-1,p2p,4712346,4712346,0,,,8167711609,8172423955,rank189:B0,0
55,rank173:B0,compute,backward,0,173,10,13,173,173,10,10,4,cooldown,689582015,0,0,1.7854777534243254e+18,1.7854777541139075e+18,8172423955,8862005970,lane13:B0:s11->s10,3373031702
55,lane13:B2:s14->s13,pp_message,backward,2,-1,14,13,237,221,14,13,-1,p2p,4712346,4712346,0,,,8182951380,8187663726,rank237:B2,0
55,rank221:B2,compute,backward,2,221,13,13,221,221,13,13,6,cooldown,682090335,0,0,1.7854777533500406e+18,1.7854777540321308e+18,8187663726,8869754061,lane13:B2:s14->s13,364190879
55,rank237:B3,compute,backward,3,237,14,13,237,237,14,14,7,cooldown,695430399,0,0,1.7854777533556145e+18,1.7854777540510449e+18,8187663726,8883094125,lane13:B2:s14->s13,4712346
55,lane13:B1:s12->s11,pp_message,backward,1,-1,12,13,205,189,12,11,-1,p2p,4712346,4712346,0,,,8511253057,8515965403,rank205:B1,0
55,rank189:B1,compute,backward,1,189,11,13,189,189,11,11,5,cooldown,677561300,0,0,1.78547775376807e+18,1.7854777544456312e+18,8515965403,9193526703,lane13:B1:s12->s11,348253794
55,lane13:B0:s10->s9,pp_message,backward,0,-1,10,13,173,157,10,9,-1,p2p,4712346,4712346,0,,,8862005970,8866718316,rank173:B0,0
55,rank157:B0,compute,backward,0,157,9,13,157,157,9,9,4,cooldown,709975374,0,0,1.7854777542123763e+18,1.7854777549223516e+18,8866718316,9576693690,lane13:B0:s10->s9,4526667110
55,lane13:B2:s13->s12,pp_message,backward,2,-1,13,13,221,205,13,12,-1,p2p,4712346,4712346,0,,,8869754061,8874466407,rank221:B2,0
55,rank205:B2,compute,backward,2,205,12,13,205,205,12,12,6,cooldown,677808269,0,0,1.7854777541301763e+18,1.7854777548079846e+18,8874466407,9552274676,lane13:B2:s13->s12,363213350
55,lane13:B3:s14->s13,pp_message,backward,3,-1,14,13,237,221,14,13,-1,p2p,4712346,4712346,0,,,8883094125,8887806471,rank237:B3,0
55,rank221:B3,compute,backward,3,221,13,13,221,221,13,13,7,cooldown,682953053,0,0,1.7854777541478902e+18,1.7854777548308434e+18,8887806471,9570759524,lane13:B3:s14->s13,18052410
55,lane13:B1:s11->s10,pp_message,backward,1,-1,11,13,189,173,11,10,-1,p2p,4712346,4712346,0,,,9193526703,9198239049,rank189:B1,0
55,rank173:B1,compute,backward,1,173,10,13,173,173,10,10,5,cooldown,686152366,0,0,1.7854777545429012e+18,1.7854777552290537e+18,9198239049,9884391415,lane13:B1:s11->s10,336233079
55,lane13:B2:s12->s11,pp_message,backward,2,-1,12,13,205,189,12,11,-1,p2p,4712346,4712346,0,,,9552274676,9556987022,rank205:B2,0
55,rank189:B2,compute,backward,2,189,11,13,189,189,11,11,6,cooldown,679772130,0,0,1.7854777549049016e+18,1.7854777555846738e+18,9556987022,10236759152,lane13:B2:s12->s11,363460319
55,lane13:B3:s13->s12,pp_message,backward,3,-1,13,13,221,205,13,12,-1,p2p,4712346,4712346,0,,,9570759524,9575471870,rank221:B3,0
55,rank205:B3,compute,backward,3,205,12,13,205,205,12,12,7,cooldown,675546804,0,0,1.7854777549290977e+18,1.7854777556046444e+18,9575471870,10251018674,lane13:B3:s13->s12,23197194
55,lane13:B0:s9->s8,pp_message,backward,0,-1,9,13,157,141,9,8,-1,p2p,4712346,4712346,0,,,9576693690,9581406036,rank157:B0,0
55,rank141:B0,compute,backward,0,141,8,13,141,141,8,8,4,cooldown,718986390,0,0,1.785477755021506e+18,1.7854777557404925e+18,9581406036,10300392426,lane13:B0:s9->s8,5569200004
55,lane13:B1:s10->s9,pp_message,backward,1,-1,10,13,173,157,10,9,-1,p2p,4712346,4712346,0,,,9884391415,9889103761,rank173:B1,0
55,rank157:B1,compute,backward,1,157,9,13,157,157,9,9,5,cooldown,712862646,0,0,1.7854777553275008e+18,1.7854777560403635e+18,9889103761,10601966407,lane13:B1:s10->s9,312410071
55,lane13:B2:s11->s10,pp_message,backward,2,-1,11,13,189,173,11,10,-1,p2p,4712346,4712346,0,,,10236759152,10241471498,rank189:B2,0
55,rank173:B2,compute,backward,2,173,10,13,173,173,10,10,6,cooldown,683194027,0,0,1.7854777556825925e+18,1.7854777563657866e+18,10241471498,10924665525,lane13:B2:s11->s10,357080083
55,lane13:B3:s12->s11,pp_message,backward,3,-1,12,13,205,189,12,11,-1,p2p,4712346,4712346,0,,,10251018674,10255731020,rank205:B3,0
55,rank189:B3,compute,backward,3,189,11,13,189,189,11,11,7,cooldown,686251978,0,0,1.7854777557019648e+18,1.7854777563882168e+18,10255731020,10941982998,lane13:B3:s12->s11,18971868
55,lane13:B0:s8->s7,pp_message,backward,0,-1,8,13,141,125,8,7,-1,p2p,4712346,4712346,0,,,10300392426,10305104772,rank141:B0,0
55,rank125:B0,compute,backward,0,125,7,13,125,125,7,7,4,cooldown,685465241,0,0,1.7854777558384143e+18,1.7854777565238797e+18,10305104772,10990570013,lane13:B0:s8->s7,6607619237
55,lane13:B1:s9->s8,pp_message,backward,1,-1,9,13,157,141,9,8,-1,p2p,4712346,4712346,0,,,10601966407,10606678753,rank157:B1,0
55,rank141:B1,compute,backward,1,141,8,13,141,141,8,8,5,cooldown,713056401,0,0,1.785477756138627e+18,1.7854777568516836e+18,10606678753,11319735154,lane13:B1:s9->s8,306286327
55,lane13:B2:s10->s9,pp_message,backward,2,-1,10,13,173,157,10,9,-1,p2p,4712346,4712346,0,,,10924665525,10929377871,rank173:B2,0
55,rank157:B2,compute,backward,2,157,9,13,157,157,9,9,6,cooldown,703479199,0,0,1.785477756465061e+18,1.7854777571685404e+18,10929377871,11632857070,lane13:B2:s10->s9,327411464
55,lane13:B3:s11->s10,pp_message,backward,3,-1,11,13,189,173,11,10,-1,p2p,4712346,4712346,0,,,10941982998,10946695344,rank189:B3,0
55,rank173:B3,compute,backward,3,173,10,13,173,173,10,10,7,cooldown,685383931,0,0,1.785477756486038e+18,1.785477757171422e+18,10946695344,11632079275,lane13:B3:s11->s10,22029819
55,lane13:B0:s7->s6,pp_message,backward,0,-1,7,13,125,109,7,6,-1,p2p,4712346,4712346,0,,,10990570013,10995282359,rank125:B0,0
55,rank109:B0,compute,backward,0,109,6,13,109,109,6,6,4,cooldown,699476460,0,0,1.7854777566217838e+18,1.7854777573212603e+18,10995282359,11694758819,lane13:B0:s7->s6,7611971207
55,lane13:B1:s8->s7,pp_message,backward,1,-1,8,13,141,125,8,7,-1,p2p,4712346,4712346,0,,,11319735154,11324447500,rank141:B1,0
55,rank125:B1,compute,backward,1,125,7,13,125,125,7,7,5,cooldown,686644696,0,0,1.785477756949854e+18,1.7854777576364987e+18,11324447500,12011092196,lane13:B1:s8->s7,333877487
55,lane13:B3:s10->s9,pp_message,backward,3,-1,10,13,173,157,10,9,-1,p2p,4712346,4712346,0,,,11632079275,11636791621,rank173:B3,0
55,lane13:B2:s9->s8,pp_message,backward,2,-1,9,13,157,141,9,8,-1,p2p,4712346,4712346,0,,,11632857070,11637569416,rank157:B2,0
55,rank141:B2,compute,backward,2,141,8,13,141,141,8,8,6,cooldown,692631663,0,0,1.7854777572668716e+18,1.7854777579595034e+18,11637569416,12330201079,lane13:B2:s9->s8,317834262
55,rank157:B3,compute,backward,3,157,9,13,157,157,9,9,7,cooldown,717045243,0,0,1.7854777572722442e+18,1.7854777579892895e+18,11637569416,12354614659,lane13:B2:s9->s8,4712346
55,lane13:B0:s6->s5,pp_message,backward,0,-1,6,13,109,93,6,5,-1,p2p,4712346,4712346,0,,,11694758819,11699471165,rank109:B0,0
55,rank93:B0,compute,backward,0,93,5,13,93,93,5,5,4,cooldown,690166674,0,0,1.7854777574192084e+18,1.785477758109375e+18,11699471165,12389637839,lane13:B0:s6->s5,8656294568
55,lane13:B1:s7->s6,pp_message,backward,1,-1,7,13,125,109,7,6,-1,p2p,4712346,4712346,0,,,12011092196,12015804542,rank125:B1,0
55,rank109:B1,compute,backward,1,109,6,13,109,109,6,6,5,cooldown,694516079,0,0,1.7854777577348344e+18,1.7854777584293504e+18,12015804542,12710320621,lane13:B1:s7->s6,321045723
55,lane13:B2:s8->s7,pp_message,backward,2,-1,8,13,141,125,8,7,-1,p2p,4712346,4712346,0,,,12330201079,12334913425,rank141:B2,0
55,rank125:B2,compute,backward,2,125,7,13,125,125,7,7,6,cooldown,684924140,0,0,1.7854777580586534e+18,1.7854777587435776e+18,12334913425,13019837565,lane13:B2:s8->s7,323821229
55,lane13:B3:s9->s8,pp_message,backward,3,-1,9,13,157,141,9,8,-1,p2p,4712346,4712346,0,,,12354614659,12359327005,rank157:B3,0
55,rank141:B3,compute,backward,3,141,8,13,141,141,8,8,7,cooldown,722371574,0,0,1.785477758086847e+18,1.7854777588092186e+18,12359327005,13081698579,lane13:B3:s9->s8,29125926
55,lane13:B0:s5->s4,pp_message,backward,0,-1,5,13,93,77,5,4,-1,p2p,4712346,4712346,0,,,12389637839,12394350185,rank93:B0,0
55,rank77:B0,compute,backward,0,77,4,13,77,77,4,4,4,cooldown,701051416,0,0,1.7854777582091187e+18,1.78547775891017e+18,12394350185,13095401601,lane13:B0:s5->s4,9778917910
55,lane13:B1:s6->s5,pp_message,backward,1,-1,6,13,109,93,6,5,-1,p2p,4712346,4712346,0,,,12710320621,12715032967,rank109:B1,0
55,rank93:B1,compute,backward,1,93,5,13,93,93,5,5,5,cooldown,687903794,0,0,1.785477758528484e+18,1.785477759216388e+18,12715032967,13402936761,lane13:B1:s6->s5,325395128
55,lane13:B2:s7->s6,pp_message,backward,2,-1,7,13,125,109,7,6,-1,p2p,4712346,4712346,0,,,13019837565,13024549911,rank125:B2,0
55,rank109:B2,compute,backward,2,109,6,13,109,109,6,6,6,cooldown,698392747,0,0,1.7854777588419e+18,1.7854777595402926e+18,13024549911,13722942658,lane13:B2:s7->s6,314229290
55,lane13:B3:s8->s7,pp_message,backward,3,-1,8,13,141,125,8,7,-1,p2p,4712346,4712346,0,,,13081698579,13086410925,rank141:B3,0
55,rank125:B3,compute,backward,3,125,7,13,125,125,7,7,7,cooldown,681224621,0,0,1.7854777589072202e+18,1.7854777595884447e+18,13086410925,13767635546,lane13:B3:s8->s7,66573360
55,lane13:B0:s4->s3,pp_message,backward,0,-1,4,13,77,61,4,3,-1,p2p,4712346,4712346,0,,,13095401601,13100113947,rank77:B0,0
55,rank61:B0,compute,backward,0,61,3,13,61,61,3,3,4,cooldown,727483165,0,0,1.7854777590097887e+18,1.7854777597372718e+18,13100113947,13827597112,lane13:B0:s4->s3,10819352164
55,lane13:B1:s5->s4,pp_message,backward,1,-1,5,13,93,77,5,4,-1,p2p,4712346,4712346,0,,,13402936761,13407649107,rank93:B1,0
55,rank77:B1,compute,backward,1,77,4,13,77,77,4,4,5,cooldown,699543064,0,0,1.7854777593147725e+18,1.7854777600143155e+18,13407649107,14107192171,lane13:B1:s5->s4,312247506
55,lane13:B2:s6->s5,pp_message,backward,2,-1,6,13,109,93,6,5,-1,p2p,4712346,4712346,0,,,13722942658,13727655004,rank109:B2,0
55,rank93:B2,compute,backward,2,93,5,13,93,93,5,5,6,cooldown,688858763,0,0,1.785477759636751e+18,1.7854777603256097e+18,13727655004,14416513767,lane13:B2:s6->s5,324718243
55,lane13:B3:s7->s6,pp_message,backward,3,-1,7,13,125,109,7,6,-1,p2p,4712346,4712346,0,,,13767635546,13772347892,rank125:B3,0
55,rank109:B3,compute,backward,3,109,6,13,109,109,6,6,7,cooldown,698570179,0,0,1.7854777596863132e+18,1.7854777603848835e+18,13772347892,14470918071,lane13:B3:s7->s6,49405234
55,lane13:B0:s3->s2,pp_message,backward,0,-1,3,13,61,45,3,2,-1,p2p,4712346,4712346,0,,,13827597112,13832309458,rank61:B0,0
55,rank45:B0,compute,backward,0,45,2,13,45,45,2,2,4,cooldown,705350314,0,0,1.7854777598330117e+18,1.7854777605383619e+18,13832309458,14537659772,lane13:B0:s3->s2,11975469556
55,lane13:B1:s4->s3,pp_message,backward,1,-1,4,13,77,61,4,3,-1,p2p,4712346,4712346,0,,,14107192171,14111904517,rank77:B1,0
55,rank61:B1,compute,backward,1,61,3,13,61,61,3,3,5,cooldown,696942813,0,0,1.78547776011271e+18,1.7854777608096527e+18,14111904517,14808847330,lane13:B1:s4->s3,284307405
55,lane13:B2:s5->s4,pp_message,backward,2,-1,5,13,93,77,5,4,-1,p2p,4712346,4712346,0,,,14416513767,14421226113,rank93:B2,0
55,rank77:B2,compute,backward,2,77,4,13,77,77,4,4,6,cooldown,700051515,0,0,1.7854777604238085e+18,1.78547776112386e+18,14421226113,15121277628,lane13:B2:s5->s4,314033942
55,lane13:B3:s6->s5,pp_message,backward,3,-1,6,13,109,93,6,5,-1,p2p,4712346,4712346,0,,,14470918071,14475630417,rank109:B3,0
55,rank93:B3,compute,backward,3,93,5,13,93,93,5,5,7,cooldown,687964257,0,0,1.7854777604821158e+18,1.78547776117008e+18,14475630417,15163594674,lane13:B3:s6->s5,59116650
55,lane13:B0:s2->s1,pp_message,backward,0,-1,2,13,45,29,2,1,-1,p2p,4712346,4712346,0,,,14537659772,14542372118,rank45:B0,0
55,rank29:B0,compute,backward,0,29,1,13,29,29,1,1,4,cooldown,724799343,0,0,1.7854777606377943e+18,1.7854777613625935e+18,14542372118,15267171461,lane13:B0:s2->s1,13042620345
55,lane13:B1:s3->s2,pp_message,backward,1,-1,3,13,61,45,3,2,-1,p2p,4712346,4712346,0,,,14808847330,14813559676,rank61:B1,0
55,rank45:B1,compute,backward,1,45,2,13,45,45,2,2,5,cooldown,759336132,0,0,1.7854777609075328e+18,1.785477761666869e+18,14813559676,15572895808,lane13:B1:s3->s2,275899904
55,lane13:B2:s4->s3,pp_message,backward,2,-1,4,13,77,61,4,3,-1,p2p,4712346,4712346,0,,,15121277628,15125989974,rank77:B2,0
55,rank61:B2,compute,backward,2,61,3,13,61,61,3,3,6,cooldown,692358910,0,0,1.7854777612228987e+18,1.7854777619152576e+18,15125989974,15818348884,lane13:B2:s4->s3,317142644
55,lane13:B3:s5->s4,pp_message,backward,3,-1,5,13,93,77,5,4,-1,p2p,4712346,4712346,0,,,15163594674,15168307020,rank93:B3,0
55,rank77:B3,compute,backward,3,77,4,13,77,77,4,4,7,cooldown,699337874,0,0,1.785477761268613e+18,1.785477761967951e+18,15168307020,15867644894,lane13:B3:s5->s4,47029392
55,lane13:B0:s1->s0,pp_message,backward,0,-1,1,13,29,13,1,0,-1,p2p,4712346,4712346,0,,,15267171461,15271883807,rank29:B0,0
55,rank13:B0,compute,backward,0,13,0,13,13,13,0,0,4,cooldown,409440048,0,0,1.7854777614613696e+18,1.7854777618708096e+18,15271883807,15681323855,lane13:B0:s1->s0,14602058040
55,lane13:B1:s2->s1,pp_message,backward,1,-1,2,13,45,29,2,1,-1,p2p,4712346,4712346,0,,,15572895808,15577608154,rank45:B1,0
55,rank29:B1,compute,backward,1,29,1,13,29,29,1,1,5,cooldown,727135113,0,0,1.7854777617657231e+18,1.7854777624928584e+18,15577608154,16304743267,lane13:B1:s2->s1,310436693
55,lane13:B2:s3->s2,pp_message,backward,2,-1,3,13,61,45,3,2,-1,p2p,4712346,4712346,0,,,15818348884,15823061230,rank61:B2,0
55,rank45:B2,compute,backward,2,45,2,13,45,45,2,2,6,cooldown,709282157,0,0,1.7854777620132913e+18,1.7854777627225733e+18,15823061230,16532343387,lane13:B2:s3->s2,250165422
55,lane13:B3:s4->s3,pp_message,backward,3,-1,4,13,77,61,4,3,-1,p2p,4712346,4712346,0,,,15867644894,15872357240,rank77:B3,0
55,rank61:B3,compute,backward,3,61,3,13,61,61,3,3,7,cooldown,692687292,0,0,1.7854777620661834e+18,1.7854777627588708e+18,15872357240,16565044532,lane13:B3:s4->s3,54008356
55,lane13:B1:s1->s0,pp_message,backward,1,-1,1,13,29,13,1,0,-1,p2p,4712346,4712346,0,,,16304743267,16309455613,rank29:B1,0
55,rank13:B1,compute,backward,1,13,0,13,13,13,0,0,5,cooldown,416184190,0,0,1.7854777625897324e+18,1.7854777630059164e+18,16309455613,16725639803,lane13:B1:s1->s0,628131758
55,lane13:B2:s2->s1,pp_message,backward,2,-1,2,13,45,29,2,1,-1,p2p,4712346,4712346,0,,,16532343387,16537055733,rank45:B2,0
55,rank29:B2,compute,backward,2,29,1,13,29,29,1,1,6,cooldown,725091849,0,0,1.785477762820866e+18,1.785477763545958e+18,16537055733,17262147582,lane13:B2:s2->s1,232312466
55,lane13:B3:s3->s2,pp_message,backward,3,-1,3,13,61,45,3,2,-1,p2p,4712346,4712346,0,,,16565044532,16569756878,rank61:B3,0
55,rank45:B3,compute,backward,3,45,2,13,45,45,2,2,7,cooldown,704805367,0,0,1.7854777628570606e+18,1.785477763561866e+18,16569756878,17274562245,lane13:B3:s3->s2,37413491
55,lane13:B2:s1->s0,pp_message,backward,2,-1,1,13,29,13,1,0,-1,p2p,4712346,4712346,0,,,17262147582,17266859928,rank29:B2,0
55,rank13:B2,compute,backward,2,13,0,13,13,13,0,0,6,cooldown,407961485,0,0,1.7854777636434058e+18,1.7854777640513674e+18,17266859928,17674821413,lane13:B2:s1->s0,541220125
55,lane13:B3:s2->s1,pp_message,backward,3,-1,2,13,45,29,2,1,-1,p2p,4712346,4712346,0,,,17274562245,17279274591,rank45:B3,0
55,rank29:B3,compute,backward,3,29,1,13,29,29,1,1,7,cooldown,726413918,0,0,1.785477763661267e+18,1.7854777643876808e+18,17279274591,18005688509,lane13:B3:s2->s1,17127009
55,lane13:B3:s1->s0,pp_message,backward,3,-1,1,13,29,13,1,0,-1,p2p,4712346,4712346,0,,,18005688509,18010400855,rank29:B3,0
55,rank13:B3,compute,backward,3,13,0,13,13,13,0,0,7,cooldown,407560606,0,0,1.7854777644853532e+18,1.785477764892914e+18,18010400855,18417961461,lane13:B3:s1->s0,335579442
55,rank14:F0,compute,forward,0,14,0,14,14,14,0,0,0,warmup,160510483,0,0,1.785477744808877e+18,1.7854777449693875e+18,0,160510483,,0
55,lane14:F0:s0->s1,pp_message,forward,0,-1,0,14,14,30,0,1,-1,p2p,4712346,4712346,0,,,160510483,165222829,rank14:F0,0
55,rank14:F1,compute,forward,1,14,0,14,14,14,0,0,1,warmup,158341954,0,0,1.7854777449746977e+18,1.7854777451330399e+18,165222829,323564783,lane14:F0:s0->s1,4712346
55,rank30:F0,compute,forward,0,30,1,14,30,30,1,1,0,warmup,323694294,0,0,1.785477744974623e+18,1.7854777452983173e+18,165222829,488917123,lane14:F0:s0->s1,165222829
55,lane14:F1:s0->s1,pp_message,forward,1,-1,0,14,14,30,0,1,-1,p2p,4712346,4712346,0,,,323564783,328277129,rank14:F1,0
55,rank14:F2,compute,forward,2,14,0,14,14,14,0,0,2,warmup,158144393,0,0,1.7854777453087437e+18,1.785477745466888e+18,328277129,486421522,lane14:F1:s0->s1,4712346
55,lane14:F2:s0->s1,pp_message,forward,2,-1,0,14,14,30,0,1,-1,p2p,4712346,4712346,0,,,486421522,491133868,rank14:F2,0
55,lane14:F0:s1->s2,pp_message,forward,0,-1,1,14,30,46,1,2,-1,p2p,4712346,4712346,0,,,488917123,493629469,rank30:F0,0
55,rank14:F3,compute,forward,3,14,0,14,14,14,0,0,3,warmup,178130089,0,0,1.7854777456632532e+18,1.7854777458413834e+18,491133868,669263957,lane14:F2:s0->s1,4712346
55,rank30:F1,compute,forward,1,30,1,14,30,30,1,1,1,warmup,327495287,0,0,1.7854777453086559e+18,1.785477745636151e+18,493629469,821124756,lane14:F0:s1->s2,4712346
55,rank46:F0,compute,forward,0,46,2,14,46,46,2,2,0,warmup,344253596,0,0,1.785477745303503e+18,1.7854777456477568e+18,493629469,837883065,lane14:F0:s1->s2,493629469
55,lane14:F3:s0->s1,pp_message,forward,3,-1,0,14,14,30,0,1,-1,p2p,4712346,4712346,0,,,669263957,673976303,rank14:F3,0
55,lane14:F1:s1->s2,pp_message,forward,1,-1,1,14,30,46,1,2,-1,p2p,4712346,4712346,0,,,821124756,825837102,rank30:F1,0
55,rank30:F2,compute,forward,2,30,1,14,30,30,1,1,2,warmup,342348735,0,0,1.7854777456631562e+18,1.785477746005505e+18,825837102,1168185837,lane14:F1:s1->s2,4712346
55,lane14:F0:s2->s3,pp_message,forward,0,-1,2,14,46,62,2,3,-1,p2p,4712346,4712346,0,,,837883065,842595411,rank46:F0,0
55,rank46:F1,compute,forward,1,46,2,14,46,46,2,2,1,warmup,336631974,0,0,1.7854777456579635e+18,1.7854777459945956e+18,842595411,1179227385,lane14:F0:s2->s3,4712346
55,rank62:F0,compute,forward,0,62,3,14,62,62,3,3,0,warmup,407397044,0,0,1.7854777456530852e+18,1.785477746060482e+18,842595411,1249992455,lane14:F0:s2->s3,842595411
55,lane14:F2:s1->s2,pp_message,forward,2,-1,1,14,30,46,1,2,-1,p2p,4712346,4712346,0,,,1168185837,1172898183,rank30:F2,0
55,rank30:F3,compute,forward,3,30,1,14,30,30,1,1,3,warmup,325993802,0,0,1.7854777460811492e+18,1.785477746407143e+18,1172898183,1498891985,lane14:F2:s1->s2,4712346
55,lane14:F1:s2->s3,pp_message,forward,1,-1,2,14,46,62,2,3,-1,p2p,4712346,4712346,0,,,1179227385,1183939731,rank46:F1,0
55,rank46:F2,compute,forward,2,46,2,14,46,46,2,2,2,warmup,320034246,0,0,1.7854777460759363e+18,1.7854777463959706e+18,1183939731,1503973977,lane14:F1:s2->s3,4712346
55,lane14:F0:s3->s4,pp_message,forward,0,-1,3,14,62,78,3,4,-1,p2p,4712346,4712346,0,,,1249992455,1254704801,rank62:F0,0
55,rank62:F1,compute,forward,1,62,3,14,62,62,3,3,1,warmup,352766507,0,0,1.7854777460707658e+18,1.7854777464235323e+18,1254704801,1607471308,lane14:F0:s3->s4,4712346
55,rank78:F0,compute,forward,0,78,4,14,78,78,4,4,0,warmup,318209726,0,0,1.7854777460661747e+18,1.7854777463843845e+18,1254704801,1572914527,lane14:F0:s3->s4,1254704801
55,lane14:F3:s1->s2,pp_message,forward,3,-1,1,14,30,46,1,2,-1,p2p,4712346,4712346,0,,,1498891985,1503604331,rank30:F3,0
55,lane14:F2:s2->s3,pp_message,forward,2,-1,2,14,46,62,2,3,-1,p2p,4712346,4712346,0,,,1503973977,1508686323,rank46:F2,0
55,rank46:F3,compute,forward,3,46,2,14,46,46,2,2,3,warmup,346572618,0,0,1.7854777464389885e+18,1.7854777467855613e+18,1508686323,1855258941,lane14:F2:s2->s3,4712346
55,lane14:F0:s4->s5,pp_message,forward,0,-1,4,14,78,94,4,5,-1,p2p,4712346,4712346,0,,,1572914527,1577626873,rank78:F0,0
55,rank94:F0,compute,forward,0,94,5,14,94,94,5,5,0,warmup,314811905,0,0,1.7854777463899044e+18,1.7854777467047163e+18,1577626873,1892438778,lane14:F0:s4->s5,1577626873
55,lane14:F1:s3->s4,pp_message,forward,1,-1,3,14,62,78,3,4,-1,p2p,4712346,4712346,0,,,1607471308,1612183654,rank62:F1,0
55,rank62:F2,compute,forward,2,62,3,14,62,62,3,3,2,warmup,337332374,0,0,1.7854777464337966e+18,1.7854777467711288e+18,1612183654,1949516028,lane14:F1:s3->s4,4712346
55,rank78:F1,compute,forward,1,78,4,14,78,78,4,4,1,warmup,317947360,0,0,1.785477746428646e+18,1.7854777467465933e+18,1612183654,1930131014,lane14:F1:s3->s4,39269127
55,lane14:F3:s2->s3,pp_message,forward,3,-1,2,14,46,62,2,3,-1,p2p,4712346,4712346,0,,,1855258941,1859971287,rank46:F3,0
55,lane14:F0:s5->s6,pp_message,forward,0,-1,5,14,94,110,5,6,-1,p2p,4712346,4712346,0,,,1892438778,1897151124,rank94:F0,0
55,rank110:F0,compute,forward,0,110,6,14,110,110,6,6,0,warmup,316261167,0,0,1.7854777467103877e+18,1.7854777470266488e+18,1897151124,2213412291,lane14:F0:s5->s6,1897151124
55,lane14:F1:s4->s5,pp_message,forward,1,-1,4,14,78,94,4,5,-1,p2p,4712346,4712346,0,,,1930131014,1934843360,rank78:F1,0
55,rank94:F1,compute,forward,1,94,5,14,94,94,5,5,1,warmup,461530140,0,0,1.7854777467517678e+18,1.785477747213298e+18,1934843360,2396373500,lane14:F1:s4->s5,42404582
55,lane14:F2:s3->s4,pp_message,forward,2,-1,3,14,62,78,3,4,-1,p2p,4712346,4712346,0,,,1949516028,1954228374,rank62:F2,0
55,rank62:F3,compute,forward,3,62,3,14,62,62,3,3,3,warmup,325745302,0,0,1.7854777467907228e+18,1.785477747116468e+18,1954228374,2279973676,lane14:F2:s3->s4,4712346
55,rank78:F2,compute,forward,2,78,4,14,78,78,4,4,2,warmup,317145458,0,0,1.7854777467762524e+18,1.7854777470933978e+18,1954228374,2271373832,lane14:F2:s3->s4,24097360
55,lane14:F0:s6->s7,pp_message,forward,0,-1,6,14,110,126,6,7,-1,p2p,4712346,4712346,0,,,2213412291,2218124637,rank110:F0,0
55,rank126:F0,compute,forward,0,126,7,14,126,126,7,7,0,warmup,321332356,0,0,1.7854777470333356e+18,1.7854777473546678e+18,2218124637,2539456993,lane14:F0:s6->s7,2218124637
55,lane14:F2:s4->s5,pp_message,forward,2,-1,4,14,78,94,4,5,-1,p2p,4712346,4712346,0,,,2271373832,2276086178,rank78:F2,0
55,lane14:F3:s3->s4,pp_message,forward,3,-1,3,14,62,78,3,4,-1,p2p,4712346,4712346,0,,,2279973676,2284686022,rank62:F3,0
55,rank78:F3,compute,forward,3,78,4,14,78,78,4,4,3,warmup,330106474,0,0,1.785477747228649e+18,1.7854777475587556e+18,2284686022,2614792496,lane14:F3:s3->s4,13312190
55,lane14:F1:s5->s6,pp_message,forward,1,-1,5,14,94,110,5,6,-1,p2p,4712346,4712346,0,,,2396373500,2401085846,rank94:F1,0
55,rank110:F1,compute,forward,1,110,6,14,110,110,6,6,1,warmup,327894372,0,0,1.7854777472183813e+18,1.7854777475462756e+18,2401085846,2728980218,lane14:F1:s5->s6,187673555
55,rank94:F2,compute,forward,2,94,5,14,94,94,5,5,2,warmup,324451574,0,0,1.7854777472234468e+18,1.7854777475478984e+18,2401085846,2725537420,lane14:F1:s5->s6,4712346
55,lane14:F0:s7->s8,pp_message,forward,0,-1,7,14,126,142,7,8,-1,p2p,4712346,4712346,0,,,2539456993,2544169339,rank126:F0,0
55,rank142:F0,compute,forward,0,142,8,14,142,142,8,8,0,warmup,314837215,0,0,1.7854777473603036e+18,1.7854777476751406e+18,2544169339,2859006554,lane14:F0:s7->s8,2544169339
55,lane14:F3:s4->s5,pp_message,forward,3,-1,4,14,78,94,4,5,-1,p2p,4712346,4712346,0,,,2614792496,2619504842,rank78:F3,0
55,lane14:F2:s5->s6,pp_message,forward,2,-1,5,14,94,110,5,6,-1,p2p,4712346,4712346,0,,,2725537420,2730249766,rank94:F2,0
55,lane14:F1:s6->s7,pp_message,forward,1,-1,6,14,110,126,6,7,-1,p2p,4712346,4712346,0,,,2728980218,2733692564,rank110:F1,0
55,rank94:F3,compute,forward,3,94,5,14,94,94,5,5,3,warmup,312334358,0,0,1.785477747563942e+18,1.7854777478762762e+18,2730249766,3042584124,lane14:F2:s5->s6,4712346
55,rank110:F2,compute,forward,2,110,6,14,110,110,6,6,2,warmup,329687536,0,0,1.7854777475570988e+18,1.7854777478867863e+18,2733692564,3063380100,lane14:F1:s6->s7,4712346
55,rank126:F1,compute,forward,1,126,7,14,126,126,7,7,1,warmup,310700507,0,0,1.7854777475521915e+18,1.785477747862892e+18,2733692564,3044393071,lane14:F1:s6->s7,194235571
55,lane14:F0:s8->s9,pp_message,forward,0,-1,8,14,142,158,8,9,-1,p2p,4712346,4712346,0,,,2859006554,2863718900,rank142:F0,0
55,rank158:F0,compute,forward,0,158,9,14,158,158,9,9,0,warmup,322320835,0,0,1.7854777476807258e+18,1.7854777480030467e+18,2863718900,3186039735,lane14:F0:s8->s9,2863718900
55,lane14:F3:s5->s6,pp_message,forward,3,-1,5,14,94,110,5,6,-1,p2p,4712346,4712346,0,,,3042584124,3047296470,rank94:F3,0
55,lane14:F1:s7->s8,pp_message,forward,1,-1,7,14,126,142,7,8,-1,p2p,4712346,4712346,0,,,3044393071,3049105417,rank126:F1,0
55,rank142:F1,compute,forward,1,142,8,14,142,142,8,8,1,warmup,316075390,0,0,1.7854777478684849e+18,1.7854777481845604e+18,3049105417,3365180807,lane14:F1:s7->s8,190098863
55,lane14:F2:s6->s7,pp_message,forward,2,-1,6,14,110,126,6,7,-1,p2p,4712346,4712346,0,,,3063380100,3068092446,rank110:F2,0
55,rank110:F3,compute,forward,3,110,6,14,110,110,6,6,3,warmup,313921430,0,0,1.7854777478975675e+18,1.785477748211489e+18,3068092446,3382013876,lane14:F2:s6->s7,4712346
55,rank126:F2,compute,forward,2,126,7,14,126,126,7,7,2,warmup,308677660,0,0,1.7854777478927263e+18,1.785477748201404e+18,3068092446,3376770106,lane14:F2:s6->s7,23699375
55,lane14:F0:s9->s10,pp_message,forward,0,-1,9,14,158,174,9,10,-1,p2p,4712346,4712346,0,,,3186039735,3190752081,rank158:F0,0
55,rank174:F0,compute,forward,0,174,10,14,174,174,10,10,0,warmup,313407168,0,0,1.785477748008351e+18,1.7854777483217582e+18,3190752081,3504159249,lane14:F0:s9->s10,3190752081
55,lane14:F1:s8->s9,pp_message,forward,1,-1,8,14,142,158,8,9,-1,p2p,4712346,4712346,0,,,3365180807,3369893153,rank142:F1,0
55,rank158:F1,compute,forward,1,158,9,14,158,158,9,9,1,warmup,317454127,0,0,1.785477748189737e+18,1.7854777485071913e+18,3369893153,3687347280,lane14:F1:s8->s9,183853418
55,lane14:F2:s7->s8,pp_message,forward,2,-1,7,14,126,142,7,8,-1,p2p,4712346,4712346,0,,,3376770106,3381482452,rank126:F2,0
55,rank142:F2,compute,forward,2,142,8,14,142,142,8,8,2,warmup,311237832,0,0,1.7854777482070042e+18,1.785477748518242e+18,3381482452,3692720284,lane14:F2:s7->s8,16301645
55,lane14:F3:s6->s7,pp_message,forward,3,-1,6,14,110,126,6,7,-1,p2p,4712346,4712346,0,,,3382013876,3386726222,rank110:F3,0
55,rank126:F3,compute,forward,3,126,7,14,126,126,7,7,3,warmup,308735040,0,0,1.7854777482173742e+18,1.7854777485261092e+18,3386726222,3695461262,lane14:F3:s6->s7,9956116
55,lane14:F0:s10->s11,pp_message,forward,0,-1,10,14,174,190,10,11,-1,p2p,4712346,4712346,0,,,3504159249,3508871595,rank174:F0,0
55,rank190:F0,compute,forward,0,190,11,14,190,190,11,11,0,warmup,312271694,0,0,1.7854777483280714e+18,1.785477748640343e+18,3508871595,3821143289,lane14:F0:s10->s11,3508871595
55,lane14:F1:s9->s10,pp_message,forward,1,-1,9,14,158,174,9,10,-1,p2p,4712346,4712346,0,,,3687347280,3692059626,rank158:F1,0
55,rank174:F1,compute,forward,1,174,10,14,174,174,10,10,1,warmup,310844854,0,0,1.7854777485121418e+18,1.7854777488229868e+18,3692059626,4002904480,lane14:F1:s9->s10,187900377
55,lane14:F2:s8->s9,pp_message,forward,2,-1,8,14,142,158,8,9,-1,p2p,4712346,4712346,0,,,3692720284,3697432630,rank142:F2,0
55,lane14:F3:s7->s8,pp_message,forward,3,-1,7,14,126,142,7,8,-1,p2p,4712346,4712346,0,,,3695461262,3700173608,rank126:F3,0
55,rank158:F2,compute,forward,2,158,9,14,158,158,9,9,2,warmup,316706613,0,0,1.7854777485233142e+18,1.7854777488400207e+18,3697432630,4014139243,lane14:F2:s8->s9,10085350
55,rank142:F3,compute,forward,3,142,8,14,142,142,8,8,3,warmup,309904959,0,0,1.7854777485311043e+18,1.7854777488410094e+18,3700173608,4010078567,lane14:F3:s7->s8,7453324
55,lane14:F0:s11->s12,pp_message,forward,0,-1,11,14,190,206,11,12,-1,p2p,4712346,4712346,0,,,3821143289,3825855635,rank190:F0,0
55,rank206:F0,compute,forward,0,206,12,14,206,206,12,12,0,warmup,312402044,0,0,1.7854777486458094e+18,1.7854777489582113e+18,3825855635,4138257679,lane14:F0:s11->s12,3825855635
55,lane14:F1:s10->s11,pp_message,forward,1,-1,10,14,174,190,10,11,-1,p2p,4712346,4712346,0,,,4002904480,4007616826,rank174:F1,0
55,rank190:F1,compute,forward,1,190,11,14,190,190,11,11,1,warmup,308722761,0,0,1.7854777488281633e+18,1.785477749136886e+18,4007616826,4316339587,lane14:F1:s10->s11,186473537
55,lane14:F3:s8->s9,pp_message,forward,3,-1,8,14,142,158,8,9,-1,p2p,4712346,4712346,0,,,4010078567,4014790913,rank142:F3,0
55,lane14:F2:s9->s10,pp_message,forward,2,-1,9,14,158,174,9,10,-1,p2p,4712346,4712346,0,,,4014139243,4018851589,rank158:F2,0
55,rank158:F3,compute,forward,3,158,9,14,158,158,9,9,3,warmup,319060408,0,0,1.7854777488501105e+18,1.7854777491691707e+18,4018851589,4337911997,lane14:F2:s9->s10,4712346
55,rank174:F2,compute,forward,2,174,10,14,174,174,10,10,2,warmup,310094681,0,0,1.785477748845032e+18,1.7854777491551265e+18,4018851589,4328946270,lane14:F2:s9->s10,15947109
55,lane14:F0:s12->s13,pp_message,forward,0,-1,12,14,206,222,12,13,-1,p2p,4712346,4712346,0,,,4138257679,4142970025,rank206:F0,0
55,rank222:F0,compute,forward,0,222,13,14,222,222,13,13,0,warmup,315476885,0,0,1.7854777489639468e+18,1.7854777492794237e+18,4142970025,4458446910,lane14:F0:s12->s13,4142970025
55,lane14:F1:s11->s12,pp_message,forward,1,-1,11,14,190,206,11,12,-1,p2p,4712346,4712346,0,,,4316339587,4321051933,rank190:F1,0
55,rank206:F1,compute,forward,1,206,12,14,206,206,12,12,1,warmup,308040192,0,0,1.7854777491418888e+18,1.785477749449929e+18,4321051933,4629092125,lane14:F1:s11->s12,182794254
55,lane14:F2:s10->s11,pp_message,forward,2,-1,10,14,174,190,10,11,-1,p2p,4712346,4712346,0,,,4328946270,4333658616,rank174:F2,0
55,rank190:F2,compute,forward,2,190,11,14,190,190,11,11,2,warmup,306205764,0,0,1.7854777491603308e+18,1.7854777494665367e+18,4333658616,4639864380,lane14:F2:s10->s11,17319029
55,lane14:F3:s9->s10,pp_message,forward,3,-1,9,14,158,174,9,10,-1,p2p,4712346,4712346,0,,,4337911997,4342624343,rank158:F3,0
55,rank174:F3,compute,forward,3,174,10,14,174,174,10,10,3,warmup,454080435,0,0,1.785477749174279e+18,1.7854777496283594e+18,4342624343,4796704778,lane14:F3:s9->s10,13678073
55,lane14:F0:s13->s14,pp_message,forward,0,-1,13,14,222,238,13,14,-1,p2p,4712346,4712346,0,,,4458446910,4463159256,rank222:F0,0
55,rank238:F0,compute,forward,0,238,14,14,238,238,14,14,0,warmup,321508849,0,0,1.785477749285934e+18,1.785477749607443e+18,4463159256,4784668105,lane14:F0:s13->s14,4463159256
55,lane14:F1:s12->s13,pp_message,forward,1,-1,12,14,206,222,12,13,-1,p2p,4712346,4712346,0,,,4629092125,4633804471,rank206:F1,0
55,rank222:F1,compute,forward,1,222,13,14,222,222,13,13,1,warmup,460711936,0,0,1.7854777494549814e+18,1.7854777499156933e+18,4633804471,5094516407,lane14:F1:s12->s13,175357561
55,lane14:F2:s11->s12,pp_message,forward,2,-1,11,14,190,206,11,12,-1,p2p,4712346,4712346,0,,,4639864380,4644576726,rank190:F2,0
55,rank206:F2,compute,forward,2,206,12,14,206,206,12,12,2,warmup,308217546,0,0,1.785477749471539e+18,1.7854777497797563e+18,4644576726,4952794272,lane14:F2:s11->s12,15484601
55,lane14:F0:s14->s15,pp_message,forward,0,-1,14,14,238,254,14,15,-1,p2p,4712346,4712346,0,,,4784668105,4789380451,rank238:F0,0
55,rank254:F0,compute,forward,0,254,15,14,254,254,15,15,0,steady,195728118,0,0,1.7854777496132595e+18,1.7854777498089876e+18,4789380451,4985108569,lane14:F0:s14->s15,4789380451
55,lane14:F3:s10->s11,pp_message,forward,3,-1,10,14,174,190,10,11,-1,p2p,4712346,4712346,0,,,4796704778,4801417124,rank174:F3,0
55,rank190:F3,compute,forward,3,190,11,14,190,190,11,11,3,warmup,307430662,0,0,1.78547774963359e+18,1.7854777499410207e+18,4801417124,5108847786,lane14:F3:s10->s11,161552744
55,lane14:F2:s12->s13,pp_message,forward,2,-1,12,14,206,222,12,13,-1,p2p,4712346,4712346,0,,,4952794272,4957506618,rank206:F2,0
55,rank254:B0,compute,backward,0,254,15,14,254,254,15,15,1,steady,387904825,0,0,1.785477749809142e+18,1.7854777501970468e+18,4985108569,5373013394,rank254:F0,0
55,lane14:F1:s13->s14,pp_message,forward,1,-1,13,14,222,238,13,14,-1,p2p,4712346,4712346,0,,,5094516407,5099228753,rank222:F1,0
55,rank222:F2,compute,forward,2,222,13,14,222,222,13,13,2,steady,310623791,0,0,1.7854777499259635e+18,1.7854777502365875e+18,5099228753,5409852544,lane14:F1:s13->s14,4712346
55,rank238:F1,compute,forward,1,238,14,14,238,238,14,14,1,steady,312666686,0,0,1.785477749921016e+18,1.7854777502336827e+18,5099228753,5411895439,lane14:F1:s13->s14,314560648
55,lane14:F3:s11->s12,pp_message,forward,3,-1,11,14,190,206,11,12,-1,p2p,4712346,4712346,0,,,5108847786,5113560132,rank190:F3,0
55,rank206:F3,compute,forward,3,206,12,14,206,206,12,12,3,steady,308465318,0,0,1.7854777499459553e+18,1.7854777502544207e+18,5113560132,5422025450,lane14:F3:s11->s12,160765860
55,lane14:B0:s15->s14,pp_message,backward,0,-1,15,14,254,238,15,14,-1,p2p,4712346,4712346,0,,,5373013394,5377725740,rank254:B0,0
55,lane14:F2:s13->s14,pp_message,forward,2,-1,13,14,222,238,13,14,-1,p2p,4712346,4712346,0,,,5409852544,5414564890,rank222:F2,0
55,lane14:F1:s14->s15,pp_message,forward,1,-1,14,14,238,254,14,15,-1,p2p,4712346,4712346,0,,,5411895439,5416607785,rank238:F1,0
55,rank238:B0,compute,backward,0,238,14,14,238,238,14,14,2,steady,679994220,0,0,1.7854777502982595e+18,1.7854777509782536e+18,5416607785,6096602005,lane14:F1:s14->s15,4712346
55,rank254:F1,compute,forward,1,254,15,14,254,254,15,15,2,steady,192035916,0,0,1.7854777502981594e+18,1.7854777504901952e+18,5416607785,5608643701,lane14:F1:s14->s15,43594391
55,lane14:F3:s12->s13,pp_message,forward,3,-1,12,14,206,222,12,13,-1,p2p,4712346,4712346,0,,,5422025450,5426737796,rank206:F3,0
55,rank254:B1,compute,backward,1,254,15,14,254,254,15,15,3,steady,371217516,0,0,1.7854777504903619e+18,1.7854777508615793e+18,5608643701,5979861217,rank254:F1,0
55,lane14:B1:s15->s14,pp_message,backward,1,-1,15,14,254,238,15,14,-1,p2p,4712346,4712346,0,,,5979861217,5984573563,rank254:B1,0
55,lane14:B0:s14->s13,pp_message,backward,0,-1,14,14,238,222,14,13,-1,p2p,4712346,4712346,0,,,6096602005,6101314351,rank238:B0,0
55,rank222:B0,compute,backward,0,222,13,14,222,222,13,13,3,steady,689906646,0,0,1.7854777510790085e+18,1.7854777517689152e+18,6101314351,6791220997,lane14:B0:s14->s13,691461807
55,rank238:F2,compute,forward,2,238,14,14,238,238,14,14,3,steady,315644171,0,0,1.7854777510787008e+18,1.785477751394345e+18,6101314351,6416958522,lane14:B0:s14->s13,4712346
55,lane14:F2:s14->s15,pp_message,forward,2,-1,14,14,238,254,14,15,-1,p2p,4712346,4712346,0,,,6416958522,6421670868,rank238:F2,0
55,rank238:B1,compute,backward,1,238,14,14,238,238,14,14,4,steady,691906812,0,0,1.7854777514003256e+18,1.7854777520922324e+18,6421670868,7113577680,lane14:F2:s14->s15,4712346
55,rank254:F2,compute,forward,2,254,15,14,254,254,15,15,4,steady,195546062,0,0,1.785477751400258e+18,1.7854777515958042e+18,6421670868,6617216930,lane14:F2:s14->s15,441809651
55,rank254:B2,compute,backward,2,254,15,14,254,254,15,15,5,steady,365094917,0,0,1.785477751595962e+18,1.785477751961057e+18,6617216930,6982311847,rank254:F2,0
55,lane14:B0:s13->s12,pp_message,backward,0,-1,13,14,222,206,13,12,-1,p2p,4712346,4712346,0,,,6791220997,6795933343,rank222:B0,0
55,rank206:B0,compute,backward,0,206,12,14,206,206,12,12,4,steady,685844119,0,0,1.7854777518662e+18,1.785477752552044e+18,6795933343,7481777462,lane14:B0:s13->s12,1373907893
55,rank222:F3,compute,forward,3,222,13,14,222,222,13,13,4,steady,315071224,0,0,1.785477751865987e+18,1.7854777521810583e+18,6795933343,7111004567,lane14:B0:s13->s12,4712346
55,lane14:B2:s15->s14,pp_message,backward,2,-1,15,14,254,238,15,14,-1,p2p,4712346,4712346,0,,,6982311847,6987024193,rank254:B2,0
55,lane14:F3:s13->s14,pp_message,forward,3,-1,13,14,222,238,13,14,-1,p2p,4712346,4712346,0,,,7111004567,7115716913,rank222:F3,0
55,lane14:B1:s14->s13,pp_message,backward,1,-1,14,14,238,222,14,13,-1,p2p,4712346,4712346,0,,,7113577680,7118290026,rank238:B1,0
55,rank222:B1,compute,backward,1,222,13,14,222,222,13,13,5,steady,698101760,0,0,1.785477752191202e+18,1.7854777528893038e+18,7118290026,7816391786,lane14:B1:s14->s13,7285459
55,rank238:F3,compute,forward,3,238,14,14,238,238,14,14,5,steady,328032229,0,0,1.7854777521910287e+18,1.785477752519061e+18,7118290026,7446322255,lane14:B1:s14->s13,4712346
55,lane14:F3:s14->s15,pp_message,forward,3,-1,14,14,238,254,14,15,-1,p2p,4712346,4712346,0,,,7446322255,7451034601,rank238:F3,0
55,rank238:B2,compute,backward,2,238,14,14,238,238,14,14,6,steady,727629628,0,0,1.7854777525250473e+18,1.7854777532526769e+18,7451034601,8178664229,lane14:F3:s14->s15,4712346
55,rank254:F3,compute,forward,3,254,15,14,254,254,15,15,6,steady,193265510,0,0,1.785477752525033e+18,1.7854777527182984e+18,7451034601,7644300111,lane14:F3:s14->s15,468722754
55,lane14:B0:s12->s11,pp_message,backward,0,-1,12,14,206,190,12,11,-1,p2p,4712346,4712346,0,,,7481777462,7486489808,rank206:B0,0
55,rank190:B0,compute,backward,0,190,11,14,190,190,11,11,4,cooldown,676770274,0,0,1.78547775265004e+18,1.7854777533268104e+18,7486489808,8163260082,lane14:B0:s12->s11,2377642022
55,rank254:B3,compute,backward,3,254,15,14,254,254,15,15,7,steady,366153112,0,0,1.7854777527184714e+18,1.7854777530846244e+18,7644300111,8010453223,rank254:F3,0
55,lane14:B1:s13->s12,pp_message,backward,1,-1,13,14,222,206,13,12,-1,p2p,4712346,4712346,0,,,7816391786,7821104132,rank222:B1,0
55,rank206:B1,compute,backward,1,206,12,14,206,206,12,12,5,cooldown,681846694,0,0,1.785477752988916e+18,1.7854777536707628e+18,7821104132,8502950826,lane14:B1:s13->s12,339326670
55,lane14:B3:s15->s14,pp_message,backward,3,-1,15,14,254,238,15,14,-1,p2p,4712346,4712346,0,,,8010453223,8015165569,rank254:B3,0
55,lane14:B0:s11->s10,pp_message,backward,0,-1,11,14,190,174,11,10,-1,p2p,4712346,4712346,0,,,8163260082,8167972428,rank190:B0,0
55,rank174:B0,compute,backward,0,174,10,14,174,174,10,10,4,cooldown,688760200,0,0,1.7854777534246853e+18,1.7854777541134456e+18,8167972428,8856732628,lane14:B0:s11->s10,3371267650
55,lane14:B2:s14->s13,pp_message,backward,2,-1,14,14,238,222,14,13,-1,p2p,4712346,4712346,0,,,8178664229,8183376575,rank238:B2,0
55,rank222:B2,compute,backward,2,222,13,14,222,222,13,13,6,cooldown,681869504,0,0,1.7854777533502746e+18,1.7854777540321441e+18,8183376575,8865246079,lane14:B2:s14->s13,366984789
55,rank238:B3,compute,backward,3,238,14,14,238,238,14,14,7,cooldown,693780286,0,0,1.785477753355852e+18,1.7854777540496323e+18,8183376575,8877156861,lane14:B2:s14->s13,4712346
55,lane14:B1:s12->s11,pp_message,backward,1,-1,12,14,206,190,12,11,-1,p2p,4712346,4712346,0,,,8502950826,8507663172,rank206:B1,0
55,rank190:B1,compute,backward,1,190,11,14,190,190,11,11,5,cooldown,676442807,0,0,1.7854777537688865e+18,1.7854777544453294e+18,8507663172,9184105979,lane14:B1:s12->s11,344403090
55,lane14:B0:s10->s9,pp_message,backward,0,-1,10,14,174,158,10,9,-1,p2p,4712346,4712346,0,,,8856732628,8861444974,rank174:B0,0
55,rank158:B0,compute,backward,0,158,9,14,158,158,9,9,4,cooldown,707508501,0,0,1.7854777542137065e+18,1.785477754921215e+18,8861444974,9568953475,lane14:B0:s10->s9,4523532977
55,lane14:B2:s13->s12,pp_message,backward,2,-1,13,14,222,206,13,12,-1,p2p,4712346,4712346,0,,,8865246079,8869958425,rank222:B2,0
55,rank206:B2,compute,backward,2,206,12,14,206,206,12,12,6,cooldown,678250152,0,0,1.7854777541308326e+18,1.7854777548090826e+18,8869958425,9548208577,lane14:B2:s13->s12,367007599
55,lane14:B3:s14->s13,pp_message,backward,3,-1,14,14,238,222,14,13,-1,p2p,4712346,4712346,0,,,8877156861,8881869207,rank238:B3,0
55,rank222:B3,compute,backward,3,222,13,14,222,222,13,13,7,cooldown,682161686,0,0,1.7854777541487944e+18,1.785477754830956e+18,8881869207,9564030893,lane14:B3:s14->s13,16623128
55,lane14:B1:s11->s10,pp_message,backward,1,-1,11,14,190,174,11,10,-1,p2p,4712346,4712346,0,,,9184105979,9188818325,rank190:B1,0
55,rank174:B1,compute,backward,1,174,10,14,174,174,10,10,5,cooldown,685255416,0,0,1.7854777545436262e+18,1.7854777552288817e+18,9188818325,9874073741,lane14:B1:s11->s10,332085697
55,lane14:B2:s12->s11,pp_message,backward,2,-1,12,14,206,190,12,11,-1,p2p,4712346,4712346,0,,,9548208577,9552920923,rank206:B2,0
55,rank190:B2,compute,backward,2,190,11,14,190,190,11,11,6,cooldown,679095180,0,0,1.7854777549064026e+18,1.7854777555854979e+18,9552920923,10232016103,lane14:B2:s12->s11,368814944
55,lane14:B3:s13->s12,pp_message,backward,3,-1,13,14,222,206,13,12,-1,p2p,4712346,4712346,0,,,9564030893,9568743239,rank222:B3,0
55,rank206:B3,compute,backward,3,206,12,14,206,206,12,12,7,cooldown,677396032,0,0,1.7854777549286996e+18,1.785477755606096e+18,9568743239,10246139271,lane14:B3:s13->s12,20534662
55,lane14:B0:s9->s8,pp_message,backward,0,-1,9,14,158,142,9,8,-1,p2p,4712346,4712346,0,,,9568953475,9573665821,rank158:B0,0
55,rank142:B0,compute,backward,0,142,8,14,142,142,8,8,4,cooldown,719525004,0,0,1.78547775502086e+18,1.7854777557403848e+18,9573665821,10293190825,lane14:B0:s9->s8,5563587254
55,lane14:B1:s10->s9,pp_message,backward,1,-1,10,14,174,158,10,9,-1,p2p,4712346,4712346,0,,,9874073741,9878786087,rank174:B1,0
55,rank158:B1,compute,backward,1,158,9,14,158,158,9,9,5,cooldown,712193065,0,0,1.785477755327599e+18,1.785477756039792e+18,9878786087,10590979152,lane14:B1:s10->s9,309832612
55,lane14:B2:s11->s10,pp_message,backward,2,-1,11,14,190,174,11,10,-1,p2p,4712346,4712346,0,,,10232016103,10236728449,rank190:B2,0
55,rank174:B2,compute,backward,2,174,10,14,174,174,10,10,6,cooldown,683404350,0,0,1.7854777556828137e+18,1.7854777563662182e+18,10236728449,10920132799,lane14:B2:s11->s10,362654708
55,lane14:B3:s12->s11,pp_message,backward,3,-1,12,14,206,190,12,11,-1,p2p,4712346,4712346,0,,,10246139271,10250851617,rank206:B3,0
55,rank190:B3,compute,backward,3,190,11,14,190,190,11,11,7,cooldown,686193264,0,0,1.7854777557029821e+18,1.7854777563891753e+18,10250851617,10937044881,lane14:B3:s12->s11,18835514
55,lane14:B0:s8->s7,pp_message,backward,0,-1,8,14,142,126,8,7,-1,p2p,4712346,4712346,0,,,10293190825,10297903171,rank142:B0,0
55,rank126:B0,compute,backward,0,126,7,14,126,126,7,7,4,cooldown,682767420,0,0,1.7854777558413788e+18,1.7854777565241464e+18,10297903171,10980670591,lane14:B0:s8->s7,6602441909
55,lane14:B1:s9->s8,pp_message,backward,1,-1,9,14,158,142,9,8,-1,p2p,4712346,4712346,0,,,10590979152,10595691498,rank158:B1,0
55,rank142:B1,compute,backward,1,142,8,14,142,142,8,8,5,cooldown,711931211,0,0,1.7854777561396306e+18,1.7854777568515617e+18,10595691498,11307622709,lane14:B1:s9->s8,302500673
55,lane14:B2:s10->s9,pp_message,backward,2,-1,10,14,174,158,10,9,-1,p2p,4712346,4712346,0,,,10920132799,10924845145,rank174:B2,0
55,rank158:B2,compute,backward,2,158,9,14,158,158,9,9,6,cooldown,702277902,0,0,1.7854777564652682e+18,1.785477757167546e+18,10924845145,11627123047,lane14:B2:s10->s9,333865993
55,lane14:B3:s11->s10,pp_message,backward,3,-1,11,14,190,174,11,10,-1,p2p,4712346,4712346,0,,,10937044881,10941757227,rank190:B3,0
55,rank174:B3,compute,backward,3,174,10,14,174,174,10,10,7,cooldown,684000826,0,0,1.785477756487323e+18,1.7854777571713236e+18,10941757227,11625758053,lane14:B3:s11->s10,21624428
55,lane14:B0:s7->s6,pp_message,backward,0,-1,7,14,126,110,7,6,-1,p2p,4712346,4712346,0,,,10980670591,10985382937,rank126:B0,0
55,rank110:B0,compute,backward,0,110,6,14,110,110,6,6,4,cooldown,697597437,0,0,1.7854777566234614e+18,1.7854777573210588e+18,10985382937,11682980374,lane14:B0:s7->s6,7603369061
55,lane14:B1:s8->s7,pp_message,backward,1,-1,8,14,142,126,8,7,-1,p2p,4712346,4712346,0,,,11307622709,11312335055,rank142:B1,0
55,rank126:B1,compute,backward,1,126,7,14,126,126,7,7,5,cooldown,686338505,0,0,1.7854777569505915e+18,1.7854777576369298e+18,11312335055,11998673560,lane14:B1:s8->s7,331664464
55,lane14:B3:s10->s9,pp_message,backward,3,-1,10,14,174,158,10,9,-1,p2p,4712346,4712346,0,,,11625758053,11630470399,rank174:B3,0
55,lane14:B2:s9->s8,pp_message,backward,2,-1,9,14,158,142,9,8,-1,p2p,4712346,4712346,0,,,11627123047,11631835393,rank158:B2,0
55,rank142:B2,compute,backward,2,142,8,14,142,142,8,8,6,cooldown,693232370,0,0,1.785477757266207e+18,1.7854777579594394e+18,11631835393,12325067763,lane14:B2:s9->s8,324212684
55,rank158:B3,compute,backward,3,158,9,14,158,158,9,9,7,cooldown,716975022,0,0,1.7854777572713997e+18,1.7854777579883748e+18,11631835393,12348810415,lane14:B2:s9->s8,4712346
55,lane14:B0:s6->s5,pp_message,backward,0,-1,6,14,110,94,6,5,-1,p2p,4712346,4712346,0,,,11682980374,11687692720,rank110:B0,0
55,rank94:B0,compute,backward,0,94,5,14,94,94,5,5,4,cooldown,689275016,0,0,1.78547775742005e+18,1.785477758109325e+18,11687692720,12376967736,lane14:B0:s6->s5,8645108596
55,lane14:B1:s7->s6,pp_message,backward,1,-1,7,14,126,110,7,6,-1,p2p,4712346,4712346,0,,,11998673560,12003385906,rank126:B1,0
55,rank110:B1,compute,backward,1,110,6,14,110,110,6,6,5,cooldown,694596096,0,0,1.7854777577354936e+18,1.7854777584300897e+18,12003385906,12697982002,lane14:B1:s7->s6,320405532
55,lane14:B2:s8->s7,pp_message,backward,2,-1,8,14,142,126,8,7,-1,p2p,4712346,4712346,0,,,12325067763,12329780109,rank142:B2,0
55,rank126:B2,compute,backward,2,126,7,14,126,126,7,7,6,cooldown,685846622,0,0,1.7854777580581033e+18,1.78547775874395e+18,12329780109,13015626731,lane14:B2:s8->s7,331106549
55,lane14:B3:s9->s8,pp_message,backward,3,-1,9,14,158,142,9,8,-1,p2p,4712346,4712346,0,,,12348810415,12353522761,rank158:B3,0
55,rank142:B3,compute,backward,3,142,8,14,142,142,8,8,7,cooldown,721229866,0,0,1.785477758087489e+18,1.7854777588087188e+18,12353522761,13074752627,lane14:B3:s9->s8,28454998
55,lane14:B0:s5->s4,pp_message,backward,0,-1,5,14,94,78,5,4,-1,p2p,4712346,4712346,0,,,12376967736,12381680082,rank94:B0,0
55,rank78:B0,compute,backward,0,78,4,14,78,78,4,4,4,cooldown,700402529,0,0,1.7854777582099986e+18,1.785477758910401e+18,12381680082,13082082611,lane14:B0:s5->s4,9766887586
55,lane14:B1:s6->s5,pp_message,backward,1,-1,6,14,110,94,6,5,-1,p2p,4712346,4712346,0,,,12697982002,12702694348,rank110:B1,0
55,rank94:B1,compute,backward,1,94,5,14,94,94,5,5,5,cooldown,687122480,0,0,1.7854777585291592e+18,1.7854777592162816e+18,12702694348,13389816828,lane14:B1:s6->s5,325726612
55,lane14:B2:s7->s6,pp_message,backward,2,-1,7,14,126,110,7,6,-1,p2p,4712346,4712346,0,,,13015626731,13020339077,rank126:B2,0
55,rank110:B2,compute,backward,2,110,6,14,110,110,6,6,6,cooldown,696358477,0,0,1.785477758842417e+18,1.7854777595387753e+18,13020339077,13716697554,lane14:B2:s7->s6,322357075
55,lane14:B3:s8->s7,pp_message,backward,3,-1,8,14,142,126,8,7,-1,p2p,4712346,4712346,0,,,13074752627,13079464973,rank142:B3,0
55,rank126:B3,compute,backward,3,126,7,14,126,126,7,7,7,cooldown,680551079,0,0,1.7854777589085064e+18,1.7854777595890575e+18,13079464973,13760016052,lane14:B3:s8->s7,63838242
55,lane14:B0:s4->s3,pp_message,backward,0,-1,4,14,78,62,4,3,-1,p2p,4712346,4712346,0,,,13082082611,13086794957,rank78:B0,0
55,rank62:B0,compute,backward,0,62,3,14,62,62,3,3,4,cooldown,724177627,0,0,1.7854777590098568e+18,1.7854777597340344e+18,13086794957,13810972584,lane14:B0:s4->s3,10806821281
55,lane14:B1:s5->s4,pp_message,backward,1,-1,5,14,94,78,5,4,-1,p2p,4712346,4712346,0,,,13389816828,13394529174,rank94:B1,0
55,rank78:B1,compute,backward,1,78,4,14,78,78,4,4,5,cooldown,698868461,0,0,1.7854777593157133e+18,1.7854777600145815e+18,13394529174,14093397635,lane14:B1:s5->s4,312446563
55,lane14:B2:s6->s5,pp_message,backward,2,-1,6,14,110,94,6,5,-1,p2p,4712346,4712346,0,,,13716697554,13721409900,rank110:B2,0
55,rank94:B2,compute,backward,2,94,5,14,94,94,5,5,6,cooldown,687673486,0,0,1.7854777596375296e+18,1.7854777603252032e+18,13721409900,14409083386,lane14:B2:s6->s5,331593072
55,lane14:B3:s7->s6,pp_message,backward,3,-1,7,14,126,110,7,6,-1,p2p,4712346,4712346,0,,,13760016052,13764728398,rank126:B3,0
55,rank110:B3,compute,backward,3,110,6,14,110,110,6,6,7,cooldown,696612023,0,0,1.7854777596872507e+18,1.7854777603838628e+18,13764728398,14461340421,lane14:B3:s7->s6,48030844
55,lane14:B0:s3->s2,pp_message,backward,0,-1,3,14,62,46,3,2,-1,p2p,4712346,4712346,0,,,13810972584,13815684930,rank62:B0,0
55,rank46:B0,compute,backward,0,46,2,14,46,46,2,2,4,cooldown,704734916,0,0,1.7854777598337928e+18,1.7854777605385277e+18,13815684930,14520419846,lane14:B0:s3->s2,11960425989
55,lane14:B1:s4->s3,pp_message,backward,1,-1,4,14,78,62,4,3,-1,p2p,4712346,4712346,0,,,14093397635,14098109981,rank78:B1,0
55,rank62:B1,compute,backward,1,62,3,14,62,62,3,3,5,cooldown,696567072,0,0,1.7854777601133604e+18,1.7854777608099277e+18,14098109981,14794677053,lane14:B1:s4->s3,287137397
55,lane14:B2:s5->s4,pp_message,backward,2,-1,5,14,94,78,5,4,-1,p2p,4712346,4712346,0,,,14409083386,14413795732,rank94:B2,0
55,rank78:B2,compute,backward,2,78,4,14,78,78,4,4,6,cooldown,700631201,0,0,1.7854777604236657e+18,1.7854777611242967e+18,14413795732,15114426933,lane14:B2:s5->s4,320398097
55,lane14:B3:s6->s5,pp_message,backward,3,-1,6,14,110,94,6,5,-1,p2p,4712346,4712346,0,,,14461340421,14466052767,rank110:B3,0
55,rank94:B3,compute,backward,3,94,5,14,94,94,5,5,7,cooldown,687809133,0,0,1.785477760482915e+18,1.785477761170724e+18,14466052767,15153861900,lane14:B3:s6->s5,56969381
55,lane14:B0:s2->s1,pp_message,backward,0,-1,2,14,46,30,2,1,-1,p2p,4712346,4712346,0,,,14520419846,14525132192,rank46:B0,0
55,rank30:B0,compute,backward,0,30,1,14,30,30,1,1,4,cooldown,724024929,0,0,1.785477760638294e+18,1.785477761362319e+18,14525132192,15249157121,lane14:B0:s2->s1,13026240207
55,lane14:B1:s3->s2,pp_message,backward,1,-1,3,14,62,46,3,2,-1,p2p,4712346,4712346,0,,,14794677053,14799389399,rank62:B1,0
55,rank46:B1,compute,backward,1,46,2,14,46,46,2,2,5,cooldown,759298745,0,0,1.785477760908215e+18,1.7854777616675139e+18,14799389399,15558688144,lane14:B1:s3->s2,278969553
55,lane14:B2:s4->s3,pp_message,backward,2,-1,4,14,78,62,4,3,-1,p2p,4712346,4712346,0,,,15114426933,15119139279,rank78:B2,0
55,rank62:B2,compute,backward,2,62,3,14,62,62,3,3,6,cooldown,692513288,0,0,1.785477761223425e+18,1.7854777619159383e+18,15119139279,15811652567,lane14:B2:s4->s3,324462226
55,lane14:B3:s5->s4,pp_message,backward,3,-1,5,14,94,78,5,4,-1,p2p,4712346,4712346,0,,,15153861900,15158574246,rank94:B3,0
55,rank78:B3,compute,backward,3,78,4,14,78,78,4,4,7,cooldown,699257808,0,0,1.785477761268747e+18,1.7854777619680049e+18,15158574246,15857832054,lane14:B3:s5->s4,44147313
55,lane14:B0:s1->s0,pp_message,backward,0,-1,1,14,30,14,1,0,-1,p2p,4712346,4712346,0,,,15249157121,15253869467,rank30:B0,0
55,rank14:B0,compute,backward,0,14,0,14,14,14,0,0,4,cooldown,409091216,0,0,1.785477761461736e+18,1.785477761870827e+18,15253869467,15662960683,lane14:B0:s1->s0,14584605510
55,lane14:B1:s2->s1,pp_message,backward,1,-1,2,14,46,30,2,1,-1,p2p,4712346,4712346,0,,,15558688144,15563400490,rank46:B1,0
55,rank30:B1,compute,backward,1,30,1,14,30,30,1,1,5,cooldown,727277032,0,0,1.7854777617652872e+18,1.7854777624925642e+18,15563400490,16290677522,lane14:B1:s2->s1,314243369
55,lane14:B2:s3->s2,pp_message,backward,2,-1,3,14,62,46,3,2,-1,p2p,4712346,4712346,0,,,15811652567,15816364913,rank62:B2,0
55,rank46:B2,compute,backward,2,46,2,14,46,46,2,2,6,cooldown,707772770,0,0,1.785477762014343e+18,1.7854777627221158e+18,15816364913,16524137683,lane14:B2:s3->s2,257676769
55,lane14:B3:s4->s3,pp_message,backward,3,-1,4,14,78,62,4,3,-1,p2p,4712346,4712346,0,,,15857832054,15862544400,rank78:B3,0
55,rank62:B3,compute,backward,3,62,3,14,62,62,3,3,7,cooldown,692622446,0,0,1.785477762066435e+18,1.7854777627590574e+18,15862544400,16555166846,lane14:B3:s4->s3,50891833
55,lane14:B1:s1->s0,pp_message,backward,1,-1,1,14,30,14,1,0,-1,p2p,4712346,4712346,0,,,16290677522,16295389868,rank30:B1,0
55,rank14:B1,compute,backward,1,14,0,14,14,14,0,0,5,cooldown,415018310,0,0,1.7854777625915418e+18,1.7854777630065603e+18,16295389868,16710408178,lane14:B1:s1->s0,632429185
55,lane14:B2:s2->s1,pp_message,backward,2,-1,2,14,46,30,2,1,-1,p2p,4712346,4712346,0,,,16524137683,16528850029,rank46:B2,0
55,rank30:B2,compute,backward,2,30,1,14,30,30,1,1,6,cooldown,723975230,0,0,1.7854777628216456e+18,1.7854777635456207e+18,16528850029,17252825259,lane14:B2:s2->s1,238172507
55,lane14:B3:s3->s2,pp_message,backward,3,-1,3,14,62,46,3,2,-1,p2p,4712346,4712346,0,,,16555166846,16559879192,rank62:B3,0
55,rank46:B3,compute,backward,3,46,2,14,46,46,2,2,7,cooldown,705172212,0,0,1.7854777628572378e+18,1.7854777635624097e+18,16559879192,17265051404,lane14:B3:s3->s2,35741509
55,lane14:B2:s1->s0,pp_message,backward,2,-1,1,14,30,14,1,0,-1,p2p,4712346,4712346,0,,,17252825259,17257537605,rank30:B2,0
55,rank14:B2,compute,backward,2,14,0,14,14,14,0,0,6,cooldown,408994674,0,0,1.7854777636439944e+18,1.7854777640529892e+18,17257537605,17666532279,lane14:B2:s1->s0,547129427
55,lane14:B3:s2->s1,pp_message,backward,3,-1,2,14,46,30,2,1,-1,p2p,4712346,4712346,0,,,17265051404,17269763750,rank46:B3,0
55,rank30:B3,compute,backward,3,30,1,14,30,30,1,1,7,cooldown,726383803,0,0,1.7854777636610437e+18,1.7854777643874276e+18,17269763750,17996147553,lane14:B3:s2->s1,16938491
55,lane14:B3:s1->s0,pp_message,backward,3,-1,1,14,30,14,1,0,-1,p2p,4712346,4712346,0,,,17996147553,18000859899,rank30:B3,0
55,rank14:B3,compute,backward,3,14,0,14,14,14,0,0,7,cooldown,408363529,0,0,1.785477764486403e+18,1.7854777648947666e+18,18000859899,18409223428,lane14:B3:s1->s0,334327620
55,rank15:F0,compute,forward,0,15,0,15,15,15,0,0,0,warmup,160262362,0,0,1.7854777448091543e+18,1.7854777449694167e+18,0,160262362,,0
55,lane15:F0:s0->s1,pp_message,forward,0,-1,0,15,15,31,0,1,-1,p2p,4712346,4712346,0,,,160262362,164974708,rank15:F0,0
55,rank15:F1,compute,forward,1,15,0,15,15,15,0,0,1,warmup,157631343,0,0,1.7854777449753935e+18,1.7854777451330248e+18,164974708,322606051,lane15:F0:s0->s1,4712346
55,rank31:F0,compute,forward,0,31,1,15,31,31,1,1,0,warmup,322851890,0,0,1.7854777449753702e+18,1.785477745298222e+18,164974708,487826598,lane15:F0:s0->s1,164974708
55,lane15:F1:s0->s1,pp_message,forward,1,-1,0,15,15,31,0,1,-1,p2p,4712346,4712346,0,,,322606051,327318397,rank15:F1,0
55,rank15:F2,compute,forward,2,15,0,15,15,15,0,0,2,warmup,157128677,0,0,1.7854777453098301e+18,1.7854777454669588e+18,327318397,484447074,lane15:F1:s0->s1,4712346
55,lane15:F2:s0->s1,pp_message,forward,2,-1,0,15,15,31,0,1,-1,p2p,4712346,4712346,0,,,484447074,489159420,rank15:F2,0
55,lane15:F0:s1->s2,pp_message,forward,0,-1,1,15,31,47,1,2,-1,p2p,4712346,4712346,0,,,487826598,492538944,rank31:F0,0
55,rank15:F3,compute,forward,3,15,0,15,15,15,0,0,3,warmup,176327004,0,0,1.7854777456650342e+18,1.7854777458413614e+18,489159420,665486424,lane15:F2:s0->s1,4712346
55,rank31:F1,compute,forward,1,31,1,15,31,31,1,1,1,warmup,326367804,0,0,1.7854777453097364e+18,1.7854777456361042e+18,492538944,818906748,lane15:F0:s1->s2,4712346
55,rank47:F0,compute,forward,0,47,2,15,47,47,2,2,0,warmup,343723051,0,0,1.7854777453040648e+18,1.7854777456477878e+18,492538944,836261995,lane15:F0:s1->s2,492538944
55,lane15:F3:s0->s1,pp_message,forward,3,-1,0,15,15,31,0,1,-1,p2p,4712346,4712346,0,,,665486424,670198770,rank15:F3,0
55,lane15:F1:s1->s2,pp_message,forward,1,-1,1,15,31,47,1,2,-1,p2p,4712346,4712346,0,,,818906748,823619094,rank31:F1,0
55,rank31:F2,compute,forward,2,31,1,15,31,31,1,1,2,warmup,340586585,0,0,1.7854777456648666e+18,1.7854777460054533e+18,823619094,1164205679,lane15:F1:s1->s2,4712346
55,lane15:F0:s2->s3,pp_message,forward,0,-1,2,15,47,63,2,3,-1,p2p,4712346,4712346,0,,,836261995,840974341,rank47:F0,0
55,rank47:F1,compute,forward,1,47,2,15,47,47,2,2,1,warmup,335519137,0,0,1.7854777456590354e+18,1.7854777459945544e+18,840974341,1176493478,lane15:F0:s2->s3,4712346
55,rank63:F0,compute,forward,0,63,3,15,63,63,3,3,0,warmup,407335434,0,0,1.785477745653218e+18,1.7854777460605535e+18,840974341,1248309775,lane15:F0:s2->s3,840974341
55,lane15:F2:s1->s2,pp_message,forward,2,-1,1,15,31,47,1,2,-1,p2p,4712346,4712346,0,,,1164205679,1168918025,rank31:F2,0
55,rank31:F3,compute,forward,3,31,1,15,31,31,1,1,3,warmup,323879473,0,0,1.7854777460832497e+18,1.7854777464071293e+18,1168918025,1492797498,lane15:F2:s1->s2,4712346
55,lane15:F1:s2->s3,pp_message,forward,1,-1,2,15,47,63,2,3,-1,p2p,4712346,4712346,0,,,1176493478,1181205824,rank47:F1,0
55,rank47:F2,compute,forward,2,47,2,15,47,47,2,2,2,warmup,318570530,0,0,1.7854777460772726e+18,1.785477746395843e+18,1181205824,1499776354,lane15:F1:s2->s3,4712346
55,lane15:F0:s3->s4,pp_message,forward,0,-1,3,15,63,79,3,4,-1,p2p,4712346,4712346,0,,,1248309775,1253022121,rank63:F0,0
55,rank63:F1,compute,forward,1,63,3,15,63,63,3,3,1,warmup,352268259,0,0,1.785477746071274e+18,1.7854777464235423e+18,1253022121,1605290380,lane15:F0:s3->s4,4712346
55,rank79:F0,compute,forward,0,79,4,15,79,79,4,4,0,warmup,318076540,0,0,1.7854777460663096e+18,1.7854777463843863e+18,1253022121,1571098661,lane15:F0:s3->s4,1253022121
55,lane15:F3:s1->s2,pp_message,forward,3,-1,1,15,31,47,1,2,-1,p2p,4712346,4712346,0,,,1492797498,1497509844,rank31:F3,0
55,lane15:F2:s2->s3,pp_message,forward,2,-1,2,15,47,63,2,3,-1,p2p,4712346,4712346,0,,,1499776354,1504488700,rank47:F2,0
55,rank47:F3,compute,forward,3,47,2,15,47,47,2,2,3,warmup,345570266,0,0,1.7854777464399823e+18,1.7854777467855524e+18,1504488700,1850058966,lane15:F2:s2->s3,4712346
55,lane15:F0:s4->s5,pp_message,forward,0,-1,4,15,79,95,4,5,-1,p2p,4712346,4712346,0,,,1571098661,1575811007,rank79:F0,0
55,rank95:F0,compute,forward,0,95,5,15,95,95,5,5,0,warmup,314724129,0,0,1.7854777463899942e+18,1.7854777467047183e+18,1575811007,1890535136,lane15:F0:s4->s5,1575811007
55,lane15:F1:s3->s4,pp_message,forward,1,-1,3,15,63,79,3,4,-1,p2p,4712346,4712346,0,,,1605290380,1610002726,rank63:F1,0
55,rank63:F2,compute,forward,2,63,3,15,63,63,3,3,2,warmup,336898821,0,0,1.7854777464343222e+18,1.785477746771221e+18,1610002726,1946901547,lane15:F1:s3->s4,4712346
55,rank79:F1,compute,forward,1,79,4,15,79,79,4,4,1,warmup,317653605,0,0,1.7854777464289618e+18,1.7854777467466156e+18,1610002726,1927656331,lane15:F1:s3->s4,38904065
55,lane15:F3:s2->s3,pp_message,forward,3,-1,2,15,47,63,2,3,-1,p2p,4712346,4712346,0,,,1850058966,1854771312,rank47:F3,0
55,lane15:F0:s5->s6,pp_message,forward,0,-1,5,15,95,111,5,6,-1,p2p,4712346,4712346,0,,,1890535136,1895247482,rank95:F0,0
55,rank111:F0,compute,forward,0,111,6,15,111,111,6,6,0,warmup,315797311,0,0,1.7854777467109197e+18,1.7854777470267172e+18,1895247482,2211044793,lane15:F0:s5->s6,1895247482
55,lane15:F1:s4->s5,pp_message,forward,1,-1,4,15,79,95,4,5,-1,p2p,4712346,4712346,0,,,1927656331,1932368677,rank79:F1,0
55,rank95:F1,compute,forward,1,95,5,15,95,95,5,5,1,warmup,461514238,0,0,1.7854777467518413e+18,1.7854777472133555e+18,1932368677,2393882915,lane15:F1:s4->s5,41833541
55,lane15:F2:s3->s4,pp_message,forward,2,-1,3,15,63,79,3,4,-1,p2p,4712346,4712346,0,,,1946901547,1951613893,rank63:F2,0
55,rank63:F3,compute,forward,3,63,3,15,63,63,3,3,3,warmup,325639331,0,0,1.7854777467909852e+18,1.7854777471166244e+18,1951613893,2277253224,lane15:F2:s3->s4,4712346
55,rank79:F2,compute,forward,2,79,4,15,79,79,4,4,2,warmup,316766493,0,0,1.7854777467766484e+18,1.785477747093415e+18,1951613893,2268380386,lane15:F2:s3->s4,23957562
55,lane15:F0:s6->s7,pp_message,forward,0,-1,6,15,111,127,6,7,-1,p2p,4712346,4712346,0,,,2211044793,2215757139,rank111:F0,0
55,rank127:F0,compute,forward,0,127,7,15,127,127,7,7,0,warmup,321555590,0,0,1.785477747033008e+18,1.7854777473545636e+18,2215757139,2537312729,lane15:F0:s6->s7,2215757139
55,lane15:F2:s4->s5,pp_message,forward,2,-1,4,15,79,95,4,5,-1,p2p,4712346,4712346,0,,,2268380386,2273092732,rank79:F2,0
55,lane15:F3:s3->s4,pp_message,forward,3,-1,3,15,63,79,3,4,-1,p2p,4712346,4712346,0,,,2277253224,2281965570,rank63:F3,0
55,rank79:F3,compute,forward,3,79,4,15,79,79,4,4,3,warmup,329343561,0,0,1.785477747229306e+18,1.7854777475586496e+18,2281965570,2611309131,lane15:F3:s3->s4,13585184
55,lane15:F1:s5->s6,pp_message,forward,1,-1,5,15,95,111,5,6,-1,p2p,4712346,4712346,0,,,2393882915,2398595261,rank95:F1,0
55,rank111:F1,compute,forward,1,111,6,15,111,111,6,6,1,warmup,327869218,0,0,1.7854777472184128e+18,1.785477747546282e+18,2398595261,2726464479,lane15:F1:s5->s6,187550468
55,rank95:F2,compute,forward,2,95,5,15,95,95,5,5,2,warmup,324213373,0,0,1.7854777472236675e+18,1.785477747547881e+18,2398595261,2722808634,lane15:F1:s5->s6,4712346
55,lane15:F0:s7->s8,pp_message,forward,0,-1,7,15,127,143,7,8,-1,p2p,4712346,4712346,0,,,2537312729,2542025075,rank127:F0,0
55,rank143:F0,compute,forward,0,143,8,15,143,143,8,8,0,warmup,315308065,0,0,1.785477747359928e+18,1.785477747675236e+18,2542025075,2857333140,lane15:F0:s7->s8,2542025075
55,lane15:F3:s4->s5,pp_message,forward,3,-1,4,15,79,95,4,5,-1,p2p,4712346,4712346,0,,,2611309131,2616021477,rank79:F3,0
55,lane15:F2:s5->s6,pp_message,forward,2,-1,5,15,95,111,5,6,-1,p2p,4712346,4712346,0,,,2722808634,2727520980,rank95:F2,0
55,lane15:F1:s6->s7,pp_message,forward,1,-1,6,15,111,127,6,7,-1,p2p,4712346,4712346,0,,,2726464479,2731176825,rank111:F1,0
55,rank95:F3,compute,forward,3,95,5,15,95,95,5,5,3,warmup,312359856,0,0,1.7854777475639324e+18,1.785477747876292e+18,2727520980,3039880836,lane15:F2:s5->s6,4712346
55,rank111:F2,compute,forward,2,111,6,15,111,111,6,6,2,warmup,328981700,0,0,1.7854777475577638e+18,1.7854777478867456e+18,2731176825,3060158525,lane15:F1:s6->s7,4712346
55,rank127:F1,compute,forward,1,127,7,15,127,127,7,7,1,warmup,311435498,0,0,1.7854777475513597e+18,1.7854777478627953e+18,2731176825,3042612323,lane15:F1:s6->s7,193864096
55,lane15:F0:s8->s9,pp_message,forward,0,-1,8,15,143,159,8,9,-1,p2p,4712346,4712346,0,,,2857333140,2862045486,rank143:F0,0
55,rank159:F0,compute,forward,0,159,9,15,159,159,9,9,0,warmup,322528616,0,0,1.78547774768063e+18,1.7854777480031585e+18,2862045486,3184574102,lane15:F0:s8->s9,2862045486
55,lane15:F3:s5->s6,pp_message,forward,3,-1,5,15,95,111,5,6,-1,p2p,4712346,4712346,0,,,3039880836,3044593182,rank95:F3,0
55,lane15:F1:s7->s8,pp_message,forward,1,-1,7,15,127,143,7,8,-1,p2p,4712346,4712346,0,,,3042612323,3047324669,rank127:F1,0
55,rank143:F1,compute,forward,1,143,8,15,143,143,8,8,1,warmup,316625631,0,0,1.7854777478679442e+18,1.7854777481845699e+18,3047324669,3363950300,lane15:F1:s7->s8,189991529
55,lane15:F2:s6->s7,pp_message,forward,2,-1,6,15,111,127,6,7,-1,p2p,4712346,4712346,0,,,3060158525,3064870871,rank111:F2,0
55,rank111:F3,compute,forward,3,111,6,15,111,111,6,6,3,warmup,314872069,0,0,1.785477747896735e+18,1.785477748211607e+18,3064870871,3379742940,lane15:F2:s6->s7,4712346
55,rank127:F2,compute,forward,2,127,7,15,127,127,7,7,2,warmup,309724665,0,0,1.785477747891682e+18,1.7854777482014067e+18,3064870871,3374595536,lane15:F2:s6->s7,22258548
55,lane15:F0:s9->s10,pp_message,forward,0,-1,9,15,159,175,9,10,-1,p2p,4712346,4712346,0,,,3184574102,3189286448,rank159:F0,0
55,rank175:F0,compute,forward,0,175,10,15,175,175,10,10,0,warmup,313176201,0,0,1.7854777480086533e+18,1.7854777483218296e+18,3189286448,3502462649,lane15:F0:s9->s10,3189286448
55,lane15:F1:s8->s9,pp_message,forward,1,-1,8,15,143,159,8,9,-1,p2p,4712346,4712346,0,,,3363950300,3368662646,rank143:F1,0
55,rank159:F1,compute,forward,1,159,9,15,159,159,9,9,1,warmup,317641482,0,0,1.7854777481897838e+18,1.7854777485074253e+18,3368662646,3686304128,lane15:F1:s8->s9,184088544
55,lane15:F2:s7->s8,pp_message,forward,2,-1,7,15,127,143,7,8,-1,p2p,4712346,4712346,0,,,3374595536,3379307882,rank127:F2,0
55,rank143:F2,compute,forward,2,143,8,15,143,143,8,8,2,warmup,311658329,0,0,1.7854777482065528e+18,1.7854777485182113e+18,3379307882,3690966211,lane15:F2:s7->s8,15357582
55,lane15:F3:s6->s7,pp_message,forward,3,-1,6,15,111,127,6,7,-1,p2p,4712346,4712346,0,,,3379742940,3384455286,rank111:F3,0
55,rank127:F3,compute,forward,3,127,7,15,127,127,7,7,3,warmup,309433983,0,0,1.785477748216691e+18,1.7854777485261248e+18,3384455286,3693889269,lane15:F3:s6->s7,9859750
55,lane15:F0:s10->s11,pp_message,forward,0,-1,10,15,175,191,10,11,-1,p2p,4712346,4712346,0,,,3502462649,3507174995,rank175:F0,0
55,rank191:F0,compute,forward,0,191,11,15,191,191,11,11,0,warmup,313044528,0,0,1.7854777483274117e+18,1.7854777486404562e+18,3507174995,3820219523,lane15:F0:s10->s11,3507174995
55,lane15:F1:s9->s10,pp_message,forward,1,-1,9,15,159,175,9,10,-1,p2p,4712346,4712346,0,,,3686304128,3691016474,rank159:F1,0
55,lane15:F2:s8->s9,pp_message,forward,2,-1,8,15,143,159,8,9,-1,p2p,4712346,4712346,0,,,3690966211,3695678557,rank143:F2,0
55,rank175:F1,compute,forward,1,175,10,15,175,175,10,10,1,warmup,310357504,0,0,1.7854777485126415e+18,1.785477748822999e+18,3691016474,4001373978,lane15:F1:s9->s10,188553825
55,lane15:F3:s7->s8,pp_message,forward,3,-1,7,15,127,143,7,8,-1,p2p,4712346,4712346,0,,,3693889269,3698601615,rank127:F3,0
55,rank159:F2,compute,forward,2,159,9,15,159,159,9,9,2,warmup,316723275,0,0,1.785477748523415e+18,1.7854777488401382e+18,3695678557,4012401832,lane15:F2:s8->s9,9374429
55,rank143:F3,compute,forward,3,143,8,15,143,143,8,8,3,warmup,309815552,0,0,1.7854777485312778e+18,1.7854777488410934e+18,3698601615,4008417167,lane15:F3:s7->s8,7635404
55,lane15:F0:s11->s12,pp_message,forward,0,-1,11,15,191,207,11,12,-1,p2p,4712346,4712346,0,,,3820219523,3824931869,rank191:F0,0
55,rank207:F0,compute,forward,0,207,12,15,207,207,12,12,0,warmup,311624708,0,0,1.785477748646597e+18,1.7854777489582218e+18,3824931869,4136556577,lane15:F0:s11->s12,3824931869
55,lane15:F1:s10->s11,pp_message,forward,1,-1,10,15,175,191,10,11,-1,p2p,4712346,4712346,0,,,4001373978,4006086324,rank175:F1,0
55,rank191:F1,compute,forward,1,191,11,15,191,191,11,11,1,warmup,308761683,0,0,1.7854777488281252e+18,1.785477749136887e+18,4006086324,4314848007,lane15:F1:s10->s11,185866801
55,lane15:F3:s8->s9,pp_message,forward,3,-1,8,15,143,159,8,9,-1,p2p,4712346,4712346,0,,,4008417167,4013129513,rank143:F3,0
55,lane15:F2:s9->s10,pp_message,forward,2,-1,9,15,159,175,9,10,-1,p2p,4712346,4712346,0,,,4012401832,4017114178,rank159:F2,0
55,rank159:F3,compute,forward,3,159,9,15,159,159,9,9,3,warmup,318657020,0,0,1.7854777488505285e+18,1.7854777491691855e+18,4017114178,4335771198,lane15:F2:s9->s10,4712346
55,rank175:F2,compute,forward,2,175,10,15,175,175,10,10,2,warmup,309828820,0,0,1.7854777488453396e+18,1.7854777491551685e+18,4017114178,4326942998,lane15:F2:s9->s10,15740200
55,lane15:F0:s12->s13,pp_message,forward,0,-1,12,15,207,223,12,13,-1,p2p,4712346,4712346,0,,,4136556577,4141268923,rank207:F0,0
55,rank223:F0,compute,forward,0,223,13,15,223,223,13,13,0,warmup,314933020,0,0,1.7854777489644564e+18,1.7854777492793894e+18,4141268923,4456201943,lane15:F0:s12->s13,4141268923
55,lane15:F1:s11->s12,pp_message,forward,1,-1,11,15,191,207,11,12,-1,p2p,4712346,4712346,0,,,4314848007,4319560353,rank191:F1,0
55,rank207:F1,compute,forward,1,207,12,15,207,207,12,12,1,warmup,307713419,0,0,1.7854777491420838e+18,1.7854777494497974e+18,4319560353,4627273772,lane15:F1:s11->s12,183003776
55,lane15:F2:s10->s11,pp_message,forward,2,-1,10,15,175,191,10,11,-1,p2p,4712346,4712346,0,,,4326942998,4331655344,rank175:F2,0
55,rank191:F2,compute,forward,2,191,11,15,191,191,11,11,2,warmup,306246838,0,0,1.7854777491603156e+18,1.7854777494665626e+18,4331655344,4637902182,lane15:F2:s10->s11,16807337
55,lane15:F3:s9->s10,pp_message,forward,3,-1,9,15,159,175,9,10,-1,p2p,4712346,4712346,0,,,4335771198,4340483544,rank159:F3,0
55,rank175:F3,compute,forward,3,175,10,15,175,175,10,10,3,warmup,454716029,0,0,1.785477749174346e+18,1.7854777496290621e+18,4340483544,4795199573,lane15:F3:s9->s10,13540546
55,lane15:F0:s13->s14,pp_message,forward,0,-1,13,15,223,239,13,14,-1,p2p,4712346,4712346,0,,,4456201943,4460914289,rank223:F0,0
55,rank239:F0,compute,forward,0,239,14,15,239,239,14,14,0,warmup,322171374,0,0,1.7854777492852275e+18,1.785477749607399e+18,4460914289,4783085663,lane15:F0:s13->s14,4460914289
55,lane15:F1:s12->s13,pp_message,forward,1,-1,12,15,207,223,12,13,-1,p2p,4712346,4712346,0,,,4627273772,4631986118,rank207:F1,0
55,rank223:F1,compute,forward,1,223,13,15,223,223,13,13,1,warmup,460593482,0,0,1.7854777494549827e+18,1.785477749915576e+18,4631986118,5092579600,lane15:F1:s12->s13,175784175
55,lane15:F2:s11->s12,pp_message,forward,2,-1,11,15,191,207,11,12,-1,p2p,4712346,4712346,0,,,4637902182,4642614528,rank191:F2,0
55,rank207:F2,compute,forward,2,207,12,15,207,207,12,12,2,warmup,307920960,0,0,1.7854777494717427e+18,1.7854777497796636e+18,4642614528,4950535488,lane15:F2:s11->s12,15340756
55,lane15:F0:s14->s15,pp_message,forward,0,-1,14,15,239,255,14,15,-1,p2p,4712346,4712346,0,,,4783085663,4787798009,rank239:F0,0
55,rank255:F0,compute,forward,0,255,15,15,255,255,15,15,0,steady,195836738,0,0,1.7854777496130998e+18,1.7854777498089364e+18,4787798009,4983634747,lane15:F0:s14->s15,4787798009
55,lane15:F3:s10->s11,pp_message,forward,3,-1,10,15,175,191,10,11,-1,p2p,4712346,4712346,0,,,4795199573,4799911919,rank175:F3,0
55,rank191:F3,compute,forward,3,191,11,15,191,191,11,11,3,warmup,306825094,0,0,1.7854777496342781e+18,1.785477749941103e+18,4799911919,5106737013,lane15:F3:s10->s11,162009737
55,lane15:F2:s12->s13,pp_message,forward,2,-1,12,15,207,223,12,13,-1,p2p,4712346,4712346,0,,,4950535488,4955247834,rank207:F2,0
55,rank255:B0,compute,backward,0,255,15,15,255,255,15,15,1,steady,389954613,0,0,1.7854777498090836e+18,1.7854777501990382e+18,4983634747,5373589360,rank255:F0,0
55,lane15:F1:s13->s14,pp_message,forward,1,-1,13,15,223,239,13,14,-1,p2p,4712346,4712346,0,,,5092579600,5097291946,rank223:F1,0
55,rank223:F2,compute,forward,2,223,13,15,223,223,13,13,2,steady,310631207,0,0,1.7854777499259003e+18,1.7854777502365317e+18,5097291946,5407923153,lane15:F1:s13->s14,4712346
55,rank239:F1,compute,forward,1,239,14,15,239,239,14,14,1,steady,312739803,0,0,1.7854777499207562e+18,1.785477750233496e+18,5097291946,5410031749,lane15:F1:s13->s14,314206283
55,lane15:F3:s11->s12,pp_message,forward,3,-1,11,15,191,207,11,12,-1,p2p,4712346,4712346,0,,,5106737013,5111449359,rank191:F3,0
55,rank207:F3,compute,forward,3,207,12,15,207,207,12,12,3,steady,308063534,0,0,1.7854777499462418e+18,1.7854777502543053e+18,5111449359,5419512893,lane15:F3:s11->s12,160913871
55,lane15:B0:s15->s14,pp_message,backward,0,-1,15,15,255,239,15,14,-1,p2p,4712346,4712346,0,,,5373589360,5378301706,rank255:B0,0
55,lane15:F2:s13->s14,pp_message,forward,2,-1,13,15,223,239,13,14,-1,p2p,4712346,4712346,0,,,5407923153,5412635499,rank223:F2,0
55,lane15:F1:s14->s15,pp_message,forward,1,-1,14,15,239,255,14,15,-1,p2p,4712346,4712346,0,,,5410031749,5414744095,rank239:F1,0
55,rank239:B0,compute,backward,0,239,14,15,239,239,14,14,2,steady,682229730,0,0,1.7854777502982093e+18,1.785477750980439e+18,5414744095,6096973825,lane15:F1:s14->s15,4712346
55,rank255:F1,compute,forward,1,255,15,15,255,255,15,15,2,steady,192118650,0,0,1.7854777502980977e+18,1.7854777504902162e+18,5414744095,5606862745,lane15:F1:s14->s15,41154735
55,lane15:F3:s12->s13,pp_message,forward,3,-1,12,15,207,223,12,13,-1,p2p,4712346,4712346,0,,,5419512893,5424225239,rank207:F3,0
55,rank255:B1,compute,backward,1,255,15,15,255,255,15,15,3,steady,371177917,0,0,1.7854777504903956e+18,1.7854777508615736e+18,5606862745,5978040662,rank255:F1,0
55,lane15:B1:s15->s14,pp_message,backward,1,-1,15,15,255,239,15,14,-1,p2p,4712346,4712346,0,,,5978040662,5982753008,rank255:B1,0
55,lane15:B0:s14->s13,pp_message,backward,0,-1,14,15,239,223,14,13,-1,p2p,4712346,4712346,0,,,6096973825,6101686171,rank239:B0,0
55,rank223:B0,compute,backward,0,223,13,15,223,223,13,13,3,steady,690836582,0,0,1.785477751077655e+18,1.7854777517684918e+18,6101686171,6792522753,lane15:B0:s14->s13,693763018
55,rank239:F2,compute,forward,2,239,14,15,239,239,14,14,3,steady,316623267,0,0,1.7854777510775588e+18,1.7854777513941821e+18,6101686171,6418309438,lane15:B0:s14->s13,4712346
55,lane15:F2:s14->s15,pp_message,forward,2,-1,14,15,239,255,14,15,-1,p2p,4712346,4712346,0,,,6418309438,6423021784,rank239:F2,0
55,rank239:B1,compute,backward,1,239,14,15,239,239,14,14,4,steady,691404636,0,0,1.7854777514001096e+18,1.785477752091514e+18,6423021784,7114426420,lane15:F2:s14->s15,4712346
55,rank255:F2,compute,forward,2,255,15,15,255,255,15,15,4,steady,195846010,0,0,1.7854777514000686e+18,1.7854777515959148e+18,6423021784,6618867794,lane15:F2:s14->s15,444981122
55,rank255:B2,compute,backward,2,255,15,15,255,255,15,15,5,steady,365537551,0,0,1.7854777515960832e+18,1.7854777519616207e+18,6618867794,6984405345,rank255:F2,0
55,lane15:B0:s13->s12,pp_message,backward,0,-1,13,15,223,207,13,12,-1,p2p,4712346,4712346,0,,,6792522753,6797235099,rank223:B0,0
55,rank207:B0,compute,backward,0,207,12,15,207,207,12,12,4,steady,686961719,0,0,1.785477751866207e+18,1.785477752553169e+18,6797235099,7484196818,lane15:B0:s13->s12,1377722206
55,rank223:F3,compute,forward,3,223,13,15,223,223,13,13,4,steady,314796484,0,0,1.7854777518659185e+18,1.785477752180715e+18,6797235099,7112031583,lane15:B0:s13->s12,4712346
55,lane15:B2:s15->s14,pp_message,backward,2,-1,15,15,255,239,15,14,-1,p2p,4712346,4712346,0,,,6984405345,6989117691,rank255:B2,0
55,lane15:F3:s13->s14,pp_message,forward,3,-1,13,15,223,239,13,14,-1,p2p,4712346,4712346,0,,,7112031583,7116743929,rank223:F3,0
55,lane15:B1:s14->s13,pp_message,backward,1,-1,14,15,239,223,14,13,-1,p2p,4712346,4712346,0,,,7114426420,7119138766,rank239:B1,0
55,rank223:B1,compute,backward,1,223,13,15,223,223,13,13,5,steady,698321086,0,0,1.7854777521911288e+18,1.78547775288945e+18,7119138766,7817459852,lane15:B1:s14->s13,7107183
55,rank239:F3,compute,forward,3,239,14,15,239,239,14,14,5,steady,327861038,0,0,1.7854777521910984e+18,1.7854777525189594e+18,7119138766,7446999804,lane15:B1:s14->s13,4712346
55,lane15:F3:s14->s15,pp_message,forward,3,-1,14,15,239,255,14,15,-1,p2p,4712346,4712346,0,,,7446999804,7451712150,rank239:F3,0
55,rank239:B2,compute,backward,2,239,14,15,239,239,14,14,6,steady,725379181,0,0,1.7854777525249162e+18,1.7854777532502953e+18,7451712150,8177091331,lane15:F3:s14->s15,4712346
55,rank255:F3,compute,forward,3,255,15,15,255,255,15,15,6,steady,193688579,0,0,1.7854777525248397e+18,1.7854777527185283e+18,7451712150,7645400729,lane15:F3:s14->s15,467306805
55,lane15:B0:s12->s11,pp_message,backward,0,-1,12,15,207,191,12,11,-1,p2p,4712346,4712346,0,,,7484196818,7488909164,rank207:B0,0
55,rank191:B0,compute,backward,0,191,11,15,191,191,11,11,4,cooldown,677301252,0,0,1.785477752649906e+18,1.7854777533272072e+18,7488909164,8166210416,lane15:B0:s12->s11,2382172151
55,rank255:B3,compute,backward,3,255,15,15,255,255,15,15,7,steady,365444317,0,0,1.7854777527187986e+18,1.785477753084243e+18,7645400729,8010845046,rank255:F3,0
55,lane15:B1:s13->s12,pp_message,backward,1,-1,13,15,223,207,13,12,-1,p2p,4712346,4712346,0,,,7817459852,7822172198,rank223:B1,0
55,rank207:B1,compute,backward,1,207,12,15,207,207,12,12,5,cooldown,682232262,0,0,1.7854777529884838e+18,1.785477753670716e+18,7822172198,8504404460,lane15:B1:s13->s12,337975380
55,lane15:B3:s15->s14,pp_message,backward,3,-1,15,15,255,239,15,14,-1,p2p,4712346,4712346,0,,,8010845046,8015557392,rank255:B3,0
55,lane15:B0:s11->s10,pp_message,backward,0,-1,11,15,191,175,11,10,-1,p2p,4712346,4712346,0,,,8166210416,8170922762,rank191:B0,0
55,rank175:B0,compute,backward,0,175,10,15,175,175,10,10,4,cooldown,688447081,0,0,1.78547775342498e+18,1.7854777541134272e+18,8170922762,8859369843,lane15:B0:s11->s10,3375723189
55,lane15:B2:s14->s13,pp_message,backward,2,-1,14,15,239,223,14,13,-1,p2p,4712346,4712346,0,,,8177091331,8181803677,rank239:B2,0
55,rank223:B2,compute,backward,2,223,13,15,223,223,13,13,6,cooldown,682294226,0,0,1.785477753349788e+18,1.7854777540320822e+18,8181803677,8864097903,lane15:B2:s14->s13,364343825
55,rank239:B3,compute,backward,3,239,14,15,239,239,14,14,7,cooldown,693777856,0,0,1.7854777533552865e+18,1.7854777540490644e+18,8181803677,8875581533,lane15:B2:s14->s13,4712346
55,lane15:B1:s12->s11,pp_message,backward,1,-1,12,15,207,191,12,11,-1,p2p,4712346,4712346,0,,,8504404460,8509116806,rank207:B1,0
55,rank191:B1,compute,backward,1,191,11,15,191,191,11,11,5,cooldown,676396488,0,0,1.7854777537693327e+18,1.7854777544457293e+18,8509116806,9185513294,lane15:B1:s12->s11,342906390
55,lane15:B0:s10->s9,pp_message,backward,0,-1,10,15,175,159,10,9,-1,p2p,4712346,4712346,0,,,8859369843,8864082189,rank175:B0,0
55,rank159:B0,compute,backward,0,159,9,15,159,159,9,9,4,cooldown,708465458,0,0,1.7854777542129876e+18,1.785477754921453e+18,8864082189,9572547647,lane15:B0:s10->s9,4528310991
55,lane15:B2:s13->s12,pp_message,backward,2,-1,13,15,223,207,13,12,-1,p2p,4712346,4712346,0,,,8864097903,8868810249,rank223:B2,0
55,rank207:B2,compute,backward,2,207,12,15,207,207,12,12,6,cooldown,677432828,0,0,1.7854777541309053e+18,1.7854777548083382e+18,8868810249,9546243077,lane15:B2:s13->s12,364405789
55,lane15:B3:s14->s13,pp_message,backward,3,-1,14,15,239,223,14,13,-1,p2p,4712346,4712346,0,,,8875581533,8880293879,rank239:B3,0
55,rank223:B3,compute,backward,3,223,13,15,223,223,13,13,7,cooldown,681924487,0,0,1.785477754148872e+18,1.7854777548307963e+18,8880293879,9562218366,lane15:B3:s14->s13,16195976
55,lane15:B1:s11->s10,pp_message,backward,1,-1,11,15,191,175,11,10,-1,p2p,4712346,4712346,0,,,9185513294,9190225640,rank191:B1,0
55,rank175:B1,compute,backward,1,175,10,15,175,175,10,10,5,cooldown,685644426,0,0,1.7854777545436838e+18,1.7854777552293284e+18,9190225640,9875870066,lane15:B1:s11->s10,330855797
55,lane15:B2:s12->s11,pp_message,backward,2,-1,12,15,207,191,12,11,-1,p2p,4712346,4712346,0,,,9546243077,9550955423,rank207:B2,0
55,rank191:B2,compute,backward,2,191,11,15,191,191,11,11,6,cooldown,678344231,0,0,1.785477754906594e+18,1.7854777555849382e+18,9550955423,10229299654,lane15:B2:s12->s11,365442129
55,lane15:B3:s13->s12,pp_message,backward,3,-1,13,15,223,207,13,12,-1,p2p,4712346,4712346,0,,,9562218366,9566930712,rank223:B3,0
55,rank207:B3,compute,backward,3,207,12,15,207,207,12,12,7,cooldown,675971109,0,0,1.7854777549286792e+18,1.7854777556046502e+18,9566930712,10242901821,lane15:B3:s13->s12,20687635
55,lane15:B0:s9->s8,pp_message,backward,0,-1,9,15,159,143,9,8,-1,p2p,4712346,4712346,0,,,9572547647,9577259993,rank159:B0,0
55,rank143:B0,compute,backward,0,143,8,15,143,143,8,8,4,cooldown,719837740,0,0,1.7854777550207852e+18,1.7854777557406228e+18,9577259993,10297097733,lane15:B0:s9->s8,5568842826
55,lane15:B1:s10->s9,pp_message,backward,1,-1,10,15,175,159,10,9,-1,p2p,4712346,4712346,0,,,9875870066,9880582412,rank175:B1,0
55,rank159:B1,compute,backward,1,159,9,15,159,159,9,9,5,cooldown,712739674,0,0,1.7854777553275592e+18,1.7854777560402988e+18,9880582412,10593322086,lane15:B1:s10->s9,308034765
55,lane15:B2:s11->s10,pp_message,backward,2,-1,11,15,191,175,11,10,-1,p2p,4712346,4712346,0,,,10229299654,10234012000,rank191:B2,0
55,rank175:B2,compute,backward,2,175,10,15,175,175,10,10,6,cooldown,683881861,0,0,1.7854777556825472e+18,1.785477756366429e+18,10234012000,10917893861,lane15:B2:s11->s10,358141934
55,lane15:B3:s12->s11,pp_message,backward,3,-1,12,15,207,191,12,11,-1,p2p,4712346,4712346,0,,,10242901821,10247614167,rank207:B3,0
55,rank191:B3,compute,backward,3,191,11,15,191,191,11,11,7,cooldown,684894676,0,0,1.7854777557034726e+18,1.7854777563883674e+18,10247614167,10932508843,lane15:B3:s12->s11,18314513
55,lane15:B0:s8->s7,pp_message,backward,0,-1,8,15,143,127,8,7,-1,p2p,4712346,4712346,0,,,10297097733,10301810079,rank143:B0,0
55,rank127:B0,compute,backward,0,127,7,15,127,127,7,7,4,cooldown,683308209,0,0,1.7854777558402578e+18,1.7854777565235658e+18,10301810079,10985118288,lane15:B0:s8->s7,6607920810
55,lane15:B1:s9->s8,pp_message,backward,1,-1,9,15,159,143,9,8,-1,p2p,4712346,4712346,0,,,10593322086,10598034432,rank159:B1,0
55,rank143:B1,compute,backward,1,143,8,15,143,143,8,8,5,cooldown,711899431,0,0,1.7854777561399201e+18,1.7854777568518195e+18,10598034432,11309933863,lane15:B1:s9->s8,300936699
55,lane15:B2:s10->s9,pp_message,backward,2,-1,10,15,175,159,10,9,-1,p2p,4712346,4712346,0,,,10917893861,10922606207,rank175:B2,0
55,rank159:B2,compute,backward,2,159,9,15,159,159,9,9,6,cooldown,702751714,0,0,1.785477756465215e+18,1.7854777571679667e+18,10922606207,11625357921,lane15:B2:s10->s9,329284121
55,lane15:B3:s11->s10,pp_message,backward,3,-1,11,15,191,175,11,10,-1,p2p,4712346,4712346,0,,,10932508843,10937221189,rank191:B3,0
55,rank175:B3,compute,backward,3,175,10,15,175,175,10,10,7,cooldown,683509159,0,0,1.7854777564873874e+18,1.7854777571708966e+18,10937221189,11620730348,lane15:B3:s11->s10,19327328
55,lane15:B0:s7->s6,pp_message,backward,0,-1,7,15,127,111,7,6,-1,p2p,4712346,4712346,0,,,10985118288,10989830634,rank127:B0,0
55,rank111:B0,compute,backward,0,111,6,15,111,111,6,6,4,cooldown,696710321,0,0,1.7854777566231913e+18,1.7854777573199017e+18,10989830634,11686540955,lane15:B0:s7->s6,7610087694
55,lane15:B1:s8->s7,pp_message,backward,1,-1,8,15,143,127,8,7,-1,p2p,4712346,4712346,0,,,11309933863,11314646209,rank143:B1,0
55,rank127:B1,compute,backward,1,127,7,15,127,127,7,7,5,cooldown,685878677,0,0,1.7854777569504443e+18,1.785477757636323e+18,11314646209,12000524886,lane15:B1:s8->s7,329527921
55,lane15:B3:s10->s9,pp_message,backward,3,-1,10,15,175,159,10,9,-1,p2p,4712346,4712346,0,,,11620730348,11625442694,rank175:B3,0
55,lane15:B2:s9->s8,pp_message,backward,2,-1,9,15,159,143,9,8,-1,p2p,4712346,4712346,0,,,11625357921,11630070267,rank159:B2,0
55,rank143:B2,compute,backward,2,143,8,15,143,143,8,8,6,cooldown,693232807,0,0,1.7854777572663798e+18,1.7854777579596127e+18,11630070267,12323303074,lane15:B2:s9->s8,320136404
55,rank159:B3,compute,backward,3,159,9,15,159,159,9,9,7,cooldown,716670781,0,0,1.7854777572716718e+18,1.7854777579883425e+18,11630070267,12346741048,lane15:B2:s9->s8,4712346
55,lane15:B0:s6->s5,pp_message,backward,0,-1,6,15,111,95,6,5,-1,p2p,4712346,4712346,0,,,11686540955,11691253301,rank111:B0,0
55,rank95:B0,compute,backward,0,95,5,15,95,95,5,5,4,cooldown,689593224,0,0,1.7854777574194563e+18,1.7854777581090496e+18,11691253301,12380846525,lane15:B0:s6->s5,8651372465
55,lane15:B1:s7->s6,pp_message,backward,1,-1,7,15,127,111,7,6,-1,p2p,4712346,4712346,0,,,12000524886,12005237232,rank127:B1,0
55,rank111:B1,compute,backward,1,111,6,15,111,111,6,6,5,cooldown,695754720,0,0,1.7854777577358513e+18,1.7854777584316058e+18,12005237232,12700991952,lane15:B1:s7->s6,318696277
55,lane15:B2:s8->s7,pp_message,backward,2,-1,8,15,143,127,8,7,-1,p2p,4712346,4712346,0,,,12323303074,12328015420,rank143:B2,0
55,rank127:B2,compute,backward,2,127,7,15,127,127,7,7,6,cooldown,685474096,0,0,1.7854777580578363e+18,1.7854777587433103e+18,12328015420,13013489516,lane15:B2:s8->s7,327490534
55,lane15:B3:s9->s8,pp_message,backward,3,-1,9,15,159,143,9,8,-1,p2p,4712346,4712346,0,,,12346741048,12351453394,rank159:B3,0
55,rank143:B3,compute,backward,3,143,8,15,143,143,8,8,7,cooldown,721776638,0,0,1.7854777580873004e+18,1.785477758809077e+18,12351453394,13073230032,lane15:B3:s9->s8,28150320
55,lane15:B0:s5->s4,pp_message,backward,0,-1,5,15,95,79,5,4,-1,p2p,4712346,4712346,0,,,12380846525,12385558871,rank95:B0,0
55,rank79:B0,compute,backward,0,79,4,15,79,79,4,4,4,cooldown,700388894,0,0,1.785477758209577e+18,1.785477758909966e+18,12385558871,13085947765,lane15:B0:s5->s4,9774249740
55,lane15:B1:s6->s5,pp_message,backward,1,-1,6,15,111,95,6,5,-1,p2p,4712346,4712346,0,,,12700991952,12705704298,rank111:B1,0
55,rank95:B1,compute,backward,1,95,5,15,95,95,5,5,5,cooldown,687078599,0,0,1.7854777585292954e+18,1.785477759216374e+18,12705704298,13392782897,lane15:B1:s6->s5,324857773
55,lane15:B2:s7->s6,pp_message,backward,2,-1,7,15,127,111,7,6,-1,p2p,4712346,4712346,0,,,13013489516,13018201862,rank127:B2,0
55,rank111:B2,compute,backward,2,111,6,15,111,111,6,6,6,cooldown,697520017,0,0,1.7854777588426066e+18,1.7854777595401267e+18,13018201862,13715721879,lane15:B2:s7->s6,317209910
55,lane15:B3:s8->s7,pp_message,backward,3,-1,8,15,143,127,8,7,-1,p2p,4712346,4712346,0,,,13073230032,13077942378,rank143:B3,0
55,rank127:B3,compute,backward,3,127,7,15,127,127,7,7,7,cooldown,679996866,0,0,1.7854777589085376e+18,1.7854777595885345e+18,13077942378,13757939244,lane15:B3:s8->s7,64452862
55,lane15:B0:s4->s3,pp_message,backward,0,-1,4,15,79,63,4,3,-1,p2p,4712346,4712346,0,,,13085947765,13090660111,rank79:B0,0
55,rank63:B0,compute,backward,0,63,3,15,63,63,3,3,4,cooldown,724779119,0,0,1.7854777590093064e+18,1.7854777597340854e+18,13090660111,13815439230,lane15:B0:s4->s3,10813406887
55,lane15:B1:s5->s4,pp_message,backward,1,-1,5,15,95,79,5,4,-1,p2p,4712346,4712346,0,,,13392782897,13397495243,rank95:B1,0
55,rank79:B1,compute,backward,1,79,4,15,79,79,4,4,5,cooldown,698879019,0,0,1.7854777593153705e+18,1.7854777600142495e+18,13397495243,14096374262,lane15:B1:s5->s4,311547478
55,lane15:B2:s6->s5,pp_message,backward,2,-1,6,15,111,95,6,5,-1,p2p,4712346,4712346,0,,,13715721879,13720434225,rank111:B2,0
55,rank95:B2,compute,backward,2,95,5,15,95,95,5,5,6,cooldown,687857813,0,0,1.7854777596374339e+18,1.7854777603252918e+18,13720434225,14408292038,lane15:B2:s6->s5,327651328
55,lane15:B3:s7->s6,pp_message,backward,3,-1,7,15,127,111,7,6,-1,p2p,4712346,4712346,0,,,13757939244,13762651590,rank127:B3,0
55,rank111:B3,compute,backward,3,111,6,15,111,111,6,6,7,cooldown,697517332,0,0,1.7854777596876977e+18,1.7854777603852152e+18,13762651590,14460168922,lane15:B3:s7->s6,46929711
55,lane15:B0:s3->s2,pp_message,backward,0,-1,3,15,63,47,3,2,-1,p2p,4712346,4712346,0,,,13815439230,13820151576,rank63:B0,0
55,rank47:B0,compute,backward,0,47,2,15,47,47,2,2,4,cooldown,704756501,0,0,1.7854777598337482e+18,1.7854777605385047e+18,13820151576,14524908077,lane15:B0:s3->s2,11970092610
55,lane15:B1:s4->s3,pp_message,backward,1,-1,4,15,79,63,4,3,-1,p2p,4712346,4712346,0,,,14096374262,14101086608,rank79:B1,0
55,rank63:B1,compute,backward,1,63,3,15,63,63,3,3,5,cooldown,696601969,0,0,1.7854777601133156e+18,1.7854777608099177e+18,14101086608,14797688577,lane15:B1:s4->s3,285647378
55,lane15:B2:s5->s4,pp_message,backward,2,-1,5,15,95,79,5,4,-1,p2p,4712346,4712346,0,,,14408292038,14413004384,rank95:B2,0
55,rank79:B2,compute,backward,2,79,4,15,79,79,4,4,6,cooldown,700455090,0,0,1.7854777604236977e+18,1.7854777611241528e+18,14413004384,15113459474,lane15:B2:s5->s4,316630122
55,lane15:B3:s6->s5,pp_message,backward,3,-1,6,15,111,95,6,5,-1,p2p,4712346,4712346,0,,,14460168922,14464881268,rank111:B3,0
55,rank95:B3,compute,backward,3,95,5,15,95,95,5,5,7,cooldown,686911919,0,0,1.7854777604832335e+18,1.7854777611701455e+18,14464881268,15151793187,lane15:B3:s6->s5,56589230
55,lane15:B0:s2->s1,pp_message,backward,0,-1,2,15,47,31,2,1,-1,p2p,4712346,4712346,0,,,14524908077,14529620423,rank47:B0,0
55,rank31:B0,compute,backward,0,31,1,15,31,31,1,1,4,cooldown,722742326,0,0,1.7854777606388206e+18,1.785477761361563e+18,14529620423,15252362749,lane15:B0:s2->s1,13036822925
55,lane15:B1:s3->s2,pp_message,backward,1,-1,3,15,63,47,3,2,-1,p2p,4712346,4712346,0,,,14797688577,14802400923,rank63:B1,0
55,rank47:B1,compute,backward,1,47,2,15,47,47,2,2,5,cooldown,758514063,0,0,1.7854777609082422e+18,1.7854777616667564e+18,14802400923,15560914986,lane15:B1:s3->s2,277492846
55,lane15:B2:s4->s3,pp_message,backward,2,-1,4,15,79,63,4,3,-1,p2p,4712346,4712346,0,,,15113459474,15118171820,rank79:B2,0
55,rank63:B2,compute,backward,2,63,3,15,63,63,3,3,6,cooldown,692361837,0,0,1.7854777612232481e+18,1.7854777619156099e+18,15118171820,15810533657,lane15:B2:s4->s3,320483243
55,lane15:B3:s5->s4,pp_message,backward,3,-1,5,15,95,79,5,4,-1,p2p,4712346,4712346,0,,,15151793187,15156505533,rank95:B3,0
55,rank79:B3,compute,backward,3,79,4,15,79,79,4,4,7,cooldown,700346835,0,0,1.7854777612685197e+18,1.7854777619688666e+18,15156505533,15856852368,lane15:B3:s5->s4,43046059
55,lane15:B0:s1->s0,pp_message,backward,0,-1,1,15,31,15,1,0,-1,p2p,4712346,4712346,0,,,15252362749,15257075095,rank31:B0,0
55,rank15:B0,compute,backward,0,15,0,15,15,15,0,0,4,cooldown,409230380,0,0,1.7854777614614958e+18,1.7854777618707261e+18,15257075095,15666305475,lane15:B0:s1->s0,14591588671
55,lane15:B1:s2->s1,pp_message,backward,1,-1,2,15,47,31,2,1,-1,p2p,4712346,4712346,0,,,15560914986,15565627332,rank47:B1,0
55,rank31:B1,compute,backward,1,31,1,15,31,31,1,1,5,cooldown,725954529,0,0,1.785477761765817e+18,1.7854777624917716e+18,15565627332,16291581861,lane15:B1:s2->s1,313264583
55,lane15:B2:s3->s2,pp_message,backward,2,-1,3,15,63,47,3,2,-1,p2p,4712346,4712346,0,,,15810533657,15815246003,rank63:B2,0
55,rank47:B2,compute,backward,2,47,2,15,47,47,2,2,6,cooldown,708123079,0,0,1.785477762014089e+18,1.7854777627222118e+18,15815246003,16523369082,lane15:B2:s3->s2,254331017
55,lane15:B3:s4->s3,pp_message,backward,3,-1,4,15,79,63,4,3,-1,p2p,4712346,4712346,0,,,15856852368,15861564714,rank79:B3,0
55,rank63:B3,compute,backward,3,63,3,15,63,63,3,3,7,cooldown,692214009,0,0,1.7854777620668083e+18,1.7854777627590223e+18,15861564714,16553778723,lane15:B3:s4->s3,51031057
55,lane15:B1:s1->s0,pp_message,backward,1,-1,1,15,31,15,1,0,-1,p2p,4712346,4712346,0,,,16291581861,16296294207,rank31:B1,0
55,rank15:B1,compute,backward,1,15,0,15,15,15,0,0,5,cooldown,415305673,0,0,1.7854777625913572e+18,1.785477763006663e+18,16296294207,16711599880,lane15:B1:s1->s0,629988732
55,lane15:B2:s2->s1,pp_message,backward,2,-1,2,15,47,31,2,1,-1,p2p,4712346,4712346,0,,,16523369082,16528081428,rank47:B2,0
55,rank31:B2,compute,backward,2,31,1,15,31,31,1,1,6,cooldown,725017541,0,0,1.7854777628213187e+18,1.7854777635463363e+18,16528081428,17253098969,lane15:B2:s2->s1,236499567
55,lane15:B3:s3->s2,pp_message,backward,3,-1,3,15,63,47,3,2,-1,p2p,4712346,4712346,0,,,16553778723,16558491069,rank63:B3,0
55,rank47:B3,compute,backward,3,47,2,15,47,47,2,2,7,cooldown,704986549,0,0,1.7854777628571786e+18,1.785477763562165e+18,16558491069,17263477618,lane15:B3:s3->s2,35121987
55,lane15:B2:s1->s0,pp_message,backward,2,-1,1,15,31,15,1,0,-1,p2p,4712346,4712346,0,,,17253098969,17257811315,rank31:B2,0
55,rank15:B2,compute,backward,2,15,0,15,15,15,0,0,6,cooldown,409597141,0,0,1.7854777636437537e+18,1.7854777640533507e+18,17257811315,17667408456,lane15:B2:s1->s0,546211435
55,lane15:B3:s2->s1,pp_message,backward,3,-1,2,15,47,31,2,1,-1,p2p,4712346,4712346,0,,,17263477618,17268189964,rank47:B3,0
55,rank31:B3,compute,backward,3,31,1,15,31,31,1,1,7,cooldown,727660960,0,0,1.7854777636612598e+18,1.7854777643889208e+18,17268189964,17995850924,lane15:B3:s2->s1,15090995
55,lane15:B3:s1->s0,pp_message,backward,3,-1,1,15,31,15,1,0,-1,p2p,4712346,4712346,0,,,17995850924,18000563270,rank31:B3,0
55,rank15:B3,compute,backward,3,15,0,15,15,15,0,0,7,cooldown,408369476,0,0,1.785477764486534e+18,1.7854777648949033e+18,18000563270,18408932746,lane15:B3:s1->s0,333154814
