iteration,pp_stage,behavior,kind,round,group_key,fct_group_id,group_size,observed_ranks,payload_bytes,reference_first_start_ns,reference_ready_ns,reference_group_end_ns,simulated_first_start_ns,simulated_ready_ns,simulated_group_end_ns,reference_tail_after_last_release_ns,simulated_tail_after_last_release_ns,network_tail_shift_ns,group_finish_shift_ns,iteration_drag_ns,hidden_by_slack_ns,downstream_slack_ns,exposure_ratio,fully_hidden,critical_before,critical_after
55,0,dp_param_allgather,dp_ag0,0,dp_param_allgather:pg=1,iter55:pp0:dp_ag0:round0:dp_param_allgather:pg=1,16,16,148986880,1785477765004198934,1785477765005026983,1785477765016807503,1785477765004198934,1785477765005026983,1785477765019163607,11780520,14136624,2356104,2356104,0,2356104,156218634,0.0,True,False,False
55,0,dp_param_allgather,dp_ag1,1,dp_param_allgather:pg=1,iter55:pp0:dp_ag1:round1:dp_param_allgather:pg=1,16,16,148986880,1785477765052736175,1785477765056049799,1785477765067597953,1785477765052736175,1785477765056049799,1785477765069907584,11548154,13857785,2309631,2309631,0,2309631,156218634,0.0,True,False,False
55,0,dp_grad_reduce_scatter,dp_rs,0,dp_grad_reduce_scatter:pg=1,iter55:pp0:dp_rs:round0:dp_grad_reduce_scatter:pg=1,16,16,4767580160,1785477764755869576,1785477764889670779,1785477764913354207,1785477764755869576,1785477764889670779,1785477764918090893,23683428,28420114,4736686,4736686,4736686,0,0,1.0,False,True,True
55,0,expert_dp_param_allgather,edp_ag0,0,expert_dp_param_allgather:pg=1043,iter55:pp0:edp_ag0:round0:expert_dp_param_allgather:pg=1043,2,2,471859200,1785477765016803229,1785477765016817261,1785477765030362813,1785477765016803229,1785477765016817261,1785477765033071923,13545552,16254662,2709110,2709110,0,2709110,158454138,0.0,True,False,False
55,0,expert_dp_param_allgather,edp_ag0,0,expert_dp_param_allgather:pg=1045,iter55:pp0:edp_ag0:round0:expert_dp_param_allgather:pg=1045,2,2,471859200,1785477765016795505,1785477765016838299,1785477765031525697,1785477765016795505,1785477765016838299,1785477765034463177,14687398,17624878,2937480,2937480,0,2937480,157105500,0.0,True,False,False
55,0,expert_dp_param_allgather,edp_ag0,0,expert_dp_param_allgather:pg=1047,iter55:pp0:edp_ag0:round0:expert_dp_param_allgather:pg=1047,2,2,471859200,1785477765016795746,1785477765016800477,1785477765030523752,1785477765016795746,1785477765016800477,1785477765033268407,13723275,16467930,2744655,2744655,0,2744655,157965252,0.0,True,False,False
55,0,expert_dp_param_allgather,edp_ag0,0,expert_dp_param_allgather:pg=1049,iter55:pp0:edp_ag0:round0:expert_dp_param_allgather:pg=1049,2,2,471859200,1785477765016797094,1785477765016818424,1785477765030018896,1785477765016797094,1785477765016818424,1785477765032658990,13200472,15840566,2640094,2640094,0,2640094,158637383,0.0,True,False,False
55,0,expert_dp_param_allgather,edp_ag0,0,expert_dp_param_allgather:pg=1051,iter55:pp0:edp_ag0:round0:expert_dp_param_allgather:pg=1051,2,2,471859200,1785477765016804709,1785477765016850390,1785477765032497095,1785477765016804709,1785477765016850390,1785477765035626436,15646705,18776046,3129341,3129341,0,3129341,156218634,0.0,True,False,False
55,0,expert_dp_param_allgather,edp_ag0,0,expert_dp_param_allgather:pg=1053,iter55:pp0:edp_ag0:round0:expert_dp_param_allgather:pg=1053,2,2,471859200,1785477765016757099,1785477765016815369,1785477765030592612,1785477765016757099,1785477765016815369,1785477765033348061,13777243,16532692,2755449,2755449,0,2755449,158157885,0.0,True,False,False
55,0,expert_dp_param_allgather,edp_ag0,0,expert_dp_param_allgather:pg=1055,iter55:pp0:edp_ag0:round0:expert_dp_param_allgather:pg=1055,2,2,471859200,1785477765016794048,1785477765016807794,1785477765031381848,1785477765016794048,1785477765016807794,1785477765034296659,14574054,17488865,2914811,2914811,0,2914811,157286777,0.0,True,False,False
55,0,expert_dp_param_allgather,edp_ag0,0,expert_dp_param_allgather:pg=1057,iter55:pp0:edp_ag0:round0:expert_dp_param_allgather:pg=1057,2,2,471859200,1785477765016793037,1785477765016798540,1785477765030392479,1785477765016793037,1785477765016798540,1785477765033111267,13593939,16312727,2718788,2718788,0,2718788,158256415,0.0,True,False,False
55,0,expert_dp_param_allgather,edp_ag1,1,expert_dp_param_allgather:pg=1043,iter55:pp0:edp_ag1:round1:expert_dp_param_allgather:pg=1043,2,2,471859200,1785477765067585639,1785477765067603913,1785477765080875787,1785477765067585639,1785477765067603913,1785477765083530162,13271874,15926249,2654375,2654375,0,2654375,158972472,0.0,True,False,False
55,0,expert_dp_param_allgather,edp_ag1,1,expert_dp_param_allgather:pg=1045,iter55:pp0:edp_ag1:round1:expert_dp_param_allgather:pg=1045,2,2,471859200,1785477765067582233,1785477765067601366,1785477765080852098,1785477765067582233,1785477765067601366,1785477765083502244,13250732,15900878,2650146,2650146,0,2650146,158996161,0.0,True,False,False
55,0,expert_dp_param_allgather,edp_ag1,1,expert_dp_param_allgather:pg=1047,iter55:pp0:edp_ag1:round1:expert_dp_param_allgather:pg=1047,2,2,471859200,1785477765067582995,1785477765067610618,1785477765082196538,1785477765067582995,1785477765067610618,1785477765085113722,14585920,17503104,2917184,2917184,0,2917184,157651721,0.0,True,False,False
55,0,expert_dp_param_allgather,edp_ag1,1,expert_dp_param_allgather:pg=1049,iter55:pp0:edp_ag1:round1:expert_dp_param_allgather:pg=1049,2,2,471859200,1785477765067583934,1785477765067602238,1785477765081535017,1785477765067583934,1785477765067602238,1785477765084321573,13932779,16719335,2786556,2786556,0,2786556,158313242,0.0,True,False,False
55,0,expert_dp_param_allgather,edp_ag1,1,expert_dp_param_allgather:pg=1051,iter55:pp0:edp_ag1:round1:expert_dp_param_allgather:pg=1051,2,2,471859200,1785477765067602837,1785477765067617702,1785477765083629625,1785477765067602837,1785477765067617702,1785477765086832010,16011923,19214308,3202385,3202385,0,3202385,156218634,0.0,True,False,False
55,0,expert_dp_param_allgather,edp_ag1,1,expert_dp_param_allgather:pg=1053,iter55:pp0:edp_ag1:round1:expert_dp_param_allgather:pg=1053,2,2,471859200,1785477765067544940,1785477765067646127,1785477765081290613,1785477765067544940,1785477765067646127,1785477765084019510,13644486,16373383,2728897,2728897,0,2728897,158557646,0.0,True,False,False
55,0,expert_dp_param_allgather,edp_ag1,1,expert_dp_param_allgather:pg=1055,iter55:pp0:edp_ag1:round1:expert_dp_param_allgather:pg=1055,2,2,471859200,1785477765067554504,1785477765067589623,1785477765080729552,1785477765067554504,1785477765067589623,1785477765083357538,13139929,15767915,2627986,2627986,0,2627986,159118707,0.0,True,False,False
55,0,expert_dp_param_allgather,edp_ag1,1,expert_dp_param_allgather:pg=1057,iter55:pp0:edp_ag1:round1:expert_dp_param_allgather:pg=1057,2,2,471859200,1785477765067592901,1785477765067595794,1785477765082246559,1785477765067592901,1785477765067595794,1785477765085176712,14650765,17580918,2930153,2930153,0,2930153,157601700,0.0,True,False,False
55,0,expert_dp_grad_reduce_scatter,edp_rs,0,expert_dp_grad_reduce_scatter:pg=1043,iter55:pp0:edp_rs:round0:expert_dp_grad_reduce_scatter:pg=1043,2,2,1887436800,1785477764918073933,1785477764918143164,1785477764966133049,1785477764918073933,1785477764918143164,1785477764975731026,47989885,57587862,9597977,9597977,914558,8683419,8683419,0.0952865379860777,False,False,True
55,0,expert_dp_grad_reduce_scatter,edp_rs,0,expert_dp_grad_reduce_scatter:pg=1045,iter55:pp0:edp_rs:round0:expert_dp_grad_reduce_scatter:pg=1045,2,2,1887436800,1785477764918171307,1785477764918231864,1785477764974112857,1785477764918171307,1785477764918231864,1785477764985289056,55880993,67057192,11176199,11176199,10472588,703611,703611,0.9370438017433297,False,False,True
55,0,expert_dp_grad_reduce_scatter,edp_rs,0,expert_dp_grad_reduce_scatter:pg=1047,iter55:pp0:edp_rs:round0:expert_dp_grad_reduce_scatter:pg=1047,2,2,1887436800,1785477764918173418,1785477764918190884,1785477764972312558,1785477764918173418,1785477764918190884,1785477764983136893,54121674,64946009,10824335,10824335,8320425,2503910,2503910,0.7686777062978927,False,False,True
55,0,expert_dp_grad_reduce_scatter,edp_rs,0,expert_dp_grad_reduce_scatter:pg=1049,iter55:pp0:edp_rs:round0:expert_dp_grad_reduce_scatter:pg=1049,2,2,1887436800,1785477764918107766,1785477764918214702,1785477764974804321,1785477764918107766,1785477764918214702,1785477764986122245,56589619,67907543,11317924,11317924,11305777,12147,12147,0.998926746636574,False,False,True
55,0,expert_dp_grad_reduce_scatter,edp_rs,0,expert_dp_grad_reduce_scatter:pg=1051,iter55:pp0:edp_rs:round0:expert_dp_grad_reduce_scatter:pg=1051,2,2,1887436800,1785477764918218170,1785477764918282569,1785477764974816468,1785477764918218170,1785477764918282569,1785477764986123248,56533899,67840679,11306780,11306780,11306780,0,0,1.0,False,True,True
55,0,expert_dp_grad_reduce_scatter,edp_rs,0,expert_dp_grad_reduce_scatter:pg=1053,iter55:pp0:edp_rs:round0:expert_dp_grad_reduce_scatter:pg=1053,2,2,1887436800,1785477764918061224,1785477764918089022,1785477764972408311,1785477764918061224,1785477764918089022,1785477764983272169,54319289,65183147,10863858,10863858,8455701,2408157,2408157,0.7783331667258537,False,False,True
55,0,expert_dp_grad_reduce_scatter,edp_rs,0,expert_dp_grad_reduce_scatter:pg=1055,iter55:pp0:edp_rs:round0:expert_dp_grad_reduce_scatter:pg=1055,2,2,1887436800,1785477764918132350,1785477764918198068,1785477764974646638,1785477764918132350,1785477764918198068,1785477764985936352,56448570,67738284,11289714,11289714,11119884,169830,169830,0.9849571034306095,False,False,True
55,0,expert_dp_grad_reduce_scatter,edp_rs,0,expert_dp_grad_reduce_scatter:pg=1057,iter55:pp0:edp_rs:round0:expert_dp_grad_reduce_scatter:pg=1057,2,2,1887436800,1785477764918089054,1785477764918260829,1785477764966442181,1785477764918089054,1785477764918260829,1785477764976078451,48181352,57817622,9636270,9636270,1261983,8374287,8374287,0.13096177255307292,False,False,True
55,1,dp_param_allgather,dp_ag0,0,dp_param_allgather:pg=3,iter55:pp1:dp_ag0:round0:dp_param_allgather:pg=3,16,16,98621440,1785477765003562056,1785477765004871475,1785477765012527692,1785477765003562056,1785477765004871475,1785477765014058935,7656217,9187460,1531243,1531243,0,1531243,14649455,0.0,True,False,False
55,1,dp_param_allgather,dp_ag1,1,dp_param_allgather:pg=3,iter55:pp1:dp_ag1:round1:dp_param_allgather:pg=3,16,16,98621440,1785477765151248832,1785477765159982835,1785477765167308024,1785477765151248832,1785477765159982835,1785477765168773062,7325189,8790227,1465038,1465038,0,1465038,14649455,0.0,True,False,False
55,1,dp_grad_reduce_scatter,dp_rs,0,dp_grad_reduce_scatter:pg=3,iter55:pp1:dp_rs:round0:dp_grad_reduce_scatter:pg=3,16,16,3155886080,1785477764341406489,1785477764472857090,1785477764488500425,1785477764341406489,1785477764472857090,1785477764491629092,15643335,18772002,3128667,3128667,0,3128667,253616796,0.0,True,False,False
55,1,expert_dp_param_allgather,edp_ag0,0,expert_dp_param_allgather:pg=1059,iter55:pp1:edp_ag0:round0:expert_dp_param_allgather:pg=1059,2,2,1887436800,1785477765012515501,1785477765012525756,1785477765067053266,1785477765012515501,1785477765012525756,1785477765077958768,54527510,65433012,10905502,10905502,0,10905502,20180435,0.0,True,False,False
55,1,expert_dp_param_allgather,edp_ag0,0,expert_dp_param_allgather:pg=1061,iter55:pp1:edp_ag0:round0:expert_dp_param_allgather:pg=1061,2,2,1887436800,1785477765012496997,1785477765012531106,1785477765066579961,1785477765012496997,1785477765012531106,1785477765077389732,54048855,64858626,10809771,10809771,0,10809771,20577256,0.0,True,False,False
55,1,expert_dp_param_allgather,edp_ag0,0,expert_dp_param_allgather:pg=1063,iter55:pp1:edp_ag0:round0:expert_dp_param_allgather:pg=1063,2,2,1887436800,1785477765012469087,1785477765012541052,1785477765065109709,1785477765012469087,1785477765012541052,1785477765075623440,52568657,63082388,10513731,10513731,0,10513731,22000081,0.0,True,False,False
55,1,expert_dp_param_allgather,edp_ag0,0,expert_dp_param_allgather:pg=1065,iter55:pp1:edp_ag0:round0:expert_dp_param_allgather:pg=1065,2,2,1887436800,1785477765012505784,1785477765012532404,1785477765068202469,1785477765012505784,1785477765012532404,1785477765079336482,55670065,66804078,11134013,11134013,0,11134013,18271663,0.0,True,False,False
55,1,expert_dp_param_allgather,edp_ag0,0,expert_dp_param_allgather:pg=1067,iter55:pp1:edp_ag0:round0:expert_dp_param_allgather:pg=1067,2,2,1887436800,1785477765012467672,1785477765012534971,1785477765066837341,1785477765012467672,1785477765012534971,1785477765077697815,54302370,65162844,10860474,10860474,0,10860474,19962524,0.0,True,False,False
55,1,expert_dp_param_allgather,edp_ag0,0,expert_dp_param_allgather:pg=1069,iter55:pp1:edp_ag0:round0:expert_dp_param_allgather:pg=1069,2,2,1887436800,1785477765012436275,1785477765012526827,1785477765066792159,1785477765012436275,1785477765012526827,1785477765077645225,54265332,65118398,10853066,10853066,0,10853066,20354771,0.0,True,False,False
55,1,expert_dp_param_allgather,edp_ag0,0,expert_dp_param_allgather:pg=1071,iter55:pp1:edp_ag0:round0:expert_dp_param_allgather:pg=1071,2,2,1887436800,1785477765012447537,1785477765012536331,1785477765071476000,1785477765012447537,1785477765012536331,1785477765083263934,58939669,70727603,11787934,11787934,0,11787934,14649455,0.0,True,False,False
55,1,expert_dp_param_allgather,edp_ag0,0,expert_dp_param_allgather:pg=1073,iter55:pp1:edp_ag0:round0:expert_dp_param_allgather:pg=1073,2,2,1887436800,1785477765012511419,1785477765012540924,1785477765065788503,1785477765012511419,1785477765012540924,1785477765076438019,53247579,63897095,10649516,10649516,0,10649516,21260265,0.0,True,False,False
55,1,expert_dp_param_allgather,edp_ag1,1,expert_dp_param_allgather:pg=1059,iter55:pp1:edp_ag1:round1:expert_dp_param_allgather:pg=1059,2,2,1887436800,1785477765167284472,1785477765167287383,1785477765225198804,1785477765167284472,1785477765167287383,1785477765236781088,57911421,69493705,11582284,11582284,0,11582284,14649455,0.0,True,False,False
55,1,expert_dp_param_allgather,edp_ag1,1,expert_dp_param_allgather:pg=1061,iter55:pp1:edp_ag1:round1:expert_dp_param_allgather:pg=1061,2,2,1887436800,1785477765167249337,1785477765167316407,1785477765219547787,1785477765167249337,1785477765167316407,1785477765229994063,52231380,62677656,10446276,10446276,0,10446276,20300472,0.0,True,False,False
55,1,expert_dp_param_allgather,edp_ag1,1,expert_dp_param_allgather:pg=1063,iter55:pp1:edp_ag1:round1:expert_dp_param_allgather:pg=1063,2,2,1887436800,1785477765167287107,1785477765167311693,1785477765220814679,1785477765167287107,1785477765167311693,1785477765231515276,53502986,64203583,10700597,10700597,0,10700597,19033580,0.0,True,False,False
55,1,expert_dp_param_allgather,edp_ag1,1,expert_dp_param_allgather:pg=1065,iter55:pp1:edp_ag1:round1:expert_dp_param_allgather:pg=1065,2,2,1887436800,1785477765167271708,1785477765167340266,1785477765221804209,1785477765167271708,1785477765167340266,1785477765232696998,54463943,65356732,10892789,10892789,0,10892789,18044050,0.0,True,False,False
55,1,expert_dp_param_allgather,edp_ag1,1,expert_dp_param_allgather:pg=1067,iter55:pp1:edp_ag1:round1:expert_dp_param_allgather:pg=1067,2,2,1887436800,1785477765167254408,1785477765167319464,1785477765222360317,1785477765167254408,1785477765167319464,1785477765233368488,55040853,66049024,11008171,11008171,0,11008171,17487942,0.0,True,False,False
55,1,expert_dp_param_allgather,edp_ag1,1,expert_dp_param_allgather:pg=1069,iter55:pp1:edp_ag1:round1:expert_dp_param_allgather:pg=1069,2,2,1887436800,1785477765167231573,1785477765167320829,1785477765219859308,1785477765167231573,1785477765167320829,1785477765230367004,52538479,63046175,10507696,10507696,0,10507696,19988951,0.0,True,False,False
55,1,expert_dp_param_allgather,edp_ag1,1,expert_dp_param_allgather:pg=1071,iter55:pp1:edp_ag1:round1:expert_dp_param_allgather:pg=1071,2,2,1887436800,1785477765167249790,1785477765167304278,1785477765222043940,1785477765167249790,1785477765167304278,1785477765232991872,54739662,65687594,10947932,10947932,0,10947932,17804319,0.0,True,False,False
55,1,expert_dp_param_allgather,edp_ag1,1,expert_dp_param_allgather:pg=1073,iter55:pp1:edp_ag1:round1:expert_dp_param_allgather:pg=1073,2,2,1887436800,1785477765167256062,1785477765167341693,1785477765219724684,1785477765167256062,1785477765167341693,1785477765230201282,52382991,62859589,10476598,10476598,0,10476598,20123575,0.0,True,False,False
55,1,expert_dp_grad_reduce_scatter,edp_rs,0,expert_dp_grad_reduce_scatter:pg=1059,iter55:pp1:edp_rs:round0:expert_dp_grad_reduce_scatter:pg=1059,2,2,7549747200,1785477764505796713,1785477764505936108,1785477764714691417,1785477764505796713,1785477764505936108,1785477764756442479,208755309,250506371,41751062,41751062,0,41751062,260125051,0.0,True,False,False
55,1,expert_dp_grad_reduce_scatter,edp_rs,0,expert_dp_grad_reduce_scatter:pg=1061,iter55:pp1:edp_rs:round0:expert_dp_grad_reduce_scatter:pg=1061,2,2,7549747200,1785477764506026948,1785477764506184668,1785477764718428192,1785477764506026948,1785477764506184668,1785477764760876897,212243524,254692229,42448705,42448705,0,42448705,256388276,0.0,True,False,False
55,1,expert_dp_grad_reduce_scatter,edp_rs,0,expert_dp_grad_reduce_scatter:pg=1063,iter55:pp1:edp_rs:round0:expert_dp_grad_reduce_scatter:pg=1063,2,2,7549747200,1785477764505860341,1785477764506011241,1785477764716621605,1785477764505860341,1785477764506011241,1785477764758743678,210610364,252732437,42122073,42122073,0,42122073,258194863,0.0,True,False,False
55,1,expert_dp_grad_reduce_scatter,edp_rs,0,expert_dp_grad_reduce_scatter:pg=1065,iter55:pp1:edp_rs:round0:expert_dp_grad_reduce_scatter:pg=1065,2,2,7549747200,1785477764506024510,1785477764506049620,1785477764714389651,1785477764506024510,1785477764506049620,1785477764756057657,208340031,250008037,41668006,41668006,0,41668006,260426817,0.0,True,False,False
55,1,expert_dp_grad_reduce_scatter,edp_rs,0,expert_dp_grad_reduce_scatter:pg=1067,iter55:pp1:edp_rs:round0:expert_dp_grad_reduce_scatter:pg=1067,2,2,7549747200,1785477764505864246,1785477764506242557,1785477764718461888,1785477764505864246,1785477764506242557,1785477764760905754,212219331,254663197,42443866,42443866,0,42443866,256354580,0.0,True,False,False
55,1,expert_dp_grad_reduce_scatter,edp_rs,0,expert_dp_grad_reduce_scatter:pg=1069,iter55:pp1:edp_rs:round0:expert_dp_grad_reduce_scatter:pg=1069,2,2,7549747200,1785477764505930589,1785477764505937636,1785477764713527826,1785477764505930589,1785477764505937636,1785477764755045864,207590190,249108228,41518038,41518038,0,41518038,261288642,0.0,True,False,False
55,1,expert_dp_grad_reduce_scatter,edp_rs,0,expert_dp_grad_reduce_scatter:pg=1071,iter55:pp1:edp_rs:round0:expert_dp_grad_reduce_scatter:pg=1071,2,2,7549747200,1785477764505915461,1785477764506438579,1785477764721199672,1785477764505915461,1785477764506438579,1785477764764151891,214761093,257713312,42952219,42952219,0,42952219,253616796,0.0,True,False,False
55,1,expert_dp_grad_reduce_scatter,edp_rs,0,expert_dp_grad_reduce_scatter:pg=1073,iter55:pp1:edp_rs:round0:expert_dp_grad_reduce_scatter:pg=1073,2,2,7549747200,1785477764506159175,1785477764506282272,1785477764715616603,1785477764506159175,1785477764506282272,1785477764757483469,209334331,251201197,41866866,41866866,0,41866866,259199865,0.0,True,False,False
55,2,dp_param_allgather,dp_ag0,0,dp_param_allgather:pg=5,iter55:pp2:dp_ag0:round0:dp_param_allgather:pg=5,16,16,98621440,1785477765003642343,1785477765004864852,1785477765012331447,1785477765003642343,1785477765004864852,1785477765013824766,7466595,8959914,1493319,1493319,0,1493319,17247876,0.0,True,False,False
55,2,dp_param_allgather,dp_ag1,1,dp_param_allgather:pg=5,iter55:pp2:dp_ag1:round1:dp_param_allgather:pg=5,16,16,98621440,1785477765153111610,1785477765158733343,1785477765166365537,1785477765153111610,1785477765158733343,1785477765167891976,7632194,9158633,1526439,1526439,0,1526439,17247876,0.0,True,False,False
55,2,dp_grad_reduce_scatter,dp_rs,0,dp_grad_reduce_scatter:pg=5,iter55:pp2:dp_rs:round0:dp_grad_reduce_scatter:pg=5,16,16,3155886080,1785477763520434068,1785477763648241640,1785477763663775602,1785477763520434068,1785477763648241640,1785477763666882394,15533962,18640754,3106792,3106792,0,3106792,1080876203,0.0,True,False,False
55,2,expert_dp_param_allgather,edp_ag0,0,expert_dp_param_allgather:pg=1075,iter55:pp2:edp_ag0:round0:expert_dp_param_allgather:pg=1075,2,2,1887436800,1785477765012332138,1785477765012372687,1785477765066755763,1785477765012332138,1785477765012372687,1785477765077632378,54383076,65259691,10876615,10876615,0,10876615,21434484,0.0,True,False,False
55,2,expert_dp_param_allgather,edp_ag0,0,expert_dp_param_allgather:pg=1077,iter55:pp2:edp_ag0:round0:expert_dp_param_allgather:pg=1077,2,2,1887436800,1785477765012314066,1785477765012324843,1785477765066751617,1785477765012314066,1785477765012324843,1785477765077636972,54426774,65312129,10885355,10885355,0,10885355,21118321,0.0,True,False,False
55,2,expert_dp_param_allgather,edp_ag0,0,expert_dp_param_allgather:pg=1079,iter55:pp2:edp_ag0:round0:expert_dp_param_allgather:pg=1079,2,2,1887436800,1785477765012239475,1785477765012357952,1785477765066882943,1785477765012239475,1785477765012357952,1785477765077787941,54524991,65429989,10904998,10904998,0,10904998,21483641,0.0,True,False,False
55,2,expert_dp_param_allgather,edp_ag0,0,expert_dp_param_allgather:pg=1081,iter55:pp2:edp_ag0:round0:expert_dp_param_allgather:pg=1081,2,2,1887436800,1785477765012255286,1785477765012347247,1785477765070984921,1785477765012255286,1785477765012347247,1785477765082712456,58637674,70365209,11727535,11727535,0,11727535,17247876,0.0,True,False,False
55,2,expert_dp_param_allgather,edp_ag0,0,expert_dp_param_allgather:pg=1083,iter55:pp2:edp_ag0:round0:expert_dp_param_allgather:pg=1083,2,2,1887436800,1785477765012249840,1785477765012339047,1785477765067134221,1785477765012249840,1785477765012339047,1785477765078093256,54795174,65754209,10959035,10959035,0,10959035,21030025,0.0,True,False,False
55,2,expert_dp_param_allgather,edp_ag0,0,expert_dp_param_allgather:pg=1085,iter55:pp2:edp_ag0:round0:expert_dp_param_allgather:pg=1085,2,2,1887436800,1785477765012327188,1785477765012369706,1785477765070727035,1785477765012327188,1785477765012369706,1785477765082398501,58357329,70028795,11671466,11671466,0,11671466,17275639,0.0,True,False,False
55,2,expert_dp_param_allgather,edp_ag0,0,expert_dp_param_allgather:pg=1087,iter55:pp2:edp_ag0:round0:expert_dp_param_allgather:pg=1087,2,2,1887436800,1785477765012297027,1785477765012341825,1785477765068209987,1785477765012297027,1785477765012341825,1785477765079383619,55868162,67041794,11173632,11173632,0,11173632,19188305,0.0,True,False,False
55,2,expert_dp_param_allgather,edp_ag0,0,expert_dp_param_allgather:pg=1089,iter55:pp2:edp_ag0:round0:expert_dp_param_allgather:pg=1089,2,2,1887436800,1785477765012287909,1785477765012308565,1785477765065883878,1785477765012287909,1785477765012308565,1785477765076598941,53575313,64290376,10715063,10715063,0,10715063,22102284,0.0,True,False,False
55,2,expert_dp_param_allgather,edp_ag1,1,expert_dp_param_allgather:pg=1075,iter55:pp2:edp_ag1:round1:expert_dp_param_allgather:pg=1075,2,2,1887436800,1785477765166313236,1785477765166362512,1785477765220862488,1785477765166313236,1785477765166362512,1785477765231762483,54499976,65399971,10899995,10899995,0,10899995,18985771,0.0,True,False,False
55,2,expert_dp_param_allgather,edp_ag1,1,expert_dp_param_allgather:pg=1077,iter55:pp2:edp_ag1:round1:expert_dp_param_allgather:pg=1077,2,2,1887436800,1785477765166329663,1785477765166371094,1785477765219553474,1785477765166329663,1785477765166371094,1785477765230189950,53182380,63818856,10636476,10636476,0,10636476,20294785,0.0,True,False,False
55,2,expert_dp_param_allgather,edp_ag1,1,expert_dp_param_allgather:pg=1079,iter55:pp2:edp_ag1:round1:expert_dp_param_allgather:pg=1079,2,2,1887436800,1785477765166310792,1785477765166401647,1785477765220159755,1785477765166310792,1785477765166401647,1785477765230911377,53758108,64509730,10751622,10751622,0,10751622,19688504,0.0,True,False,False
55,2,expert_dp_param_allgather,edp_ag1,1,expert_dp_param_allgather:pg=1081,iter55:pp2:edp_ag1:round1:expert_dp_param_allgather:pg=1081,2,2,1887436800,1785477765166308766,1785477765166411917,1785477765218540010,1785477765166308766,1785477765166411917,1785477765228965629,52128093,62553712,10425619,10425619,0,10425619,21308249,0.0,True,False,False
55,2,expert_dp_param_allgather,edp_ag1,1,expert_dp_param_allgather:pg=1083,iter55:pp2:edp_ag1:round1:expert_dp_param_allgather:pg=1083,2,2,1887436800,1785477765166316540,1785477765166386565,1785477765220228355,1785477765166316540,1785477765166386565,1785477765230996713,53841790,64610148,10768358,10768358,0,10768358,19619904,0.0,True,False,False
55,2,expert_dp_param_allgather,edp_ag1,1,expert_dp_param_allgather:pg=1085,iter55:pp2:edp_ag1:round1:expert_dp_param_allgather:pg=1085,2,2,1887436800,1785477765166344827,1785477765166410441,1785477765219642744,1785477765166344827,1785477765166410441,1785477765230289205,53232303,63878764,10646461,10646461,0,10646461,20205515,0.0,True,False,False
55,2,expert_dp_param_allgather,edp_ag1,1,expert_dp_param_allgather:pg=1087,iter55:pp2:edp_ag1:round1:expert_dp_param_allgather:pg=1087,2,2,1887436800,1785477765166354242,1785477765166411507,1785477765218460186,1785477765166354242,1785477765166411507,1785477765228869922,52048679,62458415,10409736,10409736,0,10409736,21388073,0.0,True,False,False
55,2,expert_dp_param_allgather,edp_ag1,1,expert_dp_param_allgather:pg=1089,iter55:pp2:edp_ag1:round1:expert_dp_param_allgather:pg=1089,2,2,1887436800,1785477765166312515,1785477765166383417,1785477765222600383,1785477765166312515,1785477765166383417,1785477765233843776,56216966,67460359,11243393,11243393,0,11243393,17247876,0.0,True,False,False
55,2,expert_dp_grad_reduce_scatter,edp_rs,0,expert_dp_grad_reduce_scatter:pg=1075,iter55:pp2:edp_rs:round0:expert_dp_grad_reduce_scatter:pg=1075,2,2,7549747200,1785477763681165404,1785477763681273355,1785477763884384564,1785477763681165404,1785477763681273355,1785477763925006806,203111209,243733451,40622242,40622242,0,40622242,1090431904,0.0,True,False,False
55,2,expert_dp_grad_reduce_scatter,edp_rs,0,expert_dp_grad_reduce_scatter:pg=1077,iter55:pp2:edp_rs:round0:expert_dp_grad_reduce_scatter:pg=1077,2,2,7549747200,1785477763681265649,1785477763681397445,1785477763892756422,1785477763681265649,1785477763681397445,1785477763935028217,211358977,253630772,42271795,42271795,0,42271795,1082060046,0.0,True,False,False
55,2,expert_dp_grad_reduce_scatter,edp_rs,0,expert_dp_grad_reduce_scatter:pg=1079,iter55:pp2:edp_rs:round0:expert_dp_grad_reduce_scatter:pg=1079,2,2,7549747200,1785477763681361247,1785477763681475913,1785477763891610385,1785477763681361247,1785477763681475913,1785477763933637279,210134472,252161366,42026894,42026894,0,42026894,1083206083,0.0,True,False,False
55,2,expert_dp_grad_reduce_scatter,edp_rs,0,expert_dp_grad_reduce_scatter:pg=1081,iter55:pp2:edp_rs:round0:expert_dp_grad_reduce_scatter:pg=1081,2,2,7549747200,1785477763681323694,1785477763681439113,1785477763892866798,1785477763681323694,1785477763681439113,1785477763935152335,211427685,253713222,42285537,42285537,0,42285537,1081949670,0.0,True,False,False
55,2,expert_dp_grad_reduce_scatter,edp_rs,0,expert_dp_grad_reduce_scatter:pg=1083,iter55:pp2:edp_rs:round0:expert_dp_grad_reduce_scatter:pg=1083,2,2,7549747200,1785477763681349871,1785477763681760014,1785477763891891063,1785477763681349871,1785477763681760014,1785477763933917273,210131049,252157259,42026210,42026210,0,42026210,1082925405,0.0,True,False,False
55,2,expert_dp_grad_reduce_scatter,edp_rs,0,expert_dp_grad_reduce_scatter:pg=1085,iter55:pp2:edp_rs:round0:expert_dp_grad_reduce_scatter:pg=1085,2,2,7549747200,1785477763681409124,1785477763681498646,1785477763893940265,1785477763681409124,1785477763681498646,1785477763936428589,212441619,254929943,42488324,42488324,0,42488324,1080876203,0.0,True,False,False
55,2,expert_dp_grad_reduce_scatter,edp_rs,0,expert_dp_grad_reduce_scatter:pg=1087,iter55:pp2:edp_rs:round0:expert_dp_grad_reduce_scatter:pg=1087,2,2,7549747200,1785477763681254187,1785477763681276169,1785477763890336937,1785477763681254187,1785477763681276169,1785477763932149091,209060768,250872922,41812154,41812154,0,41812154,1084479531,0.0,True,False,False
55,2,expert_dp_grad_reduce_scatter,edp_rs,0,expert_dp_grad_reduce_scatter:pg=1089,iter55:pp2:edp_rs:round0:expert_dp_grad_reduce_scatter:pg=1089,2,2,7549747200,1785477763681277566,1785477763681360439,1785477763892313375,1785477763681277566,1785477763681360439,1785477763934503962,210952936,253143523,42190587,42190587,0,42190587,1082503093,0.0,True,False,False
55,3,dp_param_allgather,dp_ag0,0,dp_param_allgather:pg=7,iter55:pp3:dp_ag0:round0:dp_param_allgather:pg=7,16,16,98621440,1785477765003439685,1785477765005163592,1785477765012666397,1785477765003439685,1785477765005163592,1785477765014166958,7502805,9003366,1500561,1500561,0,1500561,7629183,0.0,True,False,False
55,3,dp_param_allgather,dp_ag1,1,dp_param_allgather:pg=7,iter55:pp3:dp_ag1:round1:dp_param_allgather:pg=7,16,16,98621440,1785477765153024082,1785477765162837647,1785477765170211754,1785477765153024082,1785477765162837647,1785477765171686575,7374107,8848928,1474821,1474821,0,1474821,7629183,0.0,True,False,False
55,3,dp_grad_reduce_scatter,dp_rs,0,dp_grad_reduce_scatter:pg=7,iter55:pp3:dp_rs:round0:dp_grad_reduce_scatter:pg=7,16,16,3155886080,1785477762702213911,1785477762844985531,1785477762860951088,1785477762702213911,1785477762844985531,1785477762864144199,15965557,19158668,3193111,3193111,0,3193111,1869689445,0.0,True,False,False
55,3,expert_dp_param_allgather,edp_ag0,0,expert_dp_param_allgather:pg=1091,iter55:pp3:edp_ag0:round0:expert_dp_param_allgather:pg=1091,2,2,1887436800,1785477765012622306,1785477765012717778,1785477765066417055,1785477765012622306,1785477765012717778,1785477765077156910,53699277,64439132,10739855,10739855,0,10739855,16083182,0.0,True,False,False
55,3,expert_dp_param_allgather,edp_ag0,0,expert_dp_param_allgather:pg=1093,iter55:pp3:edp_ag0:round0:expert_dp_param_allgather:pg=1093,2,2,1887436800,1785477765012633352,1785477765012663558,1785477765074593517,1785477765012633352,1785477765012663558,1785477765086979509,61929959,74315951,12385992,12385992,3890502,8495490,8495490,0.3141049986145639,False,False,True
55,3,expert_dp_param_allgather,edp_ag0,0,expert_dp_param_allgather:pg=1095,iter55:pp3:edp_ag0:round0:expert_dp_param_allgather:pg=1095,2,2,1887436800,1785477765012653017,1785477765012673928,1785477765066521030,1785477765012653017,1785477765012673928,1785477765077290450,53847102,64616522,10769420,10769420,0,10769420,16086482,0.0,True,False,False
55,3,expert_dp_param_allgather,edp_ag0,0,expert_dp_param_allgather:pg=1097,iter55:pp3:edp_ag0:round0:expert_dp_param_allgather:pg=1097,2,2,1887436800,1785477765012653961,1785477765012667242,1785477765066501674,1785477765012653961,1785477765012667242,1785477765077268560,53834432,64601318,10766886,10766886,0,10766886,15862072,0.0,True,False,False
55,3,expert_dp_param_allgather,edp_ag0,0,expert_dp_param_allgather:pg=1099,iter55:pp3:edp_ag0:round0:expert_dp_param_allgather:pg=1099,2,2,1887436800,1785477765012631025,1785477765012645592,1785477765066582185,1785477765012631025,1785477765012645592,1785477765077369504,53936593,64723912,10787319,10787319,0,10787319,15269154,0.0,True,False,False
55,3,expert_dp_param_allgather,edp_ag0,0,expert_dp_param_allgather:pg=1101,iter55:pp3:edp_ag0:round0:expert_dp_param_allgather:pg=1101,2,2,1887436800,1785477765012657320,1785477765012681237,1785477765075049105,1785477765012657320,1785477765012681237,1785477765087522679,62367868,74841442,12473574,12473574,4844391,7629183,7629183,0.388372330175778,False,False,True
55,3,expert_dp_param_allgather,edp_ag0,0,expert_dp_param_allgather:pg=1103,iter55:pp3:edp_ag0:round0:expert_dp_param_allgather:pg=1103,2,2,1887436800,1785477765012638038,1785477765012657085,1785477765066875888,1785477765012638038,1785477765012657085,1785477765077719649,54218803,65062564,10843761,10843761,0,10843761,15885812,0.0,True,False,False
55,3,expert_dp_param_allgather,edp_ag0,0,expert_dp_param_allgather:pg=1105,iter55:pp3:edp_ag0:round0:expert_dp_param_allgather:pg=1105,2,2,1887436800,1785477765012622945,1785477765012637835,1785477765066193697,1785477765012622945,1785477765012637835,1785477765076904869,53555862,64267034,10711172,10711172,0,10711172,16957864,0.0,True,False,False
55,3,expert_dp_param_allgather,edp_ag1,1,expert_dp_param_allgather:pg=1091,iter55:pp3:edp_ag1:round1:expert_dp_param_allgather:pg=1091,2,2,1887436800,1785477765170183210,1785477765170271446,1785477765222796802,1785477765170183210,1785477765170271446,1785477765233301873,52525356,63030427,10505071,10505071,0,10505071,17051457,0.0,True,False,False
55,3,expert_dp_param_allgather,edp_ag1,1,expert_dp_param_allgather:pg=1093,iter55:pp3:edp_ag1:round1:expert_dp_param_allgather:pg=1093,2,2,1887436800,1785477765170170442,1785477765170202134,1785477765232047293,1785477765170170442,1785477765170202134,1785477765244416325,61845159,74214191,12369032,12369032,4568066,7800966,7800966,0.3693147531674265,False,False,True
55,3,expert_dp_param_allgather,edp_ag1,1,expert_dp_param_allgather:pg=1095,iter55:pp3:edp_ag1:round1:expert_dp_param_allgather:pg=1095,2,2,1887436800,1785477765170160125,1785477765170245554,1785477765223203402,1785477765170160125,1785477765170245554,1785477765233794972,52957848,63549418,10591570,10591570,0,10591570,16644857,0.0,True,False,False
55,3,expert_dp_param_allgather,edp_ag1,1,expert_dp_param_allgather:pg=1097,iter55:pp3:edp_ag1:round1:expert_dp_param_allgather:pg=1097,2,2,1887436800,1785477765170175528,1785477765170186414,1785477765222453116,1785477765170175528,1785477765170186414,1785477765232906456,52266702,62720042,10453340,10453340,0,10453340,17395143,0.0,True,False,False
55,3,expert_dp_param_allgather,edp_ag1,1,expert_dp_param_allgather:pg=1099,iter55:pp3:edp_ag1:round1:expert_dp_param_allgather:pg=1099,2,2,1887436800,1785477765170142881,1785477765170198119,1785477765224326033,1785477765170142881,1785477765170198119,1785477765235151616,54127914,64953497,10825583,10825583,0,10825583,15522226,0.0,True,False,False
55,3,expert_dp_param_allgather,edp_ag1,1,expert_dp_param_allgather:pg=1101,iter55:pp3:edp_ag1:round1:expert_dp_param_allgather:pg=1101,2,2,1887436800,1785477765170220287,1785477765170254700,1785477765232219076,1785477765170220287,1785477765170254700,1785477765244611951,61964376,74357251,12392875,12392875,4763692,7629183,7629183,0.3843895786893679,False,False,True
55,3,expert_dp_param_allgather,edp_ag1,1,expert_dp_param_allgather:pg=1103,iter55:pp3:edp_ag1:round1:expert_dp_param_allgather:pg=1103,2,2,1887436800,1785477765170174860,1785477765170282077,1785477765222300866,1785477765170174860,1785477765170282077,1785477765232704624,52018789,62422547,10403758,10403758,0,10403758,17547393,0.0,True,False,False
55,3,expert_dp_param_allgather,edp_ag1,1,expert_dp_param_allgather:pg=1105,iter55:pp3:edp_ag1:round1:expert_dp_param_allgather:pg=1105,2,2,1887436800,1785477765170168983,1785477765170221741,1785477765222323927,1785477765170168983,1785477765170221741,1785477765232744364,52102186,62522623,10420437,10420437,0,10420437,17524332,0.0,True,False,False
55,3,expert_dp_grad_reduce_scatter,edp_rs,0,expert_dp_grad_reduce_scatter:pg=1091,iter55:pp3:edp_rs:round0:expert_dp_grad_reduce_scatter:pg=1091,2,2,7549747200,1785477762878188627,1785477762878735957,1785477763086620008,1785477762878188627,1785477762878735957,1785477763128196818,207884051,249460861,41576810,41576810,0,41576810,1888196460,0.0,True,False,False
55,3,expert_dp_grad_reduce_scatter,edp_rs,0,expert_dp_grad_reduce_scatter:pg=1093,iter55:pp3:edp_rs:round0:expert_dp_grad_reduce_scatter:pg=1093,2,2,7549747200,1785477762878565349,1785477762878707356,1785477763096495562,1785477762878565349,1785477762878707356,1785477763140053203,217788206,261345847,43557641,43557641,0,43557641,1878320906,0.0,True,False,False
55,3,expert_dp_grad_reduce_scatter,edp_rs,0,expert_dp_grad_reduce_scatter:pg=1095,iter55:pp3:edp_rs:round0:expert_dp_grad_reduce_scatter:pg=1095,2,2,7549747200,1785477762878610552,1785477762878963762,1785477763086862997,1785477762878610552,1785477762878963762,1785477763128442844,207899235,249479082,41579847,41579847,0,41579847,1887953471,0.0,True,False,False
55,3,expert_dp_grad_reduce_scatter,edp_rs,0,expert_dp_grad_reduce_scatter:pg=1097,iter55:pp3:edp_rs:round0:expert_dp_grad_reduce_scatter:pg=1097,2,2,7549747200,1785477762878502675,1785477762878768467,1785477763105127023,1785477762878502675,1785477762878768467,1785477763150398734,226358556,271630267,45271711,45271711,0,45271711,1869689445,0.0,True,False,False
55,3,expert_dp_grad_reduce_scatter,edp_rs,0,expert_dp_grad_reduce_scatter:pg=1099,iter55:pp3:edp_rs:round0:expert_dp_grad_reduce_scatter:pg=1099,2,2,7549747200,1785477762878520480,1785477762878684638,1785477763087143785,1785477762878520480,1785477762878684638,1785477763128835614,208459147,250150976,41691829,41691829,0,41691829,1887672683,0.0,True,False,False
55,3,expert_dp_grad_reduce_scatter,edp_rs,0,expert_dp_grad_reduce_scatter:pg=1101,iter55:pp3:edp_rs:round0:expert_dp_grad_reduce_scatter:pg=1101,2,2,7549747200,1785477762878809567,1785477762878874529,1785477763088130198,1785477762878809567,1785477762878874529,1785477763129981332,209255669,251106803,41851134,41851134,0,41851134,1886686270,0.0,True,False,False
55,3,expert_dp_grad_reduce_scatter,edp_rs,0,expert_dp_grad_reduce_scatter:pg=1103,iter55:pp3:edp_rs:round0:expert_dp_grad_reduce_scatter:pg=1103,2,2,7549747200,1785477762878411422,1785477762878495185,1785477763086503712,1785477762878411422,1785477762878495185,1785477763128105417,208008527,249610232,41601705,41601705,0,41601705,1888312756,0.0,True,False,False
55,3,expert_dp_grad_reduce_scatter,edp_rs,0,expert_dp_grad_reduce_scatter:pg=1105,iter55:pp3:edp_rs:round0:expert_dp_grad_reduce_scatter:pg=1105,2,2,7549747200,1785477762878501029,1785477762879291579,1785477763091270620,1785477762878501029,1785477762879291579,1785477763133666428,211979041,254374849,42395808,42395808,0,42395808,1883545848,0.0,True,False,False
55,4,dp_param_allgather,dp_ag0,0,dp_param_allgather:pg=9,iter55:pp4:dp_ag0:round0:dp_param_allgather:pg=9,16,16,98621440,1785477765003439566,1785477765004478913,1785477765011994885,1785477765003439566,1785477765004478913,1785477765013498079,7515972,9019166,1503194,1503194,0,1503194,17271680,0.0,True,False,False
55,4,dp_param_allgather,dp_ag1,1,dp_param_allgather:pg=9,iter55:pp4:dp_ag1:round1:dp_param_allgather:pg=9,16,16,98621440,1785477765151217255,1785477765161502708,1785477765168868061,1785477765151217255,1785477765161502708,1785477765170341132,7365353,8838424,1473071,1473071,0,1473071,17271680,0.0,True,False,False
55,4,dp_grad_reduce_scatter,dp_rs,0,dp_grad_reduce_scatter:pg=9,iter55:pp4:dp_rs:round0:dp_grad_reduce_scatter:pg=9,16,16,3155886080,1785477761885002054,1785477762054124920,1785477762069808983,1785477761885002054,1785477762054124920,1785477762072945796,15684063,18820876,3136813,3136813,0,3136813,2667326875,0.0,True,False,False
55,4,expert_dp_param_allgather,edp_ag0,0,expert_dp_param_allgather:pg=1107,iter55:pp4:edp_ag0:round0:expert_dp_param_allgather:pg=1107,2,2,1887436800,1785477765011938491,1785477765011996997,1785477765064524763,1785477765011938491,1785477765011996997,1785477765075030316,52527766,63033319,10505553,10505553,0,10505553,26779760,0.0,True,False,False
55,4,expert_dp_param_allgather,edp_ag0,0,expert_dp_param_allgather:pg=1109,iter55:pp4:edp_ag0:round0:expert_dp_param_allgather:pg=1109,2,2,1887436800,1785477765011930527,1785477765012002679,1785477765064308860,1785477765011930527,1785477765012002679,1785477765074770096,52306181,62767417,10461236,10461236,0,10461236,25956516,0.0,True,False,False
55,4,expert_dp_param_allgather,edp_ag0,0,expert_dp_param_allgather:pg=1111,iter55:pp4:edp_ag0:round0:expert_dp_param_allgather:pg=1111,2,2,1887436800,1785477765011914090,1785477765012008017,1785477765065667290,1785477765011914090,1785477765012008017,1785477765076399145,53659273,64391128,10731855,10731855,0,10731855,24943803,0.0,True,False,False
55,4,expert_dp_param_allgather,edp_ag0,0,expert_dp_param_allgather:pg=1113,iter55:pp4:edp_ag0:round0:expert_dp_param_allgather:pg=1113,2,2,1887436800,1785477765011952477,1785477765011982108,1785477765067520797,1785477765011952477,1785477765011982108,1785477765078628535,55538689,66646427,11107738,11107738,0,11107738,23303776,0.0,True,False,False
55,4,expert_dp_param_allgather,edp_ag0,0,expert_dp_param_allgather:pg=1115,iter55:pp4:edp_ag0:round0:expert_dp_param_allgather:pg=1115,2,2,1887436800,1785477765011919497,1785477765012051681,1785477765065653821,1785477765011919497,1785477765012051681,1785477765076374249,53602140,64322568,10720428,10720428,0,10720428,25454515,0.0,True,False,False
55,4,expert_dp_param_allgather,edp_ag0,0,expert_dp_param_allgather:pg=1117,iter55:pp4:edp_ag0:round0:expert_dp_param_allgather:pg=1117,2,2,1887436800,1785477765011928778,1785477765011938619,1785477765074009724,1785477765011928778,1785477765011938619,1785477765086423945,62071105,74485326,12414221,12414221,0,12414221,17271680,0.0,True,False,False
55,4,expert_dp_param_allgather,edp_ag0,0,expert_dp_param_allgather:pg=1119,iter55:pp4:edp_ag0:round0:expert_dp_param_allgather:pg=1119,2,2,1887436800,1785477765011893619,1785477765012008676,1785477765066954632,1785477765011893619,1785477765012008676,1785477765077943823,54945956,65935147,10989191,10989191,0,10989191,23915469,0.0,True,False,False
55,4,expert_dp_param_allgather,edp_ag0,0,expert_dp_param_allgather:pg=1121,iter55:pp4:edp_ag0:round0:expert_dp_param_allgather:pg=1121,2,2,1887436800,1785477765011890994,1785477765012003634,1785477765065142243,1785477765011890994,1785477765012003634,1785477765075769965,53138609,63766331,10627722,10627722,0,10627722,27214297,0.0,True,False,False
55,4,expert_dp_param_allgather,edp_ag1,1,expert_dp_param_allgather:pg=1107,iter55:pp4:edp_ag1:round1:expert_dp_param_allgather:pg=1107,2,2,1887436800,1785477765168840306,1785477765168864339,1785477765222576579,1785477765168840306,1785477765168864339,1785477765233319027,53712240,64454688,10742448,10742448,0,10742448,17271680,0.0,True,False,False
55,4,expert_dp_param_allgather,edp_ag1,1,expert_dp_param_allgather:pg=1109,iter55:pp4:edp_ag1:round1:expert_dp_param_allgather:pg=1109,2,2,1887436800,1785477765168849902,1785477765168854790,1785477765222526971,1785477765168849902,1785477765168854790,1785477765233261407,53672181,64406617,10734436,10734436,0,10734436,17321288,0.0,True,False,False
55,4,expert_dp_param_allgather,edp_ag1,1,expert_dp_param_allgather:pg=1111,iter55:pp4:edp_ag1:round1:expert_dp_param_allgather:pg=1111,2,2,1887436800,1785477765168819388,1785477765168837804,1785477765220756858,1785477765168819388,1785477765168837804,1785477765231140669,51919054,62302865,10383811,10383811,0,10383811,19091401,0.0,True,False,False
55,4,expert_dp_param_allgather,edp_ag1,1,expert_dp_param_allgather:pg=1113,iter55:pp4:edp_ag1:round1:expert_dp_param_allgather:pg=1113,2,2,1887436800,1785477765168831700,1785477765168879149,1785477765222545853,1785477765168831700,1785477765168879149,1785477765233279194,53666704,64400045,10733341,10733341,0,10733341,17302406,0.0,True,False,False
55,4,expert_dp_param_allgather,edp_ag1,1,expert_dp_param_allgather:pg=1115,iter55:pp4:edp_ag1:round1:expert_dp_param_allgather:pg=1115,2,2,1887436800,1785477765168793029,1785477765168846629,1785477765222301370,1785477765168793029,1785477765168846629,1785477765232992318,53454741,64145689,10690948,10690948,0,10690948,17546889,0.0,True,False,False
55,4,expert_dp_param_allgather,edp_ag1,1,expert_dp_param_allgather:pg=1117,iter55:pp4:edp_ag1:round1:expert_dp_param_allgather:pg=1117,2,2,1887436800,1785477765168846434,1785477765168878821,1785477765220842436,1785477765168846434,1785477765168878821,1785477765231235159,51963615,62356338,10392723,10392723,0,10392723,19005823,0.0,True,False,False
55,4,expert_dp_param_allgather,edp_ag1,1,expert_dp_param_allgather:pg=1119,iter55:pp4:edp_ag1:round1:expert_dp_param_allgather:pg=1119,2,2,1887436800,1785477765168756561,1785477765168873152,1785477765221707863,1785477765168756561,1785477765168873152,1785477765232274805,52834711,63401653,10566942,10566942,0,10566942,18140396,0.0,True,False,False
55,4,expert_dp_param_allgather,edp_ag1,1,expert_dp_param_allgather:pg=1121,iter55:pp4:edp_ag1:round1:expert_dp_param_allgather:pg=1121,2,2,1887436800,1785477765168847561,1785477765168871381,1785477765219838042,1785477765168847561,1785477765168871381,1785477765230031374,50966661,61159993,10193332,10193332,0,10193332,20010217,0.0,True,False,False
55,4,expert_dp_grad_reduce_scatter,edp_rs,0,expert_dp_grad_reduce_scatter:pg=1107,iter55:pp4:edp_rs:round0:expert_dp_grad_reduce_scatter:pg=1107,2,2,7549747200,1785477762087152416,1785477762087198648,1785477762291659969,1785477762087152416,1785477762087198648,1785477762332552233,204461321,245353585,40892264,40892264,0,40892264,2683156499,0.0,True,False,False
55,4,expert_dp_grad_reduce_scatter,edp_rs,0,expert_dp_grad_reduce_scatter:pg=1109,iter55:pp4:edp_rs:round0:expert_dp_grad_reduce_scatter:pg=1109,2,2,7549747200,1785477762087034466,1785477762087484990,1785477762278286916,1785477762087034466,1785477762087484990,1785477762316447301,190801926,228962311,38160385,38160385,0,38160385,2696529552,0.0,True,False,False
55,4,expert_dp_grad_reduce_scatter,edp_rs,0,expert_dp_grad_reduce_scatter:pg=1111,iter55:pp4:edp_rs:round0:expert_dp_grad_reduce_scatter:pg=1111,2,2,7549747200,1785477762087002406,1785477762087391222,1785477762294700734,1785477762087002406,1785477762087391222,1785477762336162636,207309512,248771414,41461902,41461902,0,41461902,2680115734,0.0,True,False,False
55,4,expert_dp_grad_reduce_scatter,edp_rs,0,expert_dp_grad_reduce_scatter:pg=1113,iter55:pp4:edp_rs:round0:expert_dp_grad_reduce_scatter:pg=1113,2,2,7549747200,1785477762087291261,1785477762089194446,1785477762295114141,1785477762087291261,1785477762089194446,1785477762336298080,205919695,247103634,41183939,41183939,0,41183939,2679702327,0.0,True,False,False
55,4,expert_dp_grad_reduce_scatter,edp_rs,0,expert_dp_grad_reduce_scatter:pg=1115,iter55:pp4:edp_rs:round0:expert_dp_grad_reduce_scatter:pg=1115,2,2,7549747200,1785477762087268460,1785477762087336730,1785477762301419090,1785477762087268460,1785477762087336730,1785477762344235562,214082360,256898832,42816472,42816472,0,42816472,2673397378,0.0,True,False,False
55,4,expert_dp_grad_reduce_scatter,edp_rs,0,expert_dp_grad_reduce_scatter:pg=1117,iter55:pp4:edp_rs:round0:expert_dp_grad_reduce_scatter:pg=1117,2,2,7549747200,1785477762087153769,1785477762087383162,1785477762294970414,1785477762087153769,1785477762087383162,1785477762336487864,207587252,249104702,41517450,41517450,0,41517450,2679846054,0.0,True,False,False
55,4,expert_dp_grad_reduce_scatter,edp_rs,0,expert_dp_grad_reduce_scatter:pg=1119,iter55:pp4:edp_rs:round0:expert_dp_grad_reduce_scatter:pg=1119,2,2,7549747200,1785477762086963449,1785477762087460093,1785477762277065021,1785477762086963449,1785477762087460093,1785477762314986007,189604928,227525914,37920986,37920986,0,37920986,2697751447,0.0,True,False,False
55,4,expert_dp_grad_reduce_scatter,edp_rs,0,expert_dp_grad_reduce_scatter:pg=1121,iter55:pp4:edp_rs:round0:expert_dp_grad_reduce_scatter:pg=1121,2,2,7549747200,1785477762087248991,1785477762087282107,1785477762307489593,1785477762087248991,1785477762087282107,1785477762351531090,220207486,264248983,44041497,44041497,0,44041497,2667326875,0.0,True,False,False
55,5,dp_param_allgather,dp_ag0,0,dp_param_allgather:pg=11,iter55:pp5:dp_ag0:round0:dp_param_allgather:pg=11,16,16,98621440,1785477765003383558,1785477765004509477,1785477765012331453,1785477765003383558,1785477765004509477,1785477765013895848,7821976,9386371,1564395,1564395,0,1564395,14039717,0.0,True,False,False
55,5,dp_param_allgather,dp_ag1,1,dp_param_allgather:pg=11,iter55:pp5:dp_ag1:round1:dp_param_allgather:pg=11,16,16,98621440,1785477765151436446,1785477765158502373,1785477765166004275,1785477765151436446,1785477765158502373,1785477765167504655,7501902,9002282,1500380,1500380,0,1500380,14039717,0.0,True,False,False
55,5,dp_grad_reduce_scatter,dp_rs,0,dp_grad_reduce_scatter:pg=11,iter55:pp5:dp_rs:round0:dp_grad_reduce_scatter:pg=11,16,16,3155886080,1785477761064714633,1785477761255968469,1785477761271764129,1785477761064714633,1785477761255968469,1785477761274923261,15795660,18954792,3159132,3159132,0,3159132,3466077174,0.0,True,False,False
55,5,expert_dp_param_allgather,edp_ag0,0,expert_dp_param_allgather:pg=1123,iter55:pp5:edp_ag0:round0:expert_dp_param_allgather:pg=1123,2,2,1887436800,1785477765012286402,1785477765012331789,1785477765066137948,1785477765012286402,1785477765012331789,1785477765076899180,53806159,64567391,10761232,10761232,0,10761232,18585798,0.0,True,False,False
55,5,expert_dp_param_allgather,edp_ag0,0,expert_dp_param_allgather:pg=1125,iter55:pp5:edp_ag0:round0:expert_dp_param_allgather:pg=1125,2,2,1887436800,1785477765012275069,1785477765012342013,1785477765067502531,1785477765012275069,1785477765012342013,1785477765078534635,55160518,66192622,11032104,11032104,0,11032104,17034457,0.0,True,False,False
55,5,expert_dp_param_allgather,edp_ag0,0,expert_dp_param_allgather:pg=1127,iter55:pp5:edp_ag0:round0:expert_dp_param_allgather:pg=1127,2,2,1887436800,1785477765012233575,1785477765012333243,1785477765066029843,1785477765012233575,1785477765012333243,1785477765076769163,53696600,64435920,10739320,10739320,0,10739320,18378004,0.0,True,False,False
55,5,expert_dp_param_allgather,edp_ag0,0,expert_dp_param_allgather:pg=1129,iter55:pp5:edp_ag0:round0:expert_dp_param_allgather:pg=1129,2,2,1887436800,1785477765012284677,1785477765012316563,1785477765066658204,1785477765012284677,1785477765012316563,1785477765077526532,54341641,65209969,10868328,10868328,0,10868328,18072329,0.0,True,False,False
55,5,expert_dp_param_allgather,edp_ag0,0,expert_dp_param_allgather:pg=1131,iter55:pp5:edp_ag0:round0:expert_dp_param_allgather:pg=1131,2,2,1887436800,1785477765012269602,1785477765012339654,1785477765064295275,1785477765012269602,1785477765012339654,1785477765074686399,51955621,62346745,10391124,10391124,0,10391124,20648666,0.0,True,False,False
55,5,expert_dp_param_allgather,edp_ag0,0,expert_dp_param_allgather:pg=1133,iter55:pp5:edp_ag0:round0:expert_dp_param_allgather:pg=1133,2,2,1887436800,1785477765012271394,1785477765012319327,1785477765066703462,1785477765012271394,1785477765012319327,1785477765077580289,54384135,65260962,10876827,10876827,0,10876827,17829419,0.0,True,False,False
55,5,expert_dp_param_allgather,edp_ag0,0,expert_dp_param_allgather:pg=1135,iter55:pp5:edp_ag0:round0:expert_dp_param_allgather:pg=1135,2,2,1887436800,1785477765012231503,1785477765012371508,1785477765065573477,1785477765012231503,1785477765012371508,1785477765076213871,53201969,63842363,10640394,10640394,0,10640394,18685413,0.0,True,False,False
55,5,expert_dp_param_allgather,edp_ag0,0,expert_dp_param_allgather:pg=1137,iter55:pp5:edp_ag0:round0:expert_dp_param_allgather:pg=1137,2,2,1887436800,1785477765012234355,1785477765012343930,1785477765070641947,1785477765012234355,1785477765012343930,1785477765082301550,58298017,69957620,11659603,11659603,0,11659603,14039717,0.0,True,False,False
55,5,expert_dp_param_allgather,edp_ag1,1,expert_dp_param_allgather:pg=1123,iter55:pp5:edp_ag1:round1:expert_dp_param_allgather:pg=1123,2,2,1887436800,1785477765165942002,1785477765165963381,1785477765219778780,1785477765165942002,1785477765165963381,1785477765230541860,53815399,64578479,10763080,10763080,0,10763080,20069479,0.0,True,False,False
55,5,expert_dp_param_allgather,edp_ag1,1,expert_dp_param_allgather:pg=1125,iter55:pp5:edp_ag1:round1:expert_dp_param_allgather:pg=1125,2,2,1887436800,1785477765165908068,1785477765166019758,1785477765218884147,1785477765165908068,1785477765166019758,1785477765229457025,52864389,63437267,10572878,10572878,0,10572878,20964112,0.0,True,False,False
55,5,expert_dp_param_allgather,edp_ag1,1,expert_dp_param_allgather:pg=1127,iter55:pp5:edp_ag1:round1:expert_dp_param_allgather:pg=1127,2,2,1887436800,1785477765165859604,1785477765166024834,1785477765220561152,1785477765165859604,1785477765166024834,1785477765231468416,54536318,65443582,10907264,10907264,0,10907264,19287107,0.0,True,False,False
55,5,expert_dp_param_allgather,edp_ag1,1,expert_dp_param_allgather:pg=1129,iter55:pp5:edp_ag1:round1:expert_dp_param_allgather:pg=1129,2,2,1887436800,1785477765165925180,1785477765165969426,1785477765219584386,1785477765165925180,1785477765165969426,1785477765230307378,53614960,64337952,10722992,10722992,0,10722992,20263873,0.0,True,False,False
55,5,expert_dp_param_allgather,edp_ag1,1,expert_dp_param_allgather:pg=1131,iter55:pp5:edp_ag1:round1:expert_dp_param_allgather:pg=1131,2,2,1887436800,1785477765165882971,1785477765166020634,1785477765217035414,1785477765165882971,1785477765166020634,1785477765227238370,51014780,61217736,10202956,10202956,0,10202956,22812845,0.0,True,False,False
55,5,expert_dp_param_allgather,edp_ag1,1,expert_dp_param_allgather:pg=1133,iter55:pp5:edp_ag1:round1:expert_dp_param_allgather:pg=1133,2,2,1887436800,1785477765165927442,1785477765165946159,1785477765225808542,1785477765165927442,1785477765165946159,1785477765237781019,59862383,71834860,11972477,11972477,0,11972477,14039717,0.0,True,False,False
55,5,expert_dp_param_allgather,edp_ag1,1,expert_dp_param_allgather:pg=1135,iter55:pp5:edp_ag1:round1:expert_dp_param_allgather:pg=1135,2,2,1887436800,1785477765165851444,1785477765166015315,1785477765219897966,1785477765165851444,1785477765166015315,1785477765230674496,53882651,64659181,10776530,10776530,0,10776530,19950293,0.0,True,False,False
55,5,expert_dp_param_allgather,edp_ag1,1,expert_dp_param_allgather:pg=1137,iter55:pp5:edp_ag1:round1:expert_dp_param_allgather:pg=1137,2,2,1887436800,1785477765165921190,1785477765166009545,1785477765219627834,1785477765165921190,1785477765166009545,1785477765230351492,53618289,64341947,10723658,10723658,0,10723658,20220425,0.0,True,False,False
55,5,expert_dp_grad_reduce_scatter,edp_rs,0,expert_dp_grad_reduce_scatter:pg=1123,iter55:pp5:edp_rs:round0:expert_dp_grad_reduce_scatter:pg=1123,2,2,7549747200,1785477761289125248,1785477761289344387,1785477761481595792,1785477761289125248,1785477761289344387,1785477761520046073,192251405,230701686,38450281,38450281,0,38450281,3493220676,0.0,True,False,False
55,5,expert_dp_grad_reduce_scatter,edp_rs,0,expert_dp_grad_reduce_scatter:pg=1125,iter55:pp5:edp_rs:round0:expert_dp_grad_reduce_scatter:pg=1125,2,2,7549747200,1785477761289061636,1785477761289402325,1785477761496295808,1785477761289061636,1785477761289402325,1785477761537674505,206893483,248272180,41378697,41378697,0,41378697,3478520660,0.0,True,False,False
55,5,expert_dp_grad_reduce_scatter,edp_rs,0,expert_dp_grad_reduce_scatter:pg=1127,iter55:pp5:edp_rs:round0:expert_dp_grad_reduce_scatter:pg=1127,2,2,7549747200,1785477761289338263,1785477761289411988,1785477761500223946,1785477761289338263,1785477761289411988,1785477761542386338,210811958,252974350,42162392,42162392,0,42162392,3474592522,0.0,True,False,False
55,5,expert_dp_grad_reduce_scatter,edp_rs,0,expert_dp_grad_reduce_scatter:pg=1129,iter55:pp5:edp_rs:round0:expert_dp_grad_reduce_scatter:pg=1129,2,2,7549747200,1785477761289364886,1785477761289812952,1785477761502028171,1785477761289364886,1785477761289812952,1785477761544471215,212215219,254658263,42443044,42443044,0,42443044,3472788297,0.0,True,False,False
55,5,expert_dp_grad_reduce_scatter,edp_rs,0,expert_dp_grad_reduce_scatter:pg=1131,iter55:pp5:edp_rs:round0:expert_dp_grad_reduce_scatter:pg=1131,2,2,7549747200,1785477761289396893,1785477761289524709,1785477761496728846,1785477761289396893,1785477761289524709,1785477761538169673,207204137,248644964,41440827,41440827,0,41440827,3478087622,0.0,True,False,False
55,5,expert_dp_grad_reduce_scatter,edp_rs,0,expert_dp_grad_reduce_scatter:pg=1133,iter55:pp5:edp_rs:round0:expert_dp_grad_reduce_scatter:pg=1133,2,2,7549747200,1785477761289279040,1785477761289422461,1785477761501103231,1785477761289279040,1785477761289422461,1785477761543439385,211680770,254016924,42336154,42336154,0,42336154,3473713237,0.0,True,False,False
55,5,expert_dp_grad_reduce_scatter,edp_rs,0,expert_dp_grad_reduce_scatter:pg=1135,iter55:pp5:edp_rs:round0:expert_dp_grad_reduce_scatter:pg=1135,2,2,7549747200,1785477761288976037,1785477761289487006,1785477761497527608,1785477761288976037,1785477761289487006,1785477761539135728,208040602,249648722,41608120,41608120,0,41608120,3477288860,0.0,True,False,False
55,5,expert_dp_grad_reduce_scatter,edp_rs,0,expert_dp_grad_reduce_scatter:pg=1137,iter55:pp5:edp_rs:round0:expert_dp_grad_reduce_scatter:pg=1137,2,2,7549747200,1785477761289335958,1785477761289646599,1785477761508739294,1785477761289335958,1785477761289646599,1785477761552557833,219092695,262911234,43818539,43818539,0,43818539,3466077174,0.0,True,False,False
55,6,dp_param_allgather,dp_ag0,0,dp_param_allgather:pg=13,iter55:pp6:dp_ag0:round0:dp_param_allgather:pg=13,16,16,98621440,1785477765003656820,1785477765004880086,1785477765012393524,1785477765003656820,1785477765004880086,1785477765013896212,7513438,9016126,1502688,1502688,0,1502688,10453902,0.0,True,False,False
55,6,dp_param_allgather,dp_ag1,1,dp_param_allgather:pg=13,iter55:pp6:dp_ag1:round1:dp_param_allgather:pg=13,16,16,98621440,1785477765151602428,1785477765161500781,1785477765169097031,1785477765151602428,1785477765161500781,1785477765170616281,7596250,9115500,1519250,1519250,0,1519250,10453902,0.0,True,False,False
55,6,dp_grad_reduce_scatter,dp_rs,0,dp_grad_reduce_scatter:pg=13,iter55:pp6:dp_rs:round0:dp_grad_reduce_scatter:pg=13,16,16,3155886080,1785477760272441632,1785477760470367140,1785477760485863793,1785477760272441632,1785477760470367140,1785477760488963124,15496653,18595984,3099331,3099331,0,3099331,4251326580,0.0,True,False,False
55,6,expert_dp_param_allgather,edp_ag0,0,expert_dp_param_allgather:pg=1139,iter55:pp6:edp_ag0:round0:expert_dp_param_allgather:pg=1139,2,2,1887436800,1785477765012364599,1785477765012428194,1785477765065487076,1785477765012364599,1785477765012428194,1785477765076098852,53058882,63670658,10611776,10611776,0,10611776,19173476,0.0,True,False,False
55,6,expert_dp_param_allgather,edp_ag0,0,expert_dp_param_allgather:pg=1141,iter55:pp6:edp_ag0:round0:expert_dp_param_allgather:pg=1141,2,2,1887436800,1785477765012362511,1785477765012420364,1785477765072362501,1785477765012362511,1785477765012420364,1785477765084350928,59942137,71930564,11988427,11988427,0,11988427,12424118,0.0,True,False,False
55,6,expert_dp_param_allgather,edp_ag0,0,expert_dp_param_allgather:pg=1143,iter55:pp6:edp_ag0:round0:expert_dp_param_allgather:pg=1143,2,2,1887436800,1785477765012368633,1785477765012400446,1785477765064705398,1785477765012368633,1785477765012400446,1785477765075166388,52304952,62765942,10460990,10460990,0,10460990,20090006,0.0,True,False,False
55,6,expert_dp_param_allgather,edp_ag0,0,expert_dp_param_allgather:pg=1145,iter55:pp6:edp_ag0:round0:expert_dp_param_allgather:pg=1145,2,2,1887436800,1785477765012368175,1785477765012405236,1785477765073365872,1785477765012368175,1785477765012405236,1785477765085557999,60960636,73152763,12192127,12192127,1738225,10453902,10453902,0.14256946306415608,False,False,True
55,6,expert_dp_param_allgather,edp_ag0,0,expert_dp_param_allgather:pg=1147,iter55:pp6:edp_ag0:round0:expert_dp_param_allgather:pg=1147,2,2,1887436800,1785477765012359391,1785477765012398539,1785477765066010864,1785477765012359391,1785477765012398539,1785477765076733329,53612325,64334790,10722465,10722465,0,10722465,17444479,0.0,True,False,False
55,6,expert_dp_param_allgather,edp_ag0,0,expert_dp_param_allgather:pg=1149,iter55:pp6:edp_ag0:round0:expert_dp_param_allgather:pg=1149,2,2,1887436800,1785477765012368313,1785477765012377218,1785477765066590270,1785477765012368313,1785477765012377218,1785477765077432880,54213052,65055662,10842610,10842610,0,10842610,17487016,0.0,True,False,False
55,6,expert_dp_param_allgather,edp_ag0,0,expert_dp_param_allgather:pg=1151,iter55:pp6:edp_ag0:round0:expert_dp_param_allgather:pg=1151,2,2,1887436800,1785477765012346945,1785477765012385240,1785477765070243354,1785477765012346945,1785477765012385240,1785477765081814977,57858114,69429737,11571623,11571623,0,11571623,13112372,0.0,True,False,False
55,6,expert_dp_param_allgather,edp_ag0,0,expert_dp_param_allgather:pg=1153,iter55:pp6:edp_ag0:round0:expert_dp_param_allgather:pg=1153,2,2,1887436800,1785477765012358672,1785477765012405787,1785477765066352304,1785477765012358672,1785477765012405787,1785477765077141607,53946517,64735820,10789303,10789303,0,10789303,17543188,0.0,True,False,False
55,6,expert_dp_param_allgather,edp_ag1,1,expert_dp_param_allgather:pg=1139,iter55:pp6:edp_ag1:round1:expert_dp_param_allgather:pg=1139,2,2,1887436800,1785477765169070446,1785477765169111423,1785477765220506749,1785477765169070446,1785477765169111423,1785477765230785814,51395326,61674391,10279065,10279065,0,10279065,19341510,0.0,True,False,False
55,6,expert_dp_param_allgather,edp_ag1,1,expert_dp_param_allgather:pg=1141,iter55:pp6:edp_ag1:round1:expert_dp_param_allgather:pg=1141,2,2,1887436800,1785477765169095876,1785477765169111425,1785477765229394357,1785477765169095876,1785477765169111425,1785477765241450943,60282932,72339518,12056586,12056586,1602684,10453902,10453902,0.13293016779376848,False,False,True
55,6,expert_dp_param_allgather,edp_ag1,1,expert_dp_param_allgather:pg=1143,iter55:pp6:edp_ag1:round1:expert_dp_param_allgather:pg=1143,2,2,1887436800,1785477765169086180,1785477765169111102,1785477765222484605,1785477765169086180,1785477765169111102,1785477765233159306,53373503,64048204,10674701,10674701,0,10674701,17363654,0.0,True,False,False
55,6,expert_dp_param_allgather,edp_ag1,1,expert_dp_param_allgather:pg=1145,iter55:pp6:edp_ag1:round1:expert_dp_param_allgather:pg=1145,2,2,1887436800,1785477765168984897,1785477765169108991,1785477765222874378,1785477765168984897,1785477765169108991,1785477765233627455,53765387,64518464,10753077,10753077,0,10753077,16973881,0.0,True,False,False
55,6,expert_dp_param_allgather,edp_ag1,1,expert_dp_param_allgather:pg=1147,iter55:pp6:edp_ag1:round1:expert_dp_param_allgather:pg=1147,2,2,1887436800,1785477765169091893,1785477765169111857,1785477765227101653,1785477765169091893,1785477765169111857,1785477765238699612,57989796,69587755,11597959,11597959,0,11597959,12746606,0.0,True,False,False
55,6,expert_dp_param_allgather,edp_ag1,1,expert_dp_param_allgather:pg=1149,iter55:pp6:edp_ag1:round1:expert_dp_param_allgather:pg=1149,2,2,1887436800,1785477765169082907,1785477765169097935,1785477765222844908,1785477765169082907,1785477765169097935,1785477765233594303,53746973,64496368,10749395,10749395,0,10749395,17003351,0.0,True,False,False
55,6,expert_dp_param_allgather,edp_ag1,1,expert_dp_param_allgather:pg=1151,iter55:pp6:edp_ag1:round1:expert_dp_param_allgather:pg=1151,2,2,1887436800,1785477765169076474,1785477765169138863,1785477765222984070,1785477765169076474,1785477765169138863,1785477765233753111,53845207,64614248,10769041,10769041,0,10769041,16864189,0.0,True,False,False
55,6,expert_dp_param_allgather,edp_ag1,1,expert_dp_param_allgather:pg=1153,iter55:pp6:edp_ag1:round1:expert_dp_param_allgather:pg=1153,2,2,1887436800,1785477765169089852,1785477765169131699,1785477765222538936,1785477765169089852,1785477765169131699,1785477765233220383,53407237,64088684,10681447,10681447,0,10681447,17309323,0.0,True,False,False
55,6,expert_dp_grad_reduce_scatter,edp_rs,0,expert_dp_grad_reduce_scatter:pg=1139,iter55:pp6:edp_rs:round0:expert_dp_grad_reduce_scatter:pg=1139,2,2,7549747200,1785477760503411824,1785477760503516120,1785477760723489888,1785477760503411824,1785477760503516120,1785477760767484642,219973768,263968522,43994754,43994754,0,43994754,4251326580,0.0,True,False,False
55,6,expert_dp_grad_reduce_scatter,edp_rs,0,expert_dp_grad_reduce_scatter:pg=1141,iter55:pp6:edp_rs:round0:expert_dp_grad_reduce_scatter:pg=1141,2,2,7549747200,1785477760503254932,1785477760503470566,1785477760715938952,1785477760503254932,1785477760503470566,1785477760758432629,212468386,254962063,42493677,42493677,0,42493677,4258877516,0.0,True,False,False
55,6,expert_dp_grad_reduce_scatter,edp_rs,0,expert_dp_grad_reduce_scatter:pg=1143,iter55:pp6:edp_rs:round0:expert_dp_grad_reduce_scatter:pg=1143,2,2,7549747200,1785477760503482782,1785477760503605702,1785477760720070635,1785477760503482782,1785477760503605702,1785477760763363622,216464933,259757920,43292987,43292987,0,43292987,4254745833,0.0,True,False,False
55,6,expert_dp_grad_reduce_scatter,edp_rs,0,expert_dp_grad_reduce_scatter:pg=1145,iter55:pp6:edp_rs:round0:expert_dp_grad_reduce_scatter:pg=1145,2,2,7549747200,1785477760503429718,1785477760503550240,1785477760715314224,1785477760503429718,1785477760503550240,1785477760757667021,211763984,254116781,42352797,42352797,0,42352797,4259502244,0.0,True,False,False
55,6,expert_dp_grad_reduce_scatter,edp_rs,0,expert_dp_grad_reduce_scatter:pg=1147,iter55:pp6:edp_rs:round0:expert_dp_grad_reduce_scatter:pg=1147,2,2,7549747200,1785477760503482421,1785477760503677314,1785477760711649434,1785477760503482421,1785477760503677314,1785477760753243858,207972120,249566544,41594424,41594424,0,41594424,4263167034,0.0,True,False,False
55,6,expert_dp_grad_reduce_scatter,edp_rs,0,expert_dp_grad_reduce_scatter:pg=1149,iter55:pp6:edp_rs:round0:expert_dp_grad_reduce_scatter:pg=1149,2,2,7549747200,1785477760503357839,1785477760503435392,1785477760711145483,1785477760503357839,1785477760503435392,1785477760752687501,207710091,249252109,41542018,41542018,0,41542018,4263670985,0.0,True,False,False
55,6,expert_dp_grad_reduce_scatter,edp_rs,0,expert_dp_grad_reduce_scatter:pg=1151,iter55:pp6:edp_rs:round0:expert_dp_grad_reduce_scatter:pg=1151,2,2,7549747200,1785477760503677209,1785477760503692885,1785477760705560157,1785477760503677209,1785477760503692885,1785477760745933611,201867272,242240726,40373454,40373454,0,40373454,4269256311,0.0,True,False,False
55,6,expert_dp_grad_reduce_scatter,edp_rs,0,expert_dp_grad_reduce_scatter:pg=1153,iter55:pp6:edp_rs:round0:expert_dp_grad_reduce_scatter:pg=1153,2,2,7549747200,1785477760503527368,1785477760503927213,1785477760723337323,1785477760503527368,1785477760503927213,1785477760767219345,219410110,263292132,43882022,43882022,0,43882022,4251479145,0.0,True,False,False
55,7,dp_param_allgather,dp_ag0,0,dp_param_allgather:pg=15,iter55:pp7:dp_ag0:round0:dp_param_allgather:pg=15,16,16,98621440,1785477765003819816,1785477765004480834,1785477765012271116,1785477765003819816,1785477765004480834,1785477765013829172,7790282,9348338,1558056,1558056,0,1558056,7604938,0.0,True,False,False
55,7,dp_param_allgather,dp_ag1,1,dp_param_allgather:pg=15,iter55:pp7:dp_ag1:round1:dp_param_allgather:pg=15,16,16,98621440,1785477765152238704,1785477765163844702,1785477765171255416,1785477765152238704,1785477765163844702,1785477765172737559,7410714,8892857,1482143,1482143,0,1482143,7604938,0.0,True,False,False
55,7,dp_grad_reduce_scatter,dp_rs,0,dp_grad_reduce_scatter:pg=15,iter55:pp7:dp_rs:round0:dp_grad_reduce_scatter:pg=15,16,16,3155886080,1785477759463735921,1785477759676536526,1785477759692405210,1785477759463735921,1785477759676536526,1785477759695578947,15868684,19042421,3173737,3173737,0,3173737,5048817617,0.0,True,False,False
55,7,expert_dp_param_allgather,edp_ag0,0,expert_dp_param_allgather:pg=1155,iter55:pp7:edp_ag0:round0:expert_dp_param_allgather:pg=1155,2,2,1887436800,1785477765012264952,1785477765012384638,1785477765065741397,1785477765012264952,1785477765012384638,1785477765076412749,53356759,64028111,10671352,10671352,0,10671352,18307603,0.0,True,False,False
55,7,expert_dp_param_allgather,edp_ag0,0,expert_dp_param_allgather:pg=1157,iter55:pp7:edp_ag0:round0:expert_dp_param_allgather:pg=1157,2,2,1887436800,1785477765012255150,1785477765012266904,1785477765075876157,1785477765012255150,1785477765012266904,1785477765088598008,63609253,76331104,12721851,12721851,5116913,7604938,7604938,0.4022145047917948,False,False,True
55,7,expert_dp_param_allgather,edp_ag0,0,expert_dp_param_allgather:pg=1159,iter55:pp7:edp_ag0:round0:expert_dp_param_allgather:pg=1159,2,2,1887436800,1785477765012264133,1785477765012278269,1785477765066309616,1785477765012264133,1785477765012278269,1785477765077115885,54031347,64837616,10806269,10806269,0,10806269,17791481,0.0,True,False,False
55,7,expert_dp_param_allgather,edp_ag0,0,expert_dp_param_allgather:pg=1161,iter55:pp7:edp_ag0:round0:expert_dp_param_allgather:pg=1161,2,2,1887436800,1785477765012193677,1785477765012266073,1785477765065411150,1785477765012193677,1785477765012266073,1785477765076040165,53145077,63774092,10629015,10629015,0,10629015,18242526,0.0,True,False,False
55,7,expert_dp_param_allgather,edp_ag0,0,expert_dp_param_allgather:pg=1163,iter55:pp7:edp_ag0:round0:expert_dp_param_allgather:pg=1163,2,2,1887436800,1785477765012240956,1785477765012261115,1785477765067031147,1785477765012240956,1785477765012261115,1785477765077985153,54770032,65724038,10954006,10954006,0,10954006,16288102,0.0,True,False,False
55,7,expert_dp_param_allgather,edp_ag0,0,expert_dp_param_allgather:pg=1165,iter55:pp7:edp_ag0:round0:expert_dp_param_allgather:pg=1165,2,2,1887436800,1785477765012261016,1785477765012330516,1785477765066555287,1785477765012261016,1785477765012330516,1785477765077400241,54224771,65069725,10844954,10844954,0,10844954,16728593,0.0,True,False,False
55,7,expert_dp_param_allgather,edp_ag0,0,expert_dp_param_allgather:pg=1167,iter55:pp7:edp_ag0:round0:expert_dp_param_allgather:pg=1167,2,2,1887436800,1785477765012196854,1785477765012264648,1785477765066145710,1785477765012196854,1785477765012264648,1785477765076921922,53881062,64657274,10776212,10776212,0,10776212,17336682,0.0,True,False,False
55,7,expert_dp_param_allgather,edp_ag0,0,expert_dp_param_allgather:pg=1169,iter55:pp7:edp_ag0:round0:expert_dp_param_allgather:pg=1169,2,2,1887436800,1785477765012210376,1785477765012307453,1785477765068402815,1785477765012210376,1785477765012307453,1785477765079621887,56095362,67314434,11219072,11219072,0,11219072,15367958,0.0,True,False,False
55,7,expert_dp_param_allgather,edp_ag1,1,expert_dp_param_allgather:pg=1155,iter55:pp7:edp_ag1:round1:expert_dp_param_allgather:pg=1155,2,2,1887436800,1785477765171226828,1785477765171282831,1785477765222822457,1785477765171226828,1785477765171282831,1785477765233130382,51539626,61847551,10307925,10307925,0,10307925,17025802,0.0,True,False,False
55,7,expert_dp_param_allgather,edp_ag1,1,expert_dp_param_allgather:pg=1157,iter55:pp7:edp_ag1:round1:expert_dp_param_allgather:pg=1157,2,2,1887436800,1785477765171218688,1785477765171227470,1785477765232243321,1785477765171218688,1785477765171227470,1785477765244446491,61015851,73219021,12203170,12203170,4598232,7604938,7604938,0.3768063544144677,False,False,True
55,7,expert_dp_param_allgather,edp_ag1,1,expert_dp_param_allgather:pg=1159,iter55:pp7:edp_ag1:round1:expert_dp_param_allgather:pg=1159,2,2,1887436800,1785477765171185692,1785477765171266256,1785477765224307571,1785477765171185692,1785477765171266256,1785477765234915834,53041315,63649578,10608263,10608263,0,10608263,15540688,0.0,True,False,False
55,7,expert_dp_param_allgather,edp_ag1,1,expert_dp_param_allgather:pg=1161,iter55:pp7:edp_ag1:round1:expert_dp_param_allgather:pg=1161,2,2,1887436800,1785477765171232493,1785477765171252331,1785477765224742127,1785477765171232493,1785477765171252331,1785477765235440086,53489796,64187755,10697959,10697959,0,10697959,15106132,0.0,True,False,False
55,7,expert_dp_param_allgather,edp_ag1,1,expert_dp_param_allgather:pg=1163,iter55:pp7:edp_ag1:round1:expert_dp_param_allgather:pg=1163,2,2,1887436800,1785477765171199980,1785477765171238411,1785477765224587854,1785477765171199980,1785477765171238411,1785477765235257743,53349443,64019332,10669889,10669889,0,10669889,15260405,0.0,True,False,False
55,7,expert_dp_param_allgather,edp_ag1,1,expert_dp_param_allgather:pg=1165,iter55:pp7:edp_ag1:round1:expert_dp_param_allgather:pg=1165,2,2,1887436800,1785477765171215775,1785477765171236906,1785477765224217336,1785477765171215775,1785477765171236906,1785477765234813422,52980430,63576516,10596086,10596086,0,10596086,15630923,0.0,True,False,False
55,7,expert_dp_param_allgather,edp_ag1,1,expert_dp_param_allgather:pg=1167,iter55:pp7:edp_ag1:round1:expert_dp_param_allgather:pg=1167,2,2,1887436800,1785477765171232057,1785477765171252998,1785477765226020795,1785477765171232057,1785477765171252998,1785477765236974354,54767797,65721356,10953559,10953559,0,10953559,13827464,0.0,True,False,False
55,7,expert_dp_param_allgather,edp_ag1,1,expert_dp_param_allgather:pg=1169,iter55:pp7:edp_ag1:round1:expert_dp_param_allgather:pg=1169,2,2,1887436800,1785477765171200132,1785477765171266294,1785477765223893318,1785477765171200132,1785477765171266294,1785477765234418723,52627024,63152429,10525405,10525405,0,10525405,15954941,0.0,True,False,False
55,7,expert_dp_grad_reduce_scatter,edp_rs,0,expert_dp_grad_reduce_scatter:pg=1155,iter55:pp7:edp_rs:round0:expert_dp_grad_reduce_scatter:pg=1155,2,2,7549747200,1785477759709718668,1785477759709823642,1785477759916448261,1785477759709718668,1785477759709823642,1785477759957773185,206624619,247949543,41324924,41324924,0,41324924,5058368207,0.0,True,False,False
55,7,expert_dp_grad_reduce_scatter,edp_rs,0,expert_dp_grad_reduce_scatter:pg=1157,iter55:pp7:edp_rs:round0:expert_dp_grad_reduce_scatter:pg=1157,2,2,7549747200,1785477759709904041,1785477759709991640,1785477759919517493,1785477759709904041,1785477759709991640,1785477759961422664,209525853,251431024,41905171,41905171,0,41905171,5055298975,0.0,True,False,False
55,7,expert_dp_grad_reduce_scatter,edp_rs,0,expert_dp_grad_reduce_scatter:pg=1159,iter55:pp7:edp_rs:round0:expert_dp_grad_reduce_scatter:pg=1159,2,2,7549747200,1785477759709668002,1785477759710006838,1785477759921516754,1785477759709668002,1785477759710006838,1785477759963818737,211509916,253811899,42301983,42301983,0,42301983,5053299714,0.0,True,False,False
55,7,expert_dp_grad_reduce_scatter,edp_rs,0,expert_dp_grad_reduce_scatter:pg=1161,iter55:pp7:edp_rs:round0:expert_dp_grad_reduce_scatter:pg=1161,2,2,7549747200,1785477759709673038,1785477759710124755,1785477759915791190,1785477759709673038,1785477759710124755,1785477759956924477,205666435,246799722,41133287,41133287,0,41133287,5059025278,0.0,True,False,False
55,7,expert_dp_grad_reduce_scatter,edp_rs,0,expert_dp_grad_reduce_scatter:pg=1163,iter55:pp7:edp_rs:round0:expert_dp_grad_reduce_scatter:pg=1163,2,2,7549747200,1785477759709971170,1785477759710022701,1785477759910144790,1785477759709971170,1785477759710022701,1785477759950169208,200122089,240146507,40024418,40024418,0,40024418,5064671678,0.0,True,False,False
55,7,expert_dp_grad_reduce_scatter,edp_rs,0,expert_dp_grad_reduce_scatter:pg=1165,iter55:pp7:edp_rs:round0:expert_dp_grad_reduce_scatter:pg=1165,2,2,7549747200,1785477759710002340,1785477759710144384,1785477759925998851,1785477759710002340,1785477759710144384,1785477759969169744,215854467,259025360,43170893,43170893,0,43170893,5048817617,0.0,True,False,False
55,7,expert_dp_grad_reduce_scatter,edp_rs,0,expert_dp_grad_reduce_scatter:pg=1167,iter55:pp7:edp_rs:round0:expert_dp_grad_reduce_scatter:pg=1167,2,2,7549747200,1785477759709988473,1785477759710264188,1785477759919280391,1785477759709988473,1785477759710264188,1785477759961083632,209016203,250819444,41803241,41803241,0,41803241,5055536077,0.0,True,False,False
55,7,expert_dp_grad_reduce_scatter,edp_rs,0,expert_dp_grad_reduce_scatter:pg=1169,iter55:pp7:edp_rs:round0:expert_dp_grad_reduce_scatter:pg=1169,2,2,7549747200,1785477759709950342,1785477759710512643,1785477759922788590,1785477759709950342,1785477759710512643,1785477759965243779,212275947,254731136,42455189,42455189,0,42455189,5052027878,0.0,True,False,False
55,8,dp_param_allgather,dp_ag0,0,dp_param_allgather:pg=17,iter55:pp8:dp_ag0:round0:dp_param_allgather:pg=17,16,16,98621440,1785477765003347189,1785477765004468908,1785477765012290747,1785477765003347189,1785477765004468908,1785477765013855115,7821839,9386207,1564368,1564368,0,1564368,13422283,0.0,True,False,False
55,8,dp_param_allgather,dp_ag1,1,dp_param_allgather:pg=17,iter55:pp8:dp_ag1:round1:dp_param_allgather:pg=17,16,16,98621440,1785477765151080243,1785477765157972721,1785477765165740626,1785477765151080243,1785477765157972721,1785477765167294207,7767905,9321486,1553581,1553581,0,1553581,13422283,0.0,True,False,False
55,8,dp_grad_reduce_scatter,dp_rs,0,dp_grad_reduce_scatter:pg=17,iter55:pp8:dp_rs:round0:dp_grad_reduce_scatter:pg=17,16,16,3155886080,1785477758674204830,1785477758896734617,1785477758912403065,1785477758674204830,1785477758896734617,1785477758915536755,15668448,18802138,3133690,3133690,0,3133690,5824780877,0.0,True,False,False
55,8,expert_dp_param_allgather,edp_ag0,0,expert_dp_param_allgather:pg=1171,iter55:pp8:edp_ag0:round0:expert_dp_param_allgather:pg=1171,2,2,1887436800,1785477765012278093,1785477765012289509,1785477765065439956,1785477765012278093,1785477765012289509,1785477765076070045,53150447,63780536,10630089,10630089,0,10630089,17968131,0.0,True,False,False
55,8,expert_dp_param_allgather,edp_ag0,0,expert_dp_param_allgather:pg=1173,iter55:pp8:edp_ag0:round0:expert_dp_param_allgather:pg=1173,2,2,1887436800,1785477765012238231,1785477765012276506,1785477765065470854,1785477765012238231,1785477765012276506,1785477765076109724,53194348,63833218,10638870,10638870,0,10638870,17855275,0.0,True,False,False
55,8,expert_dp_param_allgather,edp_ag0,0,expert_dp_param_allgather:pg=1175,iter55:pp8:edp_ag0:round0:expert_dp_param_allgather:pg=1175,2,2,1887436800,1785477765012301427,1785477765012302628,1785477765070424394,1785477765012301427,1785477765012302628,1785477765082048747,58121766,69746119,11624353,11624353,0,11624353,13422283,0.0,True,False,False
55,8,expert_dp_param_allgather,edp_ag0,0,expert_dp_param_allgather:pg=1177,iter55:pp8:edp_ag0:round0:expert_dp_param_allgather:pg=1177,2,2,1887436800,1785477765012256789,1785477765012270410,1785477765066698250,1785477765012256789,1785477765012270410,1785477765077583818,54427840,65313408,10885568,10885568,0,10885568,17409791,0.0,True,False,False
55,8,expert_dp_param_allgather,edp_ag0,0,expert_dp_param_allgather:pg=1179,iter55:pp8:edp_ag0:round0:expert_dp_param_allgather:pg=1179,2,2,1887436800,1785477765012273073,1785477765012305336,1785477765065431344,1785477765012273073,1785477765012305336,1785477765076056546,53126008,63751210,10625202,10625202,0,10625202,18294091,0.0,True,False,False
55,8,expert_dp_param_allgather,edp_ag0,0,expert_dp_param_allgather:pg=1181,iter55:pp8:edp_ag0:round0:expert_dp_param_allgather:pg=1181,2,2,1887436800,1785477765012263631,1785477765012300768,1785477765066369179,1785477765012263631,1785477765012300768,1785477765077182861,54068411,64882093,10813682,10813682,0,10813682,17199841,0.0,True,False,False
55,8,expert_dp_param_allgather,edp_ag0,0,expert_dp_param_allgather:pg=1183,iter55:pp8:edp_ag0:round0:expert_dp_param_allgather:pg=1183,2,2,1887436800,1785477765012246376,1785477765012276705,1785477765066024804,1785477765012246376,1785477765012276705,1785477765076774424,53748099,64497719,10749620,10749620,0,10749620,17698921,0.0,True,False,False
55,8,expert_dp_param_allgather,edp_ag0,0,expert_dp_param_allgather:pg=1185,iter55:pp8:edp_ag0:round0:expert_dp_param_allgather:pg=1185,2,2,1887436800,1785477765012249055,1785477765012275552,1785477765064733419,1785477765012249055,1785477765012275552,1785477765075224992,52457867,62949440,10491573,10491573,0,10491573,19755649,0.0,True,False,False
55,8,expert_dp_param_allgather,edp_ag1,1,expert_dp_param_allgather:pg=1171,iter55:pp8:edp_ag1:round1:expert_dp_param_allgather:pg=1171,2,2,1887436800,1785477765165728132,1785477765165767266,1785477765220322890,1785477765165728132,1785477765165767266,1785477765231234015,54555624,65466749,10911125,10911125,0,10911125,19525369,0.0,True,False,False
55,8,expert_dp_param_allgather,edp_ag1,1,expert_dp_param_allgather:pg=1173,iter55:pp8:edp_ag1:round1:expert_dp_param_allgather:pg=1173,2,2,1887436800,1785477765165725230,1785477765165763716,1785477765219054413,1785477765165725230,1785477765165763716,1785477765229712552,53290697,63948836,10658139,10658139,0,10658139,20793846,0.0,True,False,False
55,8,expert_dp_param_allgather,edp_ag1,1,expert_dp_param_allgather:pg=1175,iter55:pp8:edp_ag1:round1:expert_dp_param_allgather:pg=1175,2,2,1887436800,1785477765165709863,1785477765165766153,1785477765219922574,1785477765165709863,1785477765165766153,1785477765230753858,54156421,64987705,10831284,10831284,0,10831284,19925685,0.0,True,False,False
55,8,expert_dp_param_allgather,edp_ag1,1,expert_dp_param_allgather:pg=1177,iter55:pp8:edp_ag1:round1:expert_dp_param_allgather:pg=1177,2,2,1887436800,1785477765165675160,1785477765165697124,1785477765217676833,1785477765165675160,1785477765165697124,1785477765228072775,51979709,62375651,10395942,10395942,0,10395942,22171426,0.0,True,False,False
55,8,expert_dp_param_allgather,edp_ag1,1,expert_dp_param_allgather:pg=1179,iter55:pp8:edp_ag1:round1:expert_dp_param_allgather:pg=1179,2,2,1887436800,1785477765165730412,1785477765165770997,1785477765226425976,1785477765165730412,1785477765165770997,1785477765238556972,60654979,72785975,12130996,12130996,0,12130996,13422283,0.0,True,False,False
55,8,expert_dp_param_allgather,edp_ag1,1,expert_dp_param_allgather:pg=1181,iter55:pp8:edp_ag1:round1:expert_dp_param_allgather:pg=1181,2,2,1887436800,1785477765165708456,1785477765165737239,1785477765219631706,1785477765165708456,1785477765165737239,1785477765230410599,53894467,64673360,10778893,10778893,0,10778893,20216553,0.0,True,False,False
55,8,expert_dp_param_allgather,edp_ag1,1,expert_dp_param_allgather:pg=1183,iter55:pp8:edp_ag1:round1:expert_dp_param_allgather:pg=1183,2,2,1887436800,1785477765165729144,1785477765165749879,1785477765219402878,1785477765165729144,1785477765165749879,1785477765230133478,53652999,64383599,10730600,10730600,0,10730600,20445381,0.0,True,False,False
55,8,expert_dp_param_allgather,edp_ag1,1,expert_dp_param_allgather:pg=1185,iter55:pp8:edp_ag1:round1:expert_dp_param_allgather:pg=1185,2,2,1887436800,1785477765165712722,1785477765165764371,1785477765217844564,1785477765165712722,1785477765165764371,1785477765228260603,52080193,62496232,10416039,10416039,0,10416039,22003695,0.0,True,False,False
55,8,expert_dp_grad_reduce_scatter,edp_rs,0,expert_dp_grad_reduce_scatter:pg=1171,iter55:pp8:edp_rs:round0:expert_dp_grad_reduce_scatter:pg=1171,2,2,7549747200,1785477758929970965,1785477758930097162,1785477759150035591,1785477758929970965,1785477758930097162,1785477759194023277,219938429,263926115,43987686,43987686,0,43987686,5824780877,0.0,True,False,False
55,8,expert_dp_grad_reduce_scatter,edp_rs,0,expert_dp_grad_reduce_scatter:pg=1173,iter55:pp8:edp_rs:round0:expert_dp_grad_reduce_scatter:pg=1173,2,2,7549747200,1785477758930108160,1785477758930108764,1785477759137633880,1785477758930108160,1785477758930108764,1785477759179138903,207525116,249030139,41505023,41505023,0,41505023,5837182588,0.0,True,False,False
55,8,expert_dp_grad_reduce_scatter,edp_rs,0,expert_dp_grad_reduce_scatter:pg=1175,iter55:pp8:edp_rs:round0:expert_dp_grad_reduce_scatter:pg=1175,2,2,7549747200,1785477758929635997,1785477758929888791,1785477759143831684,1785477758929635997,1785477758929888791,1785477759186620263,213942893,256731472,42788579,42788579,0,42788579,5830984784,0.0,True,False,False
55,8,expert_dp_grad_reduce_scatter,edp_rs,0,expert_dp_grad_reduce_scatter:pg=1177,iter55:pp8:edp_rs:round0:expert_dp_grad_reduce_scatter:pg=1177,2,2,7549747200,1785477758929920821,1785477758930265657,1785477759142280414,1785477758929920821,1785477758930265657,1785477759184683365,212014757,254417708,42402951,42402951,0,42402951,5832536054,0.0,True,False,False
55,8,expert_dp_grad_reduce_scatter,edp_rs,0,expert_dp_grad_reduce_scatter:pg=1179,iter55:pp8:edp_rs:round0:expert_dp_grad_reduce_scatter:pg=1179,2,2,7549747200,1785477758929919891,1785477758930140387,1785477759142066089,1785477758929919891,1785477758930140387,1785477759184451229,211925702,254310842,42385140,42385140,0,42385140,5832750379,0.0,True,False,False
55,8,expert_dp_grad_reduce_scatter,edp_rs,0,expert_dp_grad_reduce_scatter:pg=1181,iter55:pp8:edp_rs:round0:expert_dp_grad_reduce_scatter:pg=1181,2,2,7549747200,1785477758930206138,1785477758930267568,1785477759141987644,1785477758930206138,1785477758930267568,1785477759184331659,211720076,254064091,42344015,42344015,0,42344015,5832828824,0.0,True,False,False
55,8,expert_dp_grad_reduce_scatter,edp_rs,0,expert_dp_grad_reduce_scatter:pg=1183,iter55:pp8:edp_rs:round0:expert_dp_grad_reduce_scatter:pg=1183,2,2,7549747200,1785477758929707024,1785477758930027430,1785477759141072742,1785477758929707024,1785477758930027430,1785477759183281804,211045312,253254374,42209062,42209062,0,42209062,5833743726,0.0,True,False,False
55,8,expert_dp_grad_reduce_scatter,edp_rs,0,expert_dp_grad_reduce_scatter:pg=1185,iter55:pp8:edp_rs:round0:expert_dp_grad_reduce_scatter:pg=1185,2,2,7549747200,1785477758929582003,1785477758930188200,1785477759144494227,1785477758929582003,1785477758930188200,1785477759187355432,214306027,257167232,42861205,42861205,0,42861205,5830322241,0.0,True,False,False
55,9,dp_param_allgather,dp_ag0,0,dp_param_allgather:pg=19,iter55:pp9:dp_ag0:round0:dp_param_allgather:pg=19,16,16,98621440,1785477765003456169,1785477765004383754,1785477765012233230,1785477765003456169,1785477765004383754,1785477765013803125,7849476,9419371,1569895,1569895,0,1569895,19310267,0.0,True,False,False
55,9,dp_param_allgather,dp_ag1,1,dp_param_allgather:pg=19,iter55:pp9:dp_ag1:round1:dp_param_allgather:pg=19,16,16,98621440,1785477765150799082,1785477765157591145,1785477765165058843,1785477765150799082,1785477765157591145,1785477765166552383,7467698,8961238,1493540,1493540,0,1493540,19310267,0.0,True,False,False
55,9,dp_grad_reduce_scatter,dp_rs,0,dp_grad_reduce_scatter:pg=19,iter55:pp9:dp_rs:round0:dp_grad_reduce_scatter:pg=19,16,16,3155886080,1785477757895287106,1785477758076267925,1785477758094703412,1785477757895287106,1785477758076267925,1785477758098390509,18435487,22122584,3687097,3687097,0,3687097,6646137377,0.0,True,False,False
55,9,expert_dp_param_allgather,edp_ag0,0,expert_dp_param_allgather:pg=1187,iter55:pp9:edp_ag0:round0:expert_dp_param_allgather:pg=1187,2,2,1887436800,1785477765012197701,1785477765012204980,1785477765063619223,1785477765012197701,1785477765012204980,1785477765073902072,51414243,61697092,10282849,10282849,0,10282849,25618473,0.0,True,False,False
55,9,expert_dp_param_allgather,edp_ag0,0,expert_dp_param_allgather:pg=1189,iter55:pp9:edp_ag0:round0:expert_dp_param_allgather:pg=1189,2,2,1887436800,1785477765012161288,1785477765012227860,1785477765066304167,1785477765012161288,1785477765012227860,1785477765077119428,54076307,64891568,10815261,10815261,0,10815261,22996631,0.0,True,False,False
55,9,expert_dp_param_allgather,edp_ag0,0,expert_dp_param_allgather:pg=1191,iter55:pp9:edp_ag0:round0:expert_dp_param_allgather:pg=1191,2,2,1887436800,1785477765012116405,1785477765012241749,1785477765063827217,1785477765012116405,1785477765012241749,1785477765074144311,51585468,61902562,10317094,10317094,0,10317094,25665588,0.0,True,False,False
55,9,expert_dp_param_allgather,edp_ag0,0,expert_dp_param_allgather:pg=1193,iter55:pp9:edp_ag0:round0:expert_dp_param_allgather:pg=1193,2,2,1887436800,1785477765012190368,1785477765012224904,1785477765066650442,1785477765012190368,1785477765012224904,1785477765077535550,54425538,65310646,10885108,10885108,0,10885108,22272731,0.0,True,False,False
55,9,expert_dp_param_allgather,edp_ag0,0,expert_dp_param_allgather:pg=1195,iter55:pp9:edp_ag0:round0:expert_dp_param_allgather:pg=1195,2,2,1887436800,1785477765012130125,1785477765012243911,1785477765066020040,1785477765012130125,1785477765012243911,1785477765076775266,53776129,64531355,10755226,10755226,0,10755226,22327781,0.0,True,False,False
55,9,expert_dp_param_allgather,edp_ag0,0,expert_dp_param_allgather:pg=1197,iter55:pp9:edp_ag0:round0:expert_dp_param_allgather:pg=1197,2,2,1887436800,1785477765012170933,1785477765012194053,1785477765065221608,1785477765012170933,1785477765012194053,1785477765075827119,53027555,63633066,10605511,10605511,0,10605511,23875513,0.0,True,False,False
55,9,expert_dp_param_allgather,edp_ag0,0,expert_dp_param_allgather:pg=1199,iter55:pp9:edp_ag0:round0:expert_dp_param_allgather:pg=1199,2,2,1887436800,1785477765012105730,1785477765012235977,1785477765069801834,1785477765012105730,1785477765012235977,1785477765081315005,57565857,69079028,11513171,11513171,0,11513171,19310267,0.0,True,False,False
55,9,expert_dp_param_allgather,edp_ag0,0,expert_dp_param_allgather:pg=1201,iter55:pp9:edp_ag0:round0:expert_dp_param_allgather:pg=1201,2,2,1887436800,1785477765012145117,1785477765012237423,1785477765063491287,1785477765012145117,1785477765012237423,1785477765073742060,51253864,61504637,10250773,10250773,0,10250773,25555259,0.0,True,False,False
55,9,expert_dp_param_allgather,edp_ag1,1,expert_dp_param_allgather:pg=1187,iter55:pp9:edp_ag1:round1:expert_dp_param_allgather:pg=1187,2,2,1887436800,1785477765165045223,1785477765165066859,1785477765219458011,1785477765165045223,1785477765165066859,1785477765230336241,54391152,65269382,10878230,10878230,0,10878230,20390248,0.0,True,False,False
55,9,expert_dp_param_allgather,edp_ag1,1,expert_dp_param_allgather:pg=1189,iter55:pp9:edp_ag1:round1:expert_dp_param_allgather:pg=1189,2,2,1887436800,1785477765165045067,1785477765165069603,1785477765217946909,1785477765165045067,1785477765165069603,1785477765228522370,52877306,63452767,10575461,10575461,0,10575461,21901350,0.0,True,False,False
55,9,expert_dp_param_allgather,edp_ag1,1,expert_dp_param_allgather:pg=1191,iter55:pp9:edp_ag1:round1:expert_dp_param_allgather:pg=1191,2,2,1887436800,1785477765165010334,1785477765165065625,1785477765216996446,1785477765165010334,1785477765165065625,1785477765227382610,51930821,62316985,10386164,10386164,0,10386164,22851813,0.0,True,False,False
55,9,expert_dp_param_allgather,edp_ag1,1,expert_dp_param_allgather:pg=1193,iter55:pp9:edp_ag1:round1:expert_dp_param_allgather:pg=1193,2,2,1887436800,1785477765165042417,1785477765165058692,1785477765216102389,1785477765165042417,1785477765165058692,1785477765226311128,51043697,61252436,10208739,10208739,0,10208739,23745870,0.0,True,False,False
55,9,expert_dp_param_allgather,edp_ag1,1,expert_dp_param_allgather:pg=1195,iter55:pp9:edp_ag1:round1:expert_dp_param_allgather:pg=1195,2,2,1887436800,1785477765165036425,1785477765165067473,1785477765219368981,1785477765165036425,1785477765165067473,1785477765230229283,54301508,65161810,10860302,10860302,0,10860302,20479278,0.0,True,False,False
55,9,expert_dp_param_allgather,edp_ag1,1,expert_dp_param_allgather:pg=1197,iter55:pp9:edp_ag1:round1:expert_dp_param_allgather:pg=1197,2,2,1887436800,1785477765165006481,1785477765165041697,1785477765220537992,1785477765165006481,1785477765165041697,1785477765231637251,55496295,66595554,11099259,11099259,0,11099259,19310267,0.0,True,False,False
55,9,expert_dp_param_allgather,edp_ag1,1,expert_dp_param_allgather:pg=1199,iter55:pp9:edp_ag1:round1:expert_dp_param_allgather:pg=1199,2,2,1887436800,1785477765165010795,1785477765165065656,1785477765216378425,1785477765165010795,1785477765165065656,1785477765226640979,51312769,61575323,10262554,10262554,0,10262554,23469834,0.0,True,False,False
55,9,expert_dp_param_allgather,edp_ag1,1,expert_dp_param_allgather:pg=1201,iter55:pp9:edp_ag1:round1:expert_dp_param_allgather:pg=1201,2,2,1887436800,1785477765165018523,1785477765165113327,1785477765218569201,1785477765165018523,1785477765165113327,1785477765229260376,53455874,64147049,10691175,10691175,0,10691175,21279058,0.0,True,False,False
55,9,expert_dp_grad_reduce_scatter,edp_rs,0,expert_dp_grad_reduce_scatter:pg=1187,iter55:pp9:edp_rs:round0:expert_dp_grad_reduce_scatter:pg=1187,2,2,7549747200,1785477758112151444,1785477758112514869,1785477758323877818,1785477758112151444,1785477758112514869,1785477758366150408,211362949,253635539,42272590,42272590,0,42272590,6650938650,0.0,True,False,False
55,9,expert_dp_grad_reduce_scatter,edp_rs,0,expert_dp_grad_reduce_scatter:pg=1189,iter55:pp9:edp_rs:round0:expert_dp_grad_reduce_scatter:pg=1189,2,2,7549747200,1785477758111995357,1785477758112223439,1785477758324449579,1785477758111995357,1785477758112223439,1785477758366894807,212226140,254671368,42445228,42445228,0,42445228,6650366889,0.0,True,False,False
55,9,expert_dp_grad_reduce_scatter,edp_rs,0,expert_dp_grad_reduce_scatter:pg=1191,iter55:pp9:edp_rs:round0:expert_dp_grad_reduce_scatter:pg=1191,2,2,7549747200,1785477758112217497,1785477758112280815,1785477758324389406,1785477758112217497,1785477758112280815,1785477758366811124,212108591,254530309,42421718,42421718,0,42421718,6650427062,0.0,True,False,False
55,9,expert_dp_grad_reduce_scatter,edp_rs,0,expert_dp_grad_reduce_scatter:pg=1193,iter55:pp9:edp_rs:round0:expert_dp_grad_reduce_scatter:pg=1193,2,2,7549747200,1785477758112218017,1785477758112600708,1785477758317695416,1785477758112218017,1785477758112600708,1785477758358714358,205094708,246113650,41018942,41018942,0,41018942,6657121052,0.0,True,False,False
55,9,expert_dp_grad_reduce_scatter,edp_rs,0,expert_dp_grad_reduce_scatter:pg=1195,iter55:pp9:edp_rs:round0:expert_dp_grad_reduce_scatter:pg=1195,2,2,7549747200,1785477758112076026,1785477758112254798,1785477758320711593,1785477758112076026,1785477758112254798,1785477758362402952,208456795,250148154,41691359,41691359,0,41691359,6654104875,0.0,True,False,False
55,9,expert_dp_grad_reduce_scatter,edp_rs,0,expert_dp_grad_reduce_scatter:pg=1197,iter55:pp9:edp_rs:round0:expert_dp_grad_reduce_scatter:pg=1197,2,2,7549747200,1785477758111925142,1785477758112101649,1785477758328679091,1785477758111925142,1785477758112101649,1785477758371994579,216577442,259892930,43315488,43315488,0,43315488,6646137377,0.0,True,False,False
55,9,expert_dp_grad_reduce_scatter,edp_rs,0,expert_dp_grad_reduce_scatter:pg=1199,iter55:pp9:edp_rs:round0:expert_dp_grad_reduce_scatter:pg=1199,2,2,7549747200,1785477758112587051,1785477758112593630,1785477758298311572,1785477758112587051,1785477758112593630,1785477758335455160,185717942,222861530,37143588,37143588,0,37143588,6676504896,0.0,True,False,False
55,9,expert_dp_grad_reduce_scatter,edp_rs,0,expert_dp_grad_reduce_scatter:pg=1201,iter55:pp9:edp_rs:round0:expert_dp_grad_reduce_scatter:pg=1201,2,2,7549747200,1785477758112106072,1785477758112248303,1785477758324254445,1785477758112106072,1785477758112248303,1785477758366655673,212006142,254407370,42401228,42401228,0,42401228,6650562023,0.0,True,False,False
55,10,dp_param_allgather,dp_ag0,0,dp_param_allgather:pg=21,iter55:pp10:dp_ag0:round0:dp_param_allgather:pg=21,16,16,98621440,1785477765003490237,1785477765004188800,1785477765012004475,1785477765003490237,1785477765004188800,1785477765013567610,7815675,9378810,1563135,1563135,0,1563135,22420630,0.0,True,False,False
55,10,dp_param_allgather,dp_ag1,1,dp_param_allgather:pg=21,iter55:pp10:dp_ag1:round1:dp_param_allgather:pg=21,16,16,98621440,1785477765151229836,1785477765155334388,1785477765162599949,1785477765151229836,1785477765155334388,1785477765164053061,7265561,8718673,1453112,1453112,0,1453112,22420630,0.0,True,False,False
55,10,dp_grad_reduce_scatter,dp_rs,0,dp_grad_reduce_scatter:pg=21,iter55:pp10:dp_rs:round0:dp_grad_reduce_scatter:pg=21,16,16,3155886080,1785477757100091920,1785477757263781131,1785477757279750393,1785477757100091920,1785477757263781131,1785477757282944245,15969262,19163114,3193852,3193852,0,3193852,7454190988,0.0,True,False,False
55,10,expert_dp_param_allgather,edp_ag0,0,expert_dp_param_allgather:pg=1203,iter55:pp10:edp_ag0:round0:expert_dp_param_allgather:pg=1203,2,2,1887436800,1785477765011953987,1785477765012057867,1785477765065552763,1785477765011953987,1785477765012057867,1785477765076251742,53494896,64193875,10698979,10698979,0,10698979,24991717,0.0,True,False,False
55,10,expert_dp_param_allgather,edp_ag0,0,expert_dp_param_allgather:pg=1205,iter55:pp10:edp_ag0:round0:expert_dp_param_allgather:pg=1205,2,2,1887436800,1785477765011904303,1785477765012013914,1785477765064169065,1785477765011904303,1785477765012013914,1785477765074600095,52155151,62586181,10431030,10431030,0,10431030,26382056,0.0,True,False,False
55,10,expert_dp_param_allgather,edp_ag0,0,expert_dp_param_allgather:pg=1207,iter55:pp10:edp_ag0:round0:expert_dp_param_allgather:pg=1207,2,2,1887436800,1785477765011869228,1785477765012014673,1785477765065987004,1785477765011869228,1785477765012014673,1785477765076781470,53972331,64766797,10794466,10794466,0,10794466,24083006,0.0,True,False,False
55,10,expert_dp_param_allgather,edp_ag0,0,expert_dp_param_allgather:pg=1209,iter55:pp10:edp_ag0:round0:expert_dp_param_allgather:pg=1209,2,2,1887436800,1785477765011980798,1785477765012034642,1785477765065466253,1785477765011980798,1785477765012034642,1785477765076152575,53431611,64117933,10686322,10686322,0,10686322,24681556,0.0,True,False,False
55,10,expert_dp_param_allgather,edp_ag0,0,expert_dp_param_allgather:pg=1211,iter55:pp10:edp_ag0:round0:expert_dp_param_allgather:pg=1211,2,2,1887436800,1785477765011883133,1785477765012014031,1785477765065095135,1785477765011883133,1785477765012014031,1785477765075711356,53081104,63697325,10616221,10616221,0,10616221,23982323,0.0,True,False,False
55,10,expert_dp_param_allgather,edp_ag0,0,expert_dp_param_allgather:pg=1213,iter55:pp10:edp_ag0:round0:expert_dp_param_allgather:pg=1213,2,2,1887436800,1785477765011914787,1785477765011962438,1785477765065718457,1785477765011914787,1785477765011962438,1785477765076469661,53756019,64507223,10751204,10751204,0,10751204,23615368,0.0,True,False,False
55,10,expert_dp_param_allgather,edp_ag0,0,expert_dp_param_allgather:pg=1215,iter55:pp10:edp_ag0:round0:expert_dp_param_allgather:pg=1215,2,2,1887436800,1785477765011854889,1785477765012002500,1785477765065639835,1785477765011854889,1785477765012002500,1785477765076367302,53637335,64364802,10727467,10727467,0,10727467,23421422,0.0,True,False,False
55,10,expert_dp_param_allgather,edp_ag0,0,expert_dp_param_allgather:pg=1217,iter55:pp10:edp_ag0:round0:expert_dp_param_allgather:pg=1217,2,2,1887436800,1785477765011896206,1785477765012006709,1785477765067108799,1785477765011896206,1785477765012006709,1785477765078129217,55102090,66122508,11020418,11020418,0,11020418,22420630,0.0,True,False,False
55,10,expert_dp_param_allgather,edp_ag1,1,expert_dp_param_allgather:pg=1203,iter55:pp10:edp_ag1:round1:expert_dp_param_allgather:pg=1203,2,2,1887436800,1785477765162580530,1785477765162610690,1785477765215689465,1785477765162580530,1785477765162610690,1785477765226305220,53078775,63694530,10615755,10615755,0,10615755,24158794,0.0,True,False,False
55,10,expert_dp_param_allgather,edp_ag1,1,expert_dp_param_allgather:pg=1205,iter55:pp10:edp_ag1:round1:expert_dp_param_allgather:pg=1205,2,2,1887436800,1785477765162589849,1785477765162610469,1785477765215888223,1785477765162589849,1785477765162610469,1785477765226543774,53277754,63933305,10655551,10655551,0,10655551,23960036,0.0,True,False,False
55,10,expert_dp_param_allgather,edp_ag1,1,expert_dp_param_allgather:pg=1207,iter55:pp10:edp_ag1:round1:expert_dp_param_allgather:pg=1207,2,2,1887436800,1785477765162621061,1785477765162631974,1785477765217427629,1785477765162621061,1785477765162631974,1785477765228386760,54795655,65754786,10959131,10959131,0,10959131,22420630,0.0,True,False,False
55,10,expert_dp_param_allgather,edp_ag1,1,expert_dp_param_allgather:pg=1209,iter55:pp10:edp_ag1:round1:expert_dp_param_allgather:pg=1209,2,2,1887436800,1785477765162586513,1785477765162589504,1785477765216577284,1785477765162586513,1785477765162589504,1785477765227374840,53987780,64785336,10797556,10797556,0,10797556,23270975,0.0,True,False,False
55,10,expert_dp_param_allgather,edp_ag1,1,expert_dp_param_allgather:pg=1211,iter55:pp10:edp_ag1:round1:expert_dp_param_allgather:pg=1211,2,2,1887436800,1785477765162598899,1785477765162599739,1785477765215342668,1785477765162598899,1785477765162599739,1785477765225891254,52742929,63291515,10548586,10548586,0,10548586,24505591,0.0,True,False,False
55,10,expert_dp_param_allgather,edp_ag1,1,expert_dp_param_allgather:pg=1213,iter55:pp10:edp_ag1:round1:expert_dp_param_allgather:pg=1213,2,2,1887436800,1785477765162593045,1785477765162593640,1785477765215971549,1785477765162593045,1785477765162593640,1785477765226647131,53377909,64053491,10675582,10675582,0,10675582,23876710,0.0,True,False,False
55,10,expert_dp_param_allgather,edp_ag1,1,expert_dp_param_allgather:pg=1215,iter55:pp10:edp_ag1:round1:expert_dp_param_allgather:pg=1215,2,2,1887436800,1785477765162567515,1785477765162652326,1785477765215113431,1785477765162567515,1785477765162652326,1785477765225605652,52461105,62953326,10492221,10492221,0,10492221,24734828,0.0,True,False,False
55,10,expert_dp_param_allgather,edp_ag1,1,expert_dp_param_allgather:pg=1217,iter55:pp10:edp_ag1:round1:expert_dp_param_allgather:pg=1217,2,2,1887436800,1785477765162584328,1785477765162650075,1785477765215548094,1785477765162584328,1785477765162650075,1785477765226127698,52898019,63477623,10579604,10579604,0,10579604,24300165,0.0,True,False,False
55,10,expert_dp_grad_reduce_scatter,edp_rs,0,expert_dp_grad_reduce_scatter:pg=1203,iter55:pp10:edp_rs:round0:expert_dp_grad_reduce_scatter:pg=1203,2,2,7549747200,1785477757297161696,1785477757297838526,1785477757492654673,1785477757297161696,1785477757297838526,1785477757531617902,194816147,233779376,38963229,38963229,0,38963229,7482161795,0.0,True,False,False
55,10,expert_dp_grad_reduce_scatter,edp_rs,0,expert_dp_grad_reduce_scatter:pg=1205,iter55:pp10:edp_rs:round0:expert_dp_grad_reduce_scatter:pg=1205,2,2,7549747200,1785477757297397750,1785477757297518491,1785477757506381517,1785477757297397750,1785477757297518491,1785477757548154122,208863026,250635631,41772605,41772605,0,41772605,7468434951,0.0,True,False,False
55,10,expert_dp_grad_reduce_scatter,edp_rs,0,expert_dp_grad_reduce_scatter:pg=1207,iter55:pp10:edp_rs:round0:expert_dp_grad_reduce_scatter:pg=1207,2,2,7549747200,1785477757297378407,1785477757297506905,1785477757503391657,1785477757297378407,1785477757297506905,1785477757544568607,205884752,247061702,41176950,41176950,0,41176950,7471424811,0.0,True,False,False
55,10,expert_dp_grad_reduce_scatter,edp_rs,0,expert_dp_grad_reduce_scatter:pg=1209,iter55:pp10:edp_rs:round0:expert_dp_grad_reduce_scatter:pg=1209,2,2,7549747200,1785477757297113198,1785477757297398748,1785477757520625480,1785477757297113198,1785477757297398748,1785477757565270826,223226732,267872078,44645346,44645346,0,44645346,7454190988,0.0,True,False,False
55,10,expert_dp_grad_reduce_scatter,edp_rs,0,expert_dp_grad_reduce_scatter:pg=1211,iter55:pp10:edp_rs:round0:expert_dp_grad_reduce_scatter:pg=1211,2,2,7549747200,1785477757297425612,1785477757297820955,1785477757505155910,1785477757297425612,1785477757297820955,1785477757546622901,207334955,248801946,41466991,41466991,0,41466991,7469660558,0.0,True,False,False
55,10,expert_dp_grad_reduce_scatter,edp_rs,0,expert_dp_grad_reduce_scatter:pg=1213,iter55:pp10:edp_rs:round0:expert_dp_grad_reduce_scatter:pg=1213,2,2,7549747200,1785477757297362455,1785477757297550128,1785477757505584286,1785477757297362455,1785477757297550128,1785477757547191118,208034158,249640990,41606832,41606832,0,41606832,7469232182,0.0,True,False,False
55,10,expert_dp_grad_reduce_scatter,edp_rs,0,expert_dp_grad_reduce_scatter:pg=1215,iter55:pp10:edp_rs:round0:expert_dp_grad_reduce_scatter:pg=1215,2,2,7549747200,1785477757297217058,1785477757297236724,1785477757503577962,1785477757297217058,1785477757297236724,1785477757544846210,206341238,247609486,41268248,41268248,0,41268248,7471238506,0.0,True,False,False
55,10,expert_dp_grad_reduce_scatter,edp_rs,0,expert_dp_grad_reduce_scatter:pg=1217,iter55:pp10:edp_rs:round0:expert_dp_grad_reduce_scatter:pg=1217,2,2,7549747200,1785477757297293588,1785477757297644227,1785477757504669046,1785477757297293588,1785477757297644227,1785477757546074010,207024819,248429783,41404964,41404964,0,41404964,7470147422,0.0,True,False,False
55,11,dp_param_allgather,dp_ag0,0,dp_param_allgather:pg=23,iter55:pp11:dp_ag0:round0:dp_param_allgather:pg=23,16,16,98621440,1785477765003416358,1785477765004541613,1785477765012214106,1785477765003416358,1785477765004541613,1785477765013748605,7672493,9206992,1534499,1534499,0,1534499,14596677,0.0,True,False,False
55,11,dp_param_allgather,dp_ag1,1,dp_param_allgather:pg=23,iter55:pp11:dp_ag1:round1:dp_param_allgather:pg=23,16,16,98621440,1785477765151844819,1785477765160059078,1785477765167622723,1785477765151844819,1785477765160059078,1785477765169135452,7563645,9076374,1512729,1512729,0,1512729,14596677,0.0,True,False,False
55,11,dp_grad_reduce_scatter,dp_rs,0,dp_grad_reduce_scatter:pg=23,iter55:pp11:dp_rs:round0:dp_grad_reduce_scatter:pg=23,16,16,3155886080,1785477756301096079,1785477756478360181,1785477756494487531,1785477756301096079,1785477756478360181,1785477756497713001,16127350,19352820,3225470,3225470,0,3225470,8243931712,0.0,True,False,False
55,11,expert_dp_param_allgather,edp_ag0,0,expert_dp_param_allgather:pg=1219,iter55:pp11:edp_ag0:round0:expert_dp_param_allgather:pg=1219,2,2,1887436800,1785477765012162442,1785477765012225591,1785477765065688587,1785477765012162442,1785477765012225591,1785477765076381186,53462996,64155595,10692599,10692599,0,10692599,22003207,0.0,True,False,False
55,11,expert_dp_param_allgather,edp_ag0,0,expert_dp_param_allgather:pg=1221,iter55:pp11:edp_ag0:round0:expert_dp_param_allgather:pg=1221,2,2,1887436800,1785477765012173933,1785477765012224256,1785477765067683545,1785477765012173933,1785477765012224256,1785477765078775403,55459289,66551147,11091858,11091858,0,11091858,18884142,0.0,True,False,False
55,11,expert_dp_param_allgather,edp_ag0,0,expert_dp_param_allgather:pg=1223,iter55:pp11:edp_ag0:round0:expert_dp_param_allgather:pg=1223,2,2,1887436800,1785477765012155008,1785477765012225846,1785477765065455984,1785477765012155008,1785477765012225846,1785477765076102012,53230138,63876166,10646028,10646028,0,10646028,21076987,0.0,True,False,False
55,11,expert_dp_param_allgather,edp_ag0,0,expert_dp_param_allgather:pg=1225,iter55:pp11:edp_ag0:round0:expert_dp_param_allgather:pg=1225,2,2,1887436800,1785477765012233817,1785477765012239202,1785477765068119500,1785477765012233817,1785477765012239202,1785477765079295560,55880298,67056358,11176060,11176060,0,11176060,18571753,0.0,True,False,False
55,11,expert_dp_param_allgather,edp_ag0,0,expert_dp_param_allgather:pg=1227,iter55:pp11:edp_ag0:round0:expert_dp_param_allgather:pg=1227,2,2,1887436800,1785477765012162490,1785477765012224780,1785477765073002527,1785477765012162490,1785477765012224780,1785477765085158076,60777747,72933296,12155549,12155549,0,12155549,14596677,0.0,True,False,False
55,11,expert_dp_param_allgather,edp_ag0,0,expert_dp_param_allgather:pg=1229,iter55:pp11:edp_ag0:round0:expert_dp_param_allgather:pg=1229,2,2,1887436800,1785477765012138476,1785477765012215605,1785477765065466913,1785477765012138476,1785477765012215605,1785477765076117175,53251308,63901570,10650262,10650262,0,10650262,21411085,0.0,True,False,False
55,11,expert_dp_param_allgather,edp_ag0,0,expert_dp_param_allgather:pg=1231,iter55:pp11:edp_ag0:round0:expert_dp_param_allgather:pg=1231,2,2,1887436800,1785477765012222438,1785477765012232106,1785477765065088264,1785477765012222438,1785477765012232106,1785477765075659496,52856158,63427390,10571232,10571232,0,10571232,21496261,0.0,True,False,False
55,11,expert_dp_param_allgather,edp_ag0,0,expert_dp_param_allgather:pg=1233,iter55:pp11:edp_ag0:round0:expert_dp_param_allgather:pg=1233,2,2,1887436800,1785477765012207874,1785477765012225410,1785477765064547443,1785477765012207874,1785477765012225410,1785477765075011850,52322033,62786440,10464407,10464407,0,10464407,22692266,0.0,True,False,False
55,11,expert_dp_param_allgather,edp_ag1,1,expert_dp_param_allgather:pg=1219,iter55:pp11:edp_ag1:round1:expert_dp_param_allgather:pg=1219,2,2,1887436800,1785477765167613315,1785477765167679849,1785477765221435300,1785477765167613315,1785477765167679849,1785477765232186390,53755451,64506541,10751090,10751090,0,10751090,18412959,0.0,True,False,False
55,11,expert_dp_param_allgather,edp_ag1,1,expert_dp_param_allgather:pg=1221,iter55:pp11:edp_ag1:round1:expert_dp_param_allgather:pg=1221,2,2,1887436800,1785477765167609343,1785477765167620311,1785477765225251582,1785477765167609343,1785477765167620311,1785477765236777836,57631271,69157525,11526254,11526254,0,11526254,14596677,0.0,True,False,False
55,11,expert_dp_param_allgather,edp_ag1,1,expert_dp_param_allgather:pg=1223,iter55:pp11:edp_ag1:round1:expert_dp_param_allgather:pg=1223,2,2,1887436800,1785477765167579684,1785477765167625945,1785477765221264560,1785477765167579684,1785477765167625945,1785477765231992283,53638615,64366338,10727723,10727723,0,10727723,18583699,0.0,True,False,False
55,11,expert_dp_param_allgather,edp_ag1,1,expert_dp_param_allgather:pg=1225,iter55:pp11:edp_ag1:round1:expert_dp_param_allgather:pg=1225,2,2,1887436800,1785477765167605416,1785477765167634364,1785477765220827355,1785477765167605416,1785477765167634364,1785477765231465953,53192991,63831589,10638598,10638598,0,10638598,19020904,0.0,True,False,False
55,11,expert_dp_param_allgather,edp_ag1,1,expert_dp_param_allgather:pg=1227,iter55:pp11:edp_ag1:round1:expert_dp_param_allgather:pg=1227,2,2,1887436800,1785477765167624281,1785477765167640573,1785477765222838247,1785477765167624281,1785477765167640573,1785477765233877782,55197674,66237209,11039535,11039535,0,11039535,17010012,0.0,True,False,False
55,11,expert_dp_param_allgather,edp_ag1,1,expert_dp_param_allgather:pg=1229,iter55:pp11:edp_ag1:round1:expert_dp_param_allgather:pg=1229,2,2,1887436800,1785477765167609637,1785477765167630802,1785477765219802615,1785477765167609637,1785477765167630802,1785477765230236978,52171813,62606176,10434363,10434363,0,10434363,20045644,0.0,True,False,False
55,11,expert_dp_param_allgather,edp_ag1,1,expert_dp_param_allgather:pg=1231,iter55:pp11:edp_ag1:round1:expert_dp_param_allgather:pg=1231,2,2,1887436800,1785477765167591484,1785477765167606024,1785477765222163425,1785477765167591484,1785477765167606024,1785477765233074905,54557401,65468881,10911480,10911480,0,10911480,17684834,0.0,True,False,False
55,11,expert_dp_param_allgather,edp_ag1,1,expert_dp_param_allgather:pg=1233,iter55:pp11:edp_ag1:round1:expert_dp_param_allgather:pg=1233,2,2,1887436800,1785477765167626876,1785477765167670389,1785477765221962609,1785477765167626876,1785477765167670389,1785477765232821053,54292220,65150664,10858444,10858444,0,10858444,17885650,0.0,True,False,False
55,11,expert_dp_grad_reduce_scatter,edp_rs,0,expert_dp_grad_reduce_scatter:pg=1219,iter55:pp11:edp_rs:round0:expert_dp_grad_reduce_scatter:pg=1219,2,2,7549747200,1785477756512000170,1785477756512263659,1785477756730884756,1785477756512000170,1785477756512263659,1785477756774608975,218621097,262345316,43724219,43724219,0,43724219,8243931712,0.0,True,False,False
55,11,expert_dp_grad_reduce_scatter,edp_rs,0,expert_dp_grad_reduce_scatter:pg=1221,iter55:pp11:edp_rs:round0:expert_dp_grad_reduce_scatter:pg=1221,2,2,7549747200,1785477756512101953,1785477756512120684,1785477756721025304,1785477756512101953,1785477756512120684,1785477756762806228,208904620,250685544,41780924,41780924,0,41780924,8253791164,0.0,True,False,False
55,11,expert_dp_grad_reduce_scatter,edp_rs,0,expert_dp_grad_reduce_scatter:pg=1223,iter55:pp11:edp_rs:round0:expert_dp_grad_reduce_scatter:pg=1223,2,2,7549747200,1785477756511838186,1785477756511989881,1785477756726505807,1785477756511838186,1785477756511989881,1785477756769408992,214515926,257419111,42903185,42903185,0,42903185,8248310661,0.0,True,False,False
55,11,expert_dp_grad_reduce_scatter,edp_rs,0,expert_dp_grad_reduce_scatter:pg=1225,iter55:pp11:edp_rs:round0:expert_dp_grad_reduce_scatter:pg=1225,2,2,7549747200,1785477756511826119,1785477756512310572,1785477756723872293,1785477756511826119,1785477756512310572,1785477756766184637,211561721,253874065,42312344,42312344,0,42312344,8250944175,0.0,True,False,False
55,11,expert_dp_grad_reduce_scatter,edp_rs,0,expert_dp_grad_reduce_scatter:pg=1227,iter55:pp11:edp_rs:round0:expert_dp_grad_reduce_scatter:pg=1227,2,2,7549747200,1785477756512159556,1785477756512380290,1785477756722119815,1785477756512159556,1785477756512380290,1785477756764067720,209739525,251687430,41947905,41947905,0,41947905,8252696653,0.0,True,False,False
55,11,expert_dp_grad_reduce_scatter,edp_rs,0,expert_dp_grad_reduce_scatter:pg=1229,iter55:pp11:edp_rs:round0:expert_dp_grad_reduce_scatter:pg=1229,2,2,7549747200,1785477756511927335,1785477756511960309,1785477756722337830,1785477756511927335,1785477756511960309,1785477756764413334,210377521,252453025,42075504,42075504,0,42075504,8252478638,0.0,True,False,False
55,11,expert_dp_grad_reduce_scatter,edp_rs,0,expert_dp_grad_reduce_scatter:pg=1231,iter55:pp11:edp_rs:round0:expert_dp_grad_reduce_scatter:pg=1231,2,2,7549747200,1785477756512022944,1785477756512187534,1785477756724665127,1785477756512022944,1785477756512187534,1785477756767160646,212477593,254973112,42495519,42495519,0,42495519,8250151341,0.0,True,False,False
55,11,expert_dp_grad_reduce_scatter,edp_rs,0,expert_dp_grad_reduce_scatter:pg=1233,iter55:pp11:edp_rs:round0:expert_dp_grad_reduce_scatter:pg=1233,2,2,7549747200,1785477756512139480,1785477756512332347,1785477756724589989,1785477756512139480,1785477756512332347,1785477756767041517,212257642,254709170,42451528,42451528,0,42451528,8250226479,0.0,True,False,False
55,12,dp_param_allgather,dp_ag0,0,dp_param_allgather:pg=25,iter55:pp12:dp_ag0:round0:dp_param_allgather:pg=25,16,16,98621440,1785477765003638332,1785477765004534389,1785477765012220781,1785477765003638332,1785477765004534389,1785477765013758059,7686392,9223670,1537278,1537278,0,1537278,17062557,0.0,True,False,False
55,12,dp_param_allgather,dp_ag1,1,dp_param_allgather:pg=25,iter55:pp12:dp_ag1:round1:dp_param_allgather:pg=25,16,16,98621440,1785477765152988406,1785477765157039822,1785477765164447495,1785477765152988406,1785477765157039822,1785477765165929030,7407673,8889208,1481535,1481535,0,1481535,17062557,0.0,True,False,False
55,12,dp_grad_reduce_scatter,dp_rs,0,dp_grad_reduce_scatter:pg=25,iter55:pp12:dp_rs:round0:dp_grad_reduce_scatter:pg=25,16,16,3155886080,1785477755523343553,1785477755692822798,1785477755708500344,1785477755523343553,1785477755692822798,1785477755711635853,15677546,18813055,3135509,3135509,0,3135509,9036232200,0.0,True,False,False
55,12,expert_dp_param_allgather,edp_ag0,0,expert_dp_param_allgather:pg=1235,iter55:pp12:edp_ag0:round0:expert_dp_param_allgather:pg=1235,2,2,1887436800,1785477765012185902,1785477765012233844,1785477765066301144,1785477765012185902,1785477765012233844,1785477765077114604,54067300,64880760,10813460,10813460,0,10813460,20212952,0.0,True,False,False
55,12,expert_dp_param_allgather,edp_ag0,0,expert_dp_param_allgather:pg=1237,iter55:pp12:edp_ag0:round0:expert_dp_param_allgather:pg=1237,2,2,1887436800,1785477765012199269,1785477765012233565,1785477765069016277,1785477765012199269,1785477765012233565,1785477765080372819,56782712,68139254,11356542,11356542,0,11356542,17062557,0.0,True,False,False
55,12,expert_dp_param_allgather,edp_ag0,0,expert_dp_param_allgather:pg=1239,iter55:pp12:edp_ag0:round0:expert_dp_param_allgather:pg=1239,2,2,1887436800,1785477765012155327,1785477765012201242,1785477765067113735,1785477765012155327,1785477765012201242,1785477765078096234,54912493,65894992,10982499,10982499,0,10982499,19176193,0.0,True,False,False
55,12,expert_dp_param_allgather,edp_ag0,0,expert_dp_param_allgather:pg=1241,iter55:pp12:edp_ag0:round0:expert_dp_param_allgather:pg=1241,2,2,1887436800,1785477765012185110,1785477765012231341,1785477765065148500,1785477765012185110,1785477765012231341,1785477765075731932,52917159,63500591,10583432,10583432,0,10583432,21013925,0.0,True,False,False
55,12,expert_dp_param_allgather,edp_ag0,0,expert_dp_param_allgather:pg=1243,iter55:pp12:edp_ag0:round0:expert_dp_param_allgather:pg=1243,2,2,1887436800,1785477765012173289,1785477765012229821,1785477765066748808,1785477765012173289,1785477765012229821,1785477765077652605,54518987,65422784,10903797,10903797,0,10903797,19474653,0.0,True,False,False
55,12,expert_dp_param_allgather,edp_ag0,0,expert_dp_param_allgather:pg=1245,iter55:pp12:edp_ag0:round0:expert_dp_param_allgather:pg=1245,2,2,1887436800,1785477765012173481,1785477765012222673,1785477765066426906,1785477765012173481,1785477765012222673,1785477765077267753,54204233,65045080,10840847,10840847,0,10840847,19878774,0.0,True,False,False
55,12,expert_dp_param_allgather,edp_ag0,0,expert_dp_param_allgather:pg=1247,iter55:pp12:edp_ag0:round0:expert_dp_param_allgather:pg=1247,2,2,1887436800,1785477765012178330,1785477765012187380,1785477765066258315,1785477765012178330,1785477765012187380,1785477765077072502,54070935,64885122,10814187,10814187,0,10814187,20202754,0.0,True,False,False
55,12,expert_dp_param_allgather,edp_ag0,0,expert_dp_param_allgather:pg=1249,iter55:pp12:edp_ag0:round0:expert_dp_param_allgather:pg=1249,2,2,1887436800,1785477765012216717,1785477765012226238,1785477765068460484,1785477765012216717,1785477765012226238,1785477765079707333,56234246,67481095,11246849,11246849,0,11246849,17378811,0.0,True,False,False
55,12,expert_dp_param_allgather,edp_ag1,1,expert_dp_param_allgather:pg=1235,iter55:pp12:edp_ag1:round1:expert_dp_param_allgather:pg=1235,2,2,1887436800,1785477765164424308,1785477765164471442,1785477765216208870,1785477765164424308,1785477765164471442,1785477765226556356,51737428,62084914,10347486,10347486,0,10347486,23639389,0.0,True,False,False
55,12,expert_dp_param_allgather,edp_ag1,1,expert_dp_param_allgather:pg=1237,iter55:pp12:edp_ag1:round1:expert_dp_param_allgather:pg=1237,2,2,1887436800,1785477765164425495,1785477765164458671,1785477765222785702,1785477765164425495,1785477765164458671,1785477765234451108,58327031,69992437,11665406,11665406,0,11665406,17062557,0.0,True,False,False
55,12,expert_dp_param_allgather,edp_ag1,1,expert_dp_param_allgather:pg=1239,iter55:pp12:edp_ag1:round1:expert_dp_param_allgather:pg=1239,2,2,1887436800,1785477765164461222,1785477765164484791,1785477765216039217,1785477765164461222,1785477765164484791,1785477765226350102,51554426,61865311,10310885,10310885,0,10310885,23809042,0.0,True,False,False
55,12,expert_dp_param_allgather,edp_ag1,1,expert_dp_param_allgather:pg=1241,iter55:pp12:edp_ag1:round1:expert_dp_param_allgather:pg=1241,2,2,1887436800,1785477765164436294,1785477765164459375,1785477765217923085,1785477765164436294,1785477765164459375,1785477765228615827,53463710,64156452,10692742,10692742,0,10692742,21925174,0.0,True,False,False
55,12,expert_dp_param_allgather,edp_ag1,1,expert_dp_param_allgather:pg=1243,iter55:pp12:edp_ag1:round1:expert_dp_param_allgather:pg=1243,2,2,1887436800,1785477765164402953,1785477765164443598,1785477765216426294,1785477765164402953,1785477765164443598,1785477765226822833,51982696,62379235,10396539,10396539,0,10396539,23421965,0.0,True,False,False
55,12,expert_dp_param_allgather,edp_ag1,1,expert_dp_param_allgather:pg=1245,iter55:pp12:edp_ag1:round1:expert_dp_param_allgather:pg=1245,2,2,1887436800,1785477765164417652,1785477765164443840,1785477765217197419,1785477765164417652,1785477765164443840,1785477765227748135,52753579,63304295,10550716,10550716,0,10550716,22650840,0.0,True,False,False
55,12,expert_dp_param_allgather,edp_ag1,1,expert_dp_param_allgather:pg=1247,iter55:pp12:edp_ag1:round1:expert_dp_param_allgather:pg=1247,2,2,1887436800,1785477765164440273,1785477765164455587,1785477765216249339,1785477765164440273,1785477765164455587,1785477765226608089,51793752,62152502,10358750,10358750,0,10358750,23598920,0.0,True,False,False
55,12,expert_dp_param_allgather,edp_ag1,1,expert_dp_param_allgather:pg=1249,iter55:pp12:edp_ag1:round1:expert_dp_param_allgather:pg=1249,2,2,1887436800,1785477765164446006,1785477765164456683,1785477765216818341,1785477765164446006,1785477765164456683,1785477765227290673,52361658,62833990,10472332,10472332,0,10472332,23029918,0.0,True,False,False
55,12,expert_dp_grad_reduce_scatter,edp_rs,0,expert_dp_grad_reduce_scatter:pg=1235,iter55:pp12:edp_rs:round0:expert_dp_grad_reduce_scatter:pg=1235,2,2,7549747200,1785477755726061635,1785477755726099372,1785477755934539904,1785477755726061635,1785477755726099372,1785477755976228010,208440532,250128638,41688106,41688106,0,41688106,9040276564,0.0,True,False,False
55,12,expert_dp_grad_reduce_scatter,edp_rs,0,expert_dp_grad_reduce_scatter:pg=1237,iter55:pp12:edp_rs:round0:expert_dp_grad_reduce_scatter:pg=1237,2,2,7549747200,1785477755726027117,1785477755726181265,1785477755934970451,1785477755726027117,1785477755726181265,1785477755976728288,208789186,250547023,41757837,41757837,0,41757837,9039846017,0.0,True,False,False
55,12,expert_dp_grad_reduce_scatter,edp_rs,0,expert_dp_grad_reduce_scatter:pg=1239,iter55:pp12:edp_rs:round0:expert_dp_grad_reduce_scatter:pg=1239,2,2,7549747200,1785477755726105656,1785477755726383667,1785477755938584268,1785477755726105656,1785477755726383667,1785477755981024388,212200601,254640721,42440120,42440120,0,42440120,9036232200,0.0,True,False,False
55,12,expert_dp_grad_reduce_scatter,edp_rs,0,expert_dp_grad_reduce_scatter:pg=1241,iter55:pp12:edp_rs:round0:expert_dp_grad_reduce_scatter:pg=1241,2,2,7549747200,1785477755726154029,1785477755726253118,1785477755938237088,1785477755726154029,1785477755726253118,1785477755980633882,211983970,254380764,42396794,42396794,0,42396794,9036579380,0.0,True,False,False
55,12,expert_dp_grad_reduce_scatter,edp_rs,0,expert_dp_grad_reduce_scatter:pg=1243,iter55:pp12:edp_rs:round0:expert_dp_grad_reduce_scatter:pg=1243,2,2,7549747200,1785477755726023135,1785477755726655736,1785477755934705210,1785477755726023135,1785477755726655736,1785477755976315105,208049474,249659369,41609895,41609895,0,41609895,9040111258,0.0,True,False,False
55,12,expert_dp_grad_reduce_scatter,edp_rs,0,expert_dp_grad_reduce_scatter:pg=1245,iter55:pp12:edp_rs:round0:expert_dp_grad_reduce_scatter:pg=1245,2,2,7549747200,1785477755725917580,1785477755726097202,1785477755936216442,1785477755725917580,1785477755726097202,1785477755978240290,210119240,252143088,42023848,42023848,0,42023848,9038600026,0.0,True,False,False
55,12,expert_dp_grad_reduce_scatter,edp_rs,0,expert_dp_grad_reduce_scatter:pg=1247,iter55:pp12:edp_rs:round0:expert_dp_grad_reduce_scatter:pg=1247,2,2,7549747200,1785477755726400320,1785477755726468514,1785477755933741679,1785477755726400320,1785477755726468514,1785477755975196312,207273165,248727798,41454633,41454633,0,41454633,9041074789,0.0,True,False,False
55,12,expert_dp_grad_reduce_scatter,edp_rs,0,expert_dp_grad_reduce_scatter:pg=1249,iter55:pp12:edp_rs:round0:expert_dp_grad_reduce_scatter:pg=1249,2,2,7549747200,1785477755726181915,1785477755727014392,1785477755933687495,1785477755726181915,1785477755727014392,1785477755975022116,206673103,248007724,41334621,41334621,0,41334621,9041128973,0.0,True,False,False
55,13,dp_param_allgather,dp_ag0,0,dp_param_allgather:pg=27,iter55:pp13:dp_ag0:round0:dp_param_allgather:pg=27,16,16,98621440,1785477765003594294,1785477765004784081,1785477765012191441,1785477765003594294,1785477765004784081,1785477765013672913,7407360,8888832,1481472,1481472,0,1481472,15101084,0.0,True,False,False
55,13,dp_param_allgather,dp_ag1,1,dp_param_allgather:pg=27,iter55:pp13:dp_ag1:round1:dp_param_allgather:pg=27,16,16,98621440,1785477765151377839,1785477765157940898,1785477765165421151,1785477765151377839,1785477765157940898,1785477765166917202,7480253,8976304,1496051,1496051,0,1496051,15101084,0.0,True,False,False
55,13,dp_grad_reduce_scatter,dp_rs,0,dp_grad_reduce_scatter:pg=27,iter55:pp13:dp_rs:round0:dp_grad_reduce_scatter:pg=27,16,16,3155886080,1785477754743867310,1785477754919095104,1785477754934975905,1785477754743867310,1785477754919095104,1785477754938152065,15880801,19056961,3176160,3176160,0,3176160,9796016486,0.0,True,False,False
55,13,expert_dp_param_allgather,edp_ag0,0,expert_dp_param_allgather:pg=1251,iter55:pp13:edp_ag0:round0:expert_dp_param_allgather:pg=1251,2,2,1887436800,1785477765012163383,1785477765012178189,1785477765065861071,1785477765012163383,1785477765012178189,1785477765076597647,53682882,64419458,10736576,10736576,0,10736576,19964018,0.0,True,False,False
55,13,expert_dp_param_allgather,edp_ag0,0,expert_dp_param_allgather:pg=1253,iter55:pp13:edp_ag0:round0:expert_dp_param_allgather:pg=1253,2,2,1887436800,1785477765012147032,1785477765012247961,1785477765070719793,1785477765012147032,1785477765012247961,1785477765082414159,58471832,70166198,11694366,11694366,0,11694366,15101084,0.0,True,False,False
55,13,expert_dp_param_allgather,edp_ag0,0,expert_dp_param_allgather:pg=1255,iter55:pp13:edp_ag0:round0:expert_dp_param_allgather:pg=1255,2,2,1887436800,1785477765012141572,1785477765012205143,1785477765064817364,1785477765012141572,1785477765012205143,1785477765075339808,52612221,63134665,10522444,10522444,0,10522444,20264520,0.0,True,False,False
55,13,expert_dp_param_allgather,edp_ag0,0,expert_dp_param_allgather:pg=1257,iter55:pp13:edp_ag0:round0:expert_dp_param_allgather:pg=1257,2,2,1887436800,1785477765012140981,1785477765012202401,1785477765066192489,1785477765012140981,1785477765012202401,1785477765076990507,53990088,64788106,10798018,10798018,0,10798018,19622612,0.0,True,False,False
55,13,expert_dp_param_allgather,edp_ag0,0,expert_dp_param_allgather:pg=1259,iter55:pp13:edp_ag0:round0:expert_dp_param_allgather:pg=1259,2,2,1887436800,1785477765012155384,1785477765012201654,1785477765066041375,1785477765012155384,1785477765012201654,1785477765076809319,53839721,64607665,10767944,10767944,0,10767944,19130457,0.0,True,False,False
55,13,expert_dp_param_allgather,edp_ag0,0,expert_dp_param_allgather:pg=1261,iter55:pp13:edp_ag0:round0:expert_dp_param_allgather:pg=1261,2,2,1887436800,1785477765012166858,1785477765012201447,1785477765064576967,1785477765012166858,1785477765012201447,1785477765075052071,52375520,62850624,10475104,10475104,0,10475104,20170205,0.0,True,False,False
55,13,expert_dp_param_allgather,edp_ag0,0,expert_dp_param_allgather:pg=1263,iter55:pp13:edp_ag0:round0:expert_dp_param_allgather:pg=1263,2,2,1887436800,1785477765012186272,1785477765012215684,1785477765067444715,1785477765012186272,1785477765012215684,1785477765078490521,55229031,66274837,11045806,11045806,0,11045806,17886731,0.0,True,False,False
55,13,expert_dp_param_allgather,edp_ag0,0,expert_dp_param_allgather:pg=1265,iter55:pp13:edp_ag0:round0:expert_dp_param_allgather:pg=1265,2,2,1887436800,1785477765012175002,1785477765012191171,1785477765064220485,1785477765012175002,1785477765012191171,1785477765074626348,52029314,62435177,10405863,10405863,0,10405863,21056217,0.0,True,False,False
55,13,expert_dp_param_allgather,edp_ag1,1,expert_dp_param_allgather:pg=1251,iter55:pp13:edp_ag1:round1:expert_dp_param_allgather:pg=1251,2,2,1887436800,1785477765165386406,1785477765165393682,1785477765224747175,1785477765165386406,1785477765165393682,1785477765236617874,59353493,71224192,11870699,11870699,0,11870699,15101084,0.0,True,False,False
55,13,expert_dp_param_allgather,edp_ag1,1,expert_dp_param_allgather:pg=1253,iter55:pp13:edp_ag1:round1:expert_dp_param_allgather:pg=1253,2,2,1887436800,1785477765165361886,1785477765165422076,1785477765218149428,1785477765165361886,1785477765165422076,1785477765228694898,52727352,63272822,10545470,10545470,0,10545470,21698831,0.0,True,False,False
55,13,expert_dp_param_allgather,edp_ag1,1,expert_dp_param_allgather:pg=1255,iter55:pp13:edp_ag1:round1:expert_dp_param_allgather:pg=1255,2,2,1887436800,1785477765165366776,1785477765165498615,1785477765217438966,1785477765165366776,1785477765165498615,1785477765227827036,51940351,62328421,10388070,10388070,0,10388070,22409293,0.0,True,False,False
55,13,expert_dp_param_allgather,edp_ag1,1,expert_dp_param_allgather:pg=1257,iter55:pp13:edp_ag1:round1:expert_dp_param_allgather:pg=1257,2,2,1887436800,1785477765165385255,1785477765165475338,1785477765220405615,1785477765165385255,1785477765165475338,1785477765231391670,54930277,65916332,10986055,10986055,0,10986055,19442644,0.0,True,False,False
55,13,expert_dp_param_allgather,edp_ag1,1,expert_dp_param_allgather:pg=1259,iter55:pp13:edp_ag1:round1:expert_dp_param_allgather:pg=1259,2,2,1887436800,1785477765165354678,1785477765165433431,1785477765217381648,1785477765165354678,1785477765165433431,1785477765227771291,51948217,62337860,10389643,10389643,0,10389643,22466611,0.0,True,False,False
55,13,expert_dp_param_allgather,edp_ag1,1,expert_dp_param_allgather:pg=1261,iter55:pp13:edp_ag1:round1:expert_dp_param_allgather:pg=1261,2,2,1887436800,1785477765165380092,1785477765165403438,1785477765219653859,1785477765165380092,1785477765165403438,1785477765230503943,54250421,65100505,10850084,10850084,0,10850084,20194400,0.0,True,False,False
55,13,expert_dp_param_allgather,edp_ag1,1,expert_dp_param_allgather:pg=1263,iter55:pp13:edp_ag1:round1:expert_dp_param_allgather:pg=1263,2,2,1887436800,1785477765165393262,1785477765165427238,1785477765217565236,1785477765165393262,1785477765165427238,1785477765227992836,52137998,62565598,10427600,10427600,0,10427600,22283023,0.0,True,False,False
55,13,expert_dp_param_allgather,edp_ag1,1,expert_dp_param_allgather:pg=1265,iter55:pp13:edp_ag1:round1:expert_dp_param_allgather:pg=1265,2,2,1887436800,1785477765165363017,1785477765165427760,1785477765217368392,1785477765165363017,1785477765165427760,1785477765227756518,51940632,62328758,10388126,10388126,0,10388126,22479867,0.0,True,False,False
55,13,expert_dp_grad_reduce_scatter,edp_rs,0,expert_dp_grad_reduce_scatter:pg=1251,iter55:pp13:edp_rs:round0:expert_dp_grad_reduce_scatter:pg=1251,2,2,7549747200,1785477754952593790,1785477754952805563,1785477755168216647,1785477754952593790,1785477754952805563,1785477755211298864,215411084,258493301,43082217,43082217,0,43082217,9806599821,0.0,True,False,False
55,13,expert_dp_grad_reduce_scatter,edp_rs,0,expert_dp_grad_reduce_scatter:pg=1253,iter55:pp13:edp_rs:round0:expert_dp_grad_reduce_scatter:pg=1253,2,2,7549747200,1785477754952373855,1785477754952530453,1785477755178799982,1785477754952373855,1785477754952530453,1785477755224053888,226269529,271523435,45253906,45253906,0,45253906,9796016486,0.0,True,False,False
55,13,expert_dp_grad_reduce_scatter,edp_rs,0,expert_dp_grad_reduce_scatter:pg=1255,iter55:pp13:edp_rs:round0:expert_dp_grad_reduce_scatter:pg=1255,2,2,7549747200,1785477754952228107,1785477754952519965,1785477755148511213,1785477754952228107,1785477754952519965,1785477755187709463,195991248,235189498,39198250,39198250,0,39198250,9826305255,0.0,True,False,False
55,13,expert_dp_grad_reduce_scatter,edp_rs,0,expert_dp_grad_reduce_scatter:pg=1257,iter55:pp13:edp_rs:round0:expert_dp_grad_reduce_scatter:pg=1257,2,2,7549747200,1785477754952469156,1785477754952661566,1785477755163263333,1785477754952469156,1785477754952661566,1785477755205383686,210601767,252722120,42120353,42120353,0,42120353,9811553135,0.0,True,False,False
55,13,expert_dp_grad_reduce_scatter,edp_rs,0,expert_dp_grad_reduce_scatter:pg=1259,iter55:pp13:edp_rs:round0:expert_dp_grad_reduce_scatter:pg=1259,2,2,7549747200,1785477754952217225,1785477754952643259,1785477755177798005,1785477754952217225,1785477754952643259,1785477755222828954,225154746,270185695,45030949,45030949,0,45030949,9797018463,0.0,True,False,False
55,13,expert_dp_grad_reduce_scatter,edp_rs,0,expert_dp_grad_reduce_scatter:pg=1261,iter55:pp13:edp_rs:round0:expert_dp_grad_reduce_scatter:pg=1261,2,2,7549747200,1785477754952511936,1785477754952649247,1785477755160549765,1785477754952511936,1785477754952649247,1785477755202129869,207900518,249480622,41580104,41580104,0,41580104,9814266703,0.0,True,False,False
55,13,expert_dp_grad_reduce_scatter,edp_rs,0,expert_dp_grad_reduce_scatter:pg=1263,iter55:pp13:edp_rs:round0:expert_dp_grad_reduce_scatter:pg=1263,2,2,7549747200,1785477754952362010,1785477754952651445,1785477755162627134,1785477754952362010,1785477754952651445,1785477755204622272,209975689,251970827,41995138,41995138,0,41995138,9812189334,0.0,True,False,False
55,13,expert_dp_grad_reduce_scatter,edp_rs,0,expert_dp_grad_reduce_scatter:pg=1265,iter55:pp13:edp_rs:round0:expert_dp_grad_reduce_scatter:pg=1265,2,2,7549747200,1785477754952558709,1785477754952617002,1785477755154999845,1785477754952558709,1785477754952617002,1785477755195476414,202382843,242859412,40476569,40476569,0,40476569,9819816623,0.0,True,False,False
55,14,dp_param_allgather,dp_ag0,0,dp_param_allgather:pg=29,iter55:pp14:dp_ag0:round0:dp_param_allgather:pg=29,16,16,98621440,1785477765003758434,1785477765004523984,1785477765016539157,1785477765003758434,1785477765004523984,1785477765018942192,12015173,14418208,2403035,2403035,2403035,0,0,1.0,False,True,True
55,14,dp_param_allgather,dp_ag1,1,dp_param_allgather:pg=29,iter55:pp14:dp_ag1:round1:dp_param_allgather:pg=29,16,16,98621440,1785477765156620432,1785477765171323156,1785477765181860689,1785477765156620432,1785477765171323156,1785477765183968196,10537533,12645040,2107507,2107507,2107507,0,0,1.0,False,True,True
55,14,dp_grad_reduce_scatter,dp_rs,0,dp_grad_reduce_scatter:pg=29,iter55:pp14:dp_rs:round0:dp_grad_reduce_scatter:pg=29,16,16,3155886080,1785477753962774768,1785477754137707356,1785477754154899739,1785477753962774768,1785477754137707356,1785477754158338216,17192383,20630860,3438477,3438477,0,3438477,10582515370,0.0,True,False,False
55,14,expert_dp_param_allgather,edp_ag0,0,expert_dp_param_allgather:pg=1267,iter55:pp14:edp_ag0:round0:expert_dp_param_allgather:pg=1267,2,2,1887436800,1785477765016469294,1785477765016527320,1785477765074527507,1785477765016469294,1785477765016527320,1785477765086127544,58000187,69600224,11600037,11600037,2437468,9162569,9162569,0.21012588149503317,False,False,True
55,14,expert_dp_param_allgather,edp_ag0,0,expert_dp_param_allgather:pg=1269,iter55:pp14:edp_ag0:round0:expert_dp_param_allgather:pg=1269,2,2,1887436800,1785477765016419031,1785477765016583183,1785477765070321864,1785477765016419031,1785477765016583183,1785477765081069600,53738681,64486417,10747736,10747736,0,10747736,12751694,0.0,True,False,False
55,14,expert_dp_param_allgather,edp_ag0,0,expert_dp_param_allgather:pg=1271,iter55:pp14:edp_ag0:round0:expert_dp_param_allgather:pg=1271,2,2,1887436800,1785477765016352570,1785477765016550197,1785477765070365349,1785477765016352570,1785477765016550197,1785477765081128379,53815152,64578182,10763030,10763030,0,10763030,12722679,0.0,True,False,False
55,14,expert_dp_param_allgather,edp_ag0,0,expert_dp_param_allgather:pg=1273,iter55:pp14:edp_ag0:round0:expert_dp_param_allgather:pg=1273,2,2,1887436800,1785477765016402353,1785477765016576005,1785477765074126852,1785477765016402353,1785477765016576005,1785477765085637021,57550847,69061016,11510169,11510169,1992934,9517235,9517235,0.17314550290269412,False,False,True
55,14,expert_dp_param_allgather,edp_ag0,0,expert_dp_param_allgather:pg=1275,iter55:pp14:edp_ag0:round0:expert_dp_param_allgather:pg=1275,2,2,1887436800,1785477765016327299,1785477765016548902,1785477765069003965,1785477765016327299,1785477765016548902,1785477765079494978,52455063,62946076,10491013,10491013,0,10491013,14578351,0.0,True,False,False
55,14,expert_dp_param_allgather,edp_ag0,0,expert_dp_param_allgather:pg=1277,iter55:pp14:edp_ag0:round0:expert_dp_param_allgather:pg=1277,2,2,1887436800,1785477765016438922,1785477765016522018,1785477765078891951,1785477765016438922,1785477765016522018,1785477765091365938,62369933,74843920,12473987,12473987,7711502,4762485,4762485,0.6182066728143937,False,False,True
55,14,expert_dp_param_allgather,edp_ag0,0,expert_dp_param_allgather:pg=1279,iter55:pp14:edp_ag0:round0:expert_dp_param_allgather:pg=1279,2,2,1887436800,1785477765016439979,1785477765016527549,1785477765083141790,1785477765016439979,1785477765016527549,1785477765096464638,66614241,79937089,13322848,13322848,13322848,0,0,1.0,False,True,True
55,14,expert_dp_param_allgather,edp_ag0,0,expert_dp_param_allgather:pg=1281,iter55:pp14:edp_ag0:round0:expert_dp_param_allgather:pg=1281,2,2,1887436800,1785477765016504220,1785477765016506550,1785477765079514480,1785477765016504220,1785477765016506550,1785477765092116066,63007930,75609516,12601586,12601586,11556616,1044970,1044970,0.9170763108707111,False,False,True
55,14,expert_dp_param_allgather,edp_ag1,1,expert_dp_param_allgather:pg=1267,iter55:pp14:edp_ag1:round1:expert_dp_param_allgather:pg=1267,2,2,1887436800,1785477765181849207,1785477765181869369,1785477765235256120,1785477765181849207,1785477765181869369,1785477765245933470,53386751,64064101,10677350,10677350,6085211,4592139,4592139,0.5699177230305272,False,False,True
55,14,expert_dp_param_allgather,edp_ag1,1,expert_dp_param_allgather:pg=1269,iter55:pp14:edp_ag1:round1:expert_dp_param_allgather:pg=1269,2,2,1887436800,1785477765181851165,1785477765181862514,1785477765233843751,1785477765181851165,1785477765181862514,1785477765244239998,51981237,62377484,10396247,10396247,4391739,6004508,6004508,0.4224350383364304,False,False,True
55,14,expert_dp_param_allgather,edp_ag1,1,expert_dp_param_allgather:pg=1271,iter55:pp14:edp_ag1:round1:expert_dp_param_allgather:pg=1271,2,2,1887436800,1785477765181828107,1785477765181871932,1785477765234455135,1785477765181828107,1785477765181871932,1785477765244971776,52583203,63099844,10516641,10516641,5123517,5393124,5393124,0.4871818863076148,False,False,True
55,14,expert_dp_param_allgather,edp_ag1,1,expert_dp_param_allgather:pg=1273,iter55:pp14:edp_ag1:round1:expert_dp_param_allgather:pg=1273,2,2,1887436800,1785477765181892674,1785477765181930021,1785477765235650665,1785477765181892674,1785477765181930021,1785477765246394794,53720644,64464773,10744129,10744129,6546535,4197594,4197594,0.6093127697926933,False,False,True
55,14,expert_dp_param_allgather,edp_ag1,1,expert_dp_param_allgather:pg=1275,iter55:pp14:edp_ag1:round1:expert_dp_param_allgather:pg=1275,2,2,1887436800,1785477765181861877,1785477765181886412,1785477765233099145,1785477765181861877,1785477765181886412,1785477765243341692,51212733,61455280,10242547,10242547,3493433,6749114,6749114,0.34107073172327157,False,False,True
55,14,expert_dp_param_allgather,edp_ag1,1,expert_dp_param_allgather:pg=1277,iter55:pp14:edp_ag1:round1:expert_dp_param_allgather:pg=1277,2,2,1887436800,1785477765181826247,1785477765181832389,1785477765239848259,1785477765181826247,1785477765181832389,1785477765251451433,58015870,69619044,11603174,11603174,11603174,0,0,1.0,False,True,True
55,14,expert_dp_param_allgather,edp_ag1,1,expert_dp_param_allgather:pg=1279,iter55:pp14:edp_ag1:round1:expert_dp_param_allgather:pg=1279,2,2,1887436800,1785477765181823550,1785477765181871409,1785477765237735609,1785477765181823550,1785477765181871409,1785477765248908449,55864200,67037040,11172840,11172840,9060190,2112650,2112650,0.810911997307757,False,False,True
55,14,expert_dp_param_allgather,edp_ag1,1,expert_dp_param_allgather:pg=1281,iter55:pp14:edp_ag1:round1:expert_dp_param_allgather:pg=1281,2,2,1887436800,1785477765181840773,1785477765181863770,1785477765235704862,1785477765181840773,1785477765181863770,1785477765246473080,53841092,64609310,10768218,10768218,6624821,4143397,4143397,0.6152198070284238,False,False,True
55,14,expert_dp_grad_reduce_scatter,edp_rs,0,expert_dp_grad_reduce_scatter:pg=1267,iter55:pp14:edp_rs:round0:expert_dp_grad_reduce_scatter:pg=1267,2,2,7549747200,1785477754171307003,1785477754173203095,1785477754392266843,1785477754171307003,1785477754173203095,1785477754436079593,219063748,262876498,43812750,43812750,0,43812750,10582549625,0.0,True,False,False
55,14,expert_dp_grad_reduce_scatter,edp_rs,0,expert_dp_grad_reduce_scatter:pg=1269,iter55:pp14:edp_rs:round0:expert_dp_grad_reduce_scatter:pg=1269,2,2,7549747200,1785477754171171051,1785477754172549769,1785477754373683144,1785477754171171051,1785477754172549769,1785477754413909819,201133375,241360050,40226675,40226675,0,40226675,10601133324,0.0,True,False,False
55,14,expert_dp_grad_reduce_scatter,edp_rs,0,expert_dp_grad_reduce_scatter:pg=1271,iter55:pp14:edp_rs:round0:expert_dp_grad_reduce_scatter:pg=1271,2,2,7549747200,1785477754172369308,1785477754173068211,1785477754384777260,1785477754172369308,1785477754173068211,1785477754427119070,211709049,254050859,42341810,42341810,0,42341810,10590039208,0.0,True,False,False
55,14,expert_dp_grad_reduce_scatter,edp_rs,0,expert_dp_grad_reduce_scatter:pg=1273,iter55:pp14:edp_rs:round0:expert_dp_grad_reduce_scatter:pg=1273,2,2,7549747200,1785477754172506543,1785477754173954075,1785477754381369988,1785477754172506543,1785477754173954075,1785477754422853171,207415913,248899096,41483183,41483183,0,41483183,10593446480,0.0,True,False,False
55,14,expert_dp_grad_reduce_scatter,edp_rs,0,expert_dp_grad_reduce_scatter:pg=1275,iter55:pp14:edp_rs:round0:expert_dp_grad_reduce_scatter:pg=1275,2,2,7549747200,1785477754172463523,1785477754172582807,1785477754379055253,1785477754172463523,1785477754172582807,1785477754420349742,206472446,247766935,41294489,41294489,0,41294489,10595761215,0.0,True,False,False
55,14,expert_dp_grad_reduce_scatter,edp_rs,0,expert_dp_grad_reduce_scatter:pg=1277,iter55:pp14:edp_rs:round0:expert_dp_grad_reduce_scatter:pg=1277,2,2,7549747200,1785477754172490706,1785477754172548433,1785477754392301098,1785477754172490706,1785477754172548433,1785477754436251631,219752665,263703198,43950533,43950533,0,43950533,10582515370,0.0,True,False,False
55,14,expert_dp_grad_reduce_scatter,edp_rs,0,expert_dp_grad_reduce_scatter:pg=1279,iter55:pp14:edp_rs:round0:expert_dp_grad_reduce_scatter:pg=1279,2,2,7549747200,1785477754172267575,1785477754172474828,1785477754386014133,1785477754172267575,1785477754172474828,1785477754428721994,213539305,256247166,42707861,42707861,0,42707861,10588802335,0.0,True,False,False
55,14,expert_dp_grad_reduce_scatter,edp_rs,0,expert_dp_grad_reduce_scatter:pg=1281,iter55:pp14:edp_rs:round0:expert_dp_grad_reduce_scatter:pg=1281,2,2,7549747200,1785477754172403034,1785477754172777892,1785477754374626253,1785477754172403034,1785477754172777892,1785477754414995925,201848361,242218033,40369672,40369672,0,40369672,10600190215,0.0,True,False,False
55,15,dp_param_allgather,dp_ag0,0,dp_param_allgather:pg=31,iter55:pp15:dp_ag0:round0:dp_param_allgather:pg=31,16,16,131395200,1785477765003740029,1785477765006310232,1785477765019205374,1785477765003740029,1785477765006310232,1785477765021784402,12895142,15474170,2579028,2579028,0,2579028,100903800,0.0,True,False,False
55,15,dp_param_allgather,dp_ag1,1,dp_param_allgather:pg=31,iter55:pp15:dp_ag1:round1:dp_param_allgather:pg=31,16,16,131395200,1785477765090852896,1785477765095209409,1785477765105719905,1785477765090852896,1785477765095209409,1785477765107822004,10510496,12612595,2102099,2102099,0,2102099,100903800,0.0,True,False,False
55,15,dp_grad_reduce_scatter,dp_rs,0,dp_grad_reduce_scatter:pg=31,iter55:pp15:dp_rs:round0:dp_grad_reduce_scatter:pg=31,16,16,4204646400,1785477753182454120,1785477753348759127,1785477753375714890,1785477753182454120,1785477753348759127,1785477753381106043,26955763,32346916,5391153,5391153,0,5391153,11483989428,0.0,True,False,False
55,15,expert_dp_param_allgather,edp_ag0,0,expert_dp_param_allgather:pg=1283,iter55:pp15:edp_ag0:round0:expert_dp_param_allgather:pg=1283,2,2,943718400,1785477765019189166,1785477765019200506,1785477765046172629,1785477765019189166,1785477765019200506,1785477765051567054,26972123,32366548,5394425,5394425,0,5394425,104915813,0.0,True,False,False
55,15,expert_dp_param_allgather,edp_ag0,0,expert_dp_param_allgather:pg=1285,iter55:pp15:edp_ag0:round0:expert_dp_param_allgather:pg=1285,2,2,943718400,1785477765019128816,1785477765019204163,1785477765048385708,1785477765019128816,1785477765019204163,1785477765054222017,29181545,35017854,5836309,5836309,0,5836309,102528069,0.0,True,False,False
55,15,expert_dp_param_allgather,edp_ag0,0,expert_dp_param_allgather:pg=1287,iter55:pp15:edp_ag0:round0:expert_dp_param_allgather:pg=1287,2,2,943718400,1785477765019128078,1785477765019247537,1785477765048280356,1785477765019128078,1785477765019247537,1785477765054086920,29032819,34839383,5806564,5806564,0,5806564,102972673,0.0,True,False,False
55,15,expert_dp_param_allgather,edp_ag0,0,expert_dp_param_allgather:pg=1289,iter55:pp15:edp_ag0:round0:expert_dp_param_allgather:pg=1289,2,2,943718400,1785477765019216374,1785477765019297033,1785477765046282260,1785477765019216374,1785477765019297033,1785477765051679305,26985227,32382272,5397045,5397045,0,5397045,104757342,0.0,True,False,False
55,15,expert_dp_param_allgather,edp_ag0,0,expert_dp_param_allgather:pg=1291,iter55:pp15:edp_ag0:round0:expert_dp_param_allgather:pg=1291,2,2,943718400,1785477765019121805,1785477765019202176,1785477765046746034,1785477765019121805,1785477765019202176,1785477765052254806,27543858,33052630,5508772,5508772,0,5508772,104421387,0.0,True,False,False
55,15,expert_dp_param_allgather,edp_ag0,0,expert_dp_param_allgather:pg=1293,iter55:pp15:edp_ag0:round0:expert_dp_param_allgather:pg=1293,2,2,943718400,1785477765019125579,1785477765019198942,1785477765050195217,1785477765019125579,1785477765019198942,1785477765056394472,30996275,37195530,6199255,6199255,0,6199255,100903800,0.0,True,False,False
55,15,expert_dp_param_allgather,edp_ag0,0,expert_dp_param_allgather:pg=1295,iter55:pp15:edp_ag0:round0:expert_dp_param_allgather:pg=1295,2,2,943718400,1785477765019121703,1785477765019197678,1785477765045781565,1785477765019121703,1785477765019197678,1785477765051098342,26583887,31900664,5316777,5316777,0,5316777,105050829,0.0,True,False,False
55,15,expert_dp_param_allgather,edp_ag0,0,expert_dp_param_allgather:pg=1297,iter55:pp15:edp_ag0:round0:expert_dp_param_allgather:pg=1297,2,2,943718400,1785477765019116762,1785477765019186598,1785477765045971369,1785477765019116762,1785477765019186598,1785477765051328323,26784771,32141725,5356954,5356954,0,5356954,105018021,0.0,True,False,False
55,15,expert_dp_param_allgather,edp_ag1,1,expert_dp_param_allgather:pg=1283,iter55:pp15:edp_ag1:round1:expert_dp_param_allgather:pg=1283,2,2,943718400,1785477765105516906,1785477765105525825,1785477765132863642,1785477765105516906,1785477765105525825,1785477765138331205,27337817,32805380,5467563,5467563,0,5467563,106984617,0.0,True,False,False
55,15,expert_dp_param_allgather,edp_ag1,1,expert_dp_param_allgather:pg=1285,iter55:pp15:edp_ag1:round1:expert_dp_param_allgather:pg=1285,2,2,943718400,1785477765105385768,1785477765105615836,1785477765132229990,1785477765105385768,1785477765105615836,1785477765137552821,26614154,31936985,5322831,5322831,0,5322831,107618269,0.0,True,False,False
55,15,expert_dp_param_allgather,edp_ag1,1,expert_dp_param_allgather:pg=1287,iter55:pp15:edp_ag1:round1:expert_dp_param_allgather:pg=1287,2,2,943718400,1785477765105455401,1785477765105565826,1785477765132812616,1785477765105455401,1785477765105565826,1785477765138261974,27246790,32696148,5449358,5449358,0,5449358,107035643,0.0,True,False,False
55,15,expert_dp_param_allgather,edp_ag1,1,expert_dp_param_allgather:pg=1289,iter55:pp15:edp_ag1:round1:expert_dp_param_allgather:pg=1289,2,2,943718400,1785477765105308938,1785477765105730625,1785477765131623668,1785477765105308938,1785477765105730625,1785477765136802277,25893043,31071652,5178609,5178609,0,5178609,108224591,0.0,True,False,False
55,15,expert_dp_param_allgather,edp_ag1,1,expert_dp_param_allgather:pg=1291,iter55:pp15:edp_ag1:round1:expert_dp_param_allgather:pg=1291,2,2,943718400,1785477765105560301,1785477765105584791,1785477765134553769,1785477765105560301,1785477765105584791,1785477765140347565,28968978,34762774,5793796,5793796,0,5793796,105294490,0.0,True,False,False
55,15,expert_dp_param_allgather,edp_ag1,1,expert_dp_param_allgather:pg=1293,iter55:pp15:edp_ag1:round1:expert_dp_param_allgather:pg=1293,2,2,943718400,1785477765105529302,1785477765105559555,1785477765138944459,1785477765105529302,1785477765105559555,1785477765145621440,33384904,40061885,6676981,6676981,0,6676981,100903800,0.0,True,False,False
55,15,expert_dp_param_allgather,edp_ag1,1,expert_dp_param_allgather:pg=1295,iter55:pp15:edp_ag1:round1:expert_dp_param_allgather:pg=1295,2,2,943718400,1785477765105439933,1785477765105545729,1785477765134579787,1785477765105439933,1785477765105545729,1785477765140386599,29034058,34840870,5806812,5806812,0,5806812,105268472,0.0,True,False,False
55,15,expert_dp_param_allgather,edp_ag1,1,expert_dp_param_allgather:pg=1297,iter55:pp15:edp_ag1:round1:expert_dp_param_allgather:pg=1297,2,2,943718400,1785477765105335994,1785477765105613274,1785477765132473285,1785477765105335994,1785477765105613274,1785477765137845287,26860011,32232013,5372002,5372002,0,5372002,107374974,0.0,True,False,False
55,15,expert_dp_grad_reduce_scatter,edp_rs,0,expert_dp_grad_reduce_scatter:pg=1283,iter55:pp15:edp_rs:round0:expert_dp_grad_reduce_scatter:pg=1283,2,2,3774873600,1785477753384755068,1785477753384812291,1785477753490538812,1785477753384755068,1785477753384812291,1785477753511684116,105726521,126871825,21145304,21145304,0,21145304,11484277656,0.0,True,False,False
55,15,expert_dp_grad_reduce_scatter,edp_rs,0,expert_dp_grad_reduce_scatter:pg=1285,iter55:pp15:edp_rs:round0:expert_dp_grad_reduce_scatter:pg=1285,2,2,3774873600,1785477753384725587,1785477753384764515,1785477753489806018,1785477753384725587,1785477753384764515,1785477753510814319,105041503,126049804,21008301,21008301,0,21008301,11485010450,0.0,True,False,False
55,15,expert_dp_grad_reduce_scatter,edp_rs,0,expert_dp_grad_reduce_scatter:pg=1287,iter55:pp15:edp_rs:round0:expert_dp_grad_reduce_scatter:pg=1287,2,2,3774873600,1785477753384766366,1785477753385124327,1785477753488969623,1785477753384766366,1785477753385124327,1785477753509738682,103845296,124614355,20769059,20769059,0,20769059,11485846845,0.0,True,False,False
55,15,expert_dp_grad_reduce_scatter,edp_rs,0,expert_dp_grad_reduce_scatter:pg=1289,iter55:pp15:edp_rs:round0:expert_dp_grad_reduce_scatter:pg=1289,2,2,3774873600,1785477753384962398,1785477753385060665,1785477753487054705,1785477753384962398,1785477753385060665,1785477753507453513,101994040,122392848,20398808,20398808,0,20398808,11487761763,0.0,True,False,False
55,15,expert_dp_grad_reduce_scatter,edp_rs,0,expert_dp_grad_reduce_scatter:pg=1291,iter55:pp15:edp_rs:round0:expert_dp_grad_reduce_scatter:pg=1291,2,2,3774873600,1785477753384863854,1785477753385170977,1785477753487667497,1785477753384863854,1785477753385170977,1785477753508166801,102496520,122995824,20499304,20499304,0,20499304,11487148971,0.0,True,False,False
55,15,expert_dp_grad_reduce_scatter,edp_rs,0,expert_dp_grad_reduce_scatter:pg=1293,iter55:pp15:edp_rs:round0:expert_dp_grad_reduce_scatter:pg=1293,2,2,3774873600,1785477753384809861,1785477753384815151,1785477753490827040,1785477753384809861,1785477753384815151,1785477753512029418,106011889,127214267,21202378,21202378,0,21202378,11483989428,0.0,True,False,False
55,15,expert_dp_grad_reduce_scatter,edp_rs,0,expert_dp_grad_reduce_scatter:pg=1295,iter55:pp15:edp_rs:round0:expert_dp_grad_reduce_scatter:pg=1295,2,2,3774873600,1785477753384800488,1785477753384973548,1785477753487993645,1785477753384800488,1785477753384973548,1785477753508597664,103020097,123624116,20604019,20604019,0,20604019,11486822823,0.0,True,False,False
55,15,expert_dp_grad_reduce_scatter,edp_rs,0,expert_dp_grad_reduce_scatter:pg=1297,iter55:pp15:edp_rs:round0:expert_dp_grad_reduce_scatter:pg=1297,2,2,3774873600,1785477753384638020,1785477753384940177,1785477753489465262,1785477753384638020,1785477753384940177,1785477753510370279,104525085,125430102,20905017,20905017,0,20905017,11485351206,0.0,True,False,False
