service_ns,rank,start_ns,pp_stage,group_first_start_ns,completion_advance_ns,end_ns,group_end_ns,kind,round,group_size,iteration,group_key,group_ready_ns,arrival_wait_ns,behavior,observed_ranks,payload_bytes,dependency,dependency_lag_ns,predicted_start_ns,predicted_group_ready_ns,predicted_group_first_start_ns,service_scale,fct_group_id,fct_request_id,fct_source,oisa_collective_elapsed_ns,oisa_arrival_span_ns,oisa_tail_after_last_release_ns,predicted_collective_elapsed_ns,predicted_service_ns,predicted_group_end_ns,provider_rank_done_offset_ns,predicted_completion_advance_ns,completion_model,predicted_end_ns
11780520,0,1785477765026196977,0,1785477765026058723,762,1785477765038666530,1785477765038667292,dp_ag0,0,16,55,dp_param_allgather:pg=1,1785477765026886772,689795,dp_param_allgather,16,148986880,world_rs_done,29520720,1785477765020380654,1785477765021070449,1785477765020242400,1.0,iter55:pp0:dp_ag0:round0:dp_param_allgather:pg=1,iter55:pp0:dp_ag0:round0:dp_param_allgather:pg=1:rel-ca97c78e5f45,mock_oisa_scale_1.2,14964673,828049,14136624,14964673,14136624,1785477765035207073,-1,762,trace_group_end_lag_clamped,1785477765035206311
11780520,1,1785477765026123080,0,1785477765026058723,4604,1785477765038662688,1785477765038667292,dp_ag0,0,16,55,dp_param_allgather:pg=1,1785477765026886772,763692,dp_param_allgather,16,148986880,world_rs_done,29446823,1785477765020306757,1785477765021070449,1785477765020242400,1.0,iter55:pp0:dp_ag0:round0:dp_param_allgather:pg=1,iter55:pp0:dp_ag0:round0:dp_param_allgather:pg=1:rel-ca97c78e5f45,mock_oisa_scale_1.2,14964673,828049,14136624,14964673,14136624,1785477765035207073,-1,4604,trace_group_end_lag_clamped,1785477765035202469
11780520,2,1785477765026261014,0,1785477765026058723,22837,1785477765038644455,1785477765038667292,dp_ag0,0,16,55,dp_param_allgather:pg=1,1785477765026886772,625758,dp_param_allgather,16,148986880,world_rs_done,29584757,1785477765020444691,1785477765021070449,1785477765020242400,1.0,iter55:pp0:dp_ag0:round0:dp_param_allgather:pg=1,iter55:pp0:dp_ag0:round0:dp_param_allgather:pg=1:rel-ca97c78e5f45,mock_oisa_scale_1.2,14964673,828049,14136624,14964673,14136624,1785477765035207073,-1,22837,trace_group_end_lag_clamped,1785477765035184236
11780520,3,1785477765026214680,0,1785477765026058723,0,1785477765038667292,1785477765038667292,dp_ag0,0,16,55,dp_param_allgather:pg=1,1785477765026886772,672092,dp_param_allgather,16,148986880,world_rs_done,29538423,1785477765020398357,1785477765021070449,1785477765020242400,1.0,iter55:pp0:dp_ag0:round0:dp_param_allgather:pg=1,iter55:pp0:dp_ag0:round0:dp_param_allgather:pg=1:rel-ca97c78e5f45,mock_oisa_scale_1.2,14964673,828049,14136624,14964673,14136624,1785477765035207073,-1,0,trace_group_end_lag_clamped,1785477765035207073
11780520,4,1785477765026190070,0,1785477765026058723,16834,1785477765038650458,1785477765038667292,dp_ag0,0,16,55,dp_param_allgather:pg=1,1785477765026886772,696702,dp_param_allgather,16,148986880,world_rs_done,29513813,1785477765020373747,1785477765021070449,1785477765020242400,1.0,iter55:pp0:dp_ag0:round0:dp_param_allgather:pg=1,iter55:pp0:dp_ag0:round0:dp_param_allgather:pg=1:rel-ca97c78e5f45,mock_oisa_scale_1.2,14964673,828049,14136624,14964673,14136624,1785477765035207073,-1,16834,trace_group_end_lag_clamped,1785477765035190239
11780520,5,1785477765026169079,0,1785477765026058723,3814,1785477765038663478,1785477765038667292,dp_ag0,0,16,55,dp_param_allgather:pg=1,1785477765026886772,717693,dp_param_allgather,16,148986880,world_rs_done,29492822,1785477765020352756,1785477765021070449,1785477765020242400,1.0,iter55:pp0:dp_ag0:round0:dp_param_allgather:pg=1,iter55:pp0:dp_ag0:round0:dp_param_allgather:pg=1:rel-ca97c78e5f45,mock_oisa_scale_1.2,14964673,828049,14136624,14964673,14136624,1785477765035207073,-1,3814,trace_group_end_lag_clamped,1785477765035203259
11780520,6,1785477765026160944,0,1785477765026058723,24335,1785477765038642957,1785477765038667292,dp_ag0,0,16,55,dp_param_allgather:pg=1,1785477765026886772,725828,dp_param_allgather,16,148986880,world_rs_done,29484687,1785477765020344621,1785477765021070449,1785477765020242400,1.0,iter55:pp0:dp_ag0:round0:dp_param_allgather:pg=1,iter55:pp0:dp_ag0:round0:dp_param_allgather:pg=1:rel-ca97c78e5f45,mock_oisa_scale_1.2,14964673,828049,14136624,14964673,14136624,1785477765035207073,-1,24335,trace_group_end_lag_clamped,1785477765035182738
11780520,7,1785477765026184668,0,1785477765026058723,25426,1785477765038641866,1785477765038667292,dp_ag0,0,16,55,dp_param_allgather:pg=1,1785477765026886772,702104,dp_param_allgather,16,148986880,world_rs_done,29508411,1785477765020368345,1785477765021070449,1785477765020242400,1.0,iter55:pp0:dp_ag0:round0:dp_param_allgather:pg=1,iter55:pp0:dp_ag0:round0:dp_param_allgather:pg=1:rel-ca97c78e5f45,mock_oisa_scale_1.2,14964673,828049,14136624,14964673,14136624,1785477765035207073,-1,25426,trace_group_end_lag_clamped,1785477765035181647
11780520,8,1785477765026372156,0,1785477765026058723,22154,1785477765038645138,1785477765038667292,dp_ag0,0,16,55,dp_param_allgather:pg=1,1785477765026886772,514616,dp_param_allgather,16,148986880,world_rs_done,29695899,1785477765020555833,1785477765021070449,1785477765020242400,1.0,iter55:pp0:dp_ag0:round0:dp_param_allgather:pg=1,iter55:pp0:dp_ag0:round0:dp_param_allgather:pg=1:rel-ca97c78e5f45,mock_oisa_scale_1.2,14964673,828049,14136624,14964673,14136624,1785477765035207073,-1,22154,trace_group_end_lag_clamped,1785477765035184919
11780520,9,1785477765026189513,0,1785477765026058723,22678,1785477765038644614,1785477765038667292,dp_ag0,0,16,55,dp_param_allgather:pg=1,1785477765026886772,697259,dp_param_allgather,16,148986880,world_rs_done,29513256,1785477765020373190,1785477765021070449,1785477765020242400,1.0,iter55:pp0:dp_ag0:round0:dp_param_allgather:pg=1,iter55:pp0:dp_ag0:round0:dp_param_allgather:pg=1:rel-ca97c78e5f45,mock_oisa_scale_1.2,14964673,828049,14136624,14964673,14136624,1785477765035207073,-1,22678,trace_group_end_lag_clamped,1785477765035184395
11780520,10,1785477765026812673,0,1785477765026058723,18146,1785477765038649146,1785477765038667292,dp_ag0,0,16,55,dp_param_allgather:pg=1,1785477765026886772,74099,dp_param_allgather,16,148986880,world_rs_done,30136416,1785477765020996350,1785477765021070449,1785477765020242400,1.0,iter55:pp0:dp_ag0:round0:dp_param_allgather:pg=1,iter55:pp0:dp_ag0:round0:dp_param_allgather:pg=1:rel-ca97c78e5f45,mock_oisa_scale_1.2,14964673,828049,14136624,14964673,14136624,1785477765035207073,-1,18146,trace_group_end_lag_clamped,1785477765035188927
11780520,11,1785477765026058723,0,1785477765026058723,21209,1785477765038646083,1785477765038667292,dp_ag0,0,16,55,dp_param_allgather:pg=1,1785477765026886772,828049,dp_param_allgather,16,148986880,world_rs_done,29382466,1785477765020242400,1785477765021070449,1785477765020242400,1.0,iter55:pp0:dp_ag0:round0:dp_param_allgather:pg=1,iter55:pp0:dp_ag0:round0:dp_param_allgather:pg=1:rel-ca97c78e5f45,mock_oisa_scale_1.2,14964673,828049,14136624,14964673,14136624,1785477765035207073,-1,21209,trace_group_end_lag_clamped,1785477765035185864
11780520,12,1785477765026221855,0,1785477765026058723,17553,1785477765038649739,1785477765038667292,dp_ag0,0,16,55,dp_param_allgather:pg=1,1785477765026886772,664917,dp_param_allgather,16,148986880,world_rs_done,29545598,1785477765020405532,1785477765021070449,1785477765020242400,1.0,iter55:pp0:dp_ag0:round0:dp_param_allgather:pg=1,iter55:pp0:dp_ag0:round0:dp_param_allgather:pg=1:rel-ca97c78e5f45,mock_oisa_scale_1.2,14964673,828049,14136624,14964673,14136624,1785477765035207073,-1,17553,trace_group_end_lag_clamped,1785477765035189520
11780520,13,1785477765026494659,0,1785477765026058723,61524,1785477765038605768,1785477765038667292,dp_ag0,0,16,55,dp_param_allgather:pg=1,1785477765026886772,392113,dp_param_allgather,16,148986880,world_rs_done,29818402,1785477765020678336,1785477765021070449,1785477765020242400,1.0,iter55:pp0:dp_ag0:round0:dp_param_allgather:pg=1,iter55:pp0:dp_ag0:round0:dp_param_allgather:pg=1:rel-ca97c78e5f45,mock_oisa_scale_1.2,14964673,828049,14136624,14964673,14136624,1785477765035207073,-1,61524,trace_group_end_lag_clamped,1785477765035145549
11780520,14,1785477765026511418,0,1785477765026058723,15909,1785477765038651383,1785477765038667292,dp_ag0,0,16,55,dp_param_allgather:pg=1,1785477765026886772,375354,dp_param_allgather,16,148986880,world_rs_done,29835161,1785477765020695095,1785477765021070449,1785477765020242400,1.0,iter55:pp0:dp_ag0:round0:dp_param_allgather:pg=1,iter55:pp0:dp_ag0:round0:dp_param_allgather:pg=1:rel-ca97c78e5f45,mock_oisa_scale_1.2,14964673,828049,14136624,14964673,14136624,1785477765035207073,-1,15909,trace_group_end_lag_clamped,1785477765035191164
11780520,15,1785477765026886772,0,1785477765026058723,19683,1785477765038647609,1785477765038667292,dp_ag0,0,16,55,dp_param_allgather:pg=1,1785477765026886772,0,dp_param_allgather,16,148986880,world_rs_done,30210515,1785477765021070449,1785477765021070449,1785477765020242400,1.0,iter55:pp0:dp_ag0:round0:dp_param_allgather:pg=1,iter55:pp0:dp_ag0:round0:dp_param_allgather:pg=1:rel-ca97c78e5f45,mock_oisa_scale_1.2,14964673,828049,14136624,14964673,14136624,1785477765035207073,-1,19683,trace_group_end_lag_clamped,1785477765035187390
11548154,0,1785477765074848184,0,1785477765074595964,0,1785477765089457742,1785477765089457742,dp_ag1,1,16,55,dp_param_allgather:pg=1,1785477765077909588,3061404,dp_param_allgather,16,148986880,same_rank_edp_ag0,22630339,1785477765074097075,1785477765077578710,1785477765073775839,1.0,iter55:pp0:dp_ag1:round1:dp_param_allgather:pg=1,iter55:pp0:dp_ag1:round1:dp_param_allgather:pg=1:rel-14d6fcda815c,mock_oisa_scale_1.2,17660656,3802871,13857785,17660656,13857785,1785477765091436495,-1,0,trace_group_end_lag_clamped,1785477765091436495
11548154,1,1785477765075717434,0,1785477765074595964,987,1785477765089456755,1785477765089457742,dp_ag1,1,16,55,dp_param_allgather:pg=1,1785477765077909588,2192154,dp_param_allgather,16,148986880,same_rank_edp_ag0,22343911,1785477765075194695,1785477765077578710,1785477765073775839,1.0,iter55:pp0:dp_ag1:round1:dp_param_allgather:pg=1,iter55:pp0:dp_ag1:round1:dp_param_allgather:pg=1:rel-14d6fcda815c,mock_oisa_scale_1.2,17660656,3802871,13857785,17660656,13857785,1785477765091436495,-1,987,trace_group_end_lag_clamped,1785477765091435508
11548154,2,1785477765075102936,0,1785477765074595964,39798,1785477765089417944,1785477765089457742,dp_ag1,1,16,55,dp_param_allgather:pg=1,1785477765077909588,2806652,dp_param_allgather,16,148986880,same_rank_edp_ag0,22719395,1785477765074387372,1785477765077578710,1785477765073775839,1.0,iter55:pp0:dp_ag1:round1:dp_param_allgather:pg=1,iter55:pp0:dp_ag1:round1:dp_param_allgather:pg=1:rel-14d6fcda815c,mock_oisa_scale_1.2,17660656,3802871,13857785,17660656,13857785,1785477765091436495,-1,39798,trace_group_end_lag_clamped,1785477765091396697
11548154,3,1785477765074595964,0,1785477765074595964,275,1785477765089457467,1785477765089457742,dp_ag1,1,16,55,dp_param_allgather:pg=1,1785477765077909588,3313624,dp_param_allgather,16,148986880,same_rank_edp_ag0,22718616,1785477765073775839,1785477765077578710,1785477765073775839,1.0,iter55:pp0:dp_ag1:round1:dp_param_allgather:pg=1,iter55:pp0:dp_ag1:round1:dp_param_allgather:pg=1:rel-14d6fcda815c,mock_oisa_scale_1.2,17660656,3802871,13857785,17660656,13857785,1785477765091436495,-1,275,trace_group_end_lag_clamped,1785477765091436220
11548154,4,1785477765076950183,0,1785477765074595964,1571,1785477765089456171,1785477765089457742,dp_ag1,1,16,55,dp_param_allgather:pg=1,1785477765077909588,959405,dp_param_allgather,16,148986880,same_rank_edp_ag0,22593330,1785477765076619305,1785477765077578710,1785477765073775839,1.0,iter55:pp0:dp_ag1:round1:dp_param_allgather:pg=1,iter55:pp0:dp_ag1:round1:dp_param_allgather:pg=1:rel-14d6fcda815c,mock_oisa_scale_1.2,17660656,3802871,13857785,17660656,13857785,1785477765091436495,-1,1571,trace_group_end_lag_clamped,1785477765091434924
11548154,5,1785477765075109231,0,1785477765074595964,6026,1785477765089451716,1785477765089457742,dp_ag1,1,16,55,dp_param_allgather:pg=1,1785477765077909588,2800357,dp_param_allgather,16,148986880,same_rank_edp_ag0,22662870,1785477765074404461,1785477765077578710,1785477765073775839,1.0,iter55:pp0:dp_ag1:round1:dp_param_allgather:pg=1,iter55:pp0:dp_ag1:round1:dp_param_allgather:pg=1:rel-14d6fcda815c,mock_oisa_scale_1.2,17660656,3802871,13857785,17660656,13857785,1785477765091436495,-1,6026,trace_group_end_lag_clamped,1785477765091430469
11548154,6,1785477765075817595,0,1785477765074595964,47929,1785477765089409813,1785477765089457742,dp_ag1,1,16,55,dp_param_allgather:pg=1,1785477765077909588,2091993,dp_param_allgather,16,148986880,same_rank_edp_ag0,22576176,1785477765075272187,1785477765077578710,1785477765073775839,1.0,iter55:pp0:dp_ag1:round1:dp_param_allgather:pg=1,iter55:pp0:dp_ag1:round1:dp_param_allgather:pg=1:rel-14d6fcda815c,mock_oisa_scale_1.2,17660656,3802871,13857785,17660656,13857785,1785477765091436495,-1,47929,trace_group_end_lag_clamped,1785477765091388566
11548154,7,1785477765074873418,0,1785477765074595964,15759,1785477765089441983,1785477765089457742,dp_ag1,1,16,55,dp_param_allgather:pg=1,1785477765077909588,3036170,dp_param_allgather,16,148986880,same_rank_edp_ag0,22621150,1785477765074131987,1785477765077578710,1785477765073775839,1.0,iter55:pp0:dp_ag1:round1:dp_param_allgather:pg=1,iter55:pp0:dp_ag1:round1:dp_param_allgather:pg=1:rel-14d6fcda815c,mock_oisa_scale_1.2,17660656,3802871,13857785,17660656,13857785,1785477765091436495,-1,15759,trace_group_end_lag_clamped,1785477765091420736
11548154,8,1785477765075674084,0,1785477765074595964,22514,1785477765089435228,1785477765089457742,dp_ag1,1,16,55,dp_param_allgather:pg=1,1785477765077909588,2235504,dp_param_allgather,16,148986880,same_rank_edp_ag0,23451482,1785477765074922975,1785477765077578710,1785477765073775839,1.0,iter55:pp0:dp_ag1:round1:dp_param_allgather:pg=1,iter55:pp0:dp_ag1:round1:dp_param_allgather:pg=1:rel-14d6fcda815c,mock_oisa_scale_1.2,17660656,3802871,13857785,17660656,13857785,1785477765091436495,-1,22514,trace_group_end_lag_clamped,1785477765091413981
11548154,9,1785477765077022722,0,1785477765074595964,26240,1785477765089431502,1785477765089457742,dp_ag1,1,16,55,dp_param_allgather:pg=1,1785477765077909588,886866,dp_param_allgather,16,148986880,same_rank_edp_ag0,23637236,1785477765076499983,1785477765077578710,1785477765073775839,1.0,iter55:pp0:dp_ag1:round1:dp_param_allgather:pg=1,iter55:pp0:dp_ag1:round1:dp_param_allgather:pg=1:rel-14d6fcda815c,mock_oisa_scale_1.2,17660656,3802871,13857785,17660656,13857785,1785477765091436495,-1,26240,trace_group_end_lag_clamped,1785477765091410255
11548154,10,1785477765076162970,0,1785477765074595964,14855,1785477765089442887,1785477765089457742,dp_ag1,1,16,55,dp_param_allgather:pg=1,1785477765077909588,1746618,dp_param_allgather,16,148986880,same_rank_edp_ag0,23803866,1785477765075447406,1785477765077578710,1785477765073775839,1.0,iter55:pp0:dp_ag1:round1:dp_param_allgather:pg=1,iter55:pp0:dp_ag1:round1:dp_param_allgather:pg=1:rel-14d6fcda815c,mock_oisa_scale_1.2,17660656,3802871,13857785,17660656,13857785,1785477765091436495,-1,14855,trace_group_end_lag_clamped,1785477765091421640
11548154,11,1785477765075490839,0,1785477765074595964,26939,1785477765089430803,1785477765089457742,dp_ag1,1,16,55,dp_param_allgather:pg=1,1785477765077909588,2418749,dp_param_allgather,16,148986880,same_rank_edp_ag0,23612154,1785477765074670714,1785477765077578710,1785477765073775839,1.0,iter55:pp0:dp_ag1:round1:dp_param_allgather:pg=1,iter55:pp0:dp_ag1:round1:dp_param_allgather:pg=1:rel-14d6fcda815c,mock_oisa_scale_1.2,17660656,3802871,13857785,17660656,13857785,1785477765091436495,-1,26939,trace_group_end_lag_clamped,1785477765091409556
11548154,12,1785477765077909588,0,1785477765074595964,14876,1785477765089442866,1785477765089457742,dp_ag1,1,16,55,dp_param_allgather:pg=1,1785477765077909588,0,dp_param_allgather,16,148986880,same_rank_edp_ag0,23552704,1785477765077578710,1785477765077578710,1785477765073775839,1.0,iter55:pp0:dp_ag1:round1:dp_param_allgather:pg=1,iter55:pp0:dp_ag1:round1:dp_param_allgather:pg=1:rel-14d6fcda815c,mock_oisa_scale_1.2,17660656,3802871,13857785,17660656,13857785,1785477765091436495,-1,14876,trace_group_end_lag_clamped,1785477765091421619
11548154,13,1785477765075970337,0,1785477765074595964,62453,1785477765089395289,1785477765089457742,dp_ag1,1,16,55,dp_param_allgather:pg=1,1785477765077909588,1939251,dp_param_allgather,16,148986880,same_rank_edp_ag0,23517936,1785477765075265567,1785477765077578710,1785477765073775839,1.0,iter55:pp0:dp_ag1:round1:dp_param_allgather:pg=1,iter55:pp0:dp_ag1:round1:dp_param_allgather:pg=1:rel-14d6fcda815c,mock_oisa_scale_1.2,17660656,3802871,13857785,17660656,13857785,1785477765091436495,-1,62453,trace_group_end_lag_clamped,1785477765091374042
11548154,14,1785477765076841445,0,1785477765074595964,17410,1785477765089440332,1785477765089457742,dp_ag1,1,16,55,dp_param_allgather:pg=1,1785477765077909588,1068143,dp_param_allgather,16,148986880,same_rank_edp_ag0,23599808,1785477765076296037,1785477765077578710,1785477765073775839,1.0,iter55:pp0:dp_ag1:round1:dp_param_allgather:pg=1,iter55:pp0:dp_ag1:round1:dp_param_allgather:pg=1:rel-14d6fcda815c,mock_oisa_scale_1.2,17660656,3802871,13857785,17660656,13857785,1785477765091436495,-1,17410,trace_group_end_lag_clamped,1785477765091419085
11548154,15,1785477765075871807,0,1785477765074595964,14772,1785477765089442970,1785477765089457742,dp_ag1,1,16,55,dp_param_allgather:pg=1,1785477765077909588,2037781,dp_param_allgather,16,148986880,same_rank_edp_ag0,23621515,1785477765075130376,1785477765077578710,1785477765073775839,1.0,iter55:pp0:dp_ag1:round1:dp_param_allgather:pg=1,iter55:pp0:dp_ag1:round1:dp_param_allgather:pg=1:rel-14d6fcda815c,mock_oisa_scale_1.2,17660656,3802871,13857785,17660656,13857785,1785477765091436495,-1,14772,trace_group_end_lag_clamped,1785477765091421723
23683428,0,1785477764789544563,0,1785477764788594100,39775,1785477764935174221,1785477764935213996,dp_rs,0,16,55,dp_grad_reduce_scatter:pg=1,1785477764911530568,121986005,dp_grad_reduce_scatter,16,4767580160,pp_frontier,0,1785477764760763174,1785477764889670779,1785477764755869576,1.0,iter55:pp0:dp_rs:round0:dp_grad_reduce_scatter:pg=1,iter55:pp0:dp_rs:round0:dp_grad_reduce_scatter:pg=1:rel-eee33f1d96b9,mock_oisa_scale_1.2,162221317,133801203,28420114,162221317,28420114,1785477764918090893,-1,39775,trace_group_end_lag_clamped,1785477764918051118
23683428,1,1785477764789733123,0,1785477764788594100,60191,1785477764935153805,1785477764935213996,dp_rs,0,16,55,dp_grad_reduce_scatter:pg=1,1785477764911530568,121797445,dp_grad_reduce_scatter,16,4767580160,pp_frontier,0,1785477764755869576,1785477764889670779,1785477764755869576,1.0,iter55:pp0:dp_rs:round0:dp_grad_reduce_scatter:pg=1,iter55:pp0:dp_rs:round0:dp_grad_reduce_scatter:pg=1:rel-eee33f1d96b9,mock_oisa_scale_1.2,162221317,133801203,28420114,162221317,28420114,1785477764918090893,-1,60191,trace_group_end_lag_clamped,1785477764918030702
23683428,2,1785477764789367105,0,1785477764788594100,61326,1785477764935152670,1785477764935213996,dp_rs,0,16,55,dp_grad_reduce_scatter:pg=1,1785477764911530568,122163463,dp_grad_reduce_scatter,16,4767580160,pp_frontier,0,1785477764763739227,1785477764889670779,1785477764755869576,1.0,iter55:pp0:dp_rs:round0:dp_grad_reduce_scatter:pg=1,iter55:pp0:dp_rs:round0:dp_grad_reduce_scatter:pg=1:rel-eee33f1d96b9,mock_oisa_scale_1.2,162221317,133801203,28420114,162221317,28420114,1785477764918090893,-1,61326,trace_group_end_lag_clamped,1785477764918029567
23683428,3,1785477764789484959,0,1785477764788594100,53741,1785477764935160255,1785477764935213996,dp_rs,0,16,55,dp_grad_reduce_scatter:pg=1,1785477764911530568,122045609,dp_grad_reduce_scatter,16,4767580160,pp_frontier,0,1785477764762434127,1785477764889670779,1785477764755869576,1.0,iter55:pp0:dp_rs:round0:dp_grad_reduce_scatter:pg=1,iter55:pp0:dp_rs:round0:dp_grad_reduce_scatter:pg=1:rel-eee33f1d96b9,mock_oisa_scale_1.2,162221317,133801203,28420114,162221317,28420114,1785477764918090893,-1,53741,trace_group_end_lag_clamped,1785477764918037152
23683428,4,1785477764788715384,0,1785477764788594100,50208,1785477764935163788,1785477764935213996,dp_rs,0,16,55,dp_grad_reduce_scatter:pg=1,1785477764911530568,122815184,dp_grad_reduce_scatter,16,4767580160,pp_frontier,0,1785477764768747312,1785477764889670779,1785477764755869576,1.0,iter55:pp0:dp_rs:round0:dp_grad_reduce_scatter:pg=1,iter55:pp0:dp_rs:round0:dp_grad_reduce_scatter:pg=1:rel-eee33f1d96b9,mock_oisa_scale_1.2,162221317,133801203,28420114,162221317,28420114,1785477764918090893,-1,50208,trace_group_end_lag_clamped,1785477764918040685
23683428,5,1785477764788594100,0,1785477764788594100,0,1785477764935213996,1785477764935213996,dp_rs,0,16,55,dp_grad_reduce_scatter:pg=1,1785477764911530568,122936468,dp_grad_reduce_scatter,16,4767580160,pp_frontier,0,1785477764770877682,1785477764889670779,1785477764755869576,1.0,iter55:pp0:dp_rs:round0:dp_grad_reduce_scatter:pg=1,iter55:pp0:dp_rs:round0:dp_grad_reduce_scatter:pg=1:rel-eee33f1d96b9,mock_oisa_scale_1.2,162221317,133801203,28420114,162221317,28420114,1785477764918090893,-1,0,trace_group_end_lag_clamped,1785477764918090893
23683428,6,1785477764789040579,0,1785477764788594100,121238,1785477764935092758,1785477764935213996,dp_rs,0,16,55,dp_grad_reduce_scatter:pg=1,1785477764911530568,122489989,dp_grad_reduce_scatter,16,4767580160,pp_frontier,0,1785477764758881466,1785477764889670779,1785477764755869576,1.0,iter55:pp0:dp_rs:round0:dp_grad_reduce_scatter:pg=1,iter55:pp0:dp_rs:round0:dp_grad_reduce_scatter:pg=1:rel-eee33f1d96b9,mock_oisa_scale_1.2,162221317,133801203,28420114,162221317,28420114,1785477764918090893,-1,121238,trace_group_end_lag_clamped,1785477764917969655
23683428,7,1785477764788968258,0,1785477764788594100,56008,1785477764935157988,1785477764935213996,dp_rs,0,16,55,dp_grad_reduce_scatter:pg=1,1785477764911530568,122562310,dp_grad_reduce_scatter,16,4767580160,pp_frontier,0,1785477764756200295,1785477764889670779,1785477764755869576,1.0,iter55:pp0:dp_rs:round0:dp_grad_reduce_scatter:pg=1,iter55:pp0:dp_rs:round0:dp_grad_reduce_scatter:pg=1:rel-eee33f1d96b9,mock_oisa_scale_1.2,162221317,133801203,28420114,162221317,28420114,1785477764918090893,-1,56008,trace_group_end_lag_clamped,1785477764918034885
23683428,8,1785477764911105030,0,1785477764788594100,32923,1785477764935181073,1785477764935213996,dp_rs,0,16,55,dp_grad_reduce_scatter:pg=1,1785477764911530568,425538,dp_grad_reduce_scatter,16,4767580160,pp_frontier,0,1785477764866608078,1785477764889670779,1785477764755869576,1.0,iter55:pp0:dp_rs:round0:dp_grad_reduce_scatter:pg=1,iter55:pp0:dp_rs:round0:dp_grad_reduce_scatter:pg=1:rel-eee33f1d96b9,mock_oisa_scale_1.2,162221317,133801203,28420114,162221317,28420114,1785477764918090893,-1,32923,trace_group_end_lag_clamped,1785477764918057970
23683428,9,1785477764910654349,0,1785477764788594100,23527,1785477764935190469,1785477764935213996,dp_rs,0,16,55,dp_grad_reduce_scatter:pg=1,1785477764911530568,876219,dp_grad_reduce_scatter,16,4767580160,pp_frontier,0,1785477764888005254,1785477764889670779,1785477764755869576,1.0,iter55:pp0:dp_rs:round0:dp_grad_reduce_scatter:pg=1,iter55:pp0:dp_rs:round0:dp_grad_reduce_scatter:pg=1:rel-eee33f1d96b9,mock_oisa_scale_1.2,162221317,133801203,28420114,162221317,28420114,1785477764918090893,-1,23527,trace_group_end_lag_clamped,1785477764918067366
23683428,10,1785477764909791349,0,1785477764788594100,37217,1785477764935176779,1785477764935213996,dp_rs,0,16,55,dp_grad_reduce_scatter:pg=1,1785477764911530568,1739219,dp_grad_reduce_scatter,16,4767580160,pp_frontier,0,1785477764887686631,1785477764889670779,1785477764755869576,1.0,iter55:pp0:dp_rs:round0:dp_grad_reduce_scatter:pg=1,iter55:pp0:dp_rs:round0:dp_grad_reduce_scatter:pg=1:rel-eee33f1d96b9,mock_oisa_scale_1.2,162221317,133801203,28420114,162221317,28420114,1785477764918090893,-1,37217,trace_group_end_lag_clamped,1785477764918053676
23683428,11,1785477764910284837,0,1785477764788594100,21680,1785477764935192316,1785477764935213996,dp_rs,0,16,55,dp_grad_reduce_scatter:pg=1,1785477764911530568,1245731,dp_grad_reduce_scatter,16,4767580160,pp_frontier,0,1785477764889670779,1785477764889670779,1785477764755869576,1.0,iter55:pp0:dp_rs:round0:dp_grad_reduce_scatter:pg=1,iter55:pp0:dp_rs:round0:dp_grad_reduce_scatter:pg=1:rel-eee33f1d96b9,mock_oisa_scale_1.2,162221317,133801203,28420114,162221317,28420114,1785477764918090893,-1,21680,trace_group_end_lag_clamped,1785477764918069213
23683428,12,1785477764909802355,0,1785477764788594100,22671,1785477764935191325,1785477764935213996,dp_rs,0,16,55,dp_grad_reduce_scatter:pg=1,1785477764911530568,1728213,dp_grad_reduce_scatter,16,4767580160,pp_frontier,0,1785477764888330805,1785477764889670779,1785477764755869576,1.0,iter55:pp0:dp_rs:round0:dp_grad_reduce_scatter:pg=1,iter55:pp0:dp_rs:round0:dp_grad_reduce_scatter:pg=1:rel-eee33f1d96b9,mock_oisa_scale_1.2,162221317,133801203,28420114,162221317,28420114,1785477764918090893,-1,22671,trace_group_end_lag_clamped,1785477764918068222
23683428,13,1785477764909363300,0,1785477764788594100,88434,1785477764935125562,1785477764935213996,dp_rs,0,16,55,dp_grad_reduce_scatter:pg=1,1785477764911530568,2167268,dp_grad_reduce_scatter,16,4767580160,pp_frontier,0,1785477764887130992,1785477764889670779,1785477764755869576,1.0,iter55:pp0:dp_rs:round0:dp_grad_reduce_scatter:pg=1,iter55:pp0:dp_rs:round0:dp_grad_reduce_scatter:pg=1:rel-eee33f1d96b9,mock_oisa_scale_1.2,162221317,133801203,28420114,162221317,28420114,1785477764918090893,-1,88434,trace_group_end_lag_clamped,1785477764918002459
23683428,14,1785477764911497271,0,1785477764788594100,37157,1785477764935176839,1785477764935213996,dp_rs,0,16,55,dp_grad_reduce_scatter:pg=1,1785477764911530568,33297,dp_grad_reduce_scatter,16,4767580160,pp_frontier,0,1785477764878298345,1785477764889670779,1785477764755869576,1.0,iter55:pp0:dp_rs:round0:dp_grad_reduce_scatter:pg=1,iter55:pp0:dp_rs:round0:dp_grad_reduce_scatter:pg=1:rel-eee33f1d96b9,mock_oisa_scale_1.2,162221317,133801203,28420114,162221317,28420114,1785477764918090893,-1,37157,trace_group_end_lag_clamped,1785477764918053736
23683428,15,1785477764911530568,0,1785477764788594100,31154,1785477764935182842,1785477764935213996,dp_rs,0,16,55,dp_grad_reduce_scatter:pg=1,1785477764911530568,0,dp_grad_reduce_scatter,16,4767580160,pp_frontier,0,1785477764880621065,1785477764889670779,1785477764755869576,1.0,iter55:pp0:dp_rs:round0:dp_grad_reduce_scatter:pg=1,iter55:pp0:dp_rs:round0:dp_grad_reduce_scatter:pg=1:rel-eee33f1d96b9,mock_oisa_scale_1.2,162221317,133801203,28420114,162221317,28420114,1785477764918090893,-1,31154,trace_group_end_lag_clamped,1785477764918059739
13545552,0,1785477765038677050,0,1785477765038663018,4757,1785477765052217845,1785477765052222602,edp_ag0,0,2,55,expert_dp_param_allgather:pg=1043,1785477765038677050,0,expert_dp_param_allgather,2,471859200,same_rank_dp_ag0,10520,1785477765035216831,1785477765035216831,1785477765035202799,1.0,iter55:pp0:edp_ag0:round0:expert_dp_param_allgather:pg=1043,iter55:pp0:edp_ag0:round0:expert_dp_param_allgather:pg=1043:rel-5a4de837dcfb,mock_oisa_scale_1.2,16268694,14032,16254662,16268694,16254662,1785477765051471493,-1,4757,trace_group_end_lag_clamped,1785477765051466736
13545552,8,1785477765038663018,0,1785477765038663018,0,1785477765052222602,1785477765052222602,edp_ag0,0,2,55,expert_dp_param_allgather:pg=1043,1785477765038677050,14032,expert_dp_param_allgather,2,471859200,same_rank_dp_ag0,17880,1785477765035202799,1785477765035216831,1785477765035202799,1.0,iter55:pp0:edp_ag0:round0:expert_dp_param_allgather:pg=1043,iter55:pp0:edp_ag0:round0:expert_dp_param_allgather:pg=1043:rel-5a4de837dcfb,mock_oisa_scale_1.2,16268694,14032,16254662,16268694,16254662,1785477765051471493,-1,0,trace_group_end_lag_clamped,1785477765051471493
14687398,1,1785477765038698088,0,1785477765038655294,11963,1785477765053373523,1785477765053385486,edp_ag0,0,2,55,expert_dp_param_allgather:pg=1045,1785477765038698088,0,expert_dp_param_allgather,2,471859200,same_rank_dp_ag0,35400,1785477765035237869,1785477765035237869,1785477765035195075,1.0,iter55:pp0:edp_ag0:round0:expert_dp_param_allgather:pg=1045,iter55:pp0:edp_ag0:round0:expert_dp_param_allgather:pg=1045:rel-2ba71f72ccf8,mock_oisa_scale_1.2,17667672,42794,17624878,17667672,17624878,1785477765052862747,-1,11963,trace_group_end_lag_clamped,1785477765052850784
14687398,9,1785477765038655294,0,1785477765038655294,0,1785477765053385486,1785477765053385486,edp_ag0,0,2,55,expert_dp_param_allgather:pg=1045,1785477765038698088,42794,expert_dp_param_allgather,2,471859200,same_rank_dp_ag0,10680,1785477765035195075,1785477765035237869,1785477765035195075,1.0,iter55:pp0:edp_ag0:round0:expert_dp_param_allgather:pg=1045,iter55:pp0:edp_ag0:round0:expert_dp_param_allgather:pg=1045:rel-2ba71f72ccf8,mock_oisa_scale_1.2,17667672,42794,17624878,17667672,17624878,1785477765052862747,-1,0,trace_group_end_lag_clamped,1785477765052862747
13723275,2,1785477765038655535,0,1785477765038655535,0,1785477765052383541,1785477765052383541,edp_ag0,0,2,55,expert_dp_param_allgather:pg=1047,1785477765038660266,4731,expert_dp_param_allgather,2,471859200,same_rank_dp_ag0,11080,1785477765035195316,1785477765035200047,1785477765035195316,1.0,iter55:pp0:edp_ag0:round0:expert_dp_param_allgather:pg=1047,iter55:pp0:edp_ag0:round0:expert_dp_param_allgather:pg=1047:rel-2d4614edfbaf,mock_oisa_scale_1.2,16472661,4731,16467930,16472661,16467930,1785477765051667977,-1,0,trace_group_end_lag_clamped,1785477765051667977
13723275,10,1785477765038660266,0,1785477765038655535,24437,1785477765052359104,1785477765052383541,edp_ag0,0,2,55,expert_dp_param_allgather:pg=1047,1785477765038660266,0,expert_dp_param_allgather,2,471859200,same_rank_dp_ag0,11120,1785477765035200047,1785477765035200047,1785477765035195316,1.0,iter55:pp0:edp_ag0:round0:expert_dp_param_allgather:pg=1047,iter55:pp0:edp_ag0:round0:expert_dp_param_allgather:pg=1047:rel-2d4614edfbaf,mock_oisa_scale_1.2,16472661,4731,16467930,16472661,16467930,1785477765051667977,-1,24437,trace_group_end_lag_clamped,1785477765051643540
13200472,3,1785477765038678213,0,1785477765038656883,1337,1785477765051877348,1785477765051878685,edp_ag0,0,2,55,expert_dp_param_allgather:pg=1049,1785477765038678213,0,expert_dp_param_allgather,2,471859200,same_rank_dp_ag0,10921,1785477765035217994,1785477765035217994,1785477765035196664,1.0,iter55:pp0:edp_ag0:round0:expert_dp_param_allgather:pg=1049,iter55:pp0:edp_ag0:round0:expert_dp_param_allgather:pg=1049:rel-4a390925a6ed,mock_oisa_scale_1.2,15861896,21330,15840566,15861896,15840566,1785477765051058560,-1,1337,trace_group_end_lag_clamped,1785477765051057223
13200472,11,1785477765038656883,0,1785477765038656883,0,1785477765051878685,1785477765051878685,edp_ag0,0,2,55,expert_dp_param_allgather:pg=1049,1785477765038678213,21330,expert_dp_param_allgather,2,471859200,same_rank_dp_ag0,10800,1785477765035196664,1785477765035217994,1785477765035196664,1.0,iter55:pp0:edp_ag0:round0:expert_dp_param_allgather:pg=1049,iter55:pp0:edp_ag0:round0:expert_dp_param_allgather:pg=1049:rel-4a390925a6ed,mock_oisa_scale_1.2,15861896,21330,15840566,15861896,15840566,1785477765051058560,-1,0,trace_group_end_lag_clamped,1785477765051058560
15646705,4,1785477765038664498,0,1785477765038664498,31,1785477765054356853,1785477765054356884,edp_ag0,0,2,55,expert_dp_param_allgather:pg=1051,1785477765038710179,45681,expert_dp_param_allgather,2,471859200,same_rank_dp_ag0,14040,1785477765035204279,1785477765035249960,1785477765035204279,1.0,iter55:pp0:edp_ag0:round0:expert_dp_param_allgather:pg=1051,iter55:pp0:edp_ag0:round0:expert_dp_param_allgather:pg=1051:rel-e64473bf8f18,mock_oisa_scale_1.2,18821727,45681,18776046,18821727,18776046,1785477765054026006,-1,31,trace_group_end_lag_clamped,1785477765054025975
15646705,12,1785477765038710179,0,1785477765038664498,0,1785477765054356884,1785477765054356884,edp_ag0,0,2,55,expert_dp_param_allgather:pg=1051,1785477765038710179,0,expert_dp_param_allgather,2,471859200,same_rank_dp_ag0,60440,1785477765035249960,1785477765035249960,1785477765035204279,1.0,iter55:pp0:edp_ag0:round0:expert_dp_param_allgather:pg=1051,iter55:pp0:edp_ag0:round0:expert_dp_param_allgather:pg=1051:rel-e64473bf8f18,mock_oisa_scale_1.2,18821727,45681,18776046,18821727,18776046,1785477765054026006,-1,0,trace_group_end_lag_clamped,1785477765054026006
13777243,5,1785477765038675158,0,1785477765038616888,6040,1785477765052446361,1785477765052452401,edp_ag0,0,2,55,expert_dp_param_allgather:pg=1053,1785477765038675158,0,expert_dp_param_allgather,2,471859200,same_rank_dp_ag0,11680,1785477765035214939,1785477765035214939,1785477765035156669,1.0,iter55:pp0:edp_ag0:round0:expert_dp_param_allgather:pg=1053,iter55:pp0:edp_ag0:round0:expert_dp_param_allgather:pg=1053:rel-5b5257db7b88,mock_oisa_scale_1.2,16590962,58270,16532692,16590962,16532692,1785477765051747631,-1,6040,trace_group_end_lag_clamped,1785477765051741591
13777243,13,1785477765038616888,0,1785477765038616888,0,1785477765052452401,1785477765052452401,edp_ag0,0,2,55,expert_dp_param_allgather:pg=1053,1785477765038675158,58270,expert_dp_param_allgather,2,471859200,same_rank_dp_ag0,11120,1785477765035156669,1785477765035214939,1785477765035156669,1.0,iter55:pp0:edp_ag0:round0:expert_dp_param_allgather:pg=1053,iter55:pp0:edp_ag0:round0:expert_dp_param_allgather:pg=1053:rel-5b5257db7b88,mock_oisa_scale_1.2,16590962,58270,16532692,16590962,16532692,1785477765051747631,-1,0,trace_group_end_lag_clamped,1785477765051747631
14574054,6,1785477765038653837,0,1785477765038653837,218,1785477765053241419,1785477765053241637,edp_ag0,0,2,55,expert_dp_param_allgather:pg=1055,1785477765038667583,13746,expert_dp_param_allgather,2,471859200,same_rank_dp_ag0,10880,1785477765035193618,1785477765035207364,1785477765035193618,1.0,iter55:pp0:edp_ag0:round0:expert_dp_param_allgather:pg=1055,iter55:pp0:edp_ag0:round0:expert_dp_param_allgather:pg=1055:rel-9907cd20fb9f,mock_oisa_scale_1.2,17502611,13746,17488865,17502611,17488865,1785477765052696229,-1,218,trace_group_end_lag_clamped,1785477765052696011
14574054,14,1785477765038667583,0,1785477765038653837,0,1785477765053241637,1785477765053241637,edp_ag0,0,2,55,expert_dp_param_allgather:pg=1055,1785477765038667583,0,expert_dp_param_allgather,2,471859200,same_rank_dp_ag0,16200,1785477765035207364,1785477765035207364,1785477765035193618,1.0,iter55:pp0:edp_ag0:round0:expert_dp_param_allgather:pg=1055,iter55:pp0:edp_ag0:round0:expert_dp_param_allgather:pg=1055:rel-9907cd20fb9f,mock_oisa_scale_1.2,17502611,13746,17488865,17502611,17488865,1785477765052696229,-1,0,trace_group_end_lag_clamped,1785477765052696229
13593939,7,1785477765038652826,0,1785477765038652826,0,1785477765052252268,1785477765052252268,edp_ag0,0,2,55,expert_dp_param_allgather:pg=1057,1785477765038658329,5503,expert_dp_param_allgather,2,471859200,same_rank_dp_ag0,10960,1785477765035192607,1785477765035198110,1785477765035192607,1.0,iter55:pp0:edp_ag0:round0:expert_dp_param_allgather:pg=1057,iter55:pp0:edp_ag0:round0:expert_dp_param_allgather:pg=1057:rel-6bb0604e8791,mock_oisa_scale_1.2,16318230,5503,16312727,16318230,16312727,1785477765051510837,-1,0,trace_group_end_lag_clamped,1785477765051510837
13593939,15,1785477765038658329,0,1785477765038652826,1976,1785477765052250292,1785477765052252268,edp_ag0,0,2,55,expert_dp_param_allgather:pg=1057,1785477765038658329,0,expert_dp_param_allgather,2,471859200,same_rank_dp_ag0,10720,1785477765035198110,1785477765035198110,1785477765035192607,1.0,iter55:pp0:edp_ag0:round0:expert_dp_param_allgather:pg=1057,iter55:pp0:edp_ag0:round0:expert_dp_param_allgather:pg=1057:rel-6bb0604e8791,mock_oisa_scale_1.2,16318230,5503,16312727,16318230,16312727,1785477765051510837,-1,1976,trace_group_end_lag_clamped,1785477765051508861
13271874,0,1785477765089463702,0,1785477765089445428,0,1785477765102735576,1785477765102735576,edp_ag1,1,2,55,expert_dp_param_allgather:pg=1043,1785477765089463702,0,expert_dp_param_allgather,2,471859200,same_rank_dp_ag1,5960,1785477765091442455,1785477765091442455,1785477765091424181,1.0,iter55:pp0:edp_ag1:round1:expert_dp_param_allgather:pg=1043,iter55:pp0:edp_ag1:round1:expert_dp_param_allgather:pg=1043:rel-241f7ef3644e,mock_oisa_scale_1.2,15944523,18274,15926249,15944523,15926249,1785477765107368704,-1,0,trace_group_end_lag_clamped,1785477765107368704
13271874,8,1785477765089445428,0,1785477765089445428,29204,1785477765102706372,1785477765102735576,edp_ag1,1,2,55,expert_dp_param_allgather:pg=1043,1785477765089463702,18274,expert_dp_param_allgather,2,471859200,same_rank_dp_ag1,10200,1785477765091424181,1785477765091442455,1785477765091424181,1.0,iter55:pp0:edp_ag1:round1:expert_dp_param_allgather:pg=1043,iter55:pp0:edp_ag1:round1:expert_dp_param_allgather:pg=1043:rel-241f7ef3644e,mock_oisa_scale_1.2,15944523,18274,15926249,15944523,15926249,1785477765107368704,-1,29204,trace_group_end_lag_clamped,1785477765107339500
13250732,1,1785477765089461155,0,1785477765089442022,4608,1785477765102707279,1785477765102711887,edp_ag1,1,2,55,expert_dp_param_allgather:pg=1045,1785477765089461155,0,expert_dp_param_allgather,2,471859200,same_rank_dp_ag1,4400,1785477765091439908,1785477765091439908,1785477765091420775,1.0,iter55:pp0:edp_ag1:round1:expert_dp_param_allgather:pg=1045,iter55:pp0:edp_ag1:round1:expert_dp_param_allgather:pg=1045:rel-dfa3503839cf,mock_oisa_scale_1.2,15920011,19133,15900878,15920011,15900878,1785477765107340786,-1,4608,trace_group_end_lag_clamped,1785477765107336178
13250732,9,1785477765089442022,0,1785477765089442022,0,1785477765102711887,1785477765102711887,edp_ag1,1,2,55,expert_dp_param_allgather:pg=1045,1785477765089461155,19133,expert_dp_param_allgather,2,471859200,same_rank_dp_ag1,10520,1785477765091420775,1785477765091439908,1785477765091420775,1.0,iter55:pp0:edp_ag1:round1:expert_dp_param_allgather:pg=1045,iter55:pp0:edp_ag1:round1:expert_dp_param_allgather:pg=1045:rel-dfa3503839cf,mock_oisa_scale_1.2,15920011,19133,15900878,15920011,15900878,1785477765107340786,-1,0,trace_group_end_lag_clamped,1785477765107340786
14585920,2,1785477765089442784,0,1785477765089442784,8414,1785477765104047913,1785477765104056327,edp_ag1,1,2,55,expert_dp_param_allgather:pg=1047,1785477765089470407,27623,expert_dp_param_allgather,2,471859200,same_rank_dp_ag1,24840,1785477765091421537,1785477765091449160,1785477765091421537,1.0,iter55:pp0:edp_ag1:round1:expert_dp_param_allgather:pg=1047,iter55:pp0:edp_ag1:round1:expert_dp_param_allgather:pg=1047:rel-5c6a5ac45538,mock_oisa_scale_1.2,17530727,27623,17503104,17530727,17503104,1785477765108952264,-1,8414,trace_group_end_lag_clamped,1785477765108943850
14585920,10,1785477765089470407,0,1785477765089442784,0,1785477765104056327,1785477765104056327,edp_ag1,1,2,55,expert_dp_param_allgather:pg=1047,1785477765089470407,0,expert_dp_param_allgather,2,471859200,same_rank_dp_ag1,27520,1785477765091449160,1785477765091449160,1785477765091421537,1.0,iter55:pp0:edp_ag1:round1:expert_dp_param_allgather:pg=1047,iter55:pp0:edp_ag1:round1:expert_dp_param_allgather:pg=1047:rel-5c6a5ac45538,mock_oisa_scale_1.2,17530727,27623,17503104,17530727,17503104,1785477765108952264,-1,0,trace_group_end_lag_clamped,1785477765108952264
13932779,3,1785477765089462027,0,1785477765089443723,0,1785477765103394806,1785477765103394806,edp_ag1,1,2,55,expert_dp_param_allgather:pg=1049,1785477765089462027,0,expert_dp_param_allgather,2,471859200,same_rank_dp_ag1,4560,1785477765091440780,1785477765091440780,1785477765091422476,1.0,iter55:pp0:edp_ag1:round1:expert_dp_param_allgather:pg=1049,iter55:pp0:edp_ag1:round1:expert_dp_param_allgather:pg=1049:rel-f1ee8da6f248,mock_oisa_scale_1.2,16737639,18304,16719335,16737639,16719335,1785477765108160115,-1,0,trace_group_end_lag_clamped,1785477765108160115
13932779,11,1785477765089443723,0,1785477765089443723,20438,1785477765103374368,1785477765103394806,edp_ag1,1,2,55,expert_dp_param_allgather:pg=1049,1785477765089462027,18304,expert_dp_param_allgather,2,471859200,same_rank_dp_ag1,12920,1785477765091422476,1785477765091440780,1785477765091422476,1.0,iter55:pp0:edp_ag1:round1:expert_dp_param_allgather:pg=1049,iter55:pp0:edp_ag1:round1:expert_dp_param_allgather:pg=1049:rel-f1ee8da6f248,mock_oisa_scale_1.2,16737639,18304,16719335,16737639,16719335,1785477765108160115,-1,20438,trace_group_end_lag_clamped,1785477765108139677
16011923,4,1785477765089477491,0,1785477765089462626,2928,1785477765105486486,1785477765105489414,edp_ag1,1,2,55,expert_dp_param_allgather:pg=1051,1785477765089477491,0,expert_dp_param_allgather,2,471859200,same_rank_dp_ag1,21320,1785477765091456244,1785477765091456244,1785477765091441379,1.0,iter55:pp0:edp_ag1:round1:expert_dp_param_allgather:pg=1051,iter55:pp0:edp_ag1:round1:expert_dp_param_allgather:pg=1051:rel-d389b0487db2,mock_oisa_scale_1.2,19229173,14865,19214308,19229173,19214308,1785477765110670552,-1,2928,trace_group_end_lag_clamped,1785477765110667624
16011923,12,1785477765089462626,0,1785477765089462626,0,1785477765105489414,1785477765105489414,edp_ag1,1,2,55,expert_dp_param_allgather:pg=1051,1785477765089477491,14865,expert_dp_param_allgather,2,471859200,same_rank_dp_ag1,19760,1785477765091441379,1785477765091456244,1785477765091441379,1.0,iter55:pp0:edp_ag1:round1:expert_dp_param_allgather:pg=1051,iter55:pp0:edp_ag1:round1:expert_dp_param_allgather:pg=1051:rel-d389b0487db2,mock_oisa_scale_1.2,19229173,14865,19214308,19229173,19214308,1785477765110670552,-1,0,trace_group_end_lag_clamped,1785477765110670552
13644486,5,1785477765089505916,0,1785477765089404729,3683,1785477765103146719,1785477765103150402,edp_ag1,1,2,55,expert_dp_param_allgather:pg=1053,1785477765089505916,0,expert_dp_param_allgather,2,471859200,same_rank_dp_ag1,54200,1785477765091484669,1785477765091484669,1785477765091383482,1.0,iter55:pp0:edp_ag1:round1:expert_dp_param_allgather:pg=1053,iter55:pp0:edp_ag1:round1:expert_dp_param_allgather:pg=1053:rel-43ee9ab24684,mock_oisa_scale_1.2,16474570,101187,16373383,16474570,16373383,1785477765107858052,-1,3683,trace_group_end_lag_clamped,1785477765107854369
13644486,13,1785477765089404729,0,1785477765089404729,0,1785477765103150402,1785477765103150402,edp_ag1,1,2,55,expert_dp_param_allgather:pg=1053,1785477765089505916,101187,expert_dp_param_allgather,2,471859200,same_rank_dp_ag1,9440,1785477765091383482,1785477765091484669,1785477765091383482,1.0,iter55:pp0:edp_ag1:round1:expert_dp_param_allgather:pg=1053,iter55:pp0:edp_ag1:round1:expert_dp_param_allgather:pg=1053:rel-43ee9ab24684,mock_oisa_scale_1.2,16474570,101187,16373383,16474570,16373383,1785477765107858052,-1,0,trace_group_end_lag_clamped,1785477765107858052
13139929,6,1785477765089414293,0,1785477765089414293,4872,1785477765102584469,1785477765102589341,edp_ag1,1,2,55,expert_dp_param_allgather:pg=1055,1785477765089449412,35119,expert_dp_param_allgather,2,471859200,same_rank_dp_ag1,4480,1785477765091393046,1785477765091428165,1785477765091393046,1.0,iter55:pp0:edp_ag1:round1:expert_dp_param_allgather:pg=1055,iter55:pp0:edp_ag1:round1:expert_dp_param_allgather:pg=1055:rel-2f7e76052478,mock_oisa_scale_1.2,15803034,35119,15767915,15803034,15767915,1785477765107196080,-1,4872,trace_group_end_lag_clamped,1785477765107191208
13139929,14,1785477765089449412,0,1785477765089414293,0,1785477765102589341,1785477765102589341,edp_ag1,1,2,55,expert_dp_param_allgather:pg=1055,1785477765089449412,0,expert_dp_param_allgather,2,471859200,same_rank_dp_ag1,9080,1785477765091428165,1785477765091428165,1785477765091393046,1.0,iter55:pp0:edp_ag1:round1:expert_dp_param_allgather:pg=1055,iter55:pp0:edp_ag1:round1:expert_dp_param_allgather:pg=1055:rel-2f7e76052478,mock_oisa_scale_1.2,15803034,35119,15767915,15803034,15767915,1785477765107196080,-1,0,trace_group_end_lag_clamped,1785477765107196080
14650765,7,1785477765089455583,0,1785477765089452690,0,1785477765104106348,1785477765104106348,edp_ag1,1,2,55,expert_dp_param_allgather:pg=1057,1785477765089455583,0,expert_dp_param_allgather,2,471859200,same_rank_dp_ag1,13600,1785477765091434336,1785477765091434336,1785477765091431443,1.0,iter55:pp0:edp_ag1:round1:expert_dp_param_allgather:pg=1057,iter55:pp0:edp_ag1:round1:expert_dp_param_allgather:pg=1057:rel-9ccc1afd2bcf,mock_oisa_scale_1.2,17583811,2893,17580918,17583811,17580918,1785477765109015254,-1,0,trace_group_end_lag_clamped,1785477765109015254
14650765,15,1785477765089452690,0,1785477765089452690,41812,1785477765104064536,1785477765104106348,edp_ag1,1,2,55,expert_dp_param_allgather:pg=1057,1785477765089455583,2893,expert_dp_param_allgather,2,471859200,same_rank_dp_ag1,9720,1785477765091431443,1785477765091434336,1785477765091431443,1.0,iter55:pp0:edp_ag1:round1:expert_dp_param_allgather:pg=1057,iter55:pp0:edp_ag1:round1:expert_dp_param_allgather:pg=1057:rel-9ccc1afd2bcf,mock_oisa_scale_1.2,17583811,2893,17580918,17583811,17580918,1785477765109015254,-1,41812,trace_group_end_lag_clamped,1785477765108973442
47989885,0,1785477764940002953,0,1785477764939933722,0,1785477764987992838,1785477764987992838,edp_rs,0,2,55,expert_dp_grad_reduce_scatter:pg=1043,1785477764940002953,0,expert_dp_grad_reduce_scatter,2,1887436800,same_rank_dp_rs,4828732,1785477764922879850,1785477764922879850,1785477764922810619,1.0,iter55:pp0:edp_rs:round0:expert_dp_grad_reduce_scatter:pg=1043,iter55:pp0:edp_rs:round0:expert_dp_grad_reduce_scatter:pg=1043:rel-3edb6df10d0f,mock_oisa_scale_1.2,57657093,69231,57587862,57657093,57587862,1785477764980467712,-1,0,trace_group_end_lag_clamped,1785477764980467712
47989885,8,1785477764939933722,0,1785477764939933722,41991,1785477764987950847,1785477764987992838,edp_rs,0,2,55,expert_dp_grad_reduce_scatter:pg=1043,1785477764940002953,69231,expert_dp_grad_reduce_scatter,2,1887436800,same_rank_dp_rs,4752649,1785477764922810619,1785477764922879850,1785477764922810619,1.0,iter55:pp0:edp_rs:round0:expert_dp_grad_reduce_scatter:pg=1043,iter55:pp0:edp_rs:round0:expert_dp_grad_reduce_scatter:pg=1043:rel-3edb6df10d0f,mock_oisa_scale_1.2,57657093,69231,57587862,57657093,57587862,1785477764980467712,-1,41991,trace_group_end_lag_clamped,1785477764980425721
55880993,1,1785477764940031096,0,1785477764940031096,28032,1785477764995944614,1785477764995972646,edp_rs,0,2,55,expert_dp_grad_reduce_scatter:pg=1045,1785477764940091653,60557,expert_dp_grad_reduce_scatter,2,1887436800,same_rank_dp_rs,4877291,1785477764922907993,1785477764922968550,1785477764922907993,1.0,iter55:pp0:edp_rs:round0:expert_dp_grad_reduce_scatter:pg=1045,iter55:pp0:edp_rs:round0:expert_dp_grad_reduce_scatter:pg=1045:rel-060f3f97d24e,mock_oisa_scale_1.2,67117749,60557,67057192,67117749,67057192,1785477764990025742,-1,28032,trace_group_end_lag_clamped,1785477764989997710
55880993,9,1785477764940091653,0,1785477764940031096,0,1785477764995972646,1785477764995972646,edp_rs,0,2,55,expert_dp_grad_reduce_scatter:pg=1045,1785477764940091653,0,expert_dp_grad_reduce_scatter,2,1887436800,same_rank_dp_rs,4901184,1785477764922968550,1785477764922968550,1785477764922907993,1.0,iter55:pp0:edp_rs:round0:expert_dp_grad_reduce_scatter:pg=1045,iter55:pp0:edp_rs:round0:expert_dp_grad_reduce_scatter:pg=1045:rel-060f3f97d24e,mock_oisa_scale_1.2,67117749,60557,67057192,67117749,67057192,1785477764990025742,-1,0,trace_group_end_lag_clamped,1785477764990025742
54121674,2,1785477764940033207,0,1785477764940033207,0,1785477764994172347,1785477764994172347,edp_rs,0,2,55,expert_dp_grad_reduce_scatter:pg=1047,1785477764940050673,17466,expert_dp_grad_reduce_scatter,2,1887436800,same_rank_dp_rs,4880537,1785477764922910104,1785477764922927570,1785477764922910104,1.0,iter55:pp0:edp_rs:round0:expert_dp_grad_reduce_scatter:pg=1047,iter55:pp0:edp_rs:round0:expert_dp_grad_reduce_scatter:pg=1047:rel-add20bb4a986,mock_oisa_scale_1.2,64963475,17466,64946009,64963475,64946009,1785477764987873579,-1,0,trace_group_end_lag_clamped,1785477764987873579
54121674,10,1785477764940050673,0,1785477764940033207,66204,1785477764994106143,1785477764994172347,edp_rs,0,2,55,expert_dp_grad_reduce_scatter:pg=1047,1785477764940050673,0,expert_dp_grad_reduce_scatter,2,1887436800,same_rank_dp_rs,4873894,1785477764922927570,1785477764922927570,1785477764922910104,1.0,iter55:pp0:edp_rs:round0:expert_dp_grad_reduce_scatter:pg=1047,iter55:pp0:edp_rs:round0:expert_dp_grad_reduce_scatter:pg=1047:rel-add20bb4a986,mock_oisa_scale_1.2,64963475,17466,64946009,64963475,64946009,1785477764987873579,-1,66204,trace_group_end_lag_clamped,1785477764987807375
56589619,3,1785477764939967555,0,1785477764939967555,24955,1785477764996639155,1785477764996664110,edp_rs,0,2,55,expert_dp_grad_reduce_scatter:pg=1049,1785477764940074491,106936,expert_dp_grad_reduce_scatter,2,1887436800,same_rank_dp_rs,4807300,1785477764922844452,1785477764922951388,1785477764922844452,1.0,iter55:pp0:edp_rs:round0:expert_dp_grad_reduce_scatter:pg=1049,iter55:pp0:edp_rs:round0:expert_dp_grad_reduce_scatter:pg=1049:rel-45e0ac40d9fe,mock_oisa_scale_1.2,68014479,106936,67907543,68014479,67907543,1785477764990858931,-1,24955,trace_group_end_lag_clamped,1785477764990833976
56589619,11,1785477764940074491,0,1785477764939967555,0,1785477764996664110,1785477764996664110,edp_rs,0,2,55,expert_dp_grad_reduce_scatter:pg=1049,1785477764940074491,0,expert_dp_grad_reduce_scatter,2,1887436800,same_rank_dp_rs,4882175,1785477764922951388,1785477764922951388,1785477764922844452,1.0,iter55:pp0:edp_rs:round0:expert_dp_grad_reduce_scatter:pg=1049,iter55:pp0:edp_rs:round0:expert_dp_grad_reduce_scatter:pg=1049:rel-45e0ac40d9fe,mock_oisa_scale_1.2,68014479,106936,67907543,68014479,67907543,1785477764990858931,-1,0,trace_group_end_lag_clamped,1785477764990858931
56533899,4,1785477764940077959,0,1785477764940077959,31772,1785477764996644485,1785477764996676257,edp_rs,0,2,55,expert_dp_grad_reduce_scatter:pg=1051,1785477764940142358,64399,expert_dp_grad_reduce_scatter,2,1887436800,same_rank_dp_rs,4914171,1785477764922954856,1785477764923019255,1785477764922954856,1.0,iter55:pp0:edp_rs:round0:expert_dp_grad_reduce_scatter:pg=1051,iter55:pp0:edp_rs:round0:expert_dp_grad_reduce_scatter:pg=1051:rel-682953038fbf,mock_oisa_scale_1.2,67905078,64399,67840679,67905078,67840679,1785477764990859934,-1,31772,trace_group_end_lag_clamped,1785477764990828162
56533899,12,1785477764940142358,0,1785477764940077959,0,1785477764996676257,1785477764996676257,edp_rs,0,2,55,expert_dp_grad_reduce_scatter:pg=1051,1785477764940142358,0,expert_dp_grad_reduce_scatter,2,1887436800,same_rank_dp_rs,4951033,1785477764923019255,1785477764923019255,1785477764922954856,1.0,iter55:pp0:edp_rs:round0:expert_dp_grad_reduce_scatter:pg=1051,iter55:pp0:edp_rs:round0:expert_dp_grad_reduce_scatter:pg=1051:rel-682953038fbf,mock_oisa_scale_1.2,67905078,64399,67840679,67905078,67840679,1785477764990859934,-1,0,trace_group_end_lag_clamped,1785477764990859934
54319289,5,1785477764939948811,0,1785477764939921013,0,1785477764994268100,1785477764994268100,edp_rs,0,2,55,expert_dp_grad_reduce_scatter:pg=1053,1785477764939948811,0,expert_dp_grad_reduce_scatter,2,1887436800,same_rank_dp_rs,4734815,1785477764922825708,1785477764922825708,1785477764922797910,1.0,iter55:pp0:edp_rs:round0:expert_dp_grad_reduce_scatter:pg=1053,iter55:pp0:edp_rs:round0:expert_dp_grad_reduce_scatter:pg=1053:rel-1b037775be66,mock_oisa_scale_1.2,65210945,27798,65183147,65210945,65183147,1785477764988008855,-1,0,trace_group_end_lag_clamped,1785477764988008855
54319289,13,1785477764939921013,0,1785477764939921013,51478,1785477764994216622,1785477764994268100,edp_rs,0,2,55,expert_dp_grad_reduce_scatter:pg=1053,1785477764939948811,27798,expert_dp_grad_reduce_scatter,2,1887436800,same_rank_dp_rs,4795451,1785477764922797910,1785477764922825708,1785477764922797910,1.0,iter55:pp0:edp_rs:round0:expert_dp_grad_reduce_scatter:pg=1053,iter55:pp0:edp_rs:round0:expert_dp_grad_reduce_scatter:pg=1053:rel-1b037775be66,mock_oisa_scale_1.2,65210945,27798,65183147,65210945,65183147,1785477764988008855,-1,51478,trace_group_end_lag_clamped,1785477764987957377
56448570,6,1785477764939992139,0,1785477764939992139,21728,1785477764996484699,1785477764996506427,edp_rs,0,2,55,expert_dp_grad_reduce_scatter:pg=1055,1785477764940057857,65718,expert_dp_grad_reduce_scatter,2,1887436800,same_rank_dp_rs,4899381,1785477764922869036,1785477764922934754,1785477764922869036,1.0,iter55:pp0:edp_rs:round0:expert_dp_grad_reduce_scatter:pg=1055,iter55:pp0:edp_rs:round0:expert_dp_grad_reduce_scatter:pg=1055:rel-f1d65da828a2,mock_oisa_scale_1.2,67804002,65718,67738284,67804002,67738284,1785477764990673038,-1,21728,trace_group_end_lag_clamped,1785477764990651310
56448570,14,1785477764940057857,0,1785477764939992139,0,1785477764996506427,1785477764996506427,edp_rs,0,2,55,expert_dp_grad_reduce_scatter:pg=1055,1785477764940057857,0,expert_dp_grad_reduce_scatter,2,1887436800,same_rank_dp_rs,4881018,1785477764922934754,1785477764922934754,1785477764922869036,1.0,iter55:pp0:edp_rs:round0:expert_dp_grad_reduce_scatter:pg=1055,iter55:pp0:edp_rs:round0:expert_dp_grad_reduce_scatter:pg=1055:rel-f1d65da828a2,mock_oisa_scale_1.2,67804002,65718,67738284,67804002,67738284,1785477764990673038,-1,0,trace_group_end_lag_clamped,1785477764990673038
48181352,7,1785477764939948843,0,1785477764939948843,6899,1785477764988295071,1785477764988301970,edp_rs,0,2,55,expert_dp_grad_reduce_scatter:pg=1057,1785477764940120618,171775,expert_dp_grad_reduce_scatter,2,1887436800,same_rank_dp_rs,4790855,1785477764922825740,1785477764922997515,1785477764922825740,1.0,iter55:pp0:edp_rs:round0:expert_dp_grad_reduce_scatter:pg=1057,iter55:pp0:edp_rs:round0:expert_dp_grad_reduce_scatter:pg=1057:rel-69f287cc15be,mock_oisa_scale_1.2,57989397,171775,57817622,57989397,57817622,1785477764980815137,-1,6899,trace_group_end_lag_clamped,1785477764980808238
48181352,15,1785477764940120618,0,1785477764939948843,0,1785477764988301970,1785477764988301970,edp_rs,0,2,55,expert_dp_grad_reduce_scatter:pg=1057,1785477764940120618,0,expert_dp_grad_reduce_scatter,2,1887436800,same_rank_dp_rs,4937776,1785477764922997515,1785477764922997515,1785477764922825740,1.0,iter55:pp0:edp_rs:round0:expert_dp_grad_reduce_scatter:pg=1057,iter55:pp0:edp_rs:round0:expert_dp_grad_reduce_scatter:pg=1057:rel-69f287cc15be,mock_oisa_scale_1.2,57989397,171775,57817622,57989397,57817622,1785477764980815137,-1,0,trace_group_end_lag_clamped,1785477764980815137
7656217,16,1785477765025824330,1,1785477765025421845,22872,1785477765034364609,1785477765034387481,dp_ag0,0,16,55,dp_param_allgather:pg=3,1785477765026731264,906934,dp_param_allgather,16,98621440,world_rs_done,29148073,1785477765020008007,1785477765020914941,1785477765019605522,1.0,iter55:pp1:dp_ag0:round0:dp_param_allgather:pg=3,iter55:pp1:dp_ag0:round0:dp_param_allgather:pg=3:rel-6c71aeec094e,mock_oisa_scale_1.2,10496879,1309419,9187460,10496879,9187460,1785477765030102401,-1,22872,trace_group_end_lag_clamped,1785477765030079529
7656217,17,1785477765025758470,1,1785477765025421845,62735,1785477765034324746,1785477765034387481,dp_ag0,0,16,55,dp_param_allgather:pg=3,1785477765026731264,972794,dp_param_allgather,16,98621440,world_rs_done,29082213,1785477765019942147,1785477765020914941,1785477765019605522,1.0,iter55:pp1:dp_ag0:round0:dp_param_allgather:pg=3,iter55:pp1:dp_ag0:round0:dp_param_allgather:pg=3:rel-6c71aeec094e,mock_oisa_scale_1.2,10496879,1309419,9187460,10496879,9187460,1785477765030102401,-1,62735,trace_group_end_lag_clamped,1785477765030039666
7656217,18,1785477765025866628,1,1785477765025421845,71445,1785477765034316036,1785477765034387481,dp_ag0,0,16,55,dp_param_allgather:pg=3,1785477765026731264,864636,dp_param_allgather,16,98621440,world_rs_done,29190371,1785477765020050305,1785477765020914941,1785477765019605522,1.0,iter55:pp1:dp_ag0:round0:dp_param_allgather:pg=3,iter55:pp1:dp_ag0:round0:dp_param_allgather:pg=3:rel-6c71aeec094e,mock_oisa_scale_1.2,10496879,1309419,9187460,10496879,9187460,1785477765030102401,-1,71445,trace_group_end_lag_clamped,1785477765030030956
7656217,19,1785477765026033673,1,1785477765025421845,33308,1785477765034354173,1785477765034387481,dp_ag0,0,16,55,dp_param_allgather:pg=3,1785477765026731264,697591,dp_param_allgather,16,98621440,world_rs_done,29357416,1785477765020217350,1785477765020914941,1785477765019605522,1.0,iter55:pp1:dp_ag0:round0:dp_param_allgather:pg=3,iter55:pp1:dp_ag0:round0:dp_param_allgather:pg=3:rel-6c71aeec094e,mock_oisa_scale_1.2,10496879,1309419,9187460,10496879,9187460,1785477765030102401,-1,33308,trace_group_end_lag_clamped,1785477765030069093
7656217,20,1785477765025499108,1,1785477765025421845,70731,1785477765034316750,1785477765034387481,dp_ag0,0,16,55,dp_param_allgather:pg=3,1785477765026731264,1232156,dp_param_allgather,16,98621440,world_rs_done,28822851,1785477765019682785,1785477765020914941,1785477765019605522,1.0,iter55:pp1:dp_ag0:round0:dp_param_allgather:pg=3,iter55:pp1:dp_ag0:round0:dp_param_allgather:pg=3:rel-6c71aeec094e,mock_oisa_scale_1.2,10496879,1309419,9187460,10496879,9187460,1785477765030102401,-1,70731,trace_group_end_lag_clamped,1785477765030031670
7656217,21,1785477765025715207,1,1785477765025421845,38666,1785477765034348815,1785477765034387481,dp_ag0,0,16,55,dp_param_allgather:pg=3,1785477765026731264,1016057,dp_param_allgather,16,98621440,world_rs_done,29038950,1785477765019898884,1785477765020914941,1785477765019605522,1.0,iter55:pp1:dp_ag0:round0:dp_param_allgather:pg=3,iter55:pp1:dp_ag0:round0:dp_param_allgather:pg=3:rel-6c71aeec094e,mock_oisa_scale_1.2,10496879,1309419,9187460,10496879,9187460,1785477765030102401,-1,38666,trace_group_end_lag_clamped,1785477765030063735
7656217,22,1785477765026118034,1,1785477765025421845,93644,1785477765034293837,1785477765034387481,dp_ag0,0,16,55,dp_param_allgather:pg=3,1785477765026731264,613230,dp_param_allgather,16,98621440,world_rs_done,29441777,1785477765020301711,1785477765020914941,1785477765019605522,1.0,iter55:pp1:dp_ag0:round0:dp_param_allgather:pg=3,iter55:pp1:dp_ag0:round0:dp_param_allgather:pg=3:rel-6c71aeec094e,mock_oisa_scale_1.2,10496879,1309419,9187460,10496879,9187460,1785477765030102401,-1,93644,trace_group_end_lag_clamped,1785477765030008757
7656217,23,1785477765026261057,1,1785477765025421845,73153,1785477765034314328,1785477765034387481,dp_ag0,0,16,55,dp_param_allgather:pg=3,1785477765026731264,470207,dp_param_allgather,16,98621440,world_rs_done,29584800,1785477765020444734,1785477765020914941,1785477765019605522,1.0,iter55:pp1:dp_ag0:round0:dp_param_allgather:pg=3,iter55:pp1:dp_ag0:round0:dp_param_allgather:pg=3:rel-6c71aeec094e,mock_oisa_scale_1.2,10496879,1309419,9187460,10496879,9187460,1785477765030102401,-1,73153,trace_group_end_lag_clamped,1785477765030029248
7656217,24,1785477765025847752,1,1785477765025421845,40617,1785477765034346864,1785477765034387481,dp_ag0,0,16,55,dp_param_allgather:pg=3,1785477765026731264,883512,dp_param_allgather,16,98621440,world_rs_done,29171495,1785477765020031429,1785477765020914941,1785477765019605522,1.0,iter55:pp1:dp_ag0:round0:dp_param_allgather:pg=3,iter55:pp1:dp_ag0:round0:dp_param_allgather:pg=3:rel-6c71aeec094e,mock_oisa_scale_1.2,10496879,1309419,9187460,10496879,9187460,1785477765030102401,-1,40617,trace_group_end_lag_clamped,1785477765030061784
7656217,25,1785477765025645040,1,1785477765025421845,7306,1785477765034380175,1785477765034387481,dp_ag0,0,16,55,dp_param_allgather:pg=3,1785477765026731264,1086224,dp_param_allgather,16,98621440,world_rs_done,28968783,1785477765019828717,1785477765020914941,1785477765019605522,1.0,iter55:pp1:dp_ag0:round0:dp_param_allgather:pg=3,iter55:pp1:dp_ag0:round0:dp_param_allgather:pg=3:rel-6c71aeec094e,mock_oisa_scale_1.2,10496879,1309419,9187460,10496879,9187460,1785477765030102401,-1,7306,trace_group_end_lag_clamped,1785477765030095095
7656217,26,1785477765026731264,1,1785477765025421845,0,1785477765034387481,1785477765034387481,dp_ag0,0,16,55,dp_param_allgather:pg=3,1785477765026731264,0,dp_param_allgather,16,98621440,world_rs_done,30055007,1785477765020914941,1785477765020914941,1785477765019605522,1.0,iter55:pp1:dp_ag0:round0:dp_param_allgather:pg=3,iter55:pp1:dp_ag0:round0:dp_param_allgather:pg=3:rel-6c71aeec094e,mock_oisa_scale_1.2,10496879,1309419,9187460,10496879,9187460,1785477765030102401,-1,0,trace_group_end_lag_clamped,1785477765030102401
7656217,27,1785477765025923519,1,1785477765025421845,20448,1785477765034367033,1785477765034387481,dp_ag0,0,16,55,dp_param_allgather:pg=3,1785477765026731264,807745,dp_param_allgather,16,98621440,world_rs_done,29247262,1785477765020107196,1785477765020914941,1785477765019605522,1.0,iter55:pp1:dp_ag0:round0:dp_param_allgather:pg=3,iter55:pp1:dp_ag0:round0:dp_param_allgather:pg=3:rel-6c71aeec094e,mock_oisa_scale_1.2,10496879,1309419,9187460,10496879,9187460,1785477765030102401,-1,20448,trace_group_end_lag_clamped,1785477765030081953
7656217,28,1785477765025421845,1,1785477765025421845,4361,1785477765034383120,1785477765034387481,dp_ag0,0,16,55,dp_param_allgather:pg=3,1785477765026731264,1309419,dp_param_allgather,16,98621440,world_rs_done,28745588,1785477765019605522,1785477765020914941,1785477765019605522,1.0,iter55:pp1:dp_ag0:round0:dp_param_allgather:pg=3,iter55:pp1:dp_ag0:round0:dp_param_allgather:pg=3:rel-6c71aeec094e,mock_oisa_scale_1.2,10496879,1309419,9187460,10496879,9187460,1785477765030102401,-1,4361,trace_group_end_lag_clamped,1785477765030098040
7656217,29,1785477765025755365,1,1785477765025421845,102537,1785477765034284944,1785477765034387481,dp_ag0,0,16,55,dp_param_allgather:pg=3,1785477765026731264,975899,dp_param_allgather,16,98621440,world_rs_done,29079108,1785477765019939042,1785477765020914941,1785477765019605522,1.0,iter55:pp1:dp_ag0:round0:dp_param_allgather:pg=3,iter55:pp1:dp_ag0:round0:dp_param_allgather:pg=3:rel-6c71aeec094e,mock_oisa_scale_1.2,10496879,1309419,9187460,10496879,9187460,1785477765030102401,-1,102537,trace_group_end_lag_clamped,1785477765029999864
7656217,30,1785477765025902556,1,1785477765025421845,2041,1785477765034385440,1785477765034387481,dp_ag0,0,16,55,dp_param_allgather:pg=3,1785477765026731264,828708,dp_param_allgather,16,98621440,world_rs_done,29226299,1785477765020086233,1785477765020914941,1785477765019605522,1.0,iter55:pp1:dp_ag0:round0:dp_param_allgather:pg=3,iter55:pp1:dp_ag0:round0:dp_param_allgather:pg=3:rel-6c71aeec094e,mock_oisa_scale_1.2,10496879,1309419,9187460,10496879,9187460,1785477765030102401,-1,2041,trace_group_end_lag_clamped,1785477765030100360
7656217,31,1785477765026100251,1,1785477765025421845,5928,1785477765034381553,1785477765034387481,dp_ag0,0,16,55,dp_param_allgather:pg=3,1785477765026731264,631013,dp_param_allgather,16,98621440,world_rs_done,29423994,1785477765020283928,1785477765020914941,1785477765019605522,1.0,iter55:pp1:dp_ag0:round0:dp_param_allgather:pg=3,iter55:pp1:dp_ag0:round0:dp_param_allgather:pg=3:rel-6c71aeec094e,mock_oisa_scale_1.2,10496879,1309419,9187460,10496879,9187460,1785477765030102401,-1,5928,trace_group_end_lag_clamped,1785477765030096473
7325189,16,1785477765175001542,1,1785477765173108621,34672,1785477765189133141,1785477765189167813,dp_ag1,1,16,55,dp_param_allgather:pg=3,1785477765181842624,6841082,dp_param_allgather,16,98621440,same_rank_edp_ag0,86088487,1785477765181621964,1785477765189345478,1785477765179337272,1.0,iter55:pp1:dp_ag1:round1:dp_param_allgather:pg=3,iter55:pp1:dp_ag1:round1:dp_param_allgather:pg=3:rel-a207e230f823,mock_oisa_scale_1.2,18798433,10008206,8790227,18798433,8790227,1785477765198135705,-1,34672,trace_group_end_lag_clamped,1785477765198101033
7325189,17,1785477765175254258,1,1785477765173108621,2337,1785477765189165476,1785477765189167813,dp_ag1,1,16,55,dp_param_allgather:pg=3,1785477765181842624,6588366,dp_param_allgather,16,98621440,same_rank_edp_ag0,86886285,1785477765181778949,1785477765189345478,1785477765179337272,1.0,iter55:pp1:dp_ag1:round1:dp_param_allgather:pg=3,iter55:pp1:dp_ag1:round1:dp_param_allgather:pg=3:rel-a207e230f823,mock_oisa_scale_1.2,18798433,10008206,8790227,18798433,8790227,1785477765198135705,-1,2337,trace_group_end_lag_clamped,1785477765198133368
7325189,18,1785477765174491998,1,1785477765173108621,8691,1785477765189159122,1785477765189167813,dp_ag1,1,16,55,dp_param_allgather:pg=3,1785477765181842624,7350626,dp_param_allgather,16,98621440,same_rank_edp_ag0,87522500,1785477765180720649,1785477765189345478,1785477765179337272,1.0,iter55:pp1:dp_ag1:round1:dp_param_allgather:pg=3,iter55:pp1:dp_ag1:round1:dp_param_allgather:pg=3:rel-a207e230f823,mock_oisa_scale_1.2,18798433,10008206,8790227,18798433,8790227,1785477765198135705,-1,8691,trace_group_end_lag_clamped,1785477765198127014
7325189,19,1785477765178220416,1,1785477765173108621,31398,1785477765189136415,1785477765189167813,dp_ag1,1,16,55,dp_param_allgather:pg=3,1785477765181842624,3622208,dp_param_allgather,16,98621440,same_rank_edp_ag0,88175159,1785477765185069349,1785477765189345478,1785477765179337272,1.0,iter55:pp1:dp_ag1:round1:dp_param_allgather:pg=3,iter55:pp1:dp_ag1:round1:dp_param_allgather:pg=3:rel-a207e230f823,mock_oisa_scale_1.2,18798433,10008206,8790227,18798433,8790227,1785477765198135705,-1,31398,trace_group_end_lag_clamped,1785477765198104307
7325189,20,1785477765176529555,1,1785477765173108621,0,1785477765189167813,1785477765189167813,dp_ag1,1,16,55,dp_param_allgather:pg=3,1785477765181842624,5313069,dp_param_allgather,16,98621440,same_rank_edp_ag0,87844924,1785477765183104949,1785477765189345478,1785477765179337272,1.0,iter55:pp1:dp_ag1:round1:dp_param_allgather:pg=3,iter55:pp1:dp_ag1:round1:dp_param_allgather:pg=3:rel-a207e230f823,mock_oisa_scale_1.2,18798433,10008206,8790227,18798433,8790227,1785477765198135705,-1,0,trace_group_end_lag_clamped,1785477765198135705
7325189,21,1785477765176049049,1,1785477765173108621,105971,1785477765189061842,1785477765189167813,dp_ag1,1,16,55,dp_param_allgather:pg=3,1785477765181842624,5793575,dp_param_allgather,16,98621440,same_rank_edp_ag0,87456530,1785477765182617035,1785477765189345478,1785477765179337272,1.0,iter55:pp1:dp_ag1:round1:dp_param_allgather:pg=3,iter55:pp1:dp_ag1:round1:dp_param_allgather:pg=3:rel-a207e230f823,mock_oisa_scale_1.2,18798433,10008206,8790227,18798433,8790227,1785477765198135705,-1,105971,trace_group_end_lag_clamped,1785477765198029734
7325189,22,1785477765181842624,1,1785477765173108621,15586,1785477765189152227,1785477765189167813,dp_ag1,1,16,55,dp_param_allgather:pg=3,1785477765181842624,0,dp_param_allgather,16,98621440,same_rank_edp_ag0,88506835,1785477765189345478,1785477765189345478,1785477765179337272,1.0,iter55:pp1:dp_ag1:round1:dp_param_allgather:pg=3,iter55:pp1:dp_ag1:round1:dp_param_allgather:pg=3:rel-a207e230f823,mock_oisa_scale_1.2,18798433,10008206,8790227,18798433,8790227,1785477765198135705,-1,15586,trace_group_end_lag_clamped,1785477765198120119
7325189,23,1785477765174353225,1,1785477765173108621,5731,1785477765189162082,1785477765189167813,dp_ag1,1,16,55,dp_param_allgather:pg=3,1785477765181842624,7489399,dp_param_allgather,16,98621440,same_rank_edp_ag0,86704933,1785477765180717661,1785477765189345478,1785477765179337272,1.0,iter55:pp1:dp_ag1:round1:dp_param_allgather:pg=3,iter55:pp1:dp_ag1:round1:dp_param_allgather:pg=3:rel-a207e230f823,mock_oisa_scale_1.2,18798433,10008206,8790227,18798433,8790227,1785477765198135705,-1,5731,trace_group_end_lag_clamped,1785477765198129974
7325189,24,1785477765176311644,1,1785477765173108621,32241,1785477765189135572,1785477765189167813,dp_ag1,1,16,55,dp_param_allgather:pg=3,1785477765181842624,5530980,dp_param_allgather,16,98621440,same_rank_edp_ag0,87444932,1785477765182932066,1785477765189345478,1785477765179337272,1.0,iter55:pp1:dp_ag1:round1:dp_param_allgather:pg=3,iter55:pp1:dp_ag1:round1:dp_param_allgather:pg=3:rel-a207e230f823,mock_oisa_scale_1.2,18798433,10008206,8790227,18798433,8790227,1785477765198135705,-1,32241,trace_group_end_lag_clamped,1785477765198103464
7325189,25,1785477765175914823,1,1785477765173108621,69487,1785477765189098326,1785477765189167813,dp_ag1,1,16,55,dp_param_allgather:pg=3,1785477765181842624,5927801,dp_param_allgather,16,98621440,same_rank_edp_ag0,87475073,1785477765182439514,1785477765189345478,1785477765179337272,1.0,iter55:pp1:dp_ag1:round1:dp_param_allgather:pg=3,iter55:pp1:dp_ag1:round1:dp_param_allgather:pg=3:rel-a207e230f823,mock_oisa_scale_1.2,18798433,10008206,8790227,18798433,8790227,1785477765198135705,-1,69487,trace_group_end_lag_clamped,1785477765198066218
7325189,26,1785477765173108621,1,1785477765173108621,54877,1785477765189112936,1785477765189167813,dp_ag1,1,16,55,dp_param_allgather:pg=3,1785477765181842624,8734003,dp_param_allgather,16,98621440,same_rank_edp_ag0,86182386,1785477765179337272,1785477765189345478,1785477765179337272,1.0,iter55:pp1:dp_ag1:round1:dp_param_allgather:pg=3,iter55:pp1:dp_ag1:round1:dp_param_allgather:pg=3:rel-a207e230f823,mock_oisa_scale_1.2,18798433,10008206,8790227,18798433,8790227,1785477765198135705,-1,54877,trace_group_end_lag_clamped,1785477765198080828
7325189,27,1785477765177759972,1,1785477765173108621,58916,1785477765189108897,1785477765189167813,dp_ag1,1,16,55,dp_param_allgather:pg=3,1785477765181842624,4082652,dp_param_allgather,16,98621440,same_rank_edp_ag0,87697714,1785477765184608905,1785477765189345478,1785477765179337272,1.0,iter55:pp1:dp_ag1:round1:dp_param_allgather:pg=3,iter55:pp1:dp_ag1:round1:dp_param_allgather:pg=3:rel-a207e230f823,mock_oisa_scale_1.2,18798433,10008206,8790227,18798433,8790227,1785477765198135705,-1,58916,trace_group_end_lag_clamped,1785477765198076789
7325189,28,1785477765176240748,1,1785477765173108621,64256,1785477765189103557,1785477765189167813,dp_ag1,1,16,55,dp_param_allgather:pg=3,1785477765181842624,5601876,dp_param_allgather,16,98621440,same_rank_edp_ag0,87543618,1785477765182816142,1785477765189345478,1785477765179337272,1.0,iter55:pp1:dp_ag1:round1:dp_param_allgather:pg=3,iter55:pp1:dp_ag1:round1:dp_param_allgather:pg=3:rel-a207e230f823,mock_oisa_scale_1.2,18798433,10008206,8790227,18798433,8790227,1785477765198135705,-1,64256,trace_group_end_lag_clamped,1785477765198071449
7325189,29,1785477765176137308,1,1785477765173108621,34275,1785477765189133538,1785477765189167813,dp_ag1,1,16,55,dp_param_allgather:pg=3,1785477765181842624,5705316,dp_param_allgather,16,98621440,same_rank_edp_ag0,87485360,1785477765182705294,1785477765189345478,1785477765179337272,1.0,iter55:pp1:dp_ag1:round1:dp_param_allgather:pg=3,iter55:pp1:dp_ag1:round1:dp_param_allgather:pg=3:rel-a207e230f823,mock_oisa_scale_1.2,18798433,10008206,8790227,18798433,8790227,1785477765198135705,-1,34275,trace_group_end_lag_clamped,1785477765198101430
7325189,30,1785477765180179898,1,1785477765173108621,73794,1785477765189094019,1785477765189167813,dp_ag1,1,16,55,dp_param_allgather:pg=3,1785477765181842624,1662726,dp_param_allgather,16,98621440,same_rank_edp_ag0,86860990,1785477765187682752,1785477765189345478,1785477765179337272,1.0,iter55:pp1:dp_ag1:round1:dp_param_allgather:pg=3,iter55:pp1:dp_ag1:round1:dp_param_allgather:pg=3:rel-a207e230f823,mock_oisa_scale_1.2,18798433,10008206,8790227,18798433,8790227,1785477765198135705,-1,73794,trace_group_end_lag_clamped,1785477765198061911
7325189,31,1785477765175231814,1,1785477765173108621,63642,1785477765189104171,1785477765189167813,dp_ag1,1,16,55,dp_param_allgather:pg=3,1785477765181842624,6610810,dp_param_allgather,16,98621440,same_rank_edp_ag0,87627517,1785477765181596250,1785477765189345478,1785477765179337272,1.0,iter55:pp1:dp_ag1:round1:dp_param_allgather:pg=3,iter55:pp1:dp_ag1:round1:dp_param_allgather:pg=3:rel-a207e230f823,mock_oisa_scale_1.2,18798433,10008206,8790227,18798433,8790227,1785477765198135705,-1,63642,trace_group_end_lag_clamped,1785477765198072063
15643335,16,1785477764375662000,1,1785477764374804854,47300,1785477764511487711,1785477764511535011,dp_rs,0,16,55,dp_grad_reduce_scatter:pg=3,1785477764495891676,120229676,dp_grad_reduce_scatter,16,3155886080,pp_frontier,0,1785477764346512946,1785477764472857090,1785477764341406489,1.0,iter55:pp1:dp_rs:round0:dp_grad_reduce_scatter:pg=3,iter55:pp1:dp_rs:round0:dp_grad_reduce_scatter:pg=3:rel-e285e1ed3259,mock_oisa_scale_1.2,150222603,131450601,18772002,150222603,18772002,1785477764491629092,-1,47300,trace_group_end_lag_clamped,1785477764491581792
15643335,17,1785477764375545415,1,1785477764374804854,53750,1785477764511481261,1785477764511535011,dp_rs,0,16,55,dp_grad_reduce_scatter:pg=3,1785477764495891676,120346261,dp_grad_reduce_scatter,16,3155886080,pp_frontier,0,1785477764341406489,1785477764472857090,1785477764341406489,1.0,iter55:pp1:dp_rs:round0:dp_grad_reduce_scatter:pg=3,iter55:pp1:dp_rs:round0:dp_grad_reduce_scatter:pg=3:rel-e285e1ed3259,mock_oisa_scale_1.2,150222603,131450601,18772002,150222603,18772002,1785477764491629092,-1,53750,trace_group_end_lag_clamped,1785477764491575342
15643335,18,1785477764375104210,1,1785477764374804854,204434,1785477764511330577,1785477764511535011,dp_rs,0,16,55,dp_grad_reduce_scatter:pg=3,1785477764495891676,120787466,dp_grad_reduce_scatter,16,3155886080,pp_frontier,0,1785477764349621811,1785477764472857090,1785477764341406489,1.0,iter55:pp1:dp_rs:round0:dp_grad_reduce_scatter:pg=3,iter55:pp1:dp_rs:round0:dp_grad_reduce_scatter:pg=3:rel-e285e1ed3259,mock_oisa_scale_1.2,150222603,131450601,18772002,150222603,18772002,1785477764491629092,-1,204434,trace_group_end_lag_clamped,1785477764491424658
15643335,19,1785477764375834789,1,1785477764374804854,41211,1785477764511493800,1785477764511535011,dp_rs,0,16,55,dp_grad_reduce_scatter:pg=3,1785477764495891676,120056887,dp_grad_reduce_scatter,16,3155886080,pp_frontier,0,1785477764349075815,1785477764472857090,1785477764341406489,1.0,iter55:pp1:dp_rs:round0:dp_grad_reduce_scatter:pg=3,iter55:pp1:dp_rs:round0:dp_grad_reduce_scatter:pg=3:rel-e285e1ed3259,mock_oisa_scale_1.2,150222603,131450601,18772002,150222603,18772002,1785477764491629092,-1,41211,trace_group_end_lag_clamped,1785477764491587881
15643335,20,1785477764374925690,1,1785477764374804854,30643,1785477764511504368,1785477764511535011,dp_rs,0,16,55,dp_grad_reduce_scatter:pg=3,1785477764495891676,120965986,dp_grad_reduce_scatter,16,3155886080,pp_frontier,0,1785477764354531412,1785477764472857090,1785477764341406489,1.0,iter55:pp1:dp_rs:round0:dp_grad_reduce_scatter:pg=3,iter55:pp1:dp_rs:round0:dp_grad_reduce_scatter:pg=3:rel-e285e1ed3259,mock_oisa_scale_1.2,150222603,131450601,18772002,150222603,18772002,1785477764491629092,-1,30643,trace_group_end_lag_clamped,1785477764491598449
15643335,21,1785477764374804854,1,1785477764374804854,67376,1785477764511467635,1785477764511535011,dp_rs,0,16,55,dp_grad_reduce_scatter:pg=3,1785477764495891676,121086822,dp_grad_reduce_scatter,16,3155886080,pp_frontier,0,1785477764356863799,1785477764472857090,1785477764341406489,1.0,iter55:pp1:dp_rs:round0:dp_grad_reduce_scatter:pg=3,iter55:pp1:dp_rs:round0:dp_grad_reduce_scatter:pg=3:rel-e285e1ed3259,mock_oisa_scale_1.2,150222603,131450601,18772002,150222603,18772002,1785477764491629092,-1,67376,trace_group_end_lag_clamped,1785477764491561716
15643335,22,1785477764376400000,1,1785477764374804854,170837,1785477764511364174,1785477764511535011,dp_rs,0,16,55,dp_grad_reduce_scatter:pg=3,1785477764495891676,119491676,dp_grad_reduce_scatter,16,3155886080,pp_frontier,0,1785477764347387207,1785477764472857090,1785477764341406489,1.0,iter55:pp1:dp_rs:round0:dp_grad_reduce_scatter:pg=3,iter55:pp1:dp_rs:round0:dp_grad_reduce_scatter:pg=3:rel-e285e1ed3259,mock_oisa_scale_1.2,150222603,131450601,18772002,150222603,18772002,1785477764491629092,-1,170837,trace_group_end_lag_clamped,1785477764491458255
15643335,23,1785477764376254916,1,1785477764374804854,28625,1785477764511506386,1785477764511535011,dp_rs,0,16,55,dp_grad_reduce_scatter:pg=3,1785477764495891676,119636760,dp_grad_reduce_scatter,16,3155886080,pp_frontier,0,1785477764344254774,1785477764472857090,1785477764341406489,1.0,iter55:pp1:dp_rs:round0:dp_grad_reduce_scatter:pg=3,iter55:pp1:dp_rs:round0:dp_grad_reduce_scatter:pg=3:rel-e285e1ed3259,mock_oisa_scale_1.2,150222603,131450601,18772002,150222603,18772002,1785477764491629092,-1,28625,trace_group_end_lag_clamped,1785477764491600467
15643335,24,1785477764495537813,1,1785477764374804854,41418,1785477764511493593,1785477764511535011,dp_rs,0,16,55,dp_grad_reduce_scatter:pg=3,1785477764495891676,353863,dp_grad_reduce_scatter,16,3155886080,pp_frontier,0,1785477764451050085,1785477764472857090,1785477764341406489,1.0,iter55:pp1:dp_rs:round0:dp_grad_reduce_scatter:pg=3,iter55:pp1:dp_rs:round0:dp_grad_reduce_scatter:pg=3:rel-e285e1ed3259,mock_oisa_scale_1.2,150222603,131450601,18772002,150222603,18772002,1785477764491629092,-1,41418,trace_group_end_lag_clamped,1785477764491587674
15643335,25,1785477764495891676,1,1785477764374804854,3908,1785477764511531103,1785477764511535011,dp_rs,0,16,55,dp_grad_reduce_scatter:pg=3,1785477764495891676,0,dp_grad_reduce_scatter,16,3155886080,pp_frontier,0,1785477764470881117,1785477764472857090,1785477764341406489,1.0,iter55:pp1:dp_rs:round0:dp_grad_reduce_scatter:pg=3,iter55:pp1:dp_rs:round0:dp_grad_reduce_scatter:pg=3:rel-e285e1ed3259,mock_oisa_scale_1.2,150222603,131450601,18772002,150222603,18772002,1785477764491629092,-1,3908,trace_group_end_lag_clamped,1785477764491625184
15643335,26,1785477764494707136,1,1785477764374804854,0,1785477764511535011,1785477764511535011,dp_rs,0,16,55,dp_grad_reduce_scatter:pg=3,1785477764495891676,1184540,dp_grad_reduce_scatter,16,3155886080,pp_frontier,0,1785477764472847741,1785477764472857090,1785477764341406489,1.0,iter55:pp1:dp_rs:round0:dp_grad_reduce_scatter:pg=3,iter55:pp1:dp_rs:round0:dp_grad_reduce_scatter:pg=3:rel-e285e1ed3259,mock_oisa_scale_1.2,150222603,131450601,18772002,150222603,18772002,1785477764491629092,-1,0,trace_group_end_lag_clamped,1785477764491629092
15643335,27,1785477764493422956,1,1785477764374804854,76584,1785477764511458427,1785477764511535011,dp_rs,0,16,55,dp_grad_reduce_scatter:pg=3,1785477764495891676,2468720,dp_grad_reduce_scatter,16,3155886080,pp_frontier,0,1785477764472857090,1785477764472857090,1785477764341406489,1.0,iter55:pp1:dp_rs:round0:dp_grad_reduce_scatter:pg=3,iter55:pp1:dp_rs:round0:dp_grad_reduce_scatter:pg=3:rel-e285e1ed3259,mock_oisa_scale_1.2,150222603,131450601,18772002,150222603,18772002,1785477764491629092,-1,76584,trace_group_end_lag_clamped,1785477764491552508
15643335,28,1785477764493708504,1,1785477764374804854,22002,1785477764511513009,1785477764511535011,dp_rs,0,16,55,dp_grad_reduce_scatter:pg=3,1785477764495891676,2183172,dp_grad_reduce_scatter,16,3155886080,pp_frontier,0,1785477764472184228,1785477764472857090,1785477764341406489,1.0,iter55:pp1:dp_rs:round0:dp_grad_reduce_scatter:pg=3,iter55:pp1:dp_rs:round0:dp_grad_reduce_scatter:pg=3:rel-e285e1ed3259,mock_oisa_scale_1.2,150222603,131450601,18772002,150222603,18772002,1785477764491629092,-1,22002,trace_group_end_lag_clamped,1785477764491607090
15643335,29,1785477764493766302,1,1785477764374804854,142109,1785477764511392902,1785477764511535011,dp_rs,0,16,55,dp_grad_reduce_scatter:pg=3,1785477764495891676,2125374,dp_grad_reduce_scatter,16,3155886080,pp_frontier,0,1785477764471030219,1785477764472857090,1785477764341406489,1.0,iter55:pp1:dp_rs:round0:dp_grad_reduce_scatter:pg=3,iter55:pp1:dp_rs:round0:dp_grad_reduce_scatter:pg=3:rel-e285e1ed3259,mock_oisa_scale_1.2,150222603,131450601,18772002,150222603,18772002,1785477764491629092,-1,142109,trace_group_end_lag_clamped,1785477764491486983
15643335,30,1785477764495365149,1,1785477764374804854,16530,1785477764511518481,1785477764511535011,dp_rs,0,16,55,dp_grad_reduce_scatter:pg=3,1785477764495891676,526527,dp_grad_reduce_scatter,16,3155886080,pp_frontier,0,1785477764462965591,1785477764472857090,1785477764341406489,1.0,iter55:pp1:dp_rs:round0:dp_grad_reduce_scatter:pg=3,iter55:pp1:dp_rs:round0:dp_grad_reduce_scatter:pg=3:rel-e285e1ed3259,mock_oisa_scale_1.2,150222603,131450601,18772002,150222603,18772002,1785477764491629092,-1,16530,trace_group_end_lag_clamped,1785477764491612562
15643335,31,1785477764495277034,1,1785477764374804854,31375,1785477764511503636,1785477764511535011,dp_rs,0,16,55,dp_grad_reduce_scatter:pg=3,1785477764495891676,614642,dp_grad_reduce_scatter,16,3155886080,pp_frontier,0,1785477764463804492,1785477764472857090,1785477764341406489,1.0,iter55:pp1:dp_rs:round0:dp_grad_reduce_scatter:pg=3,iter55:pp1:dp_rs:round0:dp_grad_reduce_scatter:pg=3:rel-e285e1ed3259,mock_oisa_scale_1.2,150222603,131450601,18772002,150222603,18772002,1785477764491629092,-1,31375,trace_group_end_lag_clamped,1785477764491597717
54527510,16,1785477765034375290,1,1785477765034375290,0,1785477765088913055,1785477765088913055,edp_ag0,0,2,55,expert_dp_param_allgather:pg=1059,1785477765034385545,10255,expert_dp_param_allgather,2,1887436800,same_rank_dp_ag0,10681,1785477765030090210,1785477765030100465,1785477765030090210,1.0,iter55:pp1:edp_ag0:round0:expert_dp_param_allgather:pg=1059,iter55:pp1:edp_ag0:round0:expert_dp_param_allgather:pg=1059:rel-cc60a5310cc1,mock_oisa_scale_1.2,65443267,10255,65433012,65443267,65433012,1785477765095533477,-1,0,trace_group_end_lag_clamped,1785477765095533477
54527510,24,1785477765034385545,1,1785477765034375290,46343,1785477765088866712,1785477765088913055,edp_ag0,0,2,55,expert_dp_param_allgather:pg=1059,1785477765034385545,0,expert_dp_param_allgather,2,1887436800,same_rank_dp_ag0,38681,1785477765030100465,1785477765030100465,1785477765030090210,1.0,iter55:pp1:edp_ag0:round0:expert_dp_param_allgather:pg=1059,iter55:pp1:edp_ag0:round0:expert_dp_param_allgather:pg=1059:rel-cc60a5310cc1,mock_oisa_scale_1.2,65443267,10255,65433012,65443267,65433012,1785477765095533477,-1,46343,trace_group_end_lag_clamped,1785477765095487134
54048855,17,1785477765034356786,1,1785477765034356786,71777,1785477765088367973,1785477765088439750,edp_ag0,0,2,55,expert_dp_param_allgather:pg=1061,1785477765034390895,34109,expert_dp_param_allgather,2,1887436800,same_rank_dp_ag0,32040,1785477765030071706,1785477765030105815,1785477765030071706,1.0,iter55:pp1:edp_ag0:round0:expert_dp_param_allgather:pg=1061,iter55:pp1:edp_ag0:round0:expert_dp_param_allgather:pg=1061:rel-ec7d9f048ff6,mock_oisa_scale_1.2,64892735,34109,64858626,64892735,64858626,1785477765094964441,-1,71777,trace_group_end_lag_clamped,1785477765094892664
54048855,25,1785477765034390895,1,1785477765034356786,0,1785477765088439750,1785477765088439750,edp_ag0,0,2,55,expert_dp_param_allgather:pg=1061,1785477765034390895,0,expert_dp_param_allgather,2,1887436800,same_rank_dp_ag0,10720,1785477765030105815,1785477765030105815,1785477765030071706,1.0,iter55:pp1:edp_ag0:round0:expert_dp_param_allgather:pg=1061,iter55:pp1:edp_ag0:round0:expert_dp_param_allgather:pg=1061:rel-ec7d9f048ff6,mock_oisa_scale_1.2,64892735,34109,64858626,64892735,64858626,1785477765094964441,-1,0,trace_group_end_lag_clamped,1785477765094964441
52568657,18,1785477765034328876,1,1785477765034328876,0,1785477765086969498,1785477765086969498,edp_ag0,0,2,55,expert_dp_param_allgather:pg=1063,1785477765034400841,71965,expert_dp_param_allgather,2,1887436800,same_rank_dp_ag0,12840,1785477765030043796,1785477765030115761,1785477765030043796,1.0,iter55:pp1:edp_ag0:round0:expert_dp_param_allgather:pg=1063,iter55:pp1:edp_ag0:round0:expert_dp_param_allgather:pg=1063:rel-caeba63cfc85,mock_oisa_scale_1.2,63154353,71965,63082388,63154353,63082388,1785477765093198149,-1,0,trace_group_end_lag_clamped,1785477765093198149
52568657,26,1785477765034400841,1,1785477765034328876,43263,1785477765086926235,1785477765086969498,edp_ag0,0,2,55,expert_dp_param_allgather:pg=1063,1785477765034400841,0,expert_dp_param_allgather,2,1887436800,same_rank_dp_ag0,13360,1785477765030115761,1785477765030115761,1785477765030043796,1.0,iter55:pp1:edp_ag0:round0:expert_dp_param_allgather:pg=1063,iter55:pp1:edp_ag0:round0:expert_dp_param_allgather:pg=1063:rel-caeba63cfc85,mock_oisa_scale_1.2,63154353,71965,63082388,63154353,63082388,1785477765093198149,-1,43263,trace_group_end_lag_clamped,1785477765093154886
55670065,19,1785477765034365573,1,1785477765034365573,17001,1785477765090045257,1785477765090062258,edp_ag0,0,2,55,expert_dp_param_allgather:pg=1065,1785477765034392193,26620,expert_dp_param_allgather,2,1887436800,same_rank_dp_ag0,11400,1785477765030080493,1785477765030107113,1785477765030080493,1.0,iter55:pp1:edp_ag0:round0:expert_dp_param_allgather:pg=1065,iter55:pp1:edp_ag0:round0:expert_dp_param_allgather:pg=1065:rel-f92ed78f7ef1,mock_oisa_scale_1.2,66830698,26620,66804078,66830698,66804078,1785477765096911191,-1,17001,trace_group_end_lag_clamped,1785477765096894190
55670065,27,1785477765034392193,1,1785477765034365573,0,1785477765090062258,1785477765090062258,edp_ag0,0,2,55,expert_dp_param_allgather:pg=1065,1785477765034392193,0,expert_dp_param_allgather,2,1887436800,same_rank_dp_ag0,25160,1785477765030107113,1785477765030107113,1785477765030080493,1.0,iter55:pp1:edp_ag0:round0:expert_dp_param_allgather:pg=1065,iter55:pp1:edp_ag0:round0:expert_dp_param_allgather:pg=1065:rel-f92ed78f7ef1,mock_oisa_scale_1.2,66830698,26620,66804078,66830698,66804078,1785477765096911191,-1,0,trace_group_end_lag_clamped,1785477765096911191
54302370,20,1785477765034327461,1,1785477765034327461,12499,1785477765088684631,1785477765088697130,edp_ag0,0,2,55,expert_dp_param_allgather:pg=1067,1785477765034394760,67299,expert_dp_param_allgather,2,1887436800,same_rank_dp_ag0,10711,1785477765030042381,1785477765030109680,1785477765030042381,1.0,iter55:pp1:edp_ag0:round0:expert_dp_param_allgather:pg=1067,iter55:pp1:edp_ag0:round0:expert_dp_param_allgather:pg=1067:rel-c96b3db4e3f4,mock_oisa_scale_1.2,65230143,67299,65162844,65230143,65162844,1785477765095272524,-1,12499,trace_group_end_lag_clamped,1785477765095260025
54302370,28,1785477765034394760,1,1785477765034327461,0,1785477765088697130,1785477765088697130,edp_ag0,0,2,55,expert_dp_param_allgather:pg=1067,1785477765034394760,0,expert_dp_param_allgather,2,1887436800,same_rank_dp_ag0,11640,1785477765030109680,1785477765030109680,1785477765030042381,1.0,iter55:pp1:edp_ag0:round0:expert_dp_param_allgather:pg=1067,iter55:pp1:edp_ag0:round0:expert_dp_param_allgather:pg=1067:rel-c96b3db4e3f4,mock_oisa_scale_1.2,65230143,67299,65162844,65230143,65162844,1785477765095272524,-1,0,trace_group_end_lag_clamped,1785477765095272524
54265332,21,1785477765034386616,1,1785477765034296064,59429,1785477765088592519,1785477765088651948,edp_ag0,0,2,55,expert_dp_param_allgather:pg=1069,1785477765034386616,0,expert_dp_param_allgather,2,1887436800,same_rank_dp_ag0,37801,1785477765030101536,1785477765030101536,1785477765030010984,1.0,iter55:pp1:edp_ag0:round0:expert_dp_param_allgather:pg=1069,iter55:pp1:edp_ag0:round0:expert_dp_param_allgather:pg=1069:rel-157d4fbd9b06,mock_oisa_scale_1.2,65208950,90552,65118398,65208950,65118398,1785477765095219934,-1,59429,trace_group_end_lag_clamped,1785477765095160505
54265332,29,1785477765034296064,1,1785477765034296064,0,1785477765088651948,1785477765088651948,edp_ag0,0,2,55,expert_dp_param_allgather:pg=1069,1785477765034386616,90552,expert_dp_param_allgather,2,1887436800,same_rank_dp_ag0,11120,1785477765030010984,1785477765030101536,1785477765030010984,1.0,iter55:pp1:edp_ag0:round0:expert_dp_param_allgather:pg=1069,iter55:pp1:edp_ag0:round0:expert_dp_param_allgather:pg=1069:rel-157d4fbd9b06,mock_oisa_scale_1.2,65208950,90552,65118398,65208950,65118398,1785477765095219934,-1,0,trace_group_end_lag_clamped,1785477765095219934
58939669,22,1785477765034307326,1,1785477765034307326,0,1785477765093335789,1785477765093335789,edp_ag0,0,2,55,expert_dp_param_allgather:pg=1071,1785477765034396120,88794,expert_dp_param_allgather,2,1887436800,same_rank_dp_ag0,13489,1785477765030022246,1785477765030111040,1785477765030022246,1.0,iter55:pp1:edp_ag0:round0:expert_dp_param_allgather:pg=1071,iter55:pp1:edp_ag0:round0:expert_dp_param_allgather:pg=1071:rel-8fc1a6d628d4,mock_oisa_scale_1.2,70816397,88794,70727603,70816397,70727603,1785477765100838643,-1,0,trace_group_end_lag_clamped,1785477765100838643
58939669,30,1785477765034396120,1,1785477765034307326,16881,1785477765093318908,1785477765093335789,edp_ag0,0,2,55,expert_dp_param_allgather:pg=1071,1785477765034396120,0,expert_dp_param_allgather,2,1887436800,same_rank_dp_ag0,10680,1785477765030111040,1785477765030111040,1785477765030022246,1.0,iter55:pp1:edp_ag0:round0:expert_dp_param_allgather:pg=1071,iter55:pp1:edp_ag0:round0:expert_dp_param_allgather:pg=1071:rel-8fc1a6d628d4,mock_oisa_scale_1.2,70816397,88794,70727603,70816397,70727603,1785477765100838643,-1,16881,trace_group_end_lag_clamped,1785477765100821762
53247579,23,1785477765034371208,1,1785477765034371208,0,1785477765087648292,1785477765087648292,edp_ag0,0,2,55,expert_dp_param_allgather:pg=1073,1785477765034400713,29505,expert_dp_param_allgather,2,1887436800,same_rank_dp_ag0,56880,1785477765030086128,1785477765030115633,1785477765030086128,1.0,iter55:pp1:edp_ag0:round0:expert_dp_param_allgather:pg=1073,iter55:pp1:edp_ag0:round0:expert_dp_param_allgather:pg=1073:rel-32bfd1c04011,mock_oisa_scale_1.2,63926600,29505,63897095,63926600,63897095,1785477765094012728,-1,0,trace_group_end_lag_clamped,1785477765094012728
53247579,31,1785477765034400713,1,1785477765034371208,43995,1785477765087604297,1785477765087648292,edp_ag0,0,2,55,expert_dp_param_allgather:pg=1073,1785477765034400713,0,expert_dp_param_allgather,2,1887436800,same_rank_dp_ag0,19160,1785477765030115633,1785477765030115633,1785477765030086128,1.0,iter55:pp1:edp_ag0:round0:expert_dp_param_allgather:pg=1073,iter55:pp1:edp_ag0:round0:expert_dp_param_allgather:pg=1073:rel-32bfd1c04011,mock_oisa_scale_1.2,63926600,29505,63897095,63926600,63897095,1785477765094012728,-1,43995,trace_group_end_lag_clamped,1785477765093968733
57911421,16,1785477765189144261,1,1785477765189144261,0,1785477765247058593,1785477765247058593,edp_ag1,1,2,55,expert_dp_param_allgather:pg=1059,1785477765189147172,2911,expert_dp_param_allgather,2,1887436800,same_rank_dp_ag1,11120,1785477765198112153,1785477765198115064,1785477765198112153,1.0,iter55:pp1:edp_ag1:round1:expert_dp_param_allgather:pg=1059,iter55:pp1:edp_ag1:round1:expert_dp_param_allgather:pg=1059:rel-e92df965e193,mock_oisa_scale_1.2,69496616,2911,69493705,69496616,69493705,1785477765267608769,-1,0,trace_group_end_lag_clamped,1785477765267608769
57911421,24,1785477765189147172,1,1785477765189144261,19521,1785477765247039072,1785477765247058593,edp_ag1,1,2,55,expert_dp_param_allgather:pg=1059,1785477765189147172,0,expert_dp_param_allgather,2,1887436800,same_rank_dp_ag1,11600,1785477765198115064,1785477765198115064,1785477765198112153,1.0,iter55:pp1:edp_ag1:round1:expert_dp_param_allgather:pg=1059,iter55:pp1:edp_ag1:round1:expert_dp_param_allgather:pg=1059:rel-e92df965e193,mock_oisa_scale_1.2,69496616,2911,69493705,69496616,69493705,1785477765267608769,-1,19521,trace_group_end_lag_clamped,1785477765267589248
52231380,17,1785477765189176196,1,1785477765189109126,0,1785477765241407576,1785477765241407576,edp_ag1,1,2,55,expert_dp_param_allgather:pg=1061,1785477765189176196,0,expert_dp_param_allgather,2,1887436800,same_rank_dp_ag1,10720,1785477765198144088,1785477765198144088,1785477765198077018,1.0,iter55:pp1:edp_ag1:round1:expert_dp_param_allgather:pg=1061,iter55:pp1:edp_ag1:round1:expert_dp_param_allgather:pg=1061:rel-9930cdcebcf9,mock_oisa_scale_1.2,62744726,67070,62677656,62744726,62677656,1785477765260821744,-1,0,trace_group_end_lag_clamped,1785477765260821744
52231380,25,1785477765189109126,1,1785477765189109126,25519,1785477765241382057,1785477765241407576,edp_ag1,1,2,55,expert_dp_param_allgather:pg=1061,1785477765189176196,67070,expert_dp_param_allgather,2,1887436800,same_rank_dp_ag1,10800,1785477765198077018,1785477765198144088,1785477765198077018,1.0,iter55:pp1:edp_ag1:round1:expert_dp_param_allgather:pg=1061,iter55:pp1:edp_ag1:round1:expert_dp_param_allgather:pg=1061:rel-9930cdcebcf9,mock_oisa_scale_1.2,62744726,67070,62677656,62744726,62677656,1785477765260821744,-1,25519,trace_group_end_lag_clamped,1785477765260796225
53502986,18,1785477765189171482,1,1785477765189146896,0,1785477765242674468,1785477765242674468,edp_ag1,1,2,55,expert_dp_param_allgather:pg=1063,1785477765189171482,0,expert_dp_param_allgather,2,1887436800,same_rank_dp_ag1,12360,1785477765198139374,1785477765198139374,1785477765198114788,1.0,iter55:pp1:edp_ag1:round1:expert_dp_param_allgather:pg=1063,iter55:pp1:edp_ag1:round1:expert_dp_param_allgather:pg=1063:rel-b7ca74b087fa,mock_oisa_scale_1.2,64228169,24586,64203583,64228169,64203583,1785477765262342957,-1,0,trace_group_end_lag_clamped,1785477765262342957
53502986,26,1785477765189146896,1,1785477765189146896,73496,1785477765242600972,1785477765242674468,edp_ag1,1,2,55,expert_dp_param_allgather:pg=1063,1785477765189171482,24586,expert_dp_param_allgather,2,1887436800,same_rank_dp_ag1,33960,1785477765198114788,1785477765198139374,1785477765198114788,1.0,iter55:pp1:edp_ag1:round1:expert_dp_param_allgather:pg=1063,iter55:pp1:edp_ag1:round1:expert_dp_param_allgather:pg=1063:rel-b7ca74b087fa,mock_oisa_scale_1.2,64228169,24586,64203583,64228169,64203583,1785477765262342957,-1,73496,trace_group_end_lag_clamped,1785477765262269461
54463943,19,1785477765189200055,1,1785477765189131497,21908,1785477765243642090,1785477765243663998,edp_ag1,1,2,55,expert_dp_param_allgather:pg=1065,1785477765189200055,0,expert_dp_param_allgather,2,1887436800,same_rank_dp_ag1,63640,1785477765198167947,1785477765198167947,1785477765198099389,1.0,iter55:pp1:edp_ag1:round1:expert_dp_param_allgather:pg=1065,iter55:pp1:edp_ag1:round1:expert_dp_param_allgather:pg=1065:rel-8b237926f52c,mock_oisa_scale_1.2,65425290,68558,65356732,65425290,65356732,1785477765263524679,-1,21908,trace_group_end_lag_clamped,1785477765263502771
54463943,27,1785477765189131497,1,1785477765189131497,0,1785477765243663998,1785477765243663998,edp_ag1,1,2,55,expert_dp_param_allgather:pg=1065,1785477765189200055,68558,expert_dp_param_allgather,2,1887436800,same_rank_dp_ag1,22600,1785477765198099389,1785477765198167947,1785477765198099389,1.0,iter55:pp1:edp_ag1:round1:expert_dp_param_allgather:pg=1065,iter55:pp1:edp_ag1:round1:expert_dp_param_allgather:pg=1065:rel-8b237926f52c,mock_oisa_scale_1.2,65425290,68558,65356732,65425290,65356732,1785477765263524679,-1,0,trace_group_end_lag_clamped,1785477765263524679
55040853,20,1785477765189179253,1,1785477765189114197,0,1785477765244220106,1785477765244220106,edp_ag1,1,2,55,expert_dp_param_allgather:pg=1067,1785477765189179253,0,expert_dp_param_allgather,2,1887436800,same_rank_dp_ag1,11440,1785477765198147145,1785477765198147145,1785477765198082089,1.0,iter55:pp1:edp_ag1:round1:expert_dp_param_allgather:pg=1067,iter55:pp1:edp_ag1:round1:expert_dp_param_allgather:pg=1067:rel-ba2f51280233,mock_oisa_scale_1.2,66114080,65056,66049024,66114080,66049024,1785477765264196169,-1,0,trace_group_end_lag_clamped,1785477765264196169
55040853,28,1785477765189114197,1,1785477765189114197,22336,1785477765244197770,1785477765244220106,edp_ag1,1,2,55,expert_dp_param_allgather:pg=1067,1785477765189179253,65056,expert_dp_param_allgather,2,1887436800,same_rank_dp_ag1,10640,1785477765198082089,1785477765198147145,1785477765198082089,1.0,iter55:pp1:edp_ag1:round1:expert_dp_param_allgather:pg=1067,iter55:pp1:edp_ag1:round1:expert_dp_param_allgather:pg=1067:rel-ba2f51280233,mock_oisa_scale_1.2,66114080,65056,66049024,66114080,66049024,1785477765264196169,-1,22336,trace_group_end_lag_clamped,1785477765264173833
52538479,21,1785477765189091362,1,1785477765189091362,0,1785477765241719097,1785477765241719097,edp_ag1,1,2,55,expert_dp_param_allgather:pg=1069,1785477765189180618,89256,expert_dp_param_allgather,2,1887436800,same_rank_dp_ag1,29520,1785477765198059254,1785477765198148510,1785477765198059254,1.0,iter55:pp1:edp_ag1:round1:expert_dp_param_allgather:pg=1069,iter55:pp1:edp_ag1:round1:expert_dp_param_allgather:pg=1069:rel-953dfa37226a,mock_oisa_scale_1.2,63135431,89256,63046175,63135431,63046175,1785477765261194685,-1,0,trace_group_end_lag_clamped,1785477765261194685
52538479,29,1785477765189180618,1,1785477765189091362,17079,1785477765241702018,1785477765241719097,edp_ag1,1,2,55,expert_dp_param_allgather:pg=1069,1785477765189180618,0,expert_dp_param_allgather,2,1887436800,same_rank_dp_ag1,47080,1785477765198148510,1785477765198148510,1785477765198059254,1.0,iter55:pp1:edp_ag1:round1:expert_dp_param_allgather:pg=1069,iter55:pp1:edp_ag1:round1:expert_dp_param_allgather:pg=1069:rel-953dfa37226a,mock_oisa_scale_1.2,63135431,89256,63046175,63135431,63046175,1785477765261194685,-1,17079,trace_group_end_lag_clamped,1785477765261177606
54739662,22,1785477765189164067,1,1785477765189109579,0,1785477765243903729,1785477765243903729,edp_ag1,1,2,55,expert_dp_param_allgather:pg=1071,1785477765189164067,0,expert_dp_param_allgather,2,1887436800,same_rank_dp_ag1,11840,1785477765198131959,1785477765198131959,1785477765198077471,1.0,iter55:pp1:edp_ag1:round1:expert_dp_param_allgather:pg=1071,iter55:pp1:edp_ag1:round1:expert_dp_param_allgather:pg=1071:rel-64f80fcff21b,mock_oisa_scale_1.2,65742082,54488,65687594,65742082,65687594,1785477765263819553,-1,0,trace_group_end_lag_clamped,1785477765263819553
54739662,30,1785477765189109579,1,1785477765189109579,41903,1785477765243861826,1785477765243903729,edp_ag1,1,2,55,expert_dp_param_allgather:pg=1071,1785477765189164067,54488,expert_dp_param_allgather,2,1887436800,same_rank_dp_ag1,15560,1785477765198077471,1785477765198131959,1785477765198077471,1.0,iter55:pp1:edp_ag1:round1:expert_dp_param_allgather:pg=1071,iter55:pp1:edp_ag1:round1:expert_dp_param_allgather:pg=1071:rel-64f80fcff21b,mock_oisa_scale_1.2,65742082,54488,65687594,65742082,65687594,1785477765263819553,-1,41903,trace_group_end_lag_clamped,1785477765263777650
52382991,23,1785477765189201482,1,1785477765189115851,53350,1785477765241531123,1785477765241584473,edp_ag1,1,2,55,expert_dp_param_allgather:pg=1073,1785477765189201482,0,expert_dp_param_allgather,2,1887436800,same_rank_dp_ag1,39400,1785477765198169374,1785477765198169374,1785477765198083743,1.0,iter55:pp1:edp_ag1:round1:expert_dp_param_allgather:pg=1073,iter55:pp1:edp_ag1:round1:expert_dp_param_allgather:pg=1073:rel-b9e45399e4ae,mock_oisa_scale_1.2,62945220,85631,62859589,62945220,62859589,1785477765261028963,-1,53350,trace_group_end_lag_clamped,1785477765260975613
52382991,31,1785477765189115851,1,1785477765189115851,0,1785477765241584473,1785477765241584473,edp_ag1,1,2,55,expert_dp_param_allgather:pg=1073,1785477765189201482,85631,expert_dp_param_allgather,2,1887436800,same_rank_dp_ag1,11680,1785477765198083743,1785477765198169374,1785477765198083743,1.0,iter55:pp1:edp_ag1:round1:expert_dp_param_allgather:pg=1073,iter55:pp1:edp_ag1:round1:expert_dp_param_allgather:pg=1073:rel-b9e45399e4ae,mock_oisa_scale_1.2,62945220,85631,62859589,62945220,62859589,1785477765261028963,-1,0,trace_group_end_lag_clamped,1785477765261028963
208755309,16,1785477764528970694,1,1785477764528831299,0,1785477764737726003,1785477764737726003,edp_rs,0,2,55,expert_dp_grad_reduce_scatter:pg=1059,1785477764528970694,0,expert_dp_grad_reduce_scatter,2,7549747200,same_rank_dp_rs,17482983,1785477764509064775,1785477764509064775,1785477764508925380,1.0,iter55:pp1:edp_rs:round0:expert_dp_grad_reduce_scatter:pg=1059,iter55:pp1:edp_rs:round0:expert_dp_grad_reduce_scatter:pg=1059:rel-2afe772e0e28,mock_oisa_scale_1.2,250645766,139395,250506371,250645766,250506371,1785477764759571146,-1,0,trace_group_end_lag_clamped,1785477764759571146
208755309,24,1785477764528831299,1,1785477764528831299,74315,1785477764737651688,1785477764737726003,edp_rs,0,2,55,expert_dp_grad_reduce_scatter:pg=1059,1785477764528970694,139395,expert_dp_grad_reduce_scatter,2,7549747200,same_rank_dp_rs,17337706,1785477764508925380,1785477764509064775,1785477764508925380,1.0,iter55:pp1:edp_rs:round0:expert_dp_grad_reduce_scatter:pg=1059,iter55:pp1:edp_rs:round0:expert_dp_grad_reduce_scatter:pg=1059:rel-2afe772e0e28,mock_oisa_scale_1.2,250645766,139395,250506371,250645766,250506371,1785477764759571146,-1,74315,trace_group_end_lag_clamped,1785477764759496831
212243524,17,1785477764529219254,1,1785477764529061534,0,1785477764741462778,1785477764741462778,edp_rs,0,2,55,expert_dp_grad_reduce_scatter:pg=1061,1785477764529219254,0,expert_dp_grad_reduce_scatter,2,7549747200,same_rank_dp_rs,17737993,1785477764509313335,1785477764509313335,1785477764509155615,1.0,iter55:pp1:edp_rs:round0:expert_dp_grad_reduce_scatter:pg=1061,iter55:pp1:edp_rs:round0:expert_dp_grad_reduce_scatter:pg=1061:rel-bb3f7ab23c96,mock_oisa_scale_1.2,254849949,157720,254692229,254849949,254692229,1785477764764005564,-1,0,trace_group_end_lag_clamped,1785477764764005564
212243524,25,1785477764529061534,1,1785477764529061534,56632,1785477764741406146,1785477764741462778,edp_rs,0,2,55,expert_dp_grad_reduce_scatter:pg=1061,1785477764529219254,157720,expert_dp_grad_reduce_scatter,2,7549747200,same_rank_dp_rs,17530431,1785477764509155615,1785477764509313335,1785477764509155615,1.0,iter55:pp1:edp_rs:round0:expert_dp_grad_reduce_scatter:pg=1061,iter55:pp1:edp_rs:round0:expert_dp_grad_reduce_scatter:pg=1061:rel-bb3f7ab23c96,mock_oisa_scale_1.2,254849949,157720,254692229,254849949,254692229,1785477764764005564,-1,56632,trace_group_end_lag_clamped,1785477764763948932
210610364,18,1785477764529045827,1,1785477764528894927,0,1785477764739656191,1785477764739656191,edp_rs,0,2,55,expert_dp_grad_reduce_scatter:pg=1063,1785477764529045827,0,expert_dp_grad_reduce_scatter,2,7549747200,same_rank_dp_rs,17715250,1785477764509139908,1785477764509139908,1785477764508989008,1.0,iter55:pp1:edp_rs:round0:expert_dp_grad_reduce_scatter:pg=1063,iter55:pp1:edp_rs:round0:expert_dp_grad_reduce_scatter:pg=1063:rel-24b1075fef7f,mock_oisa_scale_1.2,252883337,150900,252732437,252883337,252732437,1785477764761872345,-1,0,trace_group_end_lag_clamped,1785477764761872345
210610364,26,1785477764528894927,1,1785477764528894927,76947,1785477764739579244,1785477764739656191,edp_rs,0,2,55,expert_dp_grad_reduce_scatter:pg=1063,1785477764529045827,150900,expert_dp_grad_reduce_scatter,2,7549747200,same_rank_dp_rs,17359916,1785477764508989008,1785477764509139908,1785477764508989008,1.0,iter55:pp1:edp_rs:round0:expert_dp_grad_reduce_scatter:pg=1063,iter55:pp1:edp_rs:round0:expert_dp_grad_reduce_scatter:pg=1063:rel-24b1075fef7f,mock_oisa_scale_1.2,252883337,150900,252732437,252883337,252732437,1785477764761872345,-1,76947,trace_group_end_lag_clamped,1785477764761795398
208340031,19,1785477764529084206,1,1785477764529059096,75260,1785477764737348977,1785477764737424237,edp_rs,0,2,55,expert_dp_grad_reduce_scatter:pg=1065,1785477764529084206,0,expert_dp_grad_reduce_scatter,2,7549747200,same_rank_dp_rs,17590406,1785477764509178287,1785477764509178287,1785477764509153177,1.0,iter55:pp1:edp_rs:round0:expert_dp_grad_reduce_scatter:pg=1065,iter55:pp1:edp_rs:round0:expert_dp_grad_reduce_scatter:pg=1065:rel-d9659fa15c73,mock_oisa_scale_1.2,250033147,25110,250008037,250033147,250008037,1785477764759186324,-1,75260,trace_group_end_lag_clamped,1785477764759111064
208340031,27,1785477764529059096,1,1785477764529059096,0,1785477764737424237,1785477764737424237,edp_rs,0,2,55,expert_dp_grad_reduce_scatter:pg=1065,1785477764529084206,25110,expert_dp_grad_reduce_scatter,2,7549747200,same_rank_dp_rs,17600669,1785477764509153177,1785477764509178287,1785477764509153177,1.0,iter55:pp1:edp_rs:round0:expert_dp_grad_reduce_scatter:pg=1065,iter55:pp1:edp_rs:round0:expert_dp_grad_reduce_scatter:pg=1065:rel-d9659fa15c73,mock_oisa_scale_1.2,250033147,25110,250008037,250033147,250008037,1785477764759186324,-1,0,trace_group_end_lag_clamped,1785477764759186324
212219331,20,1785477764529277143,1,1785477764528898832,0,1785477764741496474,1785477764741496474,edp_rs,0,2,55,expert_dp_grad_reduce_scatter:pg=1067,1785477764529277143,0,expert_dp_grad_reduce_scatter,2,7549747200,same_rank_dp_rs,17772775,1785477764509371224,1785477764509371224,1785477764508992913,1.0,iter55:pp1:edp_rs:round0:expert_dp_grad_reduce_scatter:pg=1067,iter55:pp1:edp_rs:round0:expert_dp_grad_reduce_scatter:pg=1067:rel-b2c47db54841,mock_oisa_scale_1.2,255041508,378311,254663197,255041508,254663197,1785477764764034421,-1,0,trace_group_end_lag_clamped,1785477764764034421
212219331,28,1785477764528898832,1,1785477764528898832,52665,1785477764741443809,1785477764741496474,edp_rs,0,2,55,expert_dp_grad_reduce_scatter:pg=1067,1785477764529277143,378311,expert_dp_grad_reduce_scatter,2,7549747200,same_rank_dp_rs,17385823,1785477764508992913,1785477764509371224,1785477764508992913,1.0,iter55:pp1:edp_rs:round0:expert_dp_grad_reduce_scatter:pg=1067,iter55:pp1:edp_rs:round0:expert_dp_grad_reduce_scatter:pg=1067:rel-b2c47db54841,mock_oisa_scale_1.2,255041508,378311,254663197,255041508,254663197,1785477764764034421,-1,52665,trace_group_end_lag_clamped,1785477764763981756
207590190,21,1785477764528965175,1,1785477764528965175,71692,1785477764736490720,1785477764736562412,edp_rs,0,2,55,expert_dp_grad_reduce_scatter:pg=1069,1785477764528972222,7047,expert_dp_grad_reduce_scatter,2,7549747200,same_rank_dp_rs,17497540,1785477764509059256,1785477764509066303,1785477764509059256,1.0,iter55:pp1:edp_rs:round0:expert_dp_grad_reduce_scatter:pg=1069,iter55:pp1:edp_rs:round0:expert_dp_grad_reduce_scatter:pg=1069:rel-ce6031e473de,mock_oisa_scale_1.2,249115275,7047,249108228,249115275,249108228,1785477764758174531,-1,71692,trace_group_end_lag_clamped,1785477764758102839
207590190,29,1785477764528972222,1,1785477764528965175,0,1785477764736562412,1785477764736562412,edp_rs,0,2,55,expert_dp_grad_reduce_scatter:pg=1069,1785477764528972222,0,expert_dp_grad_reduce_scatter,2,7549747200,same_rank_dp_rs,17579320,1785477764509066303,1785477764509066303,1785477764509059256,1.0,iter55:pp1:edp_rs:round0:expert_dp_grad_reduce_scatter:pg=1069,iter55:pp1:edp_rs:round0:expert_dp_grad_reduce_scatter:pg=1069:rel-ce6031e473de,mock_oisa_scale_1.2,249115275,7047,249108228,249115275,249108228,1785477764758174531,-1,0,trace_group_end_lag_clamped,1785477764758174531
214761093,22,1785477764528950047,1,1785477764528950047,48850,1785477764744185408,1785477764744234258,edp_rs,0,2,55,expert_dp_grad_reduce_scatter:pg=1071,1785477764529473165,523118,expert_dp_grad_reduce_scatter,2,7549747200,same_rank_dp_rs,17585873,1785477764509044128,1785477764509567246,1785477764509044128,1.0,iter55:pp1:edp_rs:round0:expert_dp_grad_reduce_scatter:pg=1071,iter55:pp1:edp_rs:round0:expert_dp_grad_reduce_scatter:pg=1071:rel-811b79c8a7f4,mock_oisa_scale_1.2,258236430,523118,257713312,258236430,257713312,1785477764767280558,-1,48850,trace_group_end_lag_clamped,1785477764767231708
214761093,30,1785477764529473165,1,1785477764528950047,0,1785477764744234258,1785477764744234258,edp_rs,0,2,55,expert_dp_grad_reduce_scatter:pg=1071,1785477764529473165,0,expert_dp_grad_reduce_scatter,2,7549747200,same_rank_dp_rs,17954684,1785477764509567246,1785477764509567246,1785477764509044128,1.0,iter55:pp1:edp_rs:round0:expert_dp_grad_reduce_scatter:pg=1071,iter55:pp1:edp_rs:round0:expert_dp_grad_reduce_scatter:pg=1071:rel-811b79c8a7f4,mock_oisa_scale_1.2,258236430,523118,257713312,258236430,257713312,1785477764767280558,-1,0,trace_group_end_lag_clamped,1785477764767280558
209334331,23,1785477764529316858,1,1785477764529193761,0,1785477764738651189,1785477764738651189,edp_rs,0,2,55,expert_dp_grad_reduce_scatter:pg=1073,1785477764529316858,0,expert_dp_grad_reduce_scatter,2,7549747200,same_rank_dp_rs,17810472,1785477764509410939,1785477764509410939,1785477764509287842,1.0,iter55:pp1:edp_rs:round0:expert_dp_grad_reduce_scatter:pg=1073,iter55:pp1:edp_rs:round0:expert_dp_grad_reduce_scatter:pg=1073:rel-5255528a9a39,mock_oisa_scale_1.2,251324294,123097,251201197,251324294,251201197,1785477764760612136,-1,0,trace_group_end_lag_clamped,1785477764760612136
209334331,31,1785477764529193761,1,1785477764529193761,79886,1785477764738571303,1785477764738651189,edp_rs,0,2,55,expert_dp_grad_reduce_scatter:pg=1073,1785477764529316858,123097,expert_dp_grad_reduce_scatter,2,7549747200,same_rank_dp_rs,17690125,1785477764509287842,1785477764509410939,1785477764509287842,1.0,iter55:pp1:edp_rs:round0:expert_dp_grad_reduce_scatter:pg=1073,iter55:pp1:edp_rs:round0:expert_dp_grad_reduce_scatter:pg=1073:rel-5255528a9a39,mock_oisa_scale_1.2,251324294,123097,251201197,251324294,251201197,1785477764760612136,-1,79886,trace_group_end_lag_clamped,1785477764760532250
7466595,32,1785477765025531550,2,1785477765025502132,10189,1785477765034181047,1785477765034191236,dp_ag0,0,16,55,dp_param_allgather:pg=5,1785477765026724641,1193091,dp_param_allgather,16,98621440,world_rs_done,28855293,1785477765019715227,1785477765020908318,1785477765019685809,1.0,iter55:pp2:dp_ag0:round0:dp_param_allgather:pg=5,iter55:pp2:dp_ag0:round0:dp_param_allgather:pg=5:rel-2c5e91d5d852,mock_oisa_scale_1.2,10182423,1222509,8959914,10182423,8959914,1785477765029868232,-1,10189,trace_group_end_lag_clamped,1785477765029858043
7466595,33,1785477765025801925,2,1785477765025502132,17924,1785477765034173312,1785477765034191236,dp_ag0,0,16,55,dp_param_allgather:pg=5,1785477765026724641,922716,dp_param_allgather,16,98621440,world_rs_done,29125668,1785477765019985602,1785477765020908318,1785477765019685809,1.0,iter55:pp2:dp_ag0:round0:dp_param_allgather:pg=5,iter55:pp2:dp_ag0:round0:dp_param_allgather:pg=5:rel-2c5e91d5d852,mock_oisa_scale_1.2,10182423,1222509,8959914,10182423,8959914,1785477765029868232,-1,17924,trace_group_end_lag_clamped,1785477765029850308
7466595,34,1785477765025640263,2,1785477765025502132,6735,1785477765034184501,1785477765034191236,dp_ag0,0,16,55,dp_param_allgather:pg=5,1785477765026724641,1084378,dp_param_allgather,16,98621440,world_rs_done,28964006,1785477765019823940,1785477765020908318,1785477765019685809,1.0,iter55:pp2:dp_ag0:round0:dp_param_allgather:pg=5,iter55:pp2:dp_ag0:round0:dp_param_allgather:pg=5:rel-2c5e91d5d852,mock_oisa_scale_1.2,10182423,1222509,8959914,10182423,8959914,1785477765029868232,-1,6735,trace_group_end_lag_clamped,1785477765029861497
7466595,35,1785477765026724641,2,1785477765025502132,0,1785477765034191236,1785477765034191236,dp_ag0,0,16,55,dp_param_allgather:pg=5,1785477765026724641,0,dp_param_allgather,16,98621440,world_rs_done,30048384,1785477765020908318,1785477765020908318,1785477765019685809,1.0,iter55:pp2:dp_ag0:round0:dp_param_allgather:pg=5,iter55:pp2:dp_ag0:round0:dp_param_allgather:pg=5:rel-2c5e91d5d852,mock_oisa_scale_1.2,10182423,1222509,8959914,10182423,8959914,1785477765029868232,-1,0,trace_group_end_lag_clamped,1785477765029868232
7466595,36,1785477765026068726,2,1785477765025502132,2960,1785477765034188276,1785477765034191236,dp_ag0,0,16,55,dp_param_allgather:pg=5,1785477765026724641,655915,dp_param_allgather,16,98621440,world_rs_done,29392469,1785477765020252403,1785477765020908318,1785477765019685809,1.0,iter55:pp2:dp_ag0:round0:dp_param_allgather:pg=5,iter55:pp2:dp_ag0:round0:dp_param_allgather:pg=5:rel-2c5e91d5d852,mock_oisa_scale_1.2,10182423,1222509,8959914,10182423,8959914,1785477765029868232,-1,2960,trace_group_end_lag_clamped,1785477765029865272
7466595,37,1785477765025665679,2,1785477765025502132,16253,1785477765034174983,1785477765034191236,dp_ag0,0,16,55,dp_param_allgather:pg=5,1785477765026724641,1058962,dp_param_allgather,16,98621440,world_rs_done,28989422,1785477765019849356,1785477765020908318,1785477765019685809,1.0,iter55:pp2:dp_ag0:round0:dp_param_allgather:pg=5,iter55:pp2:dp_ag0:round0:dp_param_allgather:pg=5:rel-2c5e91d5d852,mock_oisa_scale_1.2,10182423,1222509,8959914,10182423,8959914,1785477765029868232,-1,16253,trace_group_end_lag_clamped,1785477765029851979
7466595,38,1785477765025670272,2,1785477765025502132,240,1785477765034190996,1785477765034191236,dp_ag0,0,16,55,dp_param_allgather:pg=5,1785477765026724641,1054369,dp_param_allgather,16,98621440,world_rs_done,28994015,1785477765019853949,1785477765020908318,1785477765019685809,1.0,iter55:pp2:dp_ag0:round0:dp_param_allgather:pg=5,iter55:pp2:dp_ag0:round0:dp_param_allgather:pg=5:rel-2c5e91d5d852,mock_oisa_scale_1.2,10182423,1222509,8959914,10182423,8959914,1785477765029868232,-1,240,trace_group_end_lag_clamped,1785477765029867992
7466595,39,1785477765025746433,2,1785477765025502132,59986,1785477765034131250,1785477765034191236,dp_ag0,0,16,55,dp_param_allgather:pg=5,1785477765026724641,978208,dp_param_allgather,16,98621440,world_rs_done,29070176,1785477765019930110,1785477765020908318,1785477765019685809,1.0,iter55:pp2:dp_ag0:round0:dp_param_allgather:pg=5,iter55:pp2:dp_ag0:round0:dp_param_allgather:pg=5:rel-2c5e91d5d852,mock_oisa_scale_1.2,10182423,1222509,8959914,10182423,8959914,1785477765029868232,-1,59986,trace_group_end_lag_clamped,1785477765029808246
7466595,40,1785477765025502132,2,1785477765025502132,34480,1785477765034156756,1785477765034191236,dp_ag0,0,16,55,dp_param_allgather:pg=5,1785477765026724641,1222509,dp_param_allgather,16,98621440,world_rs_done,28825875,1785477765019685809,1785477765020908318,1785477765019685809,1.0,iter55:pp2:dp_ag0:round0:dp_param_allgather:pg=5,iter55:pp2:dp_ag0:round0:dp_param_allgather:pg=5:rel-2c5e91d5d852,mock_oisa_scale_1.2,10182423,1222509,8959914,10182423,8959914,1785477765029868232,-1,34480,trace_group_end_lag_clamped,1785477765029833752
7466595,41,1785477765025691460,2,1785477765025502132,39981,1785477765034151255,1785477765034191236,dp_ag0,0,16,55,dp_param_allgather:pg=5,1785477765026724641,1033181,dp_param_allgather,16,98621440,world_rs_done,29015203,1785477765019875137,1785477765020908318,1785477765019685809,1.0,iter55:pp2:dp_ag0:round0:dp_param_allgather:pg=5,iter55:pp2:dp_ag0:round0:dp_param_allgather:pg=5:rel-2c5e91d5d852,mock_oisa_scale_1.2,10182423,1222509,8959914,10182423,8959914,1785477765029868232,-1,39981,trace_group_end_lag_clamped,1785477765029828251
7466595,42,1785477765025741069,2,1785477765025502132,102617,1785477765034088619,1785477765034191236,dp_ag0,0,16,55,dp_param_allgather:pg=5,1785477765026724641,983572,dp_param_allgather,16,98621440,world_rs_done,29064812,1785477765019924746,1785477765020908318,1785477765019685809,1.0,iter55:pp2:dp_ag0:round0:dp_param_allgather:pg=5,iter55:pp2:dp_ag0:round0:dp_param_allgather:pg=5:rel-2c5e91d5d852,mock_oisa_scale_1.2,10182423,1222509,8959914,10182423,8959914,1785477765029868232,-1,102617,trace_group_end_lag_clamped,1785477765029765615
7466595,43,1785477765026238101,2,1785477765025502132,107281,1785477765034083955,1785477765034191236,dp_ag0,0,16,55,dp_param_allgather:pg=5,1785477765026724641,486540,dp_param_allgather,16,98621440,world_rs_done,29561844,1785477765020421778,1785477765020908318,1785477765019685809,1.0,iter55:pp2:dp_ag0:round0:dp_param_allgather:pg=5,iter55:pp2:dp_ag0:round0:dp_param_allgather:pg=5:rel-2c5e91d5d852,mock_oisa_scale_1.2,10182423,1222509,8959914,10182423,8959914,1785477765029868232,-1,107281,trace_group_end_lag_clamped,1785477765029760951
7466595,44,1785477765025760176,2,1785477765025502132,92327,1785477765034098909,1785477765034191236,dp_ag0,0,16,55,dp_param_allgather:pg=5,1785477765026724641,964465,dp_param_allgather,16,98621440,world_rs_done,29083919,1785477765019943853,1785477765020908318,1785477765019685809,1.0,iter55:pp2:dp_ag0:round0:dp_param_allgather:pg=5,iter55:pp2:dp_ag0:round0:dp_param_allgather:pg=5:rel-2c5e91d5d852,mock_oisa_scale_1.2,10182423,1222509,8959914,10182423,8959914,1785477765029868232,-1,92327,trace_group_end_lag_clamped,1785477765029775905
7466595,45,1785477765025677877,2,1785477765025502132,47581,1785477765034143655,1785477765034191236,dp_ag0,0,16,55,dp_param_allgather:pg=5,1785477765026724641,1046764,dp_param_allgather,16,98621440,world_rs_done,29001620,1785477765019861554,1785477765020908318,1785477765019685809,1.0,iter55:pp2:dp_ag0:round0:dp_param_allgather:pg=5,iter55:pp2:dp_ag0:round0:dp_param_allgather:pg=5:rel-2c5e91d5d852,mock_oisa_scale_1.2,10182423,1222509,8959914,10182423,8959914,1785477765029868232,-1,47581,trace_group_end_lag_clamped,1785477765029820651
7466595,46,1785477765025847221,2,1785477765025502132,46020,1785477765034145216,1785477765034191236,dp_ag0,0,16,55,dp_param_allgather:pg=5,1785477765026724641,877420,dp_param_allgather,16,98621440,world_rs_done,29170964,1785477765020030898,1785477765020908318,1785477765019685809,1.0,iter55:pp2:dp_ag0:round0:dp_param_allgather:pg=5,iter55:pp2:dp_ag0:round0:dp_param_allgather:pg=5:rel-2c5e91d5d852,mock_oisa_scale_1.2,10182423,1222509,8959914,10182423,8959914,1785477765029868232,-1,46020,trace_group_end_lag_clamped,1785477765029822212
7466595,47,1785477765026116647,2,1785477765025502132,41602,1785477765034149634,1785477765034191236,dp_ag0,0,16,55,dp_param_allgather:pg=5,1785477765026724641,607994,dp_param_allgather,16,98621440,world_rs_done,29440390,1785477765020300324,1785477765020908318,1785477765019685809,1.0,iter55:pp2:dp_ag0:round0:dp_param_allgather:pg=5,iter55:pp2:dp_ag0:round0:dp_param_allgather:pg=5:rel-2c5e91d5d852,mock_oisa_scale_1.2,10182423,1222509,8959914,10182423,8959914,1785477765029868232,-1,41602,trace_group_end_lag_clamped,1785477765029826630
7632194,32,1785477765174971399,2,1785477765174971399,63301,1785477765188162025,1785477765188225326,dp_ag1,1,16,55,dp_param_allgather:pg=5,1785477765180593132,5621733,dp_param_allgather,16,98621440,same_rank_edp_ag0,86355847,1785477765181525010,1785477765187997663,1785477765181525010,1.0,iter55:pp2:dp_ag1:round1:dp_param_allgather:pg=5,iter55:pp2:dp_ag1:round1:dp_param_allgather:pg=5:rel-3f3393459987,mock_oisa_scale_1.2,15631286,6472653,9158633,15631286,9158633,1785477765197156296,-1,63301,trace_group_end_lag_clamped,1785477765197092995
7632194,33,1785477765176722687,2,1785477765174971399,5043,1785477765188220283,1785477765188225326,dp_ag1,1,16,55,dp_param_allgather:pg=5,1785477765180593132,3870445,dp_param_allgather,16,98621440,same_rank_edp_ag0,88111281,1785477765183285038,1785477765187997663,1785477765181525010,1.0,iter55:pp2:dp_ag1:round1:dp_param_allgather:pg=5,iter55:pp2:dp_ag1:round1:dp_param_allgather:pg=5:rel-3f3393459987,mock_oisa_scale_1.2,15631286,6472653,9158633,15631286,9158633,1785477765197156296,-1,5043,trace_group_end_lag_clamped,1785477765197151253
7632194,34,1785477765176151248,2,1785477765174971399,65665,1785477765188159661,1785477765188225326,dp_ag1,1,16,55,dp_param_allgather:pg=5,1785477765180593132,4441884,dp_param_allgather,16,98621440,same_rank_edp_ag0,87424866,1785477765182733242,1785477765187997663,1785477765181525010,1.0,iter55:pp2:dp_ag1:round1:dp_param_allgather:pg=5,iter55:pp2:dp_ag1:round1:dp_param_allgather:pg=5:rel-3f3393459987,mock_oisa_scale_1.2,15631286,6472653,9158633,15631286,9158633,1785477765197156296,-1,65665,trace_group_end_lag_clamped,1785477765197090631
7632194,35,1785477765180204798,2,1785477765174971399,67651,1785477765188157675,1785477765188225326,dp_ag1,1,16,55,dp_param_allgather:pg=5,1785477765180593132,388334,dp_param_allgather,16,98621440,same_rank_edp_ag0,87360088,1785477765187609329,1785477765187997663,1785477765181525010,1.0,iter55:pp2:dp_ag1:round1:dp_param_allgather:pg=5,iter55:pp2:dp_ag1:round1:dp_param_allgather:pg=5:rel-3f3393459987,mock_oisa_scale_1.2,15631286,6472653,9158633,15631286,9158633,1785477765197156296,-1,67651,trace_group_end_lag_clamped,1785477765197088645
7632194,36,1785477765176810983,2,1785477765174971399,59717,1785477765188165609,1785477765188225326,dp_ag1,1,16,55,dp_param_allgather:pg=5,1785477765180593132,3782149,dp_param_allgather,16,98621440,same_rank_edp_ag0,87816973,1785477765183447014,1785477765187997663,1785477765181525010,1.0,iter55:pp2:dp_ag1:round1:dp_param_allgather:pg=5,iter55:pp2:dp_ag1:round1:dp_param_allgather:pg=5:rel-3f3393459987,mock_oisa_scale_1.2,15631286,6472653,9158633,15631286,9158633,1785477765197156296,-1,59717,trace_group_end_lag_clamped,1785477765197096579
7632194,37,1785477765180565369,2,1785477765174971399,11576,1785477765188213750,1785477765188225326,dp_ag1,1,16,55,dp_param_allgather:pg=5,1785477765180593132,27763,dp_param_allgather,16,98621440,same_rank_edp_ag0,88053036,1785477765187913831,1785477765187997663,1785477765181525010,1.0,iter55:pp2:dp_ag1:round1:dp_param_allgather:pg=5,iter55:pp2:dp_ag1:round1:dp_param_allgather:pg=5:rel-3f3393459987,mock_oisa_scale_1.2,15631286,6472653,9158633,15631286,9158633,1785477765197156296,-1,11576,trace_group_end_lag_clamped,1785477765197144720
7632194,38,1785477765178652703,2,1785477765174971399,23335,1785477765188201991,1785477765188225326,dp_ag1,1,16,55,dp_param_allgather:pg=5,1785477765180593132,1940429,dp_param_allgather,16,98621440,same_rank_edp_ag0,88582927,1785477765185503331,1785477765187997663,1785477765181525010,1.0,iter55:pp2:dp_ag1:round1:dp_param_allgather:pg=5,iter55:pp2:dp_ag1:round1:dp_param_allgather:pg=5:rel-3f3393459987,mock_oisa_scale_1.2,15631286,6472653,9158633,15631286,9158633,1785477765197156296,-1,23335,trace_group_end_lag_clamped,1785477765197132961
7632194,39,1785477765175280900,2,1785477765174971399,0,1785477765188225326,1785477765188225326,dp_ag1,1,16,55,dp_param_allgather:pg=5,1785477765180593132,5312232,dp_param_allgather,16,98621440,same_rank_edp_ag0,87602895,1785477765181672959,1785477765187997663,1785477765181525010,1.0,iter55:pp2:dp_ag1:round1:dp_param_allgather:pg=5,iter55:pp2:dp_ag1:round1:dp_param_allgather:pg=5:rel-3f3393459987,mock_oisa_scale_1.2,15631286,6472653,9158633,15631286,9158633,1785477765197156296,-1,0,trace_group_end_lag_clamped,1785477765197156296
7632194,40,1785477765176406524,2,1785477765174971399,16065,1785477765188209261,1785477765188225326,dp_ag1,1,16,55,dp_param_allgather:pg=5,1785477765180593132,4186608,dp_param_allgather,16,98621440,same_rank_edp_ag0,87888352,1785477765182960135,1785477765187997663,1785477765181525010,1.0,iter55:pp2:dp_ag1:round1:dp_param_allgather:pg=5,iter55:pp2:dp_ag1:round1:dp_param_allgather:pg=5:rel-3f3393459987,mock_oisa_scale_1.2,15631286,6472653,9158633,15631286,9158633,1785477765197156296,-1,16065,trace_group_end_lag_clamped,1785477765197140231
7632194,41,1785477765175873578,2,1785477765174971399,47034,1785477765188178292,1785477765188225326,dp_ag1,1,16,55,dp_param_allgather:pg=5,1785477765180593132,4719554,dp_param_allgather,16,98621440,same_rank_edp_ag0,87327272,1785477765182435929,1785477765187997663,1785477765181525010,1.0,iter55:pp2:dp_ag1:round1:dp_param_allgather:pg=5,iter55:pp2:dp_ag1:round1:dp_param_allgather:pg=5:rel-3f3393459987,mock_oisa_scale_1.2,15631286,6472653,9158633,15631286,9158633,1785477765197156296,-1,47034,trace_group_end_lag_clamped,1785477765197109262
7632194,42,1785477765176357367,2,1785477765174971399,12050,1785477765188213276,1785477765188225326,dp_ag1,1,16,55,dp_param_allgather:pg=5,1785477765180593132,4235765,dp_param_allgather,16,98621440,same_rank_edp_ag0,87614635,1785477765182939361,1785477765187997663,1785477765181525010,1.0,iter55:pp2:dp_ag1:round1:dp_param_allgather:pg=5,iter55:pp2:dp_ag1:round1:dp_param_allgather:pg=5:rel-3f3393459987,mock_oisa_scale_1.2,15631286,6472653,9158633,15631286,9158633,1785477765197156296,-1,12050,trace_group_end_lag_clamped,1785477765197144246
7632194,43,1785477765180593132,2,1785477765174971399,17941,1785477765188207385,1785477765188225326,dp_ag1,1,16,55,dp_param_allgather:pg=5,1785477765180593132,0,dp_param_allgather,16,98621440,same_rank_edp_ag0,87802314,1785477765187997663,1785477765187997663,1785477765181525010,1.0,iter55:pp2:dp_ag1:round1:dp_param_allgather:pg=5,iter55:pp2:dp_ag1:round1:dp_param_allgather:pg=5:rel-3f3393459987,mock_oisa_scale_1.2,15631286,6472653,9158633,15631286,9158633,1785477765197156296,-1,17941,trace_group_end_lag_clamped,1785477765197138355
7632194,44,1785477765175571765,2,1785477765174971399,12581,1785477765188212745,1785477765188225326,dp_ag1,1,16,55,dp_param_allgather:pg=5,1785477765180593132,5021367,dp_param_allgather,16,98621440,same_rank_edp_ag0,86589972,1785477765182207796,1785477765187997663,1785477765181525010,1.0,iter55:pp2:dp_ag1:round1:dp_param_allgather:pg=5,iter55:pp2:dp_ag1:round1:dp_param_allgather:pg=5:rel-3f3393459987,mock_oisa_scale_1.2,15631286,6472653,9158633,15631286,9158633,1785477765197156296,-1,12581,trace_group_end_lag_clamped,1785477765197143715
7632194,45,1785477765180540396,2,1785477765174971399,35390,1785477765188189936,1785477765188225326,dp_ag1,1,16,55,dp_param_allgather:pg=5,1785477765180593132,52736,dp_param_allgather,16,98621440,same_rank_edp_ag0,87953572,1785477765187888858,1785477765187997663,1785477765181525010,1.0,iter55:pp2:dp_ag1:round1:dp_param_allgather:pg=5,iter55:pp2:dp_ag1:round1:dp_param_allgather:pg=5:rel-3f3393459987,mock_oisa_scale_1.2,15631286,6472653,9158633,15631286,9158633,1785477765197156296,-1,35390,trace_group_end_lag_clamped,1785477765197120906
7632194,46,1785477765177539171,2,1785477765174971399,9430,1785477765188215896,1785477765188225326,dp_ag1,1,16,55,dp_param_allgather:pg=5,1785477765180593132,3053961,dp_param_allgather,16,98621440,same_rank_edp_ag0,87524803,1785477765184389799,1785477765187997663,1785477765181525010,1.0,iter55:pp2:dp_ag1:round1:dp_param_allgather:pg=5,iter55:pp2:dp_ag1:round1:dp_param_allgather:pg=5:rel-3f3393459987,mock_oisa_scale_1.2,15631286,6472653,9158633,15631286,9158633,1785477765197156296,-1,9430,trace_group_end_lag_clamped,1785477765197146866
7632194,47,1785477765175738724,2,1785477765174971399,64542,1785477765188160784,1785477765188225326,dp_ag1,1,16,55,dp_param_allgather:pg=5,1785477765180593132,4854408,dp_param_allgather,16,98621440,same_rank_edp_ag0,87995057,1785477765182130783,1785477765187997663,1785477765181525010,1.0,iter55:pp2:dp_ag1:round1:dp_param_allgather:pg=5,iter55:pp2:dp_ag1:round1:dp_param_allgather:pg=5:rel-3f3393459987,mock_oisa_scale_1.2,15631286,6472653,9158633,15631286,9158633,1785477765197156296,-1,64542,trace_group_end_lag_clamped,1785477765197091754
15533962,32,1785477763554181538,2,1785477763552431370,49255,1785477763685237669,1785477763685286924,dp_rs,0,16,55,dp_grad_reduce_scatter:pg=5,1785477763669752962,115571424,dp_grad_reduce_scatter,16,3155886080,pp_frontier,0,1785477763526390152,1785477763648241640,1785477763520434068,1.0,iter55:pp2:dp_rs:round0:dp_grad_reduce_scatter:pg=5,iter55:pp2:dp_rs:round0:dp_grad_reduce_scatter:pg=5:rel-c2f93a0f917e,mock_oisa_scale_1.2,146448326,127807572,18640754,146448326,18640754,1785477763666882394,-1,49255,trace_group_end_lag_clamped,1785477763666833139
15533962,33,1785477763553956732,2,1785477763552431370,108398,1785477763685178526,1785477763685286924,dp_rs,0,16,55,dp_grad_reduce_scatter:pg=5,1785477763669752962,115796230,dp_grad_reduce_scatter,16,3155886080,pp_frontier,0,1785477763520434068,1785477763648241640,1785477763520434068,1.0,iter55:pp2:dp_rs:round0:dp_grad_reduce_scatter:pg=5,iter55:pp2:dp_rs:round0:dp_grad_reduce_scatter:pg=5:rel-c2f93a0f917e,mock_oisa_scale_1.2,146448326,127807572,18640754,146448326,18640754,1785477763666882394,-1,108398,trace_group_end_lag_clamped,1785477763666773996
15533962,34,1785477763553952293,2,1785477763552431370,2368,1785477763685284556,1785477763685286924,dp_rs,0,16,55,dp_grad_reduce_scatter:pg=5,1785477763669752962,115800669,dp_grad_reduce_scatter,16,3155886080,pp_frontier,0,1785477763530252448,1785477763648241640,1785477763520434068,1.0,iter55:pp2:dp_rs:round0:dp_grad_reduce_scatter:pg=5,iter55:pp2:dp_rs:round0:dp_grad_reduce_scatter:pg=5:rel-c2f93a0f917e,mock_oisa_scale_1.2,146448326,127807572,18640754,146448326,18640754,1785477763666882394,-1,2368,trace_group_end_lag_clamped,1785477763666880026
15533962,35,1785477763554588307,2,1785477763552431370,63633,1785477763685223291,1785477763685286924,dp_rs,0,16,55,dp_grad_reduce_scatter:pg=5,1785477763669752962,115164655,dp_grad_reduce_scatter,16,3155886080,pp_frontier,0,1785477763527936593,1785477763648241640,1785477763520434068,1.0,iter55:pp2:dp_rs:round0:dp_grad_reduce_scatter:pg=5,iter55:pp2:dp_rs:round0:dp_grad_reduce_scatter:pg=5:rel-c2f93a0f917e,mock_oisa_scale_1.2,146448326,127807572,18640754,146448326,18640754,1785477763666882394,-1,63633,trace_group_end_lag_clamped,1785477763666818761
15533962,36,1785477763552431370,2,1785477763552431370,31235,1785477763685255689,1785477763685286924,dp_rs,0,16,55,dp_grad_reduce_scatter:pg=5,1785477763669752962,117321592,dp_grad_reduce_scatter,16,3155886080,pp_frontier,0,1785477763529416498,1785477763648241640,1785477763520434068,1.0,iter55:pp2:dp_rs:round0:dp_grad_reduce_scatter:pg=5,iter55:pp2:dp_rs:round0:dp_grad_reduce_scatter:pg=5:rel-c2f93a0f917e,mock_oisa_scale_1.2,146448326,127807572,18640754,146448326,18640754,1785477763666882394,-1,31235,trace_group_end_lag_clamped,1785477763666851159
15533962,37,1785477763552720635,2,1785477763552431370,118767,1785477763685168157,1785477763685286924,dp_rs,0,16,55,dp_grad_reduce_scatter:pg=5,1785477763669752962,117032327,dp_grad_reduce_scatter,16,3155886080,pp_frontier,0,1785477763533795840,1785477763648241640,1785477763520434068,1.0,iter55:pp2:dp_rs:round0:dp_grad_reduce_scatter:pg=5,iter55:pp2:dp_rs:round0:dp_grad_reduce_scatter:pg=5:rel-c2f93a0f917e,mock_oisa_scale_1.2,146448326,127807572,18640754,146448326,18640754,1785477763666882394,-1,118767,trace_group_end_lag_clamped,1785477763666763627
15533962,38,1785477763554431598,2,1785477763552431370,116445,1785477763685170479,1785477763685286924,dp_rs,0,16,55,dp_grad_reduce_scatter:pg=5,1785477763669752962,115321364,dp_grad_reduce_scatter,16,3155886080,pp_frontier,0,1785477763527115630,1785477763648241640,1785477763520434068,1.0,iter55:pp2:dp_rs:round0:dp_grad_reduce_scatter:pg=5,iter55:pp2:dp_rs:round0:dp_grad_reduce_scatter:pg=5:rel-c2f93a0f917e,mock_oisa_scale_1.2,146448326,127807572,18640754,146448326,18640754,1785477763666882394,-1,116445,trace_group_end_lag_clamped,1785477763666765949
15533962,39,1785477763554226171,2,1785477763552431370,0,1785477763685286924,1785477763685286924,dp_rs,0,16,55,dp_grad_reduce_scatter:pg=5,1785477763669752962,115526791,dp_grad_reduce_scatter,16,3155886080,pp_frontier,0,1785477763522528161,1785477763648241640,1785477763520434068,1.0,iter55:pp2:dp_rs:round0:dp_grad_reduce_scatter:pg=5,iter55:pp2:dp_rs:round0:dp_grad_reduce_scatter:pg=5:rel-c2f93a0f917e,mock_oisa_scale_1.2,146448326,127807572,18640754,146448326,18640754,1785477763666882394,-1,0,trace_group_end_lag_clamped,1785477763666882394
15533962,40,1785477763668506713,2,1785477763552431370,35243,1785477763685251681,1785477763685286924,dp_rs,0,16,55,dp_grad_reduce_scatter:pg=5,1785477763669752962,1246249,dp_grad_reduce_scatter,16,3155886080,pp_frontier,0,1785477763624056510,1785477763648241640,1785477763520434068,1.0,iter55:pp2:dp_rs:round0:dp_grad_reduce_scatter:pg=5,iter55:pp2:dp_rs:round0:dp_grad_reduce_scatter:pg=5:rel-c2f93a0f917e,mock_oisa_scale_1.2,146448326,127807572,18640754,146448326,18640754,1785477763666882394,-1,35243,trace_group_end_lag_clamped,1785477763666847151
15533962,41,1785477763669016426,2,1785477763552431370,24387,1785477763685262537,1785477763685286924,dp_rs,0,16,55,dp_grad_reduce_scatter:pg=5,1785477763669752962,736536,dp_grad_reduce_scatter,16,3155886080,pp_frontier,0,1785477763643136035,1785477763648241640,1785477763520434068,1.0,iter55:pp2:dp_rs:round0:dp_grad_reduce_scatter:pg=5,iter55:pp2:dp_rs:round0:dp_grad_reduce_scatter:pg=5:rel-c2f93a0f917e,mock_oisa_scale_1.2,146448326,127807572,18640754,146448326,18640754,1785477763666882394,-1,24387,trace_group_end_lag_clamped,1785477763666858007
15533962,42,1785477763668759045,2,1785477763552431370,49536,1785477763685237388,1785477763685286924,dp_rs,0,16,55,dp_grad_reduce_scatter:pg=5,1785477763669752962,993917,dp_grad_reduce_scatter,16,3155886080,pp_frontier,0,1785477763647423990,1785477763648241640,1785477763520434068,1.0,iter55:pp2:dp_rs:round0:dp_grad_reduce_scatter:pg=5,iter55:pp2:dp_rs:round0:dp_grad_reduce_scatter:pg=5:rel-c2f93a0f917e,mock_oisa_scale_1.2,146448326,127807572,18640754,146448326,18640754,1785477763666882394,-1,49536,trace_group_end_lag_clamped,1785477763666832858
15533962,43,1785477763668845457,2,1785477763552431370,13879,1785477763685273045,1785477763685286924,dp_rs,0,16,55,dp_grad_reduce_scatter:pg=5,1785477763669752962,907505,dp_grad_reduce_scatter,16,3155886080,pp_frontier,0,1785477763648112417,1785477763648241640,1785477763520434068,1.0,iter55:pp2:dp_rs:round0:dp_grad_reduce_scatter:pg=5,iter55:pp2:dp_rs:round0:dp_grad_reduce_scatter:pg=5:rel-c2f93a0f917e,mock_oisa_scale_1.2,146448326,127807572,18640754,146448326,18640754,1785477763666882394,-1,13879,trace_group_end_lag_clamped,1785477763666868515
15533962,44,1785477763669281489,2,1785477763552431370,79773,1785477763685207151,1785477763685286924,dp_rs,0,16,55,dp_grad_reduce_scatter:pg=5,1785477763669752962,471473,dp_grad_reduce_scatter,16,3155886080,pp_frontier,0,1785477763647697155,1785477763648241640,1785477763520434068,1.0,iter55:pp2:dp_rs:round0:dp_grad_reduce_scatter:pg=5,iter55:pp2:dp_rs:round0:dp_grad_reduce_scatter:pg=5:rel-c2f93a0f917e,mock_oisa_scale_1.2,146448326,127807572,18640754,146448326,18640754,1785477763666882394,-1,79773,trace_group_end_lag_clamped,1785477763666802621
15533962,45,1785477763669752962,2,1785477763552431370,30044,1785477763685256880,1785477763685286924,dp_rs,0,16,55,dp_grad_reduce_scatter:pg=5,1785477763669752962,0,dp_grad_reduce_scatter,16,3155886080,pp_frontier,0,1785477763648241640,1785477763648241640,1785477763520434068,1.0,iter55:pp2:dp_rs:round0:dp_grad_reduce_scatter:pg=5,iter55:pp2:dp_rs:round0:dp_grad_reduce_scatter:pg=5:rel-c2f93a0f917e,mock_oisa_scale_1.2,146448326,127807572,18640754,146448326,18640754,1785477763666882394,-1,30044,trace_group_end_lag_clamped,1785477763666852350
15533962,46,1785477763669084477,2,1785477763552431370,28710,1785477763685258214,1785477763685286924,dp_rs,0,16,55,dp_grad_reduce_scatter:pg=5,1785477763669752962,668485,dp_grad_reduce_scatter,16,3155886080,pp_frontier,0,1785477763637142628,1785477763648241640,1785477763520434068,1.0,iter55:pp2:dp_rs:round0:dp_grad_reduce_scatter:pg=5,iter55:pp2:dp_rs:round0:dp_grad_reduce_scatter:pg=5:rel-c2f93a0f917e,mock_oisa_scale_1.2,146448326,127807572,18640754,146448326,18640754,1785477763666882394,-1,28710,trace_group_end_lag_clamped,1785477763666853684
15533962,47,1785477763669414636,2,1785477763552431370,53310,1785477763685233614,1785477763685286924,dp_rs,0,16,55,dp_grad_reduce_scatter:pg=5,1785477763669752962,338326,dp_grad_reduce_scatter,16,3155886080,pp_frontier,0,1785477763638860554,1785477763648241640,1785477763520434068,1.0,iter55:pp2:dp_rs:round0:dp_grad_reduce_scatter:pg=5,iter55:pp2:dp_rs:round0:dp_grad_reduce_scatter:pg=5:rel-c2f93a0f917e,mock_oisa_scale_1.2,146448326,127807572,18640754,146448326,18640754,1785477763666882394,-1,53310,trace_group_end_lag_clamped,1785477763666829084
54383076,32,1785477765034191927,2,1785477765034191927,0,1785477765088615552,1785477765088615552,edp_ag0,0,2,55,expert_dp_param_allgather:pg=1075,1785477765034232476,40549,expert_dp_param_allgather,2,1887436800,same_rank_dp_ag0,10880,1785477765029868923,1785477765029909472,1785477765029868923,1.0,iter55:pp2:edp_ag0:round0:expert_dp_param_allgather:pg=1075,iter55:pp2:edp_ag0:round0:expert_dp_param_allgather:pg=1075:rel-5b4547d0e049,mock_oisa_scale_1.2,65300240,40549,65259691,65300240,65259691,1785477765095169163,-1,0,trace_group_end_lag_clamped,1785477765095169163
54383076,40,1785477765034232476,2,1785477765034191927,97380,1785477765088518172,1785477765088615552,edp_ag0,0,2,55,expert_dp_param_allgather:pg=1075,1785477765034232476,0,expert_dp_param_allgather,2,1887436800,same_rank_dp_ag0,75720,1785477765029909472,1785477765029909472,1785477765029868923,1.0,iter55:pp2:edp_ag0:round0:expert_dp_param_allgather:pg=1075,iter55:pp2:edp_ag0:round0:expert_dp_param_allgather:pg=1075:rel-5b4547d0e049,mock_oisa_scale_1.2,65300240,40549,65259691,65300240,65259691,1785477765095169163,-1,97380,trace_group_end_lag_clamped,1785477765095071783
54426774,33,1785477765034184632,2,1785477765034173855,0,1785477765088611406,1785477765088611406,edp_ag0,0,2,55,expert_dp_param_allgather:pg=1077,1785477765034184632,0,expert_dp_param_allgather,2,1887436800,same_rank_dp_ag0,11320,1785477765029861628,1785477765029861628,1785477765029850851,1.0,iter55:pp2:edp_ag0:round0:expert_dp_param_allgather:pg=1077,iter55:pp2:edp_ag0:round0:expert_dp_param_allgather:pg=1077:rel-a0e484fa5e53,mock_oisa_scale_1.2,65322906,10777,65312129,65322906,65312129,1785477765095173757,-1,0,trace_group_end_lag_clamped,1785477765095173757
54426774,41,1785477765034173855,2,1785477765034173855,65100,1785477765088546306,1785477765088611406,edp_ag0,0,2,55,expert_dp_param_allgather:pg=1077,1785477765034184632,10777,expert_dp_param_allgather,2,1887436800,same_rank_dp_ag0,22600,1785477765029850851,1785477765029861628,1785477765029850851,1.0,iter55:pp2:edp_ag0:round0:expert_dp_param_allgather:pg=1077,iter55:pp2:edp_ag0:round0:expert_dp_param_allgather:pg=1077:rel-a0e484fa5e53,mock_oisa_scale_1.2,65322906,10777,65312129,65322906,65312129,1785477765095173757,-1,65100,trace_group_end_lag_clamped,1785477765095108657
54524991,34,1785477765034217741,2,1785477765034099264,16350,1785477765088726382,1785477765088742732,edp_ag0,0,2,55,expert_dp_param_allgather:pg=1079,1785477765034217741,0,expert_dp_param_allgather,2,1887436800,same_rank_dp_ag0,33240,1785477765029894737,1785477765029894737,1785477765029776260,1.0,iter55:pp2:edp_ag0:round0:expert_dp_param_allgather:pg=1079,iter55:pp2:edp_ag0:round0:expert_dp_param_allgather:pg=1079:rel-fafe2df22a7e,mock_oisa_scale_1.2,65548466,118477,65429989,65548466,65429989,1785477765095324726,-1,16350,trace_group_end_lag_clamped,1785477765095308376
54524991,42,1785477765034099264,2,1785477765034099264,0,1785477765088742732,1785477765088742732,edp_ag0,0,2,55,expert_dp_param_allgather:pg=1079,1785477765034217741,118477,expert_dp_param_allgather,2,1887436800,same_rank_dp_ag0,10645,1785477765029776260,1785477765029894737,1785477765029776260,1.0,iter55:pp2:edp_ag0:round0:expert_dp_param_allgather:pg=1079,iter55:pp2:edp_ag0:round0:expert_dp_param_allgather:pg=1079:rel-fafe2df22a7e,mock_oisa_scale_1.2,65548466,118477,65429989,65548466,65429989,1785477765095324726,-1,0,trace_group_end_lag_clamped,1785477765095324726
58637674,35,1785477765034207036,2,1785477765034115075,0,1785477765092844710,1785477765092844710,edp_ag0,0,2,55,expert_dp_param_allgather:pg=1081,1785477765034207036,0,expert_dp_param_allgather,2,1887436800,same_rank_dp_ag0,15800,1785477765029884032,1785477765029884032,1785477765029792071,1.0,iter55:pp2:edp_ag0:round0:expert_dp_param_allgather:pg=1081,iter55:pp2:edp_ag0:round0:expert_dp_param_allgather:pg=1081:rel-1dab2e473f4d,mock_oisa_scale_1.2,70457170,91961,70365209,70457170,70365209,1785477765100249241,-1,0,trace_group_end_lag_clamped,1785477765100249241
58637674,43,1785477765034115075,2,1785477765034115075,53892,1785477765092790818,1785477765092844710,edp_ag0,0,2,55,expert_dp_param_allgather:pg=1081,1785477765034207036,91961,expert_dp_param_allgather,2,1887436800,same_rank_dp_ag0,31120,1785477765029792071,1785477765029884032,1785477765029792071,1.0,iter55:pp2:edp_ag0:round0:expert_dp_param_allgather:pg=1081,iter55:pp2:edp_ag0:round0:expert_dp_param_allgather:pg=1081:rel-1dab2e473f4d,mock_oisa_scale_1.2,70457170,91961,70365209,70457170,70365209,1785477765100249241,-1,53892,trace_group_end_lag_clamped,1785477765100195349
54795174,36,1785477765034198836,2,1785477765034109629,0,1785477765088994010,1785477765088994010,edp_ag0,0,2,55,expert_dp_param_allgather:pg=1083,1785477765034198836,0,expert_dp_param_allgather,2,1887436800,same_rank_dp_ag0,10560,1785477765029875832,1785477765029875832,1785477765029786625,1.0,iter55:pp2:edp_ag0:round0:expert_dp_param_allgather:pg=1083,iter55:pp2:edp_ag0:round0:expert_dp_param_allgather:pg=1083:rel-17325c0e9458,mock_oisa_scale_1.2,65843416,89207,65754209,65843416,65754209,1785477765095630041,-1,0,trace_group_end_lag_clamped,1785477765095630041
54795174,44,1785477765034109629,2,1785477765034109629,12217,1785477765088981793,1785477765088994010,edp_ag0,0,2,55,expert_dp_param_allgather:pg=1083,1785477765034198836,89207,expert_dp_param_allgather,2,1887436800,same_rank_dp_ag0,10720,1785477765029786625,1785477765029875832,1785477765029786625,1.0,iter55:pp2:edp_ag0:round0:expert_dp_param_allgather:pg=1083,iter55:pp2:edp_ag0:round0:expert_dp_param_allgather:pg=1083:rel-17325c0e9458,mock_oisa_scale_1.2,65843416,89207,65754209,65843416,65754209,1785477765095630041,-1,12217,trace_group_end_lag_clamped,1785477765095617824
58357329,37,1785477765034186977,2,1785477765034186977,74491,1785477765092512333,1785477765092586824,edp_ag0,0,2,55,expert_dp_param_allgather:pg=1085,1785477765034229495,42518,expert_dp_param_allgather,2,1887436800,same_rank_dp_ag0,11994,1785477765029863973,1785477765029906491,1785477765029863973,1.0,iter55:pp2:edp_ag0:round0:expert_dp_param_allgather:pg=1085,iter55:pp2:edp_ag0:round0:expert_dp_param_allgather:pg=1085:rel-5d083a806e10,mock_oisa_scale_1.2,70071313,42518,70028795,70071313,70028795,1785477765099935286,-1,74491,trace_group_end_lag_clamped,1785477765099860795
58357329,45,1785477765034229495,2,1785477765034186977,0,1785477765092586824,1785477765092586824,edp_ag0,0,2,55,expert_dp_param_allgather:pg=1085,1785477765034229495,0,expert_dp_param_allgather,2,1887436800,same_rank_dp_ag0,85840,1785477765029906491,1785477765029906491,1785477765029863973,1.0,iter55:pp2:edp_ag0:round0:expert_dp_param_allgather:pg=1085,iter55:pp2:edp_ag0:round0:expert_dp_param_allgather:pg=1085:rel-5d083a806e10,mock_oisa_scale_1.2,70071313,42518,70028795,70071313,70028795,1785477765099935286,-1,0,trace_group_end_lag_clamped,1785477765099935286
55868162,38,1785477765034201614,2,1785477765034156816,0,1785477765090069776,1785477765090069776,edp_ag0,0,2,55,expert_dp_param_allgather:pg=1087,1785477765034201614,0,expert_dp_param_allgather,2,1887436800,same_rank_dp_ag0,10618,1785477765029878610,1785477765029878610,1785477765029833812,1.0,iter55:pp2:edp_ag0:round0:expert_dp_param_allgather:pg=1087,iter55:pp2:edp_ag0:round0:expert_dp_param_allgather:pg=1087:rel-10f1438e0165,mock_oisa_scale_1.2,67086592,44798,67041794,67086592,67041794,1785477765096920404,-1,0,trace_group_end_lag_clamped,1785477765096920404
55868162,46,1785477765034156816,2,1785477765034156816,55408,1785477765090014368,1785477765090069776,edp_ag0,0,2,55,expert_dp_param_allgather:pg=1087,1785477765034201614,44798,expert_dp_param_allgather,2,1887436800,same_rank_dp_ag0,11600,1785477765029833812,1785477765029878610,1785477765029833812,1.0,iter55:pp2:edp_ag0:round0:expert_dp_param_allgather:pg=1087,iter55:pp2:edp_ag0:round0:expert_dp_param_allgather:pg=1087:rel-10f1438e0165,mock_oisa_scale_1.2,67086592,44798,67041794,67086592,67041794,1785477765096920404,-1,55408,trace_group_end_lag_clamped,1785477765096864996
53575313,39,1785477765034147698,2,1785477765034147698,65662,1785477765087678005,1785477765087743667,edp_ag0,0,2,55,expert_dp_param_allgather:pg=1089,1785477765034168354,20656,expert_dp_param_allgather,2,1887436800,same_rank_dp_ag0,16448,1785477765029824694,1785477765029845350,1785477765029824694,1.0,iter55:pp2:edp_ag0:round0:expert_dp_param_allgather:pg=1089,iter55:pp2:edp_ag0:round0:expert_dp_param_allgather:pg=1089:rel-41dba3a946de,mock_oisa_scale_1.2,64311032,20656,64290376,64311032,64290376,1785477765094135726,-1,65662,trace_group_end_lag_clamped,1785477765094070064
53575313,47,1785477765034168354,2,1785477765034147698,0,1785477765087743667,1785477765087743667,edp_ag0,0,2,55,expert_dp_param_allgather:pg=1089,1785477765034168354,0,expert_dp_param_allgather,2,1887436800,same_rank_dp_ag0,18720,1785477765029845350,1785477765029845350,1785477765029824694,1.0,iter55:pp2:edp_ag0:round0:expert_dp_param_allgather:pg=1089,iter55:pp2:edp_ag0:round0:expert_dp_param_allgather:pg=1089:rel-41dba3a946de,mock_oisa_scale_1.2,64311032,20656,64290376,64311032,64290376,1785477765094135726,-1,0,trace_group_end_lag_clamped,1785477765094135726
54499976,32,1785477765188173025,2,1785477765188173025,21666,1785477765242700611,1785477765242722277,edp_ag1,1,2,55,expert_dp_param_allgather:pg=1075,1785477765188222301,49276,expert_dp_param_allgather,2,1887436800,same_rank_dp_ag1,11000,1785477765197103995,1785477765197153271,1785477765197103995,1.0,iter55:pp2:edp_ag1:round1:expert_dp_param_allgather:pg=1075,iter55:pp2:edp_ag1:round1:expert_dp_param_allgather:pg=1075:rel-76ff5ab1d832,mock_oisa_scale_1.2,65449247,49276,65399971,65449247,65399971,1785477765262553242,-1,21666,trace_group_end_lag_clamped,1785477765262531576
54499976,40,1785477765188222301,2,1785477765188173025,0,1785477765242722277,1785477765242722277,edp_ag1,1,2,55,expert_dp_param_allgather:pg=1075,1785477765188222301,0,expert_dp_param_allgather,2,1887436800,same_rank_dp_ag1,13040,1785477765197153271,1785477765197153271,1785477765197103995,1.0,iter55:pp2:edp_ag1:round1:expert_dp_param_allgather:pg=1075,iter55:pp2:edp_ag1:round1:expert_dp_param_allgather:pg=1075:rel-76ff5ab1d832,mock_oisa_scale_1.2,65449247,49276,65399971,65449247,65399971,1785477765262553242,-1,0,trace_group_end_lag_clamped,1785477765262553242
53182380,33,1785477765188230883,2,1785477765188189452,39370,1785477765241373893,1785477765241413263,edp_ag1,1,2,55,expert_dp_param_allgather:pg=1077,1785477765188230883,0,expert_dp_param_allgather,2,1887436800,same_rank_dp_ag1,10600,1785477765197161853,1785477765197161853,1785477765197120422,1.0,iter55:pp2:edp_ag1:round1:expert_dp_param_allgather:pg=1077,iter55:pp2:edp_ag1:round1:expert_dp_param_allgather:pg=1077:rel-7f75e1034643,mock_oisa_scale_1.2,63860287,41431,63818856,63860287,63818856,1785477765260980709,-1,39370,trace_group_end_lag_clamped,1785477765260941339
53182380,41,1785477765188189452,2,1785477765188189452,0,1785477765241413263,1785477765241413263,edp_ag1,1,2,55,expert_dp_param_allgather:pg=1077,1785477765188230883,41431,expert_dp_param_allgather,2,1887436800,same_rank_dp_ag1,11160,1785477765197120422,1785477765197161853,1785477765197120422,1.0,iter55:pp2:edp_ag1:round1:expert_dp_param_allgather:pg=1077,iter55:pp2:edp_ag1:round1:expert_dp_param_allgather:pg=1077:rel-7f75e1034643,mock_oisa_scale_1.2,63860287,41431,63818856,63860287,63818856,1785477765260980709,-1,0,trace_group_end_lag_clamped,1785477765260980709
53758108,34,1785477765188170581,2,1785477765188170581,28245,1785477765241991299,1785477765242019544,edp_ag1,1,2,55,expert_dp_param_allgather:pg=1079,1785477765188261436,90855,expert_dp_param_allgather,2,1887436800,same_rank_dp_ag1,10920,1785477765197101551,1785477765197192406,1785477765197101551,1.0,iter55:pp2:edp_ag1:round1:expert_dp_param_allgather:pg=1079,iter55:pp2:edp_ag1:round1:expert_dp_param_allgather:pg=1079:rel-d592d89a5803,mock_oisa_scale_1.2,64600585,90855,64509730,64600585,64509730,1785477765261702136,-1,28245,trace_group_end_lag_clamped,1785477765261673891
53758108,42,1785477765188261436,2,1785477765188170581,0,1785477765242019544,1785477765242019544,edp_ag1,1,2,55,expert_dp_param_allgather:pg=1079,1785477765188261436,0,expert_dp_param_allgather,2,1887436800,same_rank_dp_ag1,48160,1785477765197192406,1785477765197192406,1785477765197101551,1.0,iter55:pp2:edp_ag1:round1:expert_dp_param_allgather:pg=1079,iter55:pp2:edp_ag1:round1:expert_dp_param_allgather:pg=1079:rel-d592d89a5803,mock_oisa_scale_1.2,64600585,90855,64509730,64600585,64509730,1785477765261702136,-1,0,trace_group_end_lag_clamped,1785477765261702136
52128093,35,1785477765188168555,2,1785477765188168555,0,1785477765240399799,1785477765240399799,edp_ag1,1,2,55,expert_dp_param_allgather:pg=1081,1785477765188271706,103151,expert_dp_param_allgather,2,1887436800,same_rank_dp_ag1,10880,1785477765197099525,1785477765197202676,1785477765197099525,1.0,iter55:pp2:edp_ag1:round1:expert_dp_param_allgather:pg=1081,iter55:pp2:edp_ag1:round1:expert_dp_param_allgather:pg=1081:rel-2aef0524462d,mock_oisa_scale_1.2,62656863,103151,62553712,62656863,62553712,1785477765259756388,-1,0,trace_group_end_lag_clamped,1785477765259756388
52128093,43,1785477765188271706,2,1785477765188168555,42,1785477765240399757,1785477765240399799,edp_ag1,1,2,55,expert_dp_param_allgather:pg=1081,1785477765188271706,0,expert_dp_param_allgather,2,1887436800,same_rank_dp_ag1,64321,1785477765197202676,1785477765197202676,1785477765197099525,1.0,iter55:pp2:edp_ag1:round1:expert_dp_param_allgather:pg=1081,iter55:pp2:edp_ag1:round1:expert_dp_param_allgather:pg=1081:rel-2aef0524462d,mock_oisa_scale_1.2,62656863,103151,62553712,62656863,62553712,1785477765259756388,-1,42,trace_group_end_lag_clamped,1785477765259756346
53841790,36,1785477765188176329,2,1785477765188176329,0,1785477765242088144,1785477765242088144,edp_ag1,1,2,55,expert_dp_param_allgather:pg=1083,1785477765188246354,70025,expert_dp_param_allgather,2,1887436800,same_rank_dp_ag1,10720,1785477765197107299,1785477765197177324,1785477765197107299,1.0,iter55:pp2:edp_ag1:round1:expert_dp_param_allgather:pg=1083,iter55:pp2:edp_ag1:round1:expert_dp_param_allgather:pg=1083:rel-76a44b178a6d,mock_oisa_scale_1.2,64680173,70025,64610148,64680173,64610148,1785477765261787472,-1,0,trace_group_end_lag_clamped,1785477765261787472
53841790,44,1785477765188246354,2,1785477765188176329,73253,1785477765242014891,1785477765242088144,edp_ag1,1,2,55,expert_dp_param_allgather:pg=1083,1785477765188246354,0,expert_dp_param_allgather,2,1887436800,same_rank_dp_ag1,33609,1785477765197177324,1785477765197177324,1785477765197107299,1.0,iter55:pp2:edp_ag1:round1:expert_dp_param_allgather:pg=1083,iter55:pp2:edp_ag1:round1:expert_dp_param_allgather:pg=1083:rel-76a44b178a6d,mock_oisa_scale_1.2,64680173,70025,64610148,64680173,64610148,1785477765261787472,-1,73253,trace_group_end_lag_clamped,1785477765261714219
53232303,37,1785477765188270230,2,1785477765188204616,0,1785477765241502533,1785477765241502533,edp_ag1,1,2,55,expert_dp_param_allgather:pg=1085,1785477765188270230,0,expert_dp_param_allgather,2,1887436800,same_rank_dp_ag1,56480,1785477765197201200,1785477765197201200,1785477765197135586,1.0,iter55:pp2:edp_ag1:round1:expert_dp_param_allgather:pg=1085,iter55:pp2:edp_ag1:round1:expert_dp_param_allgather:pg=1085:rel-02ee7790c08a,mock_oisa_scale_1.2,63944378,65614,63878764,63944378,63878764,1785477765261079964,-1,0,trace_group_end_lag_clamped,1785477765261079964
53232303,45,1785477765188204616,2,1785477765188204616,6495,1785477765241496038,1785477765241502533,edp_ag1,1,2,55,expert_dp_param_allgather:pg=1085,1785477765188270230,65614,expert_dp_param_allgather,2,1887436800,same_rank_dp_ag1,14680,1785477765197135586,1785477765197201200,1785477765197135586,1.0,iter55:pp2:edp_ag1:round1:expert_dp_param_allgather:pg=1085,iter55:pp2:edp_ag1:round1:expert_dp_param_allgather:pg=1085:rel-02ee7790c08a,mock_oisa_scale_1.2,63944378,65614,63878764,63944378,63878764,1785477765261079964,-1,6495,trace_group_end_lag_clamped,1785477765261073469
52048679,38,1785477765188214031,2,1785477765188214031,0,1785477765240319975,1785477765240319975,edp_ag1,1,2,55,expert_dp_param_allgather:pg=1087,1785477765188271296,57265,expert_dp_param_allgather,2,1887436800,same_rank_dp_ag1,12040,1785477765197145001,1785477765197202266,1785477765197145001,1.0,iter55:pp2:edp_ag1:round1:expert_dp_param_allgather:pg=1087,iter55:pp2:edp_ag1:round1:expert_dp_param_allgather:pg=1087:rel-1d1331dae3e1,mock_oisa_scale_1.2,62515680,57265,62458415,62515680,62458415,1785477765259660681,-1,0,trace_group_end_lag_clamped,1785477765259660681
52048679,46,1785477765188271296,2,1785477765188214031,57743,1785477765240262232,1785477765240319975,edp_ag1,1,2,55,expert_dp_param_allgather:pg=1087,1785477765188271296,0,expert_dp_param_allgather,2,1887436800,same_rank_dp_ag1,55400,1785477765197202266,1785477765197202266,1785477765197145001,1.0,iter55:pp2:edp_ag1:round1:expert_dp_param_allgather:pg=1087,iter55:pp2:edp_ag1:round1:expert_dp_param_allgather:pg=1087:rel-1d1331dae3e1,mock_oisa_scale_1.2,62515680,57265,62458415,62515680,62458415,1785477765259660681,-1,57743,trace_group_end_lag_clamped,1785477765259602938
56216966,39,1785477765188243206,2,1785477765188172304,61334,1785477765244398838,1785477765244460172,edp_ag1,1,2,55,expert_dp_param_allgather:pg=1089,1785477765188243206,0,expert_dp_param_allgather,2,1887436800,same_rank_dp_ag1,17880,1785477765197174176,1785477765197174176,1785477765197103274,1.0,iter55:pp2:edp_ag1:round1:expert_dp_param_allgather:pg=1089,iter55:pp2:edp_ag1:round1:expert_dp_param_allgather:pg=1089:rel-bda990ae0c11,mock_oisa_scale_1.2,67531261,70902,67460359,67531261,67460359,1785477765264634535,-1,61334,trace_group_end_lag_clamped,1785477765264573201
56216966,47,1785477765188172304,2,1785477765188172304,0,1785477765244460172,1785477765244460172,edp_ag1,1,2,55,expert_dp_param_allgather:pg=1089,1785477765188243206,70902,expert_dp_param_allgather,2,1887436800,same_rank_dp_ag1,11520,1785477765197103274,1785477765197174176,1785477765197103274,1.0,iter55:pp2:edp_ag1:round1:expert_dp_param_allgather:pg=1089,iter55:pp2:edp_ag1:round1:expert_dp_param_allgather:pg=1089:rel-bda990ae0c11,mock_oisa_scale_1.2,67531261,70902,67460359,67531261,67460359,1785477765264634535,-1,0,trace_group_end_lag_clamped,1785477765264634535
203111209,32,1785477763702676726,2,1785477763702676726,0,1785477763905895886,1785477763905895886,edp_rs,0,2,55,expert_dp_grad_reduce_scatter:pg=1075,1785477763702784677,107951,expert_dp_grad_reduce_scatter,2,7549747200,same_rank_dp_rs,17439057,1785477763684272196,1785477763684380147,1785477763684272196,1.0,iter55:pp2:edp_rs:round0:expert_dp_grad_reduce_scatter:pg=1075,iter55:pp2:edp_rs:round0:expert_dp_grad_reduce_scatter:pg=1075:rel-16df77b952d7,mock_oisa_scale_1.2,243841402,107951,243733451,243841402,243733451,1785477763928113598,-1,0,trace_group_end_lag_clamped,1785477763928113598
203111209,40,1785477763702784677,2,1785477763702676726,67370,1785477763905828516,1785477763905895886,edp_rs,0,2,55,expert_dp_grad_reduce_scatter:pg=1075,1785477763702784677,0,expert_dp_grad_reduce_scatter,2,7549747200,same_rank_dp_rs,17532996,1785477763684380147,1785477763684380147,1785477763684272196,1.0,iter55:pp2:edp_rs:round0:expert_dp_grad_reduce_scatter:pg=1075,iter55:pp2:edp_rs:round0:expert_dp_grad_reduce_scatter:pg=1075:rel-16df77b952d7,mock_oisa_scale_1.2,243841402,107951,243733451,243841402,243733451,1785477763928113598,-1,67370,trace_group_end_lag_clamped,1785477763928046228
211358977,33,1785477763702776971,2,1785477763702776971,0,1785477763914267744,1785477763914267744,edp_rs,0,2,55,expert_dp_grad_reduce_scatter:pg=1077,1785477763702908767,131796,expert_dp_grad_reduce_scatter,2,7549747200,same_rank_dp_rs,17598445,1785477763684372441,1785477763684504237,1785477763684372441,1.0,iter55:pp2:edp_rs:round0:expert_dp_grad_reduce_scatter:pg=1077,iter55:pp2:edp_rs:round0:expert_dp_grad_reduce_scatter:pg=1077:rel-5dca908e0c6b,mock_oisa_scale_1.2,253762568,131796,253630772,253762568,253630772,1785477763938135009,-1,0,trace_group_end_lag_clamped,1785477763938135009
211358977,41,1785477763702908767,2,1785477763702776971,59291,1785477763914208453,1785477763914267744,edp_rs,0,2,55,expert_dp_grad_reduce_scatter:pg=1077,1785477763702908767,0,expert_dp_grad_reduce_scatter,2,7549747200,same_rank_dp_rs,17646230,1785477763684504237,1785477763684504237,1785477763684372441,1.0,iter55:pp2:edp_rs:round0:expert_dp_grad_reduce_scatter:pg=1077,iter55:pp2:edp_rs:round0:expert_dp_grad_reduce_scatter:pg=1077:rel-5dca908e0c6b,mock_oisa_scale_1.2,253762568,131796,253630772,253762568,253630772,1785477763938135009,-1,59291,trace_group_end_lag_clamped,1785477763938075718
210134472,34,1785477763702987235,2,1785477763702872569,40619,1785477763913081088,1785477763913121707,edp_rs,0,2,55,expert_dp_grad_reduce_scatter:pg=1079,1785477763702987235,0,expert_dp_grad_reduce_scatter,2,7549747200,same_rank_dp_rs,17702679,1785477763684582705,1785477763684582705,1785477763684468039,1.0,iter55:pp2:edp_rs:round0:expert_dp_grad_reduce_scatter:pg=1079,iter55:pp2:edp_rs:round0:expert_dp_grad_reduce_scatter:pg=1079:rel-7eb527922249,mock_oisa_scale_1.2,252276032,114666,252161366,252276032,252161366,1785477763936744071,-1,40619,trace_group_end_lag_clamped,1785477763936703452
210134472,42,1785477763702872569,2,1785477763702872569,0,1785477763913121707,1785477763913121707,edp_rs,0,2,55,expert_dp_grad_reduce_scatter:pg=1079,1785477763702987235,114666,expert_dp_grad_reduce_scatter,2,7549747200,same_rank_dp_rs,17635181,1785477763684468039,1785477763684582705,1785477763684468039,1.0,iter55:pp2:edp_rs:round0:expert_dp_grad_reduce_scatter:pg=1079,iter55:pp2:edp_rs:round0:expert_dp_grad_reduce_scatter:pg=1079:rel-7eb527922249,mock_oisa_scale_1.2,252276032,114666,252161366,252276032,252161366,1785477763936744071,-1,0,trace_group_end_lag_clamped,1785477763936744071
211427685,35,1785477763702835016,2,1785477763702835016,75974,1785477763914302146,1785477763914378120,edp_rs,0,2,55,expert_dp_grad_reduce_scatter:pg=1081,1785477763702950435,115419,expert_dp_grad_reduce_scatter,2,7549747200,same_rank_dp_rs,17611725,1785477763684430486,1785477763684545905,1785477763684430486,1.0,iter55:pp2:edp_rs:round0:expert_dp_grad_reduce_scatter:pg=1081,iter55:pp2:edp_rs:round0:expert_dp_grad_reduce_scatter:pg=1081:rel-1e09968b6ab3,mock_oisa_scale_1.2,253828641,115419,253713222,253828641,253713222,1785477763938259127,-1,75974,trace_group_end_lag_clamped,1785477763938183153
211427685,43,1785477763702950435,2,1785477763702835016,0,1785477763914378120,1785477763914378120,edp_rs,0,2,55,expert_dp_grad_reduce_scatter:pg=1081,1785477763702950435,0,expert_dp_grad_reduce_scatter,2,7549747200,same_rank_dp_rs,17677390,1785477763684545905,1785477763684545905,1785477763684430486,1.0,iter55:pp2:edp_rs:round0:expert_dp_grad_reduce_scatter:pg=1081,iter55:pp2:edp_rs:round0:expert_dp_grad_reduce_scatter:pg=1081:rel-1e09968b6ab3,mock_oisa_scale_1.2,253828641,115419,253713222,253828641,253713222,1785477763938259127,-1,0,trace_group_end_lag_clamped,1785477763938259127
210131049,36,1785477763702861193,2,1785477763702861193,47705,1785477763913354680,1785477763913402385,edp_rs,0,2,55,expert_dp_grad_reduce_scatter:pg=1083,1785477763703271336,410143,expert_dp_grad_reduce_scatter,2,7549747200,same_rank_dp_rs,17605504,1785477763684456663,1785477763684866806,1785477763684456663,1.0,iter55:pp2:edp_rs:round0:expert_dp_grad_reduce_scatter:pg=1083,iter55:pp2:edp_rs:round0:expert_dp_grad_reduce_scatter:pg=1083:rel-fc7ba47441c8,mock_oisa_scale_1.2,252567402,410143,252157259,252567402,252157259,1785477763937024065,-1,47705,trace_group_end_lag_clamped,1785477763936976360
210131049,44,1785477763703271336,2,1785477763702861193,0,1785477763913402385,1785477763913402385,edp_rs,0,2,55,expert_dp_grad_reduce_scatter:pg=1083,1785477763703271336,0,expert_dp_grad_reduce_scatter,2,7549747200,same_rank_dp_rs,18064185,1785477763684866806,1785477763684866806,1785477763684456663,1.0,iter55:pp2:edp_rs:round0:expert_dp_grad_reduce_scatter:pg=1083,iter55:pp2:edp_rs:round0:expert_dp_grad_reduce_scatter:pg=1083:rel-fc7ba47441c8,mock_oisa_scale_1.2,252567402,410143,252157259,252567402,252157259,1785477763937024065,-1,0,trace_group_end_lag_clamped,1785477763937024065
212441619,37,1785477763702920446,2,1785477763702920446,0,1785477763915451587,1785477763915451587,edp_rs,0,2,55,expert_dp_grad_reduce_scatter:pg=1085,1785477763703009968,89522,expert_dp_grad_reduce_scatter,2,7549747200,same_rank_dp_rs,17752289,1785477763684515916,1785477763684605438,1785477763684515916,1.0,iter55:pp2:edp_rs:round0:expert_dp_grad_reduce_scatter:pg=1085,iter55:pp2:edp_rs:round0:expert_dp_grad_reduce_scatter:pg=1085:rel-46b0ad4b264e,mock_oisa_scale_1.2,255019465,89522,254929943,255019465,254929943,1785477763939535381,-1,0,trace_group_end_lag_clamped,1785477763939535381
212441619,45,1785477763703009968,2,1785477763702920446,63945,1785477763915387642,1785477763915451587,edp_rs,0,2,55,expert_dp_grad_reduce_scatter:pg=1085,1785477763703009968,0,expert_dp_grad_reduce_scatter,2,7549747200,same_rank_dp_rs,17753088,1785477763684605438,1785477763684605438,1785477763684515916,1.0,iter55:pp2:edp_rs:round0:expert_dp_grad_reduce_scatter:pg=1085,iter55:pp2:edp_rs:round0:expert_dp_grad_reduce_scatter:pg=1085:rel-46b0ad4b264e,mock_oisa_scale_1.2,255019465,89522,254929943,255019465,254929943,1785477763939535381,-1,63945,trace_group_end_lag_clamped,1785477763939471436
209060768,38,1785477763702787491,2,1785477763702765509,0,1785477763911848259,1785477763911848259,edp_rs,0,2,55,expert_dp_grad_reduce_scatter:pg=1087,1785477763702787491,0,expert_dp_grad_reduce_scatter,2,7549747200,same_rank_dp_rs,17617012,1785477763684382961,1785477763684382961,1785477763684360979,1.0,iter55:pp2:edp_rs:round0:expert_dp_grad_reduce_scatter:pg=1087,iter55:pp2:edp_rs:round0:expert_dp_grad_reduce_scatter:pg=1087:rel-e54eca9bcd4a,mock_oisa_scale_1.2,250894904,21982,250872922,250894904,250872922,1785477763935255883,-1,0,trace_group_end_lag_clamped,1785477763935255883
209060768,46,1785477763702765509,2,1785477763702765509,76964,1785477763911771295,1785477763911848259,edp_rs,0,2,55,expert_dp_grad_reduce_scatter:pg=1087,1785477763702787491,21982,expert_dp_grad_reduce_scatter,2,7549747200,same_rank_dp_rs,17507295,1785477763684360979,1785477763684382961,1785477763684360979,1.0,iter55:pp2:edp_rs:round0:expert_dp_grad_reduce_scatter:pg=1087,iter55:pp2:edp_rs:round0:expert_dp_grad_reduce_scatter:pg=1087:rel-e54eca9bcd4a,mock_oisa_scale_1.2,250894904,21982,250872922,250894904,250872922,1785477763935255883,-1,76964,trace_group_end_lag_clamped,1785477763935178919
210952936,39,1785477763702871761,2,1785477763702788888,74857,1785477763913749840,1785477763913824697,edp_rs,0,2,55,expert_dp_grad_reduce_scatter:pg=1089,1785477763702871761,0,expert_dp_grad_reduce_scatter,2,7549747200,same_rank_dp_rs,17584837,1785477763684467231,1785477763684467231,1785477763684384358,1.0,iter55:pp2:edp_rs:round0:expert_dp_grad_reduce_scatter:pg=1089,iter55:pp2:edp_rs:round0:expert_dp_grad_reduce_scatter:pg=1089:rel-f804234bc0bb,mock_oisa_scale_1.2,253226396,82873,253143523,253226396,253143523,1785477763937610754,-1,74857,trace_group_end_lag_clamped,1785477763937535897
210952936,47,1785477763702788888,2,1785477763702788888,0,1785477763913824697,1785477763913824697,edp_rs,0,2,55,expert_dp_grad_reduce_scatter:pg=1089,1785477763702871761,82873,expert_dp_grad_reduce_scatter,2,7549747200,same_rank_dp_rs,17555274,1785477763684384358,1785477763684467231,1785477763684384358,1.0,iter55:pp2:edp_rs:round0:expert_dp_grad_reduce_scatter:pg=1089,iter55:pp2:edp_rs:round0:expert_dp_grad_reduce_scatter:pg=1089:rel-f804234bc0bb,mock_oisa_scale_1.2,253226396,82873,253143523,253226396,253143523,1785477763937610754,-1,0,trace_group_end_lag_clamped,1785477763937610754
7502805,48,1785477765025453197,3,1785477765025299474,54691,1785477765034471495,1785477765034526186,dp_ag0,0,16,55,dp_param_allgather:pg=7,1785477765027023381,1570184,dp_param_allgather,16,98621440,world_rs_done,28776940,1785477765019636874,1785477765021207058,1785477765019483151,1.0,iter55:pp3:dp_ag0:round0:dp_param_allgather:pg=7,iter55:pp3:dp_ag0:round0:dp_param_allgather:pg=7:rel-b026165c6a38,mock_oisa_scale_1.2,10727273,1723907,9003366,10727273,9003366,1785477765030210424,-1,54691,trace_group_end_lag_clamped,1785477765030155733
7502805,49,1785477765025696553,3,1785477765025299474,43565,1785477765034482621,1785477765034526186,dp_ag0,0,16,55,dp_param_allgather:pg=7,1785477765027023381,1326828,dp_param_allgather,16,98621440,world_rs_done,29020296,1785477765019880230,1785477765021207058,1785477765019483151,1.0,iter55:pp3:dp_ag0:round0:dp_param_allgather:pg=7,iter55:pp3:dp_ag0:round0:dp_param_allgather:pg=7:rel-b026165c6a38,mock_oisa_scale_1.2,10727273,1723907,9003366,10727273,9003366,1785477765030210424,-1,43565,trace_group_end_lag_clamped,1785477765030166859
7502805,50,1785477765026150193,3,1785477765025299474,39869,1785477765034486317,1785477765034526186,dp_ag0,0,16,55,dp_param_allgather:pg=7,1785477765027023381,873188,dp_param_allgather,16,98621440,world_rs_done,29473936,1785477765020333870,1785477765021207058,1785477765019483151,1.0,iter55:pp3:dp_ag0:round0:dp_param_allgather:pg=7,iter55:pp3:dp_ag0:round0:dp_param_allgather:pg=7:rel-b026165c6a38,mock_oisa_scale_1.2,10727273,1723907,9003366,10727273,9003366,1785477765030210424,-1,39869,trace_group_end_lag_clamped,1785477765030170555
7502805,51,1785477765026142686,3,1785477765025299474,51196,1785477765034474990,1785477765034526186,dp_ag0,0,16,55,dp_param_allgather:pg=7,1785477765027023381,880695,dp_param_allgather,16,98621440,world_rs_done,29466429,1785477765020326363,1785477765021207058,1785477765019483151,1.0,iter55:pp3:dp_ag0:round0:dp_param_allgather:pg=7,iter55:pp3:dp_ag0:round0:dp_param_allgather:pg=7:rel-b026165c6a38,mock_oisa_scale_1.2,10727273,1723907,9003366,10727273,9003366,1785477765030210424,-1,51196,trace_group_end_lag_clamped,1785477765030159228
7502805,52,1785477765025704912,3,1785477765025299474,46012,1785477765034480174,1785477765034526186,dp_ag0,0,16,55,dp_param_allgather:pg=7,1785477765027023381,1318469,dp_param_allgather,16,98621440,world_rs_done,29028655,1785477765019888589,1785477765021207058,1785477765019483151,1.0,iter55:pp3:dp_ag0:round0:dp_param_allgather:pg=7,iter55:pp3:dp_ag0:round0:dp_param_allgather:pg=7:rel-b026165c6a38,mock_oisa_scale_1.2,10727273,1723907,9003366,10727273,9003366,1785477765030210424,-1,46012,trace_group_end_lag_clamped,1785477765030164412
7502805,53,1785477765025568254,3,1785477765025299474,84478,1785477765034441708,1785477765034526186,dp_ag0,0,16,55,dp_param_allgather:pg=7,1785477765027023381,1455127,dp_param_allgather,16,98621440,world_rs_done,28891997,1785477765019751931,1785477765021207058,1785477765019483151,1.0,iter55:pp3:dp_ag0:round0:dp_param_allgather:pg=7,iter55:pp3:dp_ag0:round0:dp_param_allgather:pg=7:rel-b026165c6a38,mock_oisa_scale_1.2,10727273,1723907,9003366,10727273,9003366,1785477765030210424,-1,84478,trace_group_end_lag_clamped,1785477765030125946
7502805,54,1785477765025299474,3,1785477765025299474,38859,1785477765034487327,1785477765034526186,dp_ag0,0,16,55,dp_param_allgather:pg=7,1785477765027023381,1723907,dp_param_allgather,16,98621440,world_rs_done,28623217,1785477765019483151,1785477765021207058,1785477765019483151,1.0,iter55:pp3:dp_ag0:round0:dp_param_allgather:pg=7,iter55:pp3:dp_ag0:round0:dp_param_allgather:pg=7:rel-b026165c6a38,mock_oisa_scale_1.2,10727273,1723907,9003366,10727273,9003366,1785477765030210424,-1,38859,trace_group_end_lag_clamped,1785477765030171565
7502805,55,1785477765027023381,3,1785477765025299474,43283,1785477765034482903,1785477765034526186,dp_ag0,0,16,55,dp_param_allgather:pg=7,1785477765027023381,0,dp_param_allgather,16,98621440,world_rs_done,30347124,1785477765021207058,1785477765021207058,1785477765019483151,1.0,iter55:pp3:dp_ag0:round0:dp_param_allgather:pg=7,iter55:pp3:dp_ag0:round0:dp_param_allgather:pg=7:rel-b026165c6a38,mock_oisa_scale_1.2,10727273,1723907,9003366,10727273,9003366,1785477765030210424,-1,43283,trace_group_end_lag_clamped,1785477765030167141
7502805,56,1785477765025578314,3,1785477765025299474,8460,1785477765034517726,1785477765034526186,dp_ag0,0,16,55,dp_param_allgather:pg=7,1785477765027023381,1445067,dp_param_allgather,16,98621440,world_rs_done,28902057,1785477765019761991,1785477765021207058,1785477765019483151,1.0,iter55:pp3:dp_ag0:round0:dp_param_allgather:pg=7,iter55:pp3:dp_ag0:round0:dp_param_allgather:pg=7:rel-b026165c6a38,mock_oisa_scale_1.2,10727273,1723907,9003366,10727273,9003366,1785477765030210424,-1,8460,trace_group_end_lag_clamped,1785477765030201964
7502805,57,1785477765025665473,3,1785477765025299474,13399,1785477765034512787,1785477765034526186,dp_ag0,0,16,55,dp_param_allgather:pg=7,1785477765027023381,1357908,dp_param_allgather,16,98621440,world_rs_done,28989216,1785477765019849150,1785477765021207058,1785477765019483151,1.0,iter55:pp3:dp_ag0:round0:dp_param_allgather:pg=7,iter55:pp3:dp_ag0:round0:dp_param_allgather:pg=7:rel-b026165c6a38,mock_oisa_scale_1.2,10727273,1723907,9003366,10727273,9003366,1785477765030210424,-1,13399,trace_group_end_lag_clamped,1785477765030197025
7502805,58,1785477765025536958,3,1785477765025299474,59740,1785477765034466446,1785477765034526186,dp_ag0,0,16,55,dp_param_allgather:pg=7,1785477765027023381,1486423,dp_param_allgather,16,98621440,world_rs_done,28860701,1785477765019720635,1785477765021207058,1785477765019483151,1.0,iter55:pp3:dp_ag0:round0:dp_param_allgather:pg=7,iter55:pp3:dp_ag0:round0:dp_param_allgather:pg=7:rel-b026165c6a38,mock_oisa_scale_1.2,10727273,1723907,9003366,10727273,9003366,1785477765030210424,-1,59740,trace_group_end_lag_clamped,1785477765030150684
7502805,59,1785477765025922058,3,1785477765025299474,9955,1785477765034516231,1785477765034526186,dp_ag0,0,16,55,dp_param_allgather:pg=7,1785477765027023381,1101323,dp_param_allgather,16,98621440,world_rs_done,29245801,1785477765020105735,1785477765021207058,1785477765019483151,1.0,iter55:pp3:dp_ag0:round0:dp_param_allgather:pg=7,iter55:pp3:dp_ag0:round0:dp_param_allgather:pg=7:rel-b026165c6a38,mock_oisa_scale_1.2,10727273,1723907,9003366,10727273,9003366,1785477765030210424,-1,9955,trace_group_end_lag_clamped,1785477765030200469
7502805,60,1785477765025429075,3,1785477765025299474,32005,1785477765034494181,1785477765034526186,dp_ag0,0,16,55,dp_param_allgather:pg=7,1785477765027023381,1594306,dp_param_allgather,16,98621440,world_rs_done,28752818,1785477765019612752,1785477765021207058,1785477765019483151,1.0,iter55:pp3:dp_ag0:round0:dp_param_allgather:pg=7,iter55:pp3:dp_ag0:round0:dp_param_allgather:pg=7:rel-b026165c6a38,mock_oisa_scale_1.2,10727273,1723907,9003366,10727273,9003366,1785477765030210424,-1,32005,trace_group_end_lag_clamped,1785477765030178419
7502805,61,1785477765025621027,3,1785477765025299474,0,1785477765034526186,1785477765034526186,dp_ag0,0,16,55,dp_param_allgather:pg=7,1785477765027023381,1402354,dp_param_allgather,16,98621440,world_rs_done,28944770,1785477765019804704,1785477765021207058,1785477765019483151,1.0,iter55:pp3:dp_ag0:round0:dp_param_allgather:pg=7,iter55:pp3:dp_ag0:round0:dp_param_allgather:pg=7:rel-b026165c6a38,mock_oisa_scale_1.2,10727273,1723907,9003366,10727273,9003366,1785477765030210424,-1,0,trace_group_end_lag_clamped,1785477765030210424
7502805,62,1785477765025795926,3,1785477765025299474,70272,1785477765034455914,1785477765034526186,dp_ag0,0,16,55,dp_param_allgather:pg=7,1785477765027023381,1227455,dp_param_allgather,16,98621440,world_rs_done,29119669,1785477765019979603,1785477765021207058,1785477765019483151,1.0,iter55:pp3:dp_ag0:round0:dp_param_allgather:pg=7,iter55:pp3:dp_ag0:round0:dp_param_allgather:pg=7:rel-b026165c6a38,mock_oisa_scale_1.2,10727273,1723907,9003366,10727273,9003366,1785477765030210424,-1,70272,trace_group_end_lag_clamped,1785477765030140152
7502805,63,1785477765025859404,3,1785477765025299474,54372,1785477765034471814,1785477765034526186,dp_ag0,0,16,55,dp_param_allgather:pg=7,1785477765027023381,1163977,dp_param_allgather,16,98621440,world_rs_done,29183147,1785477765020043081,1785477765021207058,1785477765019483151,1.0,iter55:pp3:dp_ag0:round0:dp_param_allgather:pg=7,iter55:pp3:dp_ag0:round0:dp_param_allgather:pg=7:rel-b026165c6a38,mock_oisa_scale_1.2,10727273,1723907,9003366,10727273,9003366,1785477765030210424,-1,54372,trace_group_end_lag_clamped,1785477765030156052
7374107,48,1785477765176243437,3,1785477765174883871,63624,1785477765192007919,1785477765192071543,dp_ag1,1,16,55,dp_param_allgather:pg=7,1785477765184697436,8453999,dp_param_allgather,16,98621440,same_rank_edp_ag0,88069910,1785477765182667530,1785477765192855248,1785477765181279281,1.0,iter55:pp3:dp_ag1:round1:dp_param_allgather:pg=7,iter55:pp3:dp_ag1:round1:dp_param_allgather:pg=7:rel-e36029ae4414,mock_oisa_scale_1.2,20424895,11575967,8848928,20424895,8848928,1785477765201704176,-1,63624,trace_group_end_lag_clamped,1785477765201640552
7374107,49,1785477765183831129,3,1785477765174883871,52032,1785477765192019511,1785477765192071543,dp_ag1,1,16,55,dp_param_allgather:pg=7,1785477765184697436,866307,dp_param_allgather,16,98621440,same_rank_edp_ag0,87434514,1785477765191901359,1785477765192855248,1785477765181279281,1.0,iter55:pp3:dp_ag1:round1:dp_param_allgather:pg=7,iter55:pp3:dp_ag1:round1:dp_param_allgather:pg=7:rel-e36029ae4414,mock_oisa_scale_1.2,20424895,11575967,8848928,20424895,8848928,1785477765201704176,-1,52032,trace_group_end_lag_clamped,1785477765201652144
7374107,50,1785477765175583466,3,1785477765174883871,65669,1785477765192005874,1785477765192071543,dp_ag1,1,16,55,dp_param_allgather:pg=7,1785477765184697436,9113970,dp_param_allgather,16,98621440,same_rank_edp_ag0,87212443,1785477765182037124,1785477765192855248,1785477765181279281,1.0,iter55:pp3:dp_ag1:round1:dp_param_allgather:pg=7,iter55:pp3:dp_ag1:round1:dp_param_allgather:pg=7:rel-e36029ae4414,mock_oisa_scale_1.2,20424895,11575967,8848928,20424895,8848928,1785477765201704176,-1,65669,trace_group_end_lag_clamped,1785477765201638507
7374107,51,1785477765175401270,3,1785477765174883871,48346,1785477765192023197,1785477765192071543,dp_ag1,1,16,55,dp_param_allgather:pg=7,1785477765184697436,9296166,dp_param_allgather,16,98621440,same_rank_edp_ag0,87039807,1785477765181852394,1785477765192855248,1785477765181279281,1.0,iter55:pp3:dp_ag1:round1:dp_param_allgather:pg=7,iter55:pp3:dp_ag1:round1:dp_param_allgather:pg=7:rel-e36029ae4414,mock_oisa_scale_1.2,20424895,11575967,8848928,20424895,8848928,1785477765201704176,-1,48346,trace_group_end_lag_clamped,1785477765201655830
7374107,52,1785477765175444313,3,1785477765174883871,90110,1785477765191981433,1785477765192071543,dp_ag1,1,16,55,dp_param_allgather:pg=7,1785477765184697436,9253123,dp_param_allgather,16,98621440,same_rank_edp_ag0,87075970,1785477765181915870,1785477765192855248,1785477765181279281,1.0,iter55:pp3:dp_ag1:round1:dp_param_allgather:pg=7,iter55:pp3:dp_ag1:round1:dp_param_allgather:pg=7:rel-e36029ae4414,mock_oisa_scale_1.2,20424895,11575967,8848928,20424895,8848928,1785477765201704176,-1,90110,trace_group_end_lag_clamped,1785477765201614066
7374107,53,1785477765184697436,3,1785477765174883871,56135,1785477765192015408,1785477765192071543,dp_ag1,1,16,55,dp_param_allgather:pg=7,1785477765184697436,0,dp_param_allgather,16,98621440,same_rank_edp_ag0,87825905,1785477765192855248,1785477765192855248,1785477765181279281,1.0,iter55:pp3:dp_ag1:round1:dp_param_allgather:pg=7,iter55:pp3:dp_ag1:round1:dp_param_allgather:pg=7:rel-e36029ae4414,mock_oisa_scale_1.2,20424895,11575967,8848928,20424895,8848928,1785477765201704176,-1,56135,trace_group_end_lag_clamped,1785477765201648041
7374107,54,1785477765176440807,3,1785477765174883871,48397,1785477765192023146,1785477765192071543,dp_ag1,1,16,55,dp_param_allgather:pg=7,1785477765184697436,8256629,dp_param_allgather,16,98621440,same_rank_edp_ag0,87840232,1785477765182968806,1785477765192855248,1785477765181279281,1.0,iter55:pp3:dp_ag1:round1:dp_param_allgather:pg=7,iter55:pp3:dp_ag1:round1:dp_param_allgather:pg=7:rel-e36029ae4414,mock_oisa_scale_1.2,20424895,11575967,8848928,20424895,8848928,1785477765201704176,-1,48397,trace_group_end_lag_clamped,1785477765201655779
7374107,55,1785477765174883871,3,1785477765174883871,43493,1785477765192028050,1785477765192071543,dp_ag1,1,16,55,dp_param_allgather:pg=7,1785477765184697436,9813565,dp_param_allgather,16,98621440,same_rank_edp_ag0,86863579,1785477765181279281,1785477765192855248,1785477765181279281,1.0,iter55:pp3:dp_ag1:round1:dp_param_allgather:pg=7,iter55:pp3:dp_ag1:round1:dp_param_allgather:pg=7:rel-e36029ae4414,mock_oisa_scale_1.2,20424895,11575967,8848928,20424895,8848928,1785477765201704176,-1,43493,trace_group_end_lag_clamped,1785477765201660683
7374107,56,1785477765175604771,3,1785477765174883871,2028,1785477765192069515,1785477765192071543,dp_ag1,1,16,55,dp_param_allgather:pg=7,1785477765184697436,9092665,dp_param_allgather,16,98621440,same_rank_edp_ag0,87327927,1785477765182028864,1785477765192855248,1785477765181279281,1.0,iter55:pp3:dp_ag1:round1:dp_param_allgather:pg=7,iter55:pp3:dp_ag1:round1:dp_param_allgather:pg=7:rel-e36029ae4414,mock_oisa_scale_1.2,20424895,11575967,8848928,20424895,8848928,1785477765201704176,-1,2028,trace_group_end_lag_clamped,1785477765201702148
7374107,57,1785477765183291329,3,1785477765174883871,30100,1785477765192041443,1785477765192071543,dp_ag1,1,16,55,dp_param_allgather:pg=7,1785477765184697436,1406107,dp_param_allgather,16,98621440,same_rank_edp_ag0,86838023,1785477765191361559,1785477765192855248,1785477765181279281,1.0,iter55:pp3:dp_ag1:round1:dp_param_allgather:pg=7,iter55:pp3:dp_ag1:round1:dp_param_allgather:pg=7:rel-e36029ae4414,mock_oisa_scale_1.2,20424895,11575967,8848928,20424895,8848928,1785477765201704176,-1,30100,trace_group_end_lag_clamped,1785477765201674076
7374107,58,1785477765176240137,3,1785477765174883871,0,1785477765192071543,1785477765192071543,dp_ag1,1,16,55,dp_param_allgather:pg=7,1785477765184697436,8457299,dp_param_allgather,16,98621440,same_rank_edp_ag0,87859318,1785477765182693795,1785477765192855248,1785477765181279281,1.0,iter55:pp3:dp_ag1:round1:dp_param_allgather:pg=7,iter55:pp3:dp_ag1:round1:dp_param_allgather:pg=7:rel-e36029ae4414,mock_oisa_scale_1.2,20424895,11575967,8848928,20424895,8848928,1785477765201704176,-1,0,trace_group_end_lag_clamped,1785477765201704176
7374107,59,1785477765176464547,3,1785477765174883871,37380,1785477765192034163,1785477765192071543,dp_ag1,1,16,55,dp_param_allgather:pg=7,1785477765184697436,8232889,dp_param_allgather,16,98621440,same_rank_edp_ag0,88107064,1785477765182915671,1785477765192855248,1785477765181279281,1.0,iter55:pp3:dp_ag1:round1:dp_param_allgather:pg=7,iter55:pp3:dp_ag1:round1:dp_param_allgather:pg=7:rel-e36029ae4414,mock_oisa_scale_1.2,20424895,11575967,8848928,20424895,8848928,1785477765201704176,-1,37380,trace_group_end_lag_clamped,1785477765201666796
7374107,60,1785477765177057465,3,1785477765174883871,24795,1785477765192046748,1785477765192071543,dp_ag1,1,16,55,dp_param_allgather:pg=7,1785477765184697436,7639971,dp_param_allgather,16,98621440,same_rank_edp_ag0,88615491,1785477765183529022,1785477765192855248,1785477765181279281,1.0,iter55:pp3:dp_ag1:round1:dp_param_allgather:pg=7,iter55:pp3:dp_ag1:round1:dp_param_allgather:pg=7:rel-e36029ae4414,mock_oisa_scale_1.2,20424895,11575967,8848928,20424895,8848928,1785477765201704176,-1,24795,trace_group_end_lag_clamped,1785477765201679381
7374107,61,1785477765183568678,3,1785477765174883871,12467,1785477765192059076,1785477765192071543,dp_ag1,1,16,55,dp_param_allgather:pg=7,1785477765184697436,1128758,dp_param_allgather,16,98621440,same_rank_edp_ag0,86659784,1785477765191726490,1785477765192855248,1785477765181279281,1.0,iter55:pp3:dp_ag1:round1:dp_param_allgather:pg=7,iter55:pp3:dp_ag1:round1:dp_param_allgather:pg=7:rel-e36029ae4414,mock_oisa_scale_1.2,20424895,11575967,8848928,20424895,8848928,1785477765201704176,-1,12467,trace_group_end_lag_clamped,1785477765201691709
7374107,62,1785477765175691793,3,1785477765174883871,47574,1785477765192023969,1785477765192071543,dp_ag1,1,16,55,dp_param_allgather:pg=7,1785477765184697436,9005643,dp_param_allgather,16,98621440,same_rank_edp_ag0,86956116,1785477765182219792,1785477765192855248,1785477765181279281,1.0,iter55:pp3:dp_ag1:round1:dp_param_allgather:pg=7,iter55:pp3:dp_ag1:round1:dp_param_allgather:pg=7:rel-e36029ae4414,mock_oisa_scale_1.2,20424895,11575967,8848928,20424895,8848928,1785477765201704176,-1,47574,trace_group_end_lag_clamped,1785477765201656602
7374107,63,1785477765175368755,3,1785477765174883871,54611,1785477765192016932,1785477765192071543,dp_ag1,1,16,55,dp_param_allgather:pg=7,1785477765184697436,9328681,dp_param_allgather,16,98621440,same_rank_edp_ag0,87315269,1785477765181764165,1785477765192855248,1785477765181279281,1.0,iter55:pp3:dp_ag1:round1:dp_param_allgather:pg=7,iter55:pp3:dp_ag1:round1:dp_param_allgather:pg=7:rel-e36029ae4414,mock_oisa_scale_1.2,20424895,11575967,8848928,20424895,8848928,1785477765201704176,-1,54611,trace_group_end_lag_clamped,1785477765201649565
15965557,48,1785477762735531346,3,1785477762734479230,99888,1785477762881595397,1785477762881695285,dp_rs,0,16,55,dp_grad_reduce_scatter:pg=7,1785477762865729728,130198382,dp_grad_reduce_scatter,16,3155886080,pp_frontier,0,1785477762707627753,1785477762844985531,1785477762702213911,1.0,iter55:pp3:dp_rs:round0:dp_grad_reduce_scatter:pg=7,iter55:pp3:dp_rs:round0:dp_grad_reduce_scatter:pg=7:rel-5bfd64c993dc,mock_oisa_scale_1.2,161930288,142771620,19158668,161930288,19158668,1785477762864144199,-1,99888,trace_group_end_lag_clamped,1785477762864044311
15965557,49,1785477762735572265,3,1785477762734479230,102349,1785477762881592936,1785477762881695285,dp_rs,0,16,55,dp_grad_reduce_scatter:pg=7,1785477762865729728,130157463,dp_grad_reduce_scatter,16,3155886080,pp_frontier,0,1785477762702213911,1785477762844985531,1785477762702213911,1.0,iter55:pp3:dp_rs:round0:dp_grad_reduce_scatter:pg=7,iter55:pp3:dp_rs:round0:dp_grad_reduce_scatter:pg=7:rel-5bfd64c993dc,mock_oisa_scale_1.2,161930288,142771620,19158668,161930288,19158668,1785477762864144199,-1,102349,trace_group_end_lag_clamped,1785477762864041850
15965557,50,1785477762734581494,3,1785477762734479230,85004,1785477762881610281,1785477762881695285,dp_rs,0,16,55,dp_grad_reduce_scatter:pg=7,1785477762865729728,131148234,dp_grad_reduce_scatter,16,3155886080,pp_frontier,0,1785477762710539179,1785477762844985531,1785477762702213911,1.0,iter55:pp3:dp_rs:round0:dp_grad_reduce_scatter:pg=7,iter55:pp3:dp_rs:round0:dp_grad_reduce_scatter:pg=7:rel-5bfd64c993dc,mock_oisa_scale_1.2,161930288,142771620,19158668,161930288,19158668,1785477762864144199,-1,85004,trace_group_end_lag_clamped,1785477762864059195
15965557,51,1785477762734479230,3,1785477762734479230,72353,1785477762881622932,1785477762881695285,dp_rs,0,16,55,dp_grad_reduce_scatter:pg=7,1785477762865729728,131250498,dp_grad_reduce_scatter,16,3155886080,pp_frontier,0,1785477762708176938,1785477762844985531,1785477762702213911,1.0,iter55:pp3:dp_rs:round0:dp_grad_reduce_scatter:pg=7,iter55:pp3:dp_rs:round0:dp_grad_reduce_scatter:pg=7:rel-5bfd64c993dc,mock_oisa_scale_1.2,161930288,142771620,19158668,161930288,19158668,1785477762864144199,-1,72353,trace_group_end_lag_clamped,1785477762864071846
15965557,52,1785477762735132739,3,1785477762734479230,122970,1785477762881572315,1785477762881695285,dp_rs,0,16,55,dp_grad_reduce_scatter:pg=7,1785477762865729728,130596989,dp_grad_reduce_scatter,16,3155886080,pp_frontier,0,1785477762712582800,1785477762844985531,1785477762702213911,1.0,iter55:pp3:dp_rs:round0:dp_grad_reduce_scatter:pg=7,iter55:pp3:dp_rs:round0:dp_grad_reduce_scatter:pg=7:rel-5bfd64c993dc,mock_oisa_scale_1.2,161930288,142771620,19158668,161930288,19158668,1785477762864144199,-1,122970,trace_group_end_lag_clamped,1785477762864021229
15965557,53,1785477762735180370,3,1785477762734479230,115351,1785477762881579934,1785477762881695285,dp_rs,0,16,55,dp_grad_reduce_scatter:pg=7,1785477762865729728,130549358,dp_grad_reduce_scatter,16,3155886080,pp_frontier,0,1785477762715346648,1785477762844985531,1785477762702213911,1.0,iter55:pp3:dp_rs:round0:dp_grad_reduce_scatter:pg=7,iter55:pp3:dp_rs:round0:dp_grad_reduce_scatter:pg=7:rel-5bfd64c993dc,mock_oisa_scale_1.2,161930288,142771620,19158668,161930288,19158668,1785477762864144199,-1,115351,trace_group_end_lag_clamped,1785477762864028848
15965557,54,1785477762735053334,3,1785477762734479230,81883,1785477762881613402,1785477762881695285,dp_rs,0,16,55,dp_grad_reduce_scatter:pg=7,1785477762865729728,130676394,dp_grad_reduce_scatter,16,3155886080,pp_frontier,0,1785477762707248576,1785477762844985531,1785477762702213911,1.0,iter55:pp3:dp_rs:round0:dp_grad_reduce_scatter:pg=7,iter55:pp3:dp_rs:round0:dp_grad_reduce_scatter:pg=7:rel-5bfd64c993dc,mock_oisa_scale_1.2,161930288,142771620,19158668,161930288,19158668,1785477762864144199,-1,81883,trace_group_end_lag_clamped,1785477762864062316
15965557,55,1785477762735767405,3,1785477762734479230,94493,1785477762881600792,1785477762881695285,dp_rs,0,16,55,dp_grad_reduce_scatter:pg=7,1785477762865729728,129962323,dp_grad_reduce_scatter,16,3155886080,pp_frontier,0,1785477762704163807,1785477762844985531,1785477762702213911,1.0,iter55:pp3:dp_rs:round0:dp_grad_reduce_scatter:pg=7,iter55:pp3:dp_rs:round0:dp_grad_reduce_scatter:pg=7:rel-5bfd64c993dc,mock_oisa_scale_1.2,161930288,142771620,19158668,161930288,19158668,1785477762864144199,-1,94493,trace_group_end_lag_clamped,1785477762864049706
15965557,56,1785477762865079135,3,1785477762734479230,120167,1785477762881575118,1785477762881695285,dp_rs,0,16,55,dp_grad_reduce_scatter:pg=7,1785477762865729728,650593,dp_grad_reduce_scatter,16,3155886080,pp_frontier,0,1785477762819355902,1785477762844985531,1785477762702213911,1.0,iter55:pp3:dp_rs:round0:dp_grad_reduce_scatter:pg=7,iter55:pp3:dp_rs:round0:dp_grad_reduce_scatter:pg=7:rel-5bfd64c993dc,mock_oisa_scale_1.2,161930288,142771620,19158668,161930288,19158668,1785477762864144199,-1,120167,trace_group_end_lag_clamped,1785477762864024032
15965557,57,1785477762864964857,3,1785477762734479230,0,1785477762881695285,1785477762881695285,dp_rs,0,16,55,dp_grad_reduce_scatter:pg=7,1785477762865729728,764871,dp_grad_reduce_scatter,16,3155886080,pp_frontier,0,1785477762838981975,1785477762844985531,1785477762702213911,1.0,iter55:pp3:dp_rs:round0:dp_grad_reduce_scatter:pg=7,iter55:pp3:dp_rs:round0:dp_grad_reduce_scatter:pg=7:rel-5bfd64c993dc,mock_oisa_scale_1.2,161930288,142771620,19158668,161930288,19158668,1785477762864144199,-1,0,trace_group_end_lag_clamped,1785477762864144199
15965557,58,1785477762865018299,3,1785477762734479230,50860,1785477762881644425,1785477762881695285,dp_rs,0,16,55,dp_grad_reduce_scatter:pg=7,1785477762865729728,711429,dp_grad_reduce_scatter,16,3155886080,pp_frontier,0,1785477762842926256,1785477762844985531,1785477762702213911,1.0,iter55:pp3:dp_rs:round0:dp_grad_reduce_scatter:pg=7,iter55:pp3:dp_rs:round0:dp_grad_reduce_scatter:pg=7:rel-5bfd64c993dc,mock_oisa_scale_1.2,161930288,142771620,19158668,161930288,19158668,1785477762864144199,-1,50860,trace_group_end_lag_clamped,1785477762864093339
15965557,59,1785477762865412785,3,1785477762734479230,89841,1785477762881605444,1785477762881695285,dp_rs,0,16,55,dp_grad_reduce_scatter:pg=7,1785477762865729728,316943,dp_grad_reduce_scatter,16,3155886080,pp_frontier,0,1785477762844985531,1785477762844985531,1785477762702213911,1.0,iter55:pp3:dp_rs:round0:dp_grad_reduce_scatter:pg=7,iter55:pp3:dp_rs:round0:dp_grad_reduce_scatter:pg=7:rel-5bfd64c993dc,mock_oisa_scale_1.2,161930288,142771620,19158668,161930288,19158668,1785477762864144199,-1,89841,trace_group_end_lag_clamped,1785477762864054358
15965557,60,1785477762865537383,3,1785477762734479230,52817,1785477762881642468,1785477762881695285,dp_rs,0,16,55,dp_grad_reduce_scatter:pg=7,1785477762865729728,192345,dp_grad_reduce_scatter,16,3155886080,pp_frontier,0,1785477762842758017,1785477762844985531,1785477762702213911,1.0,iter55:pp3:dp_rs:round0:dp_grad_reduce_scatter:pg=7,iter55:pp3:dp_rs:round0:dp_grad_reduce_scatter:pg=7:rel-5bfd64c993dc,mock_oisa_scale_1.2,161930288,142771620,19158668,161930288,19158668,1785477762864144199,-1,52817,trace_group_end_lag_clamped,1785477762864091382
15965557,61,1785477762865729728,3,1785477762734479230,90198,1785477762881605087,1785477762881695285,dp_rs,0,16,55,dp_grad_reduce_scatter:pg=7,1785477762865729728,0,dp_grad_reduce_scatter,16,3155886080,pp_frontier,0,1785477762844231933,1785477762844985531,1785477762702213911,1.0,iter55:pp3:dp_rs:round0:dp_grad_reduce_scatter:pg=7,iter55:pp3:dp_rs:round0:dp_grad_reduce_scatter:pg=7:rel-5bfd64c993dc,mock_oisa_scale_1.2,161930288,142771620,19158668,161930288,19158668,1785477762864144199,-1,90198,trace_group_end_lag_clamped,1785477762864054001
15965557,62,1785477762865611416,3,1785477762734479230,4367,1785477762881690918,1785477762881695285,dp_rs,0,16,55,dp_grad_reduce_scatter:pg=7,1785477762865729728,118312,dp_grad_reduce_scatter,16,3155886080,pp_frontier,0,1785477762833673577,1785477762844985531,1785477762702213911,1.0,iter55:pp3:dp_rs:round0:dp_grad_reduce_scatter:pg=7,iter55:pp3:dp_rs:round0:dp_grad_reduce_scatter:pg=7:rel-5bfd64c993dc,mock_oisa_scale_1.2,161930288,142771620,19158668,161930288,19158668,1785477762864144199,-1,4367,trace_group_end_lag_clamped,1785477762864139832
15965557,63,1785477762865667312,3,1785477762734479230,74601,1785477762881620684,1785477762881695285,dp_rs,0,16,55,dp_grad_reduce_scatter:pg=7,1785477762865729728,62416,dp_grad_reduce_scatter,16,3155886080,pp_frontier,0,1785477762835093388,1785477762844985531,1785477762702213911,1.0,iter55:pp3:dp_rs:round0:dp_grad_reduce_scatter:pg=7,iter55:pp3:dp_rs:round0:dp_grad_reduce_scatter:pg=7:rel-5bfd64c993dc,mock_oisa_scale_1.2,161930288,142771620,19158668,161930288,19158668,1785477762864144199,-1,74601,trace_group_end_lag_clamped,1785477762864069598
53699277,48,1785477765034482095,3,1785477765034482095,103317,1785477765088173527,1785477765088276844,edp_ag0,0,2,55,expert_dp_param_allgather:pg=1091,1785477765034577567,95472,expert_dp_param_allgather,2,1887436800,same_rank_dp_ag0,10600,1785477765030166333,1785477765030261805,1785477765030166333,1.0,iter55:pp3:edp_ag0:round0:expert_dp_param_allgather:pg=1091,iter55:pp3:edp_ag0:round0:expert_dp_param_allgather:pg=1091:rel-7bf4699cb51b,mock_oisa_scale_1.2,64534604,95472,64439132,64534604,64439132,1785477765094700937,-1,103317,trace_group_end_lag_clamped,1785477765094597620
53699277,56,1785477765034577567,3,1785477765034482095,0,1785477765088276844,1785477765088276844,edp_ag0,0,2,55,expert_dp_param_allgather:pg=1091,1785477765034577567,0,expert_dp_param_allgather,2,1887436800,same_rank_dp_ag0,59841,1785477765030261805,1785477765030261805,1785477765030166333,1.0,iter55:pp3:edp_ag0:round0:expert_dp_param_allgather:pg=1091,iter55:pp3:edp_ag0:round0:expert_dp_param_allgather:pg=1091:rel-7bf4699cb51b,mock_oisa_scale_1.2,64534604,95472,64439132,64534604,64439132,1785477765094700937,-1,0,trace_group_end_lag_clamped,1785477765094700937
61929959,49,1785477765034493141,3,1785477765034493141,56691,1785477765096396615,1785477765096453306,edp_ag0,0,2,55,expert_dp_param_allgather:pg=1093,1785477765034523347,30206,expert_dp_param_allgather,2,1887436800,same_rank_dp_ag0,10520,1785477765030177379,1785477765030207585,1785477765030177379,1.0,iter55:pp3:edp_ag0:round0:expert_dp_param_allgather:pg=1093,iter55:pp3:edp_ag0:round0:expert_dp_param_allgather:pg=1093:rel-d352adc78f6c,mock_oisa_scale_1.2,74346157,30206,74315951,74346157,74315951,1785477765104523536,-1,56691,trace_group_end_lag_clamped,1785477765104466845
61929959,57,1785477765034523347,3,1785477765034493141,0,1785477765096453306,1785477765096453306,edp_ag0,0,2,55,expert_dp_param_allgather:pg=1093,1785477765034523347,0,expert_dp_param_allgather,2,1887436800,same_rank_dp_ag0,10560,1785477765030207585,1785477765030207585,1785477765030177379,1.0,iter55:pp3:edp_ag0:round0:expert_dp_param_allgather:pg=1093,iter55:pp3:edp_ag0:round0:expert_dp_param_allgather:pg=1093:rel-d352adc78f6c,mock_oisa_scale_1.2,74346157,30206,74315951,74346157,74315951,1785477765104523536,-1,0,trace_group_end_lag_clamped,1785477765104523536
53847102,50,1785477765034533717,3,1785477765034512806,9796,1785477765088371023,1785477765088380819,edp_ag0,0,2,55,expert_dp_param_allgather:pg=1095,1785477765034533717,0,expert_dp_param_allgather,2,1887436800,same_rank_dp_ag0,47400,1785477765030217955,1785477765030217955,1785477765030197044,1.0,iter55:pp3:edp_ag0:round0:expert_dp_param_allgather:pg=1095,iter55:pp3:edp_ag0:round0:expert_dp_param_allgather:pg=1095:rel-b529833f27c9,mock_oisa_scale_1.2,64637433,20911,64616522,64637433,64616522,1785477765094834477,-1,9796,trace_group_end_lag_clamped,1785477765094824681
53847102,58,1785477765034512806,3,1785477765034512806,0,1785477765088380819,1785477765088380819,edp_ag0,0,2,55,expert_dp_param_allgather:pg=1095,1785477765034533717,20911,expert_dp_param_allgather,2,1887436800,same_rank_dp_ag0,46360,1785477765030197044,1785477765030217955,1785477765030197044,1.0,iter55:pp3:edp_ag0:round0:expert_dp_param_allgather:pg=1095,iter55:pp3:edp_ag0:round0:expert_dp_param_allgather:pg=1095:rel-b529833f27c9,mock_oisa_scale_1.2,64637433,20911,64616522,64637433,64616522,1785477765094834477,-1,0,trace_group_end_lag_clamped,1785477765094834477
53834432,51,1785477765034513750,3,1785477765034513750,0,1785477765088361463,1785477765088361463,edp_ag0,0,2,55,expert_dp_param_allgather:pg=1097,1785477765034527031,13281,expert_dp_param_allgather,2,1887436800,same_rank_dp_ag0,38760,1785477765030197988,1785477765030211269,1785477765030197988,1.0,iter55:pp3:edp_ag0:round0:expert_dp_param_allgather:pg=1097,iter55:pp3:edp_ag0:round0:expert_dp_param_allgather:pg=1097:rel-dd6608609004,mock_oisa_scale_1.2,64614599,13281,64601318,64614599,64601318,1785477765094812587,-1,0,trace_group_end_lag_clamped,1785477765094812587
53834432,59,1785477765034527031,3,1785477765034513750,3980,1785477765088357483,1785477765088361463,edp_ag0,0,2,55,expert_dp_param_allgather:pg=1097,1785477765034527031,0,expert_dp_param_allgather,2,1887436800,same_rank_dp_ag0,10800,1785477765030211269,1785477765030211269,1785477765030197988,1.0,iter55:pp3:edp_ag0:round0:expert_dp_param_allgather:pg=1097,iter55:pp3:edp_ag0:round0:expert_dp_param_allgather:pg=1097:rel-dd6608609004,mock_oisa_scale_1.2,64614599,13281,64601318,64614599,64601318,1785477765094812587,-1,3980,trace_group_end_lag_clamped,1785477765094808607
53936593,52,1785477765034490814,3,1785477765034490814,73631,1785477765088368343,1785477765088441974,edp_ag0,0,2,55,expert_dp_param_allgather:pg=1099,1785477765034505381,14567,expert_dp_param_allgather,2,1887436800,same_rank_dp_ag0,10640,1785477765030175052,1785477765030189619,1785477765030175052,1.0,iter55:pp3:edp_ag0:round0:expert_dp_param_allgather:pg=1099,iter55:pp3:edp_ag0:round0:expert_dp_param_allgather:pg=1099:rel-c80c37f344ed,mock_oisa_scale_1.2,64738479,14567,64723912,64738479,64723912,1785477765094913531,-1,73631,trace_group_end_lag_clamped,1785477765094839900
53936593,60,1785477765034505381,3,1785477765034490814,0,1785477765088441974,1785477765088441974,edp_ag0,0,2,55,expert_dp_param_allgather:pg=1099,1785477765034505381,0,expert_dp_param_allgather,2,1887436800,same_rank_dp_ag0,11200,1785477765030189619,1785477765030189619,1785477765030175052,1.0,iter55:pp3:edp_ag0:round0:expert_dp_param_allgather:pg=1099,iter55:pp3:edp_ag0:round0:expert_dp_param_allgather:pg=1099:rel-c80c37f344ed,mock_oisa_scale_1.2,64738479,14567,64723912,64738479,64723912,1785477765094913531,-1,0,trace_group_end_lag_clamped,1785477765094913531
62367868,53,1785477765034517109,3,1785477765034517109,37363,1785477765096871531,1785477765096908894,edp_ag0,0,2,55,expert_dp_param_allgather:pg=1101,1785477765034541026,23917,expert_dp_param_allgather,2,1887436800,same_rank_dp_ag0,75401,1785477765030201347,1785477765030225264,1785477765030201347,1.0,iter55:pp3:edp_ag0:round0:expert_dp_param_allgather:pg=1101,iter55:pp3:edp_ag0:round0:expert_dp_param_allgather:pg=1101:rel-1a01390f6ba3,mock_oisa_scale_1.2,74865359,23917,74841442,74865359,74841442,1785477765105066706,-1,37363,trace_group_end_lag_clamped,1785477765105029343
62367868,61,1785477765034541026,3,1785477765034517109,0,1785477765096908894,1785477765096908894,edp_ag0,0,2,55,expert_dp_param_allgather:pg=1101,1785477765034541026,0,expert_dp_param_allgather,2,1887436800,same_rank_dp_ag0,14840,1785477765030225264,1785477765030225264,1785477765030201347,1.0,iter55:pp3:edp_ag0:round0:expert_dp_param_allgather:pg=1101,iter55:pp3:edp_ag0:round0:expert_dp_param_allgather:pg=1101:rel-1a01390f6ba3,mock_oisa_scale_1.2,74865359,23917,74841442,74865359,74841442,1785477765105066706,-1,0,trace_group_end_lag_clamped,1785477765105066706
54218803,54,1785477765034497827,3,1785477765034497827,135102,1785477765088600575,1785477765088735677,edp_ag0,0,2,55,expert_dp_param_allgather:pg=1103,1785477765034516874,19047,expert_dp_param_allgather,2,1887436800,same_rank_dp_ag0,10500,1785477765030182065,1785477765030201112,1785477765030182065,1.0,iter55:pp3:edp_ag0:round0:expert_dp_param_allgather:pg=1103,iter55:pp3:edp_ag0:round0:expert_dp_param_allgather:pg=1103:rel-0c0d60592934,mock_oisa_scale_1.2,65081611,19047,65062564,65081611,65062564,1785477765095263676,-1,135102,trace_group_end_lag_clamped,1785477765095128574
54218803,62,1785477765034516874,3,1785477765034497827,0,1785477765088735677,1785477765088735677,edp_ag0,0,2,55,expert_dp_param_allgather:pg=1103,1785477765034516874,0,expert_dp_param_allgather,2,1887436800,same_rank_dp_ag0,60960,1785477765030201112,1785477765030201112,1785477765030182065,1.0,iter55:pp3:edp_ag0:round0:expert_dp_param_allgather:pg=1103,iter55:pp3:edp_ag0:round0:expert_dp_param_allgather:pg=1103:rel-0c0d60592934,mock_oisa_scale_1.2,65081611,19047,65062564,65081611,65062564,1785477765095263676,-1,0,trace_group_end_lag_clamped,1785477765095263676
53555862,55,1785477765034497624,3,1785477765034482734,33194,1785477765088020292,1785477765088053486,edp_ag0,0,2,55,expert_dp_param_allgather:pg=1105,1785477765034497624,0,expert_dp_param_allgather,2,1887436800,same_rank_dp_ag0,14721,1785477765030181862,1785477765030181862,1785477765030166972,1.0,iter55:pp3:edp_ag0:round0:expert_dp_param_allgather:pg=1105,iter55:pp3:edp_ag0:round0:expert_dp_param_allgather:pg=1105:rel-fe4000499248,mock_oisa_scale_1.2,64281924,14890,64267034,64281924,64267034,1785477765094448896,-1,33194,trace_group_end_lag_clamped,1785477765094415702
53555862,63,1785477765034482734,3,1785477765034482734,0,1785477765088053486,1785477765088053486,edp_ag0,0,2,55,expert_dp_param_allgather:pg=1105,1785477765034497624,14890,expert_dp_param_allgather,2,1887436800,same_rank_dp_ag0,10920,1785477765030166972,1785477765030181862,1785477765030166972,1.0,iter55:pp3:edp_ag0:round0:expert_dp_param_allgather:pg=1105,iter55:pp3:edp_ag0:round0:expert_dp_param_allgather:pg=1105:rel-fe4000499248,mock_oisa_scale_1.2,64281924,14890,64267034,64281924,64267034,1785477765094448896,-1,0,trace_group_end_lag_clamped,1785477765094448896
52525356,48,1785477765192042999,3,1785477765192042999,107597,1785477765244548994,1785477765244656591,edp_ag1,1,2,55,expert_dp_param_allgather:pg=1091,1785477765192131235,88236,expert_dp_param_allgather,2,1887436800,same_rank_dp_ag1,35080,1785477765201675632,1785477765201763868,1785477765201675632,1.0,iter55:pp3:edp_ag1:round1:expert_dp_param_allgather:pg=1091,iter55:pp3:edp_ag1:round1:expert_dp_param_allgather:pg=1091:rel-0f064e9c7ff5,mock_oisa_scale_1.2,63118663,88236,63030427,63118663,63030427,1785477765264794295,-1,107597,trace_group_end_lag_clamped,1785477765264686698
52525356,56,1785477765192131235,3,1785477765192042999,0,1785477765244656591,1785477765244656591,edp_ag1,1,2,55,expert_dp_param_allgather:pg=1091,1785477765192131235,0,expert_dp_param_allgather,2,1887436800,same_rank_dp_ag1,61720,1785477765201763868,1785477765201763868,1785477765201675632,1.0,iter55:pp3:edp_ag1:round1:expert_dp_param_allgather:pg=1091,iter55:pp3:edp_ag1:round1:expert_dp_param_allgather:pg=1091:rel-0f064e9c7ff5,mock_oisa_scale_1.2,63118663,88236,63030427,63118663,63030427,1785477765264794295,-1,0,trace_group_end_lag_clamped,1785477765264794295
61845159,49,1785477765192030231,3,1785477765192030231,35562,1785477765253871520,1785477765253907082,edp_ag1,1,2,55,expert_dp_param_allgather:pg=1093,1785477765192061923,31692,expert_dp_param_allgather,2,1887436800,same_rank_dp_ag1,10720,1785477765201662864,1785477765201694556,1785477765201662864,1.0,iter55:pp3:edp_ag1:round1:expert_dp_param_allgather:pg=1093,iter55:pp3:edp_ag1:round1:expert_dp_param_allgather:pg=1093:rel-1fd99d97a142,mock_oisa_scale_1.2,74245883,31692,74214191,74245883,74214191,1785477765275908747,-1,35562,trace_group_end_lag_clamped,1785477765275873185
61845159,57,1785477765192061923,3,1785477765192030231,0,1785477765253907082,1785477765253907082,edp_ag1,1,2,55,expert_dp_param_allgather:pg=1093,1785477765192061923,0,expert_dp_param_allgather,2,1887436800,same_rank_dp_ag1,20480,1785477765201694556,1785477765201694556,1785477765201662864,1.0,iter55:pp3:edp_ag1:round1:expert_dp_param_allgather:pg=1093,iter55:pp3:edp_ag1:round1:expert_dp_param_allgather:pg=1093:rel-1fd99d97a142,mock_oisa_scale_1.2,74245883,31692,74214191,74245883,74214191,1785477765275908747,-1,0,trace_group_end_lag_clamped,1785477765275908747
52957848,50,1785477765192019914,3,1785477765192019914,94891,1785477765244968300,1785477765245063191,edp_ag1,1,2,55,expert_dp_param_allgather:pg=1095,1785477765192105343,85429,expert_dp_param_allgather,2,1887436800,same_rank_dp_ag1,14040,1785477765201652547,1785477765201737976,1785477765201652547,1.0,iter55:pp3:edp_ag1:round1:expert_dp_param_allgather:pg=1095,iter55:pp3:edp_ag1:round1:expert_dp_param_allgather:pg=1095:rel-3ab8c3827bc5,mock_oisa_scale_1.2,63634847,85429,63549418,63634847,63549418,1785477765265287394,-1,94891,trace_group_end_lag_clamped,1785477765265192503
52957848,58,1785477765192105343,3,1785477765192019914,0,1785477765245063191,1785477765245063191,edp_ag1,1,2,55,expert_dp_param_allgather:pg=1095,1785477765192105343,0,expert_dp_param_allgather,2,1887436800,same_rank_dp_ag1,33800,1785477765201737976,1785477765201737976,1785477765201652547,1.0,iter55:pp3:edp_ag1:round1:expert_dp_param_allgather:pg=1095,iter55:pp3:edp_ag1:round1:expert_dp_param_allgather:pg=1095:rel-3ab8c3827bc5,mock_oisa_scale_1.2,63634847,85429,63549418,63634847,63549418,1785477765265287394,-1,0,trace_group_end_lag_clamped,1785477765265287394
52266702,51,1785477765192035317,3,1785477765192035317,0,1785477765244312905,1785477765244312905,edp_ag1,1,2,55,expert_dp_param_allgather:pg=1097,1785477765192046203,10886,expert_dp_param_allgather,2,1887436800,same_rank_dp_ag1,12120,1785477765201667950,1785477765201678836,1785477765201667950,1.0,iter55:pp3:edp_ag1:round1:expert_dp_param_allgather:pg=1097,iter55:pp3:edp_ag1:round1:expert_dp_param_allgather:pg=1097:rel-ee4e6b3b91f9,mock_oisa_scale_1.2,62730928,10886,62720042,62730928,62720042,1785477765264398878,-1,0,trace_group_end_lag_clamped,1785477765264398878
52266702,59,1785477765192046203,3,1785477765192035317,5580,1785477765244307325,1785477765244312905,edp_ag1,1,2,55,expert_dp_param_allgather:pg=1097,1785477765192046203,0,expert_dp_param_allgather,2,1887436800,same_rank_dp_ag1,12040,1785477765201678836,1785477765201678836,1785477765201667950,1.0,iter55:pp3:edp_ag1:round1:expert_dp_param_allgather:pg=1097,iter55:pp3:edp_ag1:round1:expert_dp_param_allgather:pg=1097:rel-ee4e6b3b91f9,mock_oisa_scale_1.2,62730928,10886,62720042,62730928,62720042,1785477765264398878,-1,5580,trace_group_end_lag_clamped,1785477765264393298
54127914,52,1785477765192002670,3,1785477765192002670,33826,1785477765246151996,1785477765246185822,edp_ag1,1,2,55,expert_dp_param_allgather:pg=1099,1785477765192057908,55238,expert_dp_param_allgather,2,1887436800,same_rank_dp_ag1,21237,1785477765201635303,1785477765201690541,1785477765201635303,1.0,iter55:pp3:edp_ag1:round1:expert_dp_param_allgather:pg=1099,iter55:pp3:edp_ag1:round1:expert_dp_param_allgather:pg=1099:rel-ffc4bf8a18af,mock_oisa_scale_1.2,65008735,55238,64953497,65008735,64953497,1785477765266644038,-1,33826,trace_group_end_lag_clamped,1785477765266610212
54127914,60,1785477765192057908,3,1785477765192002670,0,1785477765246185822,1785477765246185822,edp_ag1,1,2,55,expert_dp_param_allgather:pg=1099,1785477765192057908,0,expert_dp_param_allgather,2,1887436800,same_rank_dp_ag1,11160,1785477765201690541,1785477765201690541,1785477765201635303,1.0,iter55:pp3:edp_ag1:round1:expert_dp_param_allgather:pg=1099,iter55:pp3:edp_ag1:round1:expert_dp_param_allgather:pg=1099:rel-ffc4bf8a18af,mock_oisa_scale_1.2,65008735,55238,64953497,65008735,64953497,1785477765266644038,-1,0,trace_group_end_lag_clamped,1785477765266644038
61964376,53,1785477765192114489,3,1785477765192080076,105914,1785477765253972951,1785477765254078865,edp_ag1,1,2,55,expert_dp_param_allgather:pg=1101,1785477765192114489,0,expert_dp_param_allgather,2,1887436800,same_rank_dp_ag1,99081,1785477765201747122,1785477765201747122,1785477765201712709,1.0,iter55:pp3:edp_ag1:round1:expert_dp_param_allgather:pg=1101,iter55:pp3:edp_ag1:round1:expert_dp_param_allgather:pg=1101:rel-1d7594f404fa,mock_oisa_scale_1.2,74391664,34413,74357251,74391664,74357251,1785477765276104373,-1,105914,trace_group_end_lag_clamped,1785477765275998459
61964376,61,1785477765192080076,3,1785477765192080076,0,1785477765254078865,1785477765254078865,edp_ag1,1,2,55,expert_dp_param_allgather:pg=1101,1785477765192114489,34413,expert_dp_param_allgather,2,1887436800,same_rank_dp_ag1,21000,1785477765201712709,1785477765201747122,1785477765201712709,1.0,iter55:pp3:edp_ag1:round1:expert_dp_param_allgather:pg=1101,iter55:pp3:edp_ag1:round1:expert_dp_param_allgather:pg=1101:rel-1d7594f404fa,mock_oisa_scale_1.2,74391664,34413,74357251,74391664,74357251,1785477765276104373,-1,0,trace_group_end_lag_clamped,1785477765276104373
52018789,54,1785477765192141866,3,1785477765192034649,1883,1785477765244158772,1785477765244160655,edp_ag1,1,2,55,expert_dp_param_allgather:pg=1103,1785477765192141866,0,expert_dp_param_allgather,2,1887436800,same_rank_dp_ag1,118720,1785477765201774499,1785477765201774499,1785477765201667282,1.0,iter55:pp3:edp_ag1:round1:expert_dp_param_allgather:pg=1103,iter55:pp3:edp_ag1:round1:expert_dp_param_allgather:pg=1103:rel-0ba819752379,mock_oisa_scale_1.2,62529764,107217,62422547,62529764,62422547,1785477765264197046,-1,1883,trace_group_end_lag_clamped,1785477765264195163
52018789,62,1785477765192034649,3,1785477765192034649,0,1785477765244160655,1785477765244160655,edp_ag1,1,2,55,expert_dp_param_allgather:pg=1103,1785477765192141866,107217,expert_dp_param_allgather,2,1887436800,same_rank_dp_ag1,10680,1785477765201667282,1785477765201774499,1785477765201667282,1.0,iter55:pp3:edp_ag1:round1:expert_dp_param_allgather:pg=1103,iter55:pp3:edp_ag1:round1:expert_dp_param_allgather:pg=1103:rel-0ba819752379,mock_oisa_scale_1.2,62529764,107217,62422547,62529764,62422547,1785477765264197046,-1,0,trace_group_end_lag_clamped,1785477765264197046
52102186,55,1785477765192081530,3,1785477765192028772,86886,1785477765244096830,1785477765244183716,edp_ag1,1,2,55,expert_dp_param_allgather:pg=1105,1785477765192081530,0,expert_dp_param_allgather,2,1887436800,same_rank_dp_ag1,53480,1785477765201714163,1785477765201714163,1785477765201661405,1.0,iter55:pp3:edp_ag1:round1:expert_dp_param_allgather:pg=1105,iter55:pp3:edp_ag1:round1:expert_dp_param_allgather:pg=1105:rel-a4e143d2d8c8,mock_oisa_scale_1.2,62575381,52758,62522623,62575381,62522623,1785477765264236786,-1,86886,trace_group_end_lag_clamped,1785477765264149900
52102186,63,1785477765192028772,3,1785477765192028772,0,1785477765244183716,1785477765244183716,edp_ag1,1,2,55,expert_dp_param_allgather:pg=1105,1785477765192081530,52758,expert_dp_param_allgather,2,1887436800,same_rank_dp_ag1,11840,1785477765201661405,1785477765201714163,1785477765201661405,1.0,iter55:pp3:edp_ag1:round1:expert_dp_param_allgather:pg=1105,iter55:pp3:edp_ag1:round1:expert_dp_param_allgather:pg=1105:rel-a4e143d2d8c8,mock_oisa_scale_1.2,62575381,52758,62522623,62575381,62522623,1785477765264236786,-1,0,trace_group_end_lag_clamped,1785477765264236786
207884051,48,1785477762899480154,3,1785477762898932824,95548,1785477763107268657,1785477763107364205,edp_rs,0,2,55,expert_dp_grad_reduce_scatter:pg=1091,1785477762899480154,0,expert_dp_grad_reduce_scatter,2,7549747200,same_rank_dp_rs,17884757,1785477762881929068,1785477762881929068,1785477762881381738,1.0,iter55:pp3:edp_rs:round0:expert_dp_grad_reduce_scatter:pg=1091,iter55:pp3:edp_rs:round0:expert_dp_grad_reduce_scatter:pg=1091:rel-f2ce49c10662,mock_oisa_scale_1.2,250008191,547330,249460861,250008191,249460861,1785477763131389929,-1,95548,trace_group_end_lag_clamped,1785477763131294381
207884051,56,1785477762898932824,3,1785477762898932824,0,1785477763107364205,1785477763107364205,edp_rs,0,2,55,expert_dp_grad_reduce_scatter:pg=1091,1785477762899480154,547330,expert_dp_grad_reduce_scatter,2,7549747200,same_rank_dp_rs,17357706,1785477762881381738,1785477762881929068,1785477762881381738,1.0,iter55:pp3:edp_rs:round0:expert_dp_grad_reduce_scatter:pg=1091,iter55:pp3:edp_rs:round0:expert_dp_grad_reduce_scatter:pg=1091:rel-f2ce49c10662,mock_oisa_scale_1.2,250008191,547330,249460861,250008191,249460861,1785477763131389929,-1,0,trace_group_end_lag_clamped,1785477763131389929
217788206,49,1785477762899309546,3,1785477762899309546,105787,1785477763117133972,1785477763117239759,edp_rs,0,2,55,expert_dp_grad_reduce_scatter:pg=1093,1785477762899451553,142007,expert_dp_grad_reduce_scatter,2,7549747200,same_rank_dp_rs,17716610,1785477762881758460,1785477762881900467,1785477762881758460,1.0,iter55:pp3:edp_rs:round0:expert_dp_grad_reduce_scatter:pg=1093,iter55:pp3:edp_rs:round0:expert_dp_grad_reduce_scatter:pg=1093:rel-c786080df1db,mock_oisa_scale_1.2,261487854,142007,261345847,261487854,261345847,1785477763143246314,-1,105787,trace_group_end_lag_clamped,1785477763143140527
217788206,57,1785477762899451553,3,1785477762899309546,0,1785477763117239759,1785477763117239759,edp_rs,0,2,55,expert_dp_grad_reduce_scatter:pg=1093,1785477762899451553,0,expert_dp_grad_reduce_scatter,2,7549747200,same_rank_dp_rs,17756268,1785477762881900467,1785477762881900467,1785477762881758460,1.0,iter55:pp3:edp_rs:round0:expert_dp_grad_reduce_scatter:pg=1093,iter55:pp3:edp_rs:round0:expert_dp_grad_reduce_scatter:pg=1093:rel-c786080df1db,mock_oisa_scale_1.2,261487854,142007,261345847,261487854,261345847,1785477763143246314,-1,0,trace_group_end_lag_clamped,1785477763143246314
207899235,50,1785477762899354749,3,1785477762899354749,79043,1785477763107528151,1785477763107607194,edp_rs,0,2,55,expert_dp_grad_reduce_scatter:pg=1095,1785477762899707959,353210,expert_dp_grad_reduce_scatter,2,7549747200,same_rank_dp_rs,17744468,1785477762881803663,1785477762882156873,1785477762881803663,1.0,iter55:pp3:edp_rs:round0:expert_dp_grad_reduce_scatter:pg=1095,iter55:pp3:edp_rs:round0:expert_dp_grad_reduce_scatter:pg=1095:rel-890695343734,mock_oisa_scale_1.2,249832292,353210,249479082,249832292,249479082,1785477763131635955,-1,79043,trace_group_end_lag_clamped,1785477763131556912
207899235,58,1785477762899707959,3,1785477762899354749,0,1785477763107607194,1785477763107607194,edp_rs,0,2,55,expert_dp_grad_reduce_scatter:pg=1095,1785477762899707959,0,expert_dp_grad_reduce_scatter,2,7549747200,same_rank_dp_rs,18063534,1785477762882156873,1785477762882156873,1785477762881803663,1.0,iter55:pp3:edp_rs:round0:expert_dp_grad_reduce_scatter:pg=1095,iter55:pp3:edp_rs:round0:expert_dp_grad_reduce_scatter:pg=1095:rel-890695343734,mock_oisa_scale_1.2,249832292,353210,249479082,249832292,249479082,1785477763131635955,-1,0,trace_group_end_lag_clamped,1785477763131635955
226358556,51,1785477762899512664,3,1785477762899246872,133066,1785477763125738154,1785477763125871220,edp_rs,0,2,55,expert_dp_grad_reduce_scatter:pg=1097,1785477762899512664,0,expert_dp_grad_reduce_scatter,2,7549747200,same_rank_dp_rs,17889732,1785477762881961578,1785477762881961578,1785477762881695786,1.0,iter55:pp3:edp_rs:round0:expert_dp_grad_reduce_scatter:pg=1097,iter55:pp3:edp_rs:round0:expert_dp_grad_reduce_scatter:pg=1097:rel-5d4ec32402ec,mock_oisa_scale_1.2,271896059,265792,271630267,271896059,271630267,1785477763153591845,-1,133066,trace_group_end_lag_clamped,1785477763153458779
226358556,59,1785477762899246872,3,1785477762899246872,0,1785477763125871220,1785477763125871220,edp_rs,0,2,55,expert_dp_grad_reduce_scatter:pg=1097,1785477762899512664,265792,expert_dp_grad_reduce_scatter,2,7549747200,same_rank_dp_rs,17641428,1785477762881695786,1785477762881961578,1785477762881695786,1.0,iter55:pp3:edp_rs:round0:expert_dp_grad_reduce_scatter:pg=1097,iter55:pp3:edp_rs:round0:expert_dp_grad_reduce_scatter:pg=1097:rel-5d4ec32402ec,mock_oisa_scale_1.2,271896059,265792,271630267,271896059,271630267,1785477763153591845,-1,0,trace_group_end_lag_clamped,1785477763153591845
208459147,52,1785477762899428835,3,1785477762899264677,137909,1785477763107750073,1785477763107887982,edp_rs,0,2,55,expert_dp_grad_reduce_scatter:pg=1099,1785477762899428835,0,expert_dp_grad_reduce_scatter,2,7549747200,same_rank_dp_rs,17856520,1785477762881877749,1785477762881877749,1785477762881713591,1.0,iter55:pp3:edp_rs:round0:expert_dp_grad_reduce_scatter:pg=1099,iter55:pp3:edp_rs:round0:expert_dp_grad_reduce_scatter:pg=1099:rel-ddb1960efb5b,mock_oisa_scale_1.2,250315134,164158,250150976,250315134,250150976,1785477763132028725,-1,137909,trace_group_end_lag_clamped,1785477763131890816
208459147,60,1785477762899264677,3,1785477762899264677,0,1785477763107887982,1785477763107887982,edp_rs,0,2,55,expert_dp_grad_reduce_scatter:pg=1099,1785477762899428835,164158,expert_dp_grad_reduce_scatter,2,7549747200,same_rank_dp_rs,17622209,1785477762881713591,1785477762881877749,1785477762881713591,1.0,iter55:pp3:edp_rs:round0:expert_dp_grad_reduce_scatter:pg=1099,iter55:pp3:edp_rs:round0:expert_dp_grad_reduce_scatter:pg=1099:rel-ddb1960efb5b,mock_oisa_scale_1.2,250315134,164158,250150976,250315134,250150976,1785477763132028725,-1,0,trace_group_end_lag_clamped,1785477763132028725
209255669,53,1785477762899553764,3,1785477762899553764,65723,1785477763108808672,1785477763108874395,edp_rs,0,2,55,expert_dp_grad_reduce_scatter:pg=1101,1785477762899618726,64962,expert_dp_grad_reduce_scatter,2,7549747200,same_rank_dp_rs,17973830,1785477762882002678,1785477762882067640,1785477762882002678,1.0,iter55:pp3:edp_rs:round0:expert_dp_grad_reduce_scatter:pg=1101,iter55:pp3:edp_rs:round0:expert_dp_grad_reduce_scatter:pg=1101:rel-b7f20d5b1645,mock_oisa_scale_1.2,251171765,64962,251106803,251171765,251106803,1785477763133174443,-1,65723,trace_group_end_lag_clamped,1785477763133108720
209255669,61,1785477762899618726,3,1785477762899553764,0,1785477763108874395,1785477763108874395,edp_rs,0,2,55,expert_dp_grad_reduce_scatter:pg=1101,1785477762899618726,0,expert_dp_grad_reduce_scatter,2,7549747200,same_rank_dp_rs,18013639,1785477762882067640,1785477762882067640,1785477762882002678,1.0,iter55:pp3:edp_rs:round0:expert_dp_grad_reduce_scatter:pg=1101,iter55:pp3:edp_rs:round0:expert_dp_grad_reduce_scatter:pg=1101:rel-b7f20d5b1645,mock_oisa_scale_1.2,251171765,64962,251106803,251171765,251106803,1785477763133174443,-1,0,trace_group_end_lag_clamped,1785477763133174443
208008527,54,1785477762899239382,3,1785477762899155619,118063,1785477763107129846,1785477763107247909,edp_rs,0,2,55,expert_dp_grad_reduce_scatter:pg=1103,1785477762899239382,0,expert_dp_grad_reduce_scatter,2,7549747200,same_rank_dp_rs,17625980,1785477762881688296,1785477762881688296,1785477762881604533,1.0,iter55:pp3:edp_rs:round0:expert_dp_grad_reduce_scatter:pg=1103,iter55:pp3:edp_rs:round0:expert_dp_grad_reduce_scatter:pg=1103:rel-266b59edc53c,mock_oisa_scale_1.2,249693995,83763,249610232,249693995,249610232,1785477763131298528,-1,118063,trace_group_end_lag_clamped,1785477763131180465
208008527,62,1785477762899155619,3,1785477762899155619,0,1785477763107247909,1785477763107247909,edp_rs,0,2,55,expert_dp_grad_reduce_scatter:pg=1103,1785477762899239382,83763,expert_dp_grad_reduce_scatter,2,7549747200,same_rank_dp_rs,17464701,1785477762881604533,1785477762881688296,1785477762881604533,1.0,iter55:pp3:edp_rs:round0:expert_dp_grad_reduce_scatter:pg=1103,iter55:pp3:edp_rs:round0:expert_dp_grad_reduce_scatter:pg=1103:rel-266b59edc53c,mock_oisa_scale_1.2,249693995,83763,249610232,249693995,249610232,1785477763131298528,-1,0,trace_group_end_lag_clamped,1785477763131298528
211979041,55,1785477762900035776,3,1785477762899245226,121600,1785477763111893217,1785477763112014817,edp_rs,0,2,55,expert_dp_grad_reduce_scatter:pg=1105,1785477762900035776,0,expert_dp_grad_reduce_scatter,2,7549747200,same_rank_dp_rs,18434984,1785477762882484690,1785477762882484690,1785477762881694140,1.0,iter55:pp3:edp_rs:round0:expert_dp_grad_reduce_scatter:pg=1105,iter55:pp3:edp_rs:round0:expert_dp_grad_reduce_scatter:pg=1105:rel-829f5273926a,mock_oisa_scale_1.2,255165399,790550,254374849,255165399,254374849,1785477763136859539,-1,121600,trace_group_end_lag_clamped,1785477763136737939
211979041,63,1785477762899245226,3,1785477762899245226,0,1785477763112014817,1785477763112014817,edp_rs,0,2,55,expert_dp_grad_reduce_scatter:pg=1105,1785477762900035776,790550,expert_dp_grad_reduce_scatter,2,7549747200,same_rank_dp_rs,17624542,1785477762881694140,1785477762882484690,1785477762881694140,1.0,iter55:pp3:edp_rs:round0:expert_dp_grad_reduce_scatter:pg=1105,iter55:pp3:edp_rs:round0:expert_dp_grad_reduce_scatter:pg=1105:rel-829f5273926a,mock_oisa_scale_1.2,255165399,790550,254374849,255165399,254374849,1785477763136859539,-1,0,trace_group_end_lag_clamped,1785477763136859539
7515972,64,1785477765025631686,4,1785477765025299355,83687,1785477765033770987,1785477765033854674,dp_ag0,0,16,55,dp_param_allgather:pg=9,1785477765026338702,707016,dp_param_allgather,16,98621440,world_rs_done,28955429,1785477765019815363,1785477765020522379,1785477765019483032,1.0,iter55:pp4:dp_ag0:round0:dp_param_allgather:pg=9,iter55:pp4:dp_ag0:round0:dp_param_allgather:pg=9:rel-57da36ca3c9a,mock_oisa_scale_1.2,10058513,1039347,9019166,10058513,9019166,1785477765029541545,-1,83687,trace_group_end_lag_clamped,1785477765029457858
7515972,65,1785477765025299355,4,1785477765025299355,2534,1785477765033852140,1785477765033854674,dp_ag0,0,16,55,dp_param_allgather:pg=9,1785477765026338702,1039347,dp_param_allgather,16,98621440,world_rs_done,28623098,1785477765019483032,1785477765020522379,1785477765019483032,1.0,iter55:pp4:dp_ag0:round0:dp_param_allgather:pg=9,iter55:pp4:dp_ag0:round0:dp_param_allgather:pg=9:rel-57da36ca3c9a,mock_oisa_scale_1.2,10058513,1039347,9019166,10058513,9019166,1785477765029541545,-1,2534,trace_group_end_lag_clamped,1785477765029539011
7515972,66,1785477765025328818,4,1785477765025299355,0,1785477765033854674,1785477765033854674,dp_ag0,0,16,55,dp_param_allgather:pg=9,1785477765026338702,1009884,dp_param_allgather,16,98621440,world_rs_done,28652561,1785477765019512495,1785477765020522379,1785477765019483032,1.0,iter55:pp4:dp_ag0:round0:dp_param_allgather:pg=9,iter55:pp4:dp_ag0:round0:dp_param_allgather:pg=9:rel-57da36ca3c9a,mock_oisa_scale_1.2,10058513,1039347,9019166,10058513,9019166,1785477765029541545,-1,0,trace_group_end_lag_clamped,1785477765029541545
7515972,67,1785477765025969981,4,1785477765025299355,53408,1785477765033801266,1785477765033854674,dp_ag0,0,16,55,dp_param_allgather:pg=9,1785477765026338702,368721,dp_param_allgather,16,98621440,world_rs_done,29293724,1785477765020153658,1785477765020522379,1785477765019483032,1.0,iter55:pp4:dp_ag0:round0:dp_param_allgather:pg=9,iter55:pp4:dp_ag0:round0:dp_param_allgather:pg=9:rel-57da36ca3c9a,mock_oisa_scale_1.2,10058513,1039347,9019166,10058513,9019166,1785477765029541545,-1,53408,trace_group_end_lag_clamped,1785477765029488137
7515972,68,1785477765025468926,4,1785477765025299355,2164,1785477765033852510,1785477765033854674,dp_ag0,0,16,55,dp_param_allgather:pg=9,1785477765026338702,869776,dp_param_allgather,16,98621440,world_rs_done,28792669,1785477765019652603,1785477765020522379,1785477765019483032,1.0,iter55:pp4:dp_ag0:round0:dp_param_allgather:pg=9,iter55:pp4:dp_ag0:round0:dp_param_allgather:pg=9:rel-57da36ca3c9a,mock_oisa_scale_1.2,10058513,1039347,9019166,10058513,9019166,1785477765029541545,-1,2164,trace_group_end_lag_clamped,1785477765029539381
7515972,69,1785477765025506100,4,1785477765025299355,78067,1785477765033776607,1785477765033854674,dp_ag0,0,16,55,dp_param_allgather:pg=9,1785477765026338702,832602,dp_param_allgather,16,98621440,world_rs_done,28829843,1785477765019689777,1785477765020522379,1785477765019483032,1.0,iter55:pp4:dp_ag0:round0:dp_param_allgather:pg=9,iter55:pp4:dp_ag0:round0:dp_param_allgather:pg=9:rel-57da36ca3c9a,mock_oisa_scale_1.2,10058513,1039347,9019166,10058513,9019166,1785477765029541545,-1,78067,trace_group_end_lag_clamped,1785477765029463478
7515972,70,1785477765025429373,4,1785477765025299355,9849,1785477765033844825,1785477765033854674,dp_ag0,0,16,55,dp_param_allgather:pg=9,1785477765026338702,909329,dp_param_allgather,16,98621440,world_rs_done,28753116,1785477765019613050,1785477765020522379,1785477765019483032,1.0,iter55:pp4:dp_ag0:round0:dp_param_allgather:pg=9,iter55:pp4:dp_ag0:round0:dp_param_allgather:pg=9:rel-57da36ca3c9a,mock_oisa_scale_1.2,10058513,1039347,9019166,10058513,9019166,1785477765029541545,-1,9849,trace_group_end_lag_clamped,1785477765029531696
7515972,71,1785477765026338702,4,1785477765025299355,5011,1785477765033849663,1785477765033854674,dp_ag0,0,16,55,dp_param_allgather:pg=9,1785477765026338702,0,dp_param_allgather,16,98621440,world_rs_done,29662445,1785477765020522379,1785477765020522379,1785477765019483032,1.0,iter55:pp4:dp_ag0:round0:dp_param_allgather:pg=9,iter55:pp4:dp_ag0:round0:dp_param_allgather:pg=9:rel-57da36ca3c9a,mock_oisa_scale_1.2,10058513,1039347,9019166,10058513,9019166,1785477765029541545,-1,5011,trace_group_end_lag_clamped,1785477765029536534
7515972,72,1785477765025448846,4,1785477765025299355,66954,1785477765033787720,1785477765033854674,dp_ag0,0,16,55,dp_param_allgather:pg=9,1785477765026338702,889856,dp_param_allgather,16,98621440,world_rs_done,28772589,1785477765019632523,1785477765020522379,1785477765019483032,1.0,iter55:pp4:dp_ag0:round0:dp_param_allgather:pg=9,iter55:pp4:dp_ag0:round0:dp_param_allgather:pg=9:rel-57da36ca3c9a,mock_oisa_scale_1.2,10058513,1039347,9019166,10058513,9019166,1785477765029541545,-1,66954,trace_group_end_lag_clamped,1785477765029474591
7515972,73,1785477765025813610,4,1785477765025299355,75599,1785477765033779075,1785477765033854674,dp_ag0,0,16,55,dp_param_allgather:pg=9,1785477765026338702,525092,dp_param_allgather,16,98621440,world_rs_done,29137353,1785477765019997287,1785477765020522379,1785477765019483032,1.0,iter55:pp4:dp_ag0:round0:dp_param_allgather:pg=9,iter55:pp4:dp_ag0:round0:dp_param_allgather:pg=9:rel-57da36ca3c9a,mock_oisa_scale_1.2,10058513,1039347,9019166,10058513,9019166,1785477765029541545,-1,75599,trace_group_end_lag_clamped,1785477765029465946
7515972,74,1785477765025632269,4,1785477765025299355,118355,1785477765033736319,1785477765033854674,dp_ag0,0,16,55,dp_param_allgather:pg=9,1785477765026338702,706433,dp_param_allgather,16,98621440,world_rs_done,28956012,1785477765019815946,1785477765020522379,1785477765019483032,1.0,iter55:pp4:dp_ag0:round0:dp_param_allgather:pg=9,iter55:pp4:dp_ag0:round0:dp_param_allgather:pg=9:rel-57da36ca3c9a,mock_oisa_scale_1.2,10058513,1039347,9019166,10058513,9019166,1785477765029541545,-1,118355,trace_group_end_lag_clamped,1785477765029423190
7515972,75,1785477765025752804,4,1785477765025299355,69417,1785477765033785257,1785477765033854674,dp_ag0,0,16,55,dp_param_allgather:pg=9,1785477765026338702,585898,dp_param_allgather,16,98621440,world_rs_done,29076547,1785477765019936481,1785477765020522379,1785477765019483032,1.0,iter55:pp4:dp_ag0:round0:dp_param_allgather:pg=9,iter55:pp4:dp_ag0:round0:dp_param_allgather:pg=9:rel-57da36ca3c9a,mock_oisa_scale_1.2,10058513,1039347,9019166,10058513,9019166,1785477765029541545,-1,69417,trace_group_end_lag_clamped,1785477765029472128
7515972,76,1785477765025508984,4,1785477765025299355,85588,1785477765033769086,1785477765033854674,dp_ag0,0,16,55,dp_param_allgather:pg=9,1785477765026338702,829718,dp_param_allgather,16,98621440,world_rs_done,28832727,1785477765019692661,1785477765020522379,1785477765019483032,1.0,iter55:pp4:dp_ag0:round0:dp_param_allgather:pg=9,iter55:pp4:dp_ag0:round0:dp_param_allgather:pg=9:rel-57da36ca3c9a,mock_oisa_scale_1.2,10058513,1039347,9019166,10058513,9019166,1785477765029541545,-1,85588,trace_group_end_lag_clamped,1785477765029455957
7515972,77,1785477765025601797,4,1785477765025299355,69586,1785477765033785088,1785477765033854674,dp_ag0,0,16,55,dp_param_allgather:pg=9,1785477765026338702,736905,dp_param_allgather,16,98621440,world_rs_done,28925540,1785477765019785474,1785477765020522379,1785477765019483032,1.0,iter55:pp4:dp_ag0:round0:dp_param_allgather:pg=9,iter55:pp4:dp_ag0:round0:dp_param_allgather:pg=9:rel-57da36ca3c9a,mock_oisa_scale_1.2,10058513,1039347,9019166,10058513,9019166,1785477765029541545,-1,69586,trace_group_end_lag_clamped,1785477765029471959
7515972,78,1785477765025727967,4,1785477765025299355,113706,1785477765033740968,1785477765033854674,dp_ag0,0,16,55,dp_param_allgather:pg=9,1785477765026338702,610735,dp_param_allgather,16,98621440,world_rs_done,29051710,1785477765019911644,1785477765020522379,1785477765019483032,1.0,iter55:pp4:dp_ag0:round0:dp_param_allgather:pg=9,iter55:pp4:dp_ag0:round0:dp_param_allgather:pg=9:rel-57da36ca3c9a,mock_oisa_scale_1.2,10058513,1039347,9019166,10058513,9019166,1785477765029541545,-1,113706,trace_group_end_lag_clamped,1785477765029427839
7515972,79,1785477765025827936,4,1785477765025299355,117131,1785477765033737543,1785477765033854674,dp_ag0,0,16,55,dp_param_allgather:pg=9,1785477765026338702,510766,dp_param_allgather,16,98621440,world_rs_done,29151679,1785477765020011613,1785477765020522379,1785477765019483032,1.0,iter55:pp4:dp_ag0:round0:dp_param_allgather:pg=9,iter55:pp4:dp_ag0:round0:dp_param_allgather:pg=9:rel-57da36ca3c9a,mock_oisa_scale_1.2,10058513,1039347,9019166,10058513,9019166,1785477765029541545,-1,117131,trace_group_end_lag_clamped,1785477765029424414
7365353,64,1785477765173563296,4,1785477765173077044,39075,1785477765190688775,1785477765190727850,dp_ag1,1,16,55,dp_param_allgather:pg=9,1785477765183362497,9799201,dp_param_allgather,16,98621440,same_rank_edp_ag0,87190394,1785477765179755720,1785477765191463589,1785477765179379598,1.0,iter55:pp4:dp_ag1:round1:dp_param_allgather:pg=9,iter55:pp4:dp_ag1:round1:dp_param_allgather:pg=9:rel-a641a55d4297,mock_oisa_scale_1.2,20922415,12083991,8838424,20922415,8838424,1785477765200302013,-1,39075,trace_group_end_lag_clamped,1785477765200262938
7365353,65,1785477765173231491,4,1785477765173077044,74191,1785477765190653659,1785477765190727850,dp_ag1,1,16,55,dp_param_allgather:pg=9,1785477765183362497,10131006,dp_param_allgather,16,98621440,same_rank_edp_ag0,87069039,1785477765179379598,1785477765191463589,1785477765179379598,1.0,iter55:pp4:dp_ag1:round1:dp_param_allgather:pg=9,iter55:pp4:dp_ag1:round1:dp_param_allgather:pg=9:rel-a641a55d4297,mock_oisa_scale_1.2,20922415,12083991,8838424,20922415,8838424,1785477765200302013,-1,74191,trace_group_end_lag_clamped,1785477765200227822
7365353,66,1785477765175060184,4,1785477765173077044,82833,1785477765190645017,1785477765190727850,dp_ag1,1,16,55,dp_param_allgather:pg=9,1785477765183362497,8302313,dp_param_allgather,16,98621440,same_rank_edp_ag0,87533105,1785477765181478910,1785477765191463589,1785477765179379598,1.0,iter55:pp4:dp_ag1:round1:dp_param_allgather:pg=9,iter55:pp4:dp_ag1:round1:dp_param_allgather:pg=9:rel-a641a55d4297,mock_oisa_scale_1.2,20922415,12083991,8838424,20922415,8838424,1785477765200302013,-1,82833,trace_group_end_lag_clamped,1785477765200219180
7365353,67,1785477765176304808,4,1785477765173077044,1152,1785477765190726698,1785477765190727850,dp_ag1,1,16,55,dp_param_allgather:pg=9,1785477765183362497,7057689,dp_param_allgather,16,98621440,same_rank_edp_ag0,86924222,1785477765183099417,1785477765191463589,1785477765179379598,1.0,iter55:pp4:dp_ag1:round1:dp_param_allgather:pg=9,iter55:pp4:dp_ag1:round1:dp_param_allgather:pg=9:rel-a641a55d4297,mock_oisa_scale_1.2,20922415,12083991,8838424,20922415,8838424,1785477765200302013,-1,1152,trace_group_end_lag_clamped,1785477765200300861
7365353,68,1785477765174717888,4,1785477765173077044,86032,1785477765190641818,1785477765190727850,dp_ag1,1,16,55,dp_param_allgather:pg=9,1785477765183362497,8644609,dp_param_allgather,16,98621440,same_rank_edp_ag0,87204278,1785477765181125187,1785477765191463589,1785477765179379598,1.0,iter55:pp4:dp_ag1:round1:dp_param_allgather:pg=9,iter55:pp4:dp_ag1:round1:dp_param_allgather:pg=9:rel-a641a55d4297,mock_oisa_scale_1.2,20922415,12083991,8838424,20922415,8838424,1785477765200302013,-1,86032,trace_group_end_lag_clamped,1785477765200215981
7365353,69,1785477765182589702,4,1785477765173077044,0,1785477765190727850,1785477765190727850,dp_ag1,1,16,55,dp_param_allgather:pg=9,1785477765183362497,772795,dp_param_allgather,16,98621440,same_rank_edp_ag0,86732789,1785477765190690794,1785477765191463589,1785477765179379598,1.0,iter55:pp4:dp_ag1:round1:dp_param_allgather:pg=9,iter55:pp4:dp_ag1:round1:dp_param_allgather:pg=9:rel-a641a55d4297,mock_oisa_scale_1.2,20922415,12083991,8838424,20922415,8838424,1785477765200302013,-1,0,trace_group_end_lag_clamped,1785477765200302013
7365353,70,1785477765176088281,4,1785477765173077044,5549,1785477765190722301,1785477765190727850,dp_ag1,1,16,55,dp_param_allgather:pg=9,1785477765183362497,7274216,dp_param_allgather,16,98621440,same_rank_edp_ag0,87273860,1785477765182764343,1785477765191463589,1785477765179379598,1.0,iter55:pp4:dp_ag1:round1:dp_param_allgather:pg=9,iter55:pp4:dp_ag1:round1:dp_param_allgather:pg=9:rel-a641a55d4297,mock_oisa_scale_1.2,20922415,12083991,8838424,20922415,8838424,1785477765200302013,-1,5549,trace_group_end_lag_clamped,1785477765200296464
7365353,71,1785477765173077044,4,1785477765173077044,7920,1785477765190719930,1785477765190727850,dp_ag1,1,16,55,dp_param_allgather:pg=9,1785477765183362497,10285453,dp_param_allgather,16,98621440,same_rank_edp_ag0,86075012,1785477765179391637,1785477765191463589,1785477765179379598,1.0,iter55:pp4:dp_ag1:round1:dp_param_allgather:pg=9,iter55:pp4:dp_ag1:round1:dp_param_allgather:pg=9:rel-a641a55d4297,mock_oisa_scale_1.2,20922415,12083991,8838424,20922415,8838424,1785477765200302013,-1,7920,trace_group_end_lag_clamped,1785477765200294093
7365353,72,1785477765173854417,4,1785477765173077044,41682,1785477765190686168,1785477765190727850,dp_ag1,1,16,55,dp_param_allgather:pg=9,1785477765183362497,9508080,dp_param_allgather,16,98621440,same_rank_edp_ag0,87469865,1785477765180046841,1785477765191463589,1785477765179379598,1.0,iter55:pp4:dp_ag1:round1:dp_param_allgather:pg=9,iter55:pp4:dp_ag1:round1:dp_param_allgather:pg=9:rel-a641a55d4297,mock_oisa_scale_1.2,20922415,12083991,8838424,20922415,8838424,1785477765200302013,-1,41682,trace_group_end_lag_clamped,1785477765200260331
7365353,73,1785477765174677661,4,1785477765173077044,41537,1785477765190686313,1785477765190727850,dp_ag1,1,16,55,dp_param_allgather:pg=9,1785477765183362497,8684836,dp_param_allgather,16,98621440,same_rank_edp_ag0,88509012,1785477765180825768,1785477765191463589,1785477765179379598,1.0,iter55:pp4:dp_ag1:round1:dp_param_allgather:pg=9,iter55:pp4:dp_ag1:round1:dp_param_allgather:pg=9:rel-a641a55d4297,mock_oisa_scale_1.2,20922415,12083991,8838424,20922415,8838424,1785477765200302013,-1,41537,trace_group_end_lag_clamped,1785477765200260476
7365353,74,1785477765175690374,4,1785477765173077044,40897,1785477765190686953,1785477765190727850,dp_ag1,1,16,55,dp_param_allgather:pg=9,1785477765183362497,7672123,dp_param_allgather,16,98621440,same_rank_edp_ag0,88187709,1785477765182109100,1785477765191463589,1785477765179379598,1.0,iter55:pp4:dp_ag1:round1:dp_param_allgather:pg=9,iter55:pp4:dp_ag1:round1:dp_param_allgather:pg=9:rel-a641a55d4297,mock_oisa_scale_1.2,20922415,12083991,8838424,20922415,8838424,1785477765200302013,-1,40897,trace_group_end_lag_clamped,1785477765200261116
7365353,75,1785477765177330401,4,1785477765173077044,46921,1785477765190680929,1785477765190727850,dp_ag1,1,16,55,dp_param_allgather:pg=9,1785477765183362497,6032096,dp_param_allgather,16,98621440,same_rank_edp_ag0,87965379,1785477765184125010,1785477765191463589,1785477765179379598,1.0,iter55:pp4:dp_ag1:round1:dp_param_allgather:pg=9,iter55:pp4:dp_ag1:round1:dp_param_allgather:pg=9:rel-a641a55d4297,mock_oisa_scale_1.2,20922415,12083991,8838424,20922415,8838424,1785477765200302013,-1,46921,trace_group_end_lag_clamped,1785477765200255092
7365353,76,1785477765175179662,4,1785477765173077044,43033,1785477765190684817,1785477765190727850,dp_ag1,1,16,55,dp_param_allgather:pg=9,1785477765183362497,8182835,dp_param_allgather,16,98621440,same_rank_edp_ag0,87797176,1785477765181586961,1785477765191463589,1785477765179379598,1.0,iter55:pp4:dp_ag1:round1:dp_param_allgather:pg=9,iter55:pp4:dp_ag1:round1:dp_param_allgather:pg=9:rel-a641a55d4297,mock_oisa_scale_1.2,20922415,12083991,8838424,20922415,8838424,1785477765200302013,-1,43033,trace_group_end_lag_clamped,1785477765200258980
7365353,77,1785477765183362497,4,1785477765173077044,33668,1785477765190694182,1785477765190727850,dp_ag1,1,16,55,dp_param_allgather:pg=9,1785477765183362497,0,dp_param_allgather,16,98621440,same_rank_edp_ag0,87492984,1785477765191463589,1785477765191463589,1785477765179379598,1.0,iter55:pp4:dp_ag1:round1:dp_param_allgather:pg=9,iter55:pp4:dp_ag1:round1:dp_param_allgather:pg=9:rel-a641a55d4297,mock_oisa_scale_1.2,20922415,12083991,8838424,20922415,8838424,1785477765200302013,-1,33668,trace_group_end_lag_clamped,1785477765200268345
7365353,78,1785477765176718708,4,1785477765173077044,122260,1785477765190605590,1785477765190727850,dp_ag1,1,16,55,dp_param_allgather:pg=9,1785477765183362497,6643789,dp_param_allgather,16,98621440,same_rank_edp_ag0,87979852,1785477765183394770,1785477765191463589,1785477765179379598,1.0,iter55:pp4:dp_ag1:round1:dp_param_allgather:pg=9,iter55:pp4:dp_ag1:round1:dp_param_allgather:pg=9:rel-a641a55d4297,mock_oisa_scale_1.2,20922415,12083991,8838424,20922415,8838424,1785477765200302013,-1,122260,trace_group_end_lag_clamped,1785477765200179753
7365353,79,1785477765173419880,4,1785477765173077044,31340,1785477765190696510,1785477765190727850,dp_ag1,1,16,55,dp_param_allgather:pg=9,1785477765183362497,9942617,dp_param_allgather,16,98621440,same_rank_edp_ag0,86508312,1785477765179734473,1785477765191463589,1785477765179379598,1.0,iter55:pp4:dp_ag1:round1:dp_param_allgather:pg=9,iter55:pp4:dp_ag1:round1:dp_param_allgather:pg=9:rel-a641a55d4297,mock_oisa_scale_1.2,20922415,12083991,8838424,20922415,8838424,1785477765200302013,-1,31340,trace_group_end_lag_clamped,1785477765200270673
15684063,64,1785477761918737806,4,1785477761918236118,16174,1785477762090748803,1785477762090764977,dp_rs,0,16,55,dp_grad_reduce_scatter:pg=9,1785477762075080914,156343108,dp_grad_reduce_scatter,16,3155886080,pp_frontier,0,1785477761889355596,1785477762054124920,1785477761885002054,1.0,iter55:pp4:dp_rs:round0:dp_grad_reduce_scatter:pg=9,iter55:pp4:dp_rs:round0:dp_grad_reduce_scatter:pg=9:rel-9936263543e5,mock_oisa_scale_1.2,187943742,169122866,18820876,187943742,18820876,1785477762072945796,-1,16174,trace_group_end_lag_clamped,1785477762072929622
15684063,65,1785477761918543286,4,1785477761918236118,101329,1785477762090663648,1785477762090764977,dp_rs,0,16,55,dp_grad_reduce_scatter:pg=9,1785477762075080914,156537628,dp_grad_reduce_scatter,16,3155886080,pp_frontier,0,1785477761885002054,1785477762054124920,1785477761885002054,1.0,iter55:pp4:dp_rs:round0:dp_grad_reduce_scatter:pg=9,iter55:pp4:dp_rs:round0:dp_grad_reduce_scatter:pg=9:rel-9936263543e5,mock_oisa_scale_1.2,187943742,169122866,18820876,187943742,18820876,1785477762072945796,-1,101329,trace_group_end_lag_clamped,1785477762072844467
15684063,66,1785477761918511228,4,1785477761918236118,137251,1785477762090627726,1785477762090764977,dp_rs,0,16,55,dp_grad_reduce_scatter:pg=9,1785477762075080914,156569686,dp_grad_reduce_scatter,16,3155886080,pp_frontier,0,1785477761894657576,1785477762054124920,1785477761885002054,1.0,iter55:pp4:dp_rs:round0:dp_grad_reduce_scatter:pg=9,iter55:pp4:dp_rs:round0:dp_grad_reduce_scatter:pg=9:rel-9936263543e5,mock_oisa_scale_1.2,187943742,169122866,18820876,187943742,18820876,1785477762072945796,-1,137251,trace_group_end_lag_clamped,1785477762072808545
15684063,67,1785477761918891866,4,1785477761918236118,69702,1785477762090695275,1785477762090764977,dp_rs,0,16,55,dp_grad_reduce_scatter:pg=9,1785477762075080914,156189048,dp_grad_reduce_scatter,16,3155886080,pp_frontier,0,1785477761892621250,1785477762054124920,1785477761885002054,1.0,iter55:pp4:dp_rs:round0:dp_grad_reduce_scatter:pg=9,iter55:pp4:dp_rs:round0:dp_grad_reduce_scatter:pg=9:rel-9936263543e5,mock_oisa_scale_1.2,187943742,169122866,18820876,187943742,18820876,1785477762072945796,-1,69702,trace_group_end_lag_clamped,1785477762072876094
15684063,68,1785477761918360591,4,1785477761918236118,85930,1785477762090679047,1785477762090764977,dp_rs,0,16,55,dp_grad_reduce_scatter:pg=9,1785477762075080914,156720323,dp_grad_reduce_scatter,16,3155886080,pp_frontier,0,1785477761896262714,1785477762054124920,1785477761885002054,1.0,iter55:pp4:dp_rs:round0:dp_grad_reduce_scatter:pg=9,iter55:pp4:dp_rs:round0:dp_grad_reduce_scatter:pg=9:rel-9936263543e5,mock_oisa_scale_1.2,187943742,169122866,18820876,187943742,18820876,1785477762072945796,-1,85930,trace_group_end_lag_clamped,1785477762072859866
15684063,69,1785477761918236118,4,1785477761918236118,33688,1785477762090731289,1785477762090764977,dp_rs,0,16,55,dp_grad_reduce_scatter:pg=9,1785477762075080914,156844796,dp_grad_reduce_scatter,16,3155886080,pp_frontier,0,1785477761897686054,1785477762054124920,1785477761885002054,1.0,iter55:pp4:dp_rs:round0:dp_grad_reduce_scatter:pg=9,iter55:pp4:dp_rs:round0:dp_grad_reduce_scatter:pg=9:rel-9936263543e5,mock_oisa_scale_1.2,187943742,169122866,18820876,187943742,18820876,1785477762072945796,-1,33688,trace_group_end_lag_clamped,1785477762072912108
15684063,70,1785477761920085473,4,1785477761918236118,125757,1785477762090639220,1785477762090764977,dp_rs,0,16,55,dp_grad_reduce_scatter:pg=9,1785477762075080914,154995441,dp_grad_reduce_scatter,16,3155886080,pp_frontier,0,1785477761893618290,1785477762054124920,1785477761885002054,1.0,iter55:pp4:dp_rs:round0:dp_grad_reduce_scatter:pg=9,iter55:pp4:dp_rs:round0:dp_grad_reduce_scatter:pg=9:rel-9936263543e5,mock_oisa_scale_1.2,187943742,169122866,18820876,187943742,18820876,1785477762072945796,-1,125757,trace_group_end_lag_clamped,1785477762072820039
15684063,71,1785477761919784541,4,1785477761918236118,0,1785477762090764977,1785477762090764977,dp_rs,0,16,55,dp_grad_reduce_scatter:pg=9,1785477762075080914,155296373,dp_grad_reduce_scatter,16,3155886080,pp_frontier,0,1785477761889559722,1785477762054124920,1785477761885002054,1.0,iter55:pp4:dp_rs:round0:dp_grad_reduce_scatter:pg=9,iter55:pp4:dp_rs:round0:dp_grad_reduce_scatter:pg=9:rel-9936263543e5,mock_oisa_scale_1.2,187943742,169122866,18820876,187943742,18820876,1785477762072945796,-1,0,trace_group_end_lag_clamped,1785477762072945796
15684063,72,1785477762075080914,4,1785477761918236118,37364,1785477762090727613,1785477762090764977,dp_rs,0,16,55,dp_grad_reduce_scatter:pg=9,1785477762075080914,0,dp_grad_reduce_scatter,16,3155886080,pp_frontier,0,1785477762029380599,1785477762054124920,1785477761885002054,1.0,iter55:pp4:dp_rs:round0:dp_grad_reduce_scatter:pg=9,iter55:pp4:dp_rs:round0:dp_grad_reduce_scatter:pg=9:rel-9936263543e5,mock_oisa_scale_1.2,187943742,169122866,18820876,187943742,18820876,1785477762072945796,-1,37364,trace_group_end_lag_clamped,1785477762072908432
15684063,73,1785477762074882617,4,1785477761918236118,23429,1785477762090741548,1785477762090764977,dp_rs,0,16,55,dp_grad_reduce_scatter:pg=9,1785477762075080914,198297,dp_grad_reduce_scatter,16,3155886080,pp_frontier,0,1785477762048786507,1785477762054124920,1785477761885002054,1.0,iter55:pp4:dp_rs:round0:dp_grad_reduce_scatter:pg=9,iter55:pp4:dp_rs:round0:dp_grad_reduce_scatter:pg=9:rel-9936263543e5,mock_oisa_scale_1.2,187943742,169122866,18820876,187943742,18820876,1785477762072945796,-1,23429,trace_group_end_lag_clamped,1785477762072922367
15684063,74,1785477762074427238,4,1785477761918236118,19377,1785477762090745600,1785477762090764977,dp_rs,0,16,55,dp_grad_reduce_scatter:pg=9,1785477762075080914,653676,dp_grad_reduce_scatter,16,3155886080,pp_frontier,0,1785477762052566015,1785477762054124920,1785477761885002054,1.0,iter55:pp4:dp_rs:round0:dp_grad_reduce_scatter:pg=9,iter55:pp4:dp_rs:round0:dp_grad_reduce_scatter:pg=9:rel-9936263543e5,mock_oisa_scale_1.2,187943742,169122866,18820876,187943742,18820876,1785477762072945796,-1,19377,trace_group_end_lag_clamped,1785477762072926419
15684063,75,1785477762074192120,4,1785477761918236118,76987,1785477762090687990,1785477762090764977,dp_rs,0,16,55,dp_grad_reduce_scatter:pg=9,1785477762075080914,888794,dp_grad_reduce_scatter,16,3155886080,pp_frontier,0,1785477762054124920,1785477762054124920,1785477761885002054,1.0,iter55:pp4:dp_rs:round0:dp_grad_reduce_scatter:pg=9,iter55:pp4:dp_rs:round0:dp_grad_reduce_scatter:pg=9:rel-9936263543e5,mock_oisa_scale_1.2,187943742,169122866,18820876,187943742,18820876,1785477762072945796,-1,76987,trace_group_end_lag_clamped,1785477762072868809
15684063,76,1785477762074724190,4,1785477761918236118,144269,1785477762090620708,1785477762090764977,dp_rs,0,16,55,dp_grad_reduce_scatter:pg=9,1785477762075080914,356724,dp_grad_reduce_scatter,16,3155886080,pp_frontier,0,1785477762052197557,1785477762054124920,1785477761885002054,1.0,iter55:pp4:dp_rs:round0:dp_grad_reduce_scatter:pg=9,iter55:pp4:dp_rs:round0:dp_grad_reduce_scatter:pg=9:rel-9936263543e5,mock_oisa_scale_1.2,187943742,169122866,18820876,187943742,18820876,1785477762072945796,-1,144269,trace_group_end_lag_clamped,1785477762072801527
15684063,77,1785477762074364583,4,1785477761918236118,127293,1785477762090637684,1785477762090764977,dp_rs,0,16,55,dp_grad_reduce_scatter:pg=9,1785477762075080914,716331,dp_grad_reduce_scatter,16,3155886080,pp_frontier,0,1785477762052923047,1785477762054124920,1785477761885002054,1.0,iter55:pp4:dp_rs:round0:dp_grad_reduce_scatter:pg=9,iter55:pp4:dp_rs:round0:dp_grad_reduce_scatter:pg=9:rel-9936263543e5,mock_oisa_scale_1.2,187943742,169122866,18820876,187943742,18820876,1785477762072945796,-1,127293,trace_group_end_lag_clamped,1785477762072818503
15684063,78,1785477762074523852,4,1785477761918236118,63923,1785477762090701054,1785477762090764977,dp_rs,0,16,55,dp_grad_reduce_scatter:pg=9,1785477762075080914,557062,dp_grad_reduce_scatter,16,3155886080,pp_frontier,0,1785477762042839903,1785477762054124920,1785477761885002054,1.0,iter55:pp4:dp_rs:round0:dp_grad_reduce_scatter:pg=9,iter55:pp4:dp_rs:round0:dp_grad_reduce_scatter:pg=9:rel-9936263543e5,mock_oisa_scale_1.2,187943742,169122866,18820876,187943742,18820876,1785477762072945796,-1,63923,trace_group_end_lag_clamped,1785477762072881873
15684063,79,1785477762074855817,4,1785477761918236118,115826,1785477762090649151,1785477762090764977,dp_rs,0,16,55,dp_grad_reduce_scatter:pg=9,1785477762075080914,225097,dp_grad_reduce_scatter,16,3155886080,pp_frontier,0,1785477762044047364,1785477762054124920,1785477761885002054,1.0,iter55:pp4:dp_rs:round0:dp_grad_reduce_scatter:pg=9,iter55:pp4:dp_rs:round0:dp_grad_reduce_scatter:pg=9:rel-9936263543e5,mock_oisa_scale_1.2,187943742,169122866,18820876,187943742,18820876,1785477762072945796,-1,115826,trace_group_end_lag_clamped,1785477762072829970
52527766,64,1785477765033856786,4,1785477765033798280,11650,1785477765086372902,1785477765086384552,edp_ag0,0,2,55,expert_dp_param_allgather:pg=1107,1785477765033856786,0,expert_dp_param_allgather,2,1887436800,same_rank_dp_ag0,85799,1785477765029543657,1785477765029543657,1785477765029485151,1.0,iter55:pp4:edp_ag0:round0:expert_dp_param_allgather:pg=1107,iter55:pp4:edp_ag0:round0:expert_dp_param_allgather:pg=1107:rel-6b8d067ad542,mock_oisa_scale_1.2,63091825,58506,63033319,63091825,63033319,1785477765092576976,-1,11650,trace_group_end_lag_clamped,1785477765092565326
52527766,72,1785477765033798280,4,1785477765033798280,0,1785477765086384552,1785477765086384552,edp_ag0,0,2,55,expert_dp_param_allgather:pg=1107,1785477765033856786,58506,expert_dp_param_allgather,2,1887436800,same_rank_dp_ag0,10560,1785477765029485151,1785477765029543657,1785477765029485151,1.0,iter55:pp4:edp_ag0:round0:expert_dp_param_allgather:pg=1107,iter55:pp4:edp_ag0:round0:expert_dp_param_allgather:pg=1107:rel-6b8d067ad542,mock_oisa_scale_1.2,63091825,58506,63033319,63091825,63033319,1785477765092576976,-1,0,trace_group_end_lag_clamped,1785477765092576976
52306181,65,1785477765033862468,4,1785477765033790316,6197,1785477765086162452,1785477765086168649,edp_ag0,0,2,55,expert_dp_param_allgather:pg=1109,1785477765033862468,0,expert_dp_param_allgather,2,1887436800,same_rank_dp_ag0,10328,1785477765029549339,1785477765029549339,1785477765029477187,1.0,iter55:pp4:edp_ag0:round0:expert_dp_param_allgather:pg=1109,iter55:pp4:edp_ag0:round0:expert_dp_param_allgather:pg=1109:rel-8a95bf886d89,mock_oisa_scale_1.2,62839569,72152,62767417,62839569,62767417,1785477765092316756,-1,6197,trace_group_end_lag_clamped,1785477765092310559
52306181,73,1785477765033790316,4,1785477765033790316,0,1785477765086168649,1785477765086168649,edp_ag0,0,2,55,expert_dp_param_allgather:pg=1109,1785477765033862468,72152,expert_dp_param_allgather,2,1887436800,same_rank_dp_ag0,11241,1785477765029477187,1785477765029549339,1785477765029477187,1.0,iter55:pp4:edp_ag0:round0:expert_dp_param_allgather:pg=1109,iter55:pp4:edp_ag0:round0:expert_dp_param_allgather:pg=1109:rel-8a95bf886d89,mock_oisa_scale_1.2,62839569,72152,62767417,62839569,62767417,1785477765092316756,-1,0,trace_group_end_lag_clamped,1785477765092316756
53659273,66,1785477765033867806,4,1785477765033773879,0,1785477765087527079,1785477765087527079,edp_ag0,0,2,55,expert_dp_param_allgather:pg=1111,1785477765033867806,0,expert_dp_param_allgather,2,1887436800,same_rank_dp_ag0,13132,1785477765029554677,1785477765029554677,1785477765029460750,1.0,iter55:pp4:edp_ag0:round0:expert_dp_param_allgather:pg=1111,iter55:pp4:edp_ag0:round0:expert_dp_param_allgather:pg=1111:rel-894d7cc976cd,mock_oisa_scale_1.2,64485055,93927,64391128,64485055,64391128,1785477765093945805,-1,0,trace_group_end_lag_clamped,1785477765093945805
53659273,74,1785477765033773879,4,1785477765033773879,24414,1785477765087502665,1785477765087527079,edp_ag0,0,2,55,expert_dp_param_allgather:pg=1111,1785477765033867806,93927,expert_dp_param_allgather,2,1887436800,same_rank_dp_ag0,37560,1785477765029460750,1785477765029554677,1785477765029460750,1.0,iter55:pp4:edp_ag0:round0:expert_dp_param_allgather:pg=1111,iter55:pp4:edp_ag0:round0:expert_dp_param_allgather:pg=1111:rel-894d7cc976cd,mock_oisa_scale_1.2,64485055,93927,64391128,64485055,64391128,1785477765093945805,-1,24414,trace_group_end_lag_clamped,1785477765093921391
55538689,67,1785477765033812266,4,1785477765033812266,0,1785477765089380586,1785477765089380586,edp_ag0,0,2,55,expert_dp_param_allgather:pg=1113,1785477765033841897,29631,expert_dp_param_allgather,2,1887436800,same_rank_dp_ag0,11000,1785477765029499137,1785477765029528768,1785477765029499137,1.0,iter55:pp4:edp_ag0:round0:expert_dp_param_allgather:pg=1113,iter55:pp4:edp_ag0:round0:expert_dp_param_allgather:pg=1113:rel-180019d5d960,mock_oisa_scale_1.2,66676058,29631,66646427,66676058,66646427,1785477765096175195,-1,0,trace_group_end_lag_clamped,1785477765096175195
55538689,75,1785477765033841897,4,1785477765033812266,15564,1785477765089365022,1785477765089380586,edp_ag0,0,2,55,expert_dp_param_allgather:pg=1113,1785477765033841897,0,expert_dp_param_allgather,2,1887436800,same_rank_dp_ag0,56640,1785477765029528768,1785477765029528768,1785477765029499137,1.0,iter55:pp4:edp_ag0:round0:expert_dp_param_allgather:pg=1113,iter55:pp4:edp_ag0:round0:expert_dp_param_allgather:pg=1113:rel-180019d5d960,mock_oisa_scale_1.2,66676058,29631,66646427,66676058,66646427,1785477765096175195,-1,15564,trace_group_end_lag_clamped,1785477765096159631
53602140,68,1785477765033911470,4,1785477765033779286,0,1785477765087513610,1785477765087513610,edp_ag0,0,2,55,expert_dp_param_allgather:pg=1115,1785477765033911470,0,expert_dp_param_allgather,2,1887436800,same_rank_dp_ag0,58960,1785477765029598341,1785477765029598341,1785477765029466157,1.0,iter55:pp4:edp_ag0:round0:expert_dp_param_allgather:pg=1115,iter55:pp4:edp_ag0:round0:expert_dp_param_allgather:pg=1115:rel-53220f3e4ef2,mock_oisa_scale_1.2,64454752,132184,64322568,64454752,64322568,1785477765093920909,-1,0,trace_group_end_lag_clamped,1785477765093920909
53602140,76,1785477765033779286,4,1785477765033779286,131124,1785477765087382486,1785477765087513610,edp_ag0,0,2,55,expert_dp_param_allgather:pg=1115,1785477765033911470,132184,expert_dp_param_allgather,2,1887436800,same_rank_dp_ag0,10200,1785477765029466157,1785477765029598341,1785477765029466157,1.0,iter55:pp4:edp_ag0:round0:expert_dp_param_allgather:pg=1115,iter55:pp4:edp_ag0:round0:expert_dp_param_allgather:pg=1115:rel-53220f3e4ef2,mock_oisa_scale_1.2,64454752,132184,64322568,64454752,64322568,1785477765093920909,-1,131124,trace_group_end_lag_clamped,1785477765093789785
62071105,69,1785477765033788567,4,1785477765033788567,12600,1785477765095856913,1785477765095869513,edp_ag0,0,2,55,expert_dp_param_allgather:pg=1117,1785477765033798408,9841,expert_dp_param_allgather,2,1887436800,same_rank_dp_ag0,11960,1785477765029475438,1785477765029485279,1785477765029475438,1.0,iter55:pp4:edp_ag0:round0:expert_dp_param_allgather:pg=1117,iter55:pp4:edp_ag0:round0:expert_dp_param_allgather:pg=1117:rel-9c454eaa1092,mock_oisa_scale_1.2,74495167,9841,74485326,74495167,74485326,1785477765103970605,-1,12600,trace_group_end_lag_clamped,1785477765103958005
62071105,77,1785477765033798408,4,1785477765033788567,0,1785477765095869513,1785477765095869513,edp_ag0,0,2,55,expert_dp_param_allgather:pg=1117,1785477765033798408,0,expert_dp_param_allgather,2,1887436800,same_rank_dp_ag0,13320,1785477765029485279,1785477765029485279,1785477765029475438,1.0,iter55:pp4:edp_ag0:round0:expert_dp_param_allgather:pg=1117,iter55:pp4:edp_ag0:round0:expert_dp_param_allgather:pg=1117:rel-9c454eaa1092,mock_oisa_scale_1.2,74495167,9841,74485326,74495167,74485326,1785477765103970605,-1,0,trace_group_end_lag_clamped,1785477765103970605
54945956,70,1785477765033868465,4,1785477765033753408,0,1785477765088814421,1785477765088814421,edp_ag0,0,2,55,expert_dp_param_allgather:pg=1119,1785477765033868465,0,expert_dp_param_allgather,2,1887436800,same_rank_dp_ag0,23640,1785477765029555336,1785477765029555336,1785477765029440279,1.0,iter55:pp4:edp_ag0:round0:expert_dp_param_allgather:pg=1119,iter55:pp4:edp_ag0:round0:expert_dp_param_allgather:pg=1119:rel-c2df285c0b88,mock_oisa_scale_1.2,66050204,115057,65935147,66050204,65935147,1785477765095490483,-1,0,trace_group_end_lag_clamped,1785477765095490483
54945956,78,1785477765033753408,4,1785477765033753408,75565,1785477765088738856,1785477765088814421,edp_ag0,0,2,55,expert_dp_param_allgather:pg=1119,1785477765033868465,115057,expert_dp_param_allgather,2,1887436800,same_rank_dp_ag0,12440,1785477765029440279,1785477765029555336,1785477765029440279,1.0,iter55:pp4:edp_ag0:round0:expert_dp_param_allgather:pg=1119,iter55:pp4:edp_ag0:round0:expert_dp_param_allgather:pg=1119:rel-c2df285c0b88,mock_oisa_scale_1.2,66050204,115057,65935147,66050204,65935147,1785477765095490483,-1,75565,trace_group_end_lag_clamped,1785477765095414918
53138609,71,1785477765033863423,4,1785477765033750783,0,1785477765087002032,1785477765087002032,edp_ag0,0,2,55,expert_dp_param_allgather:pg=1121,1785477765033863423,0,expert_dp_param_allgather,2,1887436800,same_rank_dp_ag0,13760,1785477765029550294,1785477765029550294,1785477765029437654,1.0,iter55:pp4:edp_ag0:round0:expert_dp_param_allgather:pg=1121,iter55:pp4:edp_ag0:round0:expert_dp_param_allgather:pg=1121:rel-d07b70caad90,mock_oisa_scale_1.2,63878971,112640,63766331,63878971,63766331,1785477765093316625,-1,0,trace_group_end_lag_clamped,1785477765093316625
53138609,79,1785477765033750783,4,1785477765033750783,90464,1785477765086911568,1785477765087002032,edp_ag0,0,2,55,expert_dp_param_allgather:pg=1121,1785477765033863423,112640,expert_dp_param_allgather,2,1887436800,same_rank_dp_ag0,13240,1785477765029437654,1785477765029550294,1785477765029437654,1.0,iter55:pp4:edp_ag0:round0:expert_dp_param_allgather:pg=1121,iter55:pp4:edp_ag0:round0:expert_dp_param_allgather:pg=1121:rel-d07b70caad90,mock_oisa_scale_1.2,63878971,112640,63766331,63878971,63766331,1785477765093316625,-1,90464,trace_group_end_lag_clamped,1785477765093226161
53712240,64,1785477765190700095,4,1785477765190700095,0,1785477765244436368,1785477765244436368,edp_ag1,1,2,55,expert_dp_param_allgather:pg=1107,1785477765190724128,24033,expert_dp_param_allgather,2,1887436800,same_rank_dp_ag1,11320,1785477765200274258,1785477765200298291,1785477765200274258,1.0,iter55:pp4:edp_ag1:round1:expert_dp_param_allgather:pg=1107,iter55:pp4:edp_ag1:round1:expert_dp_param_allgather:pg=1107:rel-e0692ff70126,mock_oisa_scale_1.2,64478721,24033,64454688,64478721,64454688,1785477765264752979,-1,0,trace_group_end_lag_clamped,1785477765264752979
53712240,72,1785477765190724128,4,1785477765190700095,61999,1785477765244374369,1785477765244436368,edp_ag1,1,2,55,expert_dp_param_allgather:pg=1107,1785477765190724128,0,expert_dp_param_allgather,2,1887436800,same_rank_dp_ag1,37960,1785477765200298291,1785477765200298291,1785477765200274258,1.0,iter55:pp4:edp_ag1:round1:expert_dp_param_allgather:pg=1107,iter55:pp4:edp_ag1:round1:expert_dp_param_allgather:pg=1107:rel-e0692ff70126,mock_oisa_scale_1.2,64478721,24033,64454688,64478721,64454688,1785477765264752979,-1,61999,trace_group_end_lag_clamped,1785477765264690980
53672181,65,1785477765190714579,4,1785477765190709691,0,1785477765244386760,1785477765244386760,edp_ag1,1,2,55,expert_dp_param_allgather:pg=1109,1785477765190714579,0,expert_dp_param_allgather,2,1887436800,same_rank_dp_ag1,60920,1785477765200288742,1785477765200288742,1785477765200283854,1.0,iter55:pp4:edp_ag1:round1:expert_dp_param_allgather:pg=1109,iter55:pp4:edp_ag1:round1:expert_dp_param_allgather:pg=1109:rel-8ee2a8ce8efc,mock_oisa_scale_1.2,64411505,4888,64406617,64411505,64406617,1785477765264695359,-1,0,trace_group_end_lag_clamped,1785477765264695359
53672181,73,1785477765190709691,4,1785477765190709691,21317,1785477765244365443,1785477765244386760,edp_ag1,1,2,55,expert_dp_param_allgather:pg=1109,1785477765190714579,4888,expert_dp_param_allgather,2,1887436800,same_rank_dp_ag1,23378,1785477765200283854,1785477765200288742,1785477765200283854,1.0,iter55:pp4:edp_ag1:round1:expert_dp_param_allgather:pg=1109,iter55:pp4:edp_ag1:round1:expert_dp_param_allgather:pg=1109:rel-8ee2a8ce8efc,mock_oisa_scale_1.2,64411505,4888,64406617,64411505,64406617,1785477765264695359,-1,21317,trace_group_end_lag_clamped,1785477765264674042
51919054,66,1785477765190679177,4,1785477765190679177,0,1785477765242616647,1785477765242616647,edp_ag1,1,2,55,expert_dp_param_allgather:pg=1111,1785477765190697593,18416,expert_dp_param_allgather,2,1887436800,same_rank_dp_ag1,34160,1785477765200253340,1785477765200271756,1785477765200253340,1.0,iter55:pp4:edp_ag1:round1:expert_dp_param_allgather:pg=1111,iter55:pp4:edp_ag1:round1:expert_dp_param_allgather:pg=1111:rel-f89231c043fc,mock_oisa_scale_1.2,62321281,18416,62302865,62321281,62302865,1785477765262574621,-1,0,trace_group_end_lag_clamped,1785477765262574621
51919054,74,1785477765190697593,4,1785477765190679177,31990,1785477765242584657,1785477765242616647,edp_ag1,1,2,55,expert_dp_param_allgather:pg=1111,1785477765190697593,0,expert_dp_param_allgather,2,1887436800,same_rank_dp_ag1,10640,1785477765200271756,1785477765200271756,1785477765200253340,1.0,iter55:pp4:edp_ag1:round1:expert_dp_param_allgather:pg=1111,iter55:pp4:edp_ag1:round1:expert_dp_param_allgather:pg=1111:rel-f89231c043fc,mock_oisa_scale_1.2,62321281,18416,62302865,62321281,62302865,1785477765262574621,-1,31990,trace_group_end_lag_clamped,1785477765262542631
53666704,67,1785477765190738938,4,1785477765190691489,31626,1785477765244374016,1785477765244405642,edp_ag1,1,2,55,expert_dp_param_allgather:pg=1113,1785477765190738938,0,expert_dp_param_allgather,2,1887436800,same_rank_dp_ag1,12240,1785477765200313101,1785477765200313101,1785477765200265652,1.0,iter55:pp4:edp_ag1:round1:expert_dp_param_allgather:pg=1113,iter55:pp4:edp_ag1:round1:expert_dp_param_allgather:pg=1113:rel-a6fa2e24192e,mock_oisa_scale_1.2,64447494,47449,64400045,64447494,64400045,1785477765264713146,-1,31626,trace_group_end_lag_clamped,1785477765264681520
53666704,75,1785477765190691489,4,1785477765190691489,0,1785477765244405642,1785477765244405642,edp_ag1,1,2,55,expert_dp_param_allgather:pg=1113,1785477765190738938,47449,expert_dp_param_allgather,2,1887436800,same_rank_dp_ag1,10560,1785477765200265652,1785477765200313101,1785477765200265652,1.0,iter55:pp4:edp_ag1:round1:expert_dp_param_allgather:pg=1113,iter55:pp4:edp_ag1:round1:expert_dp_param_allgather:pg=1113:rel-a6fa2e24192e,mock_oisa_scale_1.2,64447494,47449,64400045,64447494,64400045,1785477765264713146,-1,0,trace_group_end_lag_clamped,1785477765264713146
53454741,68,1785477765190652818,4,1785477765190652818,0,1785477765244161159,1785477765244161159,edp_ag1,1,2,55,expert_dp_param_allgather:pg=1115,1785477765190706418,53600,expert_dp_param_allgather,2,1887436800,same_rank_dp_ag1,11000,1785477765200226981,1785477765200280581,1785477765200226981,1.0,iter55:pp4:edp_ag1:round1:expert_dp_param_allgather:pg=1115,iter55:pp4:edp_ag1:round1:expert_dp_param_allgather:pg=1115:rel-e0fc95bf620b,mock_oisa_scale_1.2,64199289,53600,64145689,64199289,64145689,1785477765264426270,-1,0,trace_group_end_lag_clamped,1785477765264426270
53454741,76,1785477765190706418,4,1785477765190652818,86743,1785477765244074416,1785477765244161159,edp_ag1,1,2,55,expert_dp_param_allgather:pg=1115,1785477765190706418,0,expert_dp_param_allgather,2,1887436800,same_rank_dp_ag1,21601,1785477765200280581,1785477765200280581,1785477765200226981,1.0,iter55:pp4:edp_ag1:round1:expert_dp_param_allgather:pg=1115,iter55:pp4:edp_ag1:round1:expert_dp_param_allgather:pg=1115:rel-e0fc95bf620b,mock_oisa_scale_1.2,64199289,53600,64145689,64199289,64145689,1785477765264426270,-1,86743,trace_group_end_lag_clamped,1785477765264339527
51963615,69,1785477765190738610,4,1785477765190706223,10373,1785477765242691852,1785477765242702225,edp_ag1,1,2,55,expert_dp_param_allgather:pg=1117,1785477765190738610,0,expert_dp_param_allgather,2,1887436800,same_rank_dp_ag1,10760,1785477765200312773,1785477765200312773,1785477765200280386,1.0,iter55:pp4:edp_ag1:round1:expert_dp_param_allgather:pg=1117,iter55:pp4:edp_ag1:round1:expert_dp_param_allgather:pg=1117:rel-e15b60c7f149,mock_oisa_scale_1.2,62388725,32387,62356338,62388725,62356338,1785477765262669111,-1,10373,trace_group_end_lag_clamped,1785477765262658738
51963615,77,1785477765190706223,4,1785477765190706223,0,1785477765242702225,1785477765242702225,edp_ag1,1,2,55,expert_dp_param_allgather:pg=1117,1785477765190738610,32387,expert_dp_param_allgather,2,1887436800,same_rank_dp_ag1,12041,1785477765200280386,1785477765200312773,1785477765200280386,1.0,iter55:pp4:edp_ag1:round1:expert_dp_param_allgather:pg=1117,iter55:pp4:edp_ag1:round1:expert_dp_param_allgather:pg=1117:rel-e15b60c7f149,mock_oisa_scale_1.2,62388725,32387,62356338,62388725,62356338,1785477765262669111,-1,0,trace_group_end_lag_clamped,1785477765262669111
52834711,70,1785477765190732941,4,1785477765190616350,0,1785477765243567652,1785477765243567652,edp_ag1,1,2,55,expert_dp_param_allgather:pg=1119,1785477765190732941,0,expert_dp_param_allgather,2,1887436800,same_rank_dp_ag1,10640,1785477765200307104,1785477765200307104,1785477765200190513,1.0,iter55:pp4:edp_ag1:round1:expert_dp_param_allgather:pg=1119,iter55:pp4:edp_ag1:round1:expert_dp_param_allgather:pg=1119:rel-aee62164609d,mock_oisa_scale_1.2,63518244,116591,63401653,63518244,63401653,1785477765263708757,-1,0,trace_group_end_lag_clamped,1785477765263708757
52834711,78,1785477765190616350,4,1785477765190616350,53054,1785477765243514598,1785477765243567652,edp_ag1,1,2,55,expert_dp_param_allgather:pg=1119,1785477765190732941,116591,expert_dp_param_allgather,2,1887436800,same_rank_dp_ag1,10760,1785477765200190513,1785477765200307104,1785477765200190513,1.0,iter55:pp4:edp_ag1:round1:expert_dp_param_allgather:pg=1119,iter55:pp4:edp_ag1:round1:expert_dp_param_allgather:pg=1119:rel-aee62164609d,mock_oisa_scale_1.2,63518244,116591,63401653,63518244,63401653,1785477765263708757,-1,53054,trace_group_end_lag_clamped,1785477765263655703
50966661,71,1785477765190731170,4,1785477765190707350,11167,1785477765241686664,1785477765241697831,edp_ag1,1,2,55,expert_dp_param_allgather:pg=1121,1785477765190731170,0,expert_dp_param_allgather,2,1887436800,same_rank_dp_ag1,11240,1785477765200305333,1785477765200305333,1785477765200281513,1.0,iter55:pp4:edp_ag1:round1:expert_dp_param_allgather:pg=1121,iter55:pp4:edp_ag1:round1:expert_dp_param_allgather:pg=1121:rel-f99dbda69389,mock_oisa_scale_1.2,61183813,23820,61159993,61183813,61159993,1785477765261465326,-1,11167,trace_group_end_lag_clamped,1785477765261454159
50966661,79,1785477765190707350,4,1785477765190707350,0,1785477765241697831,1785477765241697831,edp_ag1,1,2,55,expert_dp_param_allgather:pg=1121,1785477765190731170,23820,expert_dp_param_allgather,2,1887436800,same_rank_dp_ag1,10840,1785477765200281513,1785477765200305333,1785477765200281513,1.0,iter55:pp4:edp_ag1:round1:expert_dp_param_allgather:pg=1121,iter55:pp4:edp_ag1:round1:expert_dp_param_allgather:pg=1121:rel-f99dbda69389,mock_oisa_scale_1.2,61183813,23820,61159993,61183813,61159993,1785477765261465326,-1,0,trace_group_end_lag_clamped,1785477765261465326
204461321,64,1785477762108154642,4,1785477762108108410,0,1785477762312615963,1785477762312615963,edp_rs,0,2,55,expert_dp_grad_reduce_scatter:pg=1107,1785477762108154642,0,expert_dp_grad_reduce_scatter,2,7549747200,same_rank_dp_rs,17405839,1785477762090335461,1785477762090335461,1785477762090289229,1.0,iter55:pp4:edp_rs:round0:expert_dp_grad_reduce_scatter:pg=1107,iter55:pp4:edp_rs:round0:expert_dp_grad_reduce_scatter:pg=1107:rel-77c8c73fc956,mock_oisa_scale_1.2,245399817,46232,245353585,245399817,245353585,1785477762335689046,-1,0,trace_group_end_lag_clamped,1785477762335689046
204461321,72,1785477762108108410,4,1785477762108108410,59252,1785477762312556711,1785477762312615963,edp_rs,0,2,55,expert_dp_grad_reduce_scatter:pg=1107,1785477762108154642,46232,expert_dp_grad_reduce_scatter,2,7549747200,same_rank_dp_rs,17380797,1785477762090289229,1785477762090335461,1785477762090289229,1.0,iter55:pp4:edp_rs:round0:expert_dp_grad_reduce_scatter:pg=1107,iter55:pp4:edp_rs:round0:expert_dp_grad_reduce_scatter:pg=1107:rel-77c8c73fc956,mock_oisa_scale_1.2,245399817,46232,245353585,245399817,245353585,1785477762335689046,-1,59252,trace_group_end_lag_clamped,1785477762335629794
190801926,65,1785477762107990460,4,1785477762107990460,0,1785477762299242910,1785477762299242910,edp_rs,0,2,55,expert_dp_grad_reduce_scatter:pg=1109,1785477762108440984,450524,expert_dp_grad_reduce_scatter,2,7549747200,same_rank_dp_rs,17326812,1785477762090171279,1785477762090621803,1785477762090171279,1.0,iter55:pp4:edp_rs:round0:expert_dp_grad_reduce_scatter:pg=1109,iter55:pp4:edp_rs:round0:expert_dp_grad_reduce_scatter:pg=1109:rel-c70223e2b6b7,mock_oisa_scale_1.2,229412835,450524,228962311,229412835,228962311,1785477762319584114,-1,0,trace_group_end_lag_clamped,1785477762319584114
190801926,73,1785477762108440984,4,1785477762107990460,125348,1785477762299117562,1785477762299242910,edp_rs,0,2,55,expert_dp_grad_reduce_scatter:pg=1109,1785477762108440984,0,expert_dp_grad_reduce_scatter,2,7549747200,same_rank_dp_rs,17699436,1785477762090621803,1785477762090621803,1785477762090171279,1.0,iter55:pp4:edp_rs:round0:expert_dp_grad_reduce_scatter:pg=1109,iter55:pp4:edp_rs:round0:expert_dp_grad_reduce_scatter:pg=1109:rel-c70223e2b6b7,mock_oisa_scale_1.2,229412835,450524,228962311,229412835,228962311,1785477762319584114,-1,125348,trace_group_end_lag_clamped,1785477762319458766
207309512,66,1785477762107958400,4,1785477762107958400,0,1785477762315656728,1785477762315656728,edp_rs,0,2,55,expert_dp_grad_reduce_scatter:pg=1111,1785477762108347216,388816,expert_dp_grad_reduce_scatter,2,7549747200,same_rank_dp_rs,17330674,1785477762090139219,1785477762090528035,1785477762090139219,1.0,iter55:pp4:edp_rs:round0:expert_dp_grad_reduce_scatter:pg=1111,iter55:pp4:edp_rs:round0:expert_dp_grad_reduce_scatter:pg=1111:rel-58b33f6f2575,mock_oisa_scale_1.2,249160230,388816,248771414,249160230,248771414,1785477762339299449,-1,0,trace_group_end_lag_clamped,1785477762339299449
207309512,74,1785477762108347216,4,1785477762107958400,111372,1785477762315545356,1785477762315656728,edp_rs,0,2,55,expert_dp_grad_reduce_scatter:pg=1111,1785477762108347216,0,expert_dp_grad_reduce_scatter,2,7549747200,same_rank_dp_rs,17601616,1785477762090528035,1785477762090528035,1785477762090139219,1.0,iter55:pp4:edp_rs:round0:expert_dp_grad_reduce_scatter:pg=1111,iter55:pp4:edp_rs:round0:expert_dp_grad_reduce_scatter:pg=1111:rel-58b33f6f2575,mock_oisa_scale_1.2,249160230,388816,248771414,249160230,248771414,1785477762339299449,-1,111372,trace_group_end_lag_clamped,1785477762339188077
205919695,67,1785477762108247255,4,1785477762108247255,0,1785477762316070135,1785477762316070135,edp_rs,0,2,55,expert_dp_grad_reduce_scatter:pg=1113,1785477762110150440,1903185,expert_dp_grad_reduce_scatter,2,7549747200,same_rank_dp_rs,17551980,1785477762090428074,1785477762092331259,1785477762090428074,1.0,iter55:pp4:edp_rs:round0:expert_dp_grad_reduce_scatter:pg=1113,iter55:pp4:edp_rs:round0:expert_dp_grad_reduce_scatter:pg=1113:rel-e67f9f67a293,mock_oisa_scale_1.2,249006819,1903185,247103634,249006819,247103634,1785477762339434893,-1,0,trace_group_end_lag_clamped,1785477762339434893
205919695,75,1785477762110150440,4,1785477762108247255,126589,1785477762315943546,1785477762316070135,edp_rs,0,2,55,expert_dp_grad_reduce_scatter:pg=1113,1785477762110150440,0,expert_dp_grad_reduce_scatter,2,7549747200,same_rank_dp_rs,19462450,1785477762092331259,1785477762092331259,1785477762090428074,1.0,iter55:pp4:edp_rs:round0:expert_dp_grad_reduce_scatter:pg=1113,iter55:pp4:edp_rs:round0:expert_dp_grad_reduce_scatter:pg=1113:rel-e67f9f67a293,mock_oisa_scale_1.2,249006819,1903185,247103634,249006819,247103634,1785477762339434893,-1,126589,trace_group_end_lag_clamped,1785477762339308304
214082360,68,1785477762108292724,4,1785477762108224454,0,1785477762322375084,1785477762322375084,edp_rs,0,2,55,expert_dp_grad_reduce_scatter:pg=1115,1785477762108292724,0,expert_dp_grad_reduce_scatter,2,7549747200,same_rank_dp_rs,17613677,1785477762090473543,1785477762090473543,1785477762090405273,1.0,iter55:pp4:edp_rs:round0:expert_dp_grad_reduce_scatter:pg=1115,iter55:pp4:edp_rs:round0:expert_dp_grad_reduce_scatter:pg=1115:rel-936c215fab74,mock_oisa_scale_1.2,256967102,68270,256898832,256967102,256898832,1785477762347372375,-1,0,trace_group_end_lag_clamped,1785477762347372375
214082360,76,1785477762108224454,4,1785477762108224454,97218,1785477762322277866,1785477762322375084,edp_rs,0,2,55,expert_dp_grad_reduce_scatter:pg=1115,1785477762108292724,68270,expert_dp_grad_reduce_scatter,2,7549747200,same_rank_dp_rs,17603746,1785477762090405273,1785477762090473543,1785477762090405273,1.0,iter55:pp4:edp_rs:round0:expert_dp_grad_reduce_scatter:pg=1115,iter55:pp4:edp_rs:round0:expert_dp_grad_reduce_scatter:pg=1115:rel-936c215fab74,mock_oisa_scale_1.2,256967102,68270,256898832,256967102,256898832,1785477762347372375,-1,97218,trace_group_end_lag_clamped,1785477762347275157
207587252,69,1785477762108109763,4,1785477762108109763,28518,1785477762315897890,1785477762315926408,edp_rs,0,2,55,expert_dp_grad_reduce_scatter:pg=1117,1785477762108339156,229393,expert_dp_grad_reduce_scatter,2,7549747200,same_rank_dp_rs,17378474,1785477762090290582,1785477762090519975,1785477762090290582,1.0,iter55:pp4:edp_rs:round0:expert_dp_grad_reduce_scatter:pg=1117,iter55:pp4:edp_rs:round0:expert_dp_grad_reduce_scatter:pg=1117:rel-e55d5ece25fe,mock_oisa_scale_1.2,249334095,229393,249104702,249334095,249104702,1785477762339624677,-1,28518,trace_group_end_lag_clamped,1785477762339596159
207587252,77,1785477762108339156,4,1785477762108109763,0,1785477762315926408,1785477762315926408,edp_rs,0,2,55,expert_dp_grad_reduce_scatter:pg=1117,1785477762108339156,0,expert_dp_grad_reduce_scatter,2,7549747200,same_rank_dp_rs,17701472,1785477762090519975,1785477762090519975,1785477762090290582,1.0,iter55:pp4:edp_rs:round0:expert_dp_grad_reduce_scatter:pg=1117,iter55:pp4:edp_rs:round0:expert_dp_grad_reduce_scatter:pg=1117:rel-e55d5ece25fe,mock_oisa_scale_1.2,249334095,229393,249104702,249334095,249104702,1785477762339624677,-1,0,trace_group_end_lag_clamped,1785477762339624677
189604928,70,1785477762107919443,4,1785477762107919443,0,1785477762298021015,1785477762298021015,edp_rs,0,2,55,expert_dp_grad_reduce_scatter:pg=1119,1785477762108416087,496644,expert_dp_grad_reduce_scatter,2,7549747200,same_rank_dp_rs,17280223,1785477762090100262,1785477762090596906,1785477762090100262,1.0,iter55:pp4:edp_rs:round0:expert_dp_grad_reduce_scatter:pg=1119,iter55:pp4:edp_rs:round0:expert_dp_grad_reduce_scatter:pg=1119:rel-471c9b77ddf5,mock_oisa_scale_1.2,228022558,496644,227525914,228022558,227525914,1785477762318122820,-1,0,trace_group_end_lag_clamped,1785477762318122820
189604928,78,1785477762108416087,4,1785477762107919443,1470,1785477762298019545,1785477762298021015,edp_rs,0,2,55,expert_dp_grad_reduce_scatter:pg=1119,1785477762108416087,0,expert_dp_grad_reduce_scatter,2,7549747200,same_rank_dp_rs,17715033,1785477762090596906,1785477762090596906,1785477762090100262,1.0,iter55:pp4:edp_rs:round0:expert_dp_grad_reduce_scatter:pg=1119,iter55:pp4:edp_rs:round0:expert_dp_grad_reduce_scatter:pg=1119:rel-471c9b77ddf5,mock_oisa_scale_1.2,228022558,496644,227525914,228022558,227525914,1785477762318122820,-1,1470,trace_group_end_lag_clamped,1785477762318121350
220207486,71,1785477762108238101,4,1785477762108204985,0,1785477762328445587,1785477762328445587,edp_rs,0,2,55,expert_dp_grad_reduce_scatter:pg=1121,1785477762108238101,0,expert_dp_grad_reduce_scatter,2,7549747200,same_rank_dp_rs,17473124,1785477762090418920,1785477762090418920,1785477762090385804,1.0,iter55:pp4:edp_rs:round0:expert_dp_grad_reduce_scatter:pg=1121,iter55:pp4:edp_rs:round0:expert_dp_grad_reduce_scatter:pg=1121:rel-f5a6ac27ea88,mock_oisa_scale_1.2,264282099,33116,264248983,264282099,264248983,1785477762354667903,-1,0,trace_group_end_lag_clamped,1785477762354667903
220207486,79,1785477762108204985,4,1785477762108204985,54430,1785477762328391157,1785477762328445587,edp_rs,0,2,55,expert_dp_grad_reduce_scatter:pg=1121,1785477762108238101,33116,expert_dp_grad_reduce_scatter,2,7549747200,same_rank_dp_rs,17555834,1785477762090385804,1785477762090418920,1785477762090385804,1.0,iter55:pp4:edp_rs:round0:expert_dp_grad_reduce_scatter:pg=1121,iter55:pp4:edp_rs:round0:expert_dp_grad_reduce_scatter:pg=1121:rel-f5a6ac27ea88,mock_oisa_scale_1.2,264282099,33116,264248983,264282099,264248983,1785477762354667903,-1,54430,trace_group_end_lag_clamped,1785477762354613473
7821976,80,1785477765025243347,5,1785477765025243347,55971,1785477765034135271,1785477765034191242,dp_ag0,0,16,55,dp_param_allgather:pg=11,1785477765026369266,1125919,dp_param_allgather,16,98621440,world_rs_done,28567090,1785477765019427024,1785477765020552943,1785477765019427024,1.0,iter55:pp5:dp_ag0:round0:dp_param_allgather:pg=11,iter55:pp5:dp_ag0:round0:dp_param_allgather:pg=11:rel-43b93a603b20,mock_oisa_scale_1.2,10512290,1125919,9386371,10512290,9386371,1785477765029939314,-1,55971,trace_group_end_lag_clamped,1785477765029883343
7821976,81,1785477765025573682,5,1785477765025243347,67464,1785477765034123778,1785477765034191242,dp_ag0,0,16,55,dp_param_allgather:pg=11,1785477765026369266,795584,dp_param_allgather,16,98621440,world_rs_done,28897425,1785477765019757359,1785477765020552943,1785477765019427024,1.0,iter55:pp5:dp_ag0:round0:dp_param_allgather:pg=11,iter55:pp5:dp_ag0:round0:dp_param_allgather:pg=11:rel-43b93a603b20,mock_oisa_scale_1.2,10512290,1125919,9386371,10512290,9386371,1785477765029939314,-1,67464,trace_group_end_lag_clamped,1785477765029871850
7821976,82,1785477765025719806,5,1785477765025243347,108638,1785477765034082604,1785477765034191242,dp_ag0,0,16,55,dp_param_allgather:pg=11,1785477765026369266,649460,dp_param_allgather,16,98621440,world_rs_done,29043549,1785477765019903483,1785477765020552943,1785477765019427024,1.0,iter55:pp5:dp_ag0:round0:dp_param_allgather:pg=11,iter55:pp5:dp_ag0:round0:dp_param_allgather:pg=11:rel-43b93a603b20,mock_oisa_scale_1.2,10512290,1125919,9386371,10512290,9386371,1785477765029939314,-1,108638,trace_group_end_lag_clamped,1785477765029830676
7821976,83,1785477765026016538,5,1785477765025243347,59176,1785477765034132066,1785477765034191242,dp_ag0,0,16,55,dp_param_allgather:pg=11,1785477765026369266,352728,dp_param_allgather,16,98621440,world_rs_done,29340281,1785477765020200215,1785477765020552943,1785477765019427024,1.0,iter55:pp5:dp_ag0:round0:dp_param_allgather:pg=11,iter55:pp5:dp_ag0:round0:dp_param_allgather:pg=11:rel-43b93a603b20,mock_oisa_scale_1.2,10512290,1125919,9386371,10512290,9386371,1785477765029939314,-1,59176,trace_group_end_lag_clamped,1785477765029880138
7821976,84,1785477765025420175,5,1785477765025243347,73811,1785477765034117431,1785477765034191242,dp_ag0,0,16,55,dp_param_allgather:pg=11,1785477765026369266,949091,dp_param_allgather,16,98621440,world_rs_done,28743918,1785477765019603852,1785477765020552943,1785477765019427024,1.0,iter55:pp5:dp_ag0:round0:dp_param_allgather:pg=11,iter55:pp5:dp_ag0:round0:dp_param_allgather:pg=11:rel-43b93a603b20,mock_oisa_scale_1.2,10512290,1125919,9386371,10512290,9386371,1785477765029939314,-1,73811,trace_group_end_lag_clamped,1785477765029865503
7821976,85,1785477765025484451,5,1785477765025243347,73139,1785477765034118103,1785477765034191242,dp_ag0,0,16,55,dp_param_allgather:pg=11,1785477765026369266,884815,dp_param_allgather,16,98621440,world_rs_done,28808194,1785477765019668128,1785477765020552943,1785477765019427024,1.0,iter55:pp5:dp_ag0:round0:dp_param_allgather:pg=11,iter55:pp5:dp_ag0:round0:dp_param_allgather:pg=11:rel-43b93a603b20,mock_oisa_scale_1.2,10512290,1125919,9386371,10512290,9386371,1785477765029939314,-1,73139,trace_group_end_lag_clamped,1785477765029866175
7821976,86,1785477765025632327,5,1785477765025243347,110670,1785477765034080572,1785477765034191242,dp_ag0,0,16,55,dp_param_allgather:pg=11,1785477765026369266,736939,dp_param_allgather,16,98621440,world_rs_done,28956070,1785477765019816004,1785477765020552943,1785477765019427024,1.0,iter55:pp5:dp_ag0:round0:dp_param_allgather:pg=11,iter55:pp5:dp_ag0:round0:dp_param_allgather:pg=11:rel-43b93a603b20,mock_oisa_scale_1.2,10512290,1125919,9386371,10512290,9386371,1785477765029939314,-1,110670,trace_group_end_lag_clamped,1785477765029828644
7821976,87,1785477765026080516,5,1785477765025243347,108059,1785477765034083183,1785477765034191242,dp_ag0,0,16,55,dp_param_allgather:pg=11,1785477765026369266,288750,dp_param_allgather,16,98621440,world_rs_done,29404259,1785477765020264193,1785477765020552943,1785477765019427024,1.0,iter55:pp5:dp_ag0:round0:dp_param_allgather:pg=11,iter55:pp5:dp_ag0:round0:dp_param_allgather:pg=11:rel-43b93a603b20,mock_oisa_scale_1.2,10512290,1125919,9386371,10512290,9386371,1785477765029939314,-1,108059,trace_group_end_lag_clamped,1785477765029831255
7821976,88,1785477765025483012,5,1785477765025243347,25944,1785477765034165298,1785477765034191242,dp_ag0,0,16,55,dp_param_allgather:pg=11,1785477765026369266,886254,dp_param_allgather,16,98621440,world_rs_done,28806755,1785477765019666689,1785477765020552943,1785477765019427024,1.0,iter55:pp5:dp_ag0:round0:dp_param_allgather:pg=11,iter55:pp5:dp_ag0:round0:dp_param_allgather:pg=11:rel-43b93a603b20,mock_oisa_scale_1.2,10512290,1125919,9386371,10512290,9386371,1785477765029939314,-1,25944,trace_group_end_lag_clamped,1785477765029913370
7821976,89,1785477765026273407,5,1785477765025243347,0,1785477765034191242,1785477765034191242,dp_ag0,0,16,55,dp_param_allgather:pg=11,1785477765026369266,95859,dp_param_allgather,16,98621440,world_rs_done,29597150,1785477765020457084,1785477765020552943,1785477765019427024,1.0,iter55:pp5:dp_ag0:round0:dp_param_allgather:pg=11,iter55:pp5:dp_ag0:round0:dp_param_allgather:pg=11:rel-43b93a603b20,mock_oisa_scale_1.2,10512290,1125919,9386371,10512290,9386371,1785477765029939314,-1,0,trace_group_end_lag_clamped,1785477765029939314
7821976,90,1785477765025893179,5,1785477765025243347,9090,1785477765034182152,1785477765034191242,dp_ag0,0,16,55,dp_param_allgather:pg=11,1785477765026369266,476087,dp_param_allgather,16,98621440,world_rs_done,29216922,1785477765020076856,1785477765020552943,1785477765019427024,1.0,iter55:pp5:dp_ag0:round0:dp_param_allgather:pg=11,iter55:pp5:dp_ag0:round0:dp_param_allgather:pg=11:rel-43b93a603b20,mock_oisa_scale_1.2,10512290,1125919,9386371,10512290,9386371,1785477765029939314,-1,9090,trace_group_end_lag_clamped,1785477765029930224
7821976,91,1785477765025828333,5,1785477765025243347,25570,1785477765034165672,1785477765034191242,dp_ag0,0,16,55,dp_param_allgather:pg=11,1785477765026369266,540933,dp_param_allgather,16,98621440,world_rs_done,29152076,1785477765020012010,1785477765020552943,1785477765019427024,1.0,iter55:pp5:dp_ag0:round0:dp_param_allgather:pg=11,iter55:pp5:dp_ag0:round0:dp_param_allgather:pg=11:rel-43b93a603b20,mock_oisa_scale_1.2,10512290,1125919,9386371,10512290,9386371,1785477765029939314,-1,25570,trace_group_end_lag_clamped,1785477765029913744
7821976,92,1785477765026258707,5,1785477765025243347,3879,1785477765034187363,1785477765034191242,dp_ag0,0,16,55,dp_param_allgather:pg=11,1785477765026369266,110559,dp_param_allgather,16,98621440,world_rs_done,29582450,1785477765020442384,1785477765020552943,1785477765019427024,1.0,iter55:pp5:dp_ag0:round0:dp_param_allgather:pg=11,iter55:pp5:dp_ag0:round0:dp_param_allgather:pg=11:rel-43b93a603b20,mock_oisa_scale_1.2,10512290,1125919,9386371,10512290,9386371,1785477765029939314,-1,3879,trace_group_end_lag_clamped,1785477765029935435
7821976,93,1785477765025497867,5,1785477765025243347,27286,1785477765034163956,1785477765034191242,dp_ag0,0,16,55,dp_param_allgather:pg=11,1785477765026369266,871399,dp_param_allgather,16,98621440,world_rs_done,28821610,1785477765019681544,1785477765020552943,1785477765019427024,1.0,iter55:pp5:dp_ag0:round0:dp_param_allgather:pg=11,iter55:pp5:dp_ag0:round0:dp_param_allgather:pg=11:rel-43b93a603b20,mock_oisa_scale_1.2,10512290,1125919,9386371,10512290,9386371,1785477765029939314,-1,27286,trace_group_end_lag_clamped,1785477765029912028
7821976,94,1785477765026179792,5,1785477765025243347,6425,1785477765034184817,1785477765034191242,dp_ag0,0,16,55,dp_param_allgather:pg=11,1785477765026369266,189474,dp_param_allgather,16,98621440,world_rs_done,29503535,1785477765020363469,1785477765020552943,1785477765019427024,1.0,iter55:pp5:dp_ag0:round0:dp_param_allgather:pg=11,iter55:pp5:dp_ag0:round0:dp_param_allgather:pg=11:rel-43b93a603b20,mock_oisa_scale_1.2,10512290,1125919,9386371,10512290,9386371,1785477765029939314,-1,6425,trace_group_end_lag_clamped,1785477765029932889
7821976,95,1785477765026369266,5,1785477765025243347,363,1785477765034190879,1785477765034191242,dp_ag0,0,16,55,dp_param_allgather:pg=11,1785477765026369266,0,dp_param_allgather,16,98621440,world_rs_done,29693009,1785477765020552943,1785477765020552943,1785477765019427024,1.0,iter55:pp5:dp_ag0:round0:dp_param_allgather:pg=11,iter55:pp5:dp_ag0:round0:dp_param_allgather:pg=11:rel-43b93a603b20,mock_oisa_scale_1.2,10512290,1125919,9386371,10512290,9386371,1785477765029939314,-1,363,trace_group_end_lag_clamped,1785477765029938951
7501902,80,1785477765175172805,5,1785477765173296235,73433,1785477765187790631,1785477765187864064,dp_ag1,1,16,55,dp_param_allgather:pg=11,1785477765180362162,5189357,dp_param_allgather,16,98621440,same_rank_edp_ag0,87181635,1785477765181682109,1785477765187769837,1785477765179435431,1.0,iter55:pp5:dp_ag1:round1:dp_param_allgather:pg=11,iter55:pp5:dp_ag1:round1:dp_param_allgather:pg=11:rel-86278b1208e7,mock_oisa_scale_1.2,17336688,8334406,9002282,17336688,9002282,1785477765196772119,-1,73433,trace_group_end_lag_clamped,1785477765196698686
7501902,81,1785477765176847848,5,1785477765173296235,107407,1785477765187756657,1785477765187864064,dp_ag1,1,16,55,dp_param_allgather:pg=11,1785477765180362162,3514314,dp_param_allgather,16,98621440,same_rank_edp_ag0,87493269,1785477765183628024,1785477765187769837,1785477765179435431,1.0,iter55:pp5:dp_ag1:round1:dp_param_allgather:pg=11,iter55:pp5:dp_ag1:round1:dp_param_allgather:pg=11:rel-86278b1208e7,mock_oisa_scale_1.2,17336688,8334406,9002282,17336688,9002282,1785477765196772119,-1,107407,trace_group_end_lag_clamped,1785477765196664712
7501902,82,1785477765176023875,5,1785477765173296235,155631,1785477765187708433,1785477765187864064,dp_ag1,1,16,55,dp_param_allgather:pg=11,1785477765180362162,4338287,dp_param_allgather,16,98621440,same_rank_edp_ag0,88172085,1785477765182511267,1785477765187769837,1785477765179435431,1.0,iter55:pp5:dp_ag1:round1:dp_param_allgather:pg=11,iter55:pp5:dp_ag1:round1:dp_param_allgather:pg=11:rel-86278b1208e7,mock_oisa_scale_1.2,17336688,8334406,9002282,17336688,9002282,1785477765196772119,-1,155631,trace_group_end_lag_clamped,1785477765196616488
7501902,83,1785477765176219976,5,1785477765173296235,89535,1785477765187774529,1785477765187864064,dp_ag1,1,16,55,dp_param_allgather:pg=11,1785477765180362162,4142186,dp_param_allgather,16,98621440,same_rank_edp_ag0,87763648,1785477765182836376,1785477765187769837,1785477765179435431,1.0,iter55:pp5:dp_ag1:round1:dp_param_allgather:pg=11,iter55:pp5:dp_ag1:round1:dp_param_allgather:pg=11:rel-86278b1208e7,mock_oisa_scale_1.2,17336688,8334406,9002282,17336688,9002282,1785477765196772119,-1,89535,trace_group_end_lag_clamped,1785477765196682584
7501902,84,1785477765173753213,5,1785477765173296235,132504,1785477765187731560,1785477765187864064,dp_ag1,1,16,55,dp_param_allgather:pg=11,1785477765180362162,6608949,dp_param_allgather,16,98621440,same_rank_edp_ag0,87624244,1785477765179892409,1785477765187769837,1785477765179435431,1.0,iter55:pp5:dp_ag1:round1:dp_param_allgather:pg=11,iter55:pp5:dp_ag1:round1:dp_param_allgather:pg=11:rel-86278b1208e7,mock_oisa_scale_1.2,17336688,8334406,9002282,17336688,9002282,1785477765196772119,-1,132504,trace_group_end_lag_clamped,1785477765196639615
7501902,85,1785477765175674355,5,1785477765173296235,69836,1785477765187794228,1785477765187864064,dp_ag1,1,16,55,dp_param_allgather:pg=11,1785477765180362162,4687807,dp_param_allgather,16,98621440,same_rank_edp_ag0,87235685,1785477765182299254,1785477765187769837,1785477765179435431,1.0,iter55:pp5:dp_ag1:round1:dp_param_allgather:pg=11,iter55:pp5:dp_ag1:round1:dp_param_allgather:pg=11:rel-86278b1208e7,mock_oisa_scale_1.2,17336688,8334406,9002282,17336688,9002282,1785477765196772119,-1,69836,trace_group_end_lag_clamped,1785477765196702283
7501902,86,1785477765174623327,5,1785477765173296235,163511,1785477765187700553,1785477765187864064,dp_ag1,1,16,55,dp_param_allgather:pg=11,1785477765180362162,5738835,dp_param_allgather,16,98621440,same_rank_edp_ag0,87295738,1785477765181011793,1785477765187769837,1785477765179435431,1.0,iter55:pp5:dp_ag1:round1:dp_param_allgather:pg=11,iter55:pp5:dp_ag1:round1:dp_param_allgather:pg=11:rel-86278b1208e7,mock_oisa_scale_1.2,17336688,8334406,9002282,17336688,9002282,1785477765196772119,-1,163511,trace_group_end_lag_clamped,1785477765196608608
7501902,87,1785477765178510147,5,1785477765173296235,172965,1785477765187691099,1785477765187864064,dp_ag1,1,16,55,dp_param_allgather:pg=11,1785477765180362162,1852015,dp_param_allgather,16,98621440,same_rank_edp_ag0,86087484,1785477765185917822,1785477765187769837,1785477765179435431,1.0,iter55:pp5:dp_ag1:round1:dp_param_allgather:pg=11,iter55:pp5:dp_ag1:round1:dp_param_allgather:pg=11:rel-86278b1208e7,mock_oisa_scale_1.2,17336688,8334406,9002282,17336688,9002282,1785477765196772119,-1,172965,trace_group_end_lag_clamped,1785477765196599154
7501902,88,1785477765175816081,5,1785477765173296235,52214,1785477765187811850,1785477765187864064,dp_ag1,1,16,55,dp_param_allgather:pg=11,1785477765180362162,4546081,dp_param_allgather,16,98621440,same_rank_edp_ag0,87818344,1785477765182325385,1785477765187769837,1785477765179435431,1.0,iter55:pp5:dp_ag1:round1:dp_param_allgather:pg=11,iter55:pp5:dp_ag1:round1:dp_param_allgather:pg=11:rel-86278b1208e7,mock_oisa_scale_1.2,17336688,8334406,9002282,17336688,9002282,1785477765196772119,-1,52214,trace_group_end_lag_clamped,1785477765196719905
7501902,89,1785477765177367422,5,1785477765173296235,32717,1785477765187831347,1785477765187864064,dp_ag1,1,16,55,dp_param_allgather:pg=11,1785477765180362162,2994740,dp_param_allgather,16,98621440,same_rank_edp_ag0,88005102,1785477765184147598,1785477765187769837,1785477765179435431,1.0,iter55:pp5:dp_ag1:round1:dp_param_allgather:pg=11,iter55:pp5:dp_ag1:round1:dp_param_allgather:pg=11:rel-86278b1208e7,mock_oisa_scale_1.2,17336688,8334406,9002282,17336688,9002282,1785477765196772119,-1,32717,trace_group_end_lag_clamped,1785477765196739402
7501902,90,1785477765175771365,5,1785477765173296235,10601,1785477765187853463,1785477765187864064,dp_ag1,1,16,55,dp_param_allgather:pg=11,1785477765180362162,4590797,dp_param_allgather,16,98621440,same_rank_edp_ag0,87881733,1785477765182258757,1785477765187769837,1785477765179435431,1.0,iter55:pp5:dp_ag1:round1:dp_param_allgather:pg=11,iter55:pp5:dp_ag1:round1:dp_param_allgather:pg=11:rel-86278b1208e7,mock_oisa_scale_1.2,17336688,8334406,9002282,17336688,9002282,1785477765196772119,-1,10601,trace_group_end_lag_clamped,1785477765196761518
7501902,91,1785477765176329550,5,1785477765173296235,47609,1785477765187816455,1785477765187864064,dp_ag1,1,16,55,dp_param_allgather:pg=11,1785477765180362162,4032612,dp_param_allgather,16,98621440,same_rank_edp_ag0,87811557,1785477765182945950,1785477765187769837,1785477765179435431,1.0,iter55:pp5:dp_ag1:round1:dp_param_allgather:pg=11,iter55:pp5:dp_ag1:round1:dp_param_allgather:pg=11:rel-86278b1208e7,mock_oisa_scale_1.2,17336688,8334406,9002282,17336688,9002282,1785477765196772119,-1,47609,trace_group_end_lag_clamped,1785477765196724510
7501902,92,1785477765173296235,5,1785477765173296235,30281,1785477765187833783,1785477765187864064,dp_ag1,1,16,55,dp_param_allgather:pg=11,1785477765180362162,7065927,dp_param_allgather,16,98621440,same_rank_edp_ag0,87141171,1785477765179435431,1785477765187769837,1785477765179435431,1.0,iter55:pp5:dp_ag1:round1:dp_param_allgather:pg=11,iter55:pp5:dp_ag1:round1:dp_param_allgather:pg=11:rel-86278b1208e7,mock_oisa_scale_1.2,17336688,8334406,9002282,17336688,9002282,1785477765196772119,-1,30281,trace_group_end_lag_clamped,1785477765196741838
7501902,93,1785477765176572460,5,1785477765173296235,88673,1785477765187775391,1785477765187864064,dp_ag1,1,16,55,dp_param_allgather:pg=11,1785477765180362162,3789702,dp_param_allgather,16,98621440,same_rank_edp_ag0,88009209,1785477765183197359,1785477765187769837,1785477765179435431,1.0,iter55:pp5:dp_ag1:round1:dp_param_allgather:pg=11,iter55:pp5:dp_ag1:round1:dp_param_allgather:pg=11:rel-86278b1208e7,mock_oisa_scale_1.2,17336688,8334406,9002282,17336688,9002282,1785477765196772119,-1,88673,trace_group_end_lag_clamped,1785477765196683446
7501902,94,1785477765175716466,5,1785477765173296235,0,1785477765187864064,1785477765187864064,dp_ag1,1,16,55,dp_param_allgather:pg=11,1785477765180362162,4645696,dp_param_allgather,16,98621440,same_rank_edp_ag0,88283200,1785477765182104932,1785477765187769837,1785477765179435431,1.0,iter55:pp5:dp_ag1:round1:dp_param_allgather:pg=11,iter55:pp5:dp_ag1:round1:dp_param_allgather:pg=11:rel-86278b1208e7,mock_oisa_scale_1.2,17336688,8334406,9002282,17336688,9002282,1785477765196772119,-1,0,trace_group_end_lag_clamped,1785477765196772119
7501902,95,1785477765180362162,5,1785477765173296235,5450,1785477765187858614,1785477765187864064,dp_ag1,1,16,55,dp_param_allgather:pg=11,1785477765180362162,0,dp_param_allgather,16,98621440,same_rank_edp_ag0,87860426,1785477765187769837,1785477765187769837,1785477765179435431,1.0,iter55:pp5:dp_ag1:round1:dp_param_allgather:pg=11,iter55:pp5:dp_ag1:round1:dp_param_allgather:pg=11:rel-86278b1208e7,mock_oisa_scale_1.2,17336688,8334406,9002282,17336688,9002282,1785477765196772119,-1,5450,trace_group_end_lag_clamped,1785477765196766669
15795660,80,1785477761099146055,5,1785477761095609523,61480,1785477761292837528,1785477761292899008,dp_rs,0,16,55,dp_grad_reduce_scatter:pg=11,1785477761277103348,177957293,dp_grad_reduce_scatter,16,3155886080,pp_frontier,0,1785477761071647650,1785477761255968469,1785477761064714633,1.0,iter55:pp5:dp_rs:round0:dp_grad_reduce_scatter:pg=11,iter55:pp5:dp_rs:round0:dp_grad_reduce_scatter:pg=11:rel-2b010a746237,mock_oisa_scale_1.2,210208628,191253836,18954792,210208628,18954792,1785477761274923261,-1,61480,trace_group_end_lag_clamped,1785477761274861781
15795660,81,1785477761096977652,5,1785477761095609523,90741,1785477761292808267,1785477761292899008,dp_rs,0,16,55,dp_grad_reduce_scatter:pg=11,1785477761277103348,180125696,dp_grad_reduce_scatter,16,3155886080,pp_frontier,0,1785477761064714633,1785477761255968469,1785477761064714633,1.0,iter55:pp5:dp_rs:round0:dp_grad_reduce_scatter:pg=11,iter55:pp5:dp_rs:round0:dp_grad_reduce_scatter:pg=11:rel-2b010a746237,mock_oisa_scale_1.2,210208628,191253836,18954792,210208628,18954792,1785477761274923261,-1,90741,trace_group_end_lag_clamped,1785477761274832520
15795660,82,1785477761096308060,5,1785477761095609523,174464,1785477761292724544,1785477761292899008,dp_rs,0,16,55,dp_grad_reduce_scatter:pg=11,1785477761277103348,180795288,dp_grad_reduce_scatter,16,3155886080,pp_frontier,0,1785477761072476394,1785477761255968469,1785477761064714633,1.0,iter55:pp5:dp_rs:round0:dp_grad_reduce_scatter:pg=11,iter55:pp5:dp_rs:round0:dp_grad_reduce_scatter:pg=11:rel-2b010a746237,mock_oisa_scale_1.2,210208628,191253836,18954792,210208628,18954792,1785477761274923261,-1,174464,trace_group_end_lag_clamped,1785477761274748797
15795660,83,1785477761096860220,5,1785477761095609523,54584,1785477761292844424,1785477761292899008,dp_rs,0,16,55,dp_grad_reduce_scatter:pg=11,1785477761277103348,180243128,dp_grad_reduce_scatter,16,3155886080,pp_frontier,0,1785477761069462378,1785477761255968469,1785477761064714633,1.0,iter55:pp5:dp_rs:round0:dp_grad_reduce_scatter:pg=11,iter55:pp5:dp_rs:round0:dp_grad_reduce_scatter:pg=11:rel-2b010a746237,mock_oisa_scale_1.2,210208628,191253836,18954792,210208628,18954792,1785477761274923261,-1,54584,trace_group_end_lag_clamped,1785477761274868677
15795660,84,1785477761095825794,5,1785477761095609523,58886,1785477761292840122,1785477761292899008,dp_rs,0,16,55,dp_grad_reduce_scatter:pg=11,1785477761277103348,181277554,dp_grad_reduce_scatter,16,3155886080,pp_frontier,0,1785477761073738697,1785477761255968469,1785477761064714633,1.0,iter55:pp5:dp_rs:round0:dp_grad_reduce_scatter:pg=11,iter55:pp5:dp_rs:round0:dp_grad_reduce_scatter:pg=11:rel-2b010a746237,mock_oisa_scale_1.2,210208628,191253836,18954792,210208628,18954792,1785477761274923261,-1,58886,trace_group_end_lag_clamped,1785477761274864375
15795660,85,1785477761095609523,5,1785477761095609523,21135,1785477761292877873,1785477761292899008,dp_rs,0,16,55,dp_grad_reduce_scatter:pg=11,1785477761277103348,181493825,dp_grad_reduce_scatter,16,3155886080,pp_frontier,0,1785477761074925932,1785477761255968469,1785477761064714633,1.0,iter55:pp5:dp_rs:round0:dp_grad_reduce_scatter:pg=11,iter55:pp5:dp_rs:round0:dp_grad_reduce_scatter:pg=11:rel-2b010a746237,mock_oisa_scale_1.2,210208628,191253836,18954792,210208628,18954792,1785477761274923261,-1,21135,trace_group_end_lag_clamped,1785477761274902126
15795660,86,1785477761096248624,5,1785477761095609523,175145,1785477761292723863,1785477761292899008,dp_rs,0,16,55,dp_grad_reduce_scatter:pg=11,1785477761277103348,180854724,dp_grad_reduce_scatter,16,3155886080,pp_frontier,0,1785477761070551438,1785477761255968469,1785477761064714633,1.0,iter55:pp5:dp_rs:round0:dp_grad_reduce_scatter:pg=11,iter55:pp5:dp_rs:round0:dp_grad_reduce_scatter:pg=11:rel-2b010a746237,mock_oisa_scale_1.2,210208628,191253836,18954792,210208628,18954792,1785477761274923261,-1,175145,trace_group_end_lag_clamped,1785477761274748116
15795660,87,1785477761096867170,5,1785477761095609523,79345,1785477761292819663,1785477761292899008,dp_rs,0,16,55,dp_grad_reduce_scatter:pg=11,1785477761277103348,180236178,dp_grad_reduce_scatter,16,3155886080,pp_frontier,0,1785477761067130466,1785477761255968469,1785477761064714633,1.0,iter55:pp5:dp_rs:round0:dp_grad_reduce_scatter:pg=11,iter55:pp5:dp_rs:round0:dp_grad_reduce_scatter:pg=11:rel-2b010a746237,mock_oisa_scale_1.2,210208628,191253836,18954792,210208628,18954792,1785477761274923261,-1,79345,trace_group_end_lag_clamped,1785477761274843916
15795660,88,1785477761276804757,5,1785477761095609523,55677,1785477761292843331,1785477761292899008,dp_rs,0,16,55,dp_grad_reduce_scatter:pg=11,1785477761277103348,298591,dp_grad_reduce_scatter,16,3155886080,pp_frontier,0,1785477761231608559,1785477761255968469,1785477761064714633,1.0,iter55:pp5:dp_rs:round0:dp_grad_reduce_scatter:pg=11,iter55:pp5:dp_rs:round0:dp_grad_reduce_scatter:pg=11:rel-2b010a746237,mock_oisa_scale_1.2,210208628,191253836,18954792,210208628,18954792,1785477761274923261,-1,55677,trace_group_end_lag_clamped,1785477761274867584
15795660,89,1785477761276993300,5,1785477761095609523,0,1785477761292899008,1785477761292899008,dp_rs,0,16,55,dp_grad_reduce_scatter:pg=11,1785477761277103348,110048,dp_grad_reduce_scatter,16,3155886080,pp_frontier,0,1785477761250060396,1785477761255968469,1785477761064714633,1.0,iter55:pp5:dp_rs:round0:dp_grad_reduce_scatter:pg=11,iter55:pp5:dp_rs:round0:dp_grad_reduce_scatter:pg=11:rel-2b010a746237,mock_oisa_scale_1.2,210208628,191253836,18954792,210208628,18954792,1785477761274923261,-1,0,trace_group_end_lag_clamped,1785477761274923261
15795660,90,1785477761276703618,5,1785477761095609523,27406,1785477761292871602,1785477761292899008,dp_rs,0,16,55,dp_grad_reduce_scatter:pg=11,1785477761277103348,399730,dp_grad_reduce_scatter,16,3155886080,pp_frontier,0,1785477761254729118,1785477761255968469,1785477761064714633,1.0,iter55:pp5:dp_rs:round0:dp_grad_reduce_scatter:pg=11,iter55:pp5:dp_rs:round0:dp_grad_reduce_scatter:pg=11:rel-2b010a746237,mock_oisa_scale_1.2,210208628,191253836,18954792,210208628,18954792,1785477761274923261,-1,27406,trace_group_end_lag_clamped,1785477761274895855
15795660,91,1785477761276121527,5,1785477761095609523,55723,1785477761292843285,1785477761292899008,dp_rs,0,16,55,dp_grad_reduce_scatter:pg=11,1785477761277103348,981821,dp_grad_reduce_scatter,16,3155886080,pp_frontier,0,1785477761255968469,1785477761255968469,1785477761064714633,1.0,iter55:pp5:dp_rs:round0:dp_grad_reduce_scatter:pg=11,iter55:pp5:dp_rs:round0:dp_grad_reduce_scatter:pg=11:rel-2b010a746237,mock_oisa_scale_1.2,210208628,191253836,18954792,210208628,18954792,1785477761274923261,-1,55723,trace_group_end_lag_clamped,1785477761274867538
15795660,92,1785477761277103348,5,1785477761095609523,14630,1785477761292884378,1785477761292899008,dp_rs,0,16,55,dp_grad_reduce_scatter:pg=11,1785477761277103348,0,dp_grad_reduce_scatter,16,3155886080,pp_frontier,0,1785477761255261624,1785477761255968469,1785477761064714633,1.0,iter55:pp5:dp_rs:round0:dp_grad_reduce_scatter:pg=11,iter55:pp5:dp_rs:round0:dp_grad_reduce_scatter:pg=11:rel-2b010a746237,mock_oisa_scale_1.2,210208628,191253836,18954792,210208628,18954792,1785477761274923261,-1,14630,trace_group_end_lag_clamped,1785477761274908631
15795660,93,1785477761276728842,5,1785477761095609523,51309,1785477761292847699,1785477761292899008,dp_rs,0,16,55,dp_grad_reduce_scatter:pg=11,1785477761277103348,374506,dp_grad_reduce_scatter,16,3155886080,pp_frontier,0,1785477761255644207,1785477761255968469,1785477761064714633,1.0,iter55:pp5:dp_rs:round0:dp_grad_reduce_scatter:pg=11,iter55:pp5:dp_rs:round0:dp_grad_reduce_scatter:pg=11:rel-2b010a746237,mock_oisa_scale_1.2,210208628,191253836,18954792,210208628,18954792,1785477761274923261,-1,51309,trace_group_end_lag_clamped,1785477761274871952
15795660,94,1785477761276907181,5,1785477761095609523,21498,1785477761292877510,1785477761292899008,dp_rs,0,16,55,dp_grad_reduce_scatter:pg=11,1785477761277103348,196167,dp_grad_reduce_scatter,16,3155886080,pp_frontier,0,1785477761245070039,1785477761255968469,1785477761064714633,1.0,iter55:pp5:dp_rs:round0:dp_grad_reduce_scatter:pg=11,iter55:pp5:dp_rs:round0:dp_grad_reduce_scatter:pg=11:rel-2b010a746237,mock_oisa_scale_1.2,210208628,191253836,18954792,210208628,18954792,1785477761274923261,-1,21498,trace_group_end_lag_clamped,1785477761274901763
15795660,95,1785477761276533306,5,1785477761095609523,25997,1785477761292873011,1785477761292899008,dp_rs,0,16,55,dp_grad_reduce_scatter:pg=11,1785477761277103348,570042,dp_grad_reduce_scatter,16,3155886080,pp_frontier,0,1785477761245922873,1785477761255968469,1785477761064714633,1.0,iter55:pp5:dp_rs:round0:dp_grad_reduce_scatter:pg=11,iter55:pp5:dp_rs:round0:dp_grad_reduce_scatter:pg=11:rel-2b010a746237,mock_oisa_scale_1.2,210208628,191253836,18954792,210208628,18954792,1785477761274923261,-1,25997,trace_group_end_lag_clamped,1785477761274897264
53806159,80,1785477765034146191,5,1785477765034146191,6567,1785477765087991170,1785477765087997737,edp_ag0,0,2,55,expert_dp_param_allgather:pg=1123,1785477765034191578,45387,expert_dp_param_allgather,2,1887436800,same_rank_dp_ag0,10920,1785477765029894263,1785477765029939650,1785477765029894263,1.0,iter55:pp5:edp_ag0:round0:expert_dp_param_allgather:pg=1123,iter55:pp5:edp_ag0:round0:expert_dp_param_allgather:pg=1123:rel-8b86f5ebcada,mock_oisa_scale_1.2,64612778,45387,64567391,64612778,64567391,1785477765094507041,-1,6567,trace_group_end_lag_clamped,1785477765094500474
53806159,88,1785477765034191578,5,1785477765034146191,0,1785477765087997737,1785477765087997737,edp_ag0,0,2,55,expert_dp_param_allgather:pg=1123,1785477765034191578,0,expert_dp_param_allgather,2,1887436800,same_rank_dp_ag0,26280,1785477765029939650,1785477765029939650,1785477765029894263,1.0,iter55:pp5:edp_ag0:round0:expert_dp_param_allgather:pg=1123,iter55:pp5:edp_ag0:round0:expert_dp_param_allgather:pg=1123:rel-8b86f5ebcada,mock_oisa_scale_1.2,64612778,45387,64567391,64612778,64567391,1785477765094507041,-1,0,trace_group_end_lag_clamped,1785477765094507041
55160518,81,1785477765034134858,5,1785477765034134858,7741,1785477765089354579,1785477765089362320,edp_ag0,0,2,55,expert_dp_param_allgather:pg=1125,1785477765034201802,66944,expert_dp_param_allgather,2,1887436800,same_rank_dp_ag0,11080,1785477765029882930,1785477765029949874,1785477765029882930,1.0,iter55:pp5:edp_ag0:round0:expert_dp_param_allgather:pg=1125,iter55:pp5:edp_ag0:round0:expert_dp_param_allgather:pg=1125:rel-bfd55544447f,mock_oisa_scale_1.2,66259566,66944,66192622,66259566,66192622,1785477765096142496,-1,7741,trace_group_end_lag_clamped,1785477765096134755
55160518,89,1785477765034201802,5,1785477765034134858,0,1785477765089362320,1785477765089362320,edp_ag0,0,2,55,expert_dp_param_allgather:pg=1125,1785477765034201802,0,expert_dp_param_allgather,2,1887436800,same_rank_dp_ag0,10560,1785477765029949874,1785477765029949874,1785477765029882930,1.0,iter55:pp5:edp_ag0:round0:expert_dp_param_allgather:pg=1125,iter55:pp5:edp_ag0:round0:expert_dp_param_allgather:pg=1125:rel-bfd55544447f,mock_oisa_scale_1.2,66259566,66944,66192622,66259566,66192622,1785477765096142496,-1,0,trace_group_end_lag_clamped,1785477765096142496
53696600,82,1785477765034093364,5,1785477765034093364,37842,1785477765087851790,1785477765087889632,edp_ag0,0,2,55,expert_dp_param_allgather:pg=1127,1785477765034193032,99668,expert_dp_param_allgather,2,1887436800,same_rank_dp_ag0,10760,1785477765029841436,1785477765029941104,1785477765029841436,1.0,iter55:pp5:edp_ag0:round0:expert_dp_param_allgather:pg=1127,iter55:pp5:edp_ag0:round0:expert_dp_param_allgather:pg=1127:rel-802f21c9f1aa,mock_oisa_scale_1.2,64535588,99668,64435920,64535588,64435920,1785477765094377024,-1,37842,trace_group_end_lag_clamped,1785477765094339182
53696600,90,1785477765034193032,5,1785477765034093364,0,1785477765087889632,1785477765087889632,edp_ag0,0,2,55,expert_dp_param_allgather:pg=1127,1785477765034193032,0,expert_dp_param_allgather,2,1887436800,same_rank_dp_ag0,10880,1785477765029941104,1785477765029941104,1785477765029841436,1.0,iter55:pp5:edp_ag0:round0:expert_dp_param_allgather:pg=1127,iter55:pp5:edp_ag0:round0:expert_dp_param_allgather:pg=1127:rel-802f21c9f1aa,mock_oisa_scale_1.2,64535588,99668,64435920,64535588,64435920,1785477765094377024,-1,0,trace_group_end_lag_clamped,1785477765094377024
54341641,83,1785477765034144466,5,1785477765034144466,61665,1785477765088456328,1785477765088517993,edp_ag0,0,2,55,expert_dp_param_allgather:pg=1129,1785477765034176352,31886,expert_dp_param_allgather,2,1887436800,same_rank_dp_ag0,12400,1785477765029892538,1785477765029924424,1785477765029892538,1.0,iter55:pp5:edp_ag0:round0:expert_dp_param_allgather:pg=1129,iter55:pp5:edp_ag0:round0:expert_dp_param_allgather:pg=1129:rel-aac63d5a2902,mock_oisa_scale_1.2,65241855,31886,65209969,65241855,65209969,1785477765095134393,-1,61665,trace_group_end_lag_clamped,1785477765095072728
54341641,91,1785477765034176352,5,1785477765034144466,0,1785477765088517993,1785477765088517993,edp_ag0,0,2,55,expert_dp_param_allgather:pg=1129,1785477765034176352,0,expert_dp_param_allgather,2,1887436800,same_rank_dp_ag0,10680,1785477765029924424,1785477765029924424,1785477765029892538,1.0,iter55:pp5:edp_ag0:round0:expert_dp_param_allgather:pg=1129,iter55:pp5:edp_ag0:round0:expert_dp_param_allgather:pg=1129:rel-aac63d5a2902,mock_oisa_scale_1.2,65241855,31886,65209969,65241855,65209969,1785477765095134393,-1,0,trace_group_end_lag_clamped,1785477765095134393
51955621,84,1785477765034129391,5,1785477765034129391,26095,1785477765086128969,1785477765086155064,edp_ag0,0,2,55,expert_dp_param_allgather:pg=1131,1785477765034199443,70052,expert_dp_param_allgather,2,1887436800,same_rank_dp_ag0,11960,1785477765029877463,1785477765029947515,1785477765029877463,1.0,iter55:pp5:edp_ag0:round0:expert_dp_param_allgather:pg=1131,iter55:pp5:edp_ag0:round0:expert_dp_param_allgather:pg=1131:rel-94f0f19eb056,mock_oisa_scale_1.2,62416797,70052,62346745,62416797,62346745,1785477765092294260,-1,26095,trace_group_end_lag_clamped,1785477765092268165
51955621,92,1785477765034199443,5,1785477765034129391,0,1785477765086155064,1785477765086155064,edp_ag0,0,2,55,expert_dp_param_allgather:pg=1131,1785477765034199443,0,expert_dp_param_allgather,2,1887436800,same_rank_dp_ag0,12080,1785477765029947515,1785477765029947515,1785477765029877463,1.0,iter55:pp5:edp_ag0:round0:expert_dp_param_allgather:pg=1131,iter55:pp5:edp_ag0:round0:expert_dp_param_allgather:pg=1131:rel-94f0f19eb056,mock_oisa_scale_1.2,62416797,70052,62346745,62416797,62346745,1785477765092294260,-1,0,trace_group_end_lag_clamped,1785477765092294260
54384135,85,1785477765034131183,5,1785477765034131183,124581,1785477765088438670,1785477765088563251,edp_ag0,0,2,55,expert_dp_param_allgather:pg=1133,1785477765034179116,47933,expert_dp_param_allgather,2,1887436800,same_rank_dp_ag0,13080,1785477765029879255,1785477765029927188,1785477765029879255,1.0,iter55:pp5:edp_ag0:round0:expert_dp_param_allgather:pg=1133,iter55:pp5:edp_ag0:round0:expert_dp_param_allgather:pg=1133:rel-0eb487246599,mock_oisa_scale_1.2,65308895,47933,65260962,65308895,65260962,1785477765095188150,-1,124581,trace_group_end_lag_clamped,1785477765095063569
54384135,93,1785477765034179116,5,1785477765034131183,0,1785477765088563251,1785477765088563251,edp_ag0,0,2,55,expert_dp_param_allgather:pg=1133,1785477765034179116,0,expert_dp_param_allgather,2,1887436800,same_rank_dp_ag0,15160,1785477765029927188,1785477765029927188,1785477765029879255,1.0,iter55:pp5:edp_ag0:round0:expert_dp_param_allgather:pg=1133,iter55:pp5:edp_ag0:round0:expert_dp_param_allgather:pg=1133:rel-0eb487246599,mock_oisa_scale_1.2,65308895,47933,65260962,65308895,65260962,1785477765095188150,-1,0,trace_group_end_lag_clamped,1785477765095188150
53201969,86,1785477765034091292,5,1785477765034091292,105677,1785477765087327589,1785477765087433266,edp_ag0,0,2,55,expert_dp_param_allgather:pg=1135,1785477765034231297,140005,expert_dp_param_allgather,2,1887436800,same_rank_dp_ag0,10720,1785477765029839364,1785477765029979369,1785477765029839364,1.0,iter55:pp5:edp_ag0:round0:expert_dp_param_allgather:pg=1135,iter55:pp5:edp_ag0:round0:expert_dp_param_allgather:pg=1135:rel-a56a8b9f2703,mock_oisa_scale_1.2,63982368,140005,63842363,63982368,63842363,1785477765093821732,-1,105677,trace_group_end_lag_clamped,1785477765093716055
53201969,94,1785477765034231297,5,1785477765034091292,0,1785477765087433266,1785477765087433266,edp_ag0,0,2,55,expert_dp_param_allgather:pg=1135,1785477765034231297,0,expert_dp_param_allgather,2,1887436800,same_rank_dp_ag0,46480,1785477765029979369,1785477765029979369,1785477765029839364,1.0,iter55:pp5:edp_ag0:round0:expert_dp_param_allgather:pg=1135,iter55:pp5:edp_ag0:round0:expert_dp_param_allgather:pg=1135:rel-a56a8b9f2703,mock_oisa_scale_1.2,63982368,140005,63842363,63982368,63842363,1785477765093821732,-1,0,trace_group_end_lag_clamped,1785477765093821732
58298017,87,1785477765034094144,5,1785477765034094144,79073,1785477765092422663,1785477765092501736,edp_ag0,0,2,55,expert_dp_param_allgather:pg=1137,1785477765034203719,109575,expert_dp_param_allgather,2,1887436800,same_rank_dp_ag0,10961,1785477765029842216,1785477765029951791,1785477765029842216,1.0,iter55:pp5:edp_ag0:round0:expert_dp_param_allgather:pg=1137,iter55:pp5:edp_ag0:round0:expert_dp_param_allgather:pg=1137:rel-303491caef9f,mock_oisa_scale_1.2,70067195,109575,69957620,70067195,69957620,1785477765099909411,-1,79073,trace_group_end_lag_clamped,1785477765099830338
58298017,95,1785477765034203719,5,1785477765034094144,0,1785477765092501736,1785477765092501736,edp_ag0,0,2,55,expert_dp_param_allgather:pg=1137,1785477765034203719,0,expert_dp_param_allgather,2,1887436800,same_rank_dp_ag0,12840,1785477765029951791,1785477765029951791,1785477765029842216,1.0,iter55:pp5:edp_ag0:round0:expert_dp_param_allgather:pg=1137,iter55:pp5:edp_ag0:round0:expert_dp_param_allgather:pg=1137:rel-303491caef9f,mock_oisa_scale_1.2,70067195,109575,69957620,70067195,69957620,1785477765099909411,-1,0,trace_group_end_lag_clamped,1785477765099909411
53815399,80,1785477765187801791,5,1785477765187801791,66687,1785477765241571882,1785477765241638569,edp_ag1,1,2,55,expert_dp_param_allgather:pg=1123,1785477765187823170,21379,expert_dp_param_allgather,2,1887436800,same_rank_dp_ag1,11160,1785477765196709846,1785477765196731225,1785477765196709846,1.0,iter55:pp5:edp_ag1:round1:expert_dp_param_allgather:pg=1123,iter55:pp5:edp_ag1:round1:expert_dp_param_allgather:pg=1123:rel-836d17389953,mock_oisa_scale_1.2,64599858,21379,64578479,64599858,64578479,1785477765261309704,-1,66687,trace_group_end_lag_clamped,1785477765261243017
53815399,88,1785477765187823170,5,1785477765187801791,0,1785477765241638569,1785477765241638569,edp_ag1,1,2,55,expert_dp_param_allgather:pg=1123,1785477765187823170,0,expert_dp_param_allgather,2,1887436800,same_rank_dp_ag1,11320,1785477765196731225,1785477765196731225,1785477765196709846,1.0,iter55:pp5:edp_ag1:round1:expert_dp_param_allgather:pg=1123,iter55:pp5:edp_ag1:round1:expert_dp_param_allgather:pg=1123:rel-836d17389953,mock_oisa_scale_1.2,64599858,21379,64578479,64599858,64578479,1785477765261309704,-1,0,trace_group_end_lag_clamped,1785477765261309704
52864389,81,1785477765187767857,5,1785477765187767857,62351,1785477765240681585,1785477765240743936,edp_ag1,1,2,55,expert_dp_param_allgather:pg=1125,1785477765187879547,111690,expert_dp_param_allgather,2,1887436800,same_rank_dp_ag1,11200,1785477765196675912,1785477765196787602,1785477765196675912,1.0,iter55:pp5:edp_ag1:round1:expert_dp_param_allgather:pg=1125,iter55:pp5:edp_ag1:round1:expert_dp_param_allgather:pg=1125:rel-242ab08fc47c,mock_oisa_scale_1.2,63548957,111690,63437267,63548957,63437267,1785477765260224869,-1,62351,trace_group_end_lag_clamped,1785477765260162518
52864389,89,1785477765187879547,5,1785477765187767857,0,1785477765240743936,1785477765240743936,edp_ag1,1,2,55,expert_dp_param_allgather:pg=1125,1785477765187879547,0,expert_dp_param_allgather,2,1887436800,same_rank_dp_ag1,48200,1785477765196787602,1785477765196787602,1785477765196675912,1.0,iter55:pp5:edp_ag1:round1:expert_dp_param_allgather:pg=1125,iter55:pp5:edp_ag1:round1:expert_dp_param_allgather:pg=1125:rel-242ab08fc47c,mock_oisa_scale_1.2,63548957,111690,63437267,63548957,63437267,1785477765260224869,-1,0,trace_group_end_lag_clamped,1785477765260224869
54536318,82,1785477765187719393,5,1785477765187719393,0,1785477765242420941,1785477765242420941,edp_ag1,1,2,55,expert_dp_param_allgather:pg=1127,1785477765187884623,165230,expert_dp_param_allgather,2,1887436800,same_rank_dp_ag1,10960,1785477765196627448,1785477765196792678,1785477765196627448,1.0,iter55:pp5:edp_ag1:round1:expert_dp_param_allgather:pg=1127,iter55:pp5:edp_ag1:round1:expert_dp_param_allgather:pg=1127:rel-87896bc57f16,mock_oisa_scale_1.2,65608812,165230,65443582,65608812,65443582,1785477765262236260,-1,0,trace_group_end_lag_clamped,1785477765262236260
54536318,90,1785477765187884623,5,1785477765187719393,17956,1785477765242402985,1785477765242420941,edp_ag1,1,2,55,expert_dp_param_allgather:pg=1127,1785477765187884623,0,expert_dp_param_allgather,2,1887436800,same_rank_dp_ag1,31160,1785477765196792678,1785477765196792678,1785477765196627448,1.0,iter55:pp5:edp_ag1:round1:expert_dp_param_allgather:pg=1127,iter55:pp5:edp_ag1:round1:expert_dp_param_allgather:pg=1127:rel-87896bc57f16,mock_oisa_scale_1.2,65608812,165230,65443582,65608812,65443582,1785477765262236260,-1,17956,trace_group_end_lag_clamped,1785477765262218304
53614960,83,1785477765187784969,5,1785477765187784969,93181,1785477765241350994,1785477765241444175,edp_ag1,1,2,55,expert_dp_param_allgather:pg=1129,1785477765187829215,44246,expert_dp_param_allgather,2,1887436800,same_rank_dp_ag1,10440,1785477765196693024,1785477765196737270,1785477765196693024,1.0,iter55:pp5:edp_ag1:round1:expert_dp_param_allgather:pg=1129,iter55:pp5:edp_ag1:round1:expert_dp_param_allgather:pg=1129:rel-c5fe3204b9e8,mock_oisa_scale_1.2,64382198,44246,64337952,64382198,64337952,1785477765261075222,-1,93181,trace_group_end_lag_clamped,1785477765260982041
53614960,91,1785477765187829215,5,1785477765187784969,0,1785477765241444175,1785477765241444175,edp_ag1,1,2,55,expert_dp_param_allgather:pg=1129,1785477765187829215,0,expert_dp_param_allgather,2,1887436800,same_rank_dp_ag1,12760,1785477765196737270,1785477765196737270,1785477765196693024,1.0,iter55:pp5:edp_ag1:round1:expert_dp_param_allgather:pg=1129,iter55:pp5:edp_ag1:round1:expert_dp_param_allgather:pg=1129:rel-c5fe3204b9e8,mock_oisa_scale_1.2,64382198,44246,64337952,64382198,64337952,1785477765261075222,-1,0,trace_group_end_lag_clamped,1785477765261075222
51014780,84,1785477765187742760,5,1785477765187742760,80267,1785477765238814936,1785477765238895203,edp_ag1,1,2,55,expert_dp_param_allgather:pg=1131,1785477765187880423,137663,expert_dp_param_allgather,2,1887436800,same_rank_dp_ag1,11200,1785477765196650815,1785477765196788478,1785477765196650815,1.0,iter55:pp5:edp_ag1:round1:expert_dp_param_allgather:pg=1131,iter55:pp5:edp_ag1:round1:expert_dp_param_allgather:pg=1131:rel-255ceeaa31ee,mock_oisa_scale_1.2,61355399,137663,61217736,61355399,61217736,1785477765258006214,-1,80267,trace_group_end_lag_clamped,1785477765257925947
51014780,92,1785477765187880423,5,1785477765187742760,0,1785477765238895203,1785477765238895203,edp_ag1,1,2,55,expert_dp_param_allgather:pg=1131,1785477765187880423,0,expert_dp_param_allgather,2,1887436800,same_rank_dp_ag1,46640,1785477765196788478,1785477765196788478,1785477765196650815,1.0,iter55:pp5:edp_ag1:round1:expert_dp_param_allgather:pg=1131,iter55:pp5:edp_ag1:round1:expert_dp_param_allgather:pg=1131:rel-255ceeaa31ee,mock_oisa_scale_1.2,61355399,137663,61217736,61355399,61217736,1785477765258006214,-1,0,trace_group_end_lag_clamped,1785477765258006214
59862383,85,1785477765187805948,5,1785477765187787231,128583,1785477765247539748,1785477765247668331,edp_ag1,1,2,55,expert_dp_param_allgather:pg=1133,1785477765187805948,0,expert_dp_param_allgather,2,1887436800,same_rank_dp_ag1,11720,1785477765196714003,1785477765196714003,1785477765196695286,1.0,iter55:pp5:edp_ag1:round1:expert_dp_param_allgather:pg=1133,iter55:pp5:edp_ag1:round1:expert_dp_param_allgather:pg=1133:rel-a37e5608b606,mock_oisa_scale_1.2,71853577,18717,71834860,71853577,71834860,1785477765268548863,-1,128583,trace_group_end_lag_clamped,1785477765268420280
59862383,93,1785477765187787231,5,1785477765187787231,0,1785477765247668331,1785477765247668331,edp_ag1,1,2,55,expert_dp_param_allgather:pg=1133,1785477765187805948,18717,expert_dp_param_allgather,2,1887436800,same_rank_dp_ag1,11840,1785477765196695286,1785477765196714003,1785477765196695286,1.0,iter55:pp5:edp_ag1:round1:expert_dp_param_allgather:pg=1133,iter55:pp5:edp_ag1:round1:expert_dp_param_allgather:pg=1133:rel-a37e5608b606,mock_oisa_scale_1.2,71853577,18717,71834860,71853577,71834860,1785477765268548863,-1,0,trace_group_end_lag_clamped,1785477765268548863
53882651,86,1785477765187711233,5,1785477765187711233,17185,1785477765241740570,1785477765241757755,edp_ag1,1,2,55,expert_dp_param_allgather:pg=1135,1785477765187875104,163871,expert_dp_param_allgather,2,1887436800,same_rank_dp_ag1,10680,1785477765196619288,1785477765196783159,1785477765196619288,1.0,iter55:pp5:edp_ag1:round1:expert_dp_param_allgather:pg=1135,iter55:pp5:edp_ag1:round1:expert_dp_param_allgather:pg=1135:rel-cb948498e7f9,mock_oisa_scale_1.2,64823052,163871,64659181,64823052,64659181,1785477765261442340,-1,17185,trace_group_end_lag_clamped,1785477765261425155
53882651,94,1785477765187875104,5,1785477765187711233,0,1785477765241757755,1785477765241757755,edp_ag1,1,2,55,expert_dp_param_allgather:pg=1135,1785477765187875104,0,expert_dp_param_allgather,2,1887436800,same_rank_dp_ag1,11040,1785477765196783159,1785477765196783159,1785477765196619288,1.0,iter55:pp5:edp_ag1:round1:expert_dp_param_allgather:pg=1135,iter55:pp5:edp_ag1:round1:expert_dp_param_allgather:pg=1135:rel-cb948498e7f9,mock_oisa_scale_1.2,64823052,163871,64659181,64823052,64659181,1785477765261442340,-1,0,trace_group_end_lag_clamped,1785477765261442340
53618289,87,1785477765187780979,5,1785477765187780979,1818,1785477765241485805,1785477765241487623,edp_ag1,1,2,55,expert_dp_param_allgather:pg=1137,1785477765187869334,88355,expert_dp_param_allgather,2,1887436800,same_rank_dp_ag1,89880,1785477765196689034,1785477765196777389,1785477765196689034,1.0,iter55:pp5:edp_ag1:round1:expert_dp_param_allgather:pg=1137,iter55:pp5:edp_ag1:round1:expert_dp_param_allgather:pg=1137:rel-28349d92bc1e,mock_oisa_scale_1.2,64430302,88355,64341947,64430302,64341947,1785477765261119336,-1,1818,trace_group_end_lag_clamped,1785477765261117518
53618289,95,1785477765187869334,5,1785477765187780979,0,1785477765241487623,1785477765241487623,edp_ag1,1,2,55,expert_dp_param_allgather:pg=1137,1785477765187869334,0,expert_dp_param_allgather,2,1887436800,same_rank_dp_ag1,10720,1785477765196777389,1785477765196777389,1785477765196689034,1.0,iter55:pp5:edp_ag1:round1:expert_dp_param_allgather:pg=1137,iter55:pp5:edp_ag1:round1:expert_dp_param_allgather:pg=1137:rel-28349d92bc1e,mock_oisa_scale_1.2,64430302,88355,64341947,64430302,64341947,1785477765261119336,-1,0,trace_group_end_lag_clamped,1785477765261119336
192251405,80,1785477761310260127,5,1785477761310260127,36030,1785477761502694641,1785477761502730671,edp_rs,0,2,55,expert_dp_grad_reduce_scatter:pg=1123,1785477761310479266,219139,expert_dp_grad_reduce_scatter,2,7549747200,same_rank_dp_rs,17422599,1785477761292284380,1785477761292503519,1785477761292284380,1.0,iter55:pp5:edp_rs:round0:expert_dp_grad_reduce_scatter:pg=1123,iter55:pp5:edp_rs:round0:expert_dp_grad_reduce_scatter:pg=1123:rel-933bd5a3ebea,mock_oisa_scale_1.2,230920825,219139,230701686,230920825,230701686,1785477761523205205,-1,36030,trace_group_end_lag_clamped,1785477761523169175
192251405,88,1785477761310479266,5,1785477761310260127,0,1785477761502730671,1785477761502730671,edp_rs,0,2,55,expert_dp_grad_reduce_scatter:pg=1123,1785477761310479266,0,expert_dp_grad_reduce_scatter,2,7549747200,same_rank_dp_rs,17635935,1785477761292503519,1785477761292503519,1785477761292284380,1.0,iter55:pp5:edp_rs:round0:expert_dp_grad_reduce_scatter:pg=1123,iter55:pp5:edp_rs:round0:expert_dp_grad_reduce_scatter:pg=1123:rel-933bd5a3ebea,mock_oisa_scale_1.2,230920825,219139,230701686,230920825,230701686,1785477761523205205,-1,0,trace_group_end_lag_clamped,1785477761523205205
206893483,81,1785477761310196515,5,1785477761310196515,147979,1785477761517282708,1785477761517430687,edp_rs,0,2,55,expert_dp_grad_reduce_scatter:pg=1125,1785477761310537204,340689,expert_dp_grad_reduce_scatter,2,7549747200,same_rank_dp_rs,17388248,1785477761292220768,1785477761292561457,1785477761292220768,1.0,iter55:pp5:edp_rs:round0:expert_dp_grad_reduce_scatter:pg=1125,iter55:pp5:edp_rs:round0:expert_dp_grad_reduce_scatter:pg=1125:rel-a237cac76a9e,mock_oisa_scale_1.2,248612869,340689,248272180,248612869,248272180,1785477761540833637,-1,147979,trace_group_end_lag_clamped,1785477761540685658
206893483,89,1785477761310537204,5,1785477761310196515,0,1785477761517430687,1785477761517430687,edp_rs,0,2,55,expert_dp_grad_reduce_scatter:pg=1125,1785477761310537204,0,expert_dp_grad_reduce_scatter,2,7549747200,same_rank_dp_rs,17638196,1785477761292561457,1785477761292561457,1785477761292220768,1.0,iter55:pp5:edp_rs:round0:expert_dp_grad_reduce_scatter:pg=1125,iter55:pp5:edp_rs:round0:expert_dp_grad_reduce_scatter:pg=1125:rel-a237cac76a9e,mock_oisa_scale_1.2,248612869,340689,248272180,248612869,248272180,1785477761540833637,-1,0,trace_group_end_lag_clamped,1785477761540833637
210811958,82,1785477761310473142,5,1785477761310473142,0,1785477761521358825,1785477761521358825,edp_rs,0,2,55,expert_dp_grad_reduce_scatter:pg=1127,1785477761310546867,73725,expert_dp_grad_reduce_scatter,2,7549747200,same_rank_dp_rs,17748598,1785477761292497395,1785477761292571120,1785477761292497395,1.0,iter55:pp5:edp_rs:round0:expert_dp_grad_reduce_scatter:pg=1127,iter55:pp5:edp_rs:round0:expert_dp_grad_reduce_scatter:pg=1127:rel-e53d5db49ca7,mock_oisa_scale_1.2,253048075,73725,252974350,253048075,252974350,1785477761545545470,-1,0,trace_group_end_lag_clamped,1785477761545545470
210811958,90,1785477761310546867,5,1785477761310473142,42171,1785477761521316654,1785477761521358825,edp_rs,0,2,55,expert_dp_grad_reduce_scatter:pg=1127,1785477761310546867,0,expert_dp_grad_reduce_scatter,2,7549747200,same_rank_dp_rs,17675265,1785477761292571120,1785477761292571120,1785477761292497395,1.0,iter55:pp5:edp_rs:round0:expert_dp_grad_reduce_scatter:pg=1127,iter55:pp5:edp_rs:round0:expert_dp_grad_reduce_scatter:pg=1127:rel-e53d5db49ca7,mock_oisa_scale_1.2,253048075,73725,252974350,253048075,252974350,1785477761545545470,-1,42171,trace_group_end_lag_clamped,1785477761545503299
212215219,83,1785477761310947831,5,1785477761310499765,0,1785477761523163050,1785477761523163050,edp_rs,0,2,55,expert_dp_grad_reduce_scatter:pg=1129,1785477761310947831,0,expert_dp_grad_reduce_scatter,2,7549747200,same_rank_dp_rs,18103407,1785477761292972084,1785477761292972084,1785477761292524018,1.0,iter55:pp5:edp_rs:round0:expert_dp_grad_reduce_scatter:pg=1129,iter55:pp5:edp_rs:round0:expert_dp_grad_reduce_scatter:pg=1129:rel-9c7f8d60da35,mock_oisa_scale_1.2,255106329,448066,254658263,255106329,254658263,1785477761547630347,-1,0,trace_group_end_lag_clamped,1785477761547630347
212215219,91,1785477761310499765,5,1785477761310499765,26320,1785477761523136730,1785477761523163050,edp_rs,0,2,55,expert_dp_grad_reduce_scatter:pg=1129,1785477761310947831,448066,expert_dp_grad_reduce_scatter,2,7549747200,same_rank_dp_rs,17656480,1785477761292524018,1785477761292972084,1785477761292524018,1.0,iter55:pp5:edp_rs:round0:expert_dp_grad_reduce_scatter:pg=1129,iter55:pp5:edp_rs:round0:expert_dp_grad_reduce_scatter:pg=1129:rel-9c7f8d60da35,mock_oisa_scale_1.2,255106329,448066,254658263,255106329,254658263,1785477761547630347,-1,26320,trace_group_end_lag_clamped,1785477761547604027
207204137,84,1785477761310659588,5,1785477761310531772,0,1785477761517863725,1785477761517863725,edp_rs,0,2,55,expert_dp_grad_reduce_scatter:pg=1131,1785477761310659588,0,expert_dp_grad_reduce_scatter,2,7549747200,same_rank_dp_rs,17819466,1785477761292683841,1785477761292683841,1785477761292556025,1.0,iter55:pp5:edp_rs:round0:expert_dp_grad_reduce_scatter:pg=1131,iter55:pp5:edp_rs:round0:expert_dp_grad_reduce_scatter:pg=1131:rel-b0a1e6db3da3,mock_oisa_scale_1.2,248772780,127816,248644964,248772780,248644964,1785477761541328805,-1,0,trace_group_end_lag_clamped,1785477761541328805
207204137,92,1785477761310531772,5,1785477761310531772,7559,1785477761517856166,1785477761517863725,edp_rs,0,2,55,expert_dp_grad_reduce_scatter:pg=1131,1785477761310659588,127816,expert_dp_grad_reduce_scatter,2,7549747200,same_rank_dp_rs,17647394,1785477761292556025,1785477761292683841,1785477761292556025,1.0,iter55:pp5:edp_rs:round0:expert_dp_grad_reduce_scatter:pg=1131,iter55:pp5:edp_rs:round0:expert_dp_grad_reduce_scatter:pg=1131:rel-b0a1e6db3da3,mock_oisa_scale_1.2,248772780,127816,248644964,248772780,248644964,1785477761541328805,-1,7559,trace_group_end_lag_clamped,1785477761541321246
211680770,85,1785477761310557340,5,1785477761310413919,145135,1785477761522092975,1785477761522238110,edp_rs,0,2,55,expert_dp_grad_reduce_scatter:pg=1133,1785477761310557340,0,expert_dp_grad_reduce_scatter,2,7549747200,same_rank_dp_rs,17679467,1785477761292581593,1785477761292581593,1785477761292438172,1.0,iter55:pp5:edp_rs:round0:expert_dp_grad_reduce_scatter:pg=1133,iter55:pp5:edp_rs:round0:expert_dp_grad_reduce_scatter:pg=1133:rel-7be2df09c0c0,mock_oisa_scale_1.2,254160345,143421,254016924,254160345,254016924,1785477761546598517,-1,145135,trace_group_end_lag_clamped,1785477761546453382
211680770,93,1785477761310413919,5,1785477761310413919,0,1785477761522238110,1785477761522238110,edp_rs,0,2,55,expert_dp_grad_reduce_scatter:pg=1133,1785477761310557340,143421,expert_dp_grad_reduce_scatter,2,7549747200,same_rank_dp_rs,17566220,1785477761292438172,1785477761292581593,1785477761292438172,1.0,iter55:pp5:edp_rs:round0:expert_dp_grad_reduce_scatter:pg=1133,iter55:pp5:edp_rs:round0:expert_dp_grad_reduce_scatter:pg=1133:rel-7be2df09c0c0,mock_oisa_scale_1.2,254160345,143421,254016924,254160345,254016924,1785477761546598517,-1,0,trace_group_end_lag_clamped,1785477761546598517
208040602,86,1785477761310110916,5,1785477761310110916,137217,1785477761518525270,1785477761518662487,edp_rs,0,2,55,expert_dp_grad_reduce_scatter:pg=1135,1785477761310621885,510969,expert_dp_grad_reduce_scatter,2,7549747200,same_rank_dp_rs,17387053,1785477761292135169,1785477761292646138,1785477761292135169,1.0,iter55:pp5:edp_rs:round0:expert_dp_grad_reduce_scatter:pg=1135,iter55:pp5:edp_rs:round0:expert_dp_grad_reduce_scatter:pg=1135:rel-6837080682fb,mock_oisa_scale_1.2,250159691,510969,249648722,250159691,249648722,1785477761542294860,-1,137217,trace_group_end_lag_clamped,1785477761542157643
208040602,94,1785477761310621885,5,1785477761310110916,0,1785477761518662487,1785477761518662487,edp_rs,0,2,55,expert_dp_grad_reduce_scatter:pg=1135,1785477761310621885,0,expert_dp_grad_reduce_scatter,2,7549747200,same_rank_dp_rs,17744375,1785477761292646138,1785477761292646138,1785477761292135169,1.0,iter55:pp5:edp_rs:round0:expert_dp_grad_reduce_scatter:pg=1135,iter55:pp5:edp_rs:round0:expert_dp_grad_reduce_scatter:pg=1135:rel-6837080682fb,mock_oisa_scale_1.2,250159691,510969,249648722,250159691,249648722,1785477761542294860,-1,0,trace_group_end_lag_clamped,1785477761542294860
219092695,87,1785477761310470837,5,1785477761310470837,102028,1785477761529772145,1785477761529874173,edp_rs,0,2,55,expert_dp_grad_reduce_scatter:pg=1137,1785477761310781478,310641,expert_dp_grad_reduce_scatter,2,7549747200,same_rank_dp_rs,17651174,1785477761292495090,1785477761292805731,1785477761292495090,1.0,iter55:pp5:edp_rs:round0:expert_dp_grad_reduce_scatter:pg=1137,iter55:pp5:edp_rs:round0:expert_dp_grad_reduce_scatter:pg=1137:rel-767db1c7b6a8,mock_oisa_scale_1.2,263221875,310641,262911234,263221875,262911234,1785477761555716965,-1,102028,trace_group_end_lag_clamped,1785477761555614937
219092695,95,1785477761310781478,5,1785477761310470837,0,1785477761529874173,1785477761529874173,edp_rs,0,2,55,expert_dp_grad_reduce_scatter:pg=1137,1785477761310781478,0,expert_dp_grad_reduce_scatter,2,7549747200,same_rank_dp_rs,17908467,1785477761292805731,1785477761292805731,1785477761292495090,1.0,iter55:pp5:edp_rs:round0:expert_dp_grad_reduce_scatter:pg=1137,iter55:pp5:edp_rs:round0:expert_dp_grad_reduce_scatter:pg=1137:rel-767db1c7b6a8,mock_oisa_scale_1.2,263221875,310641,262911234,263221875,262911234,1785477761555716965,-1,0,trace_group_end_lag_clamped,1785477761555716965
7513438,96,1785477765025660913,6,1785477765025516609,2557,1785477765034250756,1785477765034253313,dp_ag0,0,16,55,dp_param_allgather:pg=13,1785477765026739875,1078962,dp_param_allgather,16,98621440,world_rs_done,28984656,1785477765019844590,1785477765020923552,1785477765019700286,1.0,iter55:pp6:dp_ag0:round0:dp_param_allgather:pg=13,iter55:pp6:dp_ag0:round0:dp_param_allgather:pg=13:rel-7d95db734590,mock_oisa_scale_1.2,10239392,1223266,9016126,10239392,9016126,1785477765029939678,-1,2557,trace_group_end_lag_clamped,1785477765029937121
7513438,97,1785477765025885335,6,1785477765025516609,0,1785477765034253313,1785477765034253313,dp_ag0,0,16,55,dp_param_allgather:pg=13,1785477765026739875,854540,dp_param_allgather,16,98621440,world_rs_done,29209078,1785477765020069012,1785477765020923552,1785477765019700286,1.0,iter55:pp6:dp_ag0:round0:dp_param_allgather:pg=13,iter55:pp6:dp_ag0:round0:dp_param_allgather:pg=13:rel-7d95db734590,mock_oisa_scale_1.2,10239392,1223266,9016126,10239392,9016126,1785477765029939678,-1,0,trace_group_end_lag_clamped,1785477765029939678
7513438,98,1785477765026180366,6,1785477765025516609,3998,1785477765034249315,1785477765034253313,dp_ag0,0,16,55,dp_param_allgather:pg=13,1785477765026739875,559509,dp_param_allgather,16,98621440,world_rs_done,29504109,1785477765020364043,1785477765020923552,1785477765019700286,1.0,iter55:pp6:dp_ag0:round0:dp_param_allgather:pg=13,iter55:pp6:dp_ag0:round0:dp_param_allgather:pg=13:rel-7d95db734590,mock_oisa_scale_1.2,10239392,1223266,9016126,10239392,9016126,1785477765029939678,-1,3998,trace_group_end_lag_clamped,1785477765029935680
7513438,99,1785477765026189695,6,1785477765025516609,248,1785477765034253065,1785477765034253313,dp_ag0,0,16,55,dp_param_allgather:pg=13,1785477765026739875,550180,dp_param_allgather,16,98621440,world_rs_done,29513438,1785477765020373372,1785477765020923552,1785477765019700286,1.0,iter55:pp6:dp_ag0:round0:dp_param_allgather:pg=13,iter55:pp6:dp_ag0:round0:dp_param_allgather:pg=13:rel-7d95db734590,mock_oisa_scale_1.2,10239392,1223266,9016126,10239392,9016126,1785477765029939678,-1,248,trace_group_end_lag_clamped,1785477765029939430
7513438,100,1785477765025773764,6,1785477765025516609,5734,1785477765034247579,1785477765034253313,dp_ag0,0,16,55,dp_param_allgather:pg=13,1785477765026739875,966111,dp_param_allgather,16,98621440,world_rs_done,29097507,1785477765019957441,1785477765020923552,1785477765019700286,1.0,iter55:pp6:dp_ag0:round0:dp_param_allgather:pg=13,iter55:pp6:dp_ag0:round0:dp_param_allgather:pg=13:rel-7d95db734590,mock_oisa_scale_1.2,10239392,1223266,9016126,10239392,9016126,1785477765029939678,-1,5734,trace_group_end_lag_clamped,1785477765029933944
7513438,101,1785477765025782319,6,1785477765025516609,70931,1785477765034182382,1785477765034253313,dp_ag0,0,16,55,dp_param_allgather:pg=13,1785477765026739875,957556,dp_param_allgather,16,98621440,world_rs_done,29106062,1785477765019965996,1785477765020923552,1785477765019700286,1.0,iter55:pp6:dp_ag0:round0:dp_param_allgather:pg=13,iter55:pp6:dp_ag0:round0:dp_param_allgather:pg=13:rel-7d95db734590,mock_oisa_scale_1.2,10239392,1223266,9016126,10239392,9016126,1785477765029939678,-1,70931,trace_group_end_lag_clamped,1785477765029868747
7513438,102,1785477765026739875,6,1785477765025516609,19004,1785477765034234309,1785477765034253313,dp_ag0,0,16,55,dp_param_allgather:pg=13,1785477765026739875,0,dp_param_allgather,16,98621440,world_rs_done,30063618,1785477765020923552,1785477765020923552,1785477765019700286,1.0,iter55:pp6:dp_ag0:round0:dp_param_allgather:pg=13,iter55:pp6:dp_ag0:round0:dp_param_allgather:pg=13:rel-7d95db734590,mock_oisa_scale_1.2,10239392,1223266,9016126,10239392,9016126,1785477765029939678,-1,19004,trace_group_end_lag_clamped,1785477765029920674
7513438,103,1785477765026177657,6,1785477765025516609,8417,1785477765034244896,1785477765034253313,dp_ag0,0,16,55,dp_param_allgather:pg=13,1785477765026739875,562218,dp_param_allgather,16,98621440,world_rs_done,29501400,1785477765020361334,1785477765020923552,1785477765019700286,1.0,iter55:pp6:dp_ag0:round0:dp_param_allgather:pg=13,iter55:pp6:dp_ag0:round0:dp_param_allgather:pg=13:rel-7d95db734590,mock_oisa_scale_1.2,10239392,1223266,9016126,10239392,9016126,1785477765029939678,-1,8417,trace_group_end_lag_clamped,1785477765029931261
7513438,104,1785477765025516609,6,1785477765025516609,39205,1785477765034214108,1785477765034253313,dp_ag0,0,16,55,dp_param_allgather:pg=13,1785477765026739875,1223266,dp_param_allgather,16,98621440,world_rs_done,28840352,1785477765019700286,1785477765020923552,1785477765019700286,1.0,iter55:pp6:dp_ag0:round0:dp_param_allgather:pg=13,iter55:pp6:dp_ag0:round0:dp_param_allgather:pg=13:rel-7d95db734590,mock_oisa_scale_1.2,10239392,1223266,9016126,10239392,9016126,1785477765029939678,-1,39205,trace_group_end_lag_clamped,1785477765029900473
7513438,105,1785477765026105536,6,1785477765025516609,41853,1785477765034211460,1785477765034253313,dp_ag0,0,16,55,dp_param_allgather:pg=13,1785477765026739875,634339,dp_param_allgather,16,98621440,world_rs_done,29429279,1785477765020289213,1785477765020923552,1785477765019700286,1.0,iter55:pp6:dp_ag0:round0:dp_param_allgather:pg=13,iter55:pp6:dp_ag0:round0:dp_param_allgather:pg=13:rel-7d95db734590,mock_oisa_scale_1.2,10239392,1223266,9016126,10239392,9016126,1785477765029939678,-1,41853,trace_group_end_lag_clamped,1785477765029897825
7513438,106,1785477765025924545,6,1785477765025516609,72771,1785477765034180542,1785477765034253313,dp_ag0,0,16,55,dp_param_allgather:pg=13,1785477765026739875,815330,dp_param_allgather,16,98621440,world_rs_done,29248288,1785477765020108222,1785477765020923552,1785477765019700286,1.0,iter55:pp6:dp_ag0:round0:dp_param_allgather:pg=13,iter55:pp6:dp_ag0:round0:dp_param_allgather:pg=13:rel-7d95db734590,mock_oisa_scale_1.2,10239392,1223266,9016126,10239392,9016126,1785477765029939678,-1,72771,trace_group_end_lag_clamped,1785477765029866907
7513438,107,1785477765026272266,6,1785477765025516609,35970,1785477765034217343,1785477765034253313,dp_ag0,0,16,55,dp_param_allgather:pg=13,1785477765026739875,467609,dp_param_allgather,16,98621440,world_rs_done,29596009,1785477765020455943,1785477765020923552,1785477765019700286,1.0,iter55:pp6:dp_ag0:round0:dp_param_allgather:pg=13,iter55:pp6:dp_ag0:round0:dp_param_allgather:pg=13:rel-7d95db734590,mock_oisa_scale_1.2,10239392,1223266,9016126,10239392,9016126,1785477765029939678,-1,35970,trace_group_end_lag_clamped,1785477765029903708
7513438,108,1785477765025993369,6,1785477765025516609,44573,1785477765034208740,1785477765034253313,dp_ag0,0,16,55,dp_param_allgather:pg=13,1785477765026739875,746506,dp_param_allgather,16,98621440,world_rs_done,29317112,1785477765020177046,1785477765020923552,1785477765019700286,1.0,iter55:pp6:dp_ag0:round0:dp_param_allgather:pg=13,iter55:pp6:dp_ag0:round0:dp_param_allgather:pg=13:rel-7d95db734590,mock_oisa_scale_1.2,10239392,1223266,9016126,10239392,9016126,1785477765029939678,-1,44573,trace_group_end_lag_clamped,1785477765029895105
7513438,109,1785477765025802165,6,1785477765025516609,26586,1785477765034226727,1785477765034253313,dp_ag0,0,16,55,dp_param_allgather:pg=13,1785477765026739875,937710,dp_param_allgather,16,98621440,world_rs_done,29125908,1785477765019985842,1785477765020923552,1785477765019700286,1.0,iter55:pp6:dp_ag0:round0:dp_param_allgather:pg=13,iter55:pp6:dp_ag0:round0:dp_param_allgather:pg=13:rel-7d95db734590,mock_oisa_scale_1.2,10239392,1223266,9016126,10239392,9016126,1785477765029939678,-1,26586,trace_group_end_lag_clamped,1785477765029913092
7513438,110,1785477765025978100,6,1785477765025516609,85179,1785477765034168134,1785477765034253313,dp_ag0,0,16,55,dp_param_allgather:pg=13,1785477765026739875,761775,dp_param_allgather,16,98621440,world_rs_done,29301843,1785477765020161777,1785477765020923552,1785477765019700286,1.0,iter55:pp6:dp_ag0:round0:dp_param_allgather:pg=13,iter55:pp6:dp_ag0:round0:dp_param_allgather:pg=13:rel-7d95db734590,mock_oisa_scale_1.2,10239392,1223266,9016126,10239392,9016126,1785477765029939678,-1,85179,trace_group_end_lag_clamped,1785477765029854499
7513438,111,1785477765026335260,6,1785477765025516609,61452,1785477765034191861,1785477765034253313,dp_ag0,0,16,55,dp_param_allgather:pg=13,1785477765026739875,404615,dp_param_allgather,16,98621440,world_rs_done,29659003,1785477765020518937,1785477765020923552,1785477765019700286,1.0,iter55:pp6:dp_ag0:round0:dp_param_allgather:pg=13,iter55:pp6:dp_ag0:round0:dp_param_allgather:pg=13:rel-7d95db734590,mock_oisa_scale_1.2,10239392,1223266,9016126,10239392,9016126,1785477765029939678,-1,61452,trace_group_end_lag_clamped,1785477765029878226
7596250,96,1785477765174640996,6,1785477765173462217,41225,1785477765190915595,1785477765190956820,dp_ag1,1,16,55,dp_param_allgather:pg=13,1785477765183360570,8719574,dp_param_allgather,16,98621440,same_rank_edp_ag0,87330454,1785477765180939137,1785477765191239062,1785477765179609572,1.0,iter55:pp6:dp_ag1:round1:dp_param_allgather:pg=13,iter55:pp6:dp_ag1:round1:dp_param_allgather:pg=13:rel-1b9fedca1a48,mock_oisa_scale_1.2,20744990,11629490,9115500,20744990,9115500,1785477765200354562,-1,41225,trace_group_end_lag_clamped,1785477765200313337
7596250,97,1785477765181390354,6,1785477765173462217,31526,1785477765190925294,1785477765190956820,dp_ag1,1,16,55,dp_param_allgather:pg=13,1785477765183360570,1970216,dp_param_allgather,16,98621440,same_rank_edp_ag0,87216550,1785477765189065146,1785477765191239062,1785477765179609572,1.0,iter55:pp6:dp_ag1:round1:dp_param_allgather:pg=13,iter55:pp6:dp_ag1:round1:dp_param_allgather:pg=13:rel-1b9fedca1a48,mock_oisa_scale_1.2,20744990,11629490,9115500,20744990,9115500,1785477765200354562,-1,31526,trace_group_end_lag_clamped,1785477765200323036
7596250,98,1785477765173724466,6,1785477765173462217,23131,1785477765190933689,1785477765190956820,dp_ag1,1,16,55,dp_param_allgather:pg=13,1785477765183360570,9636104,dp_param_allgather,16,98621440,same_rank_edp_ag0,87159279,1785477765179871821,1785477765191239062,1785477765179609572,1.0,iter55:pp6:dp_ag1:round1:dp_param_allgather:pg=13,iter55:pp6:dp_ag1:round1:dp_param_allgather:pg=13:rel-1b9fedca1a48,mock_oisa_scale_1.2,20744990,11629490,9115500,20744990,9115500,1785477765200354562,-1,23131,trace_group_end_lag_clamped,1785477765200331431
7596250,99,1785477765183360570,6,1785477765173462217,0,1785477765190956820,1785477765190956820,dp_ag1,1,16,55,dp_param_allgather:pg=13,1785477765183360570,0,dp_param_allgather,16,98621440,same_rank_edp_ag0,88134909,1785477765191239062,1785477765191239062,1785477765179609572,1.0,iter55:pp6:dp_ag1:round1:dp_param_allgather:pg=13,iter55:pp6:dp_ag1:round1:dp_param_allgather:pg=13:rel-1b9fedca1a48,mock_oisa_scale_1.2,20744990,11629490,9115500,20744990,9115500,1785477765200354562,-1,0,trace_group_end_lag_clamped,1785477765200354562
7596250,100,1785477765176369993,6,1785477765173462217,44974,1785477765190911846,1785477765190956820,dp_ag1,1,16,55,dp_param_allgather:pg=13,1785477765183360570,6990577,dp_param_allgather,16,98621440,same_rank_edp_ag0,88566044,1785477765182778823,1785477765191239062,1785477765179609572,1.0,iter55:pp6:dp_ag1:round1:dp_param_allgather:pg=13,iter55:pp6:dp_ag1:round1:dp_param_allgather:pg=13:rel-1b9fedca1a48,mock_oisa_scale_1.2,20744990,11629490,9115500,20744990,9115500,1785477765200354562,-1,44974,trace_group_end_lag_clamped,1785477765200309588
7596250,101,1785477765176327456,6,1785477765173462217,61364,1785477765190895456,1785477765190956820,dp_ag1,1,16,55,dp_param_allgather:pg=13,1785477765183360570,7033114,dp_param_allgather,16,98621440,same_rank_edp_ag0,87904604,1785477765182856431,1785477765191239062,1785477765179609572,1.0,iter55:pp6:dp_ag1:round1:dp_param_allgather:pg=13,iter55:pp6:dp_ag1:round1:dp_param_allgather:pg=13:rel-1b9fedca1a48,mock_oisa_scale_1.2,20744990,11629490,9115500,20744990,9115500,1785477765200354562,-1,61364,trace_group_end_lag_clamped,1785477765200293198
7596250,102,1785477765178696513,6,1785477765173462217,32157,1785477765190924663,1785477765190956820,dp_ag1,1,16,55,dp_param_allgather:pg=13,1785477765183360570,4664057,dp_param_allgather,16,98621440,same_rank_edp_ag0,86593370,1785477765185954501,1785477765191239062,1785477765179609572,1.0,iter55:pp6:dp_ag1:round1:dp_param_allgather:pg=13,iter55:pp6:dp_ag1:round1:dp_param_allgather:pg=13:rel-1b9fedca1a48,mock_oisa_scale_1.2,20744990,11629490,9115500,20744990,9115500,1785477765200354562,-1,32157,trace_group_end_lag_clamped,1785477765200322405
7596250,103,1785477765174733969,6,1785477765173462217,28612,1785477765190928208,1785477765190956820,dp_ag1,1,16,55,dp_param_allgather:pg=13,1785477765183360570,8626601,dp_param_allgather,16,98621440,same_rank_edp_ag0,86521876,1785477765181209637,1785477765191239062,1785477765179609572,1.0,iter55:pp6:dp_ag1:round1:dp_param_allgather:pg=13,iter55:pp6:dp_ag1:round1:dp_param_allgather:pg=13:rel-1b9fedca1a48,mock_oisa_scale_1.2,20744990,11629490,9115500,20744990,9115500,1785477765200354562,-1,28612,trace_group_end_lag_clamped,1785477765200325950
7596250,104,1785477765173831855,6,1785477765173462217,25088,1785477765190931732,1785477765190956820,dp_ag1,1,16,55,dp_param_allgather:pg=13,1785477765183360570,9528715,dp_param_allgather,16,98621440,same_rank_edp_ag0,86484990,1785477765180129996,1785477765191239062,1785477765179609572,1.0,iter55:pp6:dp_ag1:round1:dp_param_allgather:pg=13,iter55:pp6:dp_ag1:round1:dp_param_allgather:pg=13:rel-1b9fedca1a48,mock_oisa_scale_1.2,20744990,11629490,9115500,20744990,9115500,1785477765200354562,-1,25088,trace_group_end_lag_clamped,1785477765200329474
7596250,105,1785477765181346220,6,1785477765173462217,13915,1785477765190942905,1785477765190956820,dp_ag1,1,16,55,dp_param_allgather:pg=13,1785477765183360570,2014350,dp_param_allgather,16,98621440,same_rank_edp_ag0,87123930,1785477765189021012,1785477765191239062,1785477765179609572,1.0,iter55:pp6:dp_ag1:round1:dp_param_allgather:pg=13,iter55:pp6:dp_ag1:round1:dp_param_allgather:pg=13:rel-1b9fedca1a48,mock_oisa_scale_1.2,20744990,11629490,9115500,20744990,9115500,1785477765200354562,-1,13915,trace_group_end_lag_clamped,1785477765200340647
7596250,106,1785477765173462217,6,1785477765173462217,9609,1785477765190947211,1785477765190956820,dp_ag1,1,16,55,dp_param_allgather:pg=13,1785477765183360570,9898353,dp_param_allgather,16,98621440,same_rank_edp_ag0,86942412,1785477765179609572,1785477765191239062,1785477765179609572,1.0,iter55:pp6:dp_ag1:round1:dp_param_allgather:pg=13,iter55:pp6:dp_ag1:round1:dp_param_allgather:pg=13:rel-1b9fedca1a48,mock_oisa_scale_1.2,20744990,11629490,9115500,20744990,9115500,1785477765200354562,-1,9609,trace_group_end_lag_clamped,1785477765200344953
7596250,107,1785477765183217291,6,1785477765173462217,122974,1785477765190833846,1785477765190956820,dp_ag1,1,16,55,dp_param_allgather:pg=13,1785477765183360570,143279,dp_param_allgather,16,98621440,same_rank_edp_ag0,88048486,1785477765191095783,1785477765191239062,1785477765179609572,1.0,iter55:pp6:dp_ag1:round1:dp_param_allgather:pg=13,iter55:pp6:dp_ag1:round1:dp_param_allgather:pg=13:rel-1b9fedca1a48,mock_oisa_scale_1.2,20744990,11629490,9115500,20744990,9115500,1785477765200354562,-1,122974,trace_group_end_lag_clamped,1785477765200231588
7596250,108,1785477765174455820,6,1785477765173462217,17178,1785477765190939642,1785477765190956820,dp_ag1,1,16,55,dp_param_allgather:pg=13,1785477765183360570,8904750,dp_param_allgather,16,98621440,same_rank_edp_ag0,86585167,1785477765180864650,1785477765191239062,1785477765179609572,1.0,iter55:pp6:dp_ag1:round1:dp_param_allgather:pg=13,iter55:pp6:dp_ag1:round1:dp_param_allgather:pg=13:rel-1b9fedca1a48,mock_oisa_scale_1.2,20744990,11629490,9115500,20744990,9115500,1785477765200354562,-1,17178,trace_group_end_lag_clamped,1785477765200337384
7596250,109,1785477765175035481,6,1785477765173462217,9896,1785477765190946924,1785477765190956820,dp_ag1,1,16,55,dp_param_allgather:pg=13,1785477765183360570,8325089,dp_param_allgather,16,98621440,same_rank_edp_ag0,86585422,1785477765181564456,1785477765191239062,1785477765179609572,1.0,iter55:pp6:dp_ag1:round1:dp_param_allgather:pg=13,iter55:pp6:dp_ag1:round1:dp_param_allgather:pg=13:rel-1b9fedca1a48,mock_oisa_scale_1.2,20744990,11629490,9115500,20744990,9115500,1785477765200354562,-1,9896,trace_group_end_lag_clamped,1785477765200344666
7596250,110,1785477765180702100,6,1785477765173462217,17968,1785477765190938852,1785477765190956820,dp_ag1,1,16,55,dp_param_allgather:pg=13,1785477765183360570,2658470,dp_param_allgather,16,98621440,same_rank_edp_ag0,88676211,1785477765187960088,1785477765191239062,1785477765179609572,1.0,iter55:pp6:dp_ag1:round1:dp_param_allgather:pg=13,iter55:pp6:dp_ag1:round1:dp_param_allgather:pg=13:rel-1b9fedca1a48,mock_oisa_scale_1.2,20744990,11629490,9115500,20744990,9115500,1785477765200354562,-1,17968,trace_group_end_lag_clamped,1785477765200336594
7596250,111,1785477765176271284,6,1785477765173462217,18059,1785477765190938761,1785477765190956820,dp_ag1,1,16,55,dp_param_allgather:pg=13,1785477765183360570,7089286,dp_param_allgather,16,98621440,same_rank_edp_ag0,88078661,1785477765182746952,1785477765191239062,1785477765179609572,1.0,iter55:pp6:dp_ag1:round1:dp_param_allgather:pg=13,iter55:pp6:dp_ag1:round1:dp_param_allgather:pg=13:rel-1b9fedca1a48,mock_oisa_scale_1.2,20744990,11629490,9115500,20744990,9115500,1785477765200354562,-1,18059,trace_group_end_lag_clamped,1785477765200336503
15496653,96,1785477760305299233,6,1785477760304224397,7284,1785477760506805502,1785477760506812786,dp_rs,0,16,55,dp_grad_reduce_scatter:pg=13,1785477760491316133,186016900,dp_grad_reduce_scatter,16,3155886080,pp_frontier,0,1785477760279202288,1785477760470367140,1785477760272441632,1.0,iter55:pp6:dp_rs:round0:dp_grad_reduce_scatter:pg=13,iter55:pp6:dp_rs:round0:dp_grad_reduce_scatter:pg=13:rel-e007e807d741,mock_oisa_scale_1.2,216521492,197925508,18595984,216521492,18595984,1785477760488963124,-1,7284,trace_group_end_lag_clamped,1785477760488955840
15496653,97,1785477760304391256,6,1785477760304224397,44548,1785477760506768238,1785477760506812786,dp_rs,0,16,55,dp_grad_reduce_scatter:pg=13,1785477760491316133,186924877,dp_grad_reduce_scatter,16,3155886080,pp_frontier,0,1785477760272441632,1785477760470367140,1785477760272441632,1.0,iter55:pp6:dp_rs:round0:dp_grad_reduce_scatter:pg=13,iter55:pp6:dp_rs:round0:dp_grad_reduce_scatter:pg=13:rel-e007e807d741,mock_oisa_scale_1.2,216521492,197925508,18595984,216521492,18595984,1785477760488963124,-1,44548,trace_group_end_lag_clamped,1785477760488918576
15496653,98,1785477760304445348,6,1785477760304224397,5001,1785477760506807785,1785477760506812786,dp_rs,0,16,55,dp_grad_reduce_scatter:pg=13,1785477760491316133,186870785,dp_grad_reduce_scatter,16,3155886080,pp_frontier,0,1785477760281187091,1785477760470367140,1785477760272441632,1.0,iter55:pp6:dp_rs:round0:dp_grad_reduce_scatter:pg=13,iter55:pp6:dp_rs:round0:dp_grad_reduce_scatter:pg=13:rel-e007e807d741,mock_oisa_scale_1.2,216521492,197925508,18595984,216521492,18595984,1785477760488963124,-1,5001,trace_group_end_lag_clamped,1785477760488958123
15496653,99,1785477760304224397,6,1785477760304224397,28258,1785477760506784528,1785477760506812786,dp_rs,0,16,55,dp_grad_reduce_scatter:pg=13,1785477760491316133,187091736,dp_grad_reduce_scatter,16,3155886080,pp_frontier,0,1785477760277358196,1785477760470367140,1785477760272441632,1.0,iter55:pp6:dp_rs:round0:dp_grad_reduce_scatter:pg=13,iter55:pp6:dp_rs:round0:dp_grad_reduce_scatter:pg=13:rel-e007e807d741,mock_oisa_scale_1.2,216521492,197925508,18595984,216521492,18595984,1785477760488963124,-1,28258,trace_group_end_lag_clamped,1785477760488934866
15496653,100,1785477760304652390,6,1785477760304224397,60353,1785477760506752433,1785477760506812786,dp_rs,0,16,55,dp_grad_reduce_scatter:pg=13,1785477760491316133,186663743,dp_grad_reduce_scatter,16,3155886080,pp_frontier,0,1785477760283080224,1785477760470367140,1785477760272441632,1.0,iter55:pp6:dp_rs:round0:dp_grad_reduce_scatter:pg=13,iter55:pp6:dp_rs:round0:dp_grad_reduce_scatter:pg=13:rel-e007e807d741,mock_oisa_scale_1.2,216521492,197925508,18595984,216521492,18595984,1785477760488963124,-1,60353,trace_group_end_lag_clamped,1785477760488902771
15496653,101,1785477760304761381,6,1785477760304224397,6409,1785477760506806377,1785477760506812786,dp_rs,0,16,55,dp_grad_reduce_scatter:pg=13,1785477760491316133,186554752,dp_grad_reduce_scatter,16,3155886080,pp_frontier,0,1785477760284064337,1785477760470367140,1785477760272441632,1.0,iter55:pp6:dp_rs:round0:dp_grad_reduce_scatter:pg=13,iter55:pp6:dp_rs:round0:dp_grad_reduce_scatter:pg=13:rel-e007e807d741,mock_oisa_scale_1.2,216521492,197925508,18595984,216521492,18595984,1785477760488963124,-1,6409,trace_group_end_lag_clamped,1785477760488956715
15496653,102,1785477760304590902,6,1785477760304224397,69693,1785477760506743093,1785477760506812786,dp_rs,0,16,55,dp_grad_reduce_scatter:pg=13,1785477760491316133,186725231,dp_grad_reduce_scatter,16,3155886080,pp_frontier,0,1785477760279689670,1785477760470367140,1785477760272441632,1.0,iter55:pp6:dp_rs:round0:dp_grad_reduce_scatter:pg=13,iter55:pp6:dp_rs:round0:dp_grad_reduce_scatter:pg=13:rel-e007e807d741,mock_oisa_scale_1.2,216521492,197925508,18595984,216521492,18595984,1785477760488963124,-1,69693,trace_group_end_lag_clamped,1785477760488893431
15496653,103,1785477760305169111,6,1785477760304224397,57971,1785477760506754815,1785477760506812786,dp_rs,0,16,55,dp_grad_reduce_scatter:pg=13,1785477760491316133,186147022,dp_grad_reduce_scatter,16,3155886080,pp_frontier,0,1785477760275193010,1785477760470367140,1785477760272441632,1.0,iter55:pp6:dp_rs:round0:dp_grad_reduce_scatter:pg=13,iter55:pp6:dp_rs:round0:dp_grad_reduce_scatter:pg=13:rel-e007e807d741,mock_oisa_scale_1.2,216521492,197925508,18595984,216521492,18595984,1785477760488963124,-1,57971,trace_group_end_lag_clamped,1785477760488905153
15496653,104,1785477760490397274,6,1785477760304224397,13075,1785477760506799711,1785477760506812786,dp_rs,0,16,55,dp_grad_reduce_scatter:pg=13,1785477760491316133,918859,dp_grad_reduce_scatter,16,3155886080,pp_frontier,0,1785477760446245905,1785477760470367140,1785477760272441632,1.0,iter55:pp6:dp_rs:round0:dp_grad_reduce_scatter:pg=13,iter55:pp6:dp_rs:round0:dp_grad_reduce_scatter:pg=13:rel-e007e807d741,mock_oisa_scale_1.2,216521492,197925508,18595984,216521492,18595984,1785477760488963124,-1,13075,trace_group_end_lag_clamped,1785477760488950049
15496653,105,1785477760490374749,6,1785477760304224397,7950,1785477760506804836,1785477760506812786,dp_rs,0,16,55,dp_grad_reduce_scatter:pg=13,1785477760491316133,941384,dp_grad_reduce_scatter,16,3155886080,pp_frontier,0,1785477760463524369,1785477760470367140,1785477760272441632,1.0,iter55:pp6:dp_rs:round0:dp_grad_reduce_scatter:pg=13,iter55:pp6:dp_rs:round0:dp_grad_reduce_scatter:pg=13:rel-e007e807d741,mock_oisa_scale_1.2,216521492,197925508,18595984,216521492,18595984,1785477760488963124,-1,7950,trace_group_end_lag_clamped,1785477760488955174
15496653,106,1785477760489780623,6,1785477760304224397,57449,1785477760506755337,1785477760506812786,dp_rs,0,16,55,dp_grad_reduce_scatter:pg=13,1785477760491316133,1535510,dp_grad_reduce_scatter,16,3155886080,pp_frontier,0,1785477760468331264,1785477760470367140,1785477760272441632,1.0,iter55:pp6:dp_rs:round0:dp_grad_reduce_scatter:pg=13,iter55:pp6:dp_rs:round0:dp_grad_reduce_scatter:pg=13:rel-e007e807d741,mock_oisa_scale_1.2,216521492,197925508,18595984,216521492,18595984,1785477760488963124,-1,57449,trace_group_end_lag_clamped,1785477760488905675
15496653,107,1785477760489924669,6,1785477760304224397,15278,1785477760506797508,1785477760506812786,dp_rs,0,16,55,dp_grad_reduce_scatter:pg=13,1785477760491316133,1391464,dp_grad_reduce_scatter,16,3155886080,pp_frontier,0,1785477760470155942,1785477760470367140,1785477760272441632,1.0,iter55:pp6:dp_rs:round0:dp_grad_reduce_scatter:pg=13,iter55:pp6:dp_rs:round0:dp_grad_reduce_scatter:pg=13:rel-e007e807d741,mock_oisa_scale_1.2,216521492,197925508,18595984,216521492,18595984,1785477760488963124,-1,15278,trace_group_end_lag_clamped,1785477760488947846
15496653,108,1785477760491116487,6,1785477760304224397,46877,1785477760506765909,1785477760506812786,dp_rs,0,16,55,dp_grad_reduce_scatter:pg=13,1785477760491316133,199646,dp_grad_reduce_scatter,16,3155886080,pp_frontier,0,1785477760470367140,1785477760470367140,1785477760272441632,1.0,iter55:pp6:dp_rs:round0:dp_grad_reduce_scatter:pg=13,iter55:pp6:dp_rs:round0:dp_grad_reduce_scatter:pg=13:rel-e007e807d741,mock_oisa_scale_1.2,216521492,197925508,18595984,216521492,18595984,1785477760488963124,-1,46877,trace_group_end_lag_clamped,1785477760488916247
15496653,109,1785477760490010300,6,1785477760304224397,0,1785477760506812786,1785477760506812786,dp_rs,0,16,55,dp_grad_reduce_scatter:pg=13,1785477760491316133,1305833,dp_grad_reduce_scatter,16,3155886080,pp_frontier,0,1785477760467981916,1785477760470367140,1785477760272441632,1.0,iter55:pp6:dp_rs:round0:dp_grad_reduce_scatter:pg=13,iter55:pp6:dp_rs:round0:dp_grad_reduce_scatter:pg=13:rel-e007e807d741,mock_oisa_scale_1.2,216521492,197925508,18595984,216521492,18595984,1785477760488963124,-1,0,trace_group_end_lag_clamped,1785477760488963124
15496653,110,1785477760491001110,6,1785477760304224397,22129,1785477760506790657,1785477760506812786,dp_rs,0,16,55,dp_grad_reduce_scatter:pg=13,1785477760491316133,315023,dp_grad_reduce_scatter,16,3155886080,pp_frontier,0,1785477760460040045,1785477760470367140,1785477760272441632,1.0,iter55:pp6:dp_rs:round0:dp_grad_reduce_scatter:pg=13,iter55:pp6:dp_rs:round0:dp_grad_reduce_scatter:pg=13:rel-e007e807d741,mock_oisa_scale_1.2,216521492,197925508,18595984,216521492,18595984,1785477760488963124,-1,22129,trace_group_end_lag_clamped,1785477760488940995
15496653,111,1785477760491316133,6,1785477760304224397,11344,1785477760506801442,1785477760506812786,dp_rs,0,16,55,dp_grad_reduce_scatter:pg=13,1785477760491316133,0,dp_grad_reduce_scatter,16,3155886080,pp_frontier,0,1785477760460547984,1785477760470367140,1785477760272441632,1.0,iter55:pp6:dp_rs:round0:dp_grad_reduce_scatter:pg=13,iter55:pp6:dp_rs:round0:dp_grad_reduce_scatter:pg=13:rel-e007e807d741,mock_oisa_scale_1.2,216521492,197925508,18595984,216521492,18595984,1785477760488963124,-1,11344,trace_group_end_lag_clamped,1785477760488951780
53058882,96,1785477765034287983,6,1785477765034224388,36323,1785477765087310542,1785477765087346865,edp_ag0,0,2,55,expert_dp_param_allgather:pg=1139,1785477765034287983,0,expert_dp_param_allgather,2,1887436800,same_rank_dp_ag0,37227,1785477765029974348,1785477765029974348,1785477765029910753,1.0,iter55:pp6:edp_ag0:round0:expert_dp_param_allgather:pg=1139,iter55:pp6:edp_ag0:round0:expert_dp_param_allgather:pg=1139:rel-e35efba9b8da,mock_oisa_scale_1.2,63734253,63595,63670658,63734253,63670658,1785477765093645006,-1,36323,trace_group_end_lag_clamped,1785477765093608683
53058882,104,1785477765034224388,6,1785477765034224388,0,1785477765087346865,1785477765087346865,edp_ag0,0,2,55,expert_dp_param_allgather:pg=1139,1785477765034287983,63595,expert_dp_param_allgather,2,1887436800,same_rank_dp_ag0,10280,1785477765029910753,1785477765029974348,1785477765029910753,1.0,iter55:pp6:edp_ag0:round0:expert_dp_param_allgather:pg=1139,iter55:pp6:edp_ag0:round0:expert_dp_param_allgather:pg=1139:rel-e35efba9b8da,mock_oisa_scale_1.2,63734253,63595,63670658,63734253,63670658,1785477765093645006,-1,0,trace_group_end_lag_clamped,1785477765093645006
59942137,97,1785477765034280153,6,1785477765034222300,48486,1785477765094173804,1785477765094222290,edp_ag0,0,2,55,expert_dp_param_allgather:pg=1141,1785477765034280153,0,expert_dp_param_allgather,2,1887436800,same_rank_dp_ag0,26840,1785477765029966518,1785477765029966518,1785477765029908665,1.0,iter55:pp6:edp_ag0:round0:expert_dp_param_allgather:pg=1141,iter55:pp6:edp_ag0:round0:expert_dp_param_allgather:pg=1141:rel-00d06647e16c,mock_oisa_scale_1.2,71988417,57853,71930564,71988417,71930564,1785477765101897082,-1,48486,trace_group_end_lag_clamped,1785477765101848596
59942137,105,1785477765034222300,6,1785477765034222300,0,1785477765094222290,1785477765094222290,edp_ag0,0,2,55,expert_dp_param_allgather:pg=1141,1785477765034280153,57853,expert_dp_param_allgather,2,1887436800,same_rank_dp_ag0,10840,1785477765029908665,1785477765029966518,1785477765029908665,1.0,iter55:pp6:edp_ag0:round0:expert_dp_param_allgather:pg=1141,iter55:pp6:edp_ag0:round0:expert_dp_param_allgather:pg=1141:rel-00d06647e16c,mock_oisa_scale_1.2,71988417,57853,71930564,71988417,71930564,1785477765101897082,-1,0,trace_group_end_lag_clamped,1785477765101897082
52304952,98,1785477765034260235,6,1785477765034228422,0,1785477765086565187,1785477765086565187,edp_ag0,0,2,55,expert_dp_param_allgather:pg=1143,1785477765034260235,0,expert_dp_param_allgather,2,1887436800,same_rank_dp_ag0,10920,1785477765029946600,1785477765029946600,1785477765029914787,1.0,iter55:pp6:edp_ag0:round0:expert_dp_param_allgather:pg=1143,iter55:pp6:edp_ag0:round0:expert_dp_param_allgather:pg=1143:rel-80b6abe6db21,mock_oisa_scale_1.2,62797755,31813,62765942,62797755,62765942,1785477765092712542,-1,0,trace_group_end_lag_clamped,1785477765092712542
52304952,106,1785477765034228422,6,1785477765034228422,45382,1785477765086519805,1785477765086565187,edp_ag0,0,2,55,expert_dp_param_allgather:pg=1143,1785477765034260235,31813,expert_dp_param_allgather,2,1887436800,same_rank_dp_ag0,47880,1785477765029914787,1785477765029946600,1785477765029914787,1.0,iter55:pp6:edp_ag0:round0:expert_dp_param_allgather:pg=1143,iter55:pp6:edp_ag0:round0:expert_dp_param_allgather:pg=1143:rel-80b6abe6db21,mock_oisa_scale_1.2,62797755,31813,62765942,62797755,62765942,1785477765092712542,-1,45382,trace_group_end_lag_clamped,1785477765092667160
60960636,99,1785477765034265025,6,1785477765034227964,0,1785477765095225661,1785477765095225661,edp_ag0,0,2,55,expert_dp_param_allgather:pg=1145,1785477765034265025,0,expert_dp_param_allgather,2,1887436800,same_rank_dp_ag0,11960,1785477765029951390,1785477765029951390,1785477765029914329,1.0,iter55:pp6:edp_ag0:round0:expert_dp_param_allgather:pg=1145,iter55:pp6:edp_ag0:round0:expert_dp_param_allgather:pg=1145:rel-6d3857e8cc03,mock_oisa_scale_1.2,73189824,37061,73152763,73189824,73152763,1785477765103104153,-1,0,trace_group_end_lag_clamped,1785477765103104153
60960636,107,1785477765034227964,6,1785477765034227964,56856,1785477765095168805,1785477765095225661,edp_ag0,0,2,55,expert_dp_param_allgather:pg=1145,1785477765034265025,37061,expert_dp_param_allgather,2,1887436800,same_rank_dp_ag0,10621,1785477765029914329,1785477765029951390,1785477765029914329,1.0,iter55:pp6:edp_ag0:round0:expert_dp_param_allgather:pg=1145,iter55:pp6:edp_ag0:round0:expert_dp_param_allgather:pg=1145:rel-6d3857e8cc03,mock_oisa_scale_1.2,73189824,37061,73152763,73189824,73152763,1785477765103104153,-1,56856,trace_group_end_lag_clamped,1785477765103047297
53612325,100,1785477765034258328,6,1785477765034219180,66704,1785477765087803949,1785477765087870653,edp_ag0,0,2,55,expert_dp_param_allgather:pg=1147,1785477765034258328,0,expert_dp_param_allgather,2,1887436800,same_rank_dp_ag0,10749,1785477765029944693,1785477765029944693,1785477765029905545,1.0,iter55:pp6:edp_ag0:round0:expert_dp_param_allgather:pg=1147,iter55:pp6:edp_ag0:round0:expert_dp_param_allgather:pg=1147:rel-ea760f2401ed,mock_oisa_scale_1.2,64373938,39148,64334790,64373938,64334790,1785477765094279483,-1,66704,trace_group_end_lag_clamped,1785477765094212779
53612325,108,1785477765034219180,6,1785477765034219180,0,1785477765087870653,1785477765087870653,edp_ag0,0,2,55,expert_dp_param_allgather:pg=1147,1785477765034258328,39148,expert_dp_param_allgather,2,1887436800,same_rank_dp_ag0,10440,1785477765029905545,1785477765029944693,1785477765029905545,1.0,iter55:pp6:edp_ag0:round0:expert_dp_param_allgather:pg=1147,iter55:pp6:edp_ag0:round0:expert_dp_param_allgather:pg=1147:rel-ea760f2401ed,mock_oisa_scale_1.2,64373938,39148,64334790,64373938,64334790,1785477765094279483,-1,0,trace_group_end_lag_clamped,1785477765094279483
54213052,101,1785477765034228102,6,1785477765034228102,27207,1785477765088422852,1785477765088450059,edp_ag0,0,2,55,expert_dp_param_allgather:pg=1149,1785477765034237007,8905,expert_dp_param_allgather,2,1887436800,same_rank_dp_ag0,45720,1785477765029914467,1785477765029923372,1785477765029914467,1.0,iter55:pp6:edp_ag0:round0:expert_dp_param_allgather:pg=1149,iter55:pp6:edp_ag0:round0:expert_dp_param_allgather:pg=1149:rel-08b147d61e9d,mock_oisa_scale_1.2,65064567,8905,65055662,65064567,65055662,1785477765094979034,-1,27207,trace_group_end_lag_clamped,1785477765094951827
54213052,109,1785477765034237007,6,1785477765034228102,0,1785477765088450059,1785477765088450059,edp_ag0,0,2,55,expert_dp_param_allgather:pg=1149,1785477765034237007,0,expert_dp_param_allgather,2,1887436800,same_rank_dp_ag0,10280,1785477765029923372,1785477765029923372,1785477765029914467,1.0,iter55:pp6:edp_ag0:round0:expert_dp_param_allgather:pg=1149,iter55:pp6:edp_ag0:round0:expert_dp_param_allgather:pg=1149:rel-08b147d61e9d,mock_oisa_scale_1.2,65064567,8905,65055662,65064567,65055662,1785477765094979034,-1,0,trace_group_end_lag_clamped,1785477765094979034
57858114,102,1785477765034245029,6,1785477765034206734,0,1785477765092103143,1785477765092103143,edp_ag0,0,2,55,expert_dp_param_allgather:pg=1151,1785477765034245029,0,expert_dp_param_allgather,2,1887436800,same_rank_dp_ag0,10720,1785477765029931394,1785477765029931394,1785477765029893099,1.0,iter55:pp6:edp_ag0:round0:expert_dp_param_allgather:pg=1151,iter55:pp6:edp_ag0:round0:expert_dp_param_allgather:pg=1151:rel-419ec6fa4148,mock_oisa_scale_1.2,69468032,38295,69429737,69468032,69429737,1785477765099361131,-1,0,trace_group_end_lag_clamped,1785477765099361131
57858114,110,1785477765034206734,6,1785477765034206734,77254,1785477765092025889,1785477765092103143,edp_ag0,0,2,55,expert_dp_param_allgather:pg=1151,1785477765034245029,38295,expert_dp_param_allgather,2,1887436800,same_rank_dp_ag0,38600,1785477765029893099,1785477765029931394,1785477765029893099,1.0,iter55:pp6:edp_ag0:round0:expert_dp_param_allgather:pg=1151,iter55:pp6:edp_ag0:round0:expert_dp_param_allgather:pg=1151:rel-419ec6fa4148,mock_oisa_scale_1.2,69468032,38295,69429737,69468032,69429737,1785477765099361131,-1,77254,trace_group_end_lag_clamped,1785477765099283877
53946517,103,1785477765034265576,6,1785477765034218461,0,1785477765088212093,1785477765088212093,edp_ag0,0,2,55,expert_dp_param_allgather:pg=1153,1785477765034265576,0,expert_dp_param_allgather,2,1887436800,same_rank_dp_ag0,20680,1785477765029951941,1785477765029951941,1785477765029904826,1.0,iter55:pp6:edp_ag0:round0:expert_dp_param_allgather:pg=1153,iter55:pp6:edp_ag0:round0:expert_dp_param_allgather:pg=1153:rel-6f5d77996879,mock_oisa_scale_1.2,64782935,47115,64735820,64782935,64735820,1785477765094687761,-1,0,trace_group_end_lag_clamped,1785477765094687761
53946517,111,1785477765034218461,6,1785477765034218461,19470,1785477765088192623,1785477765088212093,edp_ag0,0,2,55,expert_dp_param_allgather:pg=1153,1785477765034265576,47115,expert_dp_param_allgather,2,1887436800,same_rank_dp_ag0,26600,1785477765029904826,1785477765029951941,1785477765029904826,1.0,iter55:pp6:edp_ag0:round0:expert_dp_param_allgather:pg=1153,iter55:pp6:edp_ag0:round0:expert_dp_param_allgather:pg=1153:rel-6f5d77996879,mock_oisa_scale_1.2,64782935,47115,64735820,64782935,64735820,1785477765094687761,-1,19470,trace_group_end_lag_clamped,1785477765094668291
51395326,96,1785477765190930235,6,1785477765190930235,0,1785477765242366538,1785477765242366538,edp_ag1,1,2,55,expert_dp_param_allgather:pg=1139,1785477765190971212,40977,expert_dp_param_allgather,2,1887436800,same_rank_dp_ag1,14640,1785477765200327977,1785477765200368954,1785477765200327977,1.0,iter55:pp6:edp_ag1:round1:expert_dp_param_allgather:pg=1139,iter55:pp6:edp_ag1:round1:expert_dp_param_allgather:pg=1139:rel-23cfce5554c6,mock_oisa_scale_1.2,61715368,40977,61674391,61715368,61674391,1785477765262043345,-1,0,trace_group_end_lag_clamped,1785477765262043345
51395326,104,1785477765190971212,6,1785477765190930235,4173,1785477765242362365,1785477765242366538,edp_ag1,1,2,55,expert_dp_param_allgather:pg=1139,1785477765190971212,0,expert_dp_param_allgather,2,1887436800,same_rank_dp_ag1,39480,1785477765200368954,1785477765200368954,1785477765200327977,1.0,iter55:pp6:edp_ag1:round1:expert_dp_param_allgather:pg=1139,iter55:pp6:edp_ag1:round1:expert_dp_param_allgather:pg=1139:rel-23cfce5554c6,mock_oisa_scale_1.2,61715368,40977,61674391,61715368,61674391,1785477765262043345,-1,4173,trace_group_end_lag_clamped,1785477765262039172
60282932,97,1785477765190971214,6,1785477765190955665,0,1785477765251254146,1785477765251254146,edp_ag1,1,2,55,expert_dp_param_allgather:pg=1141,1785477765190971214,0,expert_dp_param_allgather,2,1887436800,same_rank_dp_ag1,45920,1785477765200368956,1785477765200368956,1785477765200353407,1.0,iter55:pp6:edp_ag1:round1:expert_dp_param_allgather:pg=1141,iter55:pp6:edp_ag1:round1:expert_dp_param_allgather:pg=1141:rel-1d95e06883bb,mock_oisa_scale_1.2,72355067,15549,72339518,72355067,72339518,1785477765272708474,-1,0,trace_group_end_lag_clamped,1785477765272708474
60282932,105,1785477765190955665,6,1785477765190955665,29094,1785477765251225052,1785477765251254146,edp_ag1,1,2,55,expert_dp_param_allgather:pg=1141,1785477765190971214,15549,expert_dp_param_allgather,2,1887436800,same_rank_dp_ag1,12760,1785477765200353407,1785477765200368956,1785477765200353407,1.0,iter55:pp6:edp_ag1:round1:expert_dp_param_allgather:pg=1141,iter55:pp6:edp_ag1:round1:expert_dp_param_allgather:pg=1141:rel-1d95e06883bb,mock_oisa_scale_1.2,72355067,15549,72339518,72355067,72339518,1785477765272708474,-1,29094,trace_group_end_lag_clamped,1785477765272679380
53373503,98,1785477765190945969,6,1785477765190945969,73470,1785477765244270924,1785477765244344394,edp_ag1,1,2,55,expert_dp_param_allgather:pg=1143,1785477765190970891,24922,expert_dp_param_allgather,2,1887436800,same_rank_dp_ag1,12280,1785477765200343711,1785477765200368633,1785477765200343711,1.0,iter55:pp6:edp_ag1:round1:expert_dp_param_allgather:pg=1143,iter55:pp6:edp_ag1:round1:expert_dp_param_allgather:pg=1143:rel-6fce22a602e8,mock_oisa_scale_1.2,64073126,24922,64048204,64073126,64048204,1785477765264416837,-1,73470,trace_group_end_lag_clamped,1785477765264343367
53373503,106,1785477765190970891,6,1785477765190945969,0,1785477765244344394,1785477765244344394,edp_ag1,1,2,55,expert_dp_param_allgather:pg=1143,1785477765190970891,0,expert_dp_param_allgather,2,1887436800,same_rank_dp_ag1,23680,1785477765200368633,1785477765200368633,1785477765200343711,1.0,iter55:pp6:edp_ag1:round1:expert_dp_param_allgather:pg=1143,iter55:pp6:edp_ag1:round1:expert_dp_param_allgather:pg=1143:rel-6fce22a602e8,mock_oisa_scale_1.2,64073126,24922,64048204,64073126,64048204,1785477765264416837,-1,0,trace_group_end_lag_clamped,1785477765264416837
53765387,99,1785477765190968780,6,1785477765190844686,0,1785477765244734167,1785477765244734167,edp_ag1,1,2,55,expert_dp_param_allgather:pg=1145,1785477765190968780,0,expert_dp_param_allgather,2,1887436800,same_rank_dp_ag1,11960,1785477765200366522,1785477765200366522,1785477765200242428,1.0,iter55:pp6:edp_ag1:round1:expert_dp_param_allgather:pg=1145,iter55:pp6:edp_ag1:round1:expert_dp_param_allgather:pg=1145:rel-94df0319f745,mock_oisa_scale_1.2,64642558,124094,64518464,64642558,64518464,1785477765264884986,-1,0,trace_group_end_lag_clamped,1785477765264884986
53765387,107,1785477765190844686,6,1785477765190844686,51473,1785477765244682694,1785477765244734167,edp_ag1,1,2,55,expert_dp_param_allgather:pg=1145,1785477765190968780,124094,expert_dp_param_allgather,2,1887436800,same_rank_dp_ag1,10840,1785477765200242428,1785477765200366522,1785477765200242428,1.0,iter55:pp6:edp_ag1:round1:expert_dp_param_allgather:pg=1145,iter55:pp6:edp_ag1:round1:expert_dp_param_allgather:pg=1145:rel-94df0319f745,mock_oisa_scale_1.2,64642558,124094,64518464,64642558,64518464,1785477765264884986,-1,51473,trace_group_end_lag_clamped,1785477765264833513
57989796,100,1785477765190971646,6,1785477765190951682,38427,1785477765248923015,1785477765248961442,edp_ag1,1,2,55,expert_dp_param_allgather:pg=1147,1785477765190971646,0,expert_dp_param_allgather,2,1887436800,same_rank_dp_ag1,59800,1785477765200369388,1785477765200369388,1785477765200349424,1.0,iter55:pp6:edp_ag1:round1:expert_dp_param_allgather:pg=1147,iter55:pp6:edp_ag1:round1:expert_dp_param_allgather:pg=1147:rel-d819f5057d16,mock_oisa_scale_1.2,69607719,19964,69587755,69607719,69587755,1785477765269957143,-1,38427,trace_group_end_lag_clamped,1785477765269918716
57989796,108,1785477765190951682,6,1785477765190951682,0,1785477765248961442,1785477765248961442,edp_ag1,1,2,55,expert_dp_param_allgather:pg=1147,1785477765190971646,19964,expert_dp_param_allgather,2,1887436800,same_rank_dp_ag1,12040,1785477765200349424,1785477765200369388,1785477765200349424,1.0,iter55:pp6:edp_ag1:round1:expert_dp_param_allgather:pg=1147,iter55:pp6:edp_ag1:round1:expert_dp_param_allgather:pg=1147:rel-d819f5057d16,mock_oisa_scale_1.2,69607719,19964,69587755,69607719,69587755,1785477765269957143,-1,0,trace_group_end_lag_clamped,1785477765269957143
53746973,101,1785477765190942696,6,1785477765190942696,5932,1785477765244698765,1785477765244704697,edp_ag1,1,2,55,expert_dp_param_allgather:pg=1149,1785477765190957724,15028,expert_dp_param_allgather,2,1887436800,same_rank_dp_ag1,47240,1785477765200340438,1785477765200355466,1785477765200340438,1.0,iter55:pp6:edp_ag1:round1:expert_dp_param_allgather:pg=1149,iter55:pp6:edp_ag1:round1:expert_dp_param_allgather:pg=1149:rel-1c8c2a7aaa5f,mock_oisa_scale_1.2,64511396,15028,64496368,64511396,64496368,1785477765264851834,-1,5932,trace_group_end_lag_clamped,1785477765264845902
53746973,109,1785477765190957724,6,1785477765190942696,0,1785477765244704697,1785477765244704697,edp_ag1,1,2,55,expert_dp_param_allgather:pg=1149,1785477765190957724,0,expert_dp_param_allgather,2,1887436800,same_rank_dp_ag1,10800,1785477765200355466,1785477765200355466,1785477765200340438,1.0,iter55:pp6:edp_ag1:round1:expert_dp_param_allgather:pg=1149,iter55:pp6:edp_ag1:round1:expert_dp_param_allgather:pg=1149:rel-1c8c2a7aaa5f,mock_oisa_scale_1.2,64511396,15028,64496368,64511396,64496368,1785477765264851834,-1,0,trace_group_end_lag_clamped,1785477765264851834
53845207,102,1785477765190936263,6,1785477765190936263,0,1785477765244843859,1785477765244843859,edp_ag1,1,2,55,expert_dp_param_allgather:pg=1151,1785477765190998652,62389,expert_dp_param_allgather,2,1887436800,same_rank_dp_ag1,11600,1785477765200334005,1785477765200396394,1785477765200334005,1.0,iter55:pp6:edp_ag1:round1:expert_dp_param_allgather:pg=1151,iter55:pp6:edp_ag1:round1:expert_dp_param_allgather:pg=1151:rel-55f78af9f35a,mock_oisa_scale_1.2,64676637,62389,64614248,64676637,64614248,1785477765265010642,-1,0,trace_group_end_lag_clamped,1785477765265010642
53845207,110,1785477765190998652,6,1785477765190936263,10049,1785477765244833810,1785477765244843859,edp_ag1,1,2,55,expert_dp_param_allgather:pg=1151,1785477765190998652,0,expert_dp_param_allgather,2,1887436800,same_rank_dp_ag1,59800,1785477765200396394,1785477765200396394,1785477765200334005,1.0,iter55:pp6:edp_ag1:round1:expert_dp_param_allgather:pg=1151,iter55:pp6:edp_ag1:round1:expert_dp_param_allgather:pg=1151:rel-55f78af9f35a,mock_oisa_scale_1.2,64676637,62389,64614248,64676637,64614248,1785477765265010642,-1,10049,trace_group_end_lag_clamped,1785477765265000593
53407237,103,1785477765190991488,6,1785477765190949641,0,1785477765244398725,1785477765244398725,edp_ag1,1,2,55,expert_dp_param_allgather:pg=1153,1785477765190991488,0,expert_dp_param_allgather,2,1887436800,same_rank_dp_ag1,63280,1785477765200389230,1785477765200389230,1785477765200347383,1.0,iter55:pp6:edp_ag1:round1:expert_dp_param_allgather:pg=1153,iter55:pp6:edp_ag1:round1:expert_dp_param_allgather:pg=1153:rel-9a06b39e269c,mock_oisa_scale_1.2,64130531,41847,64088684,64130531,64088684,1785477765264477914,-1,0,trace_group_end_lag_clamped,1785477765264477914
53407237,111,1785477765190949641,6,1785477765190949641,72325,1785477765244326400,1785477765244398725,edp_ag1,1,2,55,expert_dp_param_allgather:pg=1153,1785477765190991488,41847,expert_dp_param_allgather,2,1887436800,same_rank_dp_ag1,10880,1785477765200347383,1785477765200389230,1785477765200347383,1.0,iter55:pp6:edp_ag1:round1:expert_dp_param_allgather:pg=1153,iter55:pp6:edp_ag1:round1:expert_dp_param_allgather:pg=1153:rel-9a06b39e269c,mock_oisa_scale_1.2,64130531,41847,64088684,64130531,64088684,1785477765264477914,-1,72325,trace_group_end_lag_clamped,1785477765264405589
219973768,96,1785477760524465113,6,1785477760524360817,0,1785477760744438881,1785477760744438881,edp_rs,0,2,55,expert_dp_grad_reduce_scatter:pg=1139,1785477760524465113,0,expert_dp_grad_reduce_scatter,2,7549747200,same_rank_dp_rs,17659611,1785477760506615451,1785477760506615451,1785477760506511155,1.0,iter55:pp6:edp_rs:round0:expert_dp_grad_reduce_scatter:pg=1139,iter55:pp6:edp_rs:round0:expert_dp_grad_reduce_scatter:pg=1139:rel-d42e4641fe01,mock_oisa_scale_1.2,264072818,104296,263968522,264072818,263968522,1785477760770583973,-1,0,trace_group_end_lag_clamped,1785477760770583973
219973768,104,1785477760524360817,6,1785477760524360817,50859,1785477760744388022,1785477760744438881,edp_rs,0,2,55,expert_dp_grad_reduce_scatter:pg=1139,1785477760524465113,104296,expert_dp_grad_reduce_scatter,2,7549747200,same_rank_dp_rs,17561106,1785477760506511155,1785477760506615451,1785477760506511155,1.0,iter55:pp6:edp_rs:round0:expert_dp_grad_reduce_scatter:pg=1139,iter55:pp6:edp_rs:round0:expert_dp_grad_reduce_scatter:pg=1139:rel-d42e4641fe01,mock_oisa_scale_1.2,264072818,104296,263968522,264072818,263968522,1785477760770583973,-1,50859,trace_group_end_lag_clamped,1785477760770533114
212468386,97,1785477760524419559,6,1785477760524203925,55261,1785477760736832684,1785477760736887945,edp_rs,0,2,55,expert_dp_grad_reduce_scatter:pg=1141,1785477760524419559,0,expert_dp_grad_reduce_scatter,2,7549747200,same_rank_dp_rs,17651321,1785477760506569897,1785477760506569897,1785477760506354263,1.0,iter55:pp6:edp_rs:round0:expert_dp_grad_reduce_scatter:pg=1141,iter55:pp6:edp_rs:round0:expert_dp_grad_reduce_scatter:pg=1141:rel-caeacd8507d6,mock_oisa_scale_1.2,255177697,215634,254962063,255177697,254962063,1785477760761531960,-1,55261,trace_group_end_lag_clamped,1785477760761476699
212468386,105,1785477760524203925,6,1785477760524203925,0,1785477760736887945,1785477760736887945,edp_rs,0,2,55,expert_dp_grad_reduce_scatter:pg=1141,1785477760524419559,215634,expert_dp_grad_reduce_scatter,2,7549747200,same_rank_dp_rs,17399089,1785477760506354263,1785477760506569897,1785477760506354263,1.0,iter55:pp6:edp_rs:round0:expert_dp_grad_reduce_scatter:pg=1141,iter55:pp6:edp_rs:round0:expert_dp_grad_reduce_scatter:pg=1141:rel-caeacd8507d6,mock_oisa_scale_1.2,255177697,215634,254962063,255177697,254962063,1785477760761531960,-1,0,trace_group_end_lag_clamped,1785477760761531960
216464933,98,1785477760524554695,6,1785477760524431775,0,1785477760741019628,1785477760741019628,edp_rs,0,2,55,expert_dp_grad_reduce_scatter:pg=1143,1785477760524554695,0,expert_dp_grad_reduce_scatter,2,7549747200,same_rank_dp_rs,17746910,1785477760506705033,1785477760506705033,1785477760506582113,1.0,iter55:pp6:edp_rs:round0:expert_dp_grad_reduce_scatter:pg=1143,iter55:pp6:edp_rs:round0:expert_dp_grad_reduce_scatter:pg=1143:rel-212addbdedeb,mock_oisa_scale_1.2,259880840,122920,259757920,259880840,259757920,1785477760766462953,-1,0,trace_group_end_lag_clamped,1785477760766462953
216464933,106,1785477760524431775,6,1785477760524431775,43508,1785477760740976120,1785477760741019628,edp_rs,0,2,55,expert_dp_grad_reduce_scatter:pg=1143,1785477760524554695,122920,expert_dp_grad_reduce_scatter,2,7549747200,same_rank_dp_rs,17676438,1785477760506582113,1785477760506705033,1785477760506582113,1.0,iter55:pp6:edp_rs:round0:expert_dp_grad_reduce_scatter:pg=1143,iter55:pp6:edp_rs:round0:expert_dp_grad_reduce_scatter:pg=1143:rel-212addbdedeb,mock_oisa_scale_1.2,259880840,122920,259757920,259880840,259757920,1785477760766462953,-1,43508,trace_group_end_lag_clamped,1785477760766419445
211763984,99,1785477760524499233,6,1785477760524378711,0,1785477760736263217,1785477760736263217,edp_rs,0,2,55,expert_dp_grad_reduce_scatter:pg=1145,1785477760524499233,0,expert_dp_grad_reduce_scatter,2,7549747200,same_rank_dp_rs,17714705,1785477760506649571,1785477760506649571,1785477760506529049,1.0,iter55:pp6:edp_rs:round0:expert_dp_grad_reduce_scatter:pg=1145,iter55:pp6:edp_rs:round0:expert_dp_grad_reduce_scatter:pg=1145:rel-d0ba55d64eff,mock_oisa_scale_1.2,254237303,120522,254116781,254237303,254116781,1785477760760766352,-1,0,trace_group_end_lag_clamped,1785477760760766352
211763984,107,1785477760524378711,6,1785477760524378711,71628,1785477760736191589,1785477760736263217,edp_rs,0,2,55,expert_dp_grad_reduce_scatter:pg=1145,1785477760524499233,120522,expert_dp_grad_reduce_scatter,2,7549747200,same_rank_dp_rs,17581203,1785477760506529049,1785477760506649571,1785477760506529049,1.0,iter55:pp6:edp_rs:round0:expert_dp_grad_reduce_scatter:pg=1145,iter55:pp6:edp_rs:round0:expert_dp_grad_reduce_scatter:pg=1145:rel-d0ba55d64eff,mock_oisa_scale_1.2,254237303,120522,254116781,254237303,254116781,1785477760760766352,-1,71628,trace_group_end_lag_clamped,1785477760760694724
207972120,100,1785477760524626307,6,1785477760524431414,87480,1785477760732510947,1785477760732598427,edp_rs,0,2,55,expert_dp_grad_reduce_scatter:pg=1147,1785477760524626307,0,expert_dp_grad_reduce_scatter,2,7549747200,same_rank_dp_rs,17873874,1785477760506776645,1785477760506776645,1785477760506581752,1.0,iter55:pp6:edp_rs:round0:expert_dp_grad_reduce_scatter:pg=1147,iter55:pp6:edp_rs:round0:expert_dp_grad_reduce_scatter:pg=1147:rel-f28a67947d09,mock_oisa_scale_1.2,249761437,194893,249566544,249761437,249566544,1785477760756343189,-1,87480,trace_group_end_lag_clamped,1785477760756255709
207972120,108,1785477760524431414,6,1785477760524431414,0,1785477760732598427,1785477760732598427,edp_rs,0,2,55,expert_dp_grad_reduce_scatter:pg=1147,1785477760524626307,194893,expert_dp_grad_reduce_scatter,2,7549747200,same_rank_dp_rs,17665505,1785477760506581752,1785477760506776645,1785477760506581752,1.0,iter55:pp6:edp_rs:round0:expert_dp_grad_reduce_scatter:pg=1147,iter55:pp6:edp_rs:round0:expert_dp_grad_reduce_scatter:pg=1147:rel-f28a67947d09,mock_oisa_scale_1.2,249761437,194893,249566544,249761437,249566544,1785477760756343189,-1,0,trace_group_end_lag_clamped,1785477760756343189
207710091,101,1785477760524384385,6,1785477760524306832,0,1785477760732094476,1785477760732094476,edp_rs,0,2,55,expert_dp_grad_reduce_scatter:pg=1149,1785477760524384385,0,expert_dp_grad_reduce_scatter,2,7549747200,same_rank_dp_rs,17578008,1785477760506534723,1785477760506534723,1785477760506457170,1.0,iter55:pp6:edp_rs:round0:expert_dp_grad_reduce_scatter:pg=1149,iter55:pp6:edp_rs:round0:expert_dp_grad_reduce_scatter:pg=1149:rel-5d2987245d88,mock_oisa_scale_1.2,249329662,77553,249252109,249329662,249252109,1785477760755786832,-1,0,trace_group_end_lag_clamped,1785477760755786832
207710091,109,1785477760524306832,6,1785477760524306832,59252,1785477760732035224,1785477760732094476,edp_rs,0,2,55,expert_dp_grad_reduce_scatter:pg=1149,1785477760524384385,77553,expert_dp_grad_reduce_scatter,2,7549747200,same_rank_dp_rs,17494046,1785477760506457170,1785477760506534723,1785477760506457170,1.0,iter55:pp6:edp_rs:round0:expert_dp_grad_reduce_scatter:pg=1149,iter55:pp6:edp_rs:round0:expert_dp_grad_reduce_scatter:pg=1149:rel-5d2987245d88,mock_oisa_scale_1.2,249329662,77553,249252109,249329662,249252109,1785477760755786832,-1,59252,trace_group_end_lag_clamped,1785477760755727580
201867272,102,1785477760524641878,6,1785477760524626202,0,1785477760726509150,1785477760726509150,edp_rs,0,2,55,expert_dp_grad_reduce_scatter:pg=1151,1785477760524641878,0,expert_dp_grad_reduce_scatter,2,7549747200,same_rank_dp_rs,17898785,1785477760506792216,1785477760506792216,1785477760506776540,1.0,iter55:pp6:edp_rs:round0:expert_dp_grad_reduce_scatter:pg=1151,iter55:pp6:edp_rs:round0:expert_dp_grad_reduce_scatter:pg=1151:rel-085389c3d4ba,mock_oisa_scale_1.2,242256402,15676,242240726,242256402,242240726,1785477760749032942,-1,0,trace_group_end_lag_clamped,1785477760749032942
201867272,110,1785477760524626202,6,1785477760524626202,39236,1785477760726469914,1785477760726509150,edp_rs,0,2,55,expert_dp_grad_reduce_scatter:pg=1151,1785477760524641878,15676,expert_dp_grad_reduce_scatter,2,7549747200,same_rank_dp_rs,17835545,1785477760506776540,1785477760506792216,1785477760506776540,1.0,iter55:pp6:edp_rs:round0:expert_dp_grad_reduce_scatter:pg=1151,iter55:pp6:edp_rs:round0:expert_dp_grad_reduce_scatter:pg=1151:rel-085389c3d4ba,mock_oisa_scale_1.2,242256402,15676,242240726,242256402,242240726,1785477760749032942,-1,39236,trace_group_end_lag_clamped,1785477760748993706
219410110,103,1785477760524876206,6,1785477760524476361,0,1785477760744286316,1785477760744286316,edp_rs,0,2,55,expert_dp_grad_reduce_scatter:pg=1153,1785477760524876206,0,expert_dp_grad_reduce_scatter,2,7549747200,same_rank_dp_rs,18121391,1785477760507026544,1785477760507026544,1785477760506626699,1.0,iter55:pp6:edp_rs:round0:expert_dp_grad_reduce_scatter:pg=1153,iter55:pp6:edp_rs:round0:expert_dp_grad_reduce_scatter:pg=1153:rel-f8c916bf3ec3,mock_oisa_scale_1.2,263691977,399845,263292132,263691977,263292132,1785477760770318676,-1,0,trace_group_end_lag_clamped,1785477760770318676
219410110,111,1785477760524476361,6,1785477760524476361,82376,1785477760744203940,1785477760744286316,edp_rs,0,2,55,expert_dp_grad_reduce_scatter:pg=1153,1785477760524876206,399845,expert_dp_grad_reduce_scatter,2,7549747200,same_rank_dp_rs,17674919,1785477760506626699,1785477760507026544,1785477760506626699,1.0,iter55:pp6:edp_rs:round0:expert_dp_grad_reduce_scatter:pg=1153,iter55:pp6:edp_rs:round0:expert_dp_grad_reduce_scatter:pg=1153:rel-f8c916bf3ec3,mock_oisa_scale_1.2,263691977,399845,263292132,263691977,263292132,1785477760770318676,-1,82376,trace_group_end_lag_clamped,1785477760770236300
7790282,112,1785477765025750576,7,1785477765025679605,2039,1785477765034128866,1785477765034130905,dp_ag0,0,16,55,dp_param_allgather:pg=15,1785477765026340623,590047,dp_param_allgather,16,98621440,world_rs_done,29074319,1785477765019934253,1785477765020524300,1785477765019863282,1.0,iter55:pp7:dp_ag0:round0:dp_param_allgather:pg=15,iter55:pp7:dp_ag0:round0:dp_param_allgather:pg=15:rel-3ca45b340ca7,mock_oisa_scale_1.2,10009356,661018,9348338,10009356,9348338,1785477765029872638,-1,2039,trace_group_end_lag_clamped,1785477765029870599
7790282,113,1785477765025916057,7,1785477765025679605,26766,1785477765034104139,1785477765034130905,dp_ag0,0,16,55,dp_param_allgather:pg=15,1785477765026340623,424566,dp_param_allgather,16,98621440,world_rs_done,29239800,1785477765020099734,1785477765020524300,1785477765019863282,1.0,iter55:pp7:dp_ag0:round0:dp_param_allgather:pg=15,iter55:pp7:dp_ag0:round0:dp_param_allgather:pg=15:rel-3ca45b340ca7,mock_oisa_scale_1.2,10009356,661018,9348338,10009356,9348338,1785477765029872638,-1,26766,trace_group_end_lag_clamped,1785477765029845872
7790282,114,1785477765026020822,7,1785477765025679605,3527,1785477765034127378,1785477765034130905,dp_ag0,0,16,55,dp_param_allgather:pg=15,1785477765026340623,319801,dp_param_allgather,16,98621440,world_rs_done,29344565,1785477765020204499,1785477765020524300,1785477765019863282,1.0,iter55:pp7:dp_ag0:round0:dp_param_allgather:pg=15,iter55:pp7:dp_ag0:round0:dp_param_allgather:pg=15:rel-3ca45b340ca7,mock_oisa_scale_1.2,10009356,661018,9348338,10009356,9348338,1785477765029872638,-1,3527,trace_group_end_lag_clamped,1785477765029869111
7790282,115,1785477765026025117,7,1785477765025679605,88039,1785477765034042866,1785477765034130905,dp_ag0,0,16,55,dp_param_allgather:pg=15,1785477765026340623,315506,dp_param_allgather,16,98621440,world_rs_done,29348860,1785477765020208794,1785477765020524300,1785477765019863282,1.0,iter55:pp7:dp_ag0:round0:dp_param_allgather:pg=15,iter55:pp7:dp_ag0:round0:dp_param_allgather:pg=15:rel-3ca45b340ca7,mock_oisa_scale_1.2,10009356,661018,9348338,10009356,9348338,1785477765029872638,-1,88039,trace_group_end_lag_clamped,1785477765029784599
7790282,116,1785477765025707927,7,1785477765025679605,20561,1785477765034110344,1785477765034130905,dp_ag0,0,16,55,dp_param_allgather:pg=15,1785477765026340623,632696,dp_param_allgather,16,98621440,world_rs_done,29031670,1785477765019891604,1785477765020524300,1785477765019863282,1.0,iter55:pp7:dp_ag0:round0:dp_param_allgather:pg=15,iter55:pp7:dp_ag0:round0:dp_param_allgather:pg=15:rel-3ca45b340ca7,mock_oisa_scale_1.2,10009356,661018,9348338,10009356,9348338,1785477765029872638,-1,20561,trace_group_end_lag_clamped,1785477765029852077
7790282,117,1785477765025836553,7,1785477765025679605,0,1785477765034130905,1785477765034130905,dp_ag0,0,16,55,dp_param_allgather:pg=15,1785477765026340623,504070,dp_param_allgather,16,98621440,world_rs_done,29160296,1785477765020020230,1785477765020524300,1785477765019863282,1.0,iter55:pp7:dp_ag0:round0:dp_param_allgather:pg=15,iter55:pp7:dp_ag0:round0:dp_param_allgather:pg=15:rel-3ca45b340ca7,mock_oisa_scale_1.2,10009356,661018,9348338,10009356,9348338,1785477765029872638,-1,0,trace_group_end_lag_clamped,1785477765029872638
7790282,118,1785477765025909709,7,1785477765025679605,85382,1785477765034045523,1785477765034130905,dp_ag0,0,16,55,dp_param_allgather:pg=15,1785477765026340623,430914,dp_param_allgather,16,98621440,world_rs_done,29233452,1785477765020093386,1785477765020524300,1785477765019863282,1.0,iter55:pp7:dp_ag0:round0:dp_param_allgather:pg=15,iter55:pp7:dp_ag0:round0:dp_param_allgather:pg=15:rel-3ca45b340ca7,mock_oisa_scale_1.2,10009356,661018,9348338,10009356,9348338,1785477765029872638,-1,85382,trace_group_end_lag_clamped,1785477765029787256
7790282,119,1785477765026301451,7,1785477765025679605,77261,1785477765034053644,1785477765034130905,dp_ag0,0,16,55,dp_param_allgather:pg=15,1785477765026340623,39172,dp_param_allgather,16,98621440,world_rs_done,29625194,1785477765020485128,1785477765020524300,1785477765019863282,1.0,iter55:pp7:dp_ag0:round0:dp_param_allgather:pg=15,iter55:pp7:dp_ag0:round0:dp_param_allgather:pg=15:rel-3ca45b340ca7,mock_oisa_scale_1.2,10009356,661018,9348338,10009356,9348338,1785477765029872638,-1,77261,trace_group_end_lag_clamped,1785477765029795377
7790282,120,1785477765025714888,7,1785477765025679605,16684,1785477765034114221,1785477765034130905,dp_ag0,0,16,55,dp_param_allgather:pg=15,1785477765026340623,625735,dp_param_allgather,16,98621440,world_rs_done,29038631,1785477765019898565,1785477765020524300,1785477765019863282,1.0,iter55:pp7:dp_ag0:round0:dp_param_allgather:pg=15,iter55:pp7:dp_ag0:round0:dp_param_allgather:pg=15:rel-3ca45b340ca7,mock_oisa_scale_1.2,10009356,661018,9348338,10009356,9348338,1785477765029872638,-1,16684,trace_group_end_lag_clamped,1785477765029855954
7790282,121,1785477765025860205,7,1785477765025679605,15012,1785477765034115893,1785477765034130905,dp_ag0,0,16,55,dp_param_allgather:pg=15,1785477765026340623,480418,dp_param_allgather,16,98621440,world_rs_done,29183948,1785477765020043882,1785477765020524300,1785477765019863282,1.0,iter55:pp7:dp_ag0:round0:dp_param_allgather:pg=15,iter55:pp7:dp_ag0:round0:dp_param_allgather:pg=15:rel-3ca45b340ca7,mock_oisa_scale_1.2,10009356,661018,9348338,10009356,9348338,1785477765029872638,-1,15012,trace_group_end_lag_clamped,1785477765029857626
7790282,122,1785477765025876057,7,1785477765025679605,17863,1785477765034113042,1785477765034130905,dp_ag0,0,16,55,dp_param_allgather:pg=15,1785477765026340623,464566,dp_param_allgather,16,98621440,world_rs_done,29199800,1785477765020059734,1785477765020524300,1785477765019863282,1.0,iter55:pp7:dp_ag0:round0:dp_param_allgather:pg=15,iter55:pp7:dp_ag0:round0:dp_param_allgather:pg=15:rel-3ca45b340ca7,mock_oisa_scale_1.2,10009356,661018,9348338,10009356,9348338,1785477765029872638,-1,17863,trace_group_end_lag_clamped,1785477765029854775
7790282,123,1785477765026288478,7,1785477765025679605,15963,1785477765034114942,1785477765034130905,dp_ag0,0,16,55,dp_param_allgather:pg=15,1785477765026340623,52145,dp_param_allgather,16,98621440,world_rs_done,29612221,1785477765020472155,1785477765020524300,1785477765019863282,1.0,iter55:pp7:dp_ag0:round0:dp_param_allgather:pg=15,iter55:pp7:dp_ag0:round0:dp_param_allgather:pg=15:rel-3ca45b340ca7,mock_oisa_scale_1.2,10009356,661018,9348338,10009356,9348338,1785477765029872638,-1,15963,trace_group_end_lag_clamped,1785477765029856675
7790282,124,1785477765025679605,7,1785477765025679605,87360,1785477765034043545,1785477765034130905,dp_ag0,0,16,55,dp_param_allgather:pg=15,1785477765026340623,661018,dp_param_allgather,16,98621440,world_rs_done,29003348,1785477765019863282,1785477765020524300,1785477765019863282,1.0,iter55:pp7:dp_ag0:round0:dp_param_allgather:pg=15,iter55:pp7:dp_ag0:round0:dp_param_allgather:pg=15:rel-3ca45b340ca7,mock_oisa_scale_1.2,10009356,661018,9348338,10009356,9348338,1785477765029872638,-1,87360,trace_group_end_lag_clamped,1785477765029785278
7790282,125,1785477765025846736,7,1785477765025679605,20900,1785477765034110005,1785477765034130905,dp_ag0,0,16,55,dp_param_allgather:pg=15,1785477765026340623,493887,dp_param_allgather,16,98621440,world_rs_done,29170479,1785477765020030413,1785477765020524300,1785477765019863282,1.0,iter55:pp7:dp_ag0:round0:dp_param_allgather:pg=15,iter55:pp7:dp_ag0:round0:dp_param_allgather:pg=15:rel-3ca45b340ca7,mock_oisa_scale_1.2,10009356,661018,9348338,10009356,9348338,1785477765029872638,-1,20900,trace_group_end_lag_clamped,1785477765029851738
7790282,126,1785477765026340623,7,1785477765025679605,16948,1785477765034113957,1785477765034130905,dp_ag0,0,16,55,dp_param_allgather:pg=15,1785477765026340623,0,dp_param_allgather,16,98621440,world_rs_done,29664366,1785477765020524300,1785477765020524300,1785477765019863282,1.0,iter55:pp7:dp_ag0:round0:dp_param_allgather:pg=15,iter55:pp7:dp_ag0:round0:dp_param_allgather:pg=15:rel-3ca45b340ca7,mock_oisa_scale_1.2,10009356,661018,9348338,10009356,9348338,1785477765029872638,-1,16948,trace_group_end_lag_clamped,1785477765029855690
7790282,127,1785477765026339737,7,1785477765025679605,11023,1785477765034119882,1785477765034130905,dp_ag0,0,16,55,dp_param_allgather:pg=15,1785477765026340623,886,dp_param_allgather,16,98621440,world_rs_done,29663480,1785477765020523414,1785477765020524300,1785477765019863282,1.0,iter55:pp7:dp_ag0:round0:dp_param_allgather:pg=15,iter55:pp7:dp_ag0:round0:dp_param_allgather:pg=15:rel-3ca45b340ca7,mock_oisa_scale_1.2,10009356,661018,9348338,10009356,9348338,1785477765029872638,-1,11023,trace_group_end_lag_clamped,1785477765029861615
7410714,112,1785477765174999829,7,1785477765174098493,53228,1785477765193061977,1785477765193115205,dp_ag1,1,16,55,dp_param_allgather:pg=15,1785477765185704491,10704662,dp_param_allgather,16,98621440,same_rank_edp_ag0,87398643,1785477765181412914,1785477765194168075,1785477765180616438,1.0,iter55:pp7:dp_ag1:round1:dp_param_allgather:pg=15,iter55:pp7:dp_ag1:round1:dp_param_allgather:pg=15:rel-5d59b0cffefb,mock_oisa_scale_1.2,22444494,13551637,8892857,22444494,8892857,1785477765203060932,-1,53228,trace_group_end_lag_clamped,1785477765203007704
7410714,113,1785477765184033390,7,1785477765174098493,48408,1785477765193066797,1785477765193115205,dp_ag1,1,16,55,dp_param_allgather:pg=15,1785477765185704491,1671101,dp_param_allgather,16,98621440,same_rank_edp_ag0,86297444,1785477765192496974,1785477765194168075,1785477765180616438,1.0,iter55:pp7:dp_ag1:round1:dp_param_allgather:pg=15,iter55:pp7:dp_ag1:round1:dp_param_allgather:pg=15:rel-5d59b0cffefb,mock_oisa_scale_1.2,22444494,13551637,8892857,22444494,8892857,1785477765203060932,-1,48408,trace_group_end_lag_clamped,1785477765203012524
7410714,114,1785477765175510646,7,1785477765174098493,0,1785477765193115205,1785477765193115205,dp_ag1,1,16,55,dp_param_allgather:pg=15,1785477765185704491,10193845,dp_param_allgather,16,98621440,same_rank_edp_ag0,87361908,1785477765182058648,1785477765194168075,1785477765180616438,1.0,iter55:pp7:dp_ag1:round1:dp_param_allgather:pg=15,iter55:pp7:dp_ag1:round1:dp_param_allgather:pg=15:rel-5d59b0cffefb,mock_oisa_scale_1.2,22444494,13551637,8892857,22444494,8892857,1785477765203060932,-1,0,trace_group_end_lag_clamped,1785477765203060932
7410714,115,1785477765174583895,7,1785477765174098493,61723,1785477765193053482,1785477765193115205,dp_ag1,1,16,55,dp_param_allgather:pg=15,1785477765185704491,11120596,dp_param_allgather,16,98621440,same_rank_edp_ag0,87312956,1785477765180954643,1785477765194168075,1785477765180616438,1.0,iter55:pp7:dp_ag1:round1:dp_param_allgather:pg=15,iter55:pp7:dp_ag1:round1:dp_param_allgather:pg=15:rel-5d59b0cffefb,mock_oisa_scale_1.2,22444494,13551637,8892857,22444494,8892857,1785477765203060932,-1,61723,trace_group_end_lag_clamped,1785477765202999209
7410714,116,1785477765176399365,7,1785477765174098493,28525,1785477765193086680,1785477765193115205,dp_ag1,1,16,55,dp_param_allgather:pg=15,1785477765185704491,9305126,dp_param_allgather,16,98621440,same_rank_edp_ag0,87514625,1785477765183095104,1785477765194168075,1785477765180616438,1.0,iter55:pp7:dp_ag1:round1:dp_param_allgather:pg=15,iter55:pp7:dp_ag1:round1:dp_param_allgather:pg=15:rel-5d59b0cffefb,mock_oisa_scale_1.2,22444494,13551637,8892857,22444494,8892857,1785477765203060932,-1,28525,trace_group_end_lag_clamped,1785477765203032407
7410714,117,1785477765175190334,7,1785477765174098493,51721,1785477765193063484,1785477765193115205,dp_ag1,1,16,55,dp_param_allgather:pg=15,1785477765185704491,10514157,dp_param_allgather,16,98621440,same_rank_edp_ag0,86775258,1785477765181777021,1785477765194168075,1785477765180616438,1.0,iter55:pp7:dp_ag1:round1:dp_param_allgather:pg=15,iter55:pp7:dp_ag1:round1:dp_param_allgather:pg=15:rel-5d59b0cffefb,mock_oisa_scale_1.2,22444494,13551637,8892857,22444494,8892857,1785477765203060932,-1,51721,trace_group_end_lag_clamped,1785477765203009211
7410714,118,1785477765174098493,7,1785477765174098493,56479,1785477765193058726,1785477765193115205,dp_ag1,1,16,55,dp_param_allgather:pg=15,1785477765185704491,11605998,dp_param_allgather,16,98621440,same_rank_edp_ag0,86092994,1785477765180616438,1785477765194168075,1785477765180616438,1.0,iter55:pp7:dp_ag1:round1:dp_param_allgather:pg=15,iter55:pp7:dp_ag1:round1:dp_param_allgather:pg=15:rel-5d59b0cffefb,mock_oisa_scale_1.2,22444494,13551637,8892857,22444494,8892857,1785477765203060932,-1,56479,trace_group_end_lag_clamped,1785477765203004453
7410714,119,1785477765177664857,7,1785477765174098493,3722,1785477765193111483,1785477765193115205,dp_ag1,1,16,55,dp_param_allgather:pg=15,1785477765185704491,8039634,dp_param_allgather,16,98621440,same_rank_edp_ag0,87402253,1785477765184625662,1785477765194168075,1785477765180616438,1.0,iter55:pp7:dp_ag1:round1:dp_param_allgather:pg=15,iter55:pp7:dp_ag1:round1:dp_param_allgather:pg=15:rel-5d59b0cffefb,mock_oisa_scale_1.2,22444494,13551637,8892857,22444494,8892857,1785477765203060932,-1,3722,trace_group_end_lag_clamped,1785477765203057210
7410714,120,1785477765175001826,7,1785477765174098493,7185,1785477765193108020,1785477765193115205,dp_ag1,1,16,55,dp_param_allgather:pg=15,1785477765185704491,10702665,dp_param_allgather,16,98621440,same_rank_edp_ag0,87425989,1785477765181414911,1785477765194168075,1785477765180616438,1.0,iter55:pp7:dp_ag1:round1:dp_param_allgather:pg=15,iter55:pp7:dp_ag1:round1:dp_param_allgather:pg=15:rel-5d59b0cffefb,mock_oisa_scale_1.2,22444494,13551637,8892857,22444494,8892857,1785477765203060932,-1,7185,trace_group_end_lag_clamped,1785477765203053747
7410714,121,1785477765185704491,7,1785477765174098493,48906,1785477765193066299,1785477765193115205,dp_ag1,1,16,55,dp_param_allgather:pg=15,1785477765185704491,0,dp_param_allgather,16,98621440,same_rank_edp_ag0,88034652,1785477765194168075,1785477765194168075,1785477765180616438,1.0,iter55:pp7:dp_ag1:round1:dp_param_allgather:pg=15,iter55:pp7:dp_ag1:round1:dp_param_allgather:pg=15:rel-5d59b0cffefb,mock_oisa_scale_1.2,22444494,13551637,8892857,22444494,8892857,1785477765203060932,-1,48906,trace_group_end_lag_clamped,1785477765203012026
7410714,122,1785477765175517948,7,1785477765174098493,81484,1785477765193033721,1785477765193115205,dp_ag1,1,16,55,dp_param_allgather:pg=15,1785477765185704491,10186543,dp_param_allgather,16,98621440,same_rank_edp_ag0,87348543,1785477765182065950,1785477765194168075,1785477765180616438,1.0,iter55:pp7:dp_ag1:round1:dp_param_allgather:pg=15,iter55:pp7:dp_ag1:round1:dp_param_allgather:pg=15:rel-5d59b0cffefb,mock_oisa_scale_1.2,22444494,13551637,8892857,22444494,8892857,1785477765203060932,-1,81484,trace_group_end_lag_clamped,1785477765202979448
7410714,123,1785477765175066903,7,1785477765174098493,14765,1785477765193100440,1785477765193115205,dp_ag1,1,16,55,dp_param_allgather:pg=15,1785477765185704491,10637588,dp_param_allgather,16,98621440,same_rank_edp_ag0,87856634,1785477765181437651,1785477765194168075,1785477765180616438,1.0,iter55:pp7:dp_ag1:round1:dp_param_allgather:pg=15,iter55:pp7:dp_ag1:round1:dp_param_allgather:pg=15:rel-5d59b0cffefb,mock_oisa_scale_1.2,22444494,13551637,8892857,22444494,8892857,1785477765203060932,-1,14765,trace_group_end_lag_clamped,1785477765203046167
7410714,124,1785477765177021327,7,1785477765174098493,66356,1785477765193048849,1785477765193115205,dp_ag1,1,16,55,dp_param_allgather:pg=15,1785477765185704491,8683164,dp_param_allgather,16,98621440,same_rank_edp_ag0,88130391,1785477765183717066,1785477765194168075,1785477765180616438,1.0,iter55:pp7:dp_ag1:round1:dp_param_allgather:pg=15,iter55:pp7:dp_ag1:round1:dp_param_allgather:pg=15:rel-5d59b0cffefb,mock_oisa_scale_1.2,22444494,13551637,8892857,22444494,8892857,1785477765203060932,-1,66356,trace_group_end_lag_clamped,1785477765202994576
7410714,125,1785477765176580836,7,1785477765174098493,30710,1785477765193084495,1785477765193115205,dp_ag1,1,16,55,dp_param_allgather:pg=15,1785477765185704491,9123655,dp_param_allgather,16,98621440,same_rank_edp_ag0,88187996,1785477765183167523,1785477765194168075,1785477765180616438,1.0,iter55:pp7:dp_ag1:round1:dp_param_allgather:pg=15,iter55:pp7:dp_ag1:round1:dp_param_allgather:pg=15:rel-5d59b0cffefb,mock_oisa_scale_1.2,22444494,13551637,8892857,22444494,8892857,1785477765203060932,-1,30710,trace_group_end_lag_clamped,1785477765203030222
7410714,126,1785477765175972747,7,1785477765174098493,63258,1785477765193051947,1785477765193115205,dp_ag1,1,16,55,dp_param_allgather:pg=15,1785477765185704491,9731744,dp_param_allgather,16,98621440,same_rank_edp_ag0,88055494,1785477765182490692,1785477765194168075,1785477765180616438,1.0,iter55:pp7:dp_ag1:round1:dp_param_allgather:pg=15,iter55:pp7:dp_ag1:round1:dp_param_allgather:pg=15:rel-5d59b0cffefb,mock_oisa_scale_1.2,22444494,13551637,8892857,22444494,8892857,1785477765203060932,-1,63258,trace_group_end_lag_clamped,1785477765202997674
7410714,127,1785477765177941471,7,1785477765174098493,65884,1785477765193049321,1785477765193115205,dp_ag1,1,16,55,dp_param_allgather:pg=15,1785477765185704491,7763020,dp_param_allgather,16,98621440,same_rank_edp_ag0,87778006,1785477765184902276,1785477765194168075,1785477765180616438,1.0,iter55:pp7:dp_ag1:round1:dp_param_allgather:pg=15,iter55:pp7:dp_ag1:round1:dp_param_allgather:pg=15:rel-5d59b0cffefb,mock_oisa_scale_1.2,22444494,13551637,8892857,22444494,8892857,1785477765203060932,-1,65884,trace_group_end_lag_clamped,1785477765202995048
15868684,112,1785477759494614651,7,1785477759493127832,105831,1785477759712078894,1785477759712184725,dp_rs,0,16,55,dp_grad_reduce_scatter:pg=15,1785477759696316041,201701390,dp_grad_reduce_scatter,16,3155886080,pp_frontier,0,1785477759469101825,1785477759676536526,1785477759463735921,1.0,iter55:pp7:dp_rs:round0:dp_grad_reduce_scatter:pg=15,iter55:pp7:dp_rs:round0:dp_grad_reduce_scatter:pg=15:rel-19b4c777b71a,mock_oisa_scale_1.2,231843026,212800605,19042421,231843026,19042421,1785477759695578947,-1,105831,trace_group_end_lag_clamped,1785477759695473116
15868684,113,1785477759494678289,7,1785477759493127832,188423,1785477759711996302,1785477759712184725,dp_rs,0,16,55,dp_grad_reduce_scatter:pg=15,1785477759696316041,201637752,dp_grad_reduce_scatter,16,3155886080,pp_frontier,0,1785477759463735921,1785477759676536526,1785477759463735921,1.0,iter55:pp7:dp_rs:round0:dp_grad_reduce_scatter:pg=15,iter55:pp7:dp_rs:round0:dp_grad_reduce_scatter:pg=15:rel-19b4c777b71a,mock_oisa_scale_1.2,231843026,212800605,19042421,231843026,19042421,1785477759695578947,-1,188423,trace_group_end_lag_clamped,1785477759695390524
15868684,114,1785477759494777943,7,1785477759493127832,171086,1785477759712013639,1785477759712184725,dp_rs,0,16,55,dp_grad_reduce_scatter:pg=15,1785477759696316041,201538098,dp_grad_reduce_scatter,16,3155886080,pp_frontier,0,1785477759471357179,1785477759676536526,1785477759463735921,1.0,iter55:pp7:dp_rs:round0:dp_grad_reduce_scatter:pg=15,iter55:pp7:dp_rs:round0:dp_grad_reduce_scatter:pg=15:rel-19b4c777b71a,mock_oisa_scale_1.2,231843026,212800605,19042421,231843026,19042421,1785477759695578947,-1,171086,trace_group_end_lag_clamped,1785477759695407861
15868684,115,1785477759494778857,7,1785477759493127832,154995,1785477759712029730,1785477759712184725,dp_rs,0,16,55,dp_grad_reduce_scatter:pg=15,1785477759696316041,201537184,dp_grad_reduce_scatter,16,3155886080,pp_frontier,0,1785477759468304561,1785477759676536526,1785477759463735921,1.0,iter55:pp7:dp_rs:round0:dp_grad_reduce_scatter:pg=15,iter55:pp7:dp_rs:round0:dp_grad_reduce_scatter:pg=15:rel-19b4c777b71a,mock_oisa_scale_1.2,231843026,212800605,19042421,231843026,19042421,1785477759695578947,-1,154995,trace_group_end_lag_clamped,1785477759695423952
15868684,116,1785477759493127832,7,1785477759493127832,182873,1785477759712001852,1785477759712184725,dp_rs,0,16,55,dp_grad_reduce_scatter:pg=15,1785477759696316041,203188209,dp_grad_reduce_scatter,16,3155886080,pp_frontier,0,1785477759471427563,1785477759676536526,1785477759463735921,1.0,iter55:pp7:dp_rs:round0:dp_grad_reduce_scatter:pg=15,iter55:pp7:dp_rs:round0:dp_grad_reduce_scatter:pg=15:rel-19b4c777b71a,mock_oisa_scale_1.2,231843026,212800605,19042421,231843026,19042421,1785477759695578947,-1,182873,trace_group_end_lag_clamped,1785477759695396074
15868684,117,1785477759493313891,7,1785477759493127832,127219,1785477759712057506,1785477759712184725,dp_rs,0,16,55,dp_grad_reduce_scatter:pg=15,1785477759696316041,203002150,dp_grad_reduce_scatter,16,3155886080,pp_frontier,0,1785477759471184783,1785477759676536526,1785477759463735921,1.0,iter55:pp7:dp_rs:round0:dp_grad_reduce_scatter:pg=15,iter55:pp7:dp_rs:round0:dp_grad_reduce_scatter:pg=15:rel-19b4c777b71a,mock_oisa_scale_1.2,231843026,212800605,19042421,231843026,19042421,1785477759695578947,-1,127219,trace_group_end_lag_clamped,1785477759695451728
15868684,118,1785477759493565996,7,1785477759493127832,48734,1785477759712135991,1785477759712184725,dp_rs,0,16,55,dp_grad_reduce_scatter:pg=15,1785477759696316041,202750045,dp_grad_reduce_scatter,16,3155886080,pp_frontier,0,1785477759464016886,1785477759676536526,1785477759463735921,1.0,iter55:pp7:dp_rs:round0:dp_grad_reduce_scatter:pg=15,iter55:pp7:dp_rs:round0:dp_grad_reduce_scatter:pg=15:rel-19b4c777b71a,mock_oisa_scale_1.2,231843026,212800605,19042421,231843026,19042421,1785477759695578947,-1,48734,trace_group_end_lag_clamped,1785477759695530213
15868684,119,1785477759494405156,7,1785477759493127832,14221,1785477759712170504,1785477759712184725,dp_rs,0,16,55,dp_grad_reduce_scatter:pg=15,1785477759696316041,201910885,dp_grad_reduce_scatter,16,3155886080,pp_frontier,0,1785477759465307783,1785477759676536526,1785477759463735921,1.0,iter55:pp7:dp_rs:round0:dp_grad_reduce_scatter:pg=15,iter55:pp7:dp_rs:round0:dp_grad_reduce_scatter:pg=15:rel-19b4c777b71a,mock_oisa_scale_1.2,231843026,212800605,19042421,231843026,19042421,1785477759695578947,-1,14221,trace_group_end_lag_clamped,1785477759695564726
15868684,120,1785477759696276415,7,1785477759493127832,111891,1785477759712072834,1785477759712184725,dp_rs,0,16,55,dp_grad_reduce_scatter:pg=15,1785477759696316041,39626,dp_grad_reduce_scatter,16,3155886080,pp_frontier,0,1785477759654195619,1785477759676536526,1785477759463735921,1.0,iter55:pp7:dp_rs:round0:dp_grad_reduce_scatter:pg=15,iter55:pp7:dp_rs:round0:dp_grad_reduce_scatter:pg=15:rel-19b4c777b71a,mock_oisa_scale_1.2,231843026,212800605,19042421,231843026,19042421,1785477759695578947,-1,111891,trace_group_end_lag_clamped,1785477759695467056
15868684,121,1785477759696316041,7,1785477759493127832,94707,1785477759712090018,1785477759712184725,dp_rs,0,16,55,dp_grad_reduce_scatter:pg=15,1785477759696316041,0,dp_grad_reduce_scatter,16,3155886080,pp_frontier,0,1785477759670525351,1785477759676536526,1785477759463735921,1.0,iter55:pp7:dp_rs:round0:dp_grad_reduce_scatter:pg=15,iter55:pp7:dp_rs:round0:dp_grad_reduce_scatter:pg=15:rel-19b4c777b71a,mock_oisa_scale_1.2,231843026,212800605,19042421,231843026,19042421,1785477759695578947,-1,94707,trace_group_end_lag_clamped,1785477759695484240
15868684,122,1785477759694902408,7,1785477759493127832,78305,1785477759712106420,1785477759712184725,dp_rs,0,16,55,dp_grad_reduce_scatter:pg=15,1785477759696316041,1413633,dp_grad_reduce_scatter,16,3155886080,pp_frontier,0,1785477759673393130,1785477759676536526,1785477759463735921,1.0,iter55:pp7:dp_rs:round0:dp_grad_reduce_scatter:pg=15,iter55:pp7:dp_rs:round0:dp_grad_reduce_scatter:pg=15:rel-19b4c777b71a,mock_oisa_scale_1.2,231843026,212800605,19042421,231843026,19042421,1785477759695578947,-1,78305,trace_group_end_lag_clamped,1785477759695500642
15868684,123,1785477759695912440,7,1785477759493127832,51513,1785477759712133212,1785477759712184725,dp_rs,0,16,55,dp_grad_reduce_scatter:pg=15,1785477759696316041,403601,dp_grad_reduce_scatter,16,3155886080,pp_frontier,0,1785477759676536526,1785477759676536526,1785477759463735921,1.0,iter55:pp7:dp_rs:round0:dp_grad_reduce_scatter:pg=15,iter55:pp7:dp_rs:round0:dp_grad_reduce_scatter:pg=15:rel-19b4c777b71a,mock_oisa_scale_1.2,231843026,212800605,19042421,231843026,19042421,1785477759695578947,-1,51513,trace_group_end_lag_clamped,1785477759695527434
15868684,124,1785477759694557806,7,1785477759493127832,0,1785477759712184725,1785477759712184725,dp_rs,0,16,55,dp_grad_reduce_scatter:pg=15,1785477759696316041,1758235,dp_grad_reduce_scatter,16,3155886080,pp_frontier,0,1785477759673659550,1785477759676536526,1785477759463735921,1.0,iter55:pp7:dp_rs:round0:dp_grad_reduce_scatter:pg=15,iter55:pp7:dp_rs:round0:dp_grad_reduce_scatter:pg=15:rel-19b4c777b71a,mock_oisa_scale_1.2,231843026,212800605,19042421,231843026,19042421,1785477759695578947,-1,0,trace_group_end_lag_clamped,1785477759695578947
15868684,125,1785477759694697331,7,1785477759493127832,88651,1785477759712096074,1785477759712184725,dp_rs,0,16,55,dp_grad_reduce_scatter:pg=15,1785477759696316041,1618710,dp_grad_reduce_scatter,16,3155886080,pp_frontier,0,1785477759672361225,1785477759676536526,1785477759463735921,1.0,iter55:pp7:dp_rs:round0:dp_grad_reduce_scatter:pg=15,iter55:pp7:dp_rs:round0:dp_grad_reduce_scatter:pg=15:rel-19b4c777b71a,mock_oisa_scale_1.2,231843026,212800605,19042421,231843026,19042421,1785477759695578947,-1,88651,trace_group_end_lag_clamped,1785477759695490296
15868684,126,1785477759695797715,7,1785477759493127832,88338,1785477759712096387,1785477759712184725,dp_rs,0,16,55,dp_grad_reduce_scatter:pg=15,1785477759696316041,518326,dp_grad_reduce_scatter,16,3155886080,pp_frontier,0,1785477759664853679,1785477759676536526,1785477759463735921,1.0,iter55:pp7:dp_rs:round0:dp_grad_reduce_scatter:pg=15,iter55:pp7:dp_rs:round0:dp_grad_reduce_scatter:pg=15:rel-19b4c777b71a,mock_oisa_scale_1.2,231843026,212800605,19042421,231843026,19042421,1785477759695578947,-1,88338,trace_group_end_lag_clamped,1785477759695490609
15868684,127,1785477759696041721,7,1785477759493127832,132149,1785477759712052576,1785477759712184725,dp_rs,0,16,55,dp_grad_reduce_scatter:pg=15,1785477759696316041,274320,dp_grad_reduce_scatter,16,3155886080,pp_frontier,0,1785477759666260691,1785477759676536526,1785477759463735921,1.0,iter55:pp7:dp_rs:round0:dp_grad_reduce_scatter:pg=15,iter55:pp7:dp_rs:round0:dp_grad_reduce_scatter:pg=15:rel-19b4c777b71a,mock_oisa_scale_1.2,231843026,212800605,19042421,231843026,19042421,1785477759695578947,-1,132149,trace_group_end_lag_clamped,1785477759695446798
53356759,112,1785477765034244427,7,1785477765034124741,0,1785477765087601186,1785477765087601186,edp_ag0,0,2,55,expert_dp_param_allgather:pg=1155,1785477765034244427,0,expert_dp_param_allgather,2,1887436800,same_rank_dp_ag0,115561,1785477765029986160,1785477765029986160,1785477765029866474,1.0,iter55:pp7:edp_ag0:round0:expert_dp_param_allgather:pg=1155,iter55:pp7:edp_ag0:round0:expert_dp_param_allgather:pg=1155:rel-f806dca159fb,mock_oisa_scale_1.2,64147797,119686,64028111,64147797,64028111,1785477765094014271,-1,0,trace_group_end_lag_clamped,1785477765094014271
53356759,120,1785477765034124741,7,1785477765034124741,25349,1785477765087575837,1785477765087601186,edp_ag0,0,2,55,expert_dp_param_allgather:pg=1155,1785477765034244427,119686,expert_dp_param_allgather,2,1887436800,same_rank_dp_ag0,10520,1785477765029866474,1785477765029986160,1785477765029866474,1.0,iter55:pp7:edp_ag0:round0:expert_dp_param_allgather:pg=1155,iter55:pp7:edp_ag0:round0:expert_dp_param_allgather:pg=1155:rel-f806dca159fb,mock_oisa_scale_1.2,64147797,119686,64028111,64147797,64028111,1785477765094014271,-1,25349,trace_group_end_lag_clamped,1785477765093988922
63609253,113,1785477765034114939,7,1785477765034114939,0,1785477765097735946,1785477765097735946,edp_ag0,0,2,55,expert_dp_param_allgather:pg=1157,1785477765034126693,11754,expert_dp_param_allgather,2,1887436800,same_rank_dp_ag0,10800,1785477765029856672,1785477765029868426,1785477765029856672,1.0,iter55:pp7:edp_ag0:round0:expert_dp_param_allgather:pg=1157,iter55:pp7:edp_ag0:round0:expert_dp_param_allgather:pg=1157:rel-4bfd6164d5fc,mock_oisa_scale_1.2,76342858,11754,76331104,76342858,76331104,1785477765106199530,-1,0,trace_group_end_lag_clamped,1785477765106199530
63609253,121,1785477765034126693,7,1785477765034114939,66107,1785477765097669839,1785477765097735946,edp_ag0,0,2,55,expert_dp_param_allgather:pg=1157,1785477765034126693,0,expert_dp_param_allgather,2,1887436800,same_rank_dp_ag0,10800,1785477765029868426,1785477765029868426,1785477765029856672,1.0,iter55:pp7:edp_ag0:round0:expert_dp_param_allgather:pg=1157,iter55:pp7:edp_ag0:round0:expert_dp_param_allgather:pg=1157:rel-4bfd6164d5fc,mock_oisa_scale_1.2,76342858,11754,76331104,76342858,76331104,1785477765106199530,-1,66107,trace_group_end_lag_clamped,1785477765106133423
54031347,114,1785477765034138058,7,1785477765034123922,20667,1785477765088148738,1785477765088169405,edp_ag0,0,2,55,expert_dp_param_allgather:pg=1159,1785477765034138058,0,expert_dp_param_allgather,2,1887436800,same_rank_dp_ag0,10680,1785477765029879791,1785477765029879791,1785477765029865655,1.0,iter55:pp7:edp_ag0:round0:expert_dp_param_allgather:pg=1159,iter55:pp7:edp_ag0:round0:expert_dp_param_allgather:pg=1159:rel-6000dd7261a5,mock_oisa_scale_1.2,64851752,14136,64837616,64851752,64837616,1785477765094717407,-1,20667,trace_group_end_lag_clamped,1785477765094696740
54031347,122,1785477765034123922,7,1785477765034123922,0,1785477765088169405,1785477765088169405,edp_ag0,0,2,55,expert_dp_param_allgather:pg=1159,1785477765034138058,14136,expert_dp_param_allgather,2,1887436800,same_rank_dp_ag0,10880,1785477765029865655,1785477765029879791,1785477765029865655,1.0,iter55:pp7:edp_ag0:round0:expert_dp_param_allgather:pg=1159,iter55:pp7:edp_ag0:round0:expert_dp_param_allgather:pg=1159:rel-6000dd7261a5,mock_oisa_scale_1.2,64851752,14136,64837616,64851752,64837616,1785477765094717407,-1,0,trace_group_end_lag_clamped,1785477765094717407
53145077,115,1785477765034053466,7,1785477765034053466,0,1785477765087270939,1785477765087270939,edp_ag0,0,2,55,expert_dp_param_allgather:pg=1161,1785477765034125862,72396,expert_dp_param_allgather,2,1887436800,same_rank_dp_ag0,10600,1785477765029795199,1785477765029867595,1785477765029795199,1.0,iter55:pp7:edp_ag0:round0:expert_dp_param_allgather:pg=1161,iter55:pp7:edp_ag0:round0:expert_dp_param_allgather:pg=1161:rel-4ff79bacaf1a,mock_oisa_scale_1.2,63846488,72396,63774092,63846488,63774092,1785477765093641687,-1,0,trace_group_end_lag_clamped,1785477765093641687
53145077,123,1785477765034125862,7,1785477765034053466,60670,1785477765087210269,1785477765087270939,edp_ag0,0,2,55,expert_dp_param_allgather:pg=1161,1785477765034125862,0,expert_dp_param_allgather,2,1887436800,same_rank_dp_ag0,10920,1785477765029867595,1785477765029867595,1785477765029795199,1.0,iter55:pp7:edp_ag0:round0:expert_dp_param_allgather:pg=1161,iter55:pp7:edp_ag0:round0:expert_dp_param_allgather:pg=1161:rel-4ff79bacaf1a,mock_oisa_scale_1.2,63846488,72396,63774092,63846488,63774092,1785477765093641687,-1,60670,trace_group_end_lag_clamped,1785477765093581017
54770032,116,1785477765034120904,7,1785477765034100745,6196,1785477765088884740,1785477765088890936,edp_ag0,0,2,55,expert_dp_param_allgather:pg=1163,1785477765034120904,0,expert_dp_param_allgather,2,1887436800,same_rank_dp_ag0,10560,1785477765029862637,1785477765029862637,1785477765029842478,1.0,iter55:pp7:edp_ag0:round0:expert_dp_param_allgather:pg=1163,iter55:pp7:edp_ag0:round0:expert_dp_param_allgather:pg=1163:rel-b68f0ea82dde,mock_oisa_scale_1.2,65744197,20159,65724038,65744197,65724038,1785477765095586675,-1,6196,trace_group_end_lag_clamped,1785477765095580479
54770032,124,1785477765034100745,7,1785477765034100745,0,1785477765088890936,1785477765088890936,edp_ag0,0,2,55,expert_dp_param_allgather:pg=1163,1785477765034120904,20159,expert_dp_param_allgather,2,1887436800,same_rank_dp_ag0,57200,1785477765029842478,1785477765029862637,1785477765029842478,1.0,iter55:pp7:edp_ag0:round0:expert_dp_param_allgather:pg=1163,iter55:pp7:edp_ag0:round0:expert_dp_param_allgather:pg=1163:rel-b68f0ea82dde,mock_oisa_scale_1.2,65744197,20159,65724038,65744197,65724038,1785477765095586675,-1,0,trace_group_end_lag_clamped,1785477765095586675
54224771,117,1785477765034190305,7,1785477765034120805,0,1785477765088415076,1785477765088415076,edp_ag0,0,2,55,expert_dp_param_allgather:pg=1165,1785477765034190305,0,expert_dp_param_allgather,2,1887436800,same_rank_dp_ag0,59400,1785477765029932038,1785477765029932038,1785477765029862538,1.0,iter55:pp7:edp_ag0:round0:expert_dp_param_allgather:pg=1165,iter55:pp7:edp_ag0:round0:expert_dp_param_allgather:pg=1165:rel-7677d199efcc,mock_oisa_scale_1.2,65139225,69500,65069725,65139225,65069725,1785477765095001763,-1,0,trace_group_end_lag_clamped,1785477765095001763
54224771,125,1785477765034120805,7,1785477765034120805,22236,1785477765088392840,1785477765088415076,edp_ag0,0,2,55,expert_dp_param_allgather:pg=1165,1785477765034190305,69500,expert_dp_param_allgather,2,1887436800,same_rank_dp_ag0,10800,1785477765029862538,1785477765029932038,1785477765029862538,1.0,iter55:pp7:edp_ag0:round0:expert_dp_param_allgather:pg=1165,iter55:pp7:edp_ag0:round0:expert_dp_param_allgather:pg=1165:rel-7677d199efcc,mock_oisa_scale_1.2,65139225,69500,65069725,65139225,65069725,1785477765095001763,-1,22236,trace_group_end_lag_clamped,1785477765094979527
53881062,118,1785477765034056643,7,1785477765034056643,0,1785477765088005499,1785477765088005499,edp_ag0,0,2,55,expert_dp_param_allgather:pg=1167,1785477765034124437,67794,expert_dp_param_allgather,2,1887436800,same_rank_dp_ag0,11120,1785477765029798376,1785477765029866170,1785477765029798376,1.0,iter55:pp7:edp_ag0:round0:expert_dp_param_allgather:pg=1167,iter55:pp7:edp_ag0:round0:expert_dp_param_allgather:pg=1167:rel-7b2d49f325f2,mock_oisa_scale_1.2,64725068,67794,64657274,64725068,64657274,1785477765094523444,-1,0,trace_group_end_lag_clamped,1785477765094523444
53881062,126,1785477765034124437,7,1785477765034056643,88246,1785477765087917253,1785477765088005499,edp_ag0,0,2,55,expert_dp_param_allgather:pg=1167,1785477765034124437,0,expert_dp_param_allgather,2,1887436800,same_rank_dp_ag0,10480,1785477765029866170,1785477765029866170,1785477765029798376,1.0,iter55:pp7:edp_ag0:round0:expert_dp_param_allgather:pg=1167,iter55:pp7:edp_ag0:round0:expert_dp_param_allgather:pg=1167:rel-7b2d49f325f2,mock_oisa_scale_1.2,64725068,67794,64657274,64725068,64657274,1785477765094523444,-1,88246,trace_group_end_lag_clamped,1785477765094435198
56095362,119,1785477765034070165,7,1785477765034070165,0,1785477765090262604,1785477765090262604,edp_ag0,0,2,55,expert_dp_param_allgather:pg=1169,1785477765034167242,97077,expert_dp_param_allgather,2,1887436800,same_rank_dp_ag0,16521,1785477765029811898,1785477765029908975,1785477765029811898,1.0,iter55:pp7:edp_ag0:round0:expert_dp_param_allgather:pg=1169,iter55:pp7:edp_ag0:round0:expert_dp_param_allgather:pg=1169:rel-0c4d86b83c8f,mock_oisa_scale_1.2,67411511,97077,67314434,67411511,67314434,1785477765097223409,-1,0,trace_group_end_lag_clamped,1785477765097223409
56095362,127,1785477765034167242,7,1785477765034070165,99139,1785477765090163465,1785477765090262604,edp_ag0,0,2,55,expert_dp_param_allgather:pg=1169,1785477765034167242,0,expert_dp_param_allgather,2,1887436800,same_rank_dp_ag0,47360,1785477765029908975,1785477765029908975,1785477765029811898,1.0,iter55:pp7:edp_ag0:round0:expert_dp_param_allgather:pg=1169,iter55:pp7:edp_ag0:round0:expert_dp_param_allgather:pg=1169:rel-0c4d86b83c8f,mock_oisa_scale_1.2,67411511,97077,67314434,67411511,67314434,1785477765097223409,-1,99139,trace_group_end_lag_clamped,1785477765097124270
51539626,112,1785477765193086617,7,1785477765193086617,0,1785477765244682246,1785477765244682246,edp_ag1,1,2,55,expert_dp_param_allgather:pg=1155,1785477765193142620,56003,expert_dp_param_allgather,2,1887436800,same_rank_dp_ag1,24640,1785477765203032344,1785477765203088347,1785477765203032344,1.0,iter55:pp7:edp_ag1:round1:expert_dp_param_allgather:pg=1155,iter55:pp7:edp_ag1:round1:expert_dp_param_allgather:pg=1155:rel-8eb397bc98e9,mock_oisa_scale_1.2,61903554,56003,61847551,61903554,61847551,1785477765264935898,-1,0,trace_group_end_lag_clamped,1785477765264935898
51539626,120,1785477765193142620,7,1785477765193086617,54462,1785477765244627784,1785477765244682246,edp_ag1,1,2,55,expert_dp_param_allgather:pg=1155,1785477765193142620,0,expert_dp_param_allgather,2,1887436800,same_rank_dp_ag1,34600,1785477765203088347,1785477765203088347,1785477765203032344,1.0,iter55:pp7:edp_ag1:round1:expert_dp_param_allgather:pg=1155,iter55:pp7:edp_ag1:round1:expert_dp_param_allgather:pg=1155:rel-8eb397bc98e9,mock_oisa_scale_1.2,61903554,56003,61847551,61903554,61847551,1785477765264935898,-1,54462,trace_group_end_lag_clamped,1785477765264881436
61015851,113,1785477765193078477,7,1785477765193078477,0,1785477765254103110,1785477765254103110,edp_ag1,1,2,55,expert_dp_param_allgather:pg=1157,1785477765193087259,8782,expert_dp_param_allgather,2,1887436800,same_rank_dp_ag1,11680,1785477765203024204,1785477765203032986,1785477765203024204,1.0,iter55:pp7:edp_ag1:round1:expert_dp_param_allgather:pg=1157,iter55:pp7:edp_ag1:round1:expert_dp_param_allgather:pg=1157:rel-6b85b83233e8,mock_oisa_scale_1.2,73227803,8782,73219021,73227803,73219021,1785477765276252007,-1,0,trace_group_end_lag_clamped,1785477765276252007
61015851,121,1785477765193087259,7,1785477765193078477,12707,1785477765254090403,1785477765254103110,edp_ag1,1,2,55,expert_dp_param_allgather:pg=1157,1785477765193087259,0,expert_dp_param_allgather,2,1887436800,same_rank_dp_ag1,20960,1785477765203032986,1785477765203032986,1785477765203024204,1.0,iter55:pp7:edp_ag1:round1:expert_dp_param_allgather:pg=1157,iter55:pp7:edp_ag1:round1:expert_dp_param_allgather:pg=1157:rel-6b85b83233e8,mock_oisa_scale_1.2,73227803,8782,73219021,73227803,73219021,1785477765276252007,-1,12707,trace_group_end_lag_clamped,1785477765276239300
53041315,114,1785477765193126045,7,1785477765193045481,0,1785477765246167360,1785477765246167360,edp_ag1,1,2,55,expert_dp_param_allgather:pg=1159,1785477765193126045,0,expert_dp_param_allgather,2,1887436800,same_rank_dp_ag1,10840,1785477765203071772,1785477765203071772,1785477765202991208,1.0,iter55:pp7:edp_ag1:round1:expert_dp_param_allgather:pg=1159,iter55:pp7:edp_ag1:round1:expert_dp_param_allgather:pg=1159:rel-4d009bf4b055,mock_oisa_scale_1.2,63730142,80564,63649578,63730142,63649578,1785477765266721350,-1,0,trace_group_end_lag_clamped,1785477765266721350
53041315,122,1785477765193045481,7,1785477765193045481,58359,1785477765246109001,1785477765246167360,edp_ag1,1,2,55,expert_dp_param_allgather:pg=1159,1785477765193126045,80564,expert_dp_param_allgather,2,1887436800,same_rank_dp_ag1,11760,1785477765202991208,1785477765203071772,1785477765202991208,1.0,iter55:pp7:edp_ag1:round1:expert_dp_param_allgather:pg=1159,iter55:pp7:edp_ag1:round1:expert_dp_param_allgather:pg=1159:rel-4d009bf4b055,mock_oisa_scale_1.2,63730142,80564,63649578,63730142,63649578,1785477765266721350,-1,58359,trace_group_end_lag_clamped,1785477765266662991
53489796,115,1785477765193092282,7,1785477765193092282,0,1785477765246601916,1785477765246601916,edp_ag1,1,2,55,expert_dp_param_allgather:pg=1161,1785477765193112120,19838,expert_dp_param_allgather,2,1887436800,same_rank_dp_ag1,38800,1785477765203038009,1785477765203057847,1785477765203038009,1.0,iter55:pp7:edp_ag1:round1:expert_dp_param_allgather:pg=1161,iter55:pp7:edp_ag1:round1:expert_dp_param_allgather:pg=1161:rel-c77bc8b6ed8e,mock_oisa_scale_1.2,64207593,19838,64187755,64207593,64187755,1785477765267245602,-1,0,trace_group_end_lag_clamped,1785477765267245602
53489796,123,1785477765193112120,7,1785477765193092282,40109,1785477765246561807,1785477765246601916,edp_ag1,1,2,55,expert_dp_param_allgather:pg=1161,1785477765193112120,0,expert_dp_param_allgather,2,1887436800,same_rank_dp_ag1,11680,1785477765203057847,1785477765203057847,1785477765203038009,1.0,iter55:pp7:edp_ag1:round1:expert_dp_param_allgather:pg=1161,iter55:pp7:edp_ag1:round1:expert_dp_param_allgather:pg=1161:rel-c77bc8b6ed8e,mock_oisa_scale_1.2,64207593,19838,64187755,64207593,64187755,1785477765267245602,-1,40109,trace_group_end_lag_clamped,1785477765267205493
53349443,116,1785477765193098200,7,1785477765193059769,31211,1785477765246416432,1785477765246447643,edp_ag1,1,2,55,expert_dp_param_allgather:pg=1163,1785477765193098200,0,expert_dp_param_allgather,2,1887436800,same_rank_dp_ag1,11520,1785477765203043927,1785477765203043927,1785477765203005496,1.0,iter55:pp7:edp_ag1:round1:expert_dp_param_allgather:pg=1163,iter55:pp7:edp_ag1:round1:expert_dp_param_allgather:pg=1163:rel-00c486500994,mock_oisa_scale_1.2,64057763,38431,64019332,64057763,64019332,1785477765267063259,-1,31211,trace_group_end_lag_clamped,1785477765267032048
53349443,124,1785477765193059769,7,1785477765193059769,0,1785477765246447643,1785477765246447643,edp_ag1,1,2,55,expert_dp_param_allgather:pg=1163,1785477765193098200,38431,expert_dp_param_allgather,2,1887436800,same_rank_dp_ag1,10920,1785477765203005496,1785477765203043927,1785477765203005496,1.0,iter55:pp7:edp_ag1:round1:expert_dp_param_allgather:pg=1163,iter55:pp7:edp_ag1:round1:expert_dp_param_allgather:pg=1163:rel-00c486500994,mock_oisa_scale_1.2,64057763,38431,64019332,64057763,64019332,1785477765267063259,-1,0,trace_group_end_lag_clamped,1785477765267063259
52980430,117,1785477765193075564,7,1785477765193075564,15514,1785477765246061611,1785477765246077125,edp_ag1,1,2,55,expert_dp_param_allgather:pg=1165,1785477765193096695,21131,expert_dp_param_allgather,2,1887436800,same_rank_dp_ag1,12080,1785477765203021291,1785477765203042422,1785477765203021291,1.0,iter55:pp7:edp_ag1:round1:expert_dp_param_allgather:pg=1165,iter55:pp7:edp_ag1:round1:expert_dp_param_allgather:pg=1165:rel-bc38f9af1097,mock_oisa_scale_1.2,63597647,21131,63576516,63597647,63576516,1785477765266618938,-1,15514,trace_group_end_lag_clamped,1785477765266603424
52980430,125,1785477765193096695,7,1785477765193075564,0,1785477765246077125,1785477765246077125,edp_ag1,1,2,55,expert_dp_param_allgather:pg=1165,1785477765193096695,0,expert_dp_param_allgather,2,1887436800,same_rank_dp_ag1,12200,1785477765203042422,1785477765203042422,1785477765203021291,1.0,iter55:pp7:edp_ag1:round1:expert_dp_param_allgather:pg=1165,iter55:pp7:edp_ag1:round1:expert_dp_param_allgather:pg=1165:rel-bc38f9af1097,mock_oisa_scale_1.2,63597647,21131,63576516,63597647,63576516,1785477765266618938,-1,0,trace_group_end_lag_clamped,1785477765266618938
54767797,118,1785477765193091846,7,1785477765193091846,0,1785477765247880584,1785477765247880584,edp_ag1,1,2,55,expert_dp_param_allgather:pg=1167,1785477765193112787,20941,expert_dp_param_allgather,2,1887436800,same_rank_dp_ag1,33120,1785477765203037573,1785477765203058514,1785477765203037573,1.0,iter55:pp7:edp_ag1:round1:expert_dp_param_allgather:pg=1167,iter55:pp7:edp_ag1:round1:expert_dp_param_allgather:pg=1167:rel-f85ceb0d31f4,mock_oisa_scale_1.2,65742297,20941,65721356,65742297,65721356,1785477765268779870,-1,0,trace_group_end_lag_clamped,1785477765268779870
54767797,126,1785477765193112787,7,1785477765193091846,64855,1785477765247815729,1785477765247880584,edp_ag1,1,2,55,expert_dp_param_allgather:pg=1167,1785477765193112787,0,expert_dp_param_allgather,2,1887436800,same_rank_dp_ag1,60840,1785477765203058514,1785477765203058514,1785477765203037573,1.0,iter55:pp7:edp_ag1:round1:expert_dp_param_allgather:pg=1167,iter55:pp7:edp_ag1:round1:expert_dp_param_allgather:pg=1167:rel-f85ceb0d31f4,mock_oisa_scale_1.2,65742297,20941,65721356,65742297,65721356,1785477765268779870,-1,64855,trace_group_end_lag_clamped,1785477765268715015
52627024,119,1785477765193126083,7,1785477765193059921,0,1785477765245753107,1785477765245753107,edp_ag1,1,2,55,expert_dp_param_allgather:pg=1169,1785477765193126083,0,expert_dp_param_allgather,2,1887436800,same_rank_dp_ag1,14600,1785477765203071810,1785477765203071810,1785477765203005648,1.0,iter55:pp7:edp_ag1:round1:expert_dp_param_allgather:pg=1169,iter55:pp7:edp_ag1:round1:expert_dp_param_allgather:pg=1169:rel-9527f3e09939,mock_oisa_scale_1.2,63218591,66162,63152429,63218591,63152429,1785477765266224239,-1,0,trace_group_end_lag_clamped,1785477765266224239
52627024,127,1785477765193059921,7,1785477765193059921,26855,1785477765245726252,1785477765245753107,edp_ag1,1,2,55,expert_dp_param_allgather:pg=1169,1785477765193126083,66162,expert_dp_param_allgather,2,1887436800,same_rank_dp_ag1,10600,1785477765203005648,1785477765203071810,1785477765203005648,1.0,iter55:pp7:edp_ag1:round1:expert_dp_param_allgather:pg=1169,iter55:pp7:edp_ag1:round1:expert_dp_param_allgather:pg=1169:rel-9527f3e09939,mock_oisa_scale_1.2,63218591,66162,63152429,63218591,63152429,1785477765266224239,-1,26855,trace_group_end_lag_clamped,1785477765266197384
206624619,112,1785477759729603157,7,1785477759729498183,0,1785477759936227776,1785477759936227776,edp_rs,0,2,55,expert_dp_grad_reduce_scatter:pg=1155,1785477759729603157,0,expert_dp_grad_reduce_scatter,2,7549747200,same_rank_dp_rs,17524263,1785477759712997379,1785477759712997379,1785477759712892405,1.0,iter55:pp7:edp_rs:round0:expert_dp_grad_reduce_scatter:pg=1155,iter55:pp7:edp_rs:round0:expert_dp_grad_reduce_scatter:pg=1155:rel-2e4af2f3c93b,mock_oisa_scale_1.2,248054517,104974,247949543,248054517,247949543,1785477759960946922,-1,0,trace_group_end_lag_clamped,1785477759960946922
206624619,120,1785477759729498183,7,1785477759729498183,106621,1785477759936121155,1785477759936227776,edp_rs,0,2,55,expert_dp_grad_reduce_scatter:pg=1155,1785477759729603157,104974,expert_dp_grad_reduce_scatter,2,7549747200,same_rank_dp_rs,17425349,1785477759712892405,1785477759712997379,1785477759712892405,1.0,iter55:pp7:edp_rs:round0:expert_dp_grad_reduce_scatter:pg=1155,iter55:pp7:edp_rs:round0:expert_dp_grad_reduce_scatter:pg=1155:rel-2e4af2f3c93b,mock_oisa_scale_1.2,248054517,104974,247949543,248054517,247949543,1785477759960946922,-1,106621,trace_group_end_lag_clamped,1785477759960840301
209525853,113,1785477759729771155,7,1785477759729683556,0,1785477759939297008,1785477759939297008,edp_rs,0,2,55,expert_dp_grad_reduce_scatter:pg=1157,1785477759729771155,0,expert_dp_grad_reduce_scatter,2,7549747200,same_rank_dp_rs,17774853,1785477759713165377,1785477759713165377,1785477759713077778,1.0,iter55:pp7:edp_rs:round0:expert_dp_grad_reduce_scatter:pg=1157,iter55:pp7:edp_rs:round0:expert_dp_grad_reduce_scatter:pg=1157:rel-71a3e28ae089,mock_oisa_scale_1.2,251518623,87599,251431024,251518623,251431024,1785477759964596401,-1,0,trace_group_end_lag_clamped,1785477759964596401
209525853,121,1785477759729683556,7,1785477759729683556,71913,1785477759939225095,1785477759939297008,edp_rs,0,2,55,expert_dp_grad_reduce_scatter:pg=1157,1785477759729771155,87599,expert_dp_grad_reduce_scatter,2,7549747200,same_rank_dp_rs,17593538,1785477759713077778,1785477759713165377,1785477759713077778,1.0,iter55:pp7:edp_rs:round0:expert_dp_grad_reduce_scatter:pg=1157,iter55:pp7:edp_rs:round0:expert_dp_grad_reduce_scatter:pg=1157:rel-71a3e28ae089,mock_oisa_scale_1.2,251518623,87599,251431024,251518623,251431024,1785477759964596401,-1,71913,trace_group_end_lag_clamped,1785477759964524488
211509916,114,1785477759729447517,7,1785477759729447517,0,1785477759941296269,1785477759941296269,edp_rs,0,2,55,expert_dp_grad_reduce_scatter:pg=1159,1785477759729786353,338836,expert_dp_grad_reduce_scatter,2,7549747200,same_rank_dp_rs,17433878,1785477759712841739,1785477759713180575,1785477759712841739,1.0,iter55:pp7:edp_rs:round0:expert_dp_grad_reduce_scatter:pg=1159,iter55:pp7:edp_rs:round0:expert_dp_grad_reduce_scatter:pg=1159:rel-c0d0c5ab995a,mock_oisa_scale_1.2,254150735,338836,253811899,254150735,253811899,1785477759966992474,-1,0,trace_group_end_lag_clamped,1785477759966992474
211509916,122,1785477759729786353,7,1785477759729447517,68160,1785477759941228109,1785477759941296269,edp_rs,0,2,55,expert_dp_grad_reduce_scatter:pg=1159,1785477759729786353,0,expert_dp_grad_reduce_scatter,2,7549747200,same_rank_dp_rs,17679933,1785477759713180575,1785477759713180575,1785477759712841739,1.0,iter55:pp7:edp_rs:round0:expert_dp_grad_reduce_scatter:pg=1159,iter55:pp7:edp_rs:round0:expert_dp_grad_reduce_scatter:pg=1159:rel-c0d0c5ab995a,mock_oisa_scale_1.2,254150735,338836,253811899,254150735,253811899,1785477759966992474,-1,68160,trace_group_end_lag_clamped,1785477759966924314
205666435,115,1785477759729452553,7,1785477759729452553,0,1785477759935570705,1785477759935570705,edp_rs,0,2,55,expert_dp_grad_reduce_scatter:pg=1161,1785477759729904270,451717,expert_dp_grad_reduce_scatter,2,7549747200,same_rank_dp_rs,17422823,1785477759712846775,1785477759713298492,1785477759712846775,1.0,iter55:pp7:edp_rs:round0:expert_dp_grad_reduce_scatter:pg=1161,iter55:pp7:edp_rs:round0:expert_dp_grad_reduce_scatter:pg=1161:rel-2cb32d32daef,mock_oisa_scale_1.2,247251439,451717,246799722,247251439,246799722,1785477759960098214,-1,0,trace_group_end_lag_clamped,1785477759960098214
205666435,123,1785477759729904270,7,1785477759729452553,96969,1785477759935473736,1785477759935570705,edp_rs,0,2,55,expert_dp_grad_reduce_scatter:pg=1161,1785477759729904270,0,expert_dp_grad_reduce_scatter,2,7549747200,same_rank_dp_rs,17771058,1785477759713298492,1785477759713298492,1785477759712846775,1.0,iter55:pp7:edp_rs:round0:expert_dp_grad_reduce_scatter:pg=1161,iter55:pp7:edp_rs:round0:expert_dp_grad_reduce_scatter:pg=1161:rel-2cb32d32daef,mock_oisa_scale_1.2,247251439,451717,246799722,247251439,246799722,1785477759960098214,-1,96969,trace_group_end_lag_clamped,1785477759960001245
200122089,116,1785477759729802216,7,1785477759729750685,24395,1785477759929899910,1785477759929924305,edp_rs,0,2,55,expert_dp_grad_reduce_scatter:pg=1163,1785477759729802216,0,expert_dp_grad_reduce_scatter,2,7549747200,same_rank_dp_rs,17800364,1785477759713196438,1785477759713196438,1785477759713144907,1.0,iter55:pp7:edp_rs:round0:expert_dp_grad_reduce_scatter:pg=1163,iter55:pp7:edp_rs:round0:expert_dp_grad_reduce_scatter:pg=1163:rel-43169635438b,mock_oisa_scale_1.2,240198038,51531,240146507,240198038,240146507,1785477759953342945,-1,24395,trace_group_end_lag_clamped,1785477759953318550
200122089,124,1785477759729750685,7,1785477759729750685,0,1785477759929924305,1785477759929924305,edp_rs,0,2,55,expert_dp_grad_reduce_scatter:pg=1163,1785477759729802216,51531,expert_dp_grad_reduce_scatter,2,7549747200,same_rank_dp_rs,17565960,1785477759713144907,1785477759713196438,1785477759713144907,1.0,iter55:pp7:edp_rs:round0:expert_dp_grad_reduce_scatter:pg=1163,iter55:pp7:edp_rs:round0:expert_dp_grad_reduce_scatter:pg=1163:rel-43169635438b,mock_oisa_scale_1.2,240198038,51531,240146507,240198038,240146507,1785477759953342945,-1,0,trace_group_end_lag_clamped,1785477759953342945
215854467,117,1785477759729781855,7,1785477759729781855,1267,1785477759945777099,1785477759945778366,edp_rs,0,2,55,expert_dp_grad_reduce_scatter:pg=1165,1785477759729923899,142044,expert_dp_grad_reduce_scatter,2,7549747200,same_rank_dp_rs,17724349,1785477759713176077,1785477759713318121,1785477759713176077,1.0,iter55:pp7:edp_rs:round0:expert_dp_grad_reduce_scatter:pg=1165,iter55:pp7:edp_rs:round0:expert_dp_grad_reduce_scatter:pg=1165:rel-e16dbd0d1905,mock_oisa_scale_1.2,259167404,142044,259025360,259167404,259025360,1785477759972343481,-1,1267,trace_group_end_lag_clamped,1785477759972342214
215854467,125,1785477759729923899,7,1785477759729781855,0,1785477759945778366,1785477759945778366,edp_rs,0,2,55,expert_dp_grad_reduce_scatter:pg=1165,1785477759729923899,0,expert_dp_grad_reduce_scatter,2,7549747200,same_rank_dp_rs,17827825,1785477759713318121,1785477759713318121,1785477759713176077,1.0,iter55:pp7:edp_rs:round0:expert_dp_grad_reduce_scatter:pg=1165,iter55:pp7:edp_rs:round0:expert_dp_grad_reduce_scatter:pg=1165:rel-e16dbd0d1905,mock_oisa_scale_1.2,259167404,142044,259025360,259167404,259025360,1785477759972343481,-1,0,trace_group_end_lag_clamped,1785477759972343481
209016203,118,1785477759730043703,7,1785477759729767988,14985,1785477759939044921,1785477759939059906,edp_rs,0,2,55,expert_dp_grad_reduce_scatter:pg=1167,1785477759730043703,0,expert_dp_grad_reduce_scatter,2,7549747200,same_rank_dp_rs,17907712,1785477759713437925,1785477759713437925,1785477759713162210,1.0,iter55:pp7:edp_rs:round0:expert_dp_grad_reduce_scatter:pg=1167,iter55:pp7:edp_rs:round0:expert_dp_grad_reduce_scatter:pg=1167:rel-43e529d78656,mock_oisa_scale_1.2,251095159,275715,250819444,251095159,250819444,1785477759964257369,-1,14985,trace_group_end_lag_clamped,1785477759964242384
209016203,126,1785477759729767988,7,1785477759729767988,0,1785477759939059906,1785477759939059906,edp_rs,0,2,55,expert_dp_grad_reduce_scatter:pg=1167,1785477759730043703,275715,expert_dp_grad_reduce_scatter,2,7549747200,same_rank_dp_rs,17671601,1785477759713162210,1785477759713437925,1785477759713162210,1.0,iter55:pp7:edp_rs:round0:expert_dp_grad_reduce_scatter:pg=1167,iter55:pp7:edp_rs:round0:expert_dp_grad_reduce_scatter:pg=1167:rel-43e529d78656,mock_oisa_scale_1.2,251095159,275715,250819444,251095159,250819444,1785477759964257369,-1,0,trace_group_end_lag_clamped,1785477759964257369
212275947,119,1785477759729729857,7,1785477759729729857,0,1785477759942568105,1785477759942568105,edp_rs,0,2,55,expert_dp_grad_reduce_scatter:pg=1169,1785477759730292158,562301,expert_dp_grad_reduce_scatter,2,7549747200,same_rank_dp_rs,17559353,1785477759713124079,1785477759713686380,1785477759713124079,1.0,iter55:pp7:edp_rs:round0:expert_dp_grad_reduce_scatter:pg=1169,iter55:pp7:edp_rs:round0:expert_dp_grad_reduce_scatter:pg=1169:rel-eab29ccfadb9,mock_oisa_scale_1.2,255293437,562301,254731136,255293437,254731136,1785477759968417516,-1,0,trace_group_end_lag_clamped,1785477759968417516
212275947,127,1785477759730292158,7,1785477759729729857,79945,1785477759942488160,1785477759942568105,edp_rs,0,2,55,expert_dp_grad_reduce_scatter:pg=1169,1785477759730292158,0,expert_dp_grad_reduce_scatter,2,7549747200,same_rank_dp_rs,18239582,1785477759713686380,1785477759713686380,1785477759713124079,1.0,iter55:pp7:edp_rs:round0:expert_dp_grad_reduce_scatter:pg=1169,iter55:pp7:edp_rs:round0:expert_dp_grad_reduce_scatter:pg=1169:rel-eab29ccfadb9,mock_oisa_scale_1.2,255293437,562301,254731136,255293437,254731136,1785477759968417516,-1,79945,trace_group_end_lag_clamped,1785477759968337571
7821839,128,1785477765025840385,8,1785477765025206978,11998,1785477765034138538,1785477765034150536,dp_ag0,0,16,55,dp_param_allgather:pg=17,1785477765026328697,488312,dp_param_allgather,16,98621440,world_rs_done,29164128,1785477765020024062,1785477765020512374,1785477765019390655,1.0,iter55:pp8:dp_ag0:round0:dp_param_allgather:pg=17,iter55:pp8:dp_ag0:round0:dp_param_allgather:pg=17:rel-b472583dc00b,mock_oisa_scale_1.2,10507926,1121719,9386207,10507926,9386207,1785477765029898581,-1,11998,trace_group_end_lag_clamped,1785477765029886583
7821839,129,1785477765025825179,8,1785477765025206978,63596,1785477765034086940,1785477765034150536,dp_ag0,0,16,55,dp_param_allgather:pg=17,1785477765026328697,503518,dp_param_allgather,16,98621440,world_rs_done,29148922,1785477765020008856,1785477765020512374,1785477765019390655,1.0,iter55:pp8:dp_ag0:round0:dp_param_allgather:pg=17,iter55:pp8:dp_ag0:round0:dp_param_allgather:pg=17:rel-b472583dc00b,mock_oisa_scale_1.2,10507926,1121719,9386207,10507926,9386207,1785477765029898581,-1,63596,trace_group_end_lag_clamped,1785477765029834985
7821839,130,1785477765025998793,8,1785477765025206978,0,1785477765034150536,1785477765034150536,dp_ag0,0,16,55,dp_param_allgather:pg=17,1785477765026328697,329904,dp_param_allgather,16,98621440,world_rs_done,29322536,1785477765020182470,1785477765020512374,1785477765019390655,1.0,iter55:pp8:dp_ag0:round0:dp_param_allgather:pg=17,iter55:pp8:dp_ag0:round0:dp_param_allgather:pg=17:rel-b472583dc00b,mock_oisa_scale_1.2,10507926,1121719,9386207,10507926,9386207,1785477765029898581,-1,0,trace_group_end_lag_clamped,1785477765029898581
7821839,131,1785477765026239997,8,1785477765025206978,44638,1785477765034105898,1785477765034150536,dp_ag0,0,16,55,dp_param_allgather:pg=17,1785477765026328697,88700,dp_param_allgather,16,98621440,world_rs_done,29563740,1785477765020423674,1785477765020512374,1785477765019390655,1.0,iter55:pp8:dp_ag0:round0:dp_param_allgather:pg=17,iter55:pp8:dp_ag0:round0:dp_param_allgather:pg=17:rel-b472583dc00b,mock_oisa_scale_1.2,10507926,1121719,9386207,10507926,9386207,1785477765029898581,-1,44638,trace_group_end_lag_clamped,1785477765029853943
7821839,132,1785477765025828985,8,1785477765025206978,4592,1785477765034145944,1785477765034150536,dp_ag0,0,16,55,dp_param_allgather:pg=17,1785477765026328697,499712,dp_param_allgather,16,98621440,world_rs_done,29152728,1785477765020012662,1785477765020512374,1785477765019390655,1.0,iter55:pp8:dp_ag0:round0:dp_param_allgather:pg=17,iter55:pp8:dp_ag0:round0:dp_param_allgather:pg=17:rel-b472583dc00b,mock_oisa_scale_1.2,10507926,1121719,9386207,10507926,9386207,1785477765029898581,-1,4592,trace_group_end_lag_clamped,1785477765029893989
7821839,133,1785477765025974068,8,1785477765025206978,459,1785477765034150077,1785477765034150536,dp_ag0,0,16,55,dp_param_allgather:pg=17,1785477765026328697,354629,dp_param_allgather,16,98621440,world_rs_done,29297811,1785477765020157745,1785477765020512374,1785477765019390655,1.0,iter55:pp8:dp_ag0:round0:dp_param_allgather:pg=17,iter55:pp8:dp_ag0:round0:dp_param_allgather:pg=17:rel-b472583dc00b,mock_oisa_scale_1.2,10507926,1121719,9386207,10507926,9386207,1785477765029898581,-1,459,trace_group_end_lag_clamped,1785477765029898122
7821839,134,1785477765025340328,8,1785477765025206978,55171,1785477765034095365,1785477765034150536,dp_ag0,0,16,55,dp_param_allgather:pg=17,1785477765026328697,988369,dp_param_allgather,16,98621440,world_rs_done,28664071,1785477765019524005,1785477765020512374,1785477765019390655,1.0,iter55:pp8:dp_ag0:round0:dp_param_allgather:pg=17,iter55:pp8:dp_ag0:round0:dp_param_allgather:pg=17:rel-b472583dc00b,mock_oisa_scale_1.2,10507926,1121719,9386207,10507926,9386207,1785477765029898581,-1,55171,trace_group_end_lag_clamped,1785477765029843410
7821839,135,1785477765026152777,8,1785477765025206978,72311,1785477765034078225,1785477765034150536,dp_ag0,0,16,55,dp_param_allgather:pg=17,1785477765026328697,175920,dp_param_allgather,16,98621440,world_rs_done,29476520,1785477765020336454,1785477765020512374,1785477765019390655,1.0,iter55:pp8:dp_ag0:round0:dp_param_allgather:pg=17,iter55:pp8:dp_ag0:round0:dp_param_allgather:pg=17:rel-b472583dc00b,mock_oisa_scale_1.2,10507926,1121719,9386207,10507926,9386207,1785477765029898581,-1,72311,trace_group_end_lag_clamped,1785477765029826270
7821839,136,1785477765025206978,8,1785477765025206978,26134,1785477765034124402,1785477765034150536,dp_ag0,0,16,55,dp_param_allgather:pg=17,1785477765026328697,1121719,dp_param_allgather,16,98621440,world_rs_done,28530721,1785477765019390655,1785477765020512374,1785477765019390655,1.0,iter55:pp8:dp_ag0:round0:dp_param_allgather:pg=17,iter55:pp8:dp_ag0:round0:dp_param_allgather:pg=17:rel-b472583dc00b,mock_oisa_scale_1.2,10507926,1121719,9386207,10507926,9386207,1785477765029898581,-1,26134,trace_group_end_lag_clamped,1785477765029872447
7821839,137,1785477765025606707,8,1785477765025206978,25081,1785477765034125455,1785477765034150536,dp_ag0,0,16,55,dp_param_allgather:pg=17,1785477765026328697,721990,dp_param_allgather,16,98621440,world_rs_done,28930450,1785477765019790384,1785477765020512374,1785477765019390655,1.0,iter55:pp8:dp_ag0:round0:dp_param_allgather:pg=17,iter55:pp8:dp_ag0:round0:dp_param_allgather:pg=17:rel-b472583dc00b,mock_oisa_scale_1.2,10507926,1121719,9386207,10507926,9386207,1785477765029898581,-1,25081,trace_group_end_lag_clamped,1785477765029873500
7821839,138,1785477765025587324,8,1785477765025206978,41234,1785477765034109302,1785477765034150536,dp_ag0,0,16,55,dp_param_allgather:pg=17,1785477765026328697,741373,dp_param_allgather,16,98621440,world_rs_done,28911067,1785477765019771001,1785477765020512374,1785477765019390655,1.0,iter55:pp8:dp_ag0:round0:dp_param_allgather:pg=17,iter55:pp8:dp_ag0:round0:dp_param_allgather:pg=17:rel-b472583dc00b,mock_oisa_scale_1.2,10507926,1121719,9386207,10507926,9386207,1785477765029898581,-1,41234,trace_group_end_lag_clamped,1785477765029857347
7821839,139,1785477765026328697,8,1785477765025206978,33057,1785477765034117479,1785477765034150536,dp_ag0,0,16,55,dp_param_allgather:pg=17,1785477765026328697,0,dp_param_allgather,16,98621440,world_rs_done,29652440,1785477765020512374,1785477765020512374,1785477765019390655,1.0,iter55:pp8:dp_ag0:round0:dp_param_allgather:pg=17,iter55:pp8:dp_ag0:round0:dp_param_allgather:pg=17:rel-b472583dc00b,mock_oisa_scale_1.2,10507926,1121719,9386207,10507926,9386207,1785477765029898581,-1,33057,trace_group_end_lag_clamped,1785477765029865524
7821839,140,1785477765025613474,8,1785477765025206978,35434,1785477765034115102,1785477765034150536,dp_ag0,0,16,55,dp_param_allgather:pg=17,1785477765026328697,715223,dp_param_allgather,16,98621440,world_rs_done,28937217,1785477765019797151,1785477765020512374,1785477765019390655,1.0,iter55:pp8:dp_ag0:round0:dp_param_allgather:pg=17,iter55:pp8:dp_ag0:round0:dp_param_allgather:pg=17:rel-b472583dc00b,mock_oisa_scale_1.2,10507926,1121719,9386207,10507926,9386207,1785477765029898581,-1,35434,trace_group_end_lag_clamped,1785477765029863147
7821839,141,1785477765025830585,8,1785477765025206978,38276,1785477765034112260,1785477765034150536,dp_ag0,0,16,55,dp_param_allgather:pg=17,1785477765026328697,498112,dp_param_allgather,16,98621440,world_rs_done,29154328,1785477765020014262,1785477765020512374,1785477765019390655,1.0,iter55:pp8:dp_ag0:round0:dp_param_allgather:pg=17,iter55:pp8:dp_ag0:round0:dp_param_allgather:pg=17:rel-b472583dc00b,mock_oisa_scale_1.2,10507926,1121719,9386207,10507926,9386207,1785477765029898581,-1,38276,trace_group_end_lag_clamped,1785477765029860305
7821839,142,1785477765026038350,8,1785477765025206978,25242,1785477765034125294,1785477765034150536,dp_ag0,0,16,55,dp_param_allgather:pg=17,1785477765026328697,290347,dp_param_allgather,16,98621440,world_rs_done,29362093,1785477765020222027,1785477765020512374,1785477765019390655,1.0,iter55:pp8:dp_ag0:round0:dp_param_allgather:pg=17,iter55:pp8:dp_ag0:round0:dp_param_allgather:pg=17:rel-b472583dc00b,mock_oisa_scale_1.2,10507926,1121719,9386207,10507926,9386207,1785477765029898581,-1,25242,trace_group_end_lag_clamped,1785477765029873339
7821839,143,1785477765026063097,8,1785477765025206978,25755,1785477765034124781,1785477765034150536,dp_ag0,0,16,55,dp_param_allgather:pg=17,1785477765026328697,265600,dp_param_allgather,16,98621440,world_rs_done,29386840,1785477765020246774,1785477765020512374,1785477765019390655,1.0,iter55:pp8:dp_ag0:round0:dp_param_allgather:pg=17,iter55:pp8:dp_ag0:round0:dp_param_allgather:pg=17:rel-b472583dc00b,mock_oisa_scale_1.2,10507926,1121719,9386207,10507926,9386207,1785477765029898581,-1,25755,trace_group_end_lag_clamped,1785477765029872826
7767905,128,1785477765174641808,8,1785477765172940032,25374,1785477765187575041,1785477765187600415,dp_ag1,1,16,55,dp_param_allgather:pg=17,1785477765179832510,5190702,dp_param_allgather,16,98621440,same_rank_edp_ag0,87347845,1785477765181019942,1785477765187204908,1785477765179179650,1.0,iter55:pp8:dp_ag1:round1:dp_param_allgather:pg=17,iter55:pp8:dp_ag1:round1:dp_param_allgather:pg=17:rel-9d5de9519f1d,mock_oisa_scale_1.2,17346744,8025258,9321486,17346744,9321486,1785477765196526394,-1,25374,trace_group_end_lag_clamped,1785477765196501020
7767905,129,1785477765175399518,8,1785477765172940032,27356,1785477765187573059,1785477765187600415,dp_ag1,1,16,55,dp_param_allgather:pg=17,1785477765179832510,4432992,dp_param_allgather,16,98621440,same_rank_edp_ag0,88068875,1785477765181786433,1785477765187204908,1785477765179179650,1.0,iter55:pp8:dp_ag1:round1:dp_param_allgather:pg=17,iter55:pp8:dp_ag1:round1:dp_param_allgather:pg=17:rel-9d5de9519f1d,mock_oisa_scale_1.2,17346744,8025258,9321486,17346744,9321486,1785477765196526394,-1,27356,trace_group_end_lag_clamped,1785477765196499038
7767905,130,1785477765179832510,8,1785477765172940032,41483,1785477765187558932,1785477765187600415,dp_ag1,1,16,55,dp_param_allgather:pg=17,1785477765179832510,0,dp_param_allgather,16,98621440,same_rank_edp_ag0,87548327,1785477765187204908,1785477765187204908,1785477765179179650,1.0,iter55:pp8:dp_ag1:round1:dp_param_allgather:pg=17,iter55:pp8:dp_ag1:round1:dp_param_allgather:pg=17:rel-9d5de9519f1d,mock_oisa_scale_1.2,17346744,8025258,9321486,17346744,9321486,1785477765196526394,-1,41483,trace_group_end_lag_clamped,1785477765196484911
7767905,131,1785477765175845002,8,1785477765172940032,54382,1785477765187546033,1785477765187600415,dp_ag1,1,16,55,dp_param_allgather:pg=17,1785477765179832510,3987508,dp_param_allgather,16,98621440,same_rank_edp_ag0,87286963,1785477765182478615,1785477765187204908,1785477765179179650,1.0,iter55:pp8:dp_ag1:round1:dp_param_allgather:pg=17,iter55:pp8:dp_ag1:round1:dp_param_allgather:pg=17:rel-9d5de9519f1d,mock_oisa_scale_1.2,17346744,8025258,9321486,17346744,9321486,1785477765196526394,-1,54382,trace_group_end_lag_clamped,1785477765196472012
7767905,132,1785477765174960702,8,1785477765172940032,22414,1785477765187578001,1785477765187600415,dp_ag1,1,16,55,dp_param_allgather:pg=17,1785477765179832510,4871808,dp_param_allgather,16,98621440,same_rank_edp_ag0,87669569,1785477765181333949,1785477765187204908,1785477765179179650,1.0,iter55:pp8:dp_ag1:round1:dp_param_allgather:pg=17,iter55:pp8:dp_ag1:round1:dp_param_allgather:pg=17:rel-9d5de9519f1d,mock_oisa_scale_1.2,17346744,8025258,9321486,17346744,9321486,1785477765196526394,-1,22414,trace_group_end_lag_clamped,1785477765196503980
7767905,133,1785477765176054952,8,1785477765172940032,43130,1785477765187557285,1785477765187600415,dp_ag1,1,16,55,dp_param_allgather:pg=17,1785477765179832510,3777558,dp_param_allgather,16,98621440,same_rank_edp_ag0,87876336,1785477765182616679,1785477765187204908,1785477765179179650,1.0,iter55:pp8:dp_ag1:round1:dp_param_allgather:pg=17,iter55:pp8:dp_ag1:round1:dp_param_allgather:pg=17:rel-9d5de9519f1d,mock_oisa_scale_1.2,17346744,8025258,9321486,17346744,9321486,1785477765196526394,-1,43130,trace_group_end_lag_clamped,1785477765196483264
7767905,134,1785477765175418202,8,1785477765172940032,23442,1785477765187576973,1785477765187600415,dp_ag1,1,16,55,dp_param_allgather:pg=17,1785477765179832510,4414308,dp_param_allgather,16,98621440,same_rank_edp_ag0,87533609,1785477765181915867,1785477765187204908,1785477765179179650,1.0,iter55:pp8:dp_ag1:round1:dp_param_allgather:pg=17,iter55:pp8:dp_ag1:round1:dp_param_allgather:pg=17:rel-9d5de9519f1d,mock_oisa_scale_1.2,17346744,8025258,9321486,17346744,9321486,1785477765196526394,-1,23442,trace_group_end_lag_clamped,1785477765196502952
7767905,135,1785477765173499144,8,1785477765172940032,39744,1785477765187560671,1785477765187600415,dp_ag1,1,16,55,dp_param_allgather:pg=17,1785477765179832510,6333366,dp_param_allgather,16,98621440,same_rank_edp_ag0,86905936,1785477765179738762,1785477765187204908,1785477765179179650,1.0,iter55:pp8:dp_ag1:round1:dp_param_allgather:pg=17,iter55:pp8:dp_ag1:round1:dp_param_allgather:pg=17:rel-9d5de9519f1d,mock_oisa_scale_1.2,17346744,8025258,9321486,17346744,9321486,1785477765196526394,-1,39744,trace_group_end_lag_clamped,1785477765196486650
7767905,136,1785477765175286662,8,1785477765172940032,0,1785477765187600415,1785477765187600415,dp_ag1,1,16,55,dp_param_allgather:pg=17,1785477765179832510,4545848,dp_param_allgather,16,98621440,same_rank_edp_ag0,87986917,1785477765181664796,1785477765187204908,1785477765179179650,1.0,iter55:pp8:dp_ag1:round1:dp_param_allgather:pg=17,iter55:pp8:dp_ag1:round1:dp_param_allgather:pg=17:rel-9d5de9519f1d,mock_oisa_scale_1.2,17346744,8025258,9321486,17346744,9321486,1785477765196526394,-1,0,trace_group_end_lag_clamped,1785477765196526394
7767905,137,1785477765173663021,8,1785477765172940032,9870,1785477765187590545,1785477765187600415,dp_ag1,1,16,55,dp_param_allgather:pg=17,1785477765179832510,6169489,dp_param_allgather,16,98621440,same_rank_edp_ag0,86375396,1785477765180049936,1785477765187204908,1785477765179179650,1.0,iter55:pp8:dp_ag1:round1:dp_param_allgather:pg=17,iter55:pp8:dp_ag1:round1:dp_param_allgather:pg=17:rel-9d5de9519f1d,mock_oisa_scale_1.2,17346744,8025258,9321486,17346744,9321486,1785477765196526394,-1,9870,trace_group_end_lag_clamped,1785477765196516524
7767905,138,1785477765179678166,8,1785477765172940032,45553,1785477765187554862,1785477765187600415,dp_ag1,1,16,55,dp_param_allgather:pg=17,1785477765179832510,154344,dp_param_allgather,16,98621440,same_rank_edp_ag0,87463986,1785477765187050564,1785477765187204908,1785477765179179650,1.0,iter55:pp8:dp_ag1:round1:dp_param_allgather:pg=17,iter55:pp8:dp_ag1:round1:dp_param_allgather:pg=17:rel-9d5de9519f1d,mock_oisa_scale_1.2,17346744,8025258,9321486,17346744,9321486,1785477765196526394,-1,45553,trace_group_end_lag_clamped,1785477765196480841
7767905,139,1785477765174966808,8,1785477765172940032,78106,1785477765187522309,1785477765187600415,dp_ag1,1,16,55,dp_param_allgather:pg=17,1785477765179832510,4865702,dp_param_allgather,16,98621440,same_rank_edp_ag0,86429893,1785477765181600421,1785477765187204908,1785477765179179650,1.0,iter55:pp8:dp_ag1:round1:dp_param_allgather:pg=17,iter55:pp8:dp_ag1:round1:dp_param_allgather:pg=17:rel-9d5de9519f1d,mock_oisa_scale_1.2,17346744,8025258,9321486,17346744,9321486,1785477765196526394,-1,78106,trace_group_end_lag_clamped,1785477765196448288
7767905,140,1785477765174560622,8,1785477765172940032,10269,1785477765187590146,1785477765187600415,dp_ag1,1,16,55,dp_param_allgather:pg=17,1785477765179832510,5271888,dp_param_allgather,16,98621440,same_rank_edp_ag0,87354941,1785477765180933869,1785477765187204908,1785477765179179650,1.0,iter55:pp8:dp_ag1:round1:dp_param_allgather:pg=17,iter55:pp8:dp_ag1:round1:dp_param_allgather:pg=17:rel-9d5de9519f1d,mock_oisa_scale_1.2,17346744,8025258,9321486,17346744,9321486,1785477765196526394,-1,10269,trace_group_end_lag_clamped,1785477765196516125
7767905,141,1785477765175357096,8,1785477765172940032,14387,1785477765187586028,1785477765187600415,dp_ag1,1,16,55,dp_param_allgather:pg=17,1785477765179832510,4475414,dp_param_allgather,16,98621440,same_rank_edp_ag0,87128128,1785477765181918823,1785477765187204908,1785477765179179650,1.0,iter55:pp8:dp_ag1:round1:dp_param_allgather:pg=17,iter55:pp8:dp_ag1:round1:dp_param_allgather:pg=17:rel-9d5de9519f1d,mock_oisa_scale_1.2,17346744,8025258,9321486,17346744,9321486,1785477765196526394,-1,14387,trace_group_end_lag_clamped,1785477765196512007
7767905,142,1785477765175555872,8,1785477765172940032,1307,1785477765187599108,1785477765187600415,dp_ag1,1,16,55,dp_param_allgather:pg=17,1785477765179832510,4276638,dp_param_allgather,16,98621440,same_rank_edp_ag0,87710259,1785477765182053537,1785477765187204908,1785477765179179650,1.0,iter55:pp8:dp_ag1:round1:dp_param_allgather:pg=17,iter55:pp8:dp_ag1:round1:dp_param_allgather:pg=17:rel-9d5de9519f1d,mock_oisa_scale_1.2,17346744,8025258,9321486,17346744,9321486,1785477765196526394,-1,1307,trace_group_end_lag_clamped,1785477765196525087
7767905,143,1785477765172940032,8,1785477765172940032,17295,1785477765187583120,1785477765187600415,dp_ag1,1,16,55,dp_param_allgather:pg=17,1785477765179832510,6892478,dp_param_allgather,16,98621440,same_rank_edp_ag0,86411743,1785477765179179650,1785477765187204908,1785477765179179650,1.0,iter55:pp8:dp_ag1:round1:dp_param_allgather:pg=17,iter55:pp8:dp_ag1:round1:dp_param_allgather:pg=17:rel-9d5de9519f1d,mock_oisa_scale_1.2,17346744,8025258,9321486,17346744,9321486,1785477765196526394,-1,17295,trace_group_end_lag_clamped,1785477765196509099
15668448,128,1785477758705816027,8,1785477758704979238,21254,1785477758932312472,1785477758932333726,dp_rs,0,16,55,dp_grad_reduce_scatter:pg=17,1785477758916665278,210849251,dp_grad_reduce_scatter,16,3155886080,pp_frontier,0,1785477758680316985,1785477758896734617,1785477758674204830,1.0,iter55:pp8:dp_rs:round0:dp_grad_reduce_scatter:pg=17,iter55:pp8:dp_rs:round0:dp_grad_reduce_scatter:pg=17:rel-abcc3210628f,mock_oisa_scale_1.2,241331925,222529787,18802138,241331925,18802138,1785477758915536755,-1,21254,trace_group_end_lag_clamped,1785477758915515501
15668448,129,1785477758705986927,8,1785477758704979238,62070,1785477758932271656,1785477758932333726,dp_rs,0,16,55,dp_grad_reduce_scatter:pg=17,1785477758916665278,210678351,dp_grad_reduce_scatter,16,3155886080,pp_frontier,0,1785477758674204830,1785477758896734617,1785477758674204830,1.0,iter55:pp8:dp_rs:round0:dp_grad_reduce_scatter:pg=17,iter55:pp8:dp_rs:round0:dp_grad_reduce_scatter:pg=17:rel-abcc3210628f,mock_oisa_scale_1.2,241331925,222529787,18802138,241331925,18802138,1785477758915536755,-1,62070,trace_group_end_lag_clamped,1785477758915474685
15668448,130,1785477758706666118,8,1785477758704979238,102364,1785477758932231362,1785477758932333726,dp_rs,0,16,55,dp_grad_reduce_scatter:pg=17,1785477758916665278,209999160,dp_grad_reduce_scatter,16,3155886080,pp_frontier,0,1785477758682022469,1785477758896734617,1785477758674204830,1.0,iter55:pp8:dp_rs:round0:dp_grad_reduce_scatter:pg=17,iter55:pp8:dp_rs:round0:dp_grad_reduce_scatter:pg=17:rel-abcc3210628f,mock_oisa_scale_1.2,241331925,222529787,18802138,241331925,18802138,1785477758915536755,-1,102364,trace_group_end_lag_clamped,1785477758915434391
15668448,131,1785477758706578795,8,1785477758704979238,0,1785477758932333726,1785477758932333726,dp_rs,0,16,55,dp_grad_reduce_scatter:pg=17,1785477758916665278,210086483,dp_grad_reduce_scatter,16,3155886080,pp_frontier,0,1785477758681038409,1785477758896734617,1785477758674204830,1.0,iter55:pp8:dp_rs:round0:dp_grad_reduce_scatter:pg=17,iter55:pp8:dp_rs:round0:dp_grad_reduce_scatter:pg=17:rel-abcc3210628f,mock_oisa_scale_1.2,241331925,222529787,18802138,241331925,18802138,1785477758915536755,-1,0,trace_group_end_lag_clamped,1785477758915536755
15668448,132,1785477758705465206,8,1785477758704979238,65914,1785477758932267812,1785477758932333726,dp_rs,0,16,55,dp_grad_reduce_scatter:pg=17,1785477758916665278,211200072,dp_grad_reduce_scatter,16,3155886080,pp_frontier,0,1785477758684012795,1785477758896734617,1785477758674204830,1.0,iter55:pp8:dp_rs:round0:dp_grad_reduce_scatter:pg=17,iter55:pp8:dp_rs:round0:dp_grad_reduce_scatter:pg=17:rel-abcc3210628f,mock_oisa_scale_1.2,241331925,222529787,18802138,241331925,18802138,1785477758915536755,-1,65914,trace_group_end_lag_clamped,1785477758915470841
15668448,133,1785477758705965701,8,1785477758704979238,24209,1785477758932309517,1785477758932333726,dp_rs,0,16,55,dp_grad_reduce_scatter:pg=17,1785477758916665278,210699577,dp_grad_reduce_scatter,16,3155886080,pp_frontier,0,1785477758683273096,1785477758896734617,1785477758674204830,1.0,iter55:pp8:dp_rs:round0:dp_grad_reduce_scatter:pg=17,iter55:pp8:dp_rs:round0:dp_grad_reduce_scatter:pg=17:rel-abcc3210628f,mock_oisa_scale_1.2,241331925,222529787,18802138,241331925,18802138,1785477758915536755,-1,24209,trace_group_end_lag_clamped,1785477758915512546
15668448,134,1785477758704979238,8,1785477758704979238,176069,1785477758932157657,1785477758932333726,dp_rs,0,16,55,dp_grad_reduce_scatter:pg=17,1785477758916665278,211686040,dp_grad_reduce_scatter,16,3155886080,pp_frontier,0,1785477758675278291,1785477758896734617,1785477758674204830,1.0,iter55:pp8:dp_rs:round0:dp_grad_reduce_scatter:pg=17,iter55:pp8:dp_rs:round0:dp_grad_reduce_scatter:pg=17:rel-abcc3210628f,mock_oisa_scale_1.2,241331925,222529787,18802138,241331925,18802138,1785477758915536755,-1,176069,trace_group_end_lag_clamped,1785477758915360686
15668448,135,1785477758705539020,8,1785477758704979238,68339,1785477758932265387,1785477758932333726,dp_rs,0,16,55,dp_grad_reduce_scatter:pg=17,1785477758916665278,211126258,dp_grad_reduce_scatter,16,3155886080,pp_frontier,0,1785477758675649374,1785477758896734617,1785477758674204830,1.0,iter55:pp8:dp_rs:round0:dp_grad_reduce_scatter:pg=17,iter55:pp8:dp_rs:round0:dp_grad_reduce_scatter:pg=17:rel-abcc3210628f,mock_oisa_scale_1.2,241331925,222529787,18802138,241331925,18802138,1785477758915536755,-1,68339,trace_group_end_lag_clamped,1785477758915468416
15668448,136,1785477758914810095,8,1785477758704979238,43226,1785477758932290500,1785477758932333726,dp_rs,0,16,55,dp_grad_reduce_scatter:pg=17,1785477758916665278,1855183,dp_grad_reduce_scatter,16,3155886080,pp_frontier,0,1785477758872248607,1785477758896734617,1785477758674204830,1.0,iter55:pp8:dp_rs:round0:dp_grad_reduce_scatter:pg=17,iter55:pp8:dp_rs:round0:dp_grad_reduce_scatter:pg=17:rel-abcc3210628f,mock_oisa_scale_1.2,241331925,222529787,18802138,241331925,18802138,1785477758915536755,-1,43226,trace_group_end_lag_clamped,1785477758915493529
15668448,137,1785477758915402967,8,1785477758704979238,59538,1785477758932274188,1785477758932333726,dp_rs,0,16,55,dp_grad_reduce_scatter:pg=17,1785477758916665278,1262311,dp_grad_reduce_scatter,16,3155886080,pp_frontier,0,1785477758889666408,1785477758896734617,1785477758674204830,1.0,iter55:pp8:dp_rs:round0:dp_grad_reduce_scatter:pg=17,iter55:pp8:dp_rs:round0:dp_grad_reduce_scatter:pg=17:rel-abcc3210628f,mock_oisa_scale_1.2,241331925,222529787,18802138,241331925,18802138,1785477758915536755,-1,59538,trace_group_end_lag_clamped,1785477758915477217
15668448,138,1785477758914888506,8,1785477758704979238,60104,1785477758932273622,1785477758932333726,dp_rs,0,16,55,dp_grad_reduce_scatter:pg=17,1785477758916665278,1776772,dp_grad_reduce_scatter,16,3155886080,pp_frontier,0,1785477758893070180,1785477758896734617,1785477758674204830,1.0,iter55:pp8:dp_rs:round0:dp_grad_reduce_scatter:pg=17,iter55:pp8:dp_rs:round0:dp_grad_reduce_scatter:pg=17:rel-abcc3210628f,mock_oisa_scale_1.2,241331925,222529787,18802138,241331925,18802138,1785477758915536755,-1,60104,trace_group_end_lag_clamped,1785477758915476651
15668448,139,1785477758915735809,8,1785477758704979238,63301,1785477758932270425,1785477758932333726,dp_rs,0,16,55,dp_grad_reduce_scatter:pg=17,1785477758916665278,929469,dp_grad_reduce_scatter,16,3155886080,pp_frontier,0,1785477758896734617,1785477758896734617,1785477758674204830,1.0,iter55:pp8:dp_rs:round0:dp_grad_reduce_scatter:pg=17,iter55:pp8:dp_rs:round0:dp_grad_reduce_scatter:pg=17:rel-abcc3210628f,mock_oisa_scale_1.2,241331925,222529787,18802138,241331925,18802138,1785477758915536755,-1,63301,trace_group_end_lag_clamped,1785477758915473454
15668448,140,1785477758915232515,8,1785477758704979238,62154,1785477758932271572,1785477758932333726,dp_rs,0,16,55,dp_grad_reduce_scatter:pg=17,1785477758916665278,1432763,dp_grad_reduce_scatter,16,3155886080,pp_frontier,0,1785477758894625558,1785477758896734617,1785477758674204830,1.0,iter55:pp8:dp_rs:round0:dp_grad_reduce_scatter:pg=17,iter55:pp8:dp_rs:round0:dp_grad_reduce_scatter:pg=17:rel-abcc3210628f,mock_oisa_scale_1.2,241331925,222529787,18802138,241331925,18802138,1785477758915536755,-1,62154,trace_group_end_lag_clamped,1785477758915474601
15668448,141,1785477758916011147,8,1785477758704979238,154592,1785477758932179134,1785477758932333726,dp_rs,0,16,55,dp_grad_reduce_scatter:pg=17,1785477758916665278,654131,dp_grad_reduce_scatter,16,3155886080,pp_frontier,0,1785477758893500542,1785477758896734617,1785477758674204830,1.0,iter55:pp8:dp_rs:round0:dp_grad_reduce_scatter:pg=17,iter55:pp8:dp_rs:round0:dp_grad_reduce_scatter:pg=17:rel-abcc3210628f,mock_oisa_scale_1.2,241331925,222529787,18802138,241331925,18802138,1785477758915536755,-1,154592,trace_group_end_lag_clamped,1785477758915382163
15668448,142,1785477758916665278,8,1785477758704979238,63401,1785477758932270325,1785477758932333726,dp_rs,0,16,55,dp_grad_reduce_scatter:pg=17,1785477758916665278,0,dp_grad_reduce_scatter,16,3155886080,pp_frontier,0,1785477758887332486,1785477758896734617,1785477758674204830,1.0,iter55:pp8:dp_rs:round0:dp_grad_reduce_scatter:pg=17,iter55:pp8:dp_rs:round0:dp_grad_reduce_scatter:pg=17:rel-abcc3210628f,mock_oisa_scale_1.2,241331925,222529787,18802138,241331925,18802138,1785477758915536755,-1,63401,trace_group_end_lag_clamped,1785477758915473354
15668448,143,1785477758916495967,8,1785477758704979238,70511,1785477758932263215,1785477758932333726,dp_rs,0,16,55,dp_grad_reduce_scatter:pg=17,1785477758916665278,169311,dp_grad_reduce_scatter,16,3155886080,pp_frontier,0,1785477758887999257,1785477758896734617,1785477758674204830,1.0,iter55:pp8:dp_rs:round0:dp_grad_reduce_scatter:pg=17,iter55:pp8:dp_rs:round0:dp_grad_reduce_scatter:pg=17:rel-abcc3210628f,mock_oisa_scale_1.2,241331925,222529787,18802138,241331925,18802138,1785477758915536755,-1,70511,trace_group_end_lag_clamped,1785477758915466244
53150447,128,1785477765034149298,8,1785477765034137882,5782,1785477765087293963,1785477765087299745,edp_ag0,0,2,55,expert_dp_param_allgather:pg=1171,1785477765034149298,0,expert_dp_param_allgather,2,1887436800,same_rank_dp_ag0,10760,1785477765029897343,1785477765029897343,1785477765029885927,1.0,iter55:pp8:edp_ag0:round0:expert_dp_param_allgather:pg=1171,iter55:pp8:edp_ag0:round0:expert_dp_param_allgather:pg=1171:rel-d5ab845f2ff4,mock_oisa_scale_1.2,63791952,11416,63780536,63791952,63780536,1785477765093677879,-1,5782,trace_group_end_lag_clamped,1785477765093672097
53150447,136,1785477765034137882,8,1785477765034137882,0,1785477765087299745,1785477765087299745,edp_ag0,0,2,55,expert_dp_param_allgather:pg=1171,1785477765034149298,11416,expert_dp_param_allgather,2,1887436800,same_rank_dp_ag0,13480,1785477765029885927,1785477765029897343,1785477765029885927,1.0,iter55:pp8:edp_ag0:round0:expert_dp_param_allgather:pg=1171,iter55:pp8:edp_ag0:round0:expert_dp_param_allgather:pg=1171:rel-d5ab845f2ff4,mock_oisa_scale_1.2,63791952,11416,63780536,63791952,63780536,1785477765093677879,-1,0,trace_group_end_lag_clamped,1785477765093677879
53194348,129,1785477765034098020,8,1785477765034098020,0,1785477765087330643,1785477765087330643,edp_ag0,0,2,55,expert_dp_param_allgather:pg=1173,1785477765034136295,38275,expert_dp_param_allgather,2,1887436800,same_rank_dp_ag0,11080,1785477765029846065,1785477765029884340,1785477765029846065,1.0,iter55:pp8:edp_ag0:round0:expert_dp_param_allgather:pg=1173,iter55:pp8:edp_ag0:round0:expert_dp_param_allgather:pg=1173:rel-53aac181c2a0,mock_oisa_scale_1.2,63871493,38275,63833218,63871493,63833218,1785477765093717558,-1,0,trace_group_end_lag_clamped,1785477765093717558
53194348,137,1785477765034136295,8,1785477765034098020,43018,1785477765087287625,1785477765087330643,edp_ag0,0,2,55,expert_dp_param_allgather:pg=1173,1785477765034136295,0,expert_dp_param_allgather,2,1887436800,same_rank_dp_ag0,10840,1785477765029884340,1785477765029884340,1785477765029846065,1.0,iter55:pp8:edp_ag0:round0:expert_dp_param_allgather:pg=1173,iter55:pp8:edp_ag0:round0:expert_dp_param_allgather:pg=1173:rel-53aac181c2a0,mock_oisa_scale_1.2,63871493,38275,63833218,63871493,63833218,1785477765093717558,-1,43018,trace_group_end_lag_clamped,1785477765093674540
58121766,130,1785477765034161216,8,1785477765034161216,0,1785477765092284183,1785477765092284183,edp_ag0,0,2,55,expert_dp_param_allgather:pg=1175,1785477765034162417,1201,expert_dp_param_allgather,2,1887436800,same_rank_dp_ag0,10680,1785477765029909261,1785477765029910462,1785477765029909261,1.0,iter55:pp8:edp_ag0:round0:expert_dp_param_allgather:pg=1175,iter55:pp8:edp_ag0:round0:expert_dp_param_allgather:pg=1175:rel-61d4025f1b2d,mock_oisa_scale_1.2,69747320,1201,69746119,69747320,69746119,1785477765099656581,-1,0,trace_group_end_lag_clamped,1785477765099656581
58121766,138,1785477765034162417,8,1785477765034161216,70003,1785477765092214180,1785477765092284183,edp_ag0,0,2,55,expert_dp_param_allgather:pg=1175,1785477765034162417,0,expert_dp_param_allgather,2,1887436800,same_rank_dp_ag0,53115,1785477765029910462,1785477765029910462,1785477765029909261,1.0,iter55:pp8:edp_ag0:round0:expert_dp_param_allgather:pg=1175,iter55:pp8:edp_ag0:round0:expert_dp_param_allgather:pg=1175:rel-61d4025f1b2d,mock_oisa_scale_1.2,69747320,1201,69746119,69747320,69746119,1785477765099656581,-1,70003,trace_group_end_lag_clamped,1785477765099586578
54427840,131,1785477765034116578,8,1785477765034116578,0,1785477765088558039,1785477765088558039,edp_ag0,0,2,55,expert_dp_param_allgather:pg=1177,1785477765034130199,13621,expert_dp_param_allgather,2,1887436800,same_rank_dp_ag0,10680,1785477765029864623,1785477765029878244,1785477765029864623,1.0,iter55:pp8:edp_ag0:round0:expert_dp_param_allgather:pg=1177,iter55:pp8:edp_ag0:round0:expert_dp_param_allgather:pg=1177:rel-cf29f87c991e,mock_oisa_scale_1.2,65327029,13621,65313408,65327029,65313408,1785477765095191652,-1,0,trace_group_end_lag_clamped,1785477765095191652
54427840,139,1785477765034130199,8,1785477765034116578,21124,1785477765088536915,1785477765088558039,edp_ag0,0,2,55,expert_dp_param_allgather:pg=1177,1785477765034130199,0,expert_dp_param_allgather,2,1887436800,same_rank_dp_ag0,12720,1785477765029878244,1785477765029878244,1785477765029864623,1.0,iter55:pp8:edp_ag0:round0:expert_dp_param_allgather:pg=1177,iter55:pp8:edp_ag0:round0:expert_dp_param_allgather:pg=1177:rel-cf29f87c991e,mock_oisa_scale_1.2,65327029,13621,65313408,65327029,65313408,1785477765095191652,-1,21124,trace_group_end_lag_clamped,1785477765095170528
53126008,132,1785477765034165125,8,1785477765034132862,0,1785477765087291133,1785477765087291133,edp_ag0,0,2,55,expert_dp_param_allgather:pg=1179,1785477765034165125,0,expert_dp_param_allgather,2,1887436800,same_rank_dp_ag0,19181,1785477765029913170,1785477765029913170,1785477765029880907,1.0,iter55:pp8:edp_ag0:round0:expert_dp_param_allgather:pg=1179,iter55:pp8:edp_ag0:round0:expert_dp_param_allgather:pg=1179:rel-0f67601f27dd,mock_oisa_scale_1.2,63783473,32263,63751210,63783473,63751210,1785477765093664380,-1,0,trace_group_end_lag_clamped,1785477765093664380
53126008,140,1785477765034132862,8,1785477765034132862,85452,1785477765087205681,1785477765087291133,edp_ag0,0,2,55,expert_dp_param_allgather:pg=1179,1785477765034165125,32263,expert_dp_param_allgather,2,1887436800,same_rank_dp_ag0,17760,1785477765029880907,1785477765029913170,1785477765029880907,1.0,iter55:pp8:edp_ag0:round0:expert_dp_param_allgather:pg=1179,iter55:pp8:edp_ag0:round0:expert_dp_param_allgather:pg=1179:rel-0f67601f27dd,mock_oisa_scale_1.2,63783473,32263,63751210,63783473,63751210,1785477765093664380,-1,85452,trace_group_end_lag_clamped,1785477765093578928
54068411,133,1785477765034160557,8,1785477765034123420,50352,1785477765088178616,1785477765088228968,edp_ag0,0,2,55,expert_dp_param_allgather:pg=1181,1785477765034160557,0,expert_dp_param_allgather,2,1887436800,same_rank_dp_ag0,10480,1785477765029908602,1785477765029908602,1785477765029871465,1.0,iter55:pp8:edp_ag0:round0:expert_dp_param_allgather:pg=1181,iter55:pp8:edp_ag0:round0:expert_dp_param_allgather:pg=1181:rel-79aa71a47e1c,mock_oisa_scale_1.2,64919230,37137,64882093,64919230,64882093,1785477765094790695,-1,50352,trace_group_end_lag_clamped,1785477765094740343
54068411,141,1785477765034123420,8,1785477765034123420,0,1785477765088228968,1785477765088228968,edp_ag0,0,2,55,expert_dp_param_allgather:pg=1181,1785477765034160557,37137,expert_dp_param_allgather,2,1887436800,same_rank_dp_ag0,11160,1785477765029871465,1785477765029908602,1785477765029871465,1.0,iter55:pp8:edp_ag0:round0:expert_dp_param_allgather:pg=1181,iter55:pp8:edp_ag0:round0:expert_dp_param_allgather:pg=1181:rel-79aa71a47e1c,mock_oisa_scale_1.2,64919230,37137,64882093,64919230,64882093,1785477765094790695,-1,0,trace_group_end_lag_clamped,1785477765094790695
53748099,134,1785477765034106165,8,1785477765034106165,0,1785477765087884593,1785477765087884593,edp_ag0,0,2,55,expert_dp_param_allgather:pg=1183,1785477765034136494,30329,expert_dp_param_allgather,2,1887436800,same_rank_dp_ag0,10800,1785477765029854210,1785477765029884539,1785477765029854210,1.0,iter55:pp8:edp_ag0:round0:expert_dp_param_allgather:pg=1183,iter55:pp8:edp_ag0:round0:expert_dp_param_allgather:pg=1183:rel-fa5e8c802bfb,mock_oisa_scale_1.2,64528048,30329,64497719,64528048,64497719,1785477765094382258,-1,0,trace_group_end_lag_clamped,1785477765094382258
53748099,142,1785477765034136494,8,1785477765034106165,38980,1785477765087845613,1785477765087884593,edp_ag0,0,2,55,expert_dp_param_allgather:pg=1183,1785477765034136494,0,expert_dp_param_allgather,2,1887436800,same_rank_dp_ag0,11200,1785477765029884539,1785477765029884539,1785477765029854210,1.0,iter55:pp8:edp_ag0:round0:expert_dp_param_allgather:pg=1183,iter55:pp8:edp_ag0:round0:expert_dp_param_allgather:pg=1183:rel-fa5e8c802bfb,mock_oisa_scale_1.2,64528048,30329,64497719,64528048,64497719,1785477765094382258,-1,38980,trace_group_end_lag_clamped,1785477765094343278
52457867,135,1785477765034108844,8,1785477765034108844,0,1785477765086593208,1785477765086593208,edp_ag0,0,2,55,expert_dp_param_allgather:pg=1185,1785477765034135341,26497,expert_dp_param_allgather,2,1887436800,same_rank_dp_ag0,30619,1785477765029856889,1785477765029883386,1785477765029856889,1.0,iter55:pp8:edp_ag0:round0:expert_dp_param_allgather:pg=1185,iter55:pp8:edp_ag0:round0:expert_dp_param_allgather:pg=1185:rel-eca6286af19c,mock_oisa_scale_1.2,62975937,26497,62949440,62975937,62949440,1785477765092832826,-1,0,trace_group_end_lag_clamped,1785477765092832826
52457867,143,1785477765034135341,8,1785477765034108844,64919,1785477765086528289,1785477765086593208,edp_ag0,0,2,55,expert_dp_param_allgather:pg=1185,1785477765034135341,0,expert_dp_param_allgather,2,1887436800,same_rank_dp_ag0,10560,1785477765029883386,1785477765029883386,1785477765029856889,1.0,iter55:pp8:edp_ag0:round0:expert_dp_param_allgather:pg=1185,iter55:pp8:edp_ag0:round0:expert_dp_param_allgather:pg=1185:rel-eca6286af19c,mock_oisa_scale_1.2,62975937,26497,62949440,62975937,62949440,1785477765092832826,-1,64919,trace_group_end_lag_clamped,1785477765092767907
54555624,128,1785477765187587921,8,1785477765187587921,0,1785477765242182679,1785477765242182679,edp_ag1,1,2,55,expert_dp_param_allgather:pg=1171,1785477765187627055,39134,expert_dp_param_allgather,2,1887436800,same_rank_dp_ag1,12880,1785477765196513900,1785477765196553034,1785477765196513900,1.0,iter55:pp8:edp_ag1:round1:expert_dp_param_allgather:pg=1171,iter55:pp8:edp_ag1:round1:expert_dp_param_allgather:pg=1171:rel-8c39164145f1,mock_oisa_scale_1.2,65505883,39134,65466749,65505883,65466749,1785477765262019783,-1,0,trace_group_end_lag_clamped,1785477765262019783
54555624,136,1785477765187627055,8,1785477765187587921,31157,1785477765242151522,1785477765242182679,edp_ag1,1,2,55,expert_dp_param_allgather:pg=1171,1785477765187627055,0,expert_dp_param_allgather,2,1887436800,same_rank_dp_ag1,26640,1785477765196553034,1785477765196553034,1785477765196513900,1.0,iter55:pp8:edp_ag1:round1:expert_dp_param_allgather:pg=1171,iter55:pp8:edp_ag1:round1:expert_dp_param_allgather:pg=1171:rel-8c39164145f1,mock_oisa_scale_1.2,65505883,39134,65466749,65505883,65466749,1785477765262019783,-1,31157,trace_group_end_lag_clamped,1785477765261988626
53290697,129,1785477765187585019,8,1785477765187585019,0,1785477765240914202,1785477765240914202,edp_ag1,1,2,55,expert_dp_param_allgather:pg=1173,1785477765187623505,38486,expert_dp_param_allgather,2,1887436800,same_rank_dp_ag1,11960,1785477765196510998,1785477765196549484,1785477765196510998,1.0,iter55:pp8:edp_ag1:round1:expert_dp_param_allgather:pg=1173,iter55:pp8:edp_ag1:round1:expert_dp_param_allgather:pg=1173:rel-f721b10d82c6,mock_oisa_scale_1.2,63987322,38486,63948836,63987322,63948836,1785477765260498320,-1,0,trace_group_end_lag_clamped,1785477765260498320
53290697,137,1785477765187623505,8,1785477765187585019,3446,1785477765240910756,1785477765240914202,edp_ag1,1,2,55,expert_dp_param_allgather:pg=1173,1785477765187623505,0,expert_dp_param_allgather,2,1887436800,same_rank_dp_ag1,32960,1785477765196549484,1785477765196549484,1785477765196510998,1.0,iter55:pp8:edp_ag1:round1:expert_dp_param_allgather:pg=1173,iter55:pp8:edp_ag1:round1:expert_dp_param_allgather:pg=1173:rel-f721b10d82c6,mock_oisa_scale_1.2,63987322,38486,63948836,63987322,63948836,1785477765260498320,-1,3446,trace_group_end_lag_clamped,1785477765260494874
54156421,130,1785477765187569652,8,1785477765187569652,0,1785477765241782363,1785477765241782363,edp_ag1,1,2,55,expert_dp_param_allgather:pg=1175,1785477765187625942,56290,expert_dp_param_allgather,2,1887436800,same_rank_dp_ag1,10720,1785477765196495631,1785477765196551921,1785477765196495631,1.0,iter55:pp8:edp_ag1:round1:expert_dp_param_allgather:pg=1175,iter55:pp8:edp_ag1:round1:expert_dp_param_allgather:pg=1175:rel-23208de1c562,mock_oisa_scale_1.2,65043995,56290,64987705,65043995,64987705,1785477765261539626,-1,0,trace_group_end_lag_clamped,1785477765261539626
54156421,138,1785477765187625942,8,1785477765187569652,22906,1785477765241759457,1785477765241782363,edp_ag1,1,2,55,expert_dp_param_allgather:pg=1175,1785477765187625942,0,expert_dp_param_allgather,2,1887436800,same_rank_dp_ag1,71080,1785477765196551921,1785477765196551921,1785477765196495631,1.0,iter55:pp8:edp_ag1:round1:expert_dp_param_allgather:pg=1175,iter55:pp8:edp_ag1:round1:expert_dp_param_allgather:pg=1175:rel-23208de1c562,mock_oisa_scale_1.2,65043995,56290,64987705,65043995,64987705,1785477765261539626,-1,22906,trace_group_end_lag_clamped,1785477765261516720
51979709,131,1785477765187556913,8,1785477765187534949,0,1785477765239536622,1785477765239536622,edp_ag1,1,2,55,expert_dp_param_allgather:pg=1177,1785477765187556913,0,expert_dp_param_allgather,2,1887436800,same_rank_dp_ag1,10880,1785477765196482892,1785477765196482892,1785477765196460928,1.0,iter55:pp8:edp_ag1:round1:expert_dp_param_allgather:pg=1177,iter55:pp8:edp_ag1:round1:expert_dp_param_allgather:pg=1177:rel-c6a90e3f288f,mock_oisa_scale_1.2,62397615,21964,62375651,62397615,62375651,1785477765258858543,-1,0,trace_group_end_lag_clamped,1785477765258858543
51979709,139,1785477765187534949,8,1785477765187534949,43897,1785477765239492725,1785477765239536622,edp_ag1,1,2,55,expert_dp_param_allgather:pg=1177,1785477765187556913,21964,expert_dp_param_allgather,2,1887436800,same_rank_dp_ag1,12640,1785477765196460928,1785477765196482892,1785477765196460928,1.0,iter55:pp8:edp_ag1:round1:expert_dp_param_allgather:pg=1177,iter55:pp8:edp_ag1:round1:expert_dp_param_allgather:pg=1177:rel-c6a90e3f288f,mock_oisa_scale_1.2,62397615,21964,62375651,62397615,62375651,1785477765258858543,-1,43897,trace_group_end_lag_clamped,1785477765258814646
60654979,132,1785477765187590201,8,1785477765187590201,0,1785477765248285765,1785477765248285765,edp_ag1,1,2,55,expert_dp_param_allgather:pg=1179,1785477765187630786,40585,expert_dp_param_allgather,2,1887436800,same_rank_dp_ag1,12200,1785477765196516180,1785477765196556765,1785477765196516180,1.0,iter55:pp8:edp_ag1:round1:expert_dp_param_allgather:pg=1179,iter55:pp8:edp_ag1:round1:expert_dp_param_allgather:pg=1179:rel-41fca067018f,mock_oisa_scale_1.2,72826560,40585,72785975,72826560,72785975,1785477765269342740,-1,0,trace_group_end_lag_clamped,1785477765269342740
60654979,140,1785477765187630786,8,1785477765187590201,17175,1785477765248268590,1785477765248285765,edp_ag1,1,2,55,expert_dp_param_allgather:pg=1179,1785477765187630786,0,expert_dp_param_allgather,2,1887436800,same_rank_dp_ag1,40640,1785477765196556765,1785477765196556765,1785477765196516180,1.0,iter55:pp8:edp_ag1:round1:expert_dp_param_allgather:pg=1179,iter55:pp8:edp_ag1:round1:expert_dp_param_allgather:pg=1179:rel-41fca067018f,mock_oisa_scale_1.2,72826560,40585,72785975,72826560,72785975,1785477765269342740,-1,17175,trace_group_end_lag_clamped,1785477765269325565
53894467,133,1785477765187568245,8,1785477765187568245,1031,1785477765241490464,1785477765241491495,edp_ag1,1,2,55,expert_dp_param_allgather:pg=1181,1785477765187597028,28783,expert_dp_param_allgather,2,1887436800,same_rank_dp_ag1,10960,1785477765196494224,1785477765196523007,1785477765196494224,1.0,iter55:pp8:edp_ag1:round1:expert_dp_param_allgather:pg=1181,iter55:pp8:edp_ag1:round1:expert_dp_param_allgather:pg=1181:rel-b0d262e6430f,mock_oisa_scale_1.2,64702143,28783,64673360,64702143,64673360,1785477765261196367,-1,1031,trace_group_end_lag_clamped,1785477765261195336
53894467,141,1785477765187597028,8,1785477765187568245,0,1785477765241491495,1785477765241491495,edp_ag1,1,2,55,expert_dp_param_allgather:pg=1181,1785477765187597028,0,expert_dp_param_allgather,2,1887436800,same_rank_dp_ag1,11000,1785477765196523007,1785477765196523007,1785477765196494224,1.0,iter55:pp8:edp_ag1:round1:expert_dp_param_allgather:pg=1181,iter55:pp8:edp_ag1:round1:expert_dp_param_allgather:pg=1181:rel-b0d262e6430f,mock_oisa_scale_1.2,64702143,28783,64673360,64702143,64673360,1785477765261196367,-1,0,trace_group_end_lag_clamped,1785477765261196367
53652999,134,1785477765187588933,8,1785477765187588933,9147,1785477765241253520,1785477765241262667,edp_ag1,1,2,55,expert_dp_param_allgather:pg=1183,1785477765187609668,20735,expert_dp_param_allgather,2,1887436800,same_rank_dp_ag1,11960,1785477765196514912,1785477765196535647,1785477765196514912,1.0,iter55:pp8:edp_ag1:round1:expert_dp_param_allgather:pg=1183,iter55:pp8:edp_ag1:round1:expert_dp_param_allgather:pg=1183:rel-c915848882cb,mock_oisa_scale_1.2,64404334,20735,64383599,64404334,64383599,1785477765260919246,-1,9147,trace_group_end_lag_clamped,1785477765260910099
53652999,142,1785477765187609668,8,1785477765187588933,0,1785477765241262667,1785477765241262667,edp_ag1,1,2,55,expert_dp_param_allgather:pg=1183,1785477765187609668,0,expert_dp_param_allgather,2,1887436800,same_rank_dp_ag1,10560,1785477765196535647,1785477765196535647,1785477765196514912,1.0,iter55:pp8:edp_ag1:round1:expert_dp_param_allgather:pg=1183,iter55:pp8:edp_ag1:round1:expert_dp_param_allgather:pg=1183:rel-c915848882cb,mock_oisa_scale_1.2,64404334,20735,64383599,64404334,64383599,1785477765260919246,-1,0,trace_group_end_lag_clamped,1785477765260919246
52080193,135,1785477765187572511,8,1785477765187572511,0,1785477765239704353,1785477765239704353,edp_ag1,1,2,55,expert_dp_param_allgather:pg=1185,1785477765187624160,51649,expert_dp_param_allgather,2,1887436800,same_rank_dp_ag1,11840,1785477765196498490,1785477765196550139,1785477765196498490,1.0,iter55:pp8:edp_ag1:round1:expert_dp_param_allgather:pg=1185,iter55:pp8:edp_ag1:round1:expert_dp_param_allgather:pg=1185:rel-8cf97dec9419,mock_oisa_scale_1.2,62547881,51649,62496232,62547881,62496232,1785477765259046371,-1,0,trace_group_end_lag_clamped,1785477765259046371
52080193,143,1785477765187624160,8,1785477765187572511,26444,1785477765239677909,1785477765239704353,edp_ag1,1,2,55,expert_dp_param_allgather:pg=1185,1785477765187624160,0,expert_dp_param_allgather,2,1887436800,same_rank_dp_ag1,41040,1785477765196550139,1785477765196550139,1785477765196498490,1.0,iter55:pp8:edp_ag1:round1:expert_dp_param_allgather:pg=1185,iter55:pp8:edp_ag1:round1:expert_dp_param_allgather:pg=1185:rel-8cf97dec9419,mock_oisa_scale_1.2,62547881,51649,62496232,62547881,62496232,1785477765259046371,-1,26444,trace_group_end_lag_clamped,1785477765259019927
219938429,128,1785477758950027823,8,1785477758949901626,0,1785477759169966252,1785477759169966252,edp_rs,0,2,55,expert_dp_grad_reduce_scatter:pg=1171,1785477758950027823,0,expert_dp_grad_reduce_scatter,2,7549747200,same_rank_dp_rs,17715351,1785477758933230852,1785477758933230852,1785477758933104655,1.0,iter55:pp8:edp_rs:round0:expert_dp_grad_reduce_scatter:pg=1171,iter55:pp8:edp_rs:round0:expert_dp_grad_reduce_scatter:pg=1171:rel-129acb94824d,mock_oisa_scale_1.2,264052312,126197,263926115,264052312,263926115,1785477759197156967,-1,0,trace_group_end_lag_clamped,1785477759197156967
219938429,136,1785477758949901626,8,1785477758949901626,34413,1785477759169931839,1785477759169966252,edp_rs,0,2,55,expert_dp_grad_reduce_scatter:pg=1171,1785477758950027823,126197,expert_dp_grad_reduce_scatter,2,7549747200,same_rank_dp_rs,17611126,1785477758933104655,1785477758933230852,1785477758933104655,1.0,iter55:pp8:edp_rs:round0:expert_dp_grad_reduce_scatter:pg=1171,iter55:pp8:edp_rs:round0:expert_dp_grad_reduce_scatter:pg=1171:rel-129acb94824d,mock_oisa_scale_1.2,264052312,126197,263926115,264052312,263926115,1785477759197156967,-1,34413,trace_group_end_lag_clamped,1785477759197122554
207525116,129,1785477758950039425,8,1785477758950038821,0,1785477759157564541,1785477759157564541,edp_rs,0,2,55,expert_dp_grad_reduce_scatter:pg=1173,1785477758950039425,0,expert_dp_grad_reduce_scatter,2,7549747200,same_rank_dp_rs,17767769,1785477758933242454,1785477758933242454,1785477758933241850,1.0,iter55:pp8:edp_rs:round0:expert_dp_grad_reduce_scatter:pg=1173,iter55:pp8:edp_rs:round0:expert_dp_grad_reduce_scatter:pg=1173:rel-430b9b7a3149,mock_oisa_scale_1.2,249030743,604,249030139,249030743,249030139,1785477759182272593,-1,0,trace_group_end_lag_clamped,1785477759182272593
207525116,137,1785477758950038821,8,1785477758950038821,87870,1785477759157476671,1785477759157564541,edp_rs,0,2,55,expert_dp_grad_reduce_scatter:pg=1173,1785477758950039425,604,expert_dp_grad_reduce_scatter,2,7549747200,same_rank_dp_rs,17764633,1785477758933241850,1785477758933242454,1785477758933241850,1.0,iter55:pp8:edp_rs:round0:expert_dp_grad_reduce_scatter:pg=1173,iter55:pp8:edp_rs:round0:expert_dp_grad_reduce_scatter:pg=1173:rel-430b9b7a3149,mock_oisa_scale_1.2,249030743,604,249030139,249030743,249030139,1785477759182272593,-1,87870,trace_group_end_lag_clamped,1785477759182184723
213942893,130,1785477758949819452,8,1785477758949566658,36922,1785477759163725423,1785477759163762345,edp_rs,0,2,55,expert_dp_grad_reduce_scatter:pg=1175,1785477758949819452,0,expert_dp_grad_reduce_scatter,2,7549747200,same_rank_dp_rs,17588090,1785477758933022481,1785477758933022481,1785477758932769687,1.0,iter55:pp8:edp_rs:round0:expert_dp_grad_reduce_scatter:pg=1175,iter55:pp8:edp_rs:round0:expert_dp_grad_reduce_scatter:pg=1175:rel-dd295fa17aa5,mock_oisa_scale_1.2,256984266,252794,256731472,256984266,256731472,1785477759189753953,-1,36922,trace_group_end_lag_clamped,1785477759189717031
213942893,138,1785477758949566658,8,1785477758949566658,0,1785477759163762345,1785477759163762345,edp_rs,0,2,55,expert_dp_grad_reduce_scatter:pg=1175,1785477758949819452,252794,expert_dp_grad_reduce_scatter,2,7549747200,same_rank_dp_rs,17293036,1785477758932769687,1785477758933022481,1785477758932769687,1.0,iter55:pp8:edp_rs:round0:expert_dp_grad_reduce_scatter:pg=1175,iter55:pp8:edp_rs:round0:expert_dp_grad_reduce_scatter:pg=1175:rel-dd295fa17aa5,mock_oisa_scale_1.2,256984266,252794,256731472,256984266,256731472,1785477759189753953,-1,0,trace_group_end_lag_clamped,1785477759189753953
212014757,131,1785477758950196318,8,1785477758949851482,0,1785477759162211075,1785477759162211075,edp_rs,0,2,55,expert_dp_grad_reduce_scatter:pg=1177,1785477758950196318,0,expert_dp_grad_reduce_scatter,2,7549747200,same_rank_dp_rs,17862592,1785477758933399347,1785477758933399347,1785477758933054511,1.0,iter55:pp8:edp_rs:round0:expert_dp_grad_reduce_scatter:pg=1177,iter55:pp8:edp_rs:round0:expert_dp_grad_reduce_scatter:pg=1177:rel-1f65ad8986ac,mock_oisa_scale_1.2,254762544,344836,254417708,254762544,254417708,1785477759187817055,-1,0,trace_group_end_lag_clamped,1785477759187817055
212014757,139,1785477758949851482,8,1785477758949851482,106388,1785477759162104687,1785477759162211075,edp_rs,0,2,55,expert_dp_grad_reduce_scatter:pg=1177,1785477758950196318,344836,expert_dp_grad_reduce_scatter,2,7549747200,same_rank_dp_rs,17581057,1785477758933054511,1785477758933399347,1785477758933054511,1.0,iter55:pp8:edp_rs:round0:expert_dp_grad_reduce_scatter:pg=1177,iter55:pp8:edp_rs:round0:expert_dp_grad_reduce_scatter:pg=1177:rel-1f65ad8986ac,mock_oisa_scale_1.2,254762544,344836,254417708,254762544,254417708,1785477759187817055,-1,106388,trace_group_end_lag_clamped,1785477759187710667
211925702,132,1785477758950071048,8,1785477758949850552,0,1785477759161996750,1785477759161996750,edp_rs,0,2,55,expert_dp_grad_reduce_scatter:pg=1179,1785477758950071048,0,expert_dp_grad_reduce_scatter,2,7549747200,same_rank_dp_rs,17803236,1785477758933274077,1785477758933274077,1785477758933053581,1.0,iter55:pp8:edp_rs:round0:expert_dp_grad_reduce_scatter:pg=1179,iter55:pp8:edp_rs:round0:expert_dp_grad_reduce_scatter:pg=1179:rel-a3347ebb717e,mock_oisa_scale_1.2,254531338,220496,254310842,254531338,254310842,1785477759187584919,-1,0,trace_group_end_lag_clamped,1785477759187584919
211925702,140,1785477758949850552,8,1785477758949850552,105842,1785477759161890908,1785477759161996750,edp_rs,0,2,55,expert_dp_grad_reduce_scatter:pg=1179,1785477758950071048,220496,expert_dp_grad_reduce_scatter,2,7549747200,same_rank_dp_rs,17578980,1785477758933053581,1785477758933274077,1785477758933053581,1.0,iter55:pp8:edp_rs:round0:expert_dp_grad_reduce_scatter:pg=1179,iter55:pp8:edp_rs:round0:expert_dp_grad_reduce_scatter:pg=1179:rel-a3347ebb717e,mock_oisa_scale_1.2,254531338,220496,254310842,254531338,254310842,1785477759187584919,-1,105842,trace_group_end_lag_clamped,1785477759187479077
211720076,133,1785477758950136799,8,1785477758950136799,35877,1785477759161882428,1785477759161918305,edp_rs,0,2,55,expert_dp_grad_reduce_scatter:pg=1181,1785477758950198229,61430,expert_dp_grad_reduce_scatter,2,7549747200,same_rank_dp_rs,17827282,1785477758933339828,1785477758933401258,1785477758933339828,1.0,iter55:pp8:edp_rs:round0:expert_dp_grad_reduce_scatter:pg=1181,iter55:pp8:edp_rs:round0:expert_dp_grad_reduce_scatter:pg=1181:rel-c3d9fa598103,mock_oisa_scale_1.2,254125521,61430,254064091,254125521,254064091,1785477759187465349,-1,35877,trace_group_end_lag_clamped,1785477759187429472
211720076,141,1785477758950198229,8,1785477758950136799,0,1785477759161918305,1785477759161918305,edp_rs,0,2,55,expert_dp_grad_reduce_scatter:pg=1181,1785477758950198229,0,expert_dp_grad_reduce_scatter,2,7549747200,same_rank_dp_rs,18019095,1785477758933401258,1785477758933401258,1785477758933339828,1.0,iter55:pp8:edp_rs:round0:expert_dp_grad_reduce_scatter:pg=1181,iter55:pp8:edp_rs:round0:expert_dp_grad_reduce_scatter:pg=1181:rel-c3d9fa598103,mock_oisa_scale_1.2,254125521,61430,254064091,254125521,254064091,1785477759187465349,-1,0,trace_group_end_lag_clamped,1785477759187465349
211045312,134,1785477758949958091,8,1785477758949637685,0,1785477759161003403,1785477759161003403,edp_rs,0,2,55,expert_dp_grad_reduce_scatter:pg=1183,1785477758949958091,0,expert_dp_grad_reduce_scatter,2,7549747200,same_rank_dp_rs,17800434,1785477758933161120,1785477758933161120,1785477758932840714,1.0,iter55:pp8:edp_rs:round0:expert_dp_grad_reduce_scatter:pg=1183,iter55:pp8:edp_rs:round0:expert_dp_grad_reduce_scatter:pg=1183:rel-42e4e0c64f27,mock_oisa_scale_1.2,253574780,320406,253254374,253574780,253254374,1785477759186415494,-1,0,trace_group_end_lag_clamped,1785477759186415494
211045312,142,1785477758949637685,8,1785477758949637685,109482,1785477759160893921,1785477759161003403,edp_rs,0,2,55,expert_dp_grad_reduce_scatter:pg=1183,1785477758949958091,320406,expert_dp_grad_reduce_scatter,2,7549747200,same_rank_dp_rs,17367360,1785477758932840714,1785477758933161120,1785477758932840714,1.0,iter55:pp8:edp_rs:round0:expert_dp_grad_reduce_scatter:pg=1183,iter55:pp8:edp_rs:round0:expert_dp_grad_reduce_scatter:pg=1183:rel-42e4e0c64f27,mock_oisa_scale_1.2,253574780,320406,253254374,253574780,253254374,1785477759186415494,-1,109482,trace_group_end_lag_clamped,1785477759186306012
214306027,135,1785477758950118861,8,1785477758949512664,60,1785477759164424828,1785477759164424888,edp_rs,0,2,55,expert_dp_grad_reduce_scatter:pg=1185,1785477758950118861,0,expert_dp_grad_reduce_scatter,2,7549747200,same_rank_dp_rs,17853474,1785477758933321890,1785477758933321890,1785477758932715693,1.0,iter55:pp8:edp_rs:round0:expert_dp_grad_reduce_scatter:pg=1185,iter55:pp8:edp_rs:round0:expert_dp_grad_reduce_scatter:pg=1185:rel-ccf8f95d9bc5,mock_oisa_scale_1.2,257773429,606197,257167232,257773429,257167232,1785477759190489122,-1,60,trace_group_end_lag_clamped,1785477759190489062
214306027,143,1785477758949512664,8,1785477758949512664,0,1785477759164424888,1785477759164424888,edp_rs,0,2,55,expert_dp_grad_reduce_scatter:pg=1185,1785477758950118861,606197,expert_dp_grad_reduce_scatter,2,7549747200,same_rank_dp_rs,17249449,1785477758932715693,1785477758933321890,1785477758932715693,1.0,iter55:pp8:edp_rs:round0:expert_dp_grad_reduce_scatter:pg=1185,iter55:pp8:edp_rs:round0:expert_dp_grad_reduce_scatter:pg=1185:rel-ccf8f95d9bc5,mock_oisa_scale_1.2,257773429,606197,257167232,257773429,257167232,1785477759190489122,-1,0,trace_group_end_lag_clamped,1785477759190489122
7849476,144,1785477765025315958,9,1785477765025315958,46087,1785477765034046932,1785477765034093019,dp_ag0,0,16,55,dp_param_allgather:pg=19,1785477765026243543,927585,dp_param_allgather,16,98621440,world_rs_done,28639701,1785477765019499635,1785477765020427220,1785477765019499635,1.0,iter55:pp9:dp_ag0:round0:dp_param_allgather:pg=19,iter55:pp9:dp_ag0:round0:dp_param_allgather:pg=19:rel-f21439115792,mock_oisa_scale_1.2,10346956,927585,9419371,10346956,9419371,1785477765029846591,-1,46087,trace_group_end_lag_clamped,1785477765029800504
7849476,145,1785477765026045673,9,1785477765025315958,16410,1785477765034076609,1785477765034093019,dp_ag0,0,16,55,dp_param_allgather:pg=19,1785477765026243543,197870,dp_param_allgather,16,98621440,world_rs_done,29369416,1785477765020229350,1785477765020427220,1785477765019499635,1.0,iter55:pp9:dp_ag0:round0:dp_param_allgather:pg=19,iter55:pp9:dp_ag0:round0:dp_param_allgather:pg=19:rel-f21439115792,mock_oisa_scale_1.2,10346956,927585,9419371,10346956,9419371,1785477765029846591,-1,16410,trace_group_end_lag_clamped,1785477765029830181
7849476,146,1785477765026243543,9,1785477765025315958,2241,1785477765034090778,1785477765034093019,dp_ag0,0,16,55,dp_param_allgather:pg=19,1785477765026243543,0,dp_param_allgather,16,98621440,world_rs_done,29567286,1785477765020427220,1785477765020427220,1785477765019499635,1.0,iter55:pp9:dp_ag0:round0:dp_param_allgather:pg=19,iter55:pp9:dp_ag0:round0:dp_param_allgather:pg=19:rel-f21439115792,mock_oisa_scale_1.2,10346956,927585,9419371,10346956,9419371,1785477765029846591,-1,2241,trace_group_end_lag_clamped,1785477765029844350
7849476,147,1785477765025829604,9,1785477765025315958,19046,1785477765034073973,1785477765034093019,dp_ag0,0,16,55,dp_param_allgather:pg=19,1785477765026243543,413939,dp_param_allgather,16,98621440,world_rs_done,29153347,1785477765020013281,1785477765020427220,1785477765019499635,1.0,iter55:pp9:dp_ag0:round0:dp_param_allgather:pg=19,iter55:pp9:dp_ag0:round0:dp_param_allgather:pg=19:rel-f21439115792,mock_oisa_scale_1.2,10346956,927585,9419371,10346956,9419371,1785477765029846591,-1,19046,trace_group_end_lag_clamped,1785477765029827545
7849476,148,1785477765025341631,9,1785477765025315958,0,1785477765034093019,1785477765034093019,dp_ag0,0,16,55,dp_param_allgather:pg=19,1785477765026243543,901912,dp_param_allgather,16,98621440,world_rs_done,28665374,1785477765019525308,1785477765020427220,1785477765019499635,1.0,iter55:pp9:dp_ag0:round0:dp_param_allgather:pg=19,iter55:pp9:dp_ag0:round0:dp_param_allgather:pg=19:rel-f21439115792,mock_oisa_scale_1.2,10346956,927585,9419371,10346956,9419371,1785477765029846591,-1,0,trace_group_end_lag_clamped,1785477765029846591
7849476,149,1785477765025817256,9,1785477765025315958,120337,1785477765033972682,1785477765034093019,dp_ag0,0,16,55,dp_param_allgather:pg=19,1785477765026243543,426287,dp_param_allgather,16,98621440,world_rs_done,29140999,1785477765020000933,1785477765020427220,1785477765019499635,1.0,iter55:pp9:dp_ag0:round0:dp_param_allgather:pg=19,iter55:pp9:dp_ag0:round0:dp_param_allgather:pg=19:rel-f21439115792,mock_oisa_scale_1.2,10346956,927585,9419371,10346956,9419371,1785477765029846591,-1,120337,trace_group_end_lag_clamped,1785477765029726254
7849476,150,1785477765025733815,9,1785477765025315958,8173,1785477765034084846,1785477765034093019,dp_ag0,0,16,55,dp_param_allgather:pg=19,1785477765026243543,509728,dp_param_allgather,16,98621440,world_rs_done,29057558,1785477765019917492,1785477765020427220,1785477765019499635,1.0,iter55:pp9:dp_ag0:round0:dp_param_allgather:pg=19,iter55:pp9:dp_ag0:round0:dp_param_allgather:pg=19:rel-f21439115792,mock_oisa_scale_1.2,10346956,927585,9419371,10346956,9419371,1785477765029846591,-1,8173,trace_group_end_lag_clamped,1785477765029838418
7849476,151,1785477765025943469,9,1785477765025315958,6567,1785477765034086452,1785477765034093019,dp_ag0,0,16,55,dp_param_allgather:pg=19,1785477765026243543,300074,dp_param_allgather,16,98621440,world_rs_done,29267212,1785477765020127146,1785477765020427220,1785477765019499635,1.0,iter55:pp9:dp_ag0:round0:dp_param_allgather:pg=19,iter55:pp9:dp_ag0:round0:dp_param_allgather:pg=19:rel-f21439115792,mock_oisa_scale_1.2,10346956,927585,9419371,10346956,9419371,1785477765029846591,-1,6567,trace_group_end_lag_clamped,1785477765029840024
7849476,152,1785477765025400719,9,1785477765025315958,38810,1785477765034054209,1785477765034093019,dp_ag0,0,16,55,dp_param_allgather:pg=19,1785477765026243543,842824,dp_param_allgather,16,98621440,world_rs_done,28724462,1785477765019584396,1785477765020427220,1785477765019499635,1.0,iter55:pp9:dp_ag0:round0:dp_param_allgather:pg=19,iter55:pp9:dp_ag0:round0:dp_param_allgather:pg=19:rel-f21439115792,mock_oisa_scale_1.2,10346956,927585,9419371,10346956,9419371,1785477765029846591,-1,38810,trace_group_end_lag_clamped,1785477765029807781
7849476,153,1785477765025500569,9,1785477765025315958,82422,1785477765034010597,1785477765034093019,dp_ag0,0,16,55,dp_param_allgather:pg=19,1785477765026243543,742974,dp_param_allgather,16,98621440,world_rs_done,28824312,1785477765019684246,1785477765020427220,1785477765019499635,1.0,iter55:pp9:dp_ag0:round0:dp_param_allgather:pg=19,iter55:pp9:dp_ag0:round0:dp_param_allgather:pg=19:rel-f21439115792,mock_oisa_scale_1.2,10346956,927585,9419371,10346956,9419371,1785477765029846591,-1,82422,trace_group_end_lag_clamped,1785477765029764169
7849476,154,1785477765025933817,9,1785477765025315958,132585,1785477765033960434,1785477765034093019,dp_ag0,0,16,55,dp_param_allgather:pg=19,1785477765026243543,309726,dp_param_allgather,16,98621440,world_rs_done,29257560,1785477765020117494,1785477765020427220,1785477765019499635,1.0,iter55:pp9:dp_ag0:round0:dp_param_allgather:pg=19,iter55:pp9:dp_ag0:round0:dp_param_allgather:pg=19:rel-f21439115792,mock_oisa_scale_1.2,10346956,927585,9419371,10346956,9419371,1785477765029846591,-1,132585,trace_group_end_lag_clamped,1785477765029714006
7849476,155,1785477765026098991,9,1785477765025315958,53822,1785477765034039197,1785477765034093019,dp_ag0,0,16,55,dp_param_allgather:pg=19,1785477765026243543,144552,dp_param_allgather,16,98621440,world_rs_done,29422734,1785477765020282668,1785477765020427220,1785477765019499635,1.0,iter55:pp9:dp_ag0:round0:dp_param_allgather:pg=19,iter55:pp9:dp_ag0:round0:dp_param_allgather:pg=19:rel-f21439115792,mock_oisa_scale_1.2,10346956,927585,9419371,10346956,9419371,1785477765029846591,-1,53822,trace_group_end_lag_clamped,1785477765029792769
7849476,156,1785477765025382268,9,1785477765025315958,113585,1785477765033979434,1785477765034093019,dp_ag0,0,16,55,dp_param_allgather:pg=19,1785477765026243543,861275,dp_param_allgather,16,98621440,world_rs_done,28706011,1785477765019565945,1785477765020427220,1785477765019499635,1.0,iter55:pp9:dp_ag0:round0:dp_param_allgather:pg=19,iter55:pp9:dp_ag0:round0:dp_param_allgather:pg=19:rel-f21439115792,mock_oisa_scale_1.2,10346956,927585,9419371,10346956,9419371,1785477765029846591,-1,113585,trace_group_end_lag_clamped,1785477765029733006
7849476,157,1785477765025373084,9,1785477765025315958,49777,1785477765034043242,1785477765034093019,dp_ag0,0,16,55,dp_param_allgather:pg=19,1785477765026243543,870459,dp_param_allgather,16,98621440,world_rs_done,28696827,1785477765019556761,1785477765020427220,1785477765019499635,1.0,iter55:pp9:dp_ag0:round0:dp_param_allgather:pg=19,iter55:pp9:dp_ag0:round0:dp_param_allgather:pg=19:rel-f21439115792,mock_oisa_scale_1.2,10346956,927585,9419371,10346956,9419371,1785477765029846591,-1,49777,trace_group_end_lag_clamped,1785477765029796814
7849476,158,1785477765025859827,9,1785477765025315958,140860,1785477765033952159,1785477765034093019,dp_ag0,0,16,55,dp_param_allgather:pg=19,1785477765026243543,383716,dp_param_allgather,16,98621440,world_rs_done,29183570,1785477765020043504,1785477765020427220,1785477765019499635,1.0,iter55:pp9:dp_ag0:round0:dp_param_allgather:pg=19,iter55:pp9:dp_ag0:round0:dp_param_allgather:pg=19:rel-f21439115792,mock_oisa_scale_1.2,10346956,927585,9419371,10346956,9419371,1785477765029846591,-1,140860,trace_group_end_lag_clamped,1785477765029705731
7849476,159,1785477765026003796,9,1785477765025315958,124873,1785477765033968146,1785477765034093019,dp_ag0,0,16,55,dp_param_allgather:pg=19,1785477765026243543,239747,dp_param_allgather,16,98621440,world_rs_done,29327539,1785477765020187473,1785477765020427220,1785477765019499635,1.0,iter55:pp9:dp_ag0:round0:dp_param_allgather:pg=19,iter55:pp9:dp_ag0:round0:dp_param_allgather:pg=19:rel-f21439115792,mock_oisa_scale_1.2,10346956,927585,9419371,10346956,9419371,1785477765029846591,-1,124873,trace_group_end_lag_clamped,1785477765029721718
7467698,144,1785477765173114390,9,1785477765172658871,25660,1785477765186892972,1785477765186918632,dp_ag1,1,16,55,dp_param_allgather:pg=19,1785477765179450934,6336544,dp_param_allgather,16,98621440,same_rank_edp_ag0,87635378,1785477765179150811,1785477765186717677,1785477765178729537,1.0,iter55:pp9:dp_ag1:round1:dp_param_allgather:pg=19,iter55:pp9:dp_ag1:round1:dp_param_allgather:pg=19:rel-58a01f75f14a,mock_oisa_scale_1.2,16949378,7988140,8961238,16949378,8961238,1785477765195678915,-1,25660,trace_group_end_lag_clamped,1785477765195653255
7467698,145,1785477765175764570,9,1785477765172658871,0,1785477765186918632,1785477765186918632,dp_ag1,1,16,55,dp_param_allgather:pg=19,1785477765179450934,3686364,dp_param_allgather,16,98621440,same_rank_edp_ag0,87600614,1785477765182333403,1785477765186717677,1785477765178729537,1.0,iter55:pp9:dp_ag1:round1:dp_param_allgather:pg=19,iter55:pp9:dp_ag1:round1:dp_param_allgather:pg=19:rel-58a01f75f14a,mock_oisa_scale_1.2,16949378,7988140,8961238,16949378,8961238,1785477765195678915,-1,0,trace_group_end_lag_clamped,1785477765195678915
7467698,146,1785477765172658871,9,1785477765172658871,4618,1785477765186914014,1785477765186918632,dp_ag1,1,16,55,dp_param_allgather:pg=19,1785477765179450934,6792063,dp_param_allgather,16,98621440,same_rank_edp_ag0,86971865,1785477765178729537,1785477765186717677,1785477765178729537,1.0,iter55:pp9:dp_ag1:round1:dp_param_allgather:pg=19,iter55:pp9:dp_ag1:round1:dp_param_allgather:pg=19:rel-58a01f75f14a,mock_oisa_scale_1.2,16949378,7988140,8961238,16949378,8961238,1785477765195678915,-1,4618,trace_group_end_lag_clamped,1785477765195674297
7467698,147,1785477765176488470,9,1785477765172658871,10991,1785477765186907641,1785477765186918632,dp_ag1,1,16,55,dp_param_allgather:pg=19,1785477765179450934,2962464,dp_param_allgather,16,98621440,same_rank_edp_ag0,87978239,1785477765183127150,1785477765186717677,1785477765178729537,1.0,iter55:pp9:dp_ag1:round1:dp_param_allgather:pg=19,iter55:pp9:dp_ag1:round1:dp_param_allgather:pg=19:rel-58a01f75f14a,mock_oisa_scale_1.2,16949378,7988140,8961238,16949378,8961238,1785477765195678915,-1,10991,trace_group_end_lag_clamped,1785477765195667924
7467698,148,1785477765176433420,9,1785477765172658871,2610,1785477765186916022,1785477765186918632,dp_ag1,1,16,55,dp_param_allgather:pg=19,1785477765179450934,3017514,dp_param_allgather,16,98621440,same_rank_edp_ag0,88573857,1785477765182942218,1785477765186717677,1785477765178729537,1.0,iter55:pp9:dp_ag1:round1:dp_param_allgather:pg=19,iter55:pp9:dp_ag1:round1:dp_param_allgather:pg=19:rel-58a01f75f14a,mock_oisa_scale_1.2,16949378,7988140,8961238,16949378,8961238,1785477765195678915,-1,2610,trace_group_end_lag_clamped,1785477765195676305
7467698,149,1785477765174885688,9,1785477765172658871,39106,1785477765186879526,1785477765186918632,dp_ag1,1,16,55,dp_param_allgather:pg=19,1785477765179450934,4565246,dp_param_allgather,16,98621440,same_rank_edp_ag0,87825038,1785477765181244771,1785477765186717677,1785477765178729537,1.0,iter55:pp9:dp_ag1:round1:dp_param_allgather:pg=19,iter55:pp9:dp_ag1:round1:dp_param_allgather:pg=19:rel-58a01f75f14a,mock_oisa_scale_1.2,16949378,7988140,8961238,16949378,8961238,1785477765195678915,-1,39106,trace_group_end_lag_clamped,1785477765195639809
7467698,150,1785477765179168719,9,1785477765172658871,4147,1785477765186914485,1785477765186918632,dp_ag1,1,16,55,dp_param_allgather:pg=19,1785477765179450934,282215,dp_param_allgather,16,98621440,same_rank_edp_ag0,87507096,1785477765186435462,1785477765186717677,1785477765178729537,1.0,iter55:pp9:dp_ag1:round1:dp_param_allgather:pg=19,iter55:pp9:dp_ag1:round1:dp_param_allgather:pg=19:rel-58a01f75f14a,mock_oisa_scale_1.2,16949378,7988140,8961238,16949378,8961238,1785477765195678915,-1,4147,trace_group_end_lag_clamped,1785477765195674768
7467698,151,1785477765173107163,9,1785477765172658871,7710,1785477765186910922,1785477765186918632,dp_ag1,1,16,55,dp_param_allgather:pg=19,1785477765179450934,6343771,dp_param_allgather,16,98621440,same_rank_edp_ag0,87756087,1785477765179111508,1785477765186717677,1785477765178729537,1.0,iter55:pp9:dp_ag1:round1:dp_param_allgather:pg=19,iter55:pp9:dp_ag1:round1:dp_param_allgather:pg=19:rel-58a01f75f14a,mock_oisa_scale_1.2,16949378,7988140,8961238,16949378,8961238,1785477765195678915,-1,7710,trace_group_end_lag_clamped,1785477765195671205
7467698,152,1785477765173142728,9,1785477765172658871,31385,1785477765186887247,1785477765186918632,dp_ag1,1,16,55,dp_param_allgather:pg=19,1785477765179450934,6308206,dp_param_allgather,16,98621440,same_rank_edp_ag0,87687143,1785477765179179149,1785477765186717677,1785477765178729537,1.0,iter55:pp9:dp_ag1:round1:dp_param_allgather:pg=19,iter55:pp9:dp_ag1:round1:dp_param_allgather:pg=19:rel-58a01f75f14a,mock_oisa_scale_1.2,16949378,7988140,8961238,16949378,8961238,1785477765195678915,-1,31385,trace_group_end_lag_clamped,1785477765195647530
7467698,153,1785477765175118537,9,1785477765172658871,24456,1785477765186894176,1785477765186918632,dp_ag1,1,16,55,dp_param_allgather:pg=19,1785477765179450934,4332397,dp_param_allgather,16,98621440,same_rank_edp_ag0,87033604,1785477765181687370,1785477765186717677,1785477765178729537,1.0,iter55:pp9:dp_ag1:round1:dp_param_allgather:pg=19,iter55:pp9:dp_ag1:round1:dp_param_allgather:pg=19:rel-58a01f75f14a,mock_oisa_scale_1.2,16949378,7988140,8961238,16949378,8961238,1785477765195678915,-1,24456,trace_group_end_lag_clamped,1785477765195654459
7467698,154,1785477765173095613,9,1785477765172658871,60149,1785477765186858483,1785477765186918632,dp_ag1,1,16,55,dp_param_allgather:pg=19,1785477765179450934,6355321,dp_param_allgather,16,98621440,same_rank_edp_ag0,87473508,1785477765179166279,1785477765186717677,1785477765178729537,1.0,iter55:pp9:dp_ag1:round1:dp_param_allgather:pg=19,iter55:pp9:dp_ag1:round1:dp_param_allgather:pg=19:rel-58a01f75f14a,mock_oisa_scale_1.2,16949378,7988140,8961238,16949378,8961238,1785477765195678915,-1,60149,trace_group_end_lag_clamped,1785477765195618766
7467698,155,1785477765176319637,9,1785477765172658871,27106,1785477765186891526,1785477765186918632,dp_ag1,1,16,55,dp_param_allgather:pg=19,1785477765179450934,3131297,dp_param_allgather,16,98621440,same_rank_edp_ag0,87912834,1785477765182958317,1785477765186717677,1785477765178729537,1.0,iter55:pp9:dp_ag1:round1:dp_param_allgather:pg=19,iter55:pp9:dp_ag1:round1:dp_param_allgather:pg=19:rel-58a01f75f14a,mock_oisa_scale_1.2,16949378,7988140,8961238,16949378,8961238,1785477765195678915,-1,27106,trace_group_end_lag_clamped,1785477765195651809
7467698,156,1785477765175622046,9,1785477765172658871,33058,1785477765186885574,1785477765186918632,dp_ag1,1,16,55,dp_param_allgather:pg=19,1785477765179450934,3828888,dp_param_allgather,16,98621440,same_rank_edp_ag0,87742217,1785477765182130844,1785477765186717677,1785477765178729537,1.0,iter55:pp9:dp_ag1:round1:dp_param_allgather:pg=19,iter55:pp9:dp_ag1:round1:dp_param_allgather:pg=19:rel-58a01f75f14a,mock_oisa_scale_1.2,16949378,7988140,8961238,16949378,8961238,1785477765195678915,-1,33058,trace_group_end_lag_clamped,1785477765195645857
7467698,157,1785477765174508737,9,1785477765172658871,64002,1785477765186854630,1785477765186918632,dp_ag1,1,16,55,dp_param_allgather:pg=19,1785477765179450934,4942197,dp_param_allgather,16,98621440,same_rank_edp_ag0,87427340,1785477765180867820,1785477765186717677,1785477765178729537,1.0,iter55:pp9:dp_ag1:round1:dp_param_allgather:pg=19,iter55:pp9:dp_ag1:round1:dp_param_allgather:pg=19:rel-58a01f75f14a,mock_oisa_scale_1.2,16949378,7988140,8961238,16949378,8961238,1785477765195678915,-1,64002,trace_group_end_lag_clamped,1785477765195614913
7467698,158,1785477765179450934,9,1785477765172658871,58968,1785477765186859664,1785477765186918632,dp_ag1,1,16,55,dp_param_allgather:pg=19,1785477765179450934,0,dp_param_allgather,16,98621440,same_rank_edp_ag0,87869770,1785477765186717677,1785477765186717677,1785477765178729537,1.0,iter55:pp9:dp_ag1:round1:dp_param_allgather:pg=19,iter55:pp9:dp_ag1:round1:dp_param_allgather:pg=19:rel-58a01f75f14a,mock_oisa_scale_1.2,16949378,7988140,8961238,16949378,8961238,1785477765195678915,-1,58968,trace_group_end_lag_clamped,1785477765195619947
7467698,159,1785477765173205942,9,1785477765172658871,51440,1785477765186867192,1785477765186918632,dp_ag1,1,16,55,dp_param_allgather:pg=19,1785477765179450934,6244992,dp_param_allgather,16,98621440,same_rank_edp_ag0,87867286,1785477765179210287,1785477765186717677,1785477765178729537,1.0,iter55:pp9:dp_ag1:round1:dp_param_allgather:pg=19,iter55:pp9:dp_ag1:round1:dp_param_allgather:pg=19:rel-58a01f75f14a,mock_oisa_scale_1.2,16949378,7988140,8961238,16949378,8961238,1785477765195678915,-1,51440,trace_group_end_lag_clamped,1785477765195627475
18435487,144,1785477757926694711,9,1785477757926156070,72034,1785477758116653922,1785477758116725956,dp_rs,0,16,55,dp_grad_reduce_scatter:pg=19,1785477758098290469,171595758,dp_grad_reduce_scatter,16,3155886080,pp_frontier,0,1785477757901507947,1785477758076267925,1785477757895287106,1.0,iter55:pp9:dp_rs:round0:dp_grad_reduce_scatter:pg=19,iter55:pp9:dp_rs:round0:dp_grad_reduce_scatter:pg=19:rel-6ab0890d91f5,mock_oisa_scale_1.2,203103403,180980819,22122584,203103403,22122584,1785477758098390509,-1,72034,trace_group_end_lag_clamped,1785477758098318475
18435487,145,1785477757926396660,9,1785477757926156070,59548,1785477758116666408,1785477758116725956,dp_rs,0,16,55,dp_grad_reduce_scatter:pg=19,1785477758098290469,171893809,dp_grad_reduce_scatter,16,3155886080,pp_frontier,0,1785477757895287106,1785477758076267925,1785477757895287106,1.0,iter55:pp9:dp_rs:round0:dp_grad_reduce_scatter:pg=19,iter55:pp9:dp_rs:round0:dp_grad_reduce_scatter:pg=19:rel-6ab0890d91f5,mock_oisa_scale_1.2,203103403,180980819,22122584,203103403,22122584,1785477758098390509,-1,59548,trace_group_end_lag_clamped,1785477758098330961
18435487,146,1785477757926235389,9,1785477757926156070,75770,1785477758116650186,1785477758116725956,dp_rs,0,16,55,dp_grad_reduce_scatter:pg=19,1785477758098290469,172055080,dp_grad_reduce_scatter,16,3155886080,pp_frontier,0,1785477757901884076,1785477758076267925,1785477757895287106,1.0,iter55:pp9:dp_rs:round0:dp_grad_reduce_scatter:pg=19,iter55:pp9:dp_rs:round0:dp_grad_reduce_scatter:pg=19:rel-6ab0890d91f5,mock_oisa_scale_1.2,203103403,180980819,22122584,203103403,22122584,1785477758098390509,-1,75770,trace_group_end_lag_clamped,1785477758098314739
18435487,147,1785477757926224270,9,1785477757926156070,0,1785477758116725956,1785477758116725956,dp_rs,0,16,55,dp_grad_reduce_scatter:pg=19,1785477758098290469,172066199,dp_grad_reduce_scatter,16,3155886080,pp_frontier,0,1785477757900734124,1785477758076267925,1785477757895287106,1.0,iter55:pp9:dp_rs:round0:dp_grad_reduce_scatter:pg=19,iter55:pp9:dp_rs:round0:dp_grad_reduce_scatter:pg=19:rel-6ab0890d91f5,mock_oisa_scale_1.2,203103403,180980819,22122584,203103403,22122584,1785477758098390509,-1,0,trace_group_end_lag_clamped,1785477758098390509
18435487,148,1785477757926156070,9,1785477757926156070,87570,1785477758116638386,1785477758116725956,dp_rs,0,16,55,dp_grad_reduce_scatter:pg=19,1785477758098290469,172134399,dp_grad_reduce_scatter,16,3155886080,pp_frontier,0,1785477757904706481,1785477758076267925,1785477757895287106,1.0,iter55:pp9:dp_rs:round0:dp_grad_reduce_scatter:pg=19,iter55:pp9:dp_rs:round0:dp_grad_reduce_scatter:pg=19:rel-6ab0890d91f5,mock_oisa_scale_1.2,203103403,180980819,22122584,203103403,22122584,1785477758098390509,-1,87570,trace_group_end_lag_clamped,1785477758098302939
18435487,149,1785477757926172605,9,1785477757926156070,85156,1785477758116640800,1785477758116725956,dp_rs,0,16,55,dp_grad_reduce_scatter:pg=19,1785477758098290469,172117864,dp_grad_reduce_scatter,16,3155886080,pp_frontier,0,1785477757903102906,1785477758076267925,1785477757895287106,1.0,iter55:pp9:dp_rs:round0:dp_grad_reduce_scatter:pg=19,iter55:pp9:dp_rs:round0:dp_grad_reduce_scatter:pg=19:rel-6ab0890d91f5,mock_oisa_scale_1.2,203103403,180980819,22122584,203103403,22122584,1785477758098390509,-1,85156,trace_group_end_lag_clamped,1785477758098305353
18435487,150,1785477757927312288,9,1785477757926156070,62229,1785477758116663727,1785477758116725956,dp_rs,0,16,55,dp_grad_reduce_scatter:pg=19,1785477758098290469,170978181,dp_grad_reduce_scatter,16,3155886080,pp_frontier,0,1785477757897902090,1785477758076267925,1785477757895287106,1.0,iter55:pp9:dp_rs:round0:dp_grad_reduce_scatter:pg=19,iter55:pp9:dp_rs:round0:dp_grad_reduce_scatter:pg=19:rel-6ab0890d91f5,mock_oisa_scale_1.2,203103403,180980819,22122584,203103403,22122584,1785477758098390509,-1,62229,trace_group_end_lag_clamped,1785477758098328280
18435487,151,1785477757927732733,9,1785477757926156070,57207,1785477758116668749,1785477758116725956,dp_rs,0,16,55,dp_grad_reduce_scatter:pg=19,1785477758098290469,170557736,dp_grad_reduce_scatter,16,3155886080,pp_frontier,0,1785477757898540628,1785477758076267925,1785477757895287106,1.0,iter55:pp9:dp_rs:round0:dp_grad_reduce_scatter:pg=19,iter55:pp9:dp_rs:round0:dp_grad_reduce_scatter:pg=19:rel-6ab0890d91f5,mock_oisa_scale_1.2,203103403,180980819,22122584,203103403,22122584,1785477758098390509,-1,57207,trace_group_end_lag_clamped,1785477758098333302
18435487,152,1785477758097967337,9,1785477757926156070,94550,1785477758116631406,1785477758116725956,dp_rs,0,16,55,dp_grad_reduce_scatter:pg=19,1785477758098290469,323132,dp_grad_reduce_scatter,16,3155886080,pp_frontier,0,1785477758058110531,1785477758076267925,1785477757895287106,1.0,iter55:pp9:dp_rs:round0:dp_grad_reduce_scatter:pg=19,iter55:pp9:dp_rs:round0:dp_grad_reduce_scatter:pg=19:rel-6ab0890d91f5,mock_oisa_scale_1.2,203103403,180980819,22122584,203103403,22122584,1785477758098390509,-1,94550,trace_group_end_lag_clamped,1785477758098295959
18435487,153,1785477758098290469,9,1785477757926156070,108390,1785477758116617566,1785477758116725956,dp_rs,0,16,55,dp_grad_reduce_scatter:pg=19,1785477758098290469,0,dp_grad_reduce_scatter,16,3155886080,pp_frontier,0,1785477758073160685,1785477758076267925,1785477757895287106,1.0,iter55:pp9:dp_rs:round0:dp_grad_reduce_scatter:pg=19,iter55:pp9:dp_rs:round0:dp_grad_reduce_scatter:pg=19:rel-6ab0890d91f5,mock_oisa_scale_1.2,203103403,180980819,22122584,203103403,22122584,1785477758098390509,-1,108390,trace_group_end_lag_clamped,1785477758098282119
18435487,154,1785477758094901772,9,1785477757926156070,90826,1785477758116635130,1785477758116725956,dp_rs,0,16,55,dp_grad_reduce_scatter:pg=19,1785477758098290469,3388697,dp_grad_reduce_scatter,16,3155886080,pp_frontier,0,1785477758072583694,1785477758076267925,1785477757895287106,1.0,iter55:pp9:dp_rs:round0:dp_grad_reduce_scatter:pg=19,iter55:pp9:dp_rs:round0:dp_grad_reduce_scatter:pg=19:rel-6ab0890d91f5,mock_oisa_scale_1.2,203103403,180980819,22122584,203103403,22122584,1785477758098390509,-1,90826,trace_group_end_lag_clamped,1785477758098299683
18435487,155,1785477758094870135,9,1785477757926156070,36287,1785477758116689669,1785477758116725956,dp_rs,0,16,55,dp_grad_reduce_scatter:pg=19,1785477758098290469,3420334,dp_grad_reduce_scatter,16,3155886080,pp_frontier,0,1785477758076267925,1785477758076267925,1785477757895287106,1.0,iter55:pp9:dp_rs:round0:dp_grad_reduce_scatter:pg=19,iter55:pp9:dp_rs:round0:dp_grad_reduce_scatter:pg=19:rel-6ab0890d91f5,mock_oisa_scale_1.2,203103403,180980819,22122584,203103403,22122584,1785477758098390509,-1,36287,trace_group_end_lag_clamped,1785477758098354222
18435487,156,1785477758095160387,9,1785477757926156070,106316,1785477758116619640,1785477758116725956,dp_rs,0,16,55,dp_grad_reduce_scatter:pg=19,1785477758098290469,3130082,dp_grad_reduce_scatter,16,3155886080,pp_frontier,0,1785477758074340453,1785477758076267925,1785477757895287106,1.0,iter55:pp9:dp_rs:round0:dp_grad_reduce_scatter:pg=19,iter55:pp9:dp_rs:round0:dp_grad_reduce_scatter:pg=19:rel-6ab0890d91f5,mock_oisa_scale_1.2,203103403,180980819,22122584,203103403,22122584,1785477758098390509,-1,106316,trace_group_end_lag_clamped,1785477758098284193
18435487,157,1785477758094765516,9,1785477757926156070,94747,1785477758116631209,1785477758116725956,dp_rs,0,16,55,dp_grad_reduce_scatter:pg=19,1785477758098290469,3524953,dp_grad_reduce_scatter,16,3155886080,pp_frontier,0,1785477758071636114,1785477758076267925,1785477757895287106,1.0,iter55:pp9:dp_rs:round0:dp_grad_reduce_scatter:pg=19,iter55:pp9:dp_rs:round0:dp_grad_reduce_scatter:pg=19:rel-6ab0890d91f5,mock_oisa_scale_1.2,203103403,180980819,22122584,203103403,22122584,1785477758098390509,-1,94747,trace_group_end_lag_clamped,1785477758098295762
18435487,158,1785477758096155176,9,1785477757926156070,91748,1785477758116634208,1785477758116725956,dp_rs,0,16,55,dp_grad_reduce_scatter:pg=19,1785477758098290469,2135293,dp_grad_reduce_scatter,16,3155886080,pp_frontier,0,1785477758067760497,1785477758076267925,1785477757895287106,1.0,iter55:pp9:dp_rs:round0:dp_grad_reduce_scatter:pg=19,iter55:pp9:dp_rs:round0:dp_grad_reduce_scatter:pg=19:rel-6ab0890d91f5,mock_oisa_scale_1.2,203103403,180980819,22122584,203103403,22122584,1785477758098390509,-1,91748,trace_group_end_lag_clamped,1785477758098298761
18435487,159,1785477758095530344,9,1785477757926156070,92134,1785477758116633822,1785477758116725956,dp_rs,0,16,55,dp_grad_reduce_scatter:pg=19,1785477758098290469,2760125,dp_grad_reduce_scatter,16,3155886080,pp_frontier,0,1785477758067815362,1785477758076267925,1785477757895287106,1.0,iter55:pp9:dp_rs:round0:dp_grad_reduce_scatter:pg=19,iter55:pp9:dp_rs:round0:dp_grad_reduce_scatter:pg=19:rel-6ab0890d91f5,mock_oisa_scale_1.2,203103403,180980819,22122584,203103403,22122584,1785477758098390509,-1,92134,trace_group_end_lag_clamped,1785477758098298375
51414243,144,1785477765034057490,9,1785477765034057490,0,1785477765085479012,1785477765085479012,edp_ag0,0,2,55,expert_dp_param_allgather:pg=1187,1785477765034064769,7279,expert_dp_param_allgather,2,1887436800,same_rank_dp_ag0,10558,1785477765029811062,1785477765029818341,1785477765029811062,1.0,iter55:pp9:edp_ag0:round0:expert_dp_param_allgather:pg=1187,iter55:pp9:edp_ag0:round0:expert_dp_param_allgather:pg=1187:rel-f706eec20a90,mock_oisa_scale_1.2,61704371,7279,61697092,61704371,61697092,1785477765091515433,-1,0,trace_group_end_lag_clamped,1785477765091515433
51414243,152,1785477765034064769,9,1785477765034057490,23427,1785477765085455585,1785477765085479012,edp_ag0,0,2,55,expert_dp_param_allgather:pg=1187,1785477765034064769,0,expert_dp_param_allgather,2,1887436800,same_rank_dp_ag0,10560,1785477765029818341,1785477765029818341,1785477765029811062,1.0,iter55:pp9:edp_ag0:round0:expert_dp_param_allgather:pg=1187,iter55:pp9:edp_ag0:round0:expert_dp_param_allgather:pg=1187:rel-f706eec20a90,mock_oisa_scale_1.2,61704371,7279,61697092,61704371,61697092,1785477765091515433,-1,23427,trace_group_end_lag_clamped,1785477765091492006
54076307,145,1785477765034087649,9,1785477765034021077,0,1785477765088163956,1785477765088163956,edp_ag0,0,2,55,expert_dp_param_allgather:pg=1189,1785477765034087649,0,expert_dp_param_allgather,2,1887436800,same_rank_dp_ag0,11040,1785477765029841221,1785477765029841221,1785477765029774649,1.0,iter55:pp9:edp_ag0:round0:expert_dp_param_allgather:pg=1189,iter55:pp9:edp_ag0:round0:expert_dp_param_allgather:pg=1189:rel-174989488d9b,mock_oisa_scale_1.2,64958140,66572,64891568,64958140,64891568,1785477765094732789,-1,0,trace_group_end_lag_clamped,1785477765094732789
54076307,153,1785477765034021077,9,1785477765034021077,79023,1785477765088084933,1785477765088163956,edp_ag0,0,2,55,expert_dp_param_allgather:pg=1189,1785477765034087649,66572,expert_dp_param_allgather,2,1887436800,same_rank_dp_ag0,10480,1785477765029774649,1785477765029841221,1785477765029774649,1.0,iter55:pp9:edp_ag0:round0:expert_dp_param_allgather:pg=1189,iter55:pp9:edp_ag0:round0:expert_dp_param_allgather:pg=1189:rel-174989488d9b,mock_oisa_scale_1.2,64958140,66572,64891568,64958140,64891568,1785477765094732789,-1,79023,trace_group_end_lag_clamped,1785477765094653766
51585468,146,1785477765034101538,9,1785477765033976194,0,1785477765085687006,1785477765085687006,edp_ag0,0,2,55,expert_dp_param_allgather:pg=1191,1785477765034101538,0,expert_dp_param_allgather,2,1887436800,same_rank_dp_ag0,10760,1785477765029855110,1785477765029855110,1785477765029729766,1.0,iter55:pp9:edp_ag0:round0:expert_dp_param_allgather:pg=1191,iter55:pp9:edp_ag0:round0:expert_dp_param_allgather:pg=1191:rel-fc858d5957ff,mock_oisa_scale_1.2,62027906,125344,61902562,62027906,61902562,1785477765091757672,-1,0,trace_group_end_lag_clamped,1785477765091757672
51585468,154,1785477765033976194,9,1785477765033976194,64901,1785477765085622105,1785477765085687006,edp_ag0,0,2,55,expert_dp_param_allgather:pg=1191,1785477765034101538,125344,expert_dp_param_allgather,2,1887436800,same_rank_dp_ag0,15760,1785477765029729766,1785477765029855110,1785477765029729766,1.0,iter55:pp9:edp_ag0:round0:expert_dp_param_allgather:pg=1191,iter55:pp9:edp_ag0:round0:expert_dp_param_allgather:pg=1191:rel-fc858d5957ff,mock_oisa_scale_1.2,62027906,125344,61902562,62027906,61902562,1785477765091757672,-1,64901,trace_group_end_lag_clamped,1785477765091692771
54425538,147,1785477765034084693,9,1785477765034050157,0,1785477765088510231,1785477765088510231,edp_ag0,0,2,55,expert_dp_param_allgather:pg=1193,1785477765034084693,0,expert_dp_param_allgather,2,1887436800,same_rank_dp_ag0,10720,1785477765029838265,1785477765029838265,1785477765029803729,1.0,iter55:pp9:edp_ag0:round0:expert_dp_param_allgather:pg=1193,iter55:pp9:edp_ag0:round0:expert_dp_param_allgather:pg=1193:rel-29d85c8f8b79,mock_oisa_scale_1.2,65345182,34536,65310646,65345182,65310646,1785477765095148911,-1,0,trace_group_end_lag_clamped,1785477765095148911
54425538,155,1785477765034050157,9,1785477765034050157,103428,1785477765088406803,1785477765088510231,edp_ag0,0,2,55,expert_dp_param_allgather:pg=1193,1785477765034084693,34536,expert_dp_param_allgather,2,1887436800,same_rank_dp_ag0,10960,1785477765029803729,1785477765029838265,1785477765029803729,1.0,iter55:pp9:edp_ag0:round0:expert_dp_param_allgather:pg=1193,iter55:pp9:edp_ag0:round0:expert_dp_param_allgather:pg=1193:rel-29d85c8f8b79,mock_oisa_scale_1.2,65345182,34536,65310646,65345182,65310646,1785477765095148911,-1,103428,trace_group_end_lag_clamped,1785477765095045483
53776129,148,1785477765034103700,9,1785477765033989914,20266,1785477765087859563,1785477765087879829,edp_ag0,0,2,55,expert_dp_param_allgather:pg=1195,1785477765034103700,0,expert_dp_param_allgather,2,1887436800,same_rank_dp_ag0,10681,1785477765029857272,1785477765029857272,1785477765029743486,1.0,iter55:pp9:edp_ag0:round0:expert_dp_param_allgather:pg=1195,iter55:pp9:edp_ag0:round0:expert_dp_param_allgather:pg=1195:rel-5d180db34996,mock_oisa_scale_1.2,64645141,113786,64531355,64645141,64531355,1785477765094388627,-1,20266,trace_group_end_lag_clamped,1785477765094368361
53776129,156,1785477765033989914,9,1785477765033989914,0,1785477765087879829,1785477765087879829,edp_ag0,0,2,55,expert_dp_param_allgather:pg=1195,1785477765034103700,113786,expert_dp_param_allgather,2,1887436800,same_rank_dp_ag0,10480,1785477765029743486,1785477765029857272,1785477765029743486,1.0,iter55:pp9:edp_ag0:round0:expert_dp_param_allgather:pg=1195,iter55:pp9:edp_ag0:round0:expert_dp_param_allgather:pg=1195:rel-5d180db34996,mock_oisa_scale_1.2,64645141,113786,64531355,64645141,64531355,1785477765094388627,-1,0,trace_group_end_lag_clamped,1785477765094388627
53027555,149,1785477765034030722,9,1785477765034030722,20747,1785477765087060650,1785477765087081397,edp_ag0,0,2,55,expert_dp_param_allgather:pg=1197,1785477765034053842,23120,expert_dp_param_allgather,2,1887436800,same_rank_dp_ag0,58040,1785477765029784294,1785477765029807414,1785477765029784294,1.0,iter55:pp9:edp_ag0:round0:expert_dp_param_allgather:pg=1197,iter55:pp9:edp_ag0:round0:expert_dp_param_allgather:pg=1197:rel-a2d554ea8b13,mock_oisa_scale_1.2,63656186,23120,63633066,63656186,63633066,1785477765093440480,-1,20747,trace_group_end_lag_clamped,1785477765093419733
53027555,157,1785477765034053842,9,1785477765034030722,0,1785477765087081397,1785477765087081397,edp_ag0,0,2,55,expert_dp_param_allgather:pg=1197,1785477765034053842,0,expert_dp_param_allgather,2,1887436800,same_rank_dp_ag0,10600,1785477765029807414,1785477765029807414,1785477765029784294,1.0,iter55:pp9:edp_ag0:round0:expert_dp_param_allgather:pg=1197,iter55:pp9:edp_ag0:round0:expert_dp_param_allgather:pg=1197:rel-a2d554ea8b13,mock_oisa_scale_1.2,63656186,23120,63633066,63656186,63633066,1785477765093440480,-1,0,trace_group_end_lag_clamped,1785477765093440480
57565857,150,1785477765034095766,9,1785477765033965519,0,1785477765091661623,1785477765091661623,edp_ag0,0,2,55,expert_dp_param_allgather:pg=1199,1785477765034095766,0,expert_dp_param_allgather,2,1887436800,same_rank_dp_ag0,10920,1785477765029849338,1785477765029849338,1785477765029719091,1.0,iter55:pp9:edp_ag0:round0:expert_dp_param_allgather:pg=1199,iter55:pp9:edp_ag0:round0:expert_dp_param_allgather:pg=1199:rel-7fe1694dce61,mock_oisa_scale_1.2,69209275,130247,69079028,69209275,69079028,1785477765098928366,-1,0,trace_group_end_lag_clamped,1785477765098928366
57565857,158,1785477765033965519,9,1785477765033965519,80459,1785477765091581164,1785477765091661623,edp_ag0,0,2,55,expert_dp_param_allgather:pg=1199,1785477765034095766,130247,expert_dp_param_allgather,2,1887436800,same_rank_dp_ag0,13360,1785477765029719091,1785477765029849338,1785477765029719091,1.0,iter55:pp9:edp_ag0:round0:expert_dp_param_allgather:pg=1199,iter55:pp9:edp_ag0:round0:expert_dp_param_allgather:pg=1199:rel-7fe1694dce61,mock_oisa_scale_1.2,69209275,130247,69079028,69209275,69079028,1785477765098928366,-1,80459,trace_group_end_lag_clamped,1785477765098847907
51253864,151,1785477765034097212,9,1785477765034004906,0,1785477765085351076,1785477765085351076,edp_ag0,0,2,55,expert_dp_param_allgather:pg=1201,1785477765034097212,0,expert_dp_param_allgather,2,1887436800,same_rank_dp_ag0,10760,1785477765029850784,1785477765029850784,1785477765029758478,1.0,iter55:pp9:edp_ag0:round0:expert_dp_param_allgather:pg=1201,iter55:pp9:edp_ag0:round0:expert_dp_param_allgather:pg=1201:rel-e95480e95a51,mock_oisa_scale_1.2,61596943,92306,61504637,61596943,61504637,1785477765091355421,-1,0,trace_group_end_lag_clamped,1785477765091355421
51253864,159,1785477765034004906,9,1785477765034004906,12420,1785477765085338656,1785477765085351076,edp_ag0,0,2,55,expert_dp_param_allgather:pg=1201,1785477765034097212,92306,expert_dp_param_allgather,2,1887436800,same_rank_dp_ag0,36760,1785477765029758478,1785477765029850784,1785477765029758478,1.0,iter55:pp9:edp_ag0:round0:expert_dp_param_allgather:pg=1201,iter55:pp9:edp_ag0:round0:expert_dp_param_allgather:pg=1201:rel-e95480e95a51,mock_oisa_scale_1.2,61596943,92306,61504637,61596943,61504637,1785477765091355421,-1,12420,trace_group_end_lag_clamped,1785477765091343001
54391152,144,1785477765186905012,9,1785477765186905012,31102,1785477765241286698,1785477765241317800,edp_ag1,1,2,55,expert_dp_param_allgather:pg=1187,1785477765186926648,21636,expert_dp_param_allgather,2,1887436800,same_rank_dp_ag1,12040,1785477765195665295,1785477765195686931,1785477765195665295,1.0,iter55:pp9:edp_ag1:round1:expert_dp_param_allgather:pg=1187,iter55:pp9:edp_ag1:round1:expert_dp_param_allgather:pg=1187:rel-3e11cf35f3aa,mock_oisa_scale_1.2,65291018,21636,65269382,65291018,65269382,1785477765260956313,-1,31102,trace_group_end_lag_clamped,1785477765260925211
54391152,152,1785477765186926648,9,1785477765186905012,0,1785477765241317800,1785477765241317800,edp_ag1,1,2,55,expert_dp_param_allgather:pg=1187,1785477765186926648,0,expert_dp_param_allgather,2,1887436800,same_rank_dp_ag1,39401,1785477765195686931,1785477765195686931,1785477765195665295,1.0,iter55:pp9:edp_ag1:round1:expert_dp_param_allgather:pg=1187,iter55:pp9:edp_ag1:round1:expert_dp_param_allgather:pg=1187:rel-3e11cf35f3aa,mock_oisa_scale_1.2,65291018,21636,65269382,65291018,65269382,1785477765260956313,-1,0,trace_group_end_lag_clamped,1785477765260956313
52877306,145,1785477765186929392,9,1785477765186904856,0,1785477765239806698,1785477765239806698,edp_ag1,1,2,55,expert_dp_param_allgather:pg=1189,1785477765186929392,0,expert_dp_param_allgather,2,1887436800,same_rank_dp_ag1,10760,1785477765195689675,1785477765195689675,1785477765195665139,1.0,iter55:pp9:edp_ag1:round1:expert_dp_param_allgather:pg=1189,iter55:pp9:edp_ag1:round1:expert_dp_param_allgather:pg=1189:rel-370c3a7c85dd,mock_oisa_scale_1.2,63477303,24536,63452767,63477303,63452767,1785477765259142442,-1,0,trace_group_end_lag_clamped,1785477765259142442
52877306,153,1785477765186904856,9,1785477765186904856,44270,1785477765239762428,1785477765239806698,edp_ag1,1,2,55,expert_dp_param_allgather:pg=1189,1785477765186929392,24536,expert_dp_param_allgather,2,1887436800,same_rank_dp_ag1,10680,1785477765195665139,1785477765195689675,1785477765195665139,1.0,iter55:pp9:edp_ag1:round1:expert_dp_param_allgather:pg=1189,iter55:pp9:edp_ag1:round1:expert_dp_param_allgather:pg=1189:rel-370c3a7c85dd,mock_oisa_scale_1.2,63477303,24536,63452767,63477303,63452767,1785477765259142442,-1,44270,trace_group_end_lag_clamped,1785477765259098172
51930821,146,1785477765186925414,9,1785477765186870123,13871,1785477765238842364,1785477765238856235,edp_ag1,1,2,55,expert_dp_param_allgather:pg=1191,1785477765186925414,0,expert_dp_param_allgather,2,1887436800,same_rank_dp_ag1,11400,1785477765195685697,1785477765195685697,1785477765195630406,1.0,iter55:pp9:edp_ag1:round1:expert_dp_param_allgather:pg=1191,iter55:pp9:edp_ag1:round1:expert_dp_param_allgather:pg=1191:rel-0000609b334b,mock_oisa_scale_1.2,62372276,55291,62316985,62372276,62316985,1785477765258002682,-1,13871,trace_group_end_lag_clamped,1785477765257988811
51930821,154,1785477765186870123,9,1785477765186870123,0,1785477765238856235,1785477765238856235,edp_ag1,1,2,55,expert_dp_param_allgather:pg=1191,1785477765186925414,55291,expert_dp_param_allgather,2,1887436800,same_rank_dp_ag1,11640,1785477765195630406,1785477765195685697,1785477765195630406,1.0,iter55:pp9:edp_ag1:round1:expert_dp_param_allgather:pg=1191,iter55:pp9:edp_ag1:round1:expert_dp_param_allgather:pg=1191:rel-0000609b334b,mock_oisa_scale_1.2,62372276,55291,62316985,62372276,62316985,1785477765258002682,-1,0,trace_group_end_lag_clamped,1785477765258002682
51043697,147,1785477765186918481,9,1785477765186902206,0,1785477765237962178,1785477765237962178,edp_ag1,1,2,55,expert_dp_param_allgather:pg=1193,1785477765186918481,0,expert_dp_param_allgather,2,1887436800,same_rank_dp_ag1,10840,1785477765195678764,1785477765195678764,1785477765195662489,1.0,iter55:pp9:edp_ag1:round1:expert_dp_param_allgather:pg=1193,iter55:pp9:edp_ag1:round1:expert_dp_param_allgather:pg=1193:rel-f9b0a0096936,mock_oisa_scale_1.2,61268711,16275,61252436,61268711,61252436,1785477765256931200,-1,0,trace_group_end_lag_clamped,1785477765256931200
51043697,155,1785477765186902206,9,1785477765186902206,80689,1785477765237881489,1785477765237962178,edp_ag1,1,2,55,expert_dp_param_allgather:pg=1193,1785477765186918481,16275,expert_dp_param_allgather,2,1887436800,same_rank_dp_ag1,10680,1785477765195662489,1785477765195678764,1785477765195662489,1.0,iter55:pp9:edp_ag1:round1:expert_dp_param_allgather:pg=1193,iter55:pp9:edp_ag1:round1:expert_dp_param_allgather:pg=1193:rel-f9b0a0096936,mock_oisa_scale_1.2,61268711,16275,61252436,61268711,61252436,1785477765256931200,-1,80689,trace_group_end_lag_clamped,1785477765256850511
54301508,148,1785477765186927262,9,1785477765186896214,0,1785477765241228770,1785477765241228770,edp_ag1,1,2,55,expert_dp_param_allgather:pg=1195,1785477765186927262,0,expert_dp_param_allgather,2,1887436800,same_rank_dp_ag1,11240,1785477765195687545,1785477765195687545,1785477765195656497,1.0,iter55:pp9:edp_ag1:round1:expert_dp_param_allgather:pg=1195,iter55:pp9:edp_ag1:round1:expert_dp_param_allgather:pg=1195:rel-91b39d6535e9,mock_oisa_scale_1.2,65192858,31048,65161810,65192858,65161810,1785477765260849355,-1,0,trace_group_end_lag_clamped,1785477765260849355
54301508,156,1785477765186896214,9,1785477765186896214,77841,1785477765241150929,1785477765241228770,edp_ag1,1,2,55,expert_dp_param_allgather:pg=1195,1785477765186927262,31048,expert_dp_param_allgather,2,1887436800,same_rank_dp_ag1,10640,1785477765195656497,1785477765195687545,1785477765195656497,1.0,iter55:pp9:edp_ag1:round1:expert_dp_param_allgather:pg=1195,iter55:pp9:edp_ag1:round1:expert_dp_param_allgather:pg=1195:rel-91b39d6535e9,mock_oisa_scale_1.2,65192858,31048,65161810,65192858,65161810,1785477765260849355,-1,77841,trace_group_end_lag_clamped,1785477765260771514
55496295,149,1785477765186901486,9,1785477765186866270,0,1785477765242397781,1785477765242397781,edp_ag1,1,2,55,expert_dp_param_allgather:pg=1197,1785477765186901486,0,expert_dp_param_allgather,2,1887436800,same_rank_dp_ag1,21960,1785477765195661769,1785477765195661769,1785477765195626553,1.0,iter55:pp9:edp_ag1:round1:expert_dp_param_allgather:pg=1197,iter55:pp9:edp_ag1:round1:expert_dp_param_allgather:pg=1197:rel-94549706ebf3,mock_oisa_scale_1.2,66630770,35216,66595554,66630770,66595554,1785477765262257323,-1,0,trace_group_end_lag_clamped,1785477765262257323
55496295,157,1785477765186866270,9,1785477765186866270,12353,1785477765242385428,1785477765242397781,edp_ag1,1,2,55,expert_dp_param_allgather:pg=1197,1785477765186901486,35216,expert_dp_param_allgather,2,1887436800,same_rank_dp_ag1,11640,1785477765195626553,1785477765195661769,1785477765195626553,1.0,iter55:pp9:edp_ag1:round1:expert_dp_param_allgather:pg=1197,iter55:pp9:edp_ag1:round1:expert_dp_param_allgather:pg=1197:rel-94549706ebf3,mock_oisa_scale_1.2,66630770,35216,66595554,66630770,66595554,1785477765262257323,-1,12353,trace_group_end_lag_clamped,1785477765262244970
51312769,150,1785477765186925445,9,1785477765186870584,0,1785477765238238214,1785477765238238214,edp_ag1,1,2,55,expert_dp_param_allgather:pg=1199,1785477765186925445,0,expert_dp_param_allgather,2,1887436800,same_rank_dp_ag1,10960,1785477765195685728,1785477765195685728,1785477765195630867,1.0,iter55:pp9:edp_ag1:round1:expert_dp_param_allgather:pg=1199,iter55:pp9:edp_ag1:round1:expert_dp_param_allgather:pg=1199:rel-ac134a245a1e,mock_oisa_scale_1.2,61630184,54861,61575323,61630184,61575323,1785477765257261051,-1,0,trace_group_end_lag_clamped,1785477765257261051
51312769,158,1785477765186870584,9,1785477765186870584,33834,1785477765238204380,1785477765238238214,edp_ag1,1,2,55,expert_dp_param_allgather:pg=1199,1785477765186925445,54861,expert_dp_param_allgather,2,1887436800,same_rank_dp_ag1,10920,1785477765195630867,1785477765195685728,1785477765195630867,1.0,iter55:pp9:edp_ag1:round1:expert_dp_param_allgather:pg=1199,iter55:pp9:edp_ag1:round1:expert_dp_param_allgather:pg=1199:rel-ac134a245a1e,mock_oisa_scale_1.2,61630184,54861,61575323,61630184,61575323,1785477765257261051,-1,33834,trace_group_end_lag_clamped,1785477765257227217
53455874,151,1785477765186973116,9,1785477765186878312,17488,1785477765240411502,1785477765240428990,edp_ag1,1,2,55,expert_dp_param_allgather:pg=1201,1785477765186973116,0,expert_dp_param_allgather,2,1887436800,same_rank_dp_ag1,62194,1785477765195733399,1785477765195733399,1785477765195638595,1.0,iter55:pp9:edp_ag1:round1:expert_dp_param_allgather:pg=1201,iter55:pp9:edp_ag1:round1:expert_dp_param_allgather:pg=1201:rel-47754d8c27ff,mock_oisa_scale_1.2,64241853,94804,64147049,64241853,64147049,1785477765259880448,-1,17488,trace_group_end_lag_clamped,1785477765259862960
53455874,159,1785477765186878312,9,1785477765186878312,0,1785477765240428990,1785477765240428990,edp_ag1,1,2,55,expert_dp_param_allgather:pg=1201,1785477765186973116,94804,expert_dp_param_allgather,2,1887436800,same_rank_dp_ag1,11120,1785477765195638595,1785477765195733399,1785477765195638595,1.0,iter55:pp9:edp_ag1:round1:expert_dp_param_allgather:pg=1201,iter55:pp9:edp_ag1:round1:expert_dp_param_allgather:pg=1201:rel-47754d8c27ff,mock_oisa_scale_1.2,64241853,94804,64147049,64241853,64147049,1785477765259880448,-1,0,trace_group_end_lag_clamped,1785477765259880448
211362949,144,1785477758134537413,9,1785477758134173988,0,1785477758345900362,1785477758345900362,edp_rs,0,2,55,expert_dp_grad_reduce_scatter:pg=1187,1785477758134537413,0,expert_dp_grad_reduce_scatter,2,7549747200,same_rank_dp_rs,17883491,1785477758116201966,1785477758116201966,1785477758115838541,1.0,iter55:pp9:edp_rs:round0:expert_dp_grad_reduce_scatter:pg=1187,iter55:pp9:edp_rs:round0:expert_dp_grad_reduce_scatter:pg=1187:rel-cafc69c761e6,mock_oisa_scale_1.2,253998964,363425,253635539,253998964,253635539,1785477758369837505,-1,0,trace_group_end_lag_clamped,1785477758369837505
211362949,152,1785477758134173988,9,1785477758134173988,65660,1785477758345834702,1785477758345900362,edp_rs,0,2,55,expert_dp_grad_reduce_scatter:pg=1187,1785477758134537413,363425,expert_dp_grad_reduce_scatter,2,7549747200,same_rank_dp_rs,17542582,1785477758115838541,1785477758116201966,1785477758115838541,1.0,iter55:pp9:edp_rs:round0:expert_dp_grad_reduce_scatter:pg=1187,iter55:pp9:edp_rs:round0:expert_dp_grad_reduce_scatter:pg=1187:rel-cafc69c761e6,mock_oisa_scale_1.2,253998964,363425,253635539,253998964,253635539,1785477758369837505,-1,65660,trace_group_end_lag_clamped,1785477758369771845
212226140,145,1785477758134245983,9,1785477758134017901,36964,1785477758346435159,1785477758346472123,edp_rs,0,2,55,expert_dp_grad_reduce_scatter:pg=1189,1785477758134245983,0,expert_dp_grad_reduce_scatter,2,7549747200,same_rank_dp_rs,17579575,1785477758115910536,1785477758115910536,1785477758115682454,1.0,iter55:pp9:edp_rs:round0:expert_dp_grad_reduce_scatter:pg=1189,iter55:pp9:edp_rs:round0:expert_dp_grad_reduce_scatter:pg=1189:rel-850945dd71f3,mock_oisa_scale_1.2,254899450,228082,254671368,254899450,254671368,1785477758370581904,-1,36964,trace_group_end_lag_clamped,1785477758370544940
212226140,153,1785477758134017901,9,1785477758134017901,0,1785477758346472123,1785477758346472123,edp_rs,0,2,55,expert_dp_grad_reduce_scatter:pg=1189,1785477758134245983,228082,expert_dp_grad_reduce_scatter,2,7549747200,same_rank_dp_rs,17400335,1785477758115682454,1785477758115910536,1785477758115682454,1.0,iter55:pp9:edp_rs:round0:expert_dp_grad_reduce_scatter:pg=1189,iter55:pp9:edp_rs:round0:expert_dp_grad_reduce_scatter:pg=1189:rel-850945dd71f3,mock_oisa_scale_1.2,254899450,228082,254671368,254899450,254671368,1785477758370581904,-1,0,trace_group_end_lag_clamped,1785477758370581904
212108591,146,1785477758134303359,9,1785477758134240041,0,1785477758346411950,1785477758346411950,edp_rs,0,2,55,expert_dp_grad_reduce_scatter:pg=1191,1785477758134303359,0,expert_dp_grad_reduce_scatter,2,7549747200,same_rank_dp_rs,17653173,1785477758115967912,1785477758115967912,1785477758115904594,1.0,iter55:pp9:edp_rs:round0:expert_dp_grad_reduce_scatter:pg=1191,iter55:pp9:edp_rs:round0:expert_dp_grad_reduce_scatter:pg=1191:rel-5bf5a54b88d7,mock_oisa_scale_1.2,254593627,63318,254530309,254593627,254530309,1785477758370498221,-1,0,trace_group_end_lag_clamped,1785477758370498221
212108591,154,1785477758134240041,9,1785477758134240041,75135,1785477758346336815,1785477758346411950,edp_rs,0,2,55,expert_dp_grad_reduce_scatter:pg=1191,1785477758134303359,63318,expert_dp_grad_reduce_scatter,2,7549747200,same_rank_dp_rs,17604911,1785477758115904594,1785477758115967912,1785477758115904594,1.0,iter55:pp9:edp_rs:round0:expert_dp_grad_reduce_scatter:pg=1191,iter55:pp9:edp_rs:round0:expert_dp_grad_reduce_scatter:pg=1191:rel-5bf5a54b88d7,mock_oisa_scale_1.2,254593627,63318,254530309,254593627,254530309,1785477758370498221,-1,75135,trace_group_end_lag_clamped,1785477758370423086
205094708,147,1785477758134623252,9,1785477758134240561,0,1785477758339717960,1785477758339717960,edp_rs,0,2,55,expert_dp_grad_reduce_scatter:pg=1193,1785477758134623252,0,expert_dp_grad_reduce_scatter,2,7549747200,same_rank_dp_rs,17897296,1785477758116287805,1785477758116287805,1785477758115905114,1.0,iter55:pp9:edp_rs:round0:expert_dp_grad_reduce_scatter:pg=1193,iter55:pp9:edp_rs:round0:expert_dp_grad_reduce_scatter:pg=1193:rel-adf283698972,mock_oisa_scale_1.2,246496341,382691,246113650,246496341,246113650,1785477758362401455,-1,0,trace_group_end_lag_clamped,1785477758362401455
205094708,155,1785477758134240561,9,1785477758134240561,96383,1785477758339621577,1785477758339717960,edp_rs,0,2,55,expert_dp_grad_reduce_scatter:pg=1193,1785477758134623252,382691,expert_dp_grad_reduce_scatter,2,7549747200,same_rank_dp_rs,17550892,1785477758115905114,1785477758116287805,1785477758115905114,1.0,iter55:pp9:edp_rs:round0:expert_dp_grad_reduce_scatter:pg=1193,iter55:pp9:edp_rs:round0:expert_dp_grad_reduce_scatter:pg=1193:rel-adf283698972,mock_oisa_scale_1.2,246496341,382691,246113650,246496341,246113650,1785477758362401455,-1,96383,trace_group_end_lag_clamped,1785477758362305072
208456795,148,1785477758134277342,9,1785477758134098570,0,1785477758342734137,1785477758342734137,edp_rs,0,2,55,expert_dp_grad_reduce_scatter:pg=1195,1785477758134277342,0,expert_dp_grad_reduce_scatter,2,7549747200,same_rank_dp_rs,17638956,1785477758115941895,1785477758115941895,1785477758115763123,1.0,iter55:pp9:edp_rs:round0:expert_dp_grad_reduce_scatter:pg=1195,iter55:pp9:edp_rs:round0:expert_dp_grad_reduce_scatter:pg=1195:rel-f7fd828ac545,mock_oisa_scale_1.2,250326926,178772,250148154,250326926,250148154,1785477758366090049,-1,0,trace_group_end_lag_clamped,1785477758366090049
208456795,156,1785477758134098570,9,1785477758134098570,73285,1785477758342660852,1785477758342734137,edp_rs,0,2,55,expert_dp_grad_reduce_scatter:pg=1195,1785477758134277342,178772,expert_dp_grad_reduce_scatter,2,7549747200,same_rank_dp_rs,17478930,1785477758115763123,1785477758115941895,1785477758115763123,1.0,iter55:pp9:edp_rs:round0:expert_dp_grad_reduce_scatter:pg=1195,iter55:pp9:edp_rs:round0:expert_dp_grad_reduce_scatter:pg=1195:rel-f7fd828ac545,mock_oisa_scale_1.2,250326926,178772,250148154,250326926,250148154,1785477758366090049,-1,73285,trace_group_end_lag_clamped,1785477758366016764
216577442,149,1785477758134124193,9,1785477758133947686,26619,1785477758350675016,1785477758350701635,edp_rs,0,2,55,expert_dp_grad_reduce_scatter:pg=1197,1785477758134124193,0,expert_dp_grad_reduce_scatter,2,7549747200,same_rank_dp_rs,17483393,1785477758115788746,1785477758115788746,1785477758115612239,1.0,iter55:pp9:edp_rs:round0:expert_dp_grad_reduce_scatter:pg=1197,iter55:pp9:edp_rs:round0:expert_dp_grad_reduce_scatter:pg=1197:rel-d0d89fc26d7e,mock_oisa_scale_1.2,260069437,176507,259892930,260069437,259892930,1785477758375681676,-1,26619,trace_group_end_lag_clamped,1785477758375655057
216577442,157,1785477758133947686,9,1785477758133947686,0,1785477758350701635,1785477758350701635,edp_rs,0,2,55,expert_dp_grad_reduce_scatter:pg=1197,1785477758134124193,176507,expert_dp_grad_reduce_scatter,2,7549747200,same_rank_dp_rs,17316477,1785477758115612239,1785477758115788746,1785477758115612239,1.0,iter55:pp9:edp_rs:round0:expert_dp_grad_reduce_scatter:pg=1197,iter55:pp9:edp_rs:round0:expert_dp_grad_reduce_scatter:pg=1197:rel-d0d89fc26d7e,mock_oisa_scale_1.2,260069437,176507,259892930,260069437,259892930,1785477758375681676,-1,0,trace_group_end_lag_clamped,1785477758375681676
185717942,150,1785477758134616174,9,1785477758134609595,0,1785477758320334116,1785477758320334116,edp_rs,0,2,55,expert_dp_grad_reduce_scatter:pg=1199,1785477758134616174,0,expert_dp_grad_reduce_scatter,2,7549747200,same_rank_dp_rs,17952447,1785477758116280727,1785477758116280727,1785477758116274148,1.0,iter55:pp9:edp_rs:round0:expert_dp_grad_reduce_scatter:pg=1199,iter55:pp9:edp_rs:round0:expert_dp_grad_reduce_scatter:pg=1199:rel-9089097ad7f2,mock_oisa_scale_1.2,222868109,6579,222861530,222868109,222861530,1785477758339142257,-1,0,trace_group_end_lag_clamped,1785477758339142257
185717942,158,1785477758134609595,9,1785477758134609595,72756,1785477758320261360,1785477758320334116,edp_rs,0,2,55,expert_dp_grad_reduce_scatter:pg=1199,1785477758134616174,6579,expert_dp_grad_reduce_scatter,2,7549747200,same_rank_dp_rs,17975387,1785477758116274148,1785477758116280727,1785477758116274148,1.0,iter55:pp9:edp_rs:round0:expert_dp_grad_reduce_scatter:pg=1199,iter55:pp9:edp_rs:round0:expert_dp_grad_reduce_scatter:pg=1199:rel-9089097ad7f2,mock_oisa_scale_1.2,222868109,6579,222861530,222868109,222861530,1785477758339142257,-1,72756,trace_group_end_lag_clamped,1785477758339069501
212006142,151,1785477758134128616,9,1785477758134128616,17604,1785477758346259385,1785477758346276989,edp_rs,0,2,55,expert_dp_grad_reduce_scatter:pg=1201,1785477758134270847,142231,expert_dp_grad_reduce_scatter,2,7549747200,same_rank_dp_rs,17459867,1785477758115793169,1785477758115935400,1785477758115793169,1.0,iter55:pp9:edp_rs:round0:expert_dp_grad_reduce_scatter:pg=1201,iter55:pp9:edp_rs:round0:expert_dp_grad_reduce_scatter:pg=1201:rel-c510da4f61d2,mock_oisa_scale_1.2,254549601,142231,254407370,254549601,254407370,1785477758370342770,-1,17604,trace_group_end_lag_clamped,1785477758370325166
212006142,159,1785477758134270847,9,1785477758134128616,0,1785477758346276989,1785477758346276989,edp_rs,0,2,55,expert_dp_grad_reduce_scatter:pg=1201,1785477758134270847,0,expert_dp_grad_reduce_scatter,2,7549747200,same_rank_dp_rs,17637025,1785477758115935400,1785477758115935400,1785477758115793169,1.0,iter55:pp9:edp_rs:round0:expert_dp_grad_reduce_scatter:pg=1201,iter55:pp9:edp_rs:round0:expert_dp_grad_reduce_scatter:pg=1201:rel-c510da4f61d2,mock_oisa_scale_1.2,254549601,142231,254407370,254549601,254407370,1785477758370342770,-1,0,trace_group_end_lag_clamped,1785477758370342770
7815675,160,1785477765025631478,10,1785477765025350026,61408,1785477765033802856,1785477765033864264,dp_ag0,0,16,55,dp_param_allgather:pg=21,1785477765026048589,417111,dp_param_allgather,16,98621440,world_rs_done,28955221,1785477765019815155,1785477765020232266,1785477765019533703,1.0,iter55:pp10:dp_ag0:round0:dp_param_allgather:pg=21,iter55:pp10:dp_ag0:round0:dp_param_allgather:pg=21:rel-dba009cbab91,mock_oisa_scale_1.2,10077373,698563,9378810,10077373,9378810,1785477765029611076,-1,61408,trace_group_end_lag_clamped,1785477765029549668
7815675,161,1785477765025405845,10,1785477765025350026,112185,1785477765033752079,1785477765033864264,dp_ag0,0,16,55,dp_param_allgather:pg=21,1785477765026048589,642744,dp_param_allgather,16,98621440,world_rs_done,28729588,1785477765019589522,1785477765020232266,1785477765019533703,1.0,iter55:pp10:dp_ag0:round0:dp_param_allgather:pg=21,iter55:pp10:dp_ag0:round0:dp_param_allgather:pg=21:rel-dba009cbab91,mock_oisa_scale_1.2,10077373,698563,9378810,10077373,9378810,1785477765029611076,-1,112185,trace_group_end_lag_clamped,1785477765029498891
7815675,162,1785477765025555419,10,1785477765025350026,145567,1785477765033718697,1785477765033864264,dp_ag0,0,16,55,dp_param_allgather:pg=21,1785477765026048589,493170,dp_param_allgather,16,98621440,world_rs_done,28879162,1785477765019739096,1785477765020232266,1785477765019533703,1.0,iter55:pp10:dp_ag0:round0:dp_param_allgather:pg=21,iter55:pp10:dp_ag0:round0:dp_param_allgather:pg=21:rel-dba009cbab91,mock_oisa_scale_1.2,10077373,698563,9378810,10077373,9378810,1785477765029611076,-1,145567,trace_group_end_lag_clamped,1785477765029465509
7815675,163,1785477765026048589,10,1785477765025350026,68877,1785477765033795387,1785477765033864264,dp_ag0,0,16,55,dp_param_allgather:pg=21,1785477765026048589,0,dp_param_allgather,16,98621440,world_rs_done,29372332,1785477765020232266,1785477765020232266,1785477765019533703,1.0,iter55:pp10:dp_ag0:round0:dp_param_allgather:pg=21,iter55:pp10:dp_ag0:round0:dp_param_allgather:pg=21:rel-dba009cbab91,mock_oisa_scale_1.2,10077373,698563,9378810,10077373,9378810,1785477765029611076,-1,68877,trace_group_end_lag_clamped,1785477765029542199
7815675,164,1785477765025424461,10,1785477765025350026,133097,1785477765033731167,1785477765033864264,dp_ag0,0,16,55,dp_param_allgather:pg=21,1785477765026048589,624128,dp_param_allgather,16,98621440,world_rs_done,28748204,1785477765019608138,1785477765020232266,1785477765019533703,1.0,iter55:pp10:dp_ag0:round0:dp_param_allgather:pg=21,iter55:pp10:dp_ag0:round0:dp_param_allgather:pg=21:rel-dba009cbab91,mock_oisa_scale_1.2,10077373,698563,9378810,10077373,9378810,1785477765029611076,-1,133097,trace_group_end_lag_clamped,1785477765029477979
7815675,165,1785477765025864940,10,1785477765025350026,53357,1785477765033810907,1785477765033864264,dp_ag0,0,16,55,dp_param_allgather:pg=21,1785477765026048589,183649,dp_param_allgather,16,98621440,world_rs_done,29188683,1785477765020048617,1785477765020232266,1785477765019533703,1.0,iter55:pp10:dp_ag0:round0:dp_param_allgather:pg=21,iter55:pp10:dp_ag0:round0:dp_param_allgather:pg=21:rel-dba009cbab91,mock_oisa_scale_1.2,10077373,698563,9378810,10077373,9378810,1785477765029611076,-1,53357,trace_group_end_lag_clamped,1785477765029557719
7815675,166,1785477765025379535,10,1785477765025350026,159786,1785477765033704478,1785477765033864264,dp_ag0,0,16,55,dp_param_allgather:pg=21,1785477765026048589,669054,dp_param_allgather,16,98621440,world_rs_done,28703278,1785477765019563212,1785477765020232266,1785477765019533703,1.0,iter55:pp10:dp_ag0:round0:dp_param_allgather:pg=21,iter55:pp10:dp_ag0:round0:dp_param_allgather:pg=21:rel-dba009cbab91,mock_oisa_scale_1.2,10077373,698563,9378810,10077373,9378810,1785477765029611076,-1,159786,trace_group_end_lag_clamped,1785477765029451290
7815675,167,1785477765025598263,10,1785477765025350026,147109,1785477765033717155,1785477765033864264,dp_ag0,0,16,55,dp_param_allgather:pg=21,1785477765026048589,450326,dp_param_allgather,16,98621440,world_rs_done,28922006,1785477765019781940,1785477765020232266,1785477765019533703,1.0,iter55:pp10:dp_ag0:round0:dp_param_allgather:pg=21,iter55:pp10:dp_ag0:round0:dp_param_allgather:pg=21:rel-dba009cbab91,mock_oisa_scale_1.2,10077373,698563,9378810,10077373,9378810,1785477765029611076,-1,147109,trace_group_end_lag_clamped,1785477765029463967
7815675,168,1785477765025521315,10,1785477765025350026,1168,1785477765033863096,1785477765033864264,dp_ag0,0,16,55,dp_param_allgather:pg=21,1785477765026048589,527274,dp_param_allgather,16,98621440,world_rs_done,28845058,1785477765019704992,1785477765020232266,1785477765019533703,1.0,iter55:pp10:dp_ag0:round0:dp_param_allgather:pg=21,iter55:pp10:dp_ag0:round0:dp_param_allgather:pg=21:rel-dba009cbab91,mock_oisa_scale_1.2,10077373,698563,9378810,10077373,9378810,1785477765029611076,-1,1168,trace_group_end_lag_clamped,1785477765029609908
7815675,169,1785477765025726199,10,1785477765025350026,1041,1785477765033863223,1785477765033864264,dp_ag0,0,16,55,dp_param_allgather:pg=21,1785477765026048589,322390,dp_param_allgather,16,98621440,world_rs_done,29049942,1785477765019909876,1785477765020232266,1785477765019533703,1.0,iter55:pp10:dp_ag0:round0:dp_param_allgather:pg=21,iter55:pp10:dp_ag0:round0:dp_param_allgather:pg=21:rel-dba009cbab91,mock_oisa_scale_1.2,10077373,698563,9378810,10077373,9378810,1785477765029611076,-1,1041,trace_group_end_lag_clamped,1785477765029610035
7815675,170,1785477765025925865,10,1785477765025350026,1282,1785477765033862982,1785477765033864264,dp_ag0,0,16,55,dp_param_allgather:pg=21,1785477765026048589,122724,dp_param_allgather,16,98621440,world_rs_done,29249608,1785477765020109542,1785477765020232266,1785477765019533703,1.0,iter55:pp10:dp_ag0:round0:dp_param_allgather:pg=21,iter55:pp10:dp_ag0:round0:dp_param_allgather:pg=21:rel-dba009cbab91,mock_oisa_scale_1.2,10077373,698563,9378810,10077373,9378810,1785477765029611076,-1,1282,trace_group_end_lag_clamped,1785477765029609794
7815675,171,1785477765025935149,10,1785477765025350026,0,1785477765033864264,1785477765033864264,dp_ag0,0,16,55,dp_param_allgather:pg=21,1785477765026048589,113440,dp_param_allgather,16,98621440,world_rs_done,29258892,1785477765020118826,1785477765020232266,1785477765019533703,1.0,iter55:pp10:dp_ag0:round0:dp_param_allgather:pg=21,iter55:pp10:dp_ag0:round0:dp_param_allgather:pg=21:rel-dba009cbab91,mock_oisa_scale_1.2,10077373,698563,9378810,10077373,9378810,1785477765029611076,-1,0,trace_group_end_lag_clamped,1785477765029611076
7815675,172,1785477765025397776,10,1785477765025350026,1124,1785477765033863140,1785477765033864264,dp_ag0,0,16,55,dp_param_allgather:pg=21,1785477765026048589,650813,dp_param_allgather,16,98621440,world_rs_done,28721519,1785477765019581453,1785477765020232266,1785477765019533703,1.0,iter55:pp10:dp_ag0:round0:dp_param_allgather:pg=21,iter55:pp10:dp_ag0:round0:dp_param_allgather:pg=21:rel-dba009cbab91,mock_oisa_scale_1.2,10077373,698563,9378810,10077373,9378810,1785477765029611076,-1,1124,trace_group_end_lag_clamped,1785477765029609952
7815675,173,1785477765025350026,10,1785477765025350026,100528,1785477765033763736,1785477765033864264,dp_ag0,0,16,55,dp_param_allgather:pg=21,1785477765026048589,698563,dp_param_allgather,16,98621440,world_rs_done,28673769,1785477765019533703,1785477765020232266,1785477765019533703,1.0,iter55:pp10:dp_ag0:round0:dp_param_allgather:pg=21,iter55:pp10:dp_ag0:round0:dp_param_allgather:pg=21:rel-dba009cbab91,mock_oisa_scale_1.2,10077373,698563,9378810,10077373,9378810,1785477765029611076,-1,100528,trace_group_end_lag_clamped,1785477765029510548
7815675,174,1785477765025671518,10,1785477765025350026,13215,1785477765033851049,1785477765033864264,dp_ag0,0,16,55,dp_param_allgather:pg=21,1785477765026048589,377071,dp_param_allgather,16,98621440,world_rs_done,28995261,1785477765019855195,1785477765020232266,1785477765019533703,1.0,iter55:pp10:dp_ag0:round0:dp_param_allgather:pg=21,iter55:pp10:dp_ag0:round0:dp_param_allgather:pg=21:rel-dba009cbab91,mock_oisa_scale_1.2,10077373,698563,9378810,10077373,9378810,1785477765029611076,-1,13215,trace_group_end_lag_clamped,1785477765029597861
7815675,175,1785477765026012168,10,1785477765025350026,8566,1785477765033855698,1785477765033864264,dp_ag0,0,16,55,dp_param_allgather:pg=21,1785477765026048589,36421,dp_param_allgather,16,98621440,world_rs_done,29335911,1785477765020195845,1785477765020232266,1785477765019533703,1.0,iter55:pp10:dp_ag0:round0:dp_param_allgather:pg=21,iter55:pp10:dp_ag0:round0:dp_param_allgather:pg=21:rel-dba009cbab91,mock_oisa_scale_1.2,10077373,698563,9378810,10077373,9378810,1785477765029611076,-1,8566,trace_group_end_lag_clamped,1785477765029602510
7265561,160,1785477765174623090,10,1785477765173089625,33739,1785477765184425999,1785477765184459738,dp_ag1,1,16,55,dp_param_allgather:pg=21,1785477765177194177,2571087,dp_param_allgather,16,98621440,same_rank_edp_ag0,87269216,1785477765181068881,1785477765183961407,1785477765179267467,1.0,iter55:pp10:dp_ag1:round1:dp_param_allgather:pg=21,iter55:pp10:dp_ag1:round1:dp_param_allgather:pg=21:rel-0b0477a6aac6,mock_oisa_scale_1.2,13412613,4693940,8718673,13412613,8718673,1785477765192680080,-1,33739,trace_group_end_lag_clamped,1785477765192646341
7265561,161,1785477765173232751,10,1785477765173089625,20980,1785477765184438758,1785477765184459738,dp_ag1,1,16,55,dp_param_allgather:pg=21,1785477765177194177,3961426,dp_param_allgather,16,98621440,same_rank_edp_ag0,87258962,1785477765179410593,1785477765183961407,1785477765179267467,1.0,iter55:pp10:dp_ag1:round1:dp_param_allgather:pg=21,iter55:pp10:dp_ag1:round1:dp_param_allgather:pg=21:rel-0b0477a6aac6,mock_oisa_scale_1.2,13412613,4693940,8718673,13412613,8718673,1785477765192680080,-1,20980,trace_group_end_lag_clamped,1785477765192659100
7265561,162,1785477765175016245,10,1785477765173089625,39969,1785477765184419769,1785477765184459738,dp_ag1,1,16,55,dp_param_allgather:pg=21,1785477765177194177,2177932,dp_param_allgather,16,98621440,same_rank_edp_ag0,87169452,1785477765181557523,1785477765183961407,1785477765179267467,1.0,iter55:pp10:dp_ag1:round1:dp_param_allgather:pg=21,iter55:pp10:dp_ag1:round1:dp_param_allgather:pg=21:rel-0b0477a6aac6,mock_oisa_scale_1.2,13412613,4693940,8718673,13412613,8718673,1785477765192680080,-1,39969,trace_group_end_lag_clamped,1785477765192640111
7265561,163,1785477765174671395,10,1785477765173089625,21405,1785477765184438333,1785477765184459738,dp_ag1,1,16,55,dp_param_allgather:pg=21,1785477765177194177,2522782,dp_param_allgather,16,98621440,same_rank_edp_ag0,87345353,1785477765181104529,1785477765183961407,1785477765179267467,1.0,iter55:pp10:dp_ag1:round1:dp_param_allgather:pg=21,iter55:pp10:dp_ag1:round1:dp_param_allgather:pg=21:rel-0b0477a6aac6,mock_oisa_scale_1.2,13412613,4693940,8718673,13412613,8718673,1785477765192680080,-1,21405,trace_group_end_lag_clamped,1785477765192658675
7265561,164,1785477765174588332,10,1785477765173089625,22490,1785477765184437248,1785477765184459738,dp_ag1,1,16,55,dp_param_allgather:pg=21,1785477765177194177,2605845,dp_param_allgather,16,98621440,same_rank_edp_ag0,87655078,1785477765180951365,1785477765183961407,1785477765179267467,1.0,iter55:pp10:dp_ag1:round1:dp_param_allgather:pg=21,iter55:pp10:dp_ag1:round1:dp_param_allgather:pg=21:rel-0b0477a6aac6,mock_oisa_scale_1.2,13412613,4693940,8718673,13412613,8718673,1785477765192680080,-1,22490,trace_group_end_lag_clamped,1785477765192657590
7265561,165,1785477765174931666,10,1785477765173089625,55824,1785477765184403914,1785477765184459738,dp_ag1,1,16,55,dp_param_allgather:pg=21,1785477765177194177,2262511,dp_param_allgather,16,98621440,same_rank_edp_ag0,87375394,1785477765181429682,1785477765183961407,1785477765179267467,1.0,iter55:pp10:dp_ag1:round1:dp_param_allgather:pg=21,iter55:pp10:dp_ag1:round1:dp_param_allgather:pg=21:rel-0b0477a6aac6,mock_oisa_scale_1.2,13412613,4693940,8718673,13412613,8718673,1785477765192680080,-1,55824,trace_group_end_lag_clamped,1785477765192624256
7265561,166,1785477765174611263,10,1785477765173089625,42994,1785477765184416744,1785477765184459738,dp_ag1,1,16,55,dp_param_allgather:pg=21,1785477765177194177,2582914,dp_param_allgather,16,98621440,same_rank_edp_ag0,87111639,1785477765181085542,1785477765183961407,1785477765179267467,1.0,iter55:pp10:dp_ag1:round1:dp_param_allgather:pg=21,iter55:pp10:dp_ag1:round1:dp_param_allgather:pg=21:rel-0b0477a6aac6,mock_oisa_scale_1.2,13412613,4693940,8718673,13412613,8718673,1785477765192680080,-1,42994,trace_group_end_lag_clamped,1785477765192637086
7265561,167,1785477765176320265,10,1785477765173089625,32621,1785477765184427117,1785477765184459738,dp_ag1,1,16,55,dp_param_allgather:pg=21,1785477765177194177,873912,dp_param_allgather,16,98621440,same_rank_edp_ag0,87351677,1785477765183087495,1785477765183961407,1785477765179267467,1.0,iter55:pp10:dp_ag1:round1:dp_param_allgather:pg=21,iter55:pp10:dp_ag1:round1:dp_param_allgather:pg=21:rel-0b0477a6aac6,mock_oisa_scale_1.2,13412613,4693940,8718673,13412613,8718673,1785477765192680080,-1,32621,trace_group_end_lag_clamped,1785477765192647459
7265561,168,1785477765174334734,10,1785477765173089625,819,1785477765184458919,1785477765184459738,dp_ag1,1,16,55,dp_param_allgather:pg=21,1785477765177194177,2859443,dp_param_allgather,16,98621440,same_rank_edp_ag0,86922182,1785477765180780525,1785477765183961407,1785477765179267467,1.0,iter55:pp10:dp_ag1:round1:dp_param_allgather:pg=21,iter55:pp10:dp_ag1:round1:dp_param_allgather:pg=21:rel-0b0477a6aac6,mock_oisa_scale_1.2,13412613,4693940,8718673,13412613,8718673,1785477765192680080,-1,819,trace_group_end_lag_clamped,1785477765192679261
7265561,169,1785477765173089625,10,1785477765173089625,0,1785477765184459738,1785477765184459738,dp_ag1,1,16,55,dp_param_allgather:pg=21,1785477765177194177,4104552,dp_param_allgather,16,98621440,same_rank_edp_ag0,87060771,1785477765179267467,1785477765183961407,1785477765179267467,1.0,iter55:pp10:dp_ag1:round1:dp_param_allgather:pg=21,iter55:pp10:dp_ag1:round1:dp_param_allgather:pg=21:rel-0b0477a6aac6,mock_oisa_scale_1.2,13412613,4693940,8718673,13412613,8718673,1785477765192680080,-1,0,trace_group_end_lag_clamped,1785477765192680080
7265561,170,1785477765175531801,10,1785477765173089625,18015,1785477765184441723,1785477765184459738,dp_ag1,1,16,55,dp_param_allgather:pg=21,1785477765177194177,1662376,dp_param_allgather,16,98621440,same_rank_edp_ag0,87753608,1785477765182073079,1785477765183961407,1785477765179267467,1.0,iter55:pp10:dp_ag1:round1:dp_param_allgather:pg=21,iter55:pp10:dp_ag1:round1:dp_param_allgather:pg=21:rel-0b0477a6aac6,mock_oisa_scale_1.2,13412613,4693940,8718673,13412613,8718673,1785477765192680080,-1,18015,trace_group_end_lag_clamped,1785477765192662065
7265561,171,1785477765174933251,10,1785477765173089625,24836,1785477765184434902,1785477765184459738,dp_ag1,1,16,55,dp_param_allgather:pg=21,1785477765177194177,2260926,dp_param_allgather,16,98621440,same_rank_edp_ag0,87621512,1785477765181366385,1785477765183961407,1785477765179267467,1.0,iter55:pp10:dp_ag1:round1:dp_param_allgather:pg=21,iter55:pp10:dp_ag1:round1:dp_param_allgather:pg=21:rel-0b0477a6aac6,mock_oisa_scale_1.2,13412613,4693940,8718673,13412613,8718673,1785477765192680080,-1,24836,trace_group_end_lag_clamped,1785477765192655244
7265561,172,1785477765175632484,10,1785477765173089625,10890,1785477765184448848,1785477765184459738,dp_ag1,1,16,55,dp_param_allgather:pg=21,1785477765177194177,1561693,dp_param_allgather,16,98621440,same_rank_edp_ag0,88677560,1785477765181995517,1785477765183961407,1785477765179267467,1.0,iter55:pp10:dp_ag1:round1:dp_param_allgather:pg=21,iter55:pp10:dp_ag1:round1:dp_param_allgather:pg=21:rel-0b0477a6aac6,mock_oisa_scale_1.2,13412613,4693940,8718673,13412613,8718673,1785477765192680080,-1,10890,trace_group_end_lag_clamped,1785477765192669190
7265561,173,1785477765175999439,10,1785477765173089625,22869,1785477765184436869,1785477765184459738,dp_ag1,1,16,55,dp_param_allgather:pg=21,1785477765177194177,1194738,dp_param_allgather,16,98621440,same_rank_edp_ag0,88421193,1785477765182497455,1785477765183961407,1785477765179267467,1.0,iter55:pp10:dp_ag1:round1:dp_param_allgather:pg=21,iter55:pp10:dp_ag1:round1:dp_param_allgather:pg=21:rel-0b0477a6aac6,mock_oisa_scale_1.2,13412613,4693940,8718673,13412613,8718673,1785477765192680080,-1,22869,trace_group_end_lag_clamped,1785477765192657211
7265561,174,1785477765176193385,10,1785477765173089625,17823,1785477765184441915,1785477765184459738,dp_ag1,1,16,55,dp_param_allgather:pg=21,1785477765177194177,1000792,dp_param_allgather,16,98621440,same_rank_edp_ag0,88746030,1785477765182667664,1785477765183961407,1785477765179267467,1.0,iter55:pp10:dp_ag1:round1:dp_param_allgather:pg=21,iter55:pp10:dp_ag1:round1:dp_param_allgather:pg=21:rel-0b0477a6aac6,mock_oisa_scale_1.2,13412613,4693940,8718673,13412613,8718673,1785477765192680080,-1,17823,trace_group_end_lag_clamped,1785477765192662257
7265561,175,1785477765177194177,10,1785477765173089625,8955,1785477765184450783,1785477765184459738,dp_ag1,1,16,55,dp_param_allgather:pg=21,1785477765177194177,0,dp_param_allgather,16,98621440,same_rank_edp_ag0,88265686,1785477765183961407,1785477765183961407,1785477765179267467,1.0,iter55:pp10:dp_ag1:round1:dp_param_allgather:pg=21,iter55:pp10:dp_ag1:round1:dp_param_allgather:pg=21:rel-0b0477a6aac6,mock_oisa_scale_1.2,13412613,4693940,8718673,13412613,8718673,1785477765192680080,-1,8955,trace_group_end_lag_clamped,1785477765192671125
15969262,160,1785477757130724133,10,1785477757129591738,0,1785477757296412569,1785477757296412569,dp_rs,0,16,55,dp_grad_reduce_scatter:pg=21,1785477757280443307,149719174,dp_grad_reduce_scatter,16,3155886080,pp_frontier,0,1785477757106257963,1785477757263781131,1785477757100091920,1.0,iter55:pp10:dp_rs:round0:dp_grad_reduce_scatter:pg=21,iter55:pp10:dp_rs:round0:dp_grad_reduce_scatter:pg=21:rel-f00835d64bd8,mock_oisa_scale_1.2,182852325,163689211,19163114,182852325,19163114,1785477757282944245,-1,0,trace_group_end_lag_clamped,1785477757282944245
15969262,161,1785477757130210624,10,1785477757129591738,134977,1785477757296277592,1785477757296412569,dp_rs,0,16,55,dp_grad_reduce_scatter:pg=21,1785477757280443307,150232683,dp_grad_reduce_scatter,16,3155886080,pp_frontier,0,1785477757100091920,1785477757263781131,1785477757100091920,1.0,iter55:pp10:dp_rs:round0:dp_grad_reduce_scatter:pg=21,iter55:pp10:dp_rs:round0:dp_grad_reduce_scatter:pg=21:rel-f00835d64bd8,mock_oisa_scale_1.2,182852325,163689211,19163114,182852325,19163114,1785477757282944245,-1,134977,trace_group_end_lag_clamped,1785477757282809268
15969262,162,1785477757130045311,10,1785477757129591738,74210,1785477757296338359,1785477757296412569,dp_rs,0,16,55,dp_grad_reduce_scatter:pg=21,1785477757280443307,150397996,dp_grad_reduce_scatter,16,3155886080,pp_frontier,0,1785477757106308686,1785477757263781131,1785477757100091920,1.0,iter55:pp10:dp_rs:round0:dp_grad_reduce_scatter:pg=21,iter55:pp10:dp_rs:round0:dp_grad_reduce_scatter:pg=21:rel-f00835d64bd8,mock_oisa_scale_1.2,182852325,163689211,19163114,182852325,19163114,1785477757282944245,-1,74210,trace_group_end_lag_clamped,1785477757282870035
15969262,163,1785477757130776359,10,1785477757129591738,58594,1785477757296353975,1785477757296412569,dp_rs,0,16,55,dp_grad_reduce_scatter:pg=21,1785477757280443307,149666948,dp_grad_reduce_scatter,16,3155886080,pp_frontier,0,1785477757106259179,1785477757263781131,1785477757100091920,1.0,iter55:pp10:dp_rs:round0:dp_grad_reduce_scatter:pg=21,iter55:pp10:dp_rs:round0:dp_grad_reduce_scatter:pg=21:rel-f00835d64bd8,mock_oisa_scale_1.2,182852325,163689211,19163114,182852325,19163114,1785477757282944245,-1,58594,trace_group_end_lag_clamped,1785477757282885651
15969262,164,1785477757129937718,10,1785477757129591738,60581,1785477757296351988,1785477757296412569,dp_rs,0,16,55,dp_grad_reduce_scatter:pg=21,1785477757280443307,150505589,dp_grad_reduce_scatter,16,3155886080,pp_frontier,0,1785477757107700117,1785477757263781131,1785477757100091920,1.0,iter55:pp10:dp_rs:round0:dp_grad_reduce_scatter:pg=21,iter55:pp10:dp_rs:round0:dp_grad_reduce_scatter:pg=21:rel-f00835d64bd8,mock_oisa_scale_1.2,182852325,163689211,19163114,182852325,19163114,1785477757282944245,-1,60581,trace_group_end_lag_clamped,1785477757282883664
15969262,165,1785477757129591738,10,1785477757129591738,38841,1785477757296373728,1785477757296412569,dp_rs,0,16,55,dp_grad_reduce_scatter:pg=21,1785477757280443307,150851569,dp_grad_reduce_scatter,16,3155886080,pp_frontier,0,1785477757106297003,1785477757263781131,1785477757100091920,1.0,iter55:pp10:dp_rs:round0:dp_grad_reduce_scatter:pg=21,iter55:pp10:dp_rs:round0:dp_grad_reduce_scatter:pg=21:rel-f00835d64bd8,mock_oisa_scale_1.2,182852325,163689211,19163114,182852325,19163114,1785477757282944245,-1,38841,trace_group_end_lag_clamped,1785477757282905404
15969262,166,1785477757130344305,10,1785477757129591738,34966,1785477757296377603,1785477757296412569,dp_rs,0,16,55,dp_grad_reduce_scatter:pg=21,1785477757280443307,150099002,dp_grad_reduce_scatter,16,3155886080,pp_frontier,0,1785477757101790748,1785477757263781131,1785477757100091920,1.0,iter55:pp10:dp_rs:round0:dp_grad_reduce_scatter:pg=21,iter55:pp10:dp_rs:round0:dp_grad_reduce_scatter:pg=21:rel-f00835d64bd8,mock_oisa_scale_1.2,182852325,163689211,19163114,182852325,19163114,1785477757282944245,-1,34966,trace_group_end_lag_clamped,1785477757282909279
15969262,167,1785477757130312892,10,1785477757129591738,33799,1785477757296378770,1785477757296412569,dp_rs,0,16,55,dp_grad_reduce_scatter:pg=21,1785477757280443307,150130415,dp_grad_reduce_scatter,16,3155886080,pp_frontier,0,1785477757101548017,1785477757263781131,1785477757100091920,1.0,iter55:pp10:dp_rs:round0:dp_grad_reduce_scatter:pg=21,iter55:pp10:dp_rs:round0:dp_grad_reduce_scatter:pg=21:rel-f00835d64bd8,mock_oisa_scale_1.2,182852325,163689211,19163114,182852325,19163114,1785477757282944245,-1,33799,trace_group_end_lag_clamped,1785477757282910446
15969262,168,1785477757278808101,10,1785477757129591738,170660,1785477757296241909,1785477757296412569,dp_rs,0,16,55,dp_grad_reduce_scatter:pg=21,1785477757280443307,1635206,dp_grad_reduce_scatter,16,3155886080,pp_frontier,0,1785477757238352096,1785477757263781131,1785477757100091920,1.0,iter55:pp10:dp_rs:round0:dp_grad_reduce_scatter:pg=21,iter55:pp10:dp_rs:round0:dp_grad_reduce_scatter:pg=21:rel-f00835d64bd8,mock_oisa_scale_1.2,182852325,163689211,19163114,182852325,19163114,1785477757282944245,-1,170660,trace_group_end_lag_clamped,1785477757282773585
15969262,169,1785477757280206923,10,1785477757129591738,65038,1785477757296347531,1785477757296412569,dp_rs,0,16,55,dp_grad_reduce_scatter:pg=21,1785477757280443307,236384,dp_grad_reduce_scatter,16,3155886080,pp_frontier,0,1785477757241463384,1785477757263781131,1785477757100091920,1.0,iter55:pp10:dp_rs:round0:dp_grad_reduce_scatter:pg=21,iter55:pp10:dp_rs:round0:dp_grad_reduce_scatter:pg=21:rel-f00835d64bd8,mock_oisa_scale_1.2,182852325,163689211,19163114,182852325,19163114,1785477757282944245,-1,65038,trace_group_end_lag_clamped,1785477757282879207
15969262,170,1785477757280132175,10,1785477757129591738,49358,1785477757296363211,1785477757296412569,dp_rs,0,16,55,dp_grad_reduce_scatter:pg=21,1785477757280443307,311132,dp_grad_reduce_scatter,16,3155886080,pp_frontier,0,1785477757256790585,1785477757263781131,1785477757100091920,1.0,iter55:pp10:dp_rs:round0:dp_grad_reduce_scatter:pg=21,iter55:pp10:dp_rs:round0:dp_grad_reduce_scatter:pg=21:rel-f00835d64bd8,mock_oisa_scale_1.2,182852325,163689211,19163114,182852325,19163114,1785477757282944245,-1,49358,trace_group_end_lag_clamped,1785477757282894887
15969262,171,1785477757280422242,10,1785477757129591738,39094,1785477757296373475,1785477757296412569,dp_rs,0,16,55,dp_grad_reduce_scatter:pg=21,1785477757280443307,21065,dp_grad_reduce_scatter,16,3155886080,pp_frontier,0,1785477757263781131,1785477757263781131,1785477757100091920,1.0,iter55:pp10:dp_rs:round0:dp_grad_reduce_scatter:pg=21,iter55:pp10:dp_rs:round0:dp_grad_reduce_scatter:pg=21:rel-f00835d64bd8,mock_oisa_scale_1.2,182852325,163689211,19163114,182852325,19163114,1785477757282944245,-1,39094,trace_group_end_lag_clamped,1785477757282905151
15969262,172,1785477757280419019,10,1785477757129591738,50306,1785477757296362263,1785477757296412569,dp_rs,0,16,55,dp_grad_reduce_scatter:pg=21,1785477757280443307,24288,dp_grad_reduce_scatter,16,3155886080,pp_frontier,0,1785477757259109870,1785477757263781131,1785477757100091920,1.0,iter55:pp10:dp_rs:round0:dp_grad_reduce_scatter:pg=21,iter55:pp10:dp_rs:round0:dp_grad_reduce_scatter:pg=21:rel-f00835d64bd8,mock_oisa_scale_1.2,182852325,163689211,19163114,182852325,19163114,1785477757282944245,-1,50306,trace_group_end_lag_clamped,1785477757282893939
15969262,173,1785477757280443307,10,1785477757129591738,47249,1785477757296365320,1785477757296412569,dp_rs,0,16,55,dp_grad_reduce_scatter:pg=21,1785477757280443307,0,dp_grad_reduce_scatter,16,3155886080,pp_frontier,0,1785477757259182213,1785477757263781131,1785477757100091920,1.0,iter55:pp10:dp_rs:round0:dp_grad_reduce_scatter:pg=21,iter55:pp10:dp_rs:round0:dp_grad_reduce_scatter:pg=21:rel-f00835d64bd8,mock_oisa_scale_1.2,182852325,163689211,19163114,182852325,19163114,1785477757282944245,-1,47249,trace_group_end_lag_clamped,1785477757282896996
15969262,174,1785477757279251297,10,1785477757129591738,90611,1785477757296321958,1785477757296412569,dp_rs,0,16,55,dp_grad_reduce_scatter:pg=21,1785477757280443307,1192010,dp_grad_reduce_scatter,16,3155886080,pp_frontier,0,1785477757251391429,1785477757263781131,1785477757100091920,1.0,iter55:pp10:dp_rs:round0:dp_grad_reduce_scatter:pg=21,iter55:pp10:dp_rs:round0:dp_grad_reduce_scatter:pg=21:rel-f00835d64bd8,mock_oisa_scale_1.2,182852325,163689211,19163114,182852325,19163114,1785477757282944245,-1,90611,trace_group_end_lag_clamped,1785477757282853634
15969262,175,1785477757280104303,10,1785477757129591738,172924,1785477757296239645,1785477757296412569,dp_rs,0,16,55,dp_grad_reduce_scatter:pg=21,1785477757280443307,339004,dp_grad_reduce_scatter,16,3155886080,pp_frontier,0,1785477757250360636,1785477757263781131,1785477757100091920,1.0,iter55:pp10:dp_rs:round0:dp_grad_reduce_scatter:pg=21,iter55:pp10:dp_rs:round0:dp_grad_reduce_scatter:pg=21:rel-f00835d64bd8,mock_oisa_scale_1.2,182852325,163689211,19163114,182852325,19163114,1785477757282944245,-1,172924,trace_group_end_lag_clamped,1785477757282771321
53494896,160,1785477765033813776,10,1785477765033813776,58678,1785477765087353874,1785477765087412552,edp_ag0,0,2,55,expert_dp_param_allgather:pg=1203,1785477765033917656,103880,expert_dp_param_allgather,2,1887436800,same_rank_dp_ag0,10920,1785477765029560588,1785477765029664468,1785477765029560588,1.0,iter55:pp10:edp_ag0:round0:expert_dp_param_allgather:pg=1203,iter55:pp10:edp_ag0:round0:expert_dp_param_allgather:pg=1203:rel-ae73c57b2ecd,mock_oisa_scale_1.2,64297755,103880,64193875,64297755,64193875,1785477765093858343,-1,58678,trace_group_end_lag_clamped,1785477765093799665
53494896,168,1785477765033917656,10,1785477765033813776,0,1785477765087412552,1785477765087412552,edp_ag0,0,2,55,expert_dp_param_allgather:pg=1203,1785477765033917656,0,expert_dp_param_allgather,2,1887436800,same_rank_dp_ag0,54560,1785477765029664468,1785477765029664468,1785477765029560588,1.0,iter55:pp10:edp_ag0:round0:expert_dp_param_allgather:pg=1203,iter55:pp10:edp_ag0:round0:expert_dp_param_allgather:pg=1203:rel-ae73c57b2ecd,mock_oisa_scale_1.2,64297755,103880,64193875,64297755,64193875,1785477765093858343,-1,0,trace_group_end_lag_clamped,1785477765093858343
52155151,161,1785477765033764092,10,1785477765033764092,55065,1785477765085973789,1785477765086028854,edp_ag0,0,2,55,expert_dp_param_allgather:pg=1205,1785477765033873703,109611,expert_dp_param_allgather,2,1887436800,same_rank_dp_ag0,12013,1785477765029510904,1785477765029620515,1785477765029510904,1.0,iter55:pp10:edp_ag0:round0:expert_dp_param_allgather:pg=1205,iter55:pp10:edp_ag0:round0:expert_dp_param_allgather:pg=1205:rel-fc33986fb699,mock_oisa_scale_1.2,62695792,109611,62586181,62695792,62586181,1785477765092206696,-1,55065,trace_group_end_lag_clamped,1785477765092151631
52155151,169,1785477765033873703,10,1785477765033764092,0,1785477765086028854,1785477765086028854,edp_ag0,0,2,55,expert_dp_param_allgather:pg=1205,1785477765033873703,0,expert_dp_param_allgather,2,1887436800,same_rank_dp_ag0,10480,1785477765029620515,1785477765029620515,1785477765029510904,1.0,iter55:pp10:edp_ag0:round0:expert_dp_param_allgather:pg=1205,iter55:pp10:edp_ag0:round0:expert_dp_param_allgather:pg=1205:rel-fc33986fb699,mock_oisa_scale_1.2,62695792,109611,62586181,62695792,62586181,1785477765092206696,-1,0,trace_group_end_lag_clamped,1785477765092206696
53972331,162,1785477765033729017,10,1785477765033729017,0,1785477765087846793,1785477765087846793,edp_ag0,0,2,55,expert_dp_param_allgather:pg=1207,1785477765033874462,145445,expert_dp_param_allgather,2,1887436800,same_rank_dp_ag0,10320,1785477765029475829,1785477765029621274,1785477765029475829,1.0,iter55:pp10:edp_ag0:round0:expert_dp_param_allgather:pg=1207,iter55:pp10:edp_ag0:round0:expert_dp_param_allgather:pg=1207:rel-79d8ed353ecc,mock_oisa_scale_1.2,64912242,145445,64766797,64912242,64766797,1785477765094388071,-1,0,trace_group_end_lag_clamped,1785477765094388071
53972331,170,1785477765033874462,10,1785477765033729017,68600,1785477765087778193,1785477765087846793,edp_ag0,0,2,55,expert_dp_param_allgather:pg=1207,1785477765033874462,0,expert_dp_param_allgather,2,1887436800,same_rank_dp_ag0,11480,1785477765029621274,1785477765029621274,1785477765029475829,1.0,iter55:pp10:edp_ag0:round0:expert_dp_param_allgather:pg=1207,iter55:pp10:edp_ag0:round0:expert_dp_param_allgather:pg=1207:rel-79d8ed353ecc,mock_oisa_scale_1.2,64912242,145445,64766797,64912242,64766797,1785477765094388071,-1,68600,trace_group_end_lag_clamped,1785477765094319471
53431611,163,1785477765033840587,10,1785477765033840587,0,1785477765087326042,1785477765087326042,edp_ag0,0,2,55,expert_dp_param_allgather:pg=1209,1785477765033894431,53844,expert_dp_param_allgather,2,1887436800,same_rank_dp_ag0,45200,1785477765029587399,1785477765029641243,1785477765029587399,1.0,iter55:pp10:edp_ag0:round0:expert_dp_param_allgather:pg=1209,iter55:pp10:edp_ag0:round0:expert_dp_param_allgather:pg=1209:rel-c2f47636ec20,mock_oisa_scale_1.2,64171777,53844,64117933,64171777,64117933,1785477765093759176,-1,0,trace_group_end_lag_clamped,1785477765093759176
53431611,171,1785477765033894431,10,1785477765033840587,14303,1785477765087311739,1785477765087326042,edp_ag0,0,2,55,expert_dp_param_allgather:pg=1209,1785477765033894431,0,expert_dp_param_allgather,2,1887436800,same_rank_dp_ag0,30167,1785477765029641243,1785477765029641243,1785477765029587399,1.0,iter55:pp10:edp_ag0:round0:expert_dp_param_allgather:pg=1209,iter55:pp10:edp_ag0:round0:expert_dp_param_allgather:pg=1209:rel-c2f47636ec20,mock_oisa_scale_1.2,64171777,53844,64117933,64171777,64117933,1785477765093759176,-1,14303,trace_group_end_lag_clamped,1785477765093744873
53081104,164,1785477765033742922,10,1785477765033742922,21670,1785477765086933254,1785477765086954924,edp_ag0,0,2,55,expert_dp_param_allgather:pg=1211,1785477765033873820,130898,expert_dp_param_allgather,2,1887436800,same_rank_dp_ag0,11755,1785477765029489734,1785477765029620632,1785477765029489734,1.0,iter55:pp10:edp_ag0:round0:expert_dp_param_allgather:pg=1211,iter55:pp10:edp_ag0:round0:expert_dp_param_allgather:pg=1211:rel-64b6c744603e,mock_oisa_scale_1.2,63828223,130898,63697325,63828223,63697325,1785477765093317957,-1,21670,trace_group_end_lag_clamped,1785477765093296287
53081104,172,1785477765033873820,10,1785477765033742922,0,1785477765086954924,1785477765086954924,edp_ag0,0,2,55,expert_dp_param_allgather:pg=1211,1785477765033873820,0,expert_dp_param_allgather,2,1887436800,same_rank_dp_ag0,10680,1785477765029620632,1785477765029620632,1785477765029489734,1.0,iter55:pp10:edp_ag0:round0:expert_dp_param_allgather:pg=1211,iter55:pp10:edp_ag0:round0:expert_dp_param_allgather:pg=1211:rel-64b6c744603e,mock_oisa_scale_1.2,63828223,130898,63697325,63828223,63697325,1785477765093317957,-1,0,trace_group_end_lag_clamped,1785477765093317957
53756019,165,1785477765033822227,10,1785477765033774576,21974,1785477765087556272,1785477765087578246,edp_ag0,0,2,55,expert_dp_param_allgather:pg=1213,1785477765033822227,0,expert_dp_param_allgather,2,1887436800,same_rank_dp_ag0,11320,1785477765029569039,1785477765029569039,1785477765029521388,1.0,iter55:pp10:edp_ag0:round0:expert_dp_param_allgather:pg=1213,iter55:pp10:edp_ag0:round0:expert_dp_param_allgather:pg=1213:rel-52a4083387f7,mock_oisa_scale_1.2,64554874,47651,64507223,64554874,64507223,1785477765094076262,-1,21974,trace_group_end_lag_clamped,1785477765094054288
53756019,173,1785477765033774576,10,1785477765033774576,0,1785477765087578246,1785477765087578246,edp_ag0,0,2,55,expert_dp_param_allgather:pg=1213,1785477765033822227,47651,expert_dp_param_allgather,2,1887436800,same_rank_dp_ag0,10840,1785477765029521388,1785477765029569039,1785477765029521388,1.0,iter55:pp10:edp_ag0:round0:expert_dp_param_allgather:pg=1213,iter55:pp10:edp_ag0:round0:expert_dp_param_allgather:pg=1213:rel-52a4083387f7,mock_oisa_scale_1.2,64554874,47651,64507223,64554874,64507223,1785477765094076262,-1,0,trace_group_end_lag_clamped,1785477765094076262
53637335,166,1785477765033714678,10,1785477765033714678,0,1785477765087499624,1785477765087499624,edp_ag0,0,2,55,expert_dp_param_allgather:pg=1215,1785477765033862289,147611,expert_dp_param_allgather,2,1887436800,same_rank_dp_ag0,10200,1785477765029461490,1785477765029609101,1785477765029461490,1.0,iter55:pp10:edp_ag0:round0:expert_dp_param_allgather:pg=1215,iter55:pp10:edp_ag0:round0:expert_dp_param_allgather:pg=1215:rel-a807ea6428f3,mock_oisa_scale_1.2,64512413,147611,64364802,64512413,64364802,1785477765093973903,-1,0,trace_group_end_lag_clamped,1785477765093973903
53637335,174,1785477765033862289,10,1785477765033714678,52269,1785477765087447355,1785477765087499624,edp_ag0,0,2,55,expert_dp_param_allgather:pg=1215,1785477765033862289,0,expert_dp_param_allgather,2,1887436800,same_rank_dp_ag0,11240,1785477765029609101,1785477765029609101,1785477765029461490,1.0,iter55:pp10:edp_ag0:round0:expert_dp_param_allgather:pg=1215,iter55:pp10:edp_ag0:round0:expert_dp_param_allgather:pg=1215:rel-a807ea6428f3,mock_oisa_scale_1.2,64512413,147611,64364802,64512413,64364802,1785477765093973903,-1,52269,trace_group_end_lag_clamped,1785477765093921634
55102090,167,1785477765033755995,10,1785477765033755995,0,1785477765088968588,1785477765088968588,edp_ag0,0,2,55,expert_dp_param_allgather:pg=1217,1785477765033866498,110503,expert_dp_param_allgather,2,1887436800,same_rank_dp_ag0,38840,1785477765029502807,1785477765029613310,1785477765029502807,1.0,iter55:pp10:edp_ag0:round0:expert_dp_param_allgather:pg=1217,iter55:pp10:edp_ag0:round0:expert_dp_param_allgather:pg=1217:rel-7a88f450e516,mock_oisa_scale_1.2,66233011,110503,66122508,66233011,66122508,1785477765095735818,-1,0,trace_group_end_lag_clamped,1785477765095735818
55102090,175,1785477765033866498,10,1785477765033755995,40097,1785477765088928491,1785477765088968588,edp_ag0,0,2,55,expert_dp_param_allgather:pg=1217,1785477765033866498,0,expert_dp_param_allgather,2,1887436800,same_rank_dp_ag0,10800,1785477765029613310,1785477765029613310,1785477765029502807,1.0,iter55:pp10:edp_ag0:round0:expert_dp_param_allgather:pg=1217,iter55:pp10:edp_ag0:round0:expert_dp_param_allgather:pg=1217:rel-7a88f450e516,mock_oisa_scale_1.2,66233011,110503,66122508,66233011,66122508,1785477765095735818,-1,40097,trace_group_end_lag_clamped,1785477765095695721
53078775,160,1785477765184440319,10,1785477765184440319,0,1785477765237549254,1785477765237549254,edp_ag1,1,2,55,expert_dp_param_allgather:pg=1203,1785477765184470479,30160,expert_dp_param_allgather,2,1887436800,same_rank_dp_ag1,14320,1785477765192660661,1785477765192690821,1785477765192660661,1.0,iter55:pp10:edp_ag1:round1:expert_dp_param_allgather:pg=1203,iter55:pp10:edp_ag1:round1:expert_dp_param_allgather:pg=1203:rel-5138799f4051,mock_oisa_scale_1.2,63724690,30160,63694530,63724690,63694530,1785477765256385351,-1,0,trace_group_end_lag_clamped,1785477765256385351
53078775,168,1785477765184470479,10,1785477765184440319,30840,1785477765237518414,1785477765237549254,edp_ag1,1,2,55,expert_dp_param_allgather:pg=1203,1785477765184470479,0,expert_dp_param_allgather,2,1887436800,same_rank_dp_ag1,11560,1785477765192690821,1785477765192690821,1785477765192660661,1.0,iter55:pp10:edp_ag1:round1:expert_dp_param_allgather:pg=1203,iter55:pp10:edp_ag1:round1:expert_dp_param_allgather:pg=1203:rel-5138799f4051,mock_oisa_scale_1.2,63724690,30160,63694530,63724690,63694530,1785477765256385351,-1,30840,trace_group_end_lag_clamped,1785477765256354511
53277754,161,1785477765184449638,10,1785477765184449638,59913,1785477765237688099,1785477765237748012,edp_ag1,1,2,55,expert_dp_param_allgather:pg=1205,1785477765184470258,20620,expert_dp_param_allgather,2,1887436800,same_rank_dp_ag1,10880,1785477765192669980,1785477765192690600,1785477765192669980,1.0,iter55:pp10:edp_ag1:round1:expert_dp_param_allgather:pg=1205,iter55:pp10:edp_ag1:round1:expert_dp_param_allgather:pg=1205:rel-a615727a54f2,mock_oisa_scale_1.2,63953925,20620,63933305,63953925,63933305,1785477765256623905,-1,59913,trace_group_end_lag_clamped,1785477765256563992
53277754,169,1785477765184470258,10,1785477765184449638,0,1785477765237748012,1785477765237748012,edp_ag1,1,2,55,expert_dp_param_allgather:pg=1205,1785477765184470258,0,expert_dp_param_allgather,2,1887436800,same_rank_dp_ag1,10520,1785477765192690600,1785477765192690600,1785477765192669980,1.0,iter55:pp10:edp_ag1:round1:expert_dp_param_allgather:pg=1205,iter55:pp10:edp_ag1:round1:expert_dp_param_allgather:pg=1205:rel-a615727a54f2,mock_oisa_scale_1.2,63953925,20620,63933305,63953925,63933305,1785477765256623905,-1,0,trace_group_end_lag_clamped,1785477765256623905
54795655,162,1785477765184480850,10,1785477765184480850,24990,1785477765239262428,1785477765239287418,edp_ag1,1,2,55,expert_dp_param_allgather:pg=1207,1785477765184491763,10913,expert_dp_param_allgather,2,1887436800,same_rank_dp_ag1,61081,1785477765192701192,1785477765192712105,1785477765192701192,1.0,iter55:pp10:edp_ag1:round1:expert_dp_param_allgather:pg=1207,iter55:pp10:edp_ag1:round1:expert_dp_param_allgather:pg=1207:rel-00dd852a7e3a,mock_oisa_scale_1.2,65765699,10913,65754786,65765699,65754786,1785477765258466891,-1,24990,trace_group_end_lag_clamped,1785477765258441901
54795655,170,1785477765184491763,10,1785477765184480850,0,1785477765239287418,1785477765239287418,edp_ag1,1,2,55,expert_dp_param_allgather:pg=1207,1785477765184491763,0,expert_dp_param_allgather,2,1887436800,same_rank_dp_ag1,50040,1785477765192712105,1785477765192712105,1785477765192701192,1.0,iter55:pp10:edp_ag1:round1:expert_dp_param_allgather:pg=1207,iter55:pp10:edp_ag1:round1:expert_dp_param_allgather:pg=1207:rel-00dd852a7e3a,mock_oisa_scale_1.2,65765699,10913,65754786,65765699,65754786,1785477765258466891,-1,0,trace_group_end_lag_clamped,1785477765258466891
53987780,163,1785477765184449293,10,1785477765184446302,0,1785477765238437073,1785477765238437073,edp_ag1,1,2,55,expert_dp_param_allgather:pg=1209,1785477765184449293,0,expert_dp_param_allgather,2,1887436800,same_rank_dp_ag1,10960,1785477765192669635,1785477765192669635,1785477765192666644,1.0,iter55:pp10:edp_ag1:round1:expert_dp_param_allgather:pg=1209,iter55:pp10:edp_ag1:round1:expert_dp_param_allgather:pg=1209:rel-003a7b482915,mock_oisa_scale_1.2,64788327,2991,64785336,64788327,64785336,1785477765257454971,-1,0,trace_group_end_lag_clamped,1785477765257454971
53987780,171,1785477765184446302,10,1785477765184446302,36099,1785477765238400974,1785477765238437073,edp_ag1,1,2,55,expert_dp_param_allgather:pg=1209,1785477765184449293,2991,expert_dp_param_allgather,2,1887436800,same_rank_dp_ag1,11400,1785477765192666644,1785477765192669635,1785477765192666644,1.0,iter55:pp10:edp_ag1:round1:expert_dp_param_allgather:pg=1209,iter55:pp10:edp_ag1:round1:expert_dp_param_allgather:pg=1209:rel-003a7b482915,mock_oisa_scale_1.2,64788327,2991,64785336,64788327,64785336,1785477765257454971,-1,36099,trace_group_end_lag_clamped,1785477765257418872
52742929,164,1785477765184458688,10,1785477765184458688,0,1785477765237202457,1785477765237202457,edp_ag1,1,2,55,expert_dp_param_allgather:pg=1211,1785477765184459528,840,expert_dp_param_allgather,2,1887436800,same_rank_dp_ag1,21440,1785477765192679030,1785477765192679870,1785477765192679030,1.0,iter55:pp10:edp_ag1:round1:expert_dp_param_allgather:pg=1211,iter55:pp10:edp_ag1:round1:expert_dp_param_allgather:pg=1211:rel-a2f466eceefd,mock_oisa_scale_1.2,63292355,840,63291515,63292355,63291515,1785477765255971385,-1,0,trace_group_end_lag_clamped,1785477765255971385
52742929,172,1785477765184459528,10,1785477765184458688,9625,1785477765237192832,1785477765237202457,edp_ag1,1,2,55,expert_dp_param_allgather:pg=1211,1785477765184459528,0,expert_dp_param_allgather,2,1887436800,same_rank_dp_ag1,10680,1785477765192679870,1785477765192679870,1785477765192679030,1.0,iter55:pp10:edp_ag1:round1:expert_dp_param_allgather:pg=1211,iter55:pp10:edp_ag1:round1:expert_dp_param_allgather:pg=1211:rel-a2f466eceefd,mock_oisa_scale_1.2,63292355,840,63291515,63292355,63291515,1785477765255971385,-1,9625,trace_group_end_lag_clamped,1785477765255961760
53377909,165,1785477765184452834,10,1785477765184452834,46660,1785477765237784678,1785477765237831338,edp_ag1,1,2,55,expert_dp_param_allgather:pg=1213,1785477765184453429,595,expert_dp_param_allgather,2,1887436800,same_rank_dp_ag1,48920,1785477765192673176,1785477765192673771,1785477765192673176,1.0,iter55:pp10:edp_ag1:round1:expert_dp_param_allgather:pg=1213,iter55:pp10:edp_ag1:round1:expert_dp_param_allgather:pg=1213:rel-ccb540b875b6,mock_oisa_scale_1.2,64054086,595,64053491,64054086,64053491,1785477765256727262,-1,46660,trace_group_end_lag_clamped,1785477765256680602
53377909,173,1785477765184453429,10,1785477765184452834,0,1785477765237831338,1785477765237831338,edp_ag1,1,2,55,expert_dp_param_allgather:pg=1213,1785477765184453429,0,expert_dp_param_allgather,2,1887436800,same_rank_dp_ag1,16560,1785477765192673771,1785477765192673771,1785477765192673176,1.0,iter55:pp10:edp_ag1:round1:expert_dp_param_allgather:pg=1213,iter55:pp10:edp_ag1:round1:expert_dp_param_allgather:pg=1213:rel-ccb540b875b6,mock_oisa_scale_1.2,64054086,595,64053491,64054086,64053491,1785477765256727262,-1,0,trace_group_end_lag_clamped,1785477765256727262
52461105,166,1785477765184427304,10,1785477765184427304,6025,1785477765236967195,1785477765236973220,edp_ag1,1,2,55,expert_dp_param_allgather:pg=1215,1785477765184512115,84811,expert_dp_param_allgather,2,1887436800,same_rank_dp_ag1,10560,1785477765192647646,1785477765192732457,1785477765192647646,1.0,iter55:pp10:edp_ag1:round1:expert_dp_param_allgather:pg=1215,iter55:pp10:edp_ag1:round1:expert_dp_param_allgather:pg=1215:rel-ee8dcb8e260b,mock_oisa_scale_1.2,63038137,84811,62953326,63038137,62953326,1785477765255685783,-1,6025,trace_group_end_lag_clamped,1785477765255679758
52461105,174,1785477765184512115,10,1785477765184427304,0,1785477765236973220,1785477765236973220,edp_ag1,1,2,55,expert_dp_param_allgather:pg=1215,1785477765184512115,0,expert_dp_param_allgather,2,1887436800,same_rank_dp_ag1,70200,1785477765192732457,1785477765192732457,1785477765192647646,1.0,iter55:pp10:edp_ag1:round1:expert_dp_param_allgather:pg=1215,iter55:pp10:edp_ag1:round1:expert_dp_param_allgather:pg=1215:rel-ee8dcb8e260b,mock_oisa_scale_1.2,63038137,84811,62953326,63038137,62953326,1785477765255685783,-1,0,trace_group_end_lag_clamped,1785477765255685783
52898019,167,1785477765184444117,10,1785477765184444117,35308,1785477765237372575,1785477765237407883,edp_ag1,1,2,55,expert_dp_param_allgather:pg=1217,1785477765184509864,65747,expert_dp_param_allgather,2,1887436800,same_rank_dp_ag1,17000,1785477765192664459,1785477765192730206,1785477765192664459,1.0,iter55:pp10:edp_ag1:round1:expert_dp_param_allgather:pg=1217,iter55:pp10:edp_ag1:round1:expert_dp_param_allgather:pg=1217:rel-3bd9e9ed8b92,mock_oisa_scale_1.2,63543370,65747,63477623,63543370,63477623,1785477765256207829,-1,35308,trace_group_end_lag_clamped,1785477765256172521
52898019,175,1785477765184509864,10,1785477765184444117,0,1785477765237407883,1785477765237407883,edp_ag1,1,2,55,expert_dp_param_allgather:pg=1217,1785477765184509864,0,expert_dp_param_allgather,2,1887436800,same_rank_dp_ag1,59081,1785477765192730206,1785477765192730206,1785477765192664459,1.0,iter55:pp10:edp_ag1:round1:expert_dp_param_allgather:pg=1217,iter55:pp10:edp_ag1:round1:expert_dp_param_allgather:pg=1217:rel-3bd9e9ed8b92,mock_oisa_scale_1.2,63543370,65747,63477623,63543370,63477623,1785477765256207829,-1,0,trace_group_end_lag_clamped,1785477765256207829
194816147,160,1785477757314500702,10,1785477757313823872,0,1785477757509316849,1785477757509316849,edp_rs,0,2,55,expert_dp_grad_reduce_scatter:pg=1203,1785477757314500702,0,expert_dp_grad_reduce_scatter,2,7549747200,same_rank_dp_rs,18088133,1785477757301032378,1785477757301032378,1785477757300355548,1.0,iter55:pp10:edp_rs:round0:expert_dp_grad_reduce_scatter:pg=1203,iter55:pp10:edp_rs:round0:expert_dp_grad_reduce_scatter:pg=1203:rel-fc82fef2dcf3,mock_oisa_scale_1.2,234456206,676830,233779376,234456206,233779376,1785477757534811754,-1,0,trace_group_end_lag_clamped,1785477757534811754
194816147,168,1785477757313823872,10,1785477757313823872,4720,1785477757509312129,1785477757509316849,edp_rs,0,2,55,expert_dp_grad_reduce_scatter:pg=1203,1785477757314500702,676830,expert_dp_grad_reduce_scatter,2,7549747200,same_rank_dp_rs,17581963,1785477757300355548,1785477757301032378,1785477757300355548,1.0,iter55:pp10:edp_rs:round0:expert_dp_grad_reduce_scatter:pg=1203,iter55:pp10:edp_rs:round0:expert_dp_grad_reduce_scatter:pg=1203:rel-fc82fef2dcf3,mock_oisa_scale_1.2,234456206,676830,233779376,234456206,233779376,1785477757534811754,-1,4720,trace_group_end_lag_clamped,1785477757534807034
208863026,161,1785477757314180667,10,1785477757314059926,0,1785477757523043693,1785477757523043693,edp_rs,0,2,55,expert_dp_grad_reduce_scatter:pg=1205,1785477757314180667,0,expert_dp_grad_reduce_scatter,2,7549747200,same_rank_dp_rs,17903075,1785477757300712343,1785477757300712343,1785477757300591602,1.0,iter55:pp10:edp_rs:round0:expert_dp_grad_reduce_scatter:pg=1205,iter55:pp10:edp_rs:round0:expert_dp_grad_reduce_scatter:pg=1205:rel-5cedb4b8a17e,mock_oisa_scale_1.2,250756372,120741,250635631,250756372,250635631,1785477757551347974,-1,0,trace_group_end_lag_clamped,1785477757551347974
208863026,169,1785477757314059926,10,1785477757314059926,66019,1785477757522977674,1785477757523043693,edp_rs,0,2,55,expert_dp_grad_reduce_scatter:pg=1205,1785477757314180667,120741,expert_dp_grad_reduce_scatter,2,7549747200,same_rank_dp_rs,17712395,1785477757300591602,1785477757300712343,1785477757300591602,1.0,iter55:pp10:edp_rs:round0:expert_dp_grad_reduce_scatter:pg=1205,iter55:pp10:edp_rs:round0:expert_dp_grad_reduce_scatter:pg=1205:rel-5cedb4b8a17e,mock_oisa_scale_1.2,250756372,120741,250635631,250756372,250635631,1785477757551347974,-1,66019,trace_group_end_lag_clamped,1785477757551281955
205884752,162,1785477757314169081,10,1785477757314040583,0,1785477757520053833,1785477757520053833,edp_rs,0,2,55,expert_dp_grad_reduce_scatter:pg=1207,1785477757314169081,0,expert_dp_grad_reduce_scatter,2,7549747200,same_rank_dp_rs,17830722,1785477757300700757,1785477757300700757,1785477757300572259,1.0,iter55:pp10:edp_rs:round0:expert_dp_grad_reduce_scatter:pg=1207,iter55:pp10:edp_rs:round0:expert_dp_grad_reduce_scatter:pg=1207:rel-196b5391d734,mock_oisa_scale_1.2,247190200,128498,247061702,247190200,247061702,1785477757547762459,-1,0,trace_group_end_lag_clamped,1785477757547762459
205884752,170,1785477757314040583,10,1785477757314040583,79339,1785477757519974494,1785477757520053833,edp_rs,0,2,55,expert_dp_grad_reduce_scatter:pg=1207,1785477757314169081,128498,expert_dp_grad_reduce_scatter,2,7549747200,same_rank_dp_rs,17677372,1785477757300572259,1785477757300700757,1785477757300572259,1.0,iter55:pp10:edp_rs:round0:expert_dp_grad_reduce_scatter:pg=1207,iter55:pp10:edp_rs:round0:expert_dp_grad_reduce_scatter:pg=1207:rel-196b5391d734,mock_oisa_scale_1.2,247190200,128498,247061702,247190200,247061702,1785477757547762459,-1,79339,trace_group_end_lag_clamped,1785477757547683120
223226732,163,1785477757313775374,10,1785477757313775374,95898,1785477757537191758,1785477757537287656,edp_rs,0,2,55,expert_dp_grad_reduce_scatter:pg=1209,1785477757314060924,285550,expert_dp_grad_reduce_scatter,2,7549747200,same_rank_dp_rs,17421399,1785477757300307050,1785477757300592600,1785477757300307050,1.0,iter55:pp10:edp_rs:round0:expert_dp_grad_reduce_scatter:pg=1209,iter55:pp10:edp_rs:round0:expert_dp_grad_reduce_scatter:pg=1209:rel-2d659a256cb7,mock_oisa_scale_1.2,268157628,285550,267872078,268157628,267872078,1785477757568464678,-1,95898,trace_group_end_lag_clamped,1785477757568368780
223226732,171,1785477757314060924,10,1785477757313775374,0,1785477757537287656,1785477757537287656,edp_rs,0,2,55,expert_dp_grad_reduce_scatter:pg=1209,1785477757314060924,0,expert_dp_grad_reduce_scatter,2,7549747200,same_rank_dp_rs,17687449,1785477757300592600,1785477757300592600,1785477757300307050,1.0,iter55:pp10:edp_rs:round0:expert_dp_grad_reduce_scatter:pg=1209,iter55:pp10:edp_rs:round0:expert_dp_grad_reduce_scatter:pg=1209:rel-2d659a256cb7,mock_oisa_scale_1.2,268157628,285550,267872078,268157628,267872078,1785477757568464678,-1,0,trace_group_end_lag_clamped,1785477757568464678
207334955,164,1785477757314483131,10,1785477757314087788,75364,1785477757521742722,1785477757521818086,edp_rs,0,2,55,expert_dp_grad_reduce_scatter:pg=1211,1785477757314483131,0,expert_dp_grad_reduce_scatter,2,7549747200,same_rank_dp_rs,18131143,1785477757301014807,1785477757301014807,1785477757300619464,1.0,iter55:pp10:edp_rs:round0:expert_dp_grad_reduce_scatter:pg=1211,iter55:pp10:edp_rs:round0:expert_dp_grad_reduce_scatter:pg=1211:rel-c052821f624b,mock_oisa_scale_1.2,249197289,395343,248801946,249197289,248801946,1785477757549816753,-1,75364,trace_group_end_lag_clamped,1785477757549741389
207334955,172,1785477757314087788,10,1785477757314087788,0,1785477757521818086,1785477757521818086,edp_rs,0,2,55,expert_dp_grad_reduce_scatter:pg=1211,1785477757314483131,395343,expert_dp_grad_reduce_scatter,2,7549747200,same_rank_dp_rs,17725525,1785477757300619464,1785477757301014807,1785477757300619464,1.0,iter55:pp10:edp_rs:round0:expert_dp_grad_reduce_scatter:pg=1211,iter55:pp10:edp_rs:round0:expert_dp_grad_reduce_scatter:pg=1211:rel-c052821f624b,mock_oisa_scale_1.2,249197289,395343,248801946,249197289,248801946,1785477757549816753,-1,0,trace_group_end_lag_clamped,1785477757549816753
208034158,165,1785477757314212304,10,1785477757314024631,116291,1785477757522130171,1785477757522246462,edp_rs,0,2,55,expert_dp_grad_reduce_scatter:pg=1213,1785477757314212304,0,expert_dp_grad_reduce_scatter,2,7549747200,same_rank_dp_rs,17838576,1785477757300743980,1785477757300743980,1785477757300556307,1.0,iter55:pp10:edp_rs:round0:expert_dp_grad_reduce_scatter:pg=1213,iter55:pp10:edp_rs:round0:expert_dp_grad_reduce_scatter:pg=1213:rel-2273957fa578,mock_oisa_scale_1.2,249828663,187673,249640990,249828663,249640990,1785477757550384970,-1,116291,trace_group_end_lag_clamped,1785477757550268679
208034158,173,1785477757314024631,10,1785477757314024631,0,1785477757522246462,1785477757522246462,edp_rs,0,2,55,expert_dp_grad_reduce_scatter:pg=1213,1785477757314212304,187673,expert_dp_grad_reduce_scatter,2,7549747200,same_rank_dp_rs,17659311,1785477757300556307,1785477757300743980,1785477757300556307,1.0,iter55:pp10:edp_rs:round0:expert_dp_grad_reduce_scatter:pg=1213,iter55:pp10:edp_rs:round0:expert_dp_grad_reduce_scatter:pg=1213:rel-2273957fa578,mock_oisa_scale_1.2,249828663,187673,249640990,249828663,249640990,1785477757550384970,-1,0,trace_group_end_lag_clamped,1785477757550384970
206341238,166,1785477757313898900,10,1785477757313879234,0,1785477757520240138,1785477757520240138,edp_rs,0,2,55,expert_dp_grad_reduce_scatter:pg=1215,1785477757313898900,0,expert_dp_grad_reduce_scatter,2,7549747200,same_rank_dp_rs,17521297,1785477757300430576,1785477757300430576,1785477757300410910,1.0,iter55:pp10:edp_rs:round0:expert_dp_grad_reduce_scatter:pg=1215,iter55:pp10:edp_rs:round0:expert_dp_grad_reduce_scatter:pg=1215:rel-6a889b613c61,mock_oisa_scale_1.2,247629152,19666,247609486,247629152,247609486,1785477757548040062,-1,0,trace_group_end_lag_clamped,1785477757548040062
206341238,174,1785477757313879234,10,1785477757313879234,31165,1785477757520208973,1785477757520240138,edp_rs,0,2,55,expert_dp_grad_reduce_scatter:pg=1215,1785477757313898900,19666,expert_dp_grad_reduce_scatter,2,7549747200,same_rank_dp_rs,17557276,1785477757300410910,1785477757300430576,1785477757300410910,1.0,iter55:pp10:edp_rs:round0:expert_dp_grad_reduce_scatter:pg=1215,iter55:pp10:edp_rs:round0:expert_dp_grad_reduce_scatter:pg=1215:rel-6a889b613c61,mock_oisa_scale_1.2,247629152,19666,247609486,247629152,247609486,1785477757548040062,-1,31165,trace_group_end_lag_clamped,1785477757548008897
207024819,167,1785477757313955764,10,1785477757313955764,1515,1785477757521329707,1785477757521331222,edp_rs,0,2,55,expert_dp_grad_reduce_scatter:pg=1217,1785477757314306403,350639,expert_dp_grad_reduce_scatter,2,7549747200,same_rank_dp_rs,17576994,1785477757300487440,1785477757300838079,1785477757300487440,1.0,iter55:pp10:edp_rs:round0:expert_dp_grad_reduce_scatter:pg=1217,iter55:pp10:edp_rs:round0:expert_dp_grad_reduce_scatter:pg=1217:rel-e6e6d58467d5,mock_oisa_scale_1.2,248780422,350639,248429783,248780422,248429783,1785477757549267862,-1,1515,trace_group_end_lag_clamped,1785477757549266347
207024819,175,1785477757314306403,10,1785477757313955764,0,1785477757521331222,1785477757521331222,edp_rs,0,2,55,expert_dp_grad_reduce_scatter:pg=1217,1785477757314306403,0,expert_dp_grad_reduce_scatter,2,7549747200,same_rank_dp_rs,18066758,1785477757300838079,1785477757300838079,1785477757300487440,1.0,iter55:pp10:edp_rs:round0:expert_dp_grad_reduce_scatter:pg=1217,iter55:pp10:edp_rs:round0:expert_dp_grad_reduce_scatter:pg=1217:rel-e6e6d58467d5,mock_oisa_scale_1.2,248780422,350639,248429783,248780422,248429783,1785477757549267862,-1,0,trace_group_end_lag_clamped,1785477757549267862
7672493,176,1785477765025594573,11,1785477765025276147,1915,1785477765034071980,1785477765034073895,dp_ag0,0,16,55,dp_param_allgather:pg=23,1785477765026401402,806829,dp_param_allgather,16,98621440,world_rs_done,28918316,1785477765019778250,1785477765020585079,1785477765019459824,1.0,iter55:pp11:dp_ag0:round0:dp_param_allgather:pg=23,iter55:pp11:dp_ag0:round0:dp_param_allgather:pg=23:rel-c5c9e29dd55d,mock_oisa_scale_1.2,10332247,1125255,9206992,10332247,9206992,1785477765029792071,-1,1915,trace_group_end_lag_clamped,1785477765029790156
7672493,177,1785477765025631610,11,1785477765025276147,530,1785477765034073365,1785477765034073895,dp_ag0,0,16,55,dp_param_allgather:pg=23,1785477765026401402,769792,dp_param_allgather,16,98621440,world_rs_done,28955353,1785477765019815287,1785477765020585079,1785477765019459824,1.0,iter55:pp11:dp_ag0:round0:dp_param_allgather:pg=23,iter55:pp11:dp_ag0:round0:dp_param_allgather:pg=23:rel-c5c9e29dd55d,mock_oisa_scale_1.2,10332247,1125255,9206992,10332247,9206992,1785477765029792071,-1,530,trace_group_end_lag_clamped,1785477765029791541
7672493,178,1785477765025893374,11,1785477765025276147,9180,1785477765034064715,1785477765034073895,dp_ag0,0,16,55,dp_param_allgather:pg=23,1785477765026401402,508028,dp_param_allgather,16,98621440,world_rs_done,29217117,1785477765020077051,1785477765020585079,1785477765019459824,1.0,iter55:pp11:dp_ag0:round0:dp_param_allgather:pg=23,iter55:pp11:dp_ag0:round0:dp_param_allgather:pg=23:rel-c5c9e29dd55d,mock_oisa_scale_1.2,10332247,1125255,9206992,10332247,9206992,1785477765029792071,-1,9180,trace_group_end_lag_clamped,1785477765029782891
7672493,179,1785477765026192066,11,1785477765025276147,30624,1785477765034043271,1785477765034073895,dp_ag0,0,16,55,dp_param_allgather:pg=23,1785477765026401402,209336,dp_param_allgather,16,98621440,world_rs_done,29515809,1785477765020375743,1785477765020585079,1785477765019459824,1.0,iter55:pp11:dp_ag0:round0:dp_param_allgather:pg=23,iter55:pp11:dp_ag0:round0:dp_param_allgather:pg=23:rel-c5c9e29dd55d,mock_oisa_scale_1.2,10332247,1125255,9206992,10332247,9206992,1785477765029792071,-1,30624,trace_group_end_lag_clamped,1785477765029761447
7672493,180,1785477765025710075,11,1785477765025276147,6646,1785477765034067249,1785477765034073895,dp_ag0,0,16,55,dp_param_allgather:pg=23,1785477765026401402,691327,dp_param_allgather,16,98621440,world_rs_done,29033818,1785477765019893752,1785477765020585079,1785477765019459824,1.0,iter55:pp11:dp_ag0:round0:dp_param_allgather:pg=23,iter55:pp11:dp_ag0:round0:dp_param_allgather:pg=23:rel-c5c9e29dd55d,mock_oisa_scale_1.2,10332247,1125255,9206992,10332247,9206992,1785477765029792071,-1,6646,trace_group_end_lag_clamped,1785477765029785425
7672493,181,1785477765025750652,11,1785477765025276147,8981,1785477765034064914,1785477765034073895,dp_ag0,0,16,55,dp_param_allgather:pg=23,1785477765026401402,650750,dp_param_allgather,16,98621440,world_rs_done,29074395,1785477765019934329,1785477765020585079,1785477765019459824,1.0,iter55:pp11:dp_ag0:round0:dp_param_allgather:pg=23,iter55:pp11:dp_ag0:round0:dp_param_allgather:pg=23:rel-c5c9e29dd55d,mock_oisa_scale_1.2,10332247,1125255,9206992,10332247,9206992,1785477765029792071,-1,8981,trace_group_end_lag_clamped,1785477765029783090
7672493,182,1785477765025619955,11,1785477765025276147,2308,1785477765034071587,1785477765034073895,dp_ag0,0,16,55,dp_param_allgather:pg=23,1785477765026401402,781447,dp_param_allgather,16,98621440,world_rs_done,28943698,1785477765019803632,1785477765020585079,1785477765019459824,1.0,iter55:pp11:dp_ag0:round0:dp_param_allgather:pg=23,iter55:pp11:dp_ag0:round0:dp_param_allgather:pg=23:rel-c5c9e29dd55d,mock_oisa_scale_1.2,10332247,1125255,9206992,10332247,9206992,1785477765029792071,-1,2308,trace_group_end_lag_clamped,1785477765029789763
7672493,183,1785477765026401402,11,1785477765025276147,0,1785477765034073895,1785477765034073895,dp_ag0,0,16,55,dp_param_allgather:pg=23,1785477765026401402,0,dp_param_allgather,16,98621440,world_rs_done,29725145,1785477765020585079,1785477765020585079,1785477765019459824,1.0,iter55:pp11:dp_ag0:round0:dp_param_allgather:pg=23,iter55:pp11:dp_ag0:round0:dp_param_allgather:pg=23:rel-c5c9e29dd55d,mock_oisa_scale_1.2,10332247,1125255,9206992,10332247,9206992,1785477765029792071,-1,0,trace_group_end_lag_clamped,1785477765029792071
7672493,184,1785477765025276147,11,1785477765025276147,63904,1785477765034009991,1785477765034073895,dp_ag0,0,16,55,dp_param_allgather:pg=23,1785477765026401402,1125255,dp_param_allgather,16,98621440,world_rs_done,28599890,1785477765019459824,1785477765020585079,1785477765019459824,1.0,iter55:pp11:dp_ag0:round0:dp_param_allgather:pg=23,iter55:pp11:dp_ag0:round0:dp_param_allgather:pg=23:rel-c5c9e29dd55d,mock_oisa_scale_1.2,10332247,1125255,9206992,10332247,9206992,1785477765029792071,-1,63904,trace_group_end_lag_clamped,1785477765029728167
7672493,185,1785477765025766258,11,1785477765025276147,55253,1785477765034018642,1785477765034073895,dp_ag0,0,16,55,dp_param_allgather:pg=23,1785477765026401402,635144,dp_param_allgather,16,98621440,world_rs_done,29090001,1785477765019949935,1785477765020585079,1785477765019459824,1.0,iter55:pp11:dp_ag0:round0:dp_param_allgather:pg=23,iter55:pp11:dp_ag0:round0:dp_param_allgather:pg=23:rel-c5c9e29dd55d,mock_oisa_scale_1.2,10332247,1125255,9206992,10332247,9206992,1785477765029792071,-1,55253,trace_group_end_lag_clamped,1785477765029736818
7672493,186,1785477765025710933,11,1785477765025276147,69578,1785477765034004317,1785477765034073895,dp_ag0,0,16,55,dp_param_allgather:pg=23,1785477765026401402,690469,dp_param_allgather,16,98621440,world_rs_done,29034676,1785477765019894610,1785477765020585079,1785477765019459824,1.0,iter55:pp11:dp_ag0:round0:dp_param_allgather:pg=23,iter55:pp11:dp_ag0:round0:dp_param_allgather:pg=23:rel-c5c9e29dd55d,mock_oisa_scale_1.2,10332247,1125255,9206992,10332247,9206992,1785477765029792071,-1,69578,trace_group_end_lag_clamped,1785477765029722493
7672493,187,1785477765026331210,11,1785477765025276147,34369,1785477765034039526,1785477765034073895,dp_ag0,0,16,55,dp_param_allgather:pg=23,1785477765026401402,70192,dp_param_allgather,16,98621440,world_rs_done,29654953,1785477765020514887,1785477765020585079,1785477765019459824,1.0,iter55:pp11:dp_ag0:round0:dp_param_allgather:pg=23,iter55:pp11:dp_ag0:round0:dp_param_allgather:pg=23:rel-c5c9e29dd55d,mock_oisa_scale_1.2,10332247,1125255,9206992,10332247,9206992,1785477765029792071,-1,34369,trace_group_end_lag_clamped,1785477765029757702
7672493,188,1785477765025587811,11,1785477765025276147,65856,1785477765034008039,1785477765034073895,dp_ag0,0,16,55,dp_param_allgather:pg=23,1785477765026401402,813591,dp_param_allgather,16,98621440,world_rs_done,28911554,1785477765019771488,1785477765020585079,1785477765019459824,1.0,iter55:pp11:dp_ag0:round0:dp_param_allgather:pg=23,iter55:pp11:dp_ag0:round0:dp_param_allgather:pg=23:rel-c5c9e29dd55d,mock_oisa_scale_1.2,10332247,1125255,9206992,10332247,9206992,1785477765029792071,-1,65856,trace_group_end_lag_clamped,1785477765029726215
7672493,189,1785477765025577084,11,1785477765025276147,86030,1785477765033987865,1785477765034073895,dp_ag0,0,16,55,dp_param_allgather:pg=23,1785477765026401402,824318,dp_param_allgather,16,98621440,world_rs_done,28900827,1785477765019760761,1785477765020585079,1785477765019459824,1.0,iter55:pp11:dp_ag0:round0:dp_param_allgather:pg=23,iter55:pp11:dp_ag0:round0:dp_param_allgather:pg=23:rel-c5c9e29dd55d,mock_oisa_scale_1.2,10332247,1125255,9206992,10332247,9206992,1785477765029792071,-1,86030,trace_group_end_lag_clamped,1785477765029706041
7672493,190,1785477765025589396,11,1785477765025276147,76401,1785477765033997494,1785477765034073895,dp_ag0,0,16,55,dp_param_allgather:pg=23,1785477765026401402,812006,dp_param_allgather,16,98621440,world_rs_done,28913139,1785477765019773073,1785477765020585079,1785477765019459824,1.0,iter55:pp11:dp_ag0:round0:dp_param_allgather:pg=23,iter55:pp11:dp_ag0:round0:dp_param_allgather:pg=23:rel-c5c9e29dd55d,mock_oisa_scale_1.2,10332247,1125255,9206992,10332247,9206992,1785477765029792071,-1,76401,trace_group_end_lag_clamped,1785477765029715670
7672493,191,1785477765026075218,11,1785477765025276147,18272,1785477765034055623,1785477765034073895,dp_ag0,0,16,55,dp_param_allgather:pg=23,1785477765026401402,326184,dp_param_allgather,16,98621440,world_rs_done,29398961,1785477765020258895,1785477765020585079,1785477765019459824,1.0,iter55:pp11:dp_ag0:round0:dp_param_allgather:pg=23,iter55:pp11:dp_ag0:round0:dp_param_allgather:pg=23:rel-c5c9e29dd55d,mock_oisa_scale_1.2,10332247,1125255,9206992,10332247,9206992,1785477765029792071,-1,18272,trace_group_end_lag_clamped,1785477765029773799
7563645,176,1785477765174228113,11,1785477765173704608,40275,1785477765189442237,1785477765189482512,dp_ag1,1,16,55,dp_param_allgather:pg=23,1785477765181918867,7690754,dp_param_allgather,16,98621440,same_rank_edp_ag0,86705078,1785477765180638888,1785477765189792592,1785477765179887191,1.0,iter55:pp11:dp_ag1:round1:dp_param_allgather:pg=23,iter55:pp11:dp_ag1:round1:dp_param_allgather:pg=23:rel-7054b2041755,mock_oisa_scale_1.2,18981775,9905401,9076374,18981775,9076374,1785477765198868966,-1,40275,trace_group_end_lag_clamped,1785477765198828691
7563645,177,1785477765177631402,11,1785477765173704608,62421,1785477765189420091,1785477765189482512,dp_ag1,1,16,55,dp_param_allgather:pg=23,1785477765181918867,4287465,dp_param_allgather,16,98621440,same_rank_edp_ag0,88139486,1785477765184441436,1785477765189792592,1785477765179887191,1.0,iter55:pp11:dp_ag1:round1:dp_param_allgather:pg=23,iter55:pp11:dp_ag1:round1:dp_param_allgather:pg=23:rel-7054b2041755,mock_oisa_scale_1.2,18981775,9905401,9076374,18981775,9076374,1785477765198868966,-1,62421,trace_group_end_lag_clamped,1785477765198806545
7563645,178,1785477765175438557,11,1785477765173704608,65799,1785477765189416713,1785477765189482512,dp_ag1,1,16,55,dp_param_allgather:pg=23,1785477765181918867,6480310,dp_param_allgather,16,98621440,same_rank_edp_ag0,88178426,1785477765181802761,1785477765189792592,1785477765179887191,1.0,iter55:pp11:dp_ag1:round1:dp_param_allgather:pg=23,iter55:pp11:dp_ag1:round1:dp_param_allgather:pg=23:rel-7054b2041755,mock_oisa_scale_1.2,18981775,9905401,9076374,18981775,9076374,1785477765198868966,-1,65799,trace_group_end_lag_clamped,1785477765198803167
7563645,179,1785477765177777846,11,1785477765173704608,0,1785477765189482512,1785477765189482512,dp_ag1,1,16,55,dp_param_allgather:pg=23,1785477765181918867,4141021,dp_param_allgather,16,98621440,same_rank_edp_ag0,87817457,1785477765184672082,1785477765189792592,1785477765179887191,1.0,iter55:pp11:dp_ag1:round1:dp_param_allgather:pg=23,iter55:pp11:dp_ag1:round1:dp_param_allgather:pg=23:rel-7054b2041755,mock_oisa_scale_1.2,18981775,9905401,9076374,18981775,9076374,1785477765198868966,-1,0,trace_group_end_lag_clamped,1785477765198868966
7563645,180,1785477765181918867,11,1785477765173704608,70950,1785477765189411562,1785477765189482512,dp_ag1,1,16,55,dp_param_allgather:pg=23,1785477765181918867,0,dp_param_allgather,16,98621440,same_rank_edp_ag0,87056551,1785477765189792592,1785477765189792592,1785477765179887191,1.0,iter55:pp11:dp_ag1:round1:dp_param_allgather:pg=23,iter55:pp11:dp_ag1:round1:dp_param_allgather:pg=23:rel-7054b2041755,mock_oisa_scale_1.2,18981775,9905401,9076374,18981775,9076374,1785477765198868966,-1,70950,trace_group_end_lag_clamped,1785477765198798016
7563645,181,1785477765174169472,11,1785477765173704608,2561,1785477765189479951,1785477765189482512,dp_ag1,1,16,55,dp_param_allgather:pg=23,1785477765181918867,7749395,dp_param_allgather,16,98621440,same_rank_edp_ag0,86871342,1785477765180537910,1785477765189792592,1785477765179887191,1.0,iter55:pp11:dp_ag1:round1:dp_param_allgather:pg=23,iter55:pp11:dp_ag1:round1:dp_param_allgather:pg=23:rel-7054b2041755,mock_oisa_scale_1.2,18981775,9905401,9076374,18981775,9076374,1785477765198868966,-1,2561,trace_group_end_lag_clamped,1785477765198866405
7563645,182,1785477765175019283,11,1785477765173704608,27524,1785477765189454988,1785477765189482512,dp_ag1,1,16,55,dp_param_allgather:pg=23,1785477765181918867,6899584,dp_param_allgather,16,98621440,same_rank_edp_ag0,88071230,1785477765181308691,1785477765189792592,1785477765179887191,1.0,iter55:pp11:dp_ag1:round1:dp_param_allgather:pg=23,iter55:pp11:dp_ag1:round1:dp_param_allgather:pg=23:rel-7054b2041755,mock_oisa_scale_1.2,18981775,9905401,9076374,18981775,9076374,1785477765198868966,-1,27524,trace_group_end_lag_clamped,1785477765198841442
7563645,183,1785477765173823278,11,1785477765173704608,6967,1785477765189475545,1785477765189482512,dp_ag1,1,16,55,dp_param_allgather:pg=23,1785477765181918867,8095589,dp_param_allgather,16,98621440,same_rank_edp_ag0,87445629,1785477765180005861,1785477765189792592,1785477765179887191,1.0,iter55:pp11:dp_ag1:round1:dp_param_allgather:pg=23,iter55:pp11:dp_ag1:round1:dp_param_allgather:pg=23:rel-7054b2041755,mock_oisa_scale_1.2,18981775,9905401,9076374,18981775,9076374,1785477765198868966,-1,6967,trace_group_end_lag_clamped,1785477765198861999
7563645,184,1785477765174512337,11,1785477765173704608,20208,1785477765189462304,1785477765189482512,dp_ag1,1,16,55,dp_param_allgather:pg=23,1785477765181918867,7406530,dp_param_allgather,16,98621440,same_rank_edp_ag0,86963961,1785477765180923112,1785477765189792592,1785477765179887191,1.0,iter55:pp11:dp_ag1:round1:dp_param_allgather:pg=23,iter55:pp11:dp_ag1:round1:dp_param_allgather:pg=23:rel-7054b2041755,mock_oisa_scale_1.2,18981775,9905401,9076374,18981775,9076374,1785477765198868966,-1,20208,trace_group_end_lag_clamped,1785477765198848758
7563645,185,1785477765176521005,11,1785477765173704608,13932,1785477765189468580,1785477765189482512,dp_ag1,1,16,55,dp_param_allgather:pg=23,1785477765181918867,5397862,dp_param_allgather,16,98621440,same_rank_edp_ag0,86977671,1785477765183331039,1785477765189792592,1785477765179887191,1.0,iter55:pp11:dp_ag1:round1:dp_param_allgather:pg=23,iter55:pp11:dp_ag1:round1:dp_param_allgather:pg=23:rel-7054b2041755,mock_oisa_scale_1.2,18981775,9905401,9076374,18981775,9076374,1785477765198868966,-1,13932,trace_group_end_lag_clamped,1785477765198855034
7563645,186,1785477765175435841,11,1785477765173704608,9098,1785477765189473414,1785477765189482512,dp_ag1,1,16,55,dp_param_allgather:pg=23,1785477765181918867,6483026,dp_param_allgather,16,98621440,same_rank_edp_ag0,88120068,1785477765181800045,1785477765189792592,1785477765179887191,1.0,iter55:pp11:dp_ag1:round1:dp_param_allgather:pg=23,iter55:pp11:dp_ag1:round1:dp_param_allgather:pg=23:rel-7054b2041755,mock_oisa_scale_1.2,18981775,9905401,9076374,18981775,9076374,1785477765198868966,-1,9098,trace_group_end_lag_clamped,1785477765198859868
7563645,187,1785477765177943791,11,1785477765173704608,28467,1785477765189454045,1785477765189482512,dp_ag1,1,16,55,dp_param_allgather:pg=23,1785477765181918867,3975076,dp_param_allgather,16,98621440,same_rank_edp_ag0,87964502,1785477765184838027,1785477765189792592,1785477765179887191,1.0,iter55:pp11:dp_ag1:round1:dp_param_allgather:pg=23,iter55:pp11:dp_ag1:round1:dp_param_allgather:pg=23:rel-7054b2041755,mock_oisa_scale_1.2,18981775,9905401,9076374,18981775,9076374,1785477765198868966,-1,28467,trace_group_end_lag_clamped,1785477765198840499
7563645,188,1785477765181872120,11,1785477765173704608,9602,1785477765189472910,1785477765189482512,dp_ag1,1,16,55,dp_param_allgather:pg=23,1785477765181918867,46747,dp_param_allgather,16,98621440,same_rank_edp_ag0,87102042,1785477765189745845,1785477765189792592,1785477765179887191,1.0,iter55:pp11:dp_ag1:round1:dp_param_allgather:pg=23,iter55:pp11:dp_ag1:round1:dp_param_allgather:pg=23:rel-7054b2041755,mock_oisa_scale_1.2,18981775,9905401,9076374,18981775,9076374,1785477765198868966,-1,9602,trace_group_end_lag_clamped,1785477765198859364
7563645,189,1785477765175104459,11,1785477765173704608,24246,1785477765189458266,1785477765189482512,dp_ag1,1,16,55,dp_param_allgather:pg=23,1785477765181918867,6814408,dp_param_allgather,16,98621440,same_rank_edp_ag0,87777757,1785477765181472897,1785477765189792592,1785477765179887191,1.0,iter55:pp11:dp_ag1:round1:dp_param_allgather:pg=23,iter55:pp11:dp_ag1:round1:dp_param_allgather:pg=23:rel-7054b2041755,mock_oisa_scale_1.2,18981775,9905401,9076374,18981775,9076374,1785477765198868966,-1,24246,trace_group_end_lag_clamped,1785477765198844720
7563645,190,1785477765174889602,11,1785477765173704608,41959,1785477765189440553,1785477765189482512,dp_ag1,1,16,55,dp_param_allgather:pg=23,1785477765181918867,7029265,dp_param_allgather,16,98621440,same_rank_edp_ag0,87990392,1785477765181179010,1785477765189792592,1785477765179887191,1.0,iter55:pp11:dp_ag1:round1:dp_param_allgather:pg=23,iter55:pp11:dp_ag1:round1:dp_param_allgather:pg=23:rel-7054b2041755,mock_oisa_scale_1.2,18981775,9905401,9076374,18981775,9076374,1785477765198868966,-1,41959,trace_group_end_lag_clamped,1785477765198827007
7563645,191,1785477765173704608,11,1785477765173704608,19814,1785477765189462698,1785477765189482512,dp_ag1,1,16,55,dp_param_allgather:pg=23,1785477765181918867,8214259,dp_param_allgather,16,98621440,same_rank_edp_ag0,87297376,1785477765179887191,1785477765189792592,1785477765179887191,1.0,iter55:pp11:dp_ag1:round1:dp_param_allgather:pg=23,iter55:pp11:dp_ag1:round1:dp_param_allgather:pg=23:rel-7054b2041755,mock_oisa_scale_1.2,18981775,9905401,9076374,18981775,9076374,1785477765198868966,-1,19814,trace_group_end_lag_clamped,1785477765198849152
16127350,176,1785477756330923378,11,1785477756330087989,110008,1785477756512002113,1785477756512112121,dp_rs,0,16,55,dp_grad_reduce_scatter:pg=23,1785477756495984771,165061393,dp_grad_reduce_scatter,16,3155886080,pp_frontier,0,1785477756306529923,1785477756478360181,1785477756301096079,1.0,iter55:pp11:dp_rs:round0:dp_grad_reduce_scatter:pg=23,iter55:pp11:dp_rs:round0:dp_grad_reduce_scatter:pg=23:rel-1d351c243f8d,mock_oisa_scale_1.2,196616922,177264102,19352820,196616922,19352820,1785477756497713001,-1,110008,trace_group_end_lag_clamped,1785477756497602993
16127350,177,1785477756330997535,11,1785477756330087989,0,1785477756512112121,1785477756512112121,dp_rs,0,16,55,dp_grad_reduce_scatter:pg=23,1785477756495984771,164987236,dp_grad_reduce_scatter,16,3155886080,pp_frontier,0,1785477756301096079,1785477756478360181,1785477756301096079,1.0,iter55:pp11:dp_rs:round0:dp_grad_reduce_scatter:pg=23,iter55:pp11:dp_rs:round0:dp_grad_reduce_scatter:pg=23:rel-1d351c243f8d,mock_oisa_scale_1.2,196616922,177264102,19352820,196616922,19352820,1785477756497713001,-1,0,trace_group_end_lag_clamped,1785477756497713001
16127350,178,1785477756330737888,11,1785477756330087989,72094,1785477756512040027,1785477756512112121,dp_rs,0,16,55,dp_grad_reduce_scatter:pg=23,1785477756495984771,165246883,dp_grad_reduce_scatter,16,3155886080,pp_frontier,0,1785477756306645974,1785477756478360181,1785477756301096079,1.0,iter55:pp11:dp_rs:round0:dp_grad_reduce_scatter:pg=23,iter55:pp11:dp_rs:round0:dp_grad_reduce_scatter:pg=23:rel-1d351c243f8d,mock_oisa_scale_1.2,196616922,177264102,19352820,196616922,19352820,1785477756497713001,-1,72094,trace_group_end_lag_clamped,1785477756497640907
16127350,179,1785477756330939479,11,1785477756330087989,39537,1785477756512072584,1785477756512112121,dp_rs,0,16,55,dp_grad_reduce_scatter:pg=23,1785477756495984771,165045292,dp_grad_reduce_scatter,16,3155886080,pp_frontier,0,1785477756306279445,1785477756478360181,1785477756301096079,1.0,iter55:pp11:dp_rs:round0:dp_grad_reduce_scatter:pg=23,iter55:pp11:dp_rs:round0:dp_grad_reduce_scatter:pg=23:rel-1d351c243f8d,mock_oisa_scale_1.2,196616922,177264102,19352820,196616922,19352820,1785477756497713001,-1,39537,trace_group_end_lag_clamped,1785477756497673464
16127350,180,1785477756330210357,11,1785477756330087989,37142,1785477756512074979,1785477756512112121,dp_rs,0,16,55,dp_grad_reduce_scatter:pg=23,1785477756495984771,165774414,dp_grad_reduce_scatter,16,3155886080,pp_frontier,0,1785477756307232747,1785477756478360181,1785477756301096079,1.0,iter55:pp11:dp_rs:round0:dp_grad_reduce_scatter:pg=23,iter55:pp11:dp_rs:round0:dp_grad_reduce_scatter:pg=23:rel-1d351c243f8d,mock_oisa_scale_1.2,196616922,177264102,19352820,196616922,19352820,1785477756497713001,-1,37142,trace_group_end_lag_clamped,1785477756497675859
16127350,181,1785477756330087989,11,1785477756330087989,98903,1785477756512013218,1785477756512112121,dp_rs,0,16,55,dp_grad_reduce_scatter:pg=23,1785477756495984771,165896782,dp_grad_reduce_scatter,16,3155886080,pp_frontier,0,1785477756306223472,1785477756478360181,1785477756301096079,1.0,iter55:pp11:dp_rs:round0:dp_grad_reduce_scatter:pg=23,iter55:pp11:dp_rs:round0:dp_grad_reduce_scatter:pg=23:rel-1d351c243f8d,mock_oisa_scale_1.2,196616922,177264102,19352820,196616922,19352820,1785477756497713001,-1,98903,trace_group_end_lag_clamped,1785477756497614098
16127350,182,1785477756331998436,11,1785477756330087989,81220,1785477756512030901,1785477756512112121,dp_rs,0,16,55,dp_grad_reduce_scatter:pg=23,1785477756495984771,163986335,dp_grad_reduce_scatter,16,3155886080,pp_frontier,0,1785477756302332167,1785477756478360181,1785477756301096079,1.0,iter55:pp11:dp_rs:round0:dp_grad_reduce_scatter:pg=23,iter55:pp11:dp_rs:round0:dp_grad_reduce_scatter:pg=23:rel-1d351c243f8d,mock_oisa_scale_1.2,196616922,177264102,19352820,196616922,19352820,1785477756497713001,-1,81220,trace_group_end_lag_clamped,1785477756497631781
16127350,183,1785477756331840372,11,1785477756330087989,4400,1785477756512107721,1785477756512112121,dp_rs,0,16,55,dp_grad_reduce_scatter:pg=23,1785477756495984771,164144399,dp_grad_reduce_scatter,16,3155886080,pp_frontier,0,1785477756303212805,1785477756478360181,1785477756301096079,1.0,iter55:pp11:dp_rs:round0:dp_grad_reduce_scatter:pg=23,iter55:pp11:dp_rs:round0:dp_grad_reduce_scatter:pg=23:rel-1d351c243f8d,mock_oisa_scale_1.2,196616922,177264102,19352820,196616922,19352820,1785477756497713001,-1,4400,trace_group_end_lag_clamped,1785477756497708601
16127350,184,1785477756495019146,11,1785477756330087989,74366,1785477756512037755,1785477756512112121,dp_rs,0,16,55,dp_grad_reduce_scatter:pg=23,1785477756495984771,965625,dp_grad_reduce_scatter,16,3155886080,pp_frontier,0,1785477756454763757,1785477756478360181,1785477756301096079,1.0,iter55:pp11:dp_rs:round0:dp_grad_reduce_scatter:pg=23,iter55:pp11:dp_rs:round0:dp_grad_reduce_scatter:pg=23:rel-1d351c243f8d,mock_oisa_scale_1.2,196616922,177264102,19352820,196616922,19352820,1785477756497713001,-1,74366,trace_group_end_lag_clamped,1785477756497638635
16127350,185,1785477756495417975,11,1785477756330087989,130221,1785477756511981900,1785477756512112121,dp_rs,0,16,55,dp_grad_reduce_scatter:pg=23,1785477756495984771,566796,dp_grad_reduce_scatter,16,3155886080,pp_frontier,0,1785477756456491525,1785477756478360181,1785477756301096079,1.0,iter55:pp11:dp_rs:round0:dp_grad_reduce_scatter:pg=23,iter55:pp11:dp_rs:round0:dp_grad_reduce_scatter:pg=23:rel-1d351c243f8d,mock_oisa_scale_1.2,196616922,177264102,19352820,196616922,19352820,1785477756497713001,-1,130221,trace_group_end_lag_clamped,1785477756497582780
16127350,186,1785477756494754004,11,1785477756330087989,126111,1785477756511986010,1785477756512112121,dp_rs,0,16,55,dp_grad_reduce_scatter:pg=23,1785477756495984771,1230767,dp_grad_reduce_scatter,16,3155886080,pp_frontier,0,1785477756470341515,1785477756478360181,1785477756301096079,1.0,iter55:pp11:dp_rs:round0:dp_grad_reduce_scatter:pg=23,iter55:pp11:dp_rs:round0:dp_grad_reduce_scatter:pg=23:rel-1d351c243f8d,mock_oisa_scale_1.2,196616922,177264102,19352820,196616922,19352820,1785477756497713001,-1,126111,trace_group_end_lag_clamped,1785477756497586890
16127350,187,1785477756494955721,11,1785477756330087989,43377,1785477756512068744,1785477756512112121,dp_rs,0,16,55,dp_grad_reduce_scatter:pg=23,1785477756495984771,1029050,dp_grad_reduce_scatter,16,3155886080,pp_frontier,0,1785477756478360181,1785477756478360181,1785477756301096079,1.0,iter55:pp11:dp_rs:round0:dp_grad_reduce_scatter:pg=23,iter55:pp11:dp_rs:round0:dp_grad_reduce_scatter:pg=23:rel-1d351c243f8d,mock_oisa_scale_1.2,196616922,177264102,19352820,196616922,19352820,1785477756497713001,-1,43377,trace_group_end_lag_clamped,1785477756497669624
16127350,188,1785477756494286969,11,1785477756330087989,64576,1785477756512047545,1785477756512112121,dp_rs,0,16,55,dp_grad_reduce_scatter:pg=23,1785477756495984771,1697802,dp_grad_reduce_scatter,16,3155886080,pp_frontier,0,1785477756472508989,1785477756478360181,1785477756301096079,1.0,iter55:pp11:dp_rs:round0:dp_grad_reduce_scatter:pg=23,iter55:pp11:dp_rs:round0:dp_grad_reduce_scatter:pg=23:rel-1d351c243f8d,mock_oisa_scale_1.2,196616922,177264102,19352820,196616922,19352820,1785477756497713001,-1,64576,trace_group_end_lag_clamped,1785477756497648425
16127350,189,1785477756494138330,11,1785477756330087989,103514,1785477756512008607,1785477756512112121,dp_rs,0,16,55,dp_grad_reduce_scatter:pg=23,1785477756495984771,1846441,dp_grad_reduce_scatter,16,3155886080,pp_frontier,0,1785477756472522198,1785477756478360181,1785477756301096079,1.0,iter55:pp11:dp_rs:round0:dp_grad_reduce_scatter:pg=23,iter55:pp11:dp_rs:round0:dp_grad_reduce_scatter:pg=23:rel-1d351c243f8d,mock_oisa_scale_1.2,196616922,177264102,19352820,196616922,19352820,1785477756497713001,-1,103514,trace_group_end_lag_clamped,1785477756497609487
16127350,190,1785477756495489418,11,1785477756330087989,8746,1785477756512103375,1785477756512112121,dp_rs,0,16,55,dp_grad_reduce_scatter:pg=23,1785477756495984771,495353,dp_grad_reduce_scatter,16,3155886080,pp_frontier,0,1785477756467600901,1785477756478360181,1785477756301096079,1.0,iter55:pp11:dp_rs:round0:dp_grad_reduce_scatter:pg=23,iter55:pp11:dp_rs:round0:dp_grad_reduce_scatter:pg=23:rel-1d351c243f8d,mock_oisa_scale_1.2,196616922,177264102,19352820,196616922,19352820,1785477756497713001,-1,8746,trace_group_end_lag_clamped,1785477756497704255
16127350,191,1785477756495984771,11,1785477756330087989,7703,1785477756512104418,1785477756512112121,dp_rs,0,16,55,dp_grad_reduce_scatter:pg=23,1785477756495984771,0,dp_grad_reduce_scatter,16,3155886080,pp_frontier,0,1785477756467085103,1785477756478360181,1785477756301096079,1.0,iter55:pp11:dp_rs:round0:dp_grad_reduce_scatter:pg=23,iter55:pp11:dp_rs:round0:dp_grad_reduce_scatter:pg=23:rel-1d351c243f8d,mock_oisa_scale_1.2,196616922,177264102,19352820,196616922,19352820,1785477756497713001,-1,7703,trace_group_end_lag_clamped,1785477756497705298
53462996,176,1785477765034085380,11,1785477765034022231,25341,1785477765087523035,1785477765087548376,edp_ag0,0,2,55,expert_dp_param_allgather:pg=1219,1785477765034085380,0,expert_dp_param_allgather,2,1887436800,same_rank_dp_ag0,13400,1785477765029803556,1785477765029803556,1785477765029740407,1.0,iter55:pp11:edp_ag0:round0:expert_dp_param_allgather:pg=1219,iter55:pp11:edp_ag0:round0:expert_dp_param_allgather:pg=1219:rel-32eb477ce516,mock_oisa_scale_1.2,64218744,63149,64155595,64218744,64155595,1785477765093959151,-1,25341,trace_group_end_lag_clamped,1785477765093933810
53462996,184,1785477765034022231,11,1785477765034022231,0,1785477765087548376,1785477765087548376,edp_ag0,0,2,55,expert_dp_param_allgather:pg=1219,1785477765034085380,63149,expert_dp_param_allgather,2,1887436800,same_rank_dp_ag0,12240,1785477765029740407,1785477765029803556,1785477765029740407,1.0,iter55:pp11:edp_ag0:round0:expert_dp_param_allgather:pg=1219,iter55:pp11:edp_ag0:round0:expert_dp_param_allgather:pg=1219:rel-32eb477ce516,mock_oisa_scale_1.2,64218744,63149,64155595,64218744,64155595,1785477765093959151,-1,0,trace_group_end_lag_clamped,1785477765093959151
55459289,177,1785477765034084045,11,1785477765034033722,51418,1785477765089491916,1785477765089543334,edp_ag0,0,2,55,expert_dp_param_allgather:pg=1221,1785477765034084045,0,expert_dp_param_allgather,2,1887436800,same_rank_dp_ag0,10680,1785477765029802221,1785477765029802221,1785477765029751898,1.0,iter55:pp11:edp_ag0:round0:expert_dp_param_allgather:pg=1221,iter55:pp11:edp_ag0:round0:expert_dp_param_allgather:pg=1221:rel-a7fd89ab7587,mock_oisa_scale_1.2,66601470,50323,66551147,66601470,66551147,1785477765096353368,-1,51418,trace_group_end_lag_clamped,1785477765096301950
55459289,185,1785477765034033722,11,1785477765034033722,0,1785477765089543334,1785477765089543334,edp_ag0,0,2,55,expert_dp_param_allgather:pg=1221,1785477765034084045,50323,expert_dp_param_allgather,2,1887436800,same_rank_dp_ag0,15080,1785477765029751898,1785477765029802221,1785477765029751898,1.0,iter55:pp11:edp_ag0:round0:expert_dp_param_allgather:pg=1221,iter55:pp11:edp_ag0:round0:expert_dp_param_allgather:pg=1221:rel-a7fd89ab7587,mock_oisa_scale_1.2,66601470,50323,66551147,66601470,66551147,1785477765096353368,-1,0,trace_group_end_lag_clamped,1785477765096353368
53230138,178,1785477765034085635,11,1785477765034014797,55642,1785477765087260131,1785477765087315773,edp_ag0,0,2,55,expert_dp_param_allgather:pg=1223,1785477765034085635,0,expert_dp_param_allgather,2,1887436800,same_rank_dp_ag0,20920,1785477765029803811,1785477765029803811,1785477765029732973,1.0,iter55:pp11:edp_ag0:round0:expert_dp_param_allgather:pg=1223,iter55:pp11:edp_ag0:round0:expert_dp_param_allgather:pg=1223:rel-738f50875c18,mock_oisa_scale_1.2,63947004,70838,63876166,63947004,63876166,1785477765093679977,-1,55642,trace_group_end_lag_clamped,1785477765093624335
53230138,186,1785477765034014797,11,1785477765034014797,0,1785477765087315773,1785477765087315773,edp_ag0,0,2,55,expert_dp_param_allgather:pg=1223,1785477765034085635,70838,expert_dp_param_allgather,2,1887436800,same_rank_dp_ag0,10480,1785477765029732973,1785477765029803811,1785477765029732973,1.0,iter55:pp11:edp_ag0:round0:expert_dp_param_allgather:pg=1223,iter55:pp11:edp_ag0:round0:expert_dp_param_allgather:pg=1223:rel-738f50875c18,mock_oisa_scale_1.2,63947004,70838,63876166,63947004,63876166,1785477765093679977,-1,0,trace_group_end_lag_clamped,1785477765093679977
55880298,179,1785477765034098991,11,1785477765034093606,18900,1785477765089960389,1785477765089979289,edp_ag0,0,2,55,expert_dp_param_allgather:pg=1225,1785477765034098991,0,expert_dp_param_allgather,2,1887436800,same_rank_dp_ag0,55720,1785477765029817167,1785477765029817167,1785477765029811782,1.0,iter55:pp11:edp_ag0:round0:expert_dp_param_allgather:pg=1225,iter55:pp11:edp_ag0:round0:expert_dp_param_allgather:pg=1225:rel-f8629c86b379,mock_oisa_scale_1.2,67061743,5385,67056358,67061743,67056358,1785477765096873525,-1,18900,trace_group_end_lag_clamped,1785477765096854625
55880298,187,1785477765034093606,11,1785477765034093606,0,1785477765089979289,1785477765089979289,edp_ag0,0,2,55,expert_dp_param_allgather:pg=1225,1785477765034098991,5385,expert_dp_param_allgather,2,1887436800,same_rank_dp_ag0,54080,1785477765029811782,1785477765029817167,1785477765029811782,1.0,iter55:pp11:edp_ag0:round0:expert_dp_param_allgather:pg=1225,iter55:pp11:edp_ag0:round0:expert_dp_param_allgather:pg=1225:rel-f8629c86b379,mock_oisa_scale_1.2,67061743,5385,67056358,67061743,67056358,1785477765096873525,-1,0,trace_group_end_lag_clamped,1785477765096873525
60777747,180,1785477765034084569,11,1785477765034022279,0,1785477765094862316,1785477765094862316,edp_ag0,0,2,55,expert_dp_param_allgather:pg=1227,1785477765034084569,0,expert_dp_param_allgather,2,1887436800,same_rank_dp_ag0,17320,1785477765029802745,1785477765029802745,1785477765029740455,1.0,iter55:pp11:edp_ag0:round0:expert_dp_param_allgather:pg=1227,iter55:pp11:edp_ag0:round0:expert_dp_param_allgather:pg=1227:rel-60f910e96691,mock_oisa_scale_1.2,72995586,62290,72933296,72995586,72933296,1785477765102736041,-1,0,trace_group_end_lag_clamped,1785477765102736041
60777747,188,1785477765034022279,11,1785477765034022279,92238,1785477765094770078,1785477765094862316,edp_ag0,0,2,55,expert_dp_param_allgather:pg=1227,1785477765034084569,62290,expert_dp_param_allgather,2,1887436800,same_rank_dp_ag0,14240,1785477765029740455,1785477765029802745,1785477765029740455,1.0,iter55:pp11:edp_ag0:round0:expert_dp_param_allgather:pg=1227,iter55:pp11:edp_ag0:round0:expert_dp_param_allgather:pg=1227:rel-60f910e96691,mock_oisa_scale_1.2,72995586,62290,72933296,72995586,72933296,1785477765102736041,-1,92238,trace_group_end_lag_clamped,1785477765102643803
53251308,181,1785477765034075394,11,1785477765033998265,28572,1785477765087298130,1785477765087326702,edp_ag0,0,2,55,expert_dp_param_allgather:pg=1229,1785477765034075394,0,expert_dp_param_allgather,2,1887436800,same_rank_dp_ag0,10480,1785477765029793570,1785477765029793570,1785477765029716441,1.0,iter55:pp11:edp_ag0:round0:expert_dp_param_allgather:pg=1229,iter55:pp11:edp_ag0:round0:expert_dp_param_allgather:pg=1229:rel-8f2c568100f9,mock_oisa_scale_1.2,63978699,77129,63901570,63978699,63901570,1785477765093695140,-1,28572,trace_group_end_lag_clamped,1785477765093666568
53251308,189,1785477765033998265,11,1785477765033998265,0,1785477765087326702,1785477765087326702,edp_ag0,0,2,55,expert_dp_param_allgather:pg=1229,1785477765034075394,77129,expert_dp_param_allgather,2,1887436800,same_rank_dp_ag0,10400,1785477765029716441,1785477765029793570,1785477765029716441,1.0,iter55:pp11:edp_ag0:round0:expert_dp_param_allgather:pg=1229,iter55:pp11:edp_ag0:round0:expert_dp_param_allgather:pg=1229:rel-8f2c568100f9,mock_oisa_scale_1.2,63978699,77129,63901570,63978699,63901570,1785477765093695140,-1,0,trace_group_end_lag_clamped,1785477765093695140
52856158,182,1785477765034082227,11,1785477765034082227,0,1785477765086948053,1785477765086948053,edp_ag0,0,2,55,expert_dp_param_allgather:pg=1231,1785477765034091895,9668,expert_dp_param_allgather,2,1887436800,same_rank_dp_ag0,10640,1785477765029800403,1785477765029810071,1785477765029800403,1.0,iter55:pp11:edp_ag0:round0:expert_dp_param_allgather:pg=1231,iter55:pp11:edp_ag0:round0:expert_dp_param_allgather:pg=1231:rel-8c87961387df,mock_oisa_scale_1.2,63437058,9668,63427390,63437058,63427390,1785477765093237461,-1,0,trace_group_end_lag_clamped,1785477765093237461
52856158,190,1785477765034091895,11,1785477765034082227,48843,1785477765086899210,1785477765086948053,edp_ag0,0,2,55,expert_dp_param_allgather:pg=1231,1785477765034091895,0,expert_dp_param_allgather,2,1887436800,same_rank_dp_ag0,94401,1785477765029810071,1785477765029810071,1785477765029800403,1.0,iter55:pp11:edp_ag0:round0:expert_dp_param_allgather:pg=1231,iter55:pp11:edp_ag0:round0:expert_dp_param_allgather:pg=1231:rel-8c87961387df,mock_oisa_scale_1.2,63437058,9668,63427390,63437058,63427390,1785477765093237461,-1,48843,trace_group_end_lag_clamped,1785477765093188618
52322033,183,1785477765034085199,11,1785477765034067663,29583,1785477765086377649,1785477765086407232,edp_ag0,0,2,55,expert_dp_param_allgather:pg=1233,1785477765034085199,0,expert_dp_param_allgather,2,1887436800,same_rank_dp_ag0,11304,1785477765029803375,1785477765029803375,1785477765029785839,1.0,iter55:pp11:edp_ag0:round0:expert_dp_param_allgather:pg=1233,iter55:pp11:edp_ag0:round0:expert_dp_param_allgather:pg=1233:rel-7b30f721a471,mock_oisa_scale_1.2,62803976,17536,62786440,62803976,62786440,1785477765092589815,-1,29583,trace_group_end_lag_clamped,1785477765092560232
52322033,191,1785477765034067663,11,1785477765034067663,0,1785477765086407232,1785477765086407232,edp_ag0,0,2,55,expert_dp_param_allgather:pg=1233,1785477765034085199,17536,expert_dp_param_allgather,2,1887436800,same_rank_dp_ag0,12040,1785477765029785839,1785477765029803375,1785477765029785839,1.0,iter55:pp11:edp_ag0:round0:expert_dp_param_allgather:pg=1233,iter55:pp11:edp_ag0:round0:expert_dp_param_allgather:pg=1233:rel-7b30f721a471,mock_oisa_scale_1.2,62803976,17536,62786440,62803976,62786440,1785477765092589815,-1,0,trace_group_end_lag_clamped,1785477765092589815
53755451,176,1785477765189539638,11,1785477765189473104,55275,1785477765243239814,1785477765243295089,edp_ag1,1,2,55,expert_dp_param_allgather:pg=1219,1785477765189539638,0,expert_dp_param_allgather,2,1887436800,same_rank_dp_ag1,97401,1785477765198926092,1785477765198926092,1785477765198859558,1.0,iter55:pp11:edp_ag1:round1:expert_dp_param_allgather:pg=1219,iter55:pp11:edp_ag1:round1:expert_dp_param_allgather:pg=1219:rel-0e5a43378745,mock_oisa_scale_1.2,64573075,66534,64506541,64573075,64506541,1785477765263432633,-1,55275,trace_group_end_lag_clamped,1785477765263377358
53755451,184,1785477765189473104,11,1785477765189473104,0,1785477765243295089,1785477765243295089,edp_ag1,1,2,55,expert_dp_param_allgather:pg=1219,1785477765189539638,66534,expert_dp_param_allgather,2,1887436800,same_rank_dp_ag1,10800,1785477765198859558,1785477765198926092,1785477765198859558,1.0,iter55:pp11:edp_ag1:round1:expert_dp_param_allgather:pg=1219,iter55:pp11:edp_ag1:round1:expert_dp_param_allgather:pg=1219:rel-0e5a43378745,mock_oisa_scale_1.2,64573075,66534,64506541,64573075,64506541,1785477765263432633,-1,0,trace_group_end_lag_clamped,1785477765263432633
57631271,177,1785477765189469132,11,1785477765189469132,0,1785477765247111371,1785477765247111371,edp_ag1,1,2,55,expert_dp_param_allgather:pg=1221,1785477765189480100,10968,expert_dp_param_allgather,2,1887436800,same_rank_dp_ag1,49041,1785477765198855586,1785477765198866554,1785477765198855586,1.0,iter55:pp11:edp_ag1:round1:expert_dp_param_allgather:pg=1221,iter55:pp11:edp_ag1:round1:expert_dp_param_allgather:pg=1221:rel-54f59efe9d4a,mock_oisa_scale_1.2,69168493,10968,69157525,69168493,69157525,1785477765268024079,-1,0,trace_group_end_lag_clamped,1785477765268024079
57631271,185,1785477765189480100,11,1785477765189469132,86542,1785477765247024829,1785477765247111371,edp_ag1,1,2,55,expert_dp_param_allgather:pg=1221,1785477765189480100,0,expert_dp_param_allgather,2,1887436800,same_rank_dp_ag1,11520,1785477765198866554,1785477765198866554,1785477765198855586,1.0,iter55:pp11:edp_ag1:round1:expert_dp_param_allgather:pg=1221,iter55:pp11:edp_ag1:round1:expert_dp_param_allgather:pg=1221:rel-54f59efe9d4a,mock_oisa_scale_1.2,69168493,10968,69157525,69168493,69157525,1785477765268024079,-1,86542,trace_group_end_lag_clamped,1785477765267937537
53638615,178,1785477765189439473,11,1785477765189439473,49738,1785477765243074611,1785477765243124349,edp_ag1,1,2,55,expert_dp_param_allgather:pg=1223,1785477765189485734,46261,expert_dp_param_allgather,2,1887436800,same_rank_dp_ag1,22760,1785477765198825927,1785477765198872188,1785477765198825927,1.0,iter55:pp11:edp_ag1:round1:expert_dp_param_allgather:pg=1223,iter55:pp11:edp_ag1:round1:expert_dp_param_allgather:pg=1223:rel-ad31fb3d0dfd,mock_oisa_scale_1.2,64412599,46261,64366338,64412599,64366338,1785477765263238526,-1,49738,trace_group_end_lag_clamped,1785477765263188788
53638615,186,1785477765189485734,11,1785477765189439473,0,1785477765243124349,1785477765243124349,edp_ag1,1,2,55,expert_dp_param_allgather:pg=1223,1785477765189485734,0,expert_dp_param_allgather,2,1887436800,same_rank_dp_ag1,12320,1785477765198872188,1785477765198872188,1785477765198825927,1.0,iter55:pp11:edp_ag1:round1:expert_dp_param_allgather:pg=1223,iter55:pp11:edp_ag1:round1:expert_dp_param_allgather:pg=1223:rel-ad31fb3d0dfd,mock_oisa_scale_1.2,64412599,46261,64366338,64412599,64366338,1785477765263238526,-1,0,trace_group_end_lag_clamped,1785477765263238526
53192991,179,1785477765189494153,11,1785477765189465205,40209,1785477765242646935,1785477765242687144,edp_ag1,1,2,55,expert_dp_param_allgather:pg=1225,1785477765189494153,0,expert_dp_param_allgather,2,1887436800,same_rank_dp_ag1,11641,1785477765198880607,1785477765198880607,1785477765198851659,1.0,iter55:pp11:edp_ag1:round1:expert_dp_param_allgather:pg=1225,iter55:pp11:edp_ag1:round1:expert_dp_param_allgather:pg=1225:rel-ba0c49292dd4,mock_oisa_scale_1.2,63860537,28948,63831589,63860537,63831589,1785477765262712196,-1,40209,trace_group_end_lag_clamped,1785477765262671987
53192991,187,1785477765189465205,11,1785477765189465205,0,1785477765242687144,1785477765242687144,edp_ag1,1,2,55,expert_dp_param_allgather:pg=1225,1785477765189494153,28948,expert_dp_param_allgather,2,1887436800,same_rank_dp_ag1,11160,1785477765198851659,1785477765198880607,1785477765198851659,1.0,iter55:pp11:edp_ag1:round1:expert_dp_param_allgather:pg=1225,iter55:pp11:edp_ag1:round1:expert_dp_param_allgather:pg=1225:rel-ba0c49292dd4,mock_oisa_scale_1.2,63860537,28948,63831589,63860537,63831589,1785477765262712196,-1,0,trace_group_end_lag_clamped,1785477765262712196
55197674,180,1785477765189500362,11,1785477765189484070,48405,1785477765244649631,1785477765244698036,edp_ag1,1,2,55,expert_dp_param_allgather:pg=1227,1785477765189500362,0,expert_dp_param_allgather,2,1887436800,same_rank_dp_ag1,88800,1785477765198886816,1785477765198886816,1785477765198870524,1.0,iter55:pp11:edp_ag1:round1:expert_dp_param_allgather:pg=1227,iter55:pp11:edp_ag1:round1:expert_dp_param_allgather:pg=1227:rel-8de24ffdd0f1,mock_oisa_scale_1.2,66253501,16292,66237209,66253501,66237209,1785477765265124025,-1,48405,trace_group_end_lag_clamped,1785477765265075620
55197674,188,1785477765189484070,11,1785477765189484070,0,1785477765244698036,1785477765244698036,edp_ag1,1,2,55,expert_dp_param_allgather:pg=1227,1785477765189500362,16292,expert_dp_param_allgather,2,1887436800,same_rank_dp_ag1,11160,1785477765198870524,1785477765198886816,1785477765198870524,1.0,iter55:pp11:edp_ag1:round1:expert_dp_param_allgather:pg=1227,iter55:pp11:edp_ag1:round1:expert_dp_param_allgather:pg=1227:rel-8de24ffdd0f1,mock_oisa_scale_1.2,66253501,16292,66237209,66253501,66237209,1785477765265124025,-1,0,trace_group_end_lag_clamped,1785477765265124025
52171813,181,1785477765189490591,11,1785477765189469426,0,1785477765241662404,1785477765241662404,edp_ag1,1,2,55,expert_dp_param_allgather:pg=1229,1785477765189490591,0,expert_dp_param_allgather,2,1887436800,same_rank_dp_ag1,10640,1785477765198877045,1785477765198877045,1785477765198855880,1.0,iter55:pp11:edp_ag1:round1:expert_dp_param_allgather:pg=1229,iter55:pp11:edp_ag1:round1:expert_dp_param_allgather:pg=1229:rel-73585aff2c32,mock_oisa_scale_1.2,62627341,21165,62606176,62627341,62606176,1785477765261483221,-1,0,trace_group_end_lag_clamped,1785477765261483221
52171813,189,1785477765189469426,11,1785477765189469426,46859,1785477765241615545,1785477765241662404,edp_ag1,1,2,55,expert_dp_param_allgather:pg=1229,1785477765189490591,21165,expert_dp_param_allgather,2,1887436800,same_rank_dp_ag1,11160,1785477765198855880,1785477765198877045,1785477765198855880,1.0,iter55:pp11:edp_ag1:round1:expert_dp_param_allgather:pg=1229,iter55:pp11:edp_ag1:round1:expert_dp_param_allgather:pg=1229:rel-73585aff2c32,mock_oisa_scale_1.2,62627341,21165,62606176,62627341,62606176,1785477765261483221,-1,46859,trace_group_end_lag_clamped,1785477765261436362
54557401,182,1785477765189465813,11,1785477765189451273,0,1785477765244023214,1785477765244023214,edp_ag1,1,2,55,expert_dp_param_allgather:pg=1231,1785477765189465813,0,expert_dp_param_allgather,2,1887436800,same_rank_dp_ag1,10825,1785477765198852267,1785477765198852267,1785477765198837727,1.0,iter55:pp11:edp_ag1:round1:expert_dp_param_allgather:pg=1231,iter55:pp11:edp_ag1:round1:expert_dp_param_allgather:pg=1231:rel-5395b79215ac,mock_oisa_scale_1.2,65483421,14540,65468881,65483421,65468881,1785477765264321148,-1,0,trace_group_end_lag_clamped,1785477765264321148
54557401,190,1785477765189451273,11,1785477765189451273,40902,1785477765243982312,1785477765244023214,edp_ag1,1,2,55,expert_dp_param_allgather:pg=1231,1785477765189465813,14540,expert_dp_param_allgather,2,1887436800,same_rank_dp_ag1,10720,1785477765198837727,1785477765198852267,1785477765198837727,1.0,iter55:pp11:edp_ag1:round1:expert_dp_param_allgather:pg=1231,iter55:pp11:edp_ag1:round1:expert_dp_param_allgather:pg=1231:rel-5395b79215ac,mock_oisa_scale_1.2,65483421,14540,65468881,65483421,65468881,1785477765264321148,-1,40902,trace_group_end_lag_clamped,1785477765264280246
54292220,183,1785477765189486665,11,1785477765189486665,0,1785477765243822398,1785477765243822398,edp_ag1,1,2,55,expert_dp_param_allgather:pg=1233,1785477765189530178,43513,expert_dp_param_allgather,2,1887436800,same_rank_dp_ag1,11120,1785477765198873119,1785477765198916632,1785477765198873119,1.0,iter55:pp11:edp_ag1:round1:expert_dp_param_allgather:pg=1233,iter55:pp11:edp_ag1:round1:expert_dp_param_allgather:pg=1233:rel-89befdd17e6d,mock_oisa_scale_1.2,65194177,43513,65150664,65194177,65150664,1785477765264067296,-1,0,trace_group_end_lag_clamped,1785477765264067296
54292220,191,1785477765189530178,11,1785477765189486665,29379,1785477765243793019,1785477765243822398,edp_ag1,1,2,55,expert_dp_param_allgather:pg=1233,1785477765189530178,0,expert_dp_param_allgather,2,1887436800,same_rank_dp_ag1,67480,1785477765198916632,1785477765198916632,1785477765198873119,1.0,iter55:pp11:edp_ag1:round1:expert_dp_param_allgather:pg=1233,iter55:pp11:edp_ag1:round1:expert_dp_param_allgather:pg=1233:rel-89befdd17e6d,mock_oisa_scale_1.2,65194177,43513,65150664,65194177,65150664,1785477765264067296,-1,29379,trace_group_end_lag_clamped,1785477765264037917
218621097,176,1785477756529888249,11,1785477756529624760,0,1785477756748509346,1785477756748509346,edp_rs,0,2,55,expert_dp_grad_reduce_scatter:pg=1219,1785477756529888249,0,expert_dp_grad_reduce_scatter,2,7549747200,same_rank_dp_rs,17886136,1785477756515489129,1785477756515489129,1785477756515225640,1.0,iter55:pp11:edp_rs:round0:expert_dp_grad_reduce_scatter:pg=1219,iter55:pp11:edp_rs:round0:expert_dp_grad_reduce_scatter:pg=1219:rel-0e021fe6ee9a,mock_oisa_scale_1.2,262608805,263489,262345316,262608805,262345316,1785477756777834445,-1,0,trace_group_end_lag_clamped,1785477756777834445
218621097,184,1785477756529624760,11,1785477756529624760,67674,1785477756748441672,1785477756748509346,edp_rs,0,2,55,expert_dp_grad_reduce_scatter:pg=1219,1785477756529888249,263489,expert_dp_grad_reduce_scatter,2,7549747200,same_rank_dp_rs,17587005,1785477756515225640,1785477756515489129,1785477756515225640,1.0,iter55:pp11:edp_rs:round0:expert_dp_grad_reduce_scatter:pg=1219,iter55:pp11:edp_rs:round0:expert_dp_grad_reduce_scatter:pg=1219:rel-0e021fe6ee9a,mock_oisa_scale_1.2,262608805,263489,262345316,262608805,262345316,1785477756777834445,-1,67674,trace_group_end_lag_clamped,1785477756777766771
208904620,177,1785477756529745274,11,1785477756529726543,0,1785477756738649894,1785477756738649894,edp_rs,0,2,55,expert_dp_grad_reduce_scatter:pg=1221,1785477756529745274,0,expert_dp_grad_reduce_scatter,2,7549747200,same_rank_dp_rs,17633153,1785477756515346154,1785477756515346154,1785477756515327423,1.0,iter55:pp11:edp_rs:round0:expert_dp_grad_reduce_scatter:pg=1221,iter55:pp11:edp_rs:round0:expert_dp_grad_reduce_scatter:pg=1221:rel-472d047eb652,mock_oisa_scale_1.2,250704275,18731,250685544,250704275,250685544,1785477756766031698,-1,0,trace_group_end_lag_clamped,1785477756766031698
208904620,185,1785477756529726543,11,1785477756529726543,67147,1785477756738582747,1785477756738649894,edp_rs,0,2,55,expert_dp_grad_reduce_scatter:pg=1221,1785477756529745274,18731,expert_dp_grad_reduce_scatter,2,7549747200,same_rank_dp_rs,17744643,1785477756515327423,1785477756515346154,1785477756515327423,1.0,iter55:pp11:edp_rs:round0:expert_dp_grad_reduce_scatter:pg=1221,iter55:pp11:edp_rs:round0:expert_dp_grad_reduce_scatter:pg=1221:rel-472d047eb652,mock_oisa_scale_1.2,250704275,18731,250685544,250704275,250685544,1785477756766031698,-1,67147,trace_group_end_lag_clamped,1785477756765964551
214515926,178,1785477756529614471,11,1785477756529462776,91624,1785477756744038773,1785477756744130397,edp_rs,0,2,55,expert_dp_grad_reduce_scatter:pg=1223,1785477756529614471,0,expert_dp_grad_reduce_scatter,2,7549747200,same_rank_dp_rs,17574444,1785477756515215351,1785477756515215351,1785477756515063656,1.0,iter55:pp11:edp_rs:round0:expert_dp_grad_reduce_scatter:pg=1223,iter55:pp11:edp_rs:round0:expert_dp_grad_reduce_scatter:pg=1223:rel-d7d72beb017b,mock_oisa_scale_1.2,257570806,151695,257419111,257570806,257419111,1785477756772634462,-1,91624,trace_group_end_lag_clamped,1785477756772542838
214515926,186,1785477756529462776,11,1785477756529462776,0,1785477756744130397,1785477756744130397,edp_rs,0,2,55,expert_dp_grad_reduce_scatter:pg=1223,1785477756529614471,151695,expert_dp_grad_reduce_scatter,2,7549747200,same_rank_dp_rs,17476766,1785477756515063656,1785477756515215351,1785477756515063656,1.0,iter55:pp11:edp_rs:round0:expert_dp_grad_reduce_scatter:pg=1223,iter55:pp11:edp_rs:round0:expert_dp_grad_reduce_scatter:pg=1223:rel-d7d72beb017b,mock_oisa_scale_1.2,257570806,151695,257419111,257570806,257419111,1785477756772634462,-1,0,trace_group_end_lag_clamped,1785477756772634462
211561721,179,1785477756529450709,11,1785477756529450709,57437,1785477756741439446,1785477756741496883,edp_rs,0,2,55,expert_dp_grad_reduce_scatter:pg=1225,1785477756529935162,484453,expert_dp_grad_reduce_scatter,2,7549747200,same_rank_dp_rs,17378125,1785477756515051589,1785477756515536042,1785477756515051589,1.0,iter55:pp11:edp_rs:round0:expert_dp_grad_reduce_scatter:pg=1225,iter55:pp11:edp_rs:round0:expert_dp_grad_reduce_scatter:pg=1225:rel-85f206a67b4e,mock_oisa_scale_1.2,254358518,484453,253874065,254358518,253874065,1785477756769410107,-1,57437,trace_group_end_lag_clamped,1785477756769352670
211561721,187,1785477756529935162,11,1785477756529450709,0,1785477756741496883,1785477756741496883,edp_rs,0,2,55,expert_dp_grad_reduce_scatter:pg=1225,1785477756529935162,0,expert_dp_grad_reduce_scatter,2,7549747200,same_rank_dp_rs,17866418,1785477756515536042,1785477756515536042,1785477756515051589,1.0,iter55:pp11:edp_rs:round0:expert_dp_grad_reduce_scatter:pg=1225,iter55:pp11:edp_rs:round0:expert_dp_grad_reduce_scatter:pg=1225:rel-85f206a67b4e,mock_oisa_scale_1.2,254358518,484453,253874065,254358518,253874065,1785477756769410107,-1,0,trace_group_end_lag_clamped,1785477756769410107
209739525,180,1785477756529784146,11,1785477756529784146,0,1785477756739744405,1785477756739744405,edp_rs,0,2,55,expert_dp_grad_reduce_scatter:pg=1227,1785477756530004880,220734,expert_dp_grad_reduce_scatter,2,7549747200,same_rank_dp_rs,17709167,1785477756515385026,1785477756515605760,1785477756515385026,1.0,iter55:pp11:edp_rs:round0:expert_dp_grad_reduce_scatter:pg=1227,iter55:pp11:edp_rs:round0:expert_dp_grad_reduce_scatter:pg=1227:rel-7dc47a22a2db,mock_oisa_scale_1.2,251908164,220734,251687430,251908164,251687430,1785477756767293190,-1,0,trace_group_end_lag_clamped,1785477756767293190
209739525,188,1785477756530004880,11,1785477756529784146,83410,1785477756739660995,1785477756739744405,edp_rs,0,2,55,expert_dp_grad_reduce_scatter:pg=1227,1785477756530004880,0,expert_dp_grad_reduce_scatter,2,7549747200,same_rank_dp_rs,17957335,1785477756515605760,1785477756515605760,1785477756515385026,1.0,iter55:pp11:edp_rs:round0:expert_dp_grad_reduce_scatter:pg=1227,iter55:pp11:edp_rs:round0:expert_dp_grad_reduce_scatter:pg=1227:rel-7dc47a22a2db,mock_oisa_scale_1.2,251908164,220734,251687430,251908164,251687430,1785477756767293190,-1,83410,trace_group_end_lag_clamped,1785477756767209780
210377521,181,1785477756529584899,11,1785477756529551925,71745,1785477756739890675,1785477756739962420,edp_rs,0,2,55,expert_dp_grad_reduce_scatter:pg=1229,1785477756529584899,0,expert_dp_grad_reduce_scatter,2,7549747200,same_rank_dp_rs,17571681,1785477756515185779,1785477756515185779,1785477756515152805,1.0,iter55:pp11:edp_rs:round0:expert_dp_grad_reduce_scatter:pg=1229,iter55:pp11:edp_rs:round0:expert_dp_grad_reduce_scatter:pg=1229:rel-ce0db716bc7d,mock_oisa_scale_1.2,252485999,32974,252453025,252485999,252453025,1785477756767638804,-1,71745,trace_group_end_lag_clamped,1785477756767567059
210377521,189,1785477756529551925,11,1785477756529551925,0,1785477756739962420,1785477756739962420,edp_rs,0,2,55,expert_dp_grad_reduce_scatter:pg=1229,1785477756529584899,32974,expert_dp_grad_reduce_scatter,2,7549747200,same_rank_dp_rs,17543318,1785477756515152805,1785477756515185779,1785477756515152805,1.0,iter55:pp11:edp_rs:round0:expert_dp_grad_reduce_scatter:pg=1229,iter55:pp11:edp_rs:round0:expert_dp_grad_reduce_scatter:pg=1229:rel-ce0db716bc7d,mock_oisa_scale_1.2,252485999,32974,252453025,252485999,252453025,1785477756767638804,-1,0,trace_group_end_lag_clamped,1785477756767638804
212477593,182,1785477756529812124,11,1785477756529647534,0,1785477756742289717,1785477756742289717,edp_rs,0,2,55,expert_dp_grad_reduce_scatter:pg=1231,1785477756529812124,0,expert_dp_grad_reduce_scatter,2,7549747200,same_rank_dp_rs,17781223,1785477756515413004,1785477756515413004,1785477756515248414,1.0,iter55:pp11:edp_rs:round0:expert_dp_grad_reduce_scatter:pg=1231,iter55:pp11:edp_rs:round0:expert_dp_grad_reduce_scatter:pg=1231:rel-9d5a7ec41342,mock_oisa_scale_1.2,255137702,164590,254973112,255137702,254973112,1785477756770386116,-1,0,trace_group_end_lag_clamped,1785477756770386116
212477593,190,1785477756529647534,11,1785477756529647534,81710,1785477756742208007,1785477756742289717,edp_rs,0,2,55,expert_dp_grad_reduce_scatter:pg=1231,1785477756529812124,164590,expert_dp_grad_reduce_scatter,2,7549747200,same_rank_dp_rs,17544159,1785477756515248414,1785477756515413004,1785477756515248414,1.0,iter55:pp11:edp_rs:round0:expert_dp_grad_reduce_scatter:pg=1231,iter55:pp11:edp_rs:round0:expert_dp_grad_reduce_scatter:pg=1231:rel-9d5a7ec41342,mock_oisa_scale_1.2,255137702,164590,254973112,255137702,254973112,1785477756770386116,-1,81710,trace_group_end_lag_clamped,1785477756770304406
212257642,183,1785477756529764070,11,1785477756529764070,88045,1785477756742126534,1785477756742214579,edp_rs,0,2,55,expert_dp_grad_reduce_scatter:pg=1233,1785477756529956937,192867,expert_dp_grad_reduce_scatter,2,7549747200,same_rank_dp_rs,17656349,1785477756515364950,1785477756515557817,1785477756515364950,1.0,iter55:pp11:edp_rs:round0:expert_dp_grad_reduce_scatter:pg=1233,iter55:pp11:edp_rs:round0:expert_dp_grad_reduce_scatter:pg=1233:rel-3aefa0c2bf46,mock_oisa_scale_1.2,254902037,192867,254709170,254902037,254709170,1785477756770266987,-1,88045,trace_group_end_lag_clamped,1785477756770178942
212257642,191,1785477756529956937,11,1785477756529764070,0,1785477756742214579,1785477756742214579,edp_rs,0,2,55,expert_dp_grad_reduce_scatter:pg=1233,1785477756529956937,0,expert_dp_grad_reduce_scatter,2,7549747200,same_rank_dp_rs,17852519,1785477756515557817,1785477756515557817,1785477756515364950,1.0,iter55:pp11:edp_rs:round0:expert_dp_grad_reduce_scatter:pg=1233,iter55:pp11:edp_rs:round0:expert_dp_grad_reduce_scatter:pg=1233:rel-3aefa0c2bf46,mock_oisa_scale_1.2,254902037,192867,254709170,254902037,254709170,1785477756770266987,-1,0,trace_group_end_lag_clamped,1785477756770266987
7686392,192,1785477765025555762,12,1785477765025498121,4577,1785477765034075993,1785477765034080570,dp_ag0,0,16,55,dp_param_allgather:pg=25,1785477765026394178,838416,dp_param_allgather,16,98621440,world_rs_done,28879505,1785477765019739439,1785477765020577855,1785477765019681798,1.0,iter55:pp12:dp_ag0:round0:dp_param_allgather:pg=25,iter55:pp12:dp_ag0:round0:dp_param_allgather:pg=25:rel-398d10393c4d,mock_oisa_scale_1.2,10119727,896057,9223670,10119727,9223670,1785477765029801525,-1,4577,trace_group_end_lag_clamped,1785477765029796948
7686392,193,1785477765025818904,12,1785477765025498121,496,1785477765034080074,1785477765034080570,dp_ag0,0,16,55,dp_param_allgather:pg=25,1785477765026394178,575274,dp_param_allgather,16,98621440,world_rs_done,29142647,1785477765020002581,1785477765020577855,1785477765019681798,1.0,iter55:pp12:dp_ag0:round0:dp_param_allgather:pg=25,iter55:pp12:dp_ag0:round0:dp_param_allgather:pg=25:rel-398d10393c4d,mock_oisa_scale_1.2,10119727,896057,9223670,10119727,9223670,1785477765029801525,-1,496,trace_group_end_lag_clamped,1785477765029801029
7686392,194,1785477765026149791,12,1785477765025498121,30699,1785477765034049871,1785477765034080570,dp_ag0,0,16,55,dp_param_allgather:pg=25,1785477765026394178,244387,dp_param_allgather,16,98621440,world_rs_done,29473534,1785477765020333468,1785477765020577855,1785477765019681798,1.0,iter55:pp12:dp_ag0:round0:dp_param_allgather:pg=25,iter55:pp12:dp_ag0:round0:dp_param_allgather:pg=25:rel-398d10393c4d,mock_oisa_scale_1.2,10119727,896057,9223670,10119727,9223670,1785477765029801525,-1,30699,trace_group_end_lag_clamped,1785477765029770826
7686392,195,1785477765026285844,12,1785477765025498121,0,1785477765034080570,1785477765034080570,dp_ag0,0,16,55,dp_param_allgather:pg=25,1785477765026394178,108334,dp_param_allgather,16,98621440,world_rs_done,29609587,1785477765020469521,1785477765020577855,1785477765019681798,1.0,iter55:pp12:dp_ag0:round0:dp_param_allgather:pg=25,iter55:pp12:dp_ag0:round0:dp_param_allgather:pg=25:rel-398d10393c4d,mock_oisa_scale_1.2,10119727,896057,9223670,10119727,9223670,1785477765029801525,-1,0,trace_group_end_lag_clamped,1785477765029801525
7686392,196,1785477765025958908,12,1785477765025498121,1800,1785477765034078770,1785477765034080570,dp_ag0,0,16,55,dp_param_allgather:pg=25,1785477765026394178,435270,dp_param_allgather,16,98621440,world_rs_done,29282651,1785477765020142585,1785477765020577855,1785477765019681798,1.0,iter55:pp12:dp_ag0:round0:dp_param_allgather:pg=25,iter55:pp12:dp_ag0:round0:dp_param_allgather:pg=25:rel-398d10393c4d,mock_oisa_scale_1.2,10119727,896057,9223670,10119727,9223670,1785477765029801525,-1,1800,trace_group_end_lag_clamped,1785477765029799725
7686392,197,1785477765025498121,12,1785477765025498121,58220,1785477765034022350,1785477765034080570,dp_ag0,0,16,55,dp_param_allgather:pg=25,1785477765026394178,896057,dp_param_allgather,16,98621440,world_rs_done,28821864,1785477765019681798,1785477765020577855,1785477765019681798,1.0,iter55:pp12:dp_ag0:round0:dp_param_allgather:pg=25,iter55:pp12:dp_ag0:round0:dp_param_allgather:pg=25:rel-398d10393c4d,mock_oisa_scale_1.2,10119727,896057,9223670,10119727,9223670,1785477765029801525,-1,58220,trace_group_end_lag_clamped,1785477765029743305
7686392,198,1785477765025535895,12,1785477765025498121,44561,1785477765034036009,1785477765034080570,dp_ag0,0,16,55,dp_param_allgather:pg=25,1785477765026394178,858283,dp_param_allgather,16,98621440,world_rs_done,28859638,1785477765019719572,1785477765020577855,1785477765019681798,1.0,iter55:pp12:dp_ag0:round0:dp_param_allgather:pg=25,iter55:pp12:dp_ag0:round0:dp_param_allgather:pg=25:rel-398d10393c4d,mock_oisa_scale_1.2,10119727,896057,9223670,10119727,9223670,1785477765029801525,-1,44561,trace_group_end_lag_clamped,1785477765029756964
7686392,199,1785477765026394178,12,1785477765025498121,7863,1785477765034072707,1785477765034080570,dp_ag0,0,16,55,dp_param_allgather:pg=25,1785477765026394178,0,dp_param_allgather,16,98621440,world_rs_done,29717921,1785477765020577855,1785477765020577855,1785477765019681798,1.0,iter55:pp12:dp_ag0:round0:dp_param_allgather:pg=25,iter55:pp12:dp_ag0:round0:dp_param_allgather:pg=25:rel-398d10393c4d,mock_oisa_scale_1.2,10119727,896057,9223670,10119727,9223670,1785477765029801525,-1,7863,trace_group_end_lag_clamped,1785477765029793662
7686392,200,1785477765025915451,12,1785477765025498121,45599,1785477765034034971,1785477765034080570,dp_ag0,0,16,55,dp_param_allgather:pg=25,1785477765026394178,478727,dp_param_allgather,16,98621440,world_rs_done,29239194,1785477765020099128,1785477765020577855,1785477765019681798,1.0,iter55:pp12:dp_ag0:round0:dp_param_allgather:pg=25,iter55:pp12:dp_ag0:round0:dp_param_allgather:pg=25:rel-398d10393c4d,mock_oisa_scale_1.2,10119727,896057,9223670,10119727,9223670,1785477765029801525,-1,45599,trace_group_end_lag_clamped,1785477765029755926
7686392,201,1785477765025583261,12,1785477765025498121,32112,1785477765034048458,1785477765034080570,dp_ag0,0,16,55,dp_param_allgather:pg=25,1785477765026394178,810917,dp_param_allgather,16,98621440,world_rs_done,28907004,1785477765019766938,1785477765020577855,1785477765019681798,1.0,iter55:pp12:dp_ag0:round0:dp_param_allgather:pg=25,iter55:pp12:dp_ag0:round0:dp_param_allgather:pg=25:rel-398d10393c4d,mock_oisa_scale_1.2,10119727,896057,9223670,10119727,9223670,1785477765029801525,-1,32112,trace_group_end_lag_clamped,1785477765029769413
7686392,202,1785477765025848485,12,1785477765025498121,86934,1785477765033993636,1785477765034080570,dp_ag0,0,16,55,dp_param_allgather:pg=25,1785477765026394178,545693,dp_param_allgather,16,98621440,world_rs_done,29172228,1785477765020032162,1785477765020577855,1785477765019681798,1.0,iter55:pp12:dp_ag0:round0:dp_param_allgather:pg=25,iter55:pp12:dp_ag0:round0:dp_param_allgather:pg=25:rel-398d10393c4d,mock_oisa_scale_1.2,10119727,896057,9223670,10119727,9223670,1785477765029801525,-1,86934,trace_group_end_lag_clamped,1785477765029714591
7686392,203,1785477765025643549,12,1785477765025498121,46951,1785477765034033619,1785477765034080570,dp_ag0,0,16,55,dp_param_allgather:pg=25,1785477765026394178,750629,dp_param_allgather,16,98621440,world_rs_done,28967292,1785477765019827226,1785477765020577855,1785477765019681798,1.0,iter55:pp12:dp_ag0:round0:dp_param_allgather:pg=25,iter55:pp12:dp_ag0:round0:dp_param_allgather:pg=25:rel-398d10393c4d,mock_oisa_scale_1.2,10119727,896057,9223670,10119727,9223670,1785477765029801525,-1,46951,trace_group_end_lag_clamped,1785477765029754574
7686392,204,1785477765025809758,12,1785477765025498121,74926,1785477765034005644,1785477765034080570,dp_ag0,0,16,55,dp_param_allgather:pg=25,1785477765026394178,584420,dp_param_allgather,16,98621440,world_rs_done,29133501,1785477765019993435,1785477765020577855,1785477765019681798,1.0,iter55:pp12:dp_ag0:round0:dp_param_allgather:pg=25,iter55:pp12:dp_ag0:round0:dp_param_allgather:pg=25:rel-398d10393c4d,mock_oisa_scale_1.2,10119727,896057,9223670,10119727,9223670,1785477765029801525,-1,74926,trace_group_end_lag_clamped,1785477765029726599
7686392,205,1785477765025960623,12,1785477765025498121,20868,1785477765034059702,1785477765034080570,dp_ag0,0,16,55,dp_param_allgather:pg=25,1785477765026394178,433555,dp_param_allgather,16,98621440,world_rs_done,29284366,1785477765020144300,1785477765020577855,1785477765019681798,1.0,iter55:pp12:dp_ag0:round0:dp_param_allgather:pg=25,iter55:pp12:dp_ag0:round0:dp_param_allgather:pg=25:rel-398d10393c4d,mock_oisa_scale_1.2,10119727,896057,9223670,10119727,9223670,1785477765029801525,-1,20868,trace_group_end_lag_clamped,1785477765029780657
7686392,206,1785477765025838896,12,1785477765025498121,52771,1785477765034027799,1785477765034080570,dp_ag0,0,16,55,dp_param_allgather:pg=25,1785477765026394178,555282,dp_param_allgather,16,98621440,world_rs_done,29162639,1785477765020022573,1785477765020577855,1785477765019681798,1.0,iter55:pp12:dp_ag0:round0:dp_param_allgather:pg=25,iter55:pp12:dp_ag0:round0:dp_param_allgather:pg=25:rel-398d10393c4d,mock_oisa_scale_1.2,10119727,896057,9223670,10119727,9223670,1785477765029801525,-1,52771,trace_group_end_lag_clamped,1785477765029748754
7686392,207,1785477765025901224,12,1785477765025498121,14384,1785477765034066186,1785477765034080570,dp_ag0,0,16,55,dp_param_allgather:pg=25,1785477765026394178,492954,dp_param_allgather,16,98621440,world_rs_done,29224967,1785477765020084901,1785477765020577855,1785477765019681798,1.0,iter55:pp12:dp_ag0:round0:dp_param_allgather:pg=25,iter55:pp12:dp_ag0:round0:dp_param_allgather:pg=25:rel-398d10393c4d,mock_oisa_scale_1.2,10119727,896057,9223670,10119727,9223670,1785477765029801525,-1,14384,trace_group_end_lag_clamped,1785477765029787141
7407673,192,1785477765175519562,12,1785477765174848195,9013,1785477765186298271,1785477765186307284,dp_ag1,1,16,55,dp_param_allgather:pg=25,1785477765178899611,3380049,dp_param_allgather,16,98621440,same_rank_edp_ag0,87400506,1785477765182053977,1785477765185977108,1785477765181152582,1.0,iter55:pp12:dp_ag1:round1:dp_param_allgather:pg=25,iter55:pp12:dp_ag1:round1:dp_param_allgather:pg=25:rel-b7a4e66b45a6,mock_oisa_scale_1.2,13713734,4824526,8889208,13713734,8889208,1785477765194866316,-1,9013,trace_group_end_lag_clamped,1785477765194857303
7407673,193,1785477765178899611,12,1785477765174848195,1544,1785477765186305740,1785477765186307284,dp_ag1,1,16,55,dp_param_allgather:pg=25,1785477765178899611,0,dp_param_allgather,16,98621440,same_rank_edp_ag0,88098148,1785477765185977108,1785477765185977108,1785477765181152582,1.0,iter55:pp12:dp_ag1:round1:dp_param_allgather:pg=25,iter55:pp12:dp_ag1:round1:dp_param_allgather:pg=25:rel-b7a4e66b45a6,mock_oisa_scale_1.2,13713734,4824526,8889208,13713734,8889208,1785477765194866316,-1,1544,trace_group_end_lag_clamped,1785477765194864772
7407673,194,1785477765176221741,12,1785477765174848195,11904,1785477765186295380,1785477765186307284,dp_ag1,1,16,55,dp_param_allgather:pg=25,1785477765178899611,2677870,dp_param_allgather,16,98621440,same_rank_edp_ag0,87334034,1785477765182925195,1785477765185977108,1785477765181152582,1.0,iter55:pp12:dp_ag1:round1:dp_param_allgather:pg=25,iter55:pp12:dp_ag1:round1:dp_param_allgather:pg=25:rel-b7a4e66b45a6,mock_oisa_scale_1.2,13713734,4824526,8889208,13713734,8889208,1785477765194866316,-1,11904,trace_group_end_lag_clamped,1785477765194854412
7407673,195,1785477765174848195,12,1785477765174848195,0,1785477765186307284,1785477765186307284,dp_ag1,1,16,55,dp_param_allgather:pg=25,1785477765178899611,4051416,dp_param_allgather,16,98621440,same_rank_edp_ag0,87839906,1785477765181152582,1785477765185977108,1785477765181152582,1.0,iter55:pp12:dp_ag1:round1:dp_param_allgather:pg=25,iter55:pp12:dp_ag1:round1:dp_param_allgather:pg=25:rel-b7a4e66b45a6,mock_oisa_scale_1.2,13713734,4824526,8889208,13713734,8889208,1785477765194866316,-1,0,trace_group_end_lag_clamped,1785477765194866316
7407673,196,1785477765176487515,12,1785477765174848195,56142,1785477765186251142,1785477765186307284,dp_ag1,1,16,55,dp_param_allgather:pg=25,1785477765178899611,2412096,dp_param_allgather,16,98621440,same_rank_edp_ag0,87942398,1785477765183112267,1785477765185977108,1785477765181152582,1.0,iter55:pp12:dp_ag1:round1:dp_param_allgather:pg=25,iter55:pp12:dp_ag1:round1:dp_param_allgather:pg=25:rel-b7a4e66b45a6,mock_oisa_scale_1.2,13713734,4824526,8889208,13713734,8889208,1785477765194866316,-1,56142,trace_group_end_lag_clamped,1785477765194810174
7407673,197,1785477765176083394,12,1785477765174848195,15376,1785477765186291908,1785477765186307284,dp_ag1,1,16,55,dp_param_allgather:pg=25,1785477765178899611,2816217,dp_param_allgather,16,98621440,same_rank_edp_ag0,87796699,1785477765182645196,1785477765185977108,1785477765181152582,1.0,iter55:pp12:dp_ag1:round1:dp_param_allgather:pg=25,iter55:pp12:dp_ag1:round1:dp_param_allgather:pg=25:rel-b7a4e66b45a6,mock_oisa_scale_1.2,13713734,4824526,8889208,13713734,8889208,1785477765194866316,-1,15376,trace_group_end_lag_clamped,1785477765194850940
7407673,198,1785477765175759414,12,1785477765174848195,3388,1785477765186303896,1785477765186307284,dp_ag1,1,16,55,dp_param_allgather:pg=25,1785477765178899611,3140197,dp_param_allgather,16,98621440,same_rank_edp_ag0,87641310,1785477765182294556,1785477765185977108,1785477765181152582,1.0,iter55:pp12:dp_ag1:round1:dp_param_allgather:pg=25,iter55:pp12:dp_ag1:round1:dp_param_allgather:pg=25:rel-b7a4e66b45a6,mock_oisa_scale_1.2,13713734,4824526,8889208,13713734,8889208,1785477765194866316,-1,3388,trace_group_end_lag_clamped,1785477765194862928
7407673,199,1785477765177224542,12,1785477765174848195,1372,1785477765186305912,1785477765186307284,dp_ag1,1,16,55,dp_param_allgather:pg=25,1785477765178899611,1675069,dp_param_allgather,16,98621440,same_rank_edp_ag0,86974694,1785477765184192346,1785477765185977108,1785477765181152582,1.0,iter55:pp12:dp_ag1:round1:dp_param_allgather:pg=25,iter55:pp12:dp_ag1:round1:dp_param_allgather:pg=25:rel-b7a4e66b45a6,mock_oisa_scale_1.2,13713734,4824526,8889208,13713734,8889208,1785477765194866316,-1,1372,trace_group_end_lag_clamped,1785477765194864944
7407673,200,1785477765175749216,12,1785477765174848195,34867,1785477765186272417,1785477765186307284,dp_ag1,1,16,55,dp_param_allgather:pg=25,1785477765178899611,3150395,dp_param_allgather,16,98621440,same_rank_edp_ag0,87588283,1785477765182283631,1785477765185977108,1785477765181152582,1.0,iter55:pp12:dp_ag1:round1:dp_param_allgather:pg=25,iter55:pp12:dp_ag1:round1:dp_param_allgather:pg=25:rel-b7a4e66b45a6,mock_oisa_scale_1.2,13713734,4824526,8889208,13713734,8889208,1785477765194866316,-1,34867,trace_group_end_lag_clamped,1785477765194831449
7407673,201,1785477765178592290,12,1785477765174848195,33520,1785477765186273764,1785477765186307284,dp_ag1,1,16,55,dp_param_allgather:pg=25,1785477765178899611,307321,dp_param_allgather,16,98621440,same_rank_edp_ag0,87716224,1785477765185669787,1785477765185977108,1785477765181152582,1.0,iter55:pp12:dp_ag1:round1:dp_param_allgather:pg=25,iter55:pp12:dp_ag1:round1:dp_param_allgather:pg=25:rel-b7a4e66b45a6,mock_oisa_scale_1.2,13713734,4824526,8889208,13713734,8889208,1785477765194866316,-1,33520,trace_group_end_lag_clamped,1785477765194832796
7407673,202,1785477765176785975,12,1785477765174848195,12633,1785477765186294651,1785477765186307284,dp_ag1,1,16,55,dp_param_allgather:pg=25,1785477765178899611,2113636,dp_param_allgather,16,98621440,same_rank_edp_ag0,87812451,1785477765183489429,1785477765185977108,1785477765181152582,1.0,iter55:pp12:dp_ag1:round1:dp_param_allgather:pg=25,iter55:pp12:dp_ag1:round1:dp_param_allgather:pg=25:rel-b7a4e66b45a6,mock_oisa_scale_1.2,13713734,4824526,8889208,13713734,8889208,1785477765194866316,-1,12633,trace_group_end_lag_clamped,1785477765194853683
7407673,203,1785477765174948243,12,1785477765174848195,23241,1785477765186284043,1785477765186307284,dp_ag1,1,16,55,dp_param_allgather:pg=25,1785477765178899611,3951368,dp_param_allgather,16,98621440,same_rank_edp_ag0,87943955,1785477765181252630,1785477765185977108,1785477765181152582,1.0,iter55:pp12:dp_ag1:round1:dp_param_allgather:pg=25,iter55:pp12:dp_ag1:round1:dp_param_allgather:pg=25:rel-b7a4e66b45a6,mock_oisa_scale_1.2,13713734,4824526,8889208,13713734,8889208,1785477765194866316,-1,23241,trace_group_end_lag_clamped,1785477765194843075
7407673,204,1785477765175627420,12,1785477765174848195,15257,1785477765186292027,1785477765186307284,dp_ag1,1,16,55,dp_param_allgather:pg=25,1785477765178899611,3272191,dp_param_allgather,16,98621440,same_rank_edp_ag0,87018823,1785477765182252172,1785477765185977108,1785477765181152582,1.0,iter55:pp12:dp_ag1:round1:dp_param_allgather:pg=25,iter55:pp12:dp_ag1:round1:dp_param_allgather:pg=25:rel-b7a4e66b45a6,mock_oisa_scale_1.2,13713734,4824526,8889208,13713734,8889208,1785477765194866316,-1,15257,trace_group_end_lag_clamped,1785477765194851059
7407673,205,1785477765175903363,12,1785477765174848195,40283,1785477765186267001,1785477765186307284,dp_ag1,1,16,55,dp_param_allgather:pg=25,1785477765178899611,2996248,dp_param_allgather,16,98621440,same_rank_edp_ag0,87617068,1785477765182465165,1785477765185977108,1785477765181152582,1.0,iter55:pp12:dp_ag1:round1:dp_param_allgather:pg=25,iter55:pp12:dp_ag1:round1:dp_param_allgather:pg=25:rel-b7a4e66b45a6,mock_oisa_scale_1.2,13713734,4824526,8889208,13713734,8889208,1785477765194866316,-1,40283,trace_group_end_lag_clamped,1785477765194826033
7407673,206,1785477765175483351,12,1785477765174848195,19702,1785477765186287582,1785477765186307284,dp_ag1,1,16,55,dp_param_allgather:pg=25,1785477765178899611,3416260,dp_param_allgather,16,98621440,same_rank_edp_ag0,87400483,1785477765182018493,1785477765185977108,1785477765181152582,1.0,iter55:pp12:dp_ag1:round1:dp_param_allgather:pg=25,iter55:pp12:dp_ag1:round1:dp_param_allgather:pg=25:rel-b7a4e66b45a6,mock_oisa_scale_1.2,13713734,4824526,8889208,13713734,8889208,1785477765194866316,-1,19702,trace_group_end_lag_clamped,1785477765194846614
7407673,207,1785477765178583357,12,1785477765174848195,13610,1785477765186293674,1785477765186307284,dp_ag1,1,16,55,dp_param_allgather:pg=25,1785477765178899611,316254,dp_param_allgather,16,98621440,same_rank_edp_ag0,88263084,1785477765185551161,1785477765185977108,1785477765181152582,1.0,iter55:pp12:dp_ag1:round1:dp_param_allgather:pg=25,iter55:pp12:dp_ag1:round1:dp_param_allgather:pg=25:rel-b7a4e66b45a6,mock_oisa_scale_1.2,13713734,4824526,8889208,13713734,8889208,1785477765194866316,-1,13610,trace_group_end_lag_clamped,1785477765194852706
15677546,192,1785477755553222978,12,1785477755552806980,93442,1785477755727579183,1785477755727672625,dp_rs,0,16,55,dp_grad_reduce_scatter:pg=25,1785477755711995079,158772101,dp_grad_reduce_scatter,16,3155886080,pp_frontier,0,1785477755526419343,1785477755692822798,1785477755523343553,1.0,iter55:pp12:dp_rs:round0:dp_grad_reduce_scatter:pg=25,iter55:pp12:dp_rs:round0:dp_grad_reduce_scatter:pg=25:rel-8c21098cf956,mock_oisa_scale_1.2,188292300,169479245,18813055,188292300,18813055,1785477755711635853,-1,93442,trace_group_end_lag_clamped,1785477755711542411
15677546,193,1785477755553114813,12,1785477755552806980,48114,1785477755727624511,1785477755727672625,dp_rs,0,16,55,dp_grad_reduce_scatter:pg=25,1785477755711995079,158880266,dp_grad_reduce_scatter,16,3155886080,pp_frontier,0,1785477755523343553,1785477755692822798,1785477755523343553,1.0,iter55:pp12:dp_rs:round0:dp_grad_reduce_scatter:pg=25,iter55:pp12:dp_rs:round0:dp_grad_reduce_scatter:pg=25:rel-8c21098cf956,mock_oisa_scale_1.2,188292300,169479245,18813055,188292300,18813055,1785477755711635853,-1,48114,trace_group_end_lag_clamped,1785477755711587739
15677546,194,1785477755554370092,12,1785477755552806980,150588,1785477755727522037,1785477755727672625,dp_rs,0,16,55,dp_grad_reduce_scatter:pg=25,1785477755711995079,157624987,dp_grad_reduce_scatter,16,3155886080,pp_frontier,0,1785477755529240028,1785477755692822798,1785477755523343553,1.0,iter55:pp12:dp_rs:round0:dp_grad_reduce_scatter:pg=25,iter55:pp12:dp_rs:round0:dp_grad_reduce_scatter:pg=25:rel-8c21098cf956,mock_oisa_scale_1.2,188292300,169479245,18813055,188292300,18813055,1785477755711635853,-1,150588,trace_group_end_lag_clamped,1785477755711485265
15677546,195,1785477755554745858,12,1785477755552806980,42599,1785477755727630026,1785477755727672625,dp_rs,0,16,55,dp_grad_reduce_scatter:pg=25,1785477755711995079,157249221,dp_grad_reduce_scatter,16,3155886080,pp_frontier,0,1785477755530524775,1785477755692822798,1785477755523343553,1.0,iter55:pp12:dp_rs:round0:dp_grad_reduce_scatter:pg=25,iter55:pp12:dp_rs:round0:dp_grad_reduce_scatter:pg=25:rel-8c21098cf956,mock_oisa_scale_1.2,188292300,169479245,18813055,188292300,18813055,1785477755711635853,-1,42599,trace_group_end_lag_clamped,1785477755711593254
15677546,196,1785477755553219218,12,1785477755552806980,107028,1785477755727565597,1785477755727672625,dp_rs,0,16,55,dp_grad_reduce_scatter:pg=25,1785477755711995079,158775861,dp_grad_reduce_scatter,16,3155886080,pp_frontier,0,1785477755527395118,1785477755692822798,1785477755523343553,1.0,iter55:pp12:dp_rs:round0:dp_grad_reduce_scatter:pg=25,iter55:pp12:dp_rs:round0:dp_grad_reduce_scatter:pg=25:rel-8c21098cf956,mock_oisa_scale_1.2,188292300,169479245,18813055,188292300,18813055,1785477755711635853,-1,107028,trace_group_end_lag_clamped,1785477755711528825
15677546,197,1785477755552806980,12,1785477755552806980,130302,1785477755727542323,1785477755727672625,dp_rs,0,16,55,dp_grad_reduce_scatter:pg=25,1785477755711995079,159188099,dp_grad_reduce_scatter,16,3155886080,pp_frontier,0,1785477755528787013,1785477755692822798,1785477755523343553,1.0,iter55:pp12:dp_rs:round0:dp_grad_reduce_scatter:pg=25,iter55:pp12:dp_rs:round0:dp_grad_reduce_scatter:pg=25:rel-8c21098cf956,mock_oisa_scale_1.2,188292300,169479245,18813055,188292300,18813055,1785477755711635853,-1,130302,trace_group_end_lag_clamped,1785477755711505551
15677546,198,1785477755553870178,12,1785477755552806980,79471,1785477755727593154,1785477755727672625,dp_rs,0,16,55,dp_grad_reduce_scatter:pg=25,1785477755711995079,158124901,dp_grad_reduce_scatter,16,3155886080,pp_frontier,0,1785477755523614257,1785477755692822798,1785477755523343553,1.0,iter55:pp12:dp_rs:round0:dp_grad_reduce_scatter:pg=25,iter55:pp12:dp_rs:round0:dp_grad_reduce_scatter:pg=25:rel-8c21098cf956,mock_oisa_scale_1.2,188292300,169479245,18813055,188292300,18813055,1785477755711635853,-1,79471,trace_group_end_lag_clamped,1785477755711556382
15677546,199,1785477755554298351,12,1785477755552806980,45964,1785477755727626661,1785477755727672625,dp_rs,0,16,55,dp_grad_reduce_scatter:pg=25,1785477755711995079,157696728,dp_grad_reduce_scatter,16,3155886080,pp_frontier,0,1785477755525820375,1785477755692822798,1785477755523343553,1.0,iter55:pp12:dp_rs:round0:dp_grad_reduce_scatter:pg=25,iter55:pp12:dp_rs:round0:dp_grad_reduce_scatter:pg=25:rel-8c21098cf956,mock_oisa_scale_1.2,188292300,169479245,18813055,188292300,18813055,1785477755711635853,-1,45964,trace_group_end_lag_clamped,1785477755711589889
15677546,200,1785477755711728971,12,1785477755552806980,16973,1785477755727655652,1785477755727672625,dp_rs,0,16,55,dp_grad_reduce_scatter:pg=25,1785477755711995079,266108,dp_grad_reduce_scatter,16,3155886080,pp_frontier,0,1785477755672345873,1785477755692822798,1785477755523343553,1.0,iter55:pp12:dp_rs:round0:dp_grad_reduce_scatter:pg=25,iter55:pp12:dp_rs:round0:dp_grad_reduce_scatter:pg=25:rel-8c21098cf956,mock_oisa_scale_1.2,188292300,169479245,18813055,188292300,18813055,1785477755711635853,-1,16973,trace_group_end_lag_clamped,1785477755711618880
15677546,201,1785477755711995079,12,1785477755552806980,15958,1785477755727656667,1785477755727672625,dp_rs,0,16,55,dp_grad_reduce_scatter:pg=25,1785477755711995079,0,dp_grad_reduce_scatter,16,3155886080,pp_frontier,0,1785477755674224359,1785477755692822798,1785477755523343553,1.0,iter55:pp12:dp_rs:round0:dp_grad_reduce_scatter:pg=25,iter55:pp12:dp_rs:round0:dp_grad_reduce_scatter:pg=25:rel-8c21098cf956,mock_oisa_scale_1.2,188292300,169479245,18813055,188292300,18813055,1785477755711635853,-1,15958,trace_group_end_lag_clamped,1785477755711619895
15677546,202,1785477755711149330,12,1785477755552806980,51475,1785477755727621150,1785477755727672625,dp_rs,0,16,55,dp_grad_reduce_scatter:pg=25,1785477755711995079,845749,dp_grad_reduce_scatter,16,3155886080,pp_frontier,0,1785477755686363620,1785477755692822798,1785477755523343553,1.0,iter55:pp12:dp_rs:round0:dp_grad_reduce_scatter:pg=25,iter55:pp12:dp_rs:round0:dp_grad_reduce_scatter:pg=25:rel-8c21098cf956,mock_oisa_scale_1.2,188292300,169479245,18813055,188292300,18813055,1785477755711635853,-1,51475,trace_group_end_lag_clamped,1785477755711584378
15677546,203,1785477755710802814,12,1785477755552806980,51470,1785477755727621155,1785477755727672625,dp_rs,0,16,55,dp_grad_reduce_scatter:pg=25,1785477755711995079,1192265,dp_grad_reduce_scatter,16,3155886080,pp_frontier,0,1785477755692822798,1785477755692822798,1785477755523343553,1.0,iter55:pp12:dp_rs:round0:dp_grad_reduce_scatter:pg=25,iter55:pp12:dp_rs:round0:dp_grad_reduce_scatter:pg=25:rel-8c21098cf956,mock_oisa_scale_1.2,188292300,169479245,18813055,188292300,18813055,1785477755711635853,-1,51470,trace_group_end_lag_clamped,1785477755711584383
15677546,204,1785477755710055268,12,1785477755552806980,63183,1785477755727609442,1785477755727672625,dp_rs,0,16,55,dp_grad_reduce_scatter:pg=25,1785477755711995079,1939811,dp_grad_reduce_scatter,16,3155886080,pp_frontier,0,1785477755687145170,1785477755692822798,1785477755523343553,1.0,iter55:pp12:dp_rs:round0:dp_grad_reduce_scatter:pg=25,iter55:pp12:dp_rs:round0:dp_grad_reduce_scatter:pg=25:rel-8c21098cf956,mock_oisa_scale_1.2,188292300,169479245,18813055,188292300,18813055,1785477755711635853,-1,63183,trace_group_end_lag_clamped,1785477755711572670
15677546,205,1785477755710295116,12,1785477755552806980,18630,1785477755727653995,1785477755727672625,dp_rs,0,16,55,dp_grad_reduce_scatter:pg=25,1785477755711995079,1699963,dp_grad_reduce_scatter,16,3155886080,pp_frontier,0,1785477755687823248,1785477755692822798,1785477755523343553,1.0,iter55:pp12:dp_rs:round0:dp_grad_reduce_scatter:pg=25,iter55:pp12:dp_rs:round0:dp_grad_reduce_scatter:pg=25:rel-8c21098cf956,mock_oisa_scale_1.2,188292300,169479245,18813055,188292300,18813055,1785477755711635853,-1,18630,trace_group_end_lag_clamped,1785477755711617223
15677546,206,1785477755711114858,12,1785477755552806980,0,1785477755727672625,1785477755727672625,dp_rs,0,16,55,dp_grad_reduce_scatter:pg=25,1785477755711995079,880221,dp_grad_reduce_scatter,16,3155886080,pp_frontier,0,1785477755681936504,1785477755692822798,1785477755523343553,1.0,iter55:pp12:dp_rs:round0:dp_grad_reduce_scatter:pg=25,iter55:pp12:dp_rs:round0:dp_grad_reduce_scatter:pg=25:rel-8c21098cf956,mock_oisa_scale_1.2,188292300,169479245,18813055,188292300,18813055,1785477755711635853,-1,0,trace_group_end_lag_clamped,1785477755711635853
15677546,207,1785477755711582664,12,1785477755552806980,29999,1785477755727642626,1785477755727672625,dp_rs,0,16,55,dp_grad_reduce_scatter:pg=25,1785477755711995079,412415,dp_grad_reduce_scatter,16,3155886080,pp_frontier,0,1785477755683329196,1785477755692822798,1785477755523343553,1.0,iter55:pp12:dp_rs:round0:dp_grad_reduce_scatter:pg=25,iter55:pp12:dp_rs:round0:dp_grad_reduce_scatter:pg=25:rel-8c21098cf956,mock_oisa_scale_1.2,188292300,169479245,18813055,188292300,18813055,1785477755711635853,-1,29999,trace_group_end_lag_clamped,1785477755711605854
54067300,192,1785477765034093633,12,1785477765034045691,41877,1785477765088119056,1785477765088160933,edp_ag0,0,2,55,expert_dp_param_allgather:pg=1235,1785477765034093633,0,expert_dp_param_allgather,2,1887436800,same_rank_dp_ag0,17640,1785477765029814588,1785477765029814588,1785477765029766646,1.0,iter55:pp12:edp_ag0:round0:expert_dp_param_allgather:pg=1235,iter55:pp12:edp_ag0:round0:expert_dp_param_allgather:pg=1235:rel-649c05ef65ef,mock_oisa_scale_1.2,64928702,47942,64880760,64928702,64880760,1785477765094695348,-1,41877,trace_group_end_lag_clamped,1785477765094653471
54067300,200,1785477765034045691,12,1785477765034045691,0,1785477765088160933,1785477765088160933,edp_ag0,0,2,55,expert_dp_param_allgather:pg=1235,1785477765034093633,47942,expert_dp_param_allgather,2,1887436800,same_rank_dp_ag0,10720,1785477765029766646,1785477765029814588,1785477765029766646,1.0,iter55:pp12:edp_ag0:round0:expert_dp_param_allgather:pg=1235,iter55:pp12:edp_ag0:round0:expert_dp_param_allgather:pg=1235:rel-649c05ef65ef,mock_oisa_scale_1.2,64928702,47942,64880760,64928702,64880760,1785477765094695348,-1,0,trace_group_end_lag_clamped,1785477765094695348
56782712,193,1785477765034093354,12,1785477765034059058,74603,1785477765090801463,1785477765090876066,edp_ag0,0,2,55,expert_dp_param_allgather:pg=1237,1785477765034093354,0,expert_dp_param_allgather,2,1887436800,same_rank_dp_ag0,13280,1785477765029814309,1785477765029814309,1785477765029780013,1.0,iter55:pp12:edp_ag0:round0:expert_dp_param_allgather:pg=1237,iter55:pp12:edp_ag0:round0:expert_dp_param_allgather:pg=1237:rel-76ff89b687d3,mock_oisa_scale_1.2,68173550,34296,68139254,68173550,68139254,1785477765097953563,-1,74603,trace_group_end_lag_clamped,1785477765097878960
56782712,201,1785477765034059058,12,1785477765034059058,0,1785477765090876066,1785477765090876066,edp_ag0,0,2,55,expert_dp_param_allgather:pg=1237,1785477765034093354,34296,expert_dp_param_allgather,2,1887436800,same_rank_dp_ag0,10600,1785477765029780013,1785477765029814309,1785477765029780013,1.0,iter55:pp12:edp_ag0:round0:expert_dp_param_allgather:pg=1237,iter55:pp12:edp_ag0:round0:expert_dp_param_allgather:pg=1237:rel-76ff89b687d3,mock_oisa_scale_1.2,68173550,34296,68139254,68173550,68139254,1785477765097953563,-1,0,trace_group_end_lag_clamped,1785477765097953563
54912493,194,1785477765034061031,12,1785477765034015116,85817,1785477765088887707,1785477765088973524,edp_ag0,0,2,55,expert_dp_param_allgather:pg=1239,1785477765034061031,0,expert_dp_param_allgather,2,1887436800,same_rank_dp_ag0,11160,1785477765029781986,1785477765029781986,1785477765029736071,1.0,iter55:pp12:edp_ag0:round0:expert_dp_param_allgather:pg=1239,iter55:pp12:edp_ag0:round0:expert_dp_param_allgather:pg=1239:rel-ec7e7d455b16,mock_oisa_scale_1.2,65940907,45915,65894992,65940907,65894992,1785477765095676978,-1,85817,trace_group_end_lag_clamped,1785477765095591161
54912493,202,1785477765034015116,12,1785477765034015116,0,1785477765088973524,1785477765088973524,edp_ag0,0,2,55,expert_dp_param_allgather:pg=1239,1785477765034061031,45915,expert_dp_param_allgather,2,1887436800,same_rank_dp_ag0,21480,1785477765029736071,1785477765029781986,1785477765029736071,1.0,iter55:pp12:edp_ag0:round0:expert_dp_param_allgather:pg=1239,iter55:pp12:edp_ag0:round0:expert_dp_param_allgather:pg=1239:rel-ec7e7d455b16,mock_oisa_scale_1.2,65940907,45915,65894992,65940907,65894992,1785477765095676978,-1,0,trace_group_end_lag_clamped,1785477765095676978
52917159,195,1785477765034091130,12,1785477765034044899,0,1785477765087008289,1785477765087008289,edp_ag0,0,2,55,expert_dp_param_allgather:pg=1241,1785477765034091130,0,expert_dp_param_allgather,2,1887436800,same_rank_dp_ag0,10560,1785477765029812085,1785477765029812085,1785477765029765854,1.0,iter55:pp12:edp_ag0:round0:expert_dp_param_allgather:pg=1241,iter55:pp12:edp_ag0:round0:expert_dp_param_allgather:pg=1241:rel-2a6f19b330ad,mock_oisa_scale_1.2,63546822,46231,63500591,63546822,63500591,1785477765093312676,-1,0,trace_group_end_lag_clamped,1785477765093312676
52917159,203,1785477765034044899,12,1785477765034044899,4001,1785477765087004288,1785477765087008289,edp_ag0,0,2,55,expert_dp_param_allgather:pg=1241,1785477765034091130,46231,expert_dp_param_allgather,2,1887436800,same_rank_dp_ag0,11280,1785477765029765854,1785477765029812085,1785477765029765854,1.0,iter55:pp12:edp_ag0:round0:expert_dp_param_allgather:pg=1241,iter55:pp12:edp_ag0:round0:expert_dp_param_allgather:pg=1241:rel-2a6f19b330ad,mock_oisa_scale_1.2,63546822,46231,63500591,63546822,63500591,1785477765093312676,-1,4001,trace_group_end_lag_clamped,1785477765093308675
54518987,196,1785477765034089610,12,1785477765034033078,63480,1785477765088545117,1785477765088608597,edp_ag0,0,2,55,expert_dp_param_allgather:pg=1243,1785477765034089610,0,expert_dp_param_allgather,2,1887436800,same_rank_dp_ag0,10840,1785477765029810565,1785477765029810565,1785477765029754033,1.0,iter55:pp12:edp_ag0:round0:expert_dp_param_allgather:pg=1243,iter55:pp12:edp_ag0:round0:expert_dp_param_allgather:pg=1243:rel-422e226e5e32,mock_oisa_scale_1.2,65479316,56532,65422784,65479316,65422784,1785477765095233349,-1,63480,trace_group_end_lag_clamped,1785477765095169869
54518987,204,1785477765034033078,12,1785477765034033078,0,1785477765088608597,1785477765088608597,edp_ag0,0,2,55,expert_dp_param_allgather:pg=1243,1785477765034089610,56532,expert_dp_param_allgather,2,1887436800,same_rank_dp_ag0,27434,1785477765029754033,1785477765029810565,1785477765029754033,1.0,iter55:pp12:edp_ag0:round0:expert_dp_param_allgather:pg=1243,iter55:pp12:edp_ag0:round0:expert_dp_param_allgather:pg=1243:rel-422e226e5e32,mock_oisa_scale_1.2,65479316,56532,65422784,65479316,65422784,1785477765095233349,-1,0,trace_group_end_lag_clamped,1785477765095233349
54204233,197,1785477765034033270,12,1785477765034033270,0,1785477765088286695,1785477765088286695,edp_ag0,0,2,55,expert_dp_param_allgather:pg=1245,1785477765034082462,49192,expert_dp_param_allgather,2,1887436800,same_rank_dp_ag0,10920,1785477765029754225,1785477765029803417,1785477765029754225,1.0,iter55:pp12:edp_ag0:round0:expert_dp_param_allgather:pg=1245,iter55:pp12:edp_ag0:round0:expert_dp_param_allgather:pg=1245:rel-850ee00b792f,mock_oisa_scale_1.2,65094272,49192,65045080,65094272,65045080,1785477765094848497,-1,0,trace_group_end_lag_clamped,1785477765094848497
54204233,205,1785477765034082462,12,1785477765034033270,400,1785477765088286295,1785477765088286695,edp_ag0,0,2,55,expert_dp_param_allgather:pg=1245,1785477765034082462,0,expert_dp_param_allgather,2,1887436800,same_rank_dp_ag0,22760,1785477765029803417,1785477765029803417,1785477765029754225,1.0,iter55:pp12:edp_ag0:round0:expert_dp_param_allgather:pg=1245,iter55:pp12:edp_ag0:round0:expert_dp_param_allgather:pg=1245:rel-850ee00b792f,mock_oisa_scale_1.2,65094272,49192,65045080,65094272,65045080,1785477765094848497,-1,400,trace_group_end_lag_clamped,1785477765094848097
54070935,198,1785477765034047169,12,1785477765034038119,0,1785477765088118104,1785477765088118104,edp_ag0,0,2,55,expert_dp_param_allgather:pg=1247,1785477765034047169,0,expert_dp_param_allgather,2,1887436800,same_rank_dp_ag0,11160,1785477765029768124,1785477765029768124,1785477765029759074,1.0,iter55:pp12:edp_ag0:round0:expert_dp_param_allgather:pg=1247,iter55:pp12:edp_ag0:round0:expert_dp_param_allgather:pg=1247:rel-e2342fa2763d,mock_oisa_scale_1.2,64894172,9050,64885122,64894172,64885122,1785477765094653246,-1,0,trace_group_end_lag_clamped,1785477765094653246
54070935,206,1785477765034038119,12,1785477765034038119,35236,1785477765088082868,1785477765088118104,edp_ag0,0,2,55,expert_dp_param_allgather:pg=1247,1785477765034047169,9050,expert_dp_param_allgather,2,1887436800,same_rank_dp_ag0,10320,1785477765029759074,1785477765029768124,1785477765029759074,1.0,iter55:pp12:edp_ag0:round0:expert_dp_param_allgather:pg=1247,iter55:pp12:edp_ag0:round0:expert_dp_param_allgather:pg=1247:rel-e2342fa2763d,mock_oisa_scale_1.2,64894172,9050,64885122,64894172,64885122,1785477765094653246,-1,35236,trace_group_end_lag_clamped,1785477765094618010
56234246,199,1785477765034086027,12,1785477765034076506,70425,1785477765090249848,1785477765090320273,edp_ag0,0,2,55,expert_dp_param_allgather:pg=1249,1785477765034086027,0,expert_dp_param_allgather,2,1887436800,same_rank_dp_ag0,13320,1785477765029806982,1785477765029806982,1785477765029797461,1.0,iter55:pp12:edp_ag0:round0:expert_dp_param_allgather:pg=1249,iter55:pp12:edp_ag0:round0:expert_dp_param_allgather:pg=1249:rel-3e243beef854,mock_oisa_scale_1.2,67490616,9521,67481095,67490616,67481095,1785477765097288077,-1,70425,trace_group_end_lag_clamped,1785477765097217652
56234246,207,1785477765034076506,12,1785477765034076506,0,1785477765090320273,1785477765090320273,edp_ag0,0,2,55,expert_dp_param_allgather:pg=1249,1785477765034086027,9521,expert_dp_param_allgather,2,1887436800,same_rank_dp_ag0,10320,1785477765029797461,1785477765029806982,1785477765029797461,1.0,iter55:pp12:edp_ag0:round0:expert_dp_param_allgather:pg=1249,iter55:pp12:edp_ag0:round0:expert_dp_param_allgather:pg=1249:rel-3e243beef854,mock_oisa_scale_1.2,67490616,9521,67481095,67490616,67481095,1785477765097288077,-1,0,trace_group_end_lag_clamped,1785477765097288077
51737428,192,1785477765186331231,12,1785477765186284097,53124,1785477765238015535,1785477765238068659,edp_ag1,1,2,55,expert_dp_param_allgather:pg=1235,1785477765186331231,0,expert_dp_param_allgather,2,1887436800,same_rank_dp_ag1,32960,1785477765194890263,1785477765194890263,1785477765194843129,1.0,iter55:pp12:edp_ag1:round1:expert_dp_param_allgather:pg=1235,iter55:pp12:edp_ag1:round1:expert_dp_param_allgather:pg=1235:rel-0e548521565b,mock_oisa_scale_1.2,62132048,47134,62084914,62132048,62084914,1785477765256975177,-1,53124,trace_group_end_lag_clamped,1785477765256922053
51737428,200,1785477765186284097,12,1785477765186284097,0,1785477765238068659,1785477765238068659,edp_ag1,1,2,55,expert_dp_param_allgather:pg=1235,1785477765186331231,47134,expert_dp_param_allgather,2,1887436800,same_rank_dp_ag1,11680,1785477765194843129,1785477765194890263,1785477765194843129,1.0,iter55:pp12:edp_ag1:round1:expert_dp_param_allgather:pg=1235,iter55:pp12:edp_ag1:round1:expert_dp_param_allgather:pg=1235:rel-0e548521565b,mock_oisa_scale_1.2,62132048,47134,62084914,62132048,62084914,1785477765256975177,-1,0,trace_group_end_lag_clamped,1785477765256975177
58327031,193,1785477765186318460,12,1785477765186285284,0,1785477765244645491,1785477765244645491,edp_ag1,1,2,55,expert_dp_param_allgather:pg=1237,1785477765186318460,0,expert_dp_param_allgather,2,1887436800,same_rank_dp_ag1,12720,1785477765194877492,1785477765194877492,1785477765194844316,1.0,iter55:pp12:edp_ag1:round1:expert_dp_param_allgather:pg=1237,iter55:pp12:edp_ag1:round1:expert_dp_param_allgather:pg=1237:rel-1e929342d6a0,mock_oisa_scale_1.2,70025613,33176,69992437,70025613,69992437,1785477765264869929,-1,0,trace_group_end_lag_clamped,1785477765264869929
58327031,201,1785477765186285284,12,1785477765186285284,46792,1785477765244598699,1785477765244645491,edp_ag1,1,2,55,expert_dp_param_allgather:pg=1237,1785477765186318460,33176,expert_dp_param_allgather,2,1887436800,same_rank_dp_ag1,11520,1785477765194844316,1785477765194877492,1785477765194844316,1.0,iter55:pp12:edp_ag1:round1:expert_dp_param_allgather:pg=1237,iter55:pp12:edp_ag1:round1:expert_dp_param_allgather:pg=1237:rel-1e929342d6a0,mock_oisa_scale_1.2,70025613,33176,69992437,70025613,69992437,1785477765264869929,-1,46792,trace_group_end_lag_clamped,1785477765264823137
51554426,194,1785477765186344580,12,1785477765186321011,46150,1785477765237852856,1785477765237899006,edp_ag1,1,2,55,expert_dp_param_allgather:pg=1239,1785477765186344580,0,expert_dp_param_allgather,2,1887436800,same_rank_dp_ag1,49200,1785477765194903612,1785477765194903612,1785477765194880043,1.0,iter55:pp12:edp_ag1:round1:expert_dp_param_allgather:pg=1239,iter55:pp12:edp_ag1:round1:expert_dp_param_allgather:pg=1239:rel-032df8e7d6c7,mock_oisa_scale_1.2,61888880,23569,61865311,61888880,61865311,1785477765256768923,-1,46150,trace_group_end_lag_clamped,1785477765256722773
51554426,202,1785477765186321011,12,1785477765186321011,0,1785477765237899006,1785477765237899006,edp_ag1,1,2,55,expert_dp_param_allgather:pg=1239,1785477765186344580,23569,expert_dp_param_allgather,2,1887436800,same_rank_dp_ag1,26360,1785477765194880043,1785477765194903612,1785477765194880043,1.0,iter55:pp12:edp_ag1:round1:expert_dp_param_allgather:pg=1239,iter55:pp12:edp_ag1:round1:expert_dp_param_allgather:pg=1239:rel-032df8e7d6c7,mock_oisa_scale_1.2,61888880,23569,61865311,61888880,61865311,1785477765256768923,-1,0,trace_group_end_lag_clamped,1785477765256768923
53463710,195,1785477765186319164,12,1785477765186296083,46430,1785477765239736444,1785477765239782874,edp_ag1,1,2,55,expert_dp_param_allgather:pg=1241,1785477765186319164,0,expert_dp_param_allgather,2,1887436800,same_rank_dp_ag1,11880,1785477765194878196,1785477765194878196,1785477765194855115,1.0,iter55:pp12:edp_ag1:round1:expert_dp_param_allgather:pg=1241,iter55:pp12:edp_ag1:round1:expert_dp_param_allgather:pg=1241:rel-df36e41164b2,mock_oisa_scale_1.2,64179533,23081,64156452,64179533,64156452,1785477765259034648,-1,46430,trace_group_end_lag_clamped,1785477765258988218
53463710,203,1785477765186296083,12,1785477765186296083,0,1785477765239782874,1785477765239782874,edp_ag1,1,2,55,expert_dp_param_allgather:pg=1241,1785477765186319164,23081,expert_dp_param_allgather,2,1887436800,same_rank_dp_ag1,12040,1785477765194855115,1785477765194878196,1785477765194855115,1.0,iter55:pp12:edp_ag1:round1:expert_dp_param_allgather:pg=1241,iter55:pp12:edp_ag1:round1:expert_dp_param_allgather:pg=1241:rel-df36e41164b2,mock_oisa_scale_1.2,64179533,23081,64156452,64179533,64156452,1785477765259034648,-1,0,trace_group_end_lag_clamped,1785477765259034648
51982696,196,1785477765186262742,12,1785477765186262742,0,1785477765238286083,1785477765238286083,edp_ag1,1,2,55,expert_dp_param_allgather:pg=1243,1785477765186303387,40645,expert_dp_param_allgather,2,1887436800,same_rank_dp_ag1,11600,1785477765194821774,1785477765194862419,1785477765194821774,1.0,iter55:pp12:edp_ag1:round1:expert_dp_param_allgather:pg=1243,iter55:pp12:edp_ag1:round1:expert_dp_param_allgather:pg=1243:rel-5ee24da0ee35,mock_oisa_scale_1.2,62419880,40645,62379235,62419880,62379235,1785477765257241654,-1,0,trace_group_end_lag_clamped,1785477765257241654
51982696,204,1785477765186303387,12,1785477765186262742,11698,1785477765238274385,1785477765238286083,edp_ag1,1,2,55,expert_dp_param_allgather:pg=1243,1785477765186303387,0,expert_dp_param_allgather,2,1887436800,same_rank_dp_ag1,11360,1785477765194862419,1785477765194862419,1785477765194821774,1.0,iter55:pp12:edp_ag1:round1:expert_dp_param_allgather:pg=1243,iter55:pp12:edp_ag1:round1:expert_dp_param_allgather:pg=1243:rel-5ee24da0ee35,mock_oisa_scale_1.2,62419880,40645,62379235,62419880,62379235,1785477765257241654,-1,11698,trace_group_end_lag_clamped,1785477765257229956
52753579,197,1785477765186303629,12,1785477765186277441,0,1785477765239057208,1785477765239057208,edp_ag1,1,2,55,expert_dp_param_allgather:pg=1245,1785477765186303629,0,expert_dp_param_allgather,2,1887436800,same_rank_dp_ag1,11721,1785477765194862661,1785477765194862661,1785477765194836473,1.0,iter55:pp12:edp_ag1:round1:expert_dp_param_allgather:pg=1245,iter55:pp12:edp_ag1:round1:expert_dp_param_allgather:pg=1245:rel-8a4d3b70136c,mock_oisa_scale_1.2,63330483,26188,63304295,63330483,63304295,1785477765258166956,-1,0,trace_group_end_lag_clamped,1785477765258166956
52753579,205,1785477765186277441,12,1785477765186277441,32334,1785477765239024874,1785477765239057208,edp_ag1,1,2,55,expert_dp_param_allgather:pg=1245,1785477765186303629,26188,expert_dp_param_allgather,2,1887436800,same_rank_dp_ag1,10440,1785477765194836473,1785477765194862661,1785477765194836473,1.0,iter55:pp12:edp_ag1:round1:expert_dp_param_allgather:pg=1245,iter55:pp12:edp_ag1:round1:expert_dp_param_allgather:pg=1245:rel-8a4d3b70136c,mock_oisa_scale_1.2,63330483,26188,63304295,63330483,63304295,1785477765258166956,-1,32334,trace_group_end_lag_clamped,1785477765258134622
51793752,198,1785477765186315376,12,1785477765186300062,43706,1785477765238065422,1785477765238109128,edp_ag1,1,2,55,expert_dp_param_allgather:pg=1247,1785477765186315376,0,expert_dp_param_allgather,2,1887436800,same_rank_dp_ag1,11480,1785477765194874408,1785477765194874408,1785477765194859094,1.0,iter55:pp12:edp_ag1:round1:expert_dp_param_allgather:pg=1247,iter55:pp12:edp_ag1:round1:expert_dp_param_allgather:pg=1247:rel-271e974c3a4c,mock_oisa_scale_1.2,62167816,15314,62152502,62167816,62152502,1785477765257026910,-1,43706,trace_group_end_lag_clamped,1785477765256983204
51793752,206,1785477765186300062,12,1785477765186300062,0,1785477765238109128,1785477765238109128,edp_ag1,1,2,55,expert_dp_param_allgather:pg=1247,1785477765186315376,15314,expert_dp_param_allgather,2,1887436800,same_rank_dp_ag1,12480,1785477765194859094,1785477765194874408,1785477765194859094,1.0,iter55:pp12:edp_ag1:round1:expert_dp_param_allgather:pg=1247,iter55:pp12:edp_ag1:round1:expert_dp_param_allgather:pg=1247:rel-271e974c3a4c,mock_oisa_scale_1.2,62167816,15314,62152502,62167816,62152502,1785477765257026910,-1,0,trace_group_end_lag_clamped,1785477765257026910
52361658,199,1785477765186316472,12,1785477765186305795,69521,1785477765238608609,1785477765238678130,edp_ag1,1,2,55,expert_dp_param_allgather:pg=1249,1785477765186316472,0,expert_dp_param_allgather,2,1887436800,same_rank_dp_ag1,10560,1785477765194875504,1785477765194875504,1785477765194864827,1.0,iter55:pp12:edp_ag1:round1:expert_dp_param_allgather:pg=1249,iter55:pp12:edp_ag1:round1:expert_dp_param_allgather:pg=1249:rel-baa907840afd,mock_oisa_scale_1.2,62844667,10677,62833990,62844667,62833990,1785477765257709494,-1,69521,trace_group_end_lag_clamped,1785477765257639973
52361658,207,1785477765186305795,12,1785477765186305795,0,1785477765238678130,1785477765238678130,edp_ag1,1,2,55,expert_dp_param_allgather:pg=1249,1785477765186316472,10677,expert_dp_param_allgather,2,1887436800,same_rank_dp_ag1,12121,1785477765194864827,1785477765194875504,1785477765194864827,1.0,iter55:pp12:edp_ag1:round1:expert_dp_param_allgather:pg=1249,iter55:pp12:edp_ag1:round1:expert_dp_param_allgather:pg=1249:rel-baa907840afd,mock_oisa_scale_1.2,62844667,10677,62833990,62844667,62833990,1785477765257709494,-1,0,trace_group_end_lag_clamped,1785477765257709494
208440532,192,1785477755745233916,12,1785477755745233916,66585,1785477755953645600,1785477755953712185,edp_rs,0,2,55,expert_dp_grad_reduce_scatter:pg=1235,1785477755745271653,37737,expert_dp_grad_reduce_scatter,2,7549747200,same_rank_dp_rs,17654733,1785477755729197144,1785477755729234881,1785477755729197144,1.0,iter55:pp12:edp_rs:round0:expert_dp_grad_reduce_scatter:pg=1235,iter55:pp12:edp_rs:round0:expert_dp_grad_reduce_scatter:pg=1235:rel-245e50756b3a,mock_oisa_scale_1.2,250166375,37737,250128638,250166375,250128638,1785477755979363519,-1,66585,trace_group_end_lag_clamped,1785477755979296934
208440532,200,1785477755745271653,12,1785477755745233916,0,1785477755953712185,1785477755953712185,edp_rs,0,2,55,expert_dp_grad_reduce_scatter:pg=1235,1785477755745271653,0,expert_dp_grad_reduce_scatter,2,7549747200,same_rank_dp_rs,17616001,1785477755729234881,1785477755729234881,1785477755729197144,1.0,iter55:pp12:edp_rs:round0:expert_dp_grad_reduce_scatter:pg=1235,iter55:pp12:edp_rs:round0:expert_dp_grad_reduce_scatter:pg=1235:rel-245e50756b3a,mock_oisa_scale_1.2,250166375,37737,250128638,250166375,250128638,1785477755979363519,-1,0,trace_group_end_lag_clamped,1785477755979363519
208789186,193,1785477755745199398,12,1785477755745199398,113161,1785477755954029571,1785477755954142732,edp_rs,0,2,55,expert_dp_grad_reduce_scatter:pg=1237,1785477755745353546,154148,expert_dp_grad_reduce_scatter,2,7549747200,same_rank_dp_rs,17574887,1785477755729162626,1785477755729316774,1785477755729162626,1.0,iter55:pp12:edp_rs:round0:expert_dp_grad_reduce_scatter:pg=1237,iter55:pp12:edp_rs:round0:expert_dp_grad_reduce_scatter:pg=1237:rel-cdda7e0cf38f,mock_oisa_scale_1.2,250701171,154148,250547023,250701171,250547023,1785477755979863797,-1,113161,trace_group_end_lag_clamped,1785477755979750636
208789186,201,1785477755745353546,12,1785477755745199398,0,1785477755954142732,1785477755954142732,edp_rs,0,2,55,expert_dp_grad_reduce_scatter:pg=1237,1785477755745353546,0,expert_dp_grad_reduce_scatter,2,7549747200,same_rank_dp_rs,17696879,1785477755729316774,1785477755729316774,1785477755729162626,1.0,iter55:pp12:edp_rs:round0:expert_dp_grad_reduce_scatter:pg=1237,iter55:pp12:edp_rs:round0:expert_dp_grad_reduce_scatter:pg=1237:rel-cdda7e0cf38f,mock_oisa_scale_1.2,250701171,154148,250547023,250701171,250547023,1785477755979863797,-1,0,trace_group_end_lag_clamped,1785477755979863797
212200601,194,1785477755745277937,12,1785477755745277937,0,1785477755957756549,1785477755957756549,edp_rs,0,2,55,expert_dp_grad_reduce_scatter:pg=1239,1785477755745555948,278011,expert_dp_grad_reduce_scatter,2,7549747200,same_rank_dp_rs,17755900,1785477755729241165,1785477755729519176,1785477755729241165,1.0,iter55:pp12:edp_rs:round0:expert_dp_grad_reduce_scatter:pg=1239,iter55:pp12:edp_rs:round0:expert_dp_grad_reduce_scatter:pg=1239:rel-6ab93a9269fd,mock_oisa_scale_1.2,254918732,278011,254640721,254918732,254640721,1785477755984159897,-1,0,trace_group_end_lag_clamped,1785477755984159897
212200601,202,1785477755745555948,12,1785477755745277937,69740,1785477755957686809,1785477755957756549,edp_rs,0,2,55,expert_dp_grad_reduce_scatter:pg=1239,1785477755745555948,0,expert_dp_grad_reduce_scatter,2,7549747200,same_rank_dp_rs,17934798,1785477755729519176,1785477755729519176,1785477755729241165,1.0,iter55:pp12:edp_rs:round0:expert_dp_grad_reduce_scatter:pg=1239,iter55:pp12:edp_rs:round0:expert_dp_grad_reduce_scatter:pg=1239:rel-6ab93a9269fd,mock_oisa_scale_1.2,254918732,278011,254640721,254918732,254640721,1785477755984159897,-1,69740,trace_group_end_lag_clamped,1785477755984090157
211983970,195,1785477755745425399,12,1785477755745326310,98732,1785477755957310637,1785477755957409369,edp_rs,0,2,55,expert_dp_grad_reduce_scatter:pg=1241,1785477755745425399,0,expert_dp_grad_reduce_scatter,2,7549747200,same_rank_dp_rs,17795373,1785477755729388627,1785477755729388627,1785477755729289538,1.0,iter55:pp12:edp_rs:round0:expert_dp_grad_reduce_scatter:pg=1241,iter55:pp12:edp_rs:round0:expert_dp_grad_reduce_scatter:pg=1241:rel-8757e60466a9,mock_oisa_scale_1.2,254479853,99089,254380764,254479853,254380764,1785477755983769391,-1,98732,trace_group_end_lag_clamped,1785477755983670659
211983970,203,1785477755745326310,12,1785477755745326310,0,1785477755957409369,1785477755957409369,edp_rs,0,2,55,expert_dp_grad_reduce_scatter:pg=1241,1785477755745425399,99089,expert_dp_grad_reduce_scatter,2,7549747200,same_rank_dp_rs,17705155,1785477755729289538,1785477755729388627,1785477755729289538,1.0,iter55:pp12:edp_rs:round0:expert_dp_grad_reduce_scatter:pg=1241,iter55:pp12:edp_rs:round0:expert_dp_grad_reduce_scatter:pg=1241:rel-8757e60466a9,mock_oisa_scale_1.2,254479853,99089,254380764,254479853,254380764,1785477755983769391,-1,0,trace_group_end_lag_clamped,1785477755983769391
208049474,196,1785477755745828017,12,1785477755745195416,0,1785477755953877491,1785477755953877491,edp_rs,0,2,55,expert_dp_grad_reduce_scatter:pg=1243,1785477755745828017,0,expert_dp_grad_reduce_scatter,2,7549747200,same_rank_dp_rs,18262420,1785477755729791245,1785477755729791245,1785477755729158644,1.0,iter55:pp12:edp_rs:round0:expert_dp_grad_reduce_scatter:pg=1243,iter55:pp12:edp_rs:round0:expert_dp_grad_reduce_scatter:pg=1243:rel-6e463d9bc3ce,mock_oisa_scale_1.2,250291970,632601,249659369,250291970,249659369,1785477755979450614,-1,0,trace_group_end_lag_clamped,1785477755979450614
208049474,204,1785477755745195416,12,1785477755745195416,54393,1785477755953823098,1785477755953877491,edp_rs,0,2,55,expert_dp_grad_reduce_scatter:pg=1243,1785477755745828017,632601,expert_dp_grad_reduce_scatter,2,7549747200,same_rank_dp_rs,17585974,1785477755729158644,1785477755729791245,1785477755729158644,1.0,iter55:pp12:edp_rs:round0:expert_dp_grad_reduce_scatter:pg=1243,iter55:pp12:edp_rs:round0:expert_dp_grad_reduce_scatter:pg=1243:rel-6e463d9bc3ce,mock_oisa_scale_1.2,250291970,632601,249659369,250291970,249659369,1785477755979450614,-1,54393,trace_group_end_lag_clamped,1785477755979396221
210119240,197,1785477755745089861,12,1785477755745089861,0,1785477755955388723,1785477755955388723,edp_rs,0,2,55,expert_dp_grad_reduce_scatter:pg=1245,1785477755745269483,179622,expert_dp_grad_reduce_scatter,2,7549747200,same_rank_dp_rs,17547538,1785477755729053089,1785477755729232711,1785477755729053089,1.0,iter55:pp12:edp_rs:round0:expert_dp_grad_reduce_scatter:pg=1245,iter55:pp12:edp_rs:round0:expert_dp_grad_reduce_scatter:pg=1245:rel-c442e582575a,mock_oisa_scale_1.2,252322710,179622,252143088,252322710,252143088,1785477755981375799,-1,0,trace_group_end_lag_clamped,1785477755981375799
210119240,205,1785477755745269483,12,1785477755745089861,32869,1785477755955355854,1785477755955388723,edp_rs,0,2,55,expert_dp_grad_reduce_scatter:pg=1245,1785477755745269483,0,expert_dp_grad_reduce_scatter,2,7549747200,same_rank_dp_rs,17615488,1785477755729232711,1785477755729232711,1785477755729053089,1.0,iter55:pp12:edp_rs:round0:expert_dp_grad_reduce_scatter:pg=1245,iter55:pp12:edp_rs:round0:expert_dp_grad_reduce_scatter:pg=1245:rel-c442e582575a,mock_oisa_scale_1.2,252322710,179622,252143088,252322710,252143088,1785477755981375799,-1,32869,trace_group_end_lag_clamped,1785477755981342930
207273165,198,1785477755745572601,12,1785477755745572601,0,1785477755952913960,1785477755952913960,edp_rs,0,2,55,expert_dp_grad_reduce_scatter:pg=1247,1785477755745640795,68194,expert_dp_grad_reduce_scatter,2,7549747200,same_rank_dp_rs,17979447,1785477755729535829,1785477755729604023,1785477755729535829,1.0,iter55:pp12:edp_rs:round0:expert_dp_grad_reduce_scatter:pg=1247,iter55:pp12:edp_rs:round0:expert_dp_grad_reduce_scatter:pg=1247:rel-3e115e9afe84,mock_oisa_scale_1.2,248795992,68194,248727798,248795992,248727798,1785477755978331821,-1,0,trace_group_end_lag_clamped,1785477755978331821
207273165,206,1785477755745640795,12,1785477755745572601,52184,1785477755952861776,1785477755952913960,edp_rs,0,2,55,expert_dp_grad_reduce_scatter:pg=1247,1785477755745640795,0,expert_dp_grad_reduce_scatter,2,7549747200,same_rank_dp_rs,17968170,1785477755729604023,1785477755729604023,1785477755729535829,1.0,iter55:pp12:edp_rs:round0:expert_dp_grad_reduce_scatter:pg=1247,iter55:pp12:edp_rs:round0:expert_dp_grad_reduce_scatter:pg=1247:rel-3e115e9afe84,mock_oisa_scale_1.2,248795992,68194,248727798,248795992,248727798,1785477755978331821,-1,52184,trace_group_end_lag_clamped,1785477755978279637
206673103,199,1785477755746186673,12,1785477755745354196,0,1785477755952859776,1785477755952859776,edp_rs,0,2,55,expert_dp_grad_reduce_scatter:pg=1249,1785477755746186673,0,expert_dp_grad_reduce_scatter,2,7549747200,same_rank_dp_rs,18560012,1785477755730149901,1785477755730149901,1785477755729317424,1.0,iter55:pp12:edp_rs:round0:expert_dp_grad_reduce_scatter:pg=1249,iter55:pp12:edp_rs:round0:expert_dp_grad_reduce_scatter:pg=1249:rel-6950408ec25b,mock_oisa_scale_1.2,248840201,832477,248007724,248840201,248007724,1785477755978157625,-1,0,trace_group_end_lag_clamped,1785477755978157625
206673103,207,1785477755745354196,12,1785477755745354196,40242,1785477755952819534,1785477755952859776,edp_rs,0,2,55,expert_dp_grad_reduce_scatter:pg=1249,1785477755746186673,832477,expert_dp_grad_reduce_scatter,2,7549747200,same_rank_dp_rs,17711570,1785477755729317424,1785477755730149901,1785477755729317424,1.0,iter55:pp12:edp_rs:round0:expert_dp_grad_reduce_scatter:pg=1249,iter55:pp12:edp_rs:round0:expert_dp_grad_reduce_scatter:pg=1249:rel-6950408ec25b,mock_oisa_scale_1.2,248840201,832477,248007724,248840201,248007724,1785477755978157625,-1,40242,trace_group_end_lag_clamped,1785477755978117383
7407360,208,1785477765025509750,13,1785477765025454083,31132,1785477765034020098,1785477765034051230,dp_ag0,0,16,55,dp_param_allgather:pg=27,1785477765026643870,1134120,dp_param_allgather,16,98621440,world_rs_done,28833493,1785477765019693427,1785477765020827547,1785477765019637760,1.0,iter55:pp13:dp_ag0:round0:dp_param_allgather:pg=27,iter55:pp13:dp_ag0:round0:dp_param_allgather:pg=27:rel-77a30a9cc769,mock_oisa_scale_1.2,10078619,1189787,8888832,10078619,8888832,1785477765029716379,-1,31132,trace_group_end_lag_clamped,1785477765029685247
7407360,209,1785477765025454083,13,1785477765025454083,2600,1785477765034048630,1785477765034051230,dp_ag0,0,16,55,dp_param_allgather:pg=27,1785477765026643870,1189787,dp_param_allgather,16,98621440,world_rs_done,28777826,1785477765019637760,1785477765020827547,1785477765019637760,1.0,iter55:pp13:dp_ag0:round0:dp_param_allgather:pg=27,iter55:pp13:dp_ag0:round0:dp_param_allgather:pg=27:rel-77a30a9cc769,mock_oisa_scale_1.2,10078619,1189787,8888832,10078619,8888832,1785477765029716379,-1,2600,trace_group_end_lag_clamped,1785477765029713779
7407360,210,1785477765025691766,13,1785477765025454083,138,1785477765034051092,1785477765034051230,dp_ag0,0,16,55,dp_param_allgather:pg=27,1785477765026643870,952104,dp_param_allgather,16,98621440,world_rs_done,29015509,1785477765019875443,1785477765020827547,1785477765019637760,1.0,iter55:pp13:dp_ag0:round0:dp_param_allgather:pg=27,iter55:pp13:dp_ag0:round0:dp_param_allgather:pg=27:rel-77a30a9cc769,mock_oisa_scale_1.2,10078619,1189787,8888832,10078619,8888832,1785477765029716379,-1,138,trace_group_end_lag_clamped,1785477765029716241
7407360,211,1785477765026643870,13,1785477765025454083,0,1785477765034051230,1785477765034051230,dp_ag0,0,16,55,dp_param_allgather:pg=27,1785477765026643870,0,dp_param_allgather,16,98621440,world_rs_done,29967613,1785477765020827547,1785477765020827547,1785477765019637760,1.0,iter55:pp13:dp_ag0:round0:dp_param_allgather:pg=27,iter55:pp13:dp_ag0:round0:dp_param_allgather:pg=27:rel-77a30a9cc769,mock_oisa_scale_1.2,10078619,1189787,8888832,10078619,8888832,1785477765029716379,-1,0,trace_group_end_lag_clamped,1785477765029716379
7407360,212,1785477765025857820,13,1785477765025454083,7987,1785477765034043243,1785477765034051230,dp_ag0,0,16,55,dp_param_allgather:pg=27,1785477765026643870,786050,dp_param_allgather,16,98621440,world_rs_done,29181563,1785477765020041497,1785477765020827547,1785477765019637760,1.0,iter55:pp13:dp_ag0:round0:dp_param_allgather:pg=27,iter55:pp13:dp_ag0:round0:dp_param_allgather:pg=27:rel-77a30a9cc769,mock_oisa_scale_1.2,10078619,1189787,8888832,10078619,8888832,1785477765029716379,-1,7987,trace_group_end_lag_clamped,1785477765029708392
7407360,213,1785477765025497184,13,1785477765025454083,11314,1785477765034039916,1785477765034051230,dp_ag0,0,16,55,dp_param_allgather:pg=27,1785477765026643870,1146686,dp_param_allgather,16,98621440,world_rs_done,28820927,1785477765019680861,1785477765020827547,1785477765019637760,1.0,iter55:pp13:dp_ag0:round0:dp_param_allgather:pg=27,iter55:pp13:dp_ag0:round0:dp_param_allgather:pg=27:rel-77a30a9cc769,mock_oisa_scale_1.2,10078619,1189787,8888832,10078619,8888832,1785477765029716379,-1,11314,trace_group_end_lag_clamped,1785477765029705065
7407360,214,1785477765025809807,13,1785477765025454083,16569,1785477765034034661,1785477765034051230,dp_ag0,0,16,55,dp_param_allgather:pg=27,1785477765026643870,834063,dp_param_allgather,16,98621440,world_rs_done,29133550,1785477765019993484,1785477765020827547,1785477765019637760,1.0,iter55:pp13:dp_ag0:round0:dp_param_allgather:pg=27,iter55:pp13:dp_ag0:round0:dp_param_allgather:pg=27:rel-77a30a9cc769,mock_oisa_scale_1.2,10078619,1189787,8888832,10078619,8888832,1785477765029716379,-1,16569,trace_group_end_lag_clamped,1785477765029699810
7407360,215,1785477765026247111,13,1785477765025454083,24510,1785477765034026720,1785477765034051230,dp_ag0,0,16,55,dp_param_allgather:pg=27,1785477765026643870,396759,dp_param_allgather,16,98621440,world_rs_done,29570854,1785477765020430788,1785477765020827547,1785477765019637760,1.0,iter55:pp13:dp_ag0:round0:dp_param_allgather:pg=27,iter55:pp13:dp_ag0:round0:dp_param_allgather:pg=27:rel-77a30a9cc769,mock_oisa_scale_1.2,10078619,1189787,8888832,10078619,8888832,1785477765029716379,-1,24510,trace_group_end_lag_clamped,1785477765029691869
7407360,216,1785477765025575251,13,1785477765025454083,38778,1785477765034012452,1785477765034051230,dp_ag0,0,16,55,dp_param_allgather:pg=27,1785477765026643870,1068619,dp_param_allgather,16,98621440,world_rs_done,28898994,1785477765019758928,1785477765020827547,1785477765019637760,1.0,iter55:pp13:dp_ag0:round0:dp_param_allgather:pg=27,iter55:pp13:dp_ag0:round0:dp_param_allgather:pg=27:rel-77a30a9cc769,mock_oisa_scale_1.2,10078619,1189787,8888832,10078619,8888832,1785477765029716379,-1,38778,trace_group_end_lag_clamped,1785477765029677601
7407360,217,1785477765025868497,13,1785477765025454083,60570,1785477765033990660,1785477765034051230,dp_ag0,0,16,55,dp_param_allgather:pg=27,1785477765026643870,775373,dp_param_allgather,16,98621440,world_rs_done,29192240,1785477765020052174,1785477765020827547,1785477765019637760,1.0,iter55:pp13:dp_ag0:round0:dp_param_allgather:pg=27,iter55:pp13:dp_ag0:round0:dp_param_allgather:pg=27:rel-77a30a9cc769,mock_oisa_scale_1.2,10078619,1189787,8888832,10078619,8888832,1785477765029716379,-1,60570,trace_group_end_lag_clamped,1785477765029655809
7407360,218,1785477765025824064,13,1785477765025454083,60749,1785477765033990481,1785477765034051230,dp_ag0,0,16,55,dp_param_allgather:pg=27,1785477765026643870,819806,dp_param_allgather,16,98621440,world_rs_done,29147807,1785477765020007741,1785477765020827547,1785477765019637760,1.0,iter55:pp13:dp_ag0:round0:dp_param_allgather:pg=27,iter55:pp13:dp_ag0:round0:dp_param_allgather:pg=27:rel-77a30a9cc769,mock_oisa_scale_1.2,10078619,1189787,8888832,10078619,8888832,1785477765029716379,-1,60749,trace_group_end_lag_clamped,1785477765029655630
7407360,219,1785477765026130033,13,1785477765025454083,61060,1785477765033990170,1785477765034051230,dp_ag0,0,16,55,dp_param_allgather:pg=27,1785477765026643870,513837,dp_param_allgather,16,98621440,world_rs_done,29453776,1785477765020313710,1785477765020827547,1785477765019637760,1.0,iter55:pp13:dp_ag0:round0:dp_param_allgather:pg=27,iter55:pp13:dp_ag0:round0:dp_param_allgather:pg=27:rel-77a30a9cc769,mock_oisa_scale_1.2,10078619,1189787,8888832,10078619,8888832,1785477765029716379,-1,61060,trace_group_end_lag_clamped,1785477765029655319
7407360,220,1785477765025524303,13,1785477765025454083,46577,1785477765034004653,1785477765034051230,dp_ag0,0,16,55,dp_param_allgather:pg=27,1785477765026643870,1119567,dp_param_allgather,16,98621440,world_rs_done,28848046,1785477765019707980,1785477765020827547,1785477765019637760,1.0,iter55:pp13:dp_ag0:round0:dp_param_allgather:pg=27,iter55:pp13:dp_ag0:round0:dp_param_allgather:pg=27:rel-77a30a9cc769,mock_oisa_scale_1.2,10078619,1189787,8888832,10078619,8888832,1785477765029716379,-1,46577,trace_group_end_lag_clamped,1785477765029669802
7407360,221,1785477765025778360,13,1785477765025454083,54943,1785477765033996287,1785477765034051230,dp_ag0,0,16,55,dp_param_allgather:pg=27,1785477765026643870,865510,dp_param_allgather,16,98621440,world_rs_done,29102103,1785477765019962037,1785477765020827547,1785477765019637760,1.0,iter55:pp13:dp_ag0:round0:dp_param_allgather:pg=27,iter55:pp13:dp_ag0:round0:dp_param_allgather:pg=27:rel-77a30a9cc769,mock_oisa_scale_1.2,10078619,1189787,8888832,10078619,8888832,1785477765029716379,-1,54943,trace_group_end_lag_clamped,1785477765029661436
7407360,222,1785477765025799580,13,1785477765025454083,32558,1785477765034018672,1785477765034051230,dp_ag0,0,16,55,dp_param_allgather:pg=27,1785477765026643870,844290,dp_param_allgather,16,98621440,world_rs_done,29123323,1785477765019983257,1785477765020827547,1785477765019637760,1.0,iter55:pp13:dp_ag0:round0:dp_param_allgather:pg=27,iter55:pp13:dp_ag0:round0:dp_param_allgather:pg=27:rel-77a30a9cc769,mock_oisa_scale_1.2,10078619,1189787,8888832,10078619,8888832,1785477765029716379,-1,32558,trace_group_end_lag_clamped,1785477765029683821
7407360,223,1785477765026243225,13,1785477765025454083,27599,1785477765034023631,1785477765034051230,dp_ag0,0,16,55,dp_param_allgather:pg=27,1785477765026643870,400645,dp_param_allgather,16,98621440,world_rs_done,29566968,1785477765020426902,1785477765020827547,1785477765019637760,1.0,iter55:pp13:dp_ag0:round0:dp_param_allgather:pg=27,iter55:pp13:dp_ag0:round0:dp_param_allgather:pg=27:rel-77a30a9cc769,mock_oisa_scale_1.2,10078619,1189787,8888832,10078619,8888832,1785477765029716379,-1,27599,trace_group_end_lag_clamped,1785477765029688780
7480253,208,1785477765174597798,13,1785477765173237628,38141,1785477765187242799,1785477765187280940,dp_ag1,1,16,55,dp_param_allgather:pg=27,1785477765179800687,5202889,dp_param_allgather,16,98621440,same_rank_edp_ag0,86911724,1785477765180999523,1785477765187160202,1785477765179308640,1.0,iter55:pp13:dp_ag1:round1:dp_param_allgather:pg=27,iter55:pp13:dp_ag1:round1:dp_param_allgather:pg=27:rel-b898e9d947e6,mock_oisa_scale_1.2,16827866,7851562,8976304,16827866,8976304,1785477765196136506,-1,38141,trace_group_end_lag_clamped,1785477765196098365
7480253,209,1785477765179800687,13,1785477765173237628,9875,1785477765187271065,1785477765187280940,dp_ag1,1,16,55,dp_param_allgather:pg=27,1785477765179800687,0,dp_param_allgather,16,98621440,same_rank_edp_ag0,87255281,1785477765187160202,1785477765187160202,1785477765179308640,1.0,iter55:pp13:dp_ag1:round1:dp_param_allgather:pg=27,iter55:pp13:dp_ag1:round1:dp_param_allgather:pg=27:rel-b898e9d947e6,mock_oisa_scale_1.2,16827866,7851562,8976304,16827866,8976304,1785477765196136506,-1,9875,trace_group_end_lag_clamped,1785477765196126631
7480253,210,1785477765174637251,13,1785477765173237628,3959,1785477765187276981,1785477765187280940,dp_ag1,1,16,55,dp_param_allgather:pg=27,1785477765179800687,5163436,dp_param_allgather,16,98621440,same_rank_edp_ag0,87981941,1785477765180824844,1785477765187160202,1785477765179308640,1.0,iter55:pp13:dp_ag1:round1:dp_param_allgather:pg=27,iter55:pp13:dp_ag1:round1:dp_param_allgather:pg=27:rel-b898e9d947e6,mock_oisa_scale_1.2,16827866,7851562,8976304,16827866,8976304,1785477765196136506,-1,3959,trace_group_end_lag_clamped,1785477765196132547
7480253,211,1785477765175046382,13,1785477765173237628,7333,1785477765187273607,1785477765187280940,dp_ag1,1,16,55,dp_param_allgather:pg=27,1785477765179800687,4754305,dp_param_allgather,16,98621440,same_rank_edp_ag0,86994104,1785477765181509549,1785477765187160202,1785477765179308640,1.0,iter55:pp13:dp_ag1:round1:dp_param_allgather:pg=27,iter55:pp13:dp_ag1:round1:dp_param_allgather:pg=27:rel-b898e9d947e6,mock_oisa_scale_1.2,16827866,7851562,8976304,16827866,8976304,1785477765196136506,-1,7333,trace_group_end_lag_clamped,1785477765196129173
7480253,212,1785477765175771314,13,1785477765173237628,0,1785477765187280940,1785477765187280940,dp_ag1,1,16,55,dp_param_allgather:pg=27,1785477765179800687,4029373,dp_param_allgather,16,98621440,same_rank_edp_ag0,87870150,1785477765182204407,1785477765187160202,1785477765179308640,1.0,iter55:pp13:dp_ag1:round1:dp_param_allgather:pg=27,iter55:pp13:dp_ag1:round1:dp_param_allgather:pg=27:rel-b898e9d947e6,mock_oisa_scale_1.2,16827866,7851562,8976304,16827866,8976304,1785477765196136506,-1,0,trace_group_end_lag_clamped,1785477765196136506
7480253,213,1785477765174731566,13,1785477765173237628,53459,1785477765187227481,1785477765187280940,dp_ag1,1,16,55,dp_param_allgather:pg=27,1785477765179800687,5069121,dp_param_allgather,16,98621440,same_rank_edp_ag0,88294810,1785477765180871819,1785477765187160202,1785477765179308640,1.0,iter55:pp13:dp_ag1:round1:dp_param_allgather:pg=27,iter55:pp13:dp_ag1:round1:dp_param_allgather:pg=27:rel-b898e9d947e6,mock_oisa_scale_1.2,16827866,7851562,8976304,16827866,8976304,1785477765196136506,-1,53459,trace_group_end_lag_clamped,1785477765196083047
7480253,214,1785477765177015040,13,1785477765173237628,4513,1785477765187276427,1785477765187280940,dp_ag1,1,16,55,dp_param_allgather:pg=27,1785477765179800687,2785647,dp_param_allgather,16,98621440,same_rank_edp_ag0,87710536,1785477765183725995,1785477765187160202,1785477765179308640,1.0,iter55:pp13:dp_ag1:round1:dp_param_allgather:pg=27,iter55:pp13:dp_ag1:round1:dp_param_allgather:pg=27:rel-b898e9d947e6,mock_oisa_scale_1.2,16827866,7851562,8976304,16827866,8976304,1785477765196136506,-1,4513,trace_group_end_lag_clamped,1785477765196131993
7480253,215,1785477765173237628,13,1785477765173237628,3912,1785477765187277028,1785477765187280940,dp_ag1,1,16,55,dp_param_allgather:pg=27,1785477765179800687,6563059,dp_param_allgather,16,98621440,same_rank_edp_ag0,87157354,1785477765179308640,1785477765187160202,1785477765179308640,1.0,iter55:pp13:dp_ag1:round1:dp_param_allgather:pg=27,iter55:pp13:dp_ag1:round1:dp_param_allgather:pg=27:rel-b898e9d947e6,mock_oisa_scale_1.2,16827866,7851562,8976304,16827866,8976304,1785477765196136506,-1,3912,trace_group_end_lag_clamped,1785477765196132594
7480253,216,1785477765174937753,13,1785477765173237628,45545,1785477765187235395,1785477765187280940,dp_ag1,1,16,55,dp_param_allgather:pg=27,1785477765179800687,4862934,dp_param_allgather,16,98621440,same_rank_edp_ag0,87216893,1785477765181339478,1785477765187160202,1785477765179308640,1.0,iter55:pp13:dp_ag1:round1:dp_param_allgather:pg=27,iter55:pp13:dp_ag1:round1:dp_param_allgather:pg=27:rel-b898e9d947e6,mock_oisa_scale_1.2,16827866,7851562,8976304,16827866,8976304,1785477765196136506,-1,45545,trace_group_end_lag_clamped,1785477765196090961
7480253,217,1785477765179262513,13,1785477765173237628,69585,1785477765187211355,1785477765187280940,dp_ag1,1,16,55,dp_param_allgather:pg=27,1785477765179800687,538174,dp_param_allgather,16,98621440,same_rank_edp_ag0,86682931,1785477765186622028,1785477765187160202,1785477765179308640,1.0,iter55:pp13:dp_ag1:round1:dp_param_allgather:pg=27,iter55:pp13:dp_ag1:round1:dp_param_allgather:pg=27:rel-b898e9d947e6,mock_oisa_scale_1.2,16827866,7851562,8976304,16827866,8976304,1785477765196136506,-1,69585,trace_group_end_lag_clamped,1785477765196066921
7480253,218,1785477765173822377,13,1785477765173237628,81295,1785477765187199645,1785477765187280940,dp_ag1,1,16,55,dp_param_allgather:pg=27,1785477765179800687,5978310,dp_param_allgather,16,98621440,same_rank_edp_ag0,87145224,1785477765180009970,1785477765187160202,1785477765179308640,1.0,iter55:pp13:dp_ag1:round1:dp_param_allgather:pg=27,iter55:pp13:dp_ag1:round1:dp_param_allgather:pg=27:rel-b898e9d947e6,mock_oisa_scale_1.2,16827866,7851562,8976304,16827866,8976304,1785477765196136506,-1,81295,trace_group_end_lag_clamped,1785477765196055211
7480253,219,1785477765175279159,13,1785477765173237628,46896,1785477765187234044,1785477765187280940,dp_ag1,1,16,55,dp_param_allgather:pg=27,1785477765179800687,4521528,dp_param_allgather,16,98621440,same_rank_edp_ag0,87251186,1785477765181742326,1785477765187160202,1785477765179308640,1.0,iter55:pp13:dp_ag1:round1:dp_param_allgather:pg=27,iter55:pp13:dp_ag1:round1:dp_param_allgather:pg=27:rel-b898e9d947e6,mock_oisa_scale_1.2,16827866,7851562,8976304,16827866,8976304,1785477765196136506,-1,46896,trace_group_end_lag_clamped,1785477765196089610
7480253,220,1785477765175507146,13,1785477765173237628,77513,1785477765187203427,1785477765187280940,dp_ag1,1,16,55,dp_param_allgather:pg=27,1785477765179800687,4293541,dp_param_allgather,16,98621440,same_rank_edp_ag0,87687466,1785477765181940239,1785477765187160202,1785477765179308640,1.0,iter55:pp13:dp_ag1:round1:dp_param_allgather:pg=27,iter55:pp13:dp_ag1:round1:dp_param_allgather:pg=27:rel-b898e9d947e6,mock_oisa_scale_1.2,16827866,7851562,8976304,16827866,8976304,1785477765196136506,-1,77513,trace_group_end_lag_clamped,1785477765196058993
7480253,221,1785477765173658734,13,1785477765173237628,39993,1785477765187240947,1785477765187280940,dp_ag1,1,16,55,dp_param_allgather:pg=27,1785477765179800687,6141953,dp_param_allgather,16,98621440,same_rank_edp_ag0,87291399,1785477765179798987,1785477765187160202,1785477765179308640,1.0,iter55:pp13:dp_ag1:round1:dp_param_allgather:pg=27,iter55:pp13:dp_ag1:round1:dp_param_allgather:pg=27:rel-b898e9d947e6,mock_oisa_scale_1.2,16827866,7851562,8976304,16827866,8976304,1785477765196136506,-1,39993,trace_group_end_lag_clamped,1785477765196096513
7480253,222,1785477765176077100,13,1785477765173237628,79489,1785477765187201451,1785477765187280940,dp_ag1,1,16,55,dp_param_allgather:pg=27,1785477765179800687,3723587,dp_param_allgather,16,98621440,same_rank_edp_ag0,86776715,1785477765182788055,1785477765187160202,1785477765179308640,1.0,iter55:pp13:dp_ag1:round1:dp_param_allgather:pg=27,iter55:pp13:dp_ag1:round1:dp_param_allgather:pg=27:rel-b898e9d947e6,mock_oisa_scale_1.2,16827866,7851562,8976304,16827866,8976304,1785477765196136506,-1,79489,trace_group_end_lag_clamped,1785477765196057017
7480253,223,1785477765173845554,13,1785477765173237628,70174,1785477765187210766,1785477765187280940,dp_ag1,1,16,55,dp_param_allgather:pg=27,1785477765179800687,5955133,dp_param_allgather,16,98621440,same_rank_edp_ag0,87814237,1785477765179916566,1785477765187160202,1785477765179308640,1.0,iter55:pp13:dp_ag1:round1:dp_param_allgather:pg=27,iter55:pp13:dp_ag1:round1:dp_param_allgather:pg=27:rel-b898e9d947e6,mock_oisa_scale_1.2,16827866,7851562,8976304,16827866,8976304,1785477765196136506,-1,70174,trace_group_end_lag_clamped,1785477765196066332
15880801,208,1785477754773589591,13,1785477754772841744,121632,1785477754953285455,1785477754953407087,dp_rs,0,16,55,dp_grad_reduce_scatter:pg=27,1785477754937526286,163936695,dp_grad_reduce_scatter,16,3155886080,pp_frontier,0,1785477754747891695,1785477754919095104,1785477754743867310,1.0,iter55:pp13:dp_rs:round0:dp_grad_reduce_scatter:pg=27,iter55:pp13:dp_rs:round0:dp_grad_reduce_scatter:pg=27:rel-1544ad2743d2,mock_oisa_scale_1.2,194284755,175227794,19056961,194284755,19056961,1785477754938152065,-1,121632,trace_group_end_lag_clamped,1785477754938030433
15880801,209,1785477754773075201,13,1785477754772841744,50143,1785477754953356944,1785477754953407087,dp_rs,0,16,55,dp_grad_reduce_scatter:pg=27,1785477754937526286,164451085,dp_grad_reduce_scatter,16,3155886080,pp_frontier,0,1785477754743867310,1785477754919095104,1785477754743867310,1.0,iter55:pp13:dp_rs:round0:dp_grad_reduce_scatter:pg=27,iter55:pp13:dp_rs:round0:dp_grad_reduce_scatter:pg=27:rel-1544ad2743d2,mock_oisa_scale_1.2,194284755,175227794,19056961,194284755,19056961,1785477754938152065,-1,50143,trace_group_end_lag_clamped,1785477754938101922
15880801,210,1785477754773378248,13,1785477754772841744,118793,1785477754953288294,1785477754953407087,dp_rs,0,16,55,dp_grad_reduce_scatter:pg=27,1785477754937526286,164148038,dp_grad_reduce_scatter,16,3155886080,pp_frontier,0,1785477754747311299,1785477754919095104,1785477754743867310,1.0,iter55:pp13:dp_rs:round0:dp_grad_reduce_scatter:pg=27,iter55:pp13:dp_rs:round0:dp_grad_reduce_scatter:pg=27:rel-1544ad2743d2,mock_oisa_scale_1.2,194284755,175227794,19056961,194284755,19056961,1785477754938152065,-1,118793,trace_group_end_lag_clamped,1785477754938033272
15880801,211,1785477754773158525,13,1785477754772841744,36667,1785477754953370420,1785477754953407087,dp_rs,0,16,55,dp_grad_reduce_scatter:pg=27,1785477754937526286,164367761,dp_grad_reduce_scatter,16,3155886080,pp_frontier,0,1785477754749131233,1785477754919095104,1785477754743867310,1.0,iter55:pp13:dp_rs:round0:dp_grad_reduce_scatter:pg=27,iter55:pp13:dp_rs:round0:dp_grad_reduce_scatter:pg=27:rel-1544ad2743d2,mock_oisa_scale_1.2,194284755,175227794,19056961,194284755,19056961,1785477754938152065,-1,36667,trace_group_end_lag_clamped,1785477754938115398
15880801,212,1785477754773315175,13,1785477754772841744,33143,1785477754953373944,1785477754953407087,dp_rs,0,16,55,dp_grad_reduce_scatter:pg=27,1785477754937526286,164211111,dp_grad_reduce_scatter,16,3155886080,pp_frontier,0,1785477754747574556,1785477754919095104,1785477754743867310,1.0,iter55:pp13:dp_rs:round0:dp_grad_reduce_scatter:pg=27,iter55:pp13:dp_rs:round0:dp_grad_reduce_scatter:pg=27:rel-1544ad2743d2,mock_oisa_scale_1.2,194284755,175227794,19056961,194284755,19056961,1785477754938152065,-1,33143,trace_group_end_lag_clamped,1785477754938118922
15880801,213,1785477754772841744,13,1785477754772841744,49166,1785477754953357921,1785477754953407087,dp_rs,0,16,55,dp_grad_reduce_scatter:pg=27,1785477754937526286,164684542,dp_grad_reduce_scatter,16,3155886080,pp_frontier,0,1785477754748597171,1785477754919095104,1785477754743867310,1.0,iter55:pp13:dp_rs:round0:dp_grad_reduce_scatter:pg=27,iter55:pp13:dp_rs:round0:dp_grad_reduce_scatter:pg=27:rel-1544ad2743d2,mock_oisa_scale_1.2,194284755,175227794,19056961,194284755,19056961,1785477754938152065,-1,49166,trace_group_end_lag_clamped,1785477754938102899
15880801,214,1785477754773307374,13,1785477754772841744,64288,1785477754953342799,1785477754953407087,dp_rs,0,16,55,dp_grad_reduce_scatter:pg=27,1785477754937526286,164218912,dp_grad_reduce_scatter,16,3155886080,pp_frontier,0,1785477754744392254,1785477754919095104,1785477754743867310,1.0,iter55:pp13:dp_rs:round0:dp_grad_reduce_scatter:pg=27,iter55:pp13:dp_rs:round0:dp_grad_reduce_scatter:pg=27:rel-1544ad2743d2,mock_oisa_scale_1.2,194284755,175227794,19056961,194284755,19056961,1785477754938152065,-1,64288,trace_group_end_lag_clamped,1785477754938087777
15880801,215,1785477754773228711,13,1785477754772841744,4339,1785477754953402748,1785477754953407087,dp_rs,0,16,55,dp_grad_reduce_scatter:pg=27,1785477754937526286,164297575,dp_grad_reduce_scatter,16,3155886080,pp_frontier,0,1785477754744049041,1785477754919095104,1785477754743867310,1.0,iter55:pp13:dp_rs:round0:dp_grad_reduce_scatter:pg=27,iter55:pp13:dp_rs:round0:dp_grad_reduce_scatter:pg=27:rel-1544ad2743d2,mock_oisa_scale_1.2,194284755,175227794,19056961,194284755,19056961,1785477754938152065,-1,4339,trace_group_end_lag_clamped,1785477754938147726
15880801,216,1785477754937526286,13,1785477754772841744,37438,1785477754953369649,1785477754953407087,dp_rs,0,16,55,dp_grad_reduce_scatter:pg=27,1785477754937526286,0,dp_grad_reduce_scatter,16,3155886080,pp_frontier,0,1785477754898205238,1785477754919095104,1785477754743867310,1.0,iter55:pp13:dp_rs:round0:dp_grad_reduce_scatter:pg=27,iter55:pp13:dp_rs:round0:dp_grad_reduce_scatter:pg=27:rel-1544ad2743d2,mock_oisa_scale_1.2,194284755,175227794,19056961,194284755,19056961,1785477754938152065,-1,37438,trace_group_end_lag_clamped,1785477754938114627
15880801,217,1785477754937408094,13,1785477754772841744,46549,1785477754953360538,1785477754953407087,dp_rs,0,16,55,dp_grad_reduce_scatter:pg=27,1785477754937526286,118192,dp_grad_reduce_scatter,16,3155886080,pp_frontier,0,1785477754899931456,1785477754919095104,1785477754743867310,1.0,iter55:pp13:dp_rs:round0:dp_grad_reduce_scatter:pg=27,iter55:pp13:dp_rs:round0:dp_grad_reduce_scatter:pg=27:rel-1544ad2743d2,mock_oisa_scale_1.2,194284755,175227794,19056961,194284755,19056961,1785477754938152065,-1,46549,trace_group_end_lag_clamped,1785477754938105516
15880801,218,1785477754937152703,13,1785477754772841744,67832,1785477754953339255,1785477754953407087,dp_rs,0,16,55,dp_grad_reduce_scatter:pg=27,1785477754937526286,373583,dp_grad_reduce_scatter,16,3155886080,pp_frontier,0,1785477754912323832,1785477754919095104,1785477754743867310,1.0,iter55:pp13:dp_rs:round0:dp_grad_reduce_scatter:pg=27,iter55:pp13:dp_rs:round0:dp_grad_reduce_scatter:pg=27:rel-1544ad2743d2,mock_oisa_scale_1.2,194284755,175227794,19056961,194284755,19056961,1785477754938152065,-1,67832,trace_group_end_lag_clamped,1785477754938084233
15880801,219,1785477754937480443,13,1785477754772841744,0,1785477754953407087,1785477754953407087,dp_rs,0,16,55,dp_grad_reduce_scatter:pg=27,1785477754937526286,45843,dp_grad_reduce_scatter,16,3155886080,pp_frontier,0,1785477754919095104,1785477754919095104,1785477754743867310,1.0,iter55:pp13:dp_rs:round0:dp_grad_reduce_scatter:pg=27,iter55:pp13:dp_rs:round0:dp_grad_reduce_scatter:pg=27:rel-1544ad2743d2,mock_oisa_scale_1.2,194284755,175227794,19056961,194284755,19056961,1785477754938152065,-1,0,trace_group_end_lag_clamped,1785477754938152065
15880801,220,1785477754937187851,13,1785477754772841744,10420,1785477754953396667,1785477754953407087,dp_rs,0,16,55,dp_grad_reduce_scatter:pg=27,1785477754937526286,338435,dp_grad_reduce_scatter,16,3155886080,pp_frontier,0,1785477754914729105,1785477754919095104,1785477754743867310,1.0,iter55:pp13:dp_rs:round0:dp_grad_reduce_scatter:pg=27,iter55:pp13:dp_rs:round0:dp_grad_reduce_scatter:pg=27:rel-1544ad2743d2,mock_oisa_scale_1.2,194284755,175227794,19056961,194284755,19056961,1785477754938152065,-1,10420,trace_group_end_lag_clamped,1785477754938141645
15880801,221,1785477754937250247,13,1785477754772841744,33065,1785477754953374022,1785477754953407087,dp_rs,0,16,55,dp_grad_reduce_scatter:pg=27,1785477754937526286,276039,dp_grad_reduce_scatter,16,3155886080,pp_frontier,0,1785477754914856476,1785477754919095104,1785477754743867310,1.0,iter55:pp13:dp_rs:round0:dp_grad_reduce_scatter:pg=27,iter55:pp13:dp_rs:round0:dp_grad_reduce_scatter:pg=27:rel-1544ad2743d2,mock_oisa_scale_1.2,194284755,175227794,19056961,194284755,19056961,1785477754938152065,-1,33065,trace_group_end_lag_clamped,1785477754938119000
15880801,222,1785477754936803614,13,1785477754772841744,29326,1785477754953377761,1785477754953407087,dp_rs,0,16,55,dp_grad_reduce_scatter:pg=27,1785477754937526286,722672,dp_grad_reduce_scatter,16,3155886080,pp_frontier,0,1785477754907192813,1785477754919095104,1785477754743867310,1.0,iter55:pp13:dp_rs:round0:dp_grad_reduce_scatter:pg=27,iter55:pp13:dp_rs:round0:dp_grad_reduce_scatter:pg=27:rel-1544ad2743d2,mock_oisa_scale_1.2,194284755,175227794,19056961,194284755,19056961,1785477754938152065,-1,29326,trace_group_end_lag_clamped,1785477754938122739
15880801,223,1785477754936840437,13,1785477754772841744,50597,1785477754953356490,1785477754953407087,dp_rs,0,16,55,dp_grad_reduce_scatter:pg=27,1785477754937526286,685849,dp_grad_reduce_scatter,16,3155886080,pp_frontier,0,1785477754908293563,1785477754919095104,1785477754743867310,1.0,iter55:pp13:dp_rs:round0:dp_grad_reduce_scatter:pg=27,iter55:pp13:dp_rs:round0:dp_grad_reduce_scatter:pg=27:rel-1544ad2743d2,mock_oisa_scale_1.2,194284755,175227794,19056961,194284755,19056961,1785477754938152065,-1,50597,trace_group_end_lag_clamped,1785477754938101468
53682882,208,1785477765034037978,13,1785477765034023172,34786,1785477765087686074,1785477765087720860,edp_ag0,0,2,55,expert_dp_param_allgather:pg=1251,1785477765034037978,0,expert_dp_param_allgather,2,1887436800,same_rank_dp_ag0,17880,1785477765029703127,1785477765029703127,1785477765029688321,1.0,iter55:pp13:edp_ag0:round0:expert_dp_param_allgather:pg=1251,iter55:pp13:edp_ag0:round0:expert_dp_param_allgather:pg=1251:rel-062609bab5cd,mock_oisa_scale_1.2,64434264,14806,64419458,64434264,64419458,1785477765094122585,-1,34786,trace_group_end_lag_clamped,1785477765094087799
53682882,216,1785477765034023172,13,1785477765034023172,0,1785477765087720860,1785477765087720860,edp_ag0,0,2,55,expert_dp_param_allgather:pg=1251,1785477765034037978,14806,expert_dp_param_allgather,2,1887436800,same_rank_dp_ag0,10720,1785477765029688321,1785477765029703127,1785477765029688321,1.0,iter55:pp13:edp_ag0:round0:expert_dp_param_allgather:pg=1251,iter55:pp13:edp_ag0:round0:expert_dp_param_allgather:pg=1251:rel-062609bab5cd,mock_oisa_scale_1.2,64434264,14806,64419458,64434264,64419458,1785477765094122585,-1,0,trace_group_end_lag_clamped,1785477765094122585
58471832,209,1785477765034107750,13,1785477765034006821,34176,1785477765092545406,1785477765092579582,edp_ag0,0,2,55,expert_dp_param_allgather:pg=1253,1785477765034107750,0,expert_dp_param_allgather,2,1887436800,same_rank_dp_ag0,59120,1785477765029772899,1785477765029772899,1785477765029671970,1.0,iter55:pp13:edp_ag0:round0:expert_dp_param_allgather:pg=1253,iter55:pp13:edp_ag0:round0:expert_dp_param_allgather:pg=1253:rel-81297033d10c,mock_oisa_scale_1.2,70267127,100929,70166198,70267127,70166198,1785477765099939097,-1,34176,trace_group_end_lag_clamped,1785477765099904921
58471832,217,1785477765034006821,13,1785477765034006821,0,1785477765092579582,1785477765092579582,edp_ag0,0,2,55,expert_dp_param_allgather:pg=1253,1785477765034107750,100929,expert_dp_param_allgather,2,1887436800,same_rank_dp_ag0,16161,1785477765029671970,1785477765029772899,1785477765029671970,1.0,iter55:pp13:edp_ag0:round0:expert_dp_param_allgather:pg=1253,iter55:pp13:edp_ag0:round0:expert_dp_param_allgather:pg=1253:rel-81297033d10c,mock_oisa_scale_1.2,70267127,100929,70166198,70267127,70166198,1785477765099939097,-1,0,trace_group_end_lag_clamped,1785477765099939097
52612221,210,1785477765034064932,13,1785477765034001361,21843,1785477765086655310,1785477765086677153,edp_ag0,0,2,55,expert_dp_param_allgather:pg=1255,1785477765034064932,0,expert_dp_param_allgather,2,1887436800,same_rank_dp_ag0,13840,1785477765029730081,1785477765029730081,1785477765029666510,1.0,iter55:pp13:edp_ag0:round0:expert_dp_param_allgather:pg=1255,iter55:pp13:edp_ag0:round0:expert_dp_param_allgather:pg=1255:rel-685bfdc0bb09,mock_oisa_scale_1.2,63198236,63571,63134665,63198236,63134665,1785477765092864746,-1,21843,trace_group_end_lag_clamped,1785477765092842903
52612221,218,1785477765034001361,13,1785477765034001361,0,1785477765086677153,1785477765086677153,edp_ag0,0,2,55,expert_dp_param_allgather:pg=1255,1785477765034064932,63571,expert_dp_param_allgather,2,1887436800,same_rank_dp_ag0,10880,1785477765029666510,1785477765029730081,1785477765029666510,1.0,iter55:pp13:edp_ag0:round0:expert_dp_param_allgather:pg=1255,iter55:pp13:edp_ag0:round0:expert_dp_param_allgather:pg=1255:rel-685bfdc0bb09,mock_oisa_scale_1.2,63198236,63571,63134665,63198236,63134665,1785477765092864746,-1,0,trace_group_end_lag_clamped,1785477765092864746
53990088,211,1785477765034062190,13,1785477765034000770,0,1785477765088052278,1785477765088052278,edp_ag0,0,2,55,expert_dp_param_allgather:pg=1257,1785477765034062190,0,expert_dp_param_allgather,2,1887436800,same_rank_dp_ag0,10960,1785477765029727339,1785477765029727339,1785477765029665919,1.0,iter55:pp13:edp_ag0:round0:expert_dp_param_allgather:pg=1257,iter55:pp13:edp_ag0:round0:expert_dp_param_allgather:pg=1257:rel-96d1f7a66074,mock_oisa_scale_1.2,64849526,61420,64788106,64849526,64788106,1785477765094515445,-1,0,trace_group_end_lag_clamped,1785477765094515445
53990088,219,1785477765034000770,13,1785477765034000770,24305,1785477765088027973,1785477765088052278,edp_ag0,0,2,55,expert_dp_param_allgather:pg=1257,1785477765034062190,61420,expert_dp_param_allgather,2,1887436800,same_rank_dp_ag0,10600,1785477765029665919,1785477765029727339,1785477765029665919,1.0,iter55:pp13:edp_ag0:round0:expert_dp_param_allgather:pg=1257,iter55:pp13:edp_ag0:round0:expert_dp_param_allgather:pg=1257:rel-96d1f7a66074,mock_oisa_scale_1.2,64849526,61420,64788106,64849526,64788106,1785477765094515445,-1,24305,trace_group_end_lag_clamped,1785477765094491140
53839721,212,1785477765034061443,13,1785477765034015173,0,1785477765087901164,1785477765087901164,edp_ag0,0,2,55,expert_dp_param_allgather:pg=1259,1785477765034061443,0,expert_dp_param_allgather,2,1887436800,same_rank_dp_ag0,18200,1785477765029726592,1785477765029726592,1785477765029680322,1.0,iter55:pp13:edp_ag0:round0:expert_dp_param_allgather:pg=1259,iter55:pp13:edp_ag0:round0:expert_dp_param_allgather:pg=1259:rel-76d59a51654e,mock_oisa_scale_1.2,64653935,46270,64607665,64653935,64607665,1785477765094334257,-1,0,trace_group_end_lag_clamped,1785477765094334257
53839721,220,1785477765034015173,13,1785477765034015173,81484,1785477765087819680,1785477765087901164,edp_ag0,0,2,55,expert_dp_param_allgather:pg=1259,1785477765034061443,46270,expert_dp_param_allgather,2,1887436800,same_rank_dp_ag0,10520,1785477765029680322,1785477765029726592,1785477765029680322,1.0,iter55:pp13:edp_ag0:round0:expert_dp_param_allgather:pg=1259,iter55:pp13:edp_ag0:round0:expert_dp_param_allgather:pg=1259:rel-76d59a51654e,mock_oisa_scale_1.2,64653935,46270,64607665,64653935,64607665,1785477765094334257,-1,81484,trace_group_end_lag_clamped,1785477765094252773
52375520,213,1785477765034061236,13,1785477765034026647,0,1785477765086436756,1785477765086436756,edp_ag0,0,2,55,expert_dp_param_allgather:pg=1261,1785477765034061236,0,expert_dp_param_allgather,2,1887436800,same_rank_dp_ag0,21320,1785477765029726385,1785477765029726385,1785477765029691796,1.0,iter55:pp13:edp_ag0:round0:expert_dp_param_allgather:pg=1261,iter55:pp13:edp_ag0:round0:expert_dp_param_allgather:pg=1261:rel-0c04a2707d64,mock_oisa_scale_1.2,62885213,34589,62850624,62885213,62850624,1785477765092577009,-1,0,trace_group_end_lag_clamped,1785477765092577009
52375520,221,1785477765034026647,13,1785477765034026647,69421,1785477765086367335,1785477765086436756,edp_ag0,0,2,55,expert_dp_param_allgather:pg=1261,1785477765034061236,34589,expert_dp_param_allgather,2,1887436800,same_rank_dp_ag0,30360,1785477765029691796,1785477765029726385,1785477765029691796,1.0,iter55:pp13:edp_ag0:round0:expert_dp_param_allgather:pg=1261,iter55:pp13:edp_ag0:round0:expert_dp_param_allgather:pg=1261:rel-0c04a2707d64,mock_oisa_scale_1.2,62885213,34589,62850624,62885213,62850624,1785477765092577009,-1,69421,trace_group_end_lag_clamped,1785477765092507588
55229031,214,1785477765034046061,13,1785477765034046061,0,1785477765089304504,1785477765089304504,edp_ag0,0,2,55,expert_dp_param_allgather:pg=1263,1785477765034075473,29412,expert_dp_param_allgather,2,1887436800,same_rank_dp_ag0,11400,1785477765029711210,1785477765029740622,1785477765029711210,1.0,iter55:pp13:edp_ag0:round0:expert_dp_param_allgather:pg=1263,iter55:pp13:edp_ag0:round0:expert_dp_param_allgather:pg=1263:rel-ace63aee3601,mock_oisa_scale_1.2,66304249,29412,66274837,66304249,66274837,1785477765096015459,-1,0,trace_group_end_lag_clamped,1785477765096015459
55229031,222,1785477765034075473,13,1785477765034046061,4119,1785477765089300385,1785477765089304504,edp_ag0,0,2,55,expert_dp_param_allgather:pg=1263,1785477765034075473,0,expert_dp_param_allgather,2,1887436800,same_rank_dp_ag0,56801,1785477765029740622,1785477765029740622,1785477765029711210,1.0,iter55:pp13:edp_ag0:round0:expert_dp_param_allgather:pg=1263,iter55:pp13:edp_ag0:round0:expert_dp_param_allgather:pg=1263:rel-ace63aee3601,mock_oisa_scale_1.2,66304249,29412,66274837,66304249,66274837,1785477765096015459,-1,4119,trace_group_end_lag_clamped,1785477765096011340
52029314,215,1785477765034050960,13,1785477765034034791,0,1785477765086080274,1785477765086080274,edp_ag0,0,2,55,expert_dp_param_allgather:pg=1265,1785477765034050960,0,expert_dp_param_allgather,2,1887436800,same_rank_dp_ag0,24240,1785477765029716109,1785477765029716109,1785477765029699940,1.0,iter55:pp13:edp_ag0:round0:expert_dp_param_allgather:pg=1265,iter55:pp13:edp_ag0:round0:expert_dp_param_allgather:pg=1265:rel-93d8251ed231,mock_oisa_scale_1.2,62451346,16169,62435177,62451346,62435177,1785477765092151286,-1,0,trace_group_end_lag_clamped,1785477765092151286
52029314,223,1785477765034034791,13,1785477765034034791,48957,1785477765086031317,1785477765086080274,edp_ag0,0,2,55,expert_dp_param_allgather:pg=1265,1785477765034050960,16169,expert_dp_param_allgather,2,1887436800,same_rank_dp_ag0,11160,1785477765029699940,1785477765029716109,1785477765029699940,1.0,iter55:pp13:edp_ag0:round0:expert_dp_param_allgather:pg=1265,iter55:pp13:edp_ag0:round0:expert_dp_param_allgather:pg=1265:rel-93d8251ed231,mock_oisa_scale_1.2,62451346,16169,62435177,62451346,62435177,1785477765092151286,-1,48957,trace_group_end_lag_clamped,1785477765092102329
59353493,208,1785477765187253471,13,1785477765187246195,50900,1785477765246556064,1785477765246606964,edp_ag1,1,2,55,expert_dp_param_allgather:pg=1251,1785477765187253471,0,expert_dp_param_allgather,2,1887436800,same_rank_dp_ag1,10672,1785477765196109037,1785477765196109037,1785477765196101761,1.0,iter55:pp13:edp_ag1:round1:expert_dp_param_allgather:pg=1251,iter55:pp13:edp_ag1:round1:expert_dp_param_allgather:pg=1251:rel-a53be91e5c3a,mock_oisa_scale_1.2,71231468,7276,71224192,71231468,71224192,1785477765267333229,-1,50900,trace_group_end_lag_clamped,1785477765267282329
59353493,216,1785477765187246195,13,1785477765187246195,0,1785477765246606964,1785477765246606964,edp_ag1,1,2,55,expert_dp_param_allgather:pg=1251,1785477765187253471,7276,expert_dp_param_allgather,2,1887436800,same_rank_dp_ag1,10800,1785477765196101761,1785477765196109037,1785477765196101761,1.0,iter55:pp13:edp_ag1:round1:expert_dp_param_allgather:pg=1251,iter55:pp13:edp_ag1:round1:expert_dp_param_allgather:pg=1251:rel-a53be91e5c3a,mock_oisa_scale_1.2,71231468,7276,71224192,71231468,71224192,1785477765267333229,-1,0,trace_group_end_lag_clamped,1785477765267333229
52727352,209,1785477765187281865,13,1785477765187221675,43061,1785477765239966156,1785477765240009217,edp_ag1,1,2,55,expert_dp_param_allgather:pg=1253,1785477765187281865,0,expert_dp_param_allgather,2,1887436800,same_rank_dp_ag1,10800,1785477765196137431,1785477765196137431,1785477765196077241,1.0,iter55:pp13:edp_ag1:round1:expert_dp_param_allgather:pg=1253,iter55:pp13:edp_ag1:round1:expert_dp_param_allgather:pg=1253:rel-494d9897c048,mock_oisa_scale_1.2,63333012,60190,63272822,63333012,63272822,1785477765259410253,-1,43061,trace_group_end_lag_clamped,1785477765259367192
52727352,217,1785477765187221675,13,1785477765187221675,0,1785477765240009217,1785477765240009217,edp_ag1,1,2,55,expert_dp_param_allgather:pg=1253,1785477765187281865,60190,expert_dp_param_allgather,2,1887436800,same_rank_dp_ag1,10320,1785477765196077241,1785477765196137431,1785477765196077241,1.0,iter55:pp13:edp_ag1:round1:expert_dp_param_allgather:pg=1253,iter55:pp13:edp_ag1:round1:expert_dp_param_allgather:pg=1253:rel-494d9897c048,mock_oisa_scale_1.2,63333012,60190,63272822,63333012,63272822,1785477765259410253,-1,0,trace_group_end_lag_clamped,1785477765259410253
51940351,210,1785477765187358404,13,1785477765187226565,37582,1785477765239261173,1785477765239298755,edp_ag1,1,2,55,expert_dp_param_allgather:pg=1255,1785477765187358404,0,expert_dp_param_allgather,2,1887436800,same_rank_dp_ag1,81423,1785477765196213970,1785477765196213970,1785477765196082131,1.0,iter55:pp13:edp_ag1:round1:expert_dp_param_allgather:pg=1255,iter55:pp13:edp_ag1:round1:expert_dp_param_allgather:pg=1255:rel-4bfaaed9ebb9,mock_oisa_scale_1.2,62460260,131839,62328421,62460260,62328421,1785477765258542391,-1,37582,trace_group_end_lag_clamped,1785477765258504809
51940351,218,1785477765187226565,13,1785477765187226565,0,1785477765239298755,1785477765239298755,edp_ag1,1,2,55,expert_dp_param_allgather:pg=1255,1785477765187358404,131839,expert_dp_param_allgather,2,1887436800,same_rank_dp_ag1,26920,1785477765196082131,1785477765196213970,1785477765196082131,1.0,iter55:pp13:edp_ag1:round1:expert_dp_param_allgather:pg=1255,iter55:pp13:edp_ag1:round1:expert_dp_param_allgather:pg=1255:rel-4bfaaed9ebb9,mock_oisa_scale_1.2,62460260,131839,62328421,62460260,62328421,1785477765258542391,-1,0,trace_group_end_lag_clamped,1785477765258542391
54930277,211,1785477765187335127,13,1785477765187245044,9024,1785477765242256380,1785477765242265404,edp_ag1,1,2,55,expert_dp_param_allgather:pg=1257,1785477765187335127,0,expert_dp_param_allgather,2,1887436800,same_rank_dp_ag1,61520,1785477765196190693,1785477765196190693,1785477765196100610,1.0,iter55:pp13:edp_ag1:round1:expert_dp_param_allgather:pg=1257,iter55:pp13:edp_ag1:round1:expert_dp_param_allgather:pg=1257:rel-733833e5775c,mock_oisa_scale_1.2,66006415,90083,65916332,66006415,65916332,1785477765262107025,-1,9024,trace_group_end_lag_clamped,1785477765262098001
54930277,219,1785477765187245044,13,1785477765187245044,0,1785477765242265404,1785477765242265404,edp_ag1,1,2,55,expert_dp_param_allgather:pg=1257,1785477765187335127,90083,expert_dp_param_allgather,2,1887436800,same_rank_dp_ag1,11000,1785477765196100610,1785477765196190693,1785477765196100610,1.0,iter55:pp13:edp_ag1:round1:expert_dp_param_allgather:pg=1257,iter55:pp13:edp_ag1:round1:expert_dp_param_allgather:pg=1257:rel-733833e5775c,mock_oisa_scale_1.2,66006415,90083,65916332,66006415,65916332,1785477765262107025,-1,0,trace_group_end_lag_clamped,1785477765262107025
51948217,212,1785477765187293220,13,1785477765187214467,0,1785477765239241437,1785477765239241437,edp_ag1,1,2,55,expert_dp_param_allgather:pg=1259,1785477765187293220,0,expert_dp_param_allgather,2,1887436800,same_rank_dp_ag1,12280,1785477765196148786,1785477765196148786,1785477765196070033,1.0,iter55:pp13:edp_ag1:round1:expert_dp_param_allgather:pg=1259,iter55:pp13:edp_ag1:round1:expert_dp_param_allgather:pg=1259:rel-ec494662412d,mock_oisa_scale_1.2,62416613,78753,62337860,62416613,62337860,1785477765258486646,-1,0,trace_group_end_lag_clamped,1785477765258486646
51948217,220,1785477765187214467,13,1785477765187214467,49029,1785477765239192408,1785477765239241437,edp_ag1,1,2,55,expert_dp_param_allgather:pg=1259,1785477765187293220,78753,expert_dp_param_allgather,2,1887436800,same_rank_dp_ag1,11040,1785477765196070033,1785477765196148786,1785477765196070033,1.0,iter55:pp13:edp_ag1:round1:expert_dp_param_allgather:pg=1259,iter55:pp13:edp_ag1:round1:expert_dp_param_allgather:pg=1259:rel-ec494662412d,mock_oisa_scale_1.2,62416613,78753,62337860,62416613,62337860,1785477765258486646,-1,49029,trace_group_end_lag_clamped,1785477765258437617
54250421,213,1785477765187239881,13,1785477765187239881,0,1785477765241513648,1785477765241513648,edp_ag1,1,2,55,expert_dp_param_allgather:pg=1261,1785477765187263227,23346,expert_dp_param_allgather,2,1887436800,same_rank_dp_ag1,12400,1785477765196095447,1785477765196118793,1785477765196095447,1.0,iter55:pp13:edp_ag1:round1:expert_dp_param_allgather:pg=1261,iter55:pp13:edp_ag1:round1:expert_dp_param_allgather:pg=1261:rel-8fee2c02ab25,mock_oisa_scale_1.2,65123851,23346,65100505,65123851,65100505,1785477765261219298,-1,0,trace_group_end_lag_clamped,1785477765261219298
54250421,221,1785477765187263227,13,1785477765187239881,75852,1785477765241437796,1785477765241513648,edp_ag1,1,2,55,expert_dp_param_allgather:pg=1261,1785477765187263227,0,expert_dp_param_allgather,2,1887436800,same_rank_dp_ag1,22280,1785477765196118793,1785477765196118793,1785477765196095447,1.0,iter55:pp13:edp_ag1:round1:expert_dp_param_allgather:pg=1261,iter55:pp13:edp_ag1:round1:expert_dp_param_allgather:pg=1261:rel-8fee2c02ab25,mock_oisa_scale_1.2,65123851,23346,65100505,65123851,65100505,1785477765261219298,-1,75852,trace_group_end_lag_clamped,1785477765261143446
52137998,214,1785477765187287027,13,1785477765187253051,7455,1785477765239417570,1785477765239425025,edp_ag1,1,2,55,expert_dp_param_allgather:pg=1263,1785477765187287027,0,expert_dp_param_allgather,2,1887436800,same_rank_dp_ag1,10600,1785477765196142593,1785477765196142593,1785477765196108617,1.0,iter55:pp13:edp_ag1:round1:expert_dp_param_allgather:pg=1263,iter55:pp13:edp_ag1:round1:expert_dp_param_allgather:pg=1263:rel-97b024b2f9e5,mock_oisa_scale_1.2,62599574,33976,62565598,62599574,62565598,1785477765258708191,-1,7455,trace_group_end_lag_clamped,1785477765258700736
52137998,222,1785477765187253051,13,1785477765187253051,0,1785477765239425025,1785477765239425025,edp_ag1,1,2,55,expert_dp_param_allgather:pg=1263,1785477765187287027,33976,expert_dp_param_allgather,2,1887436800,same_rank_dp_ag1,51600,1785477765196108617,1785477765196142593,1785477765196108617,1.0,iter55:pp13:edp_ag1:round1:expert_dp_param_allgather:pg=1263,iter55:pp13:edp_ag1:round1:expert_dp_param_allgather:pg=1263:rel-97b024b2f9e5,mock_oisa_scale_1.2,62599574,33976,62565598,62599574,62565598,1785477765258708191,-1,0,trace_group_end_lag_clamped,1785477765258708191
51940632,215,1785477765187287549,13,1785477765187222806,0,1785477765239228181,1785477765239228181,edp_ag1,1,2,55,expert_dp_param_allgather:pg=1265,1785477765187287549,0,expert_dp_param_allgather,2,1887436800,same_rank_dp_ag1,10521,1785477765196143115,1785477765196143115,1785477765196078372,1.0,iter55:pp13:edp_ag1:round1:expert_dp_param_allgather:pg=1265,iter55:pp13:edp_ag1:round1:expert_dp_param_allgather:pg=1265:rel-34ef0cd78eac,mock_oisa_scale_1.2,62393501,64743,62328758,62393501,62328758,1785477765258471873,-1,0,trace_group_end_lag_clamped,1785477765258471873
51940632,223,1785477765187222806,13,1785477765187222806,31970,1785477765239196211,1785477765239228181,edp_ag1,1,2,55,expert_dp_param_allgather:pg=1265,1785477765187287549,64743,expert_dp_param_allgather,2,1887436800,same_rank_dp_ag1,12040,1785477765196078372,1785477765196143115,1785477765196078372,1.0,iter55:pp13:edp_ag1:round1:expert_dp_param_allgather:pg=1265,iter55:pp13:edp_ag1:round1:expert_dp_param_allgather:pg=1265:rel-34ef0cd78eac,mock_oisa_scale_1.2,62393501,64743,62328758,62393501,62328758,1785477765258471873,-1,31970,trace_group_end_lag_clamped,1785477765258439903
215411084,208,1785477754971236745,13,1785477754971024972,0,1785477755186647829,1785477755186647829,edp_rs,0,2,55,expert_dp_grad_reduce_scatter:pg=1251,1785477754971236745,0,expert_dp_grad_reduce_scatter,2,7549747200,same_rank_dp_rs,17951290,1785477754955981723,1785477754955981723,1785477754955769950,1.0,iter55:pp13:edp_rs:round0:expert_dp_grad_reduce_scatter:pg=1251,iter55:pp13:edp_rs:round0:expert_dp_grad_reduce_scatter:pg=1251:rel-8145c37bb450,mock_oisa_scale_1.2,258705074,211773,258493301,258705074,258493301,1785477755214475024,-1,0,trace_group_end_lag_clamped,1785477755214475024
215411084,216,1785477754971024972,13,1785477754971024972,9781,1785477755186638048,1785477755186647829,edp_rs,0,2,55,expert_dp_grad_reduce_scatter:pg=1251,1785477754971236745,211773,expert_dp_grad_reduce_scatter,2,7549747200,same_rank_dp_rs,17655323,1785477754955769950,1785477754955981723,1785477754955769950,1.0,iter55:pp13:edp_rs:round0:expert_dp_grad_reduce_scatter:pg=1251,iter55:pp13:edp_rs:round0:expert_dp_grad_reduce_scatter:pg=1251:rel-8145c37bb450,mock_oisa_scale_1.2,258705074,211773,258493301,258705074,258493301,1785477755214475024,-1,9781,trace_group_end_lag_clamped,1785477755214465243
226269529,209,1785477754970961635,13,1785477754970805037,10084,1785477755197221080,1785477755197231164,edp_rs,0,2,55,expert_dp_grad_reduce_scatter:pg=1253,1785477754970961635,0,expert_dp_grad_reduce_scatter,2,7549747200,same_rank_dp_rs,17604691,1785477754955706613,1785477754955706613,1785477754955550015,1.0,iter55:pp13:edp_rs:round0:expert_dp_grad_reduce_scatter:pg=1253,iter55:pp13:edp_rs:round0:expert_dp_grad_reduce_scatter:pg=1253:rel-6b0a73685f01,mock_oisa_scale_1.2,271680033,156598,271523435,271680033,271523435,1785477755227230048,-1,10084,trace_group_end_lag_clamped,1785477755227219964
226269529,217,1785477754970805037,13,1785477754970805037,0,1785477755197231164,1785477755197231164,edp_rs,0,2,55,expert_dp_grad_reduce_scatter:pg=1253,1785477754970961635,156598,expert_dp_grad_reduce_scatter,2,7549747200,same_rank_dp_rs,17444499,1785477754955550015,1785477754955706613,1785477754955550015,1.0,iter55:pp13:edp_rs:round0:expert_dp_grad_reduce_scatter:pg=1253,iter55:pp13:edp_rs:round0:expert_dp_grad_reduce_scatter:pg=1253:rel-6b0a73685f01,mock_oisa_scale_1.2,271680033,156598,271523435,271680033,271523435,1785477755227230048,-1,0,trace_group_end_lag_clamped,1785477755227230048
195991248,210,1785477754970951147,13,1785477754970659289,25164,1785477755166917231,1785477755166942395,edp_rs,0,2,55,expert_dp_grad_reduce_scatter:pg=1255,1785477754970951147,0,expert_dp_grad_reduce_scatter,2,7549747200,same_rank_dp_rs,17662853,1785477754955696125,1785477754955696125,1785477754955404267,1.0,iter55:pp13:edp_rs:round0:expert_dp_grad_reduce_scatter:pg=1255,iter55:pp13:edp_rs:round0:expert_dp_grad_reduce_scatter:pg=1255:rel-3d0eafd1ee24,mock_oisa_scale_1.2,235481356,291858,235189498,235481356,235189498,1785477755190885623,-1,25164,trace_group_end_lag_clamped,1785477755190860459
195991248,218,1785477754970659289,13,1785477754970659289,0,1785477755166942395,1785477755166942395,edp_rs,0,2,55,expert_dp_grad_reduce_scatter:pg=1255,1785477754970951147,291858,expert_dp_grad_reduce_scatter,2,7549747200,same_rank_dp_rs,17320034,1785477754955404267,1785477754955696125,1785477754955404267,1.0,iter55:pp13:edp_rs:round0:expert_dp_grad_reduce_scatter:pg=1255,iter55:pp13:edp_rs:round0:expert_dp_grad_reduce_scatter:pg=1255:rel-3d0eafd1ee24,mock_oisa_scale_1.2,235481356,291858,235189498,235481356,235189498,1785477755190885623,-1,0,trace_group_end_lag_clamped,1785477755190885623
210601767,211,1785477754971092748,13,1785477754970900338,0,1785477755181694515,1785477755181694515,edp_rs,0,2,55,expert_dp_grad_reduce_scatter:pg=1257,1785477754971092748,0,expert_dp_grad_reduce_scatter,2,7549747200,same_rank_dp_rs,17722328,1785477754955837726,1785477754955837726,1785477754955645316,1.0,iter55:pp13:edp_rs:round0:expert_dp_grad_reduce_scatter:pg=1257,iter55:pp13:edp_rs:round0:expert_dp_grad_reduce_scatter:pg=1257:rel-79ddbd615254,mock_oisa_scale_1.2,252914530,192410,252722120,252914530,252722120,1785477755208559846,-1,0,trace_group_end_lag_clamped,1785477755208559846
210601767,219,1785477754970900338,13,1785477754970900338,77074,1785477755181617441,1785477755181694515,edp_rs,0,2,55,expert_dp_grad_reduce_scatter:pg=1257,1785477754971092748,192410,expert_dp_grad_reduce_scatter,2,7549747200,same_rank_dp_rs,17493251,1785477754955645316,1785477754955837726,1785477754955645316,1.0,iter55:pp13:edp_rs:round0:expert_dp_grad_reduce_scatter:pg=1257,iter55:pp13:edp_rs:round0:expert_dp_grad_reduce_scatter:pg=1257:rel-79ddbd615254,mock_oisa_scale_1.2,252914530,192410,252722120,252914530,252722120,1785477755208559846,-1,77074,trace_group_end_lag_clamped,1785477755208482772
225154746,212,1785477754971074441,13,1785477754970648407,56745,1785477755196172442,1785477755196229187,edp_rs,0,2,55,expert_dp_grad_reduce_scatter:pg=1259,1785477754971074441,0,expert_dp_grad_reduce_scatter,2,7549747200,same_rank_dp_rs,17700497,1785477754955819419,1785477754955819419,1785477754955393385,1.0,iter55:pp13:edp_rs:round0:expert_dp_grad_reduce_scatter:pg=1259,iter55:pp13:edp_rs:round0:expert_dp_grad_reduce_scatter:pg=1259:rel-347ea51e4b4d,mock_oisa_scale_1.2,270611729,426034,270185695,270611729,270185695,1785477755226005114,-1,56745,trace_group_end_lag_clamped,1785477755225948369
225154746,220,1785477754970648407,13,1785477754970648407,0,1785477755196229187,1785477755196229187,edp_rs,0,2,55,expert_dp_grad_reduce_scatter:pg=1259,1785477754971074441,426034,expert_dp_grad_reduce_scatter,2,7549747200,same_rank_dp_rs,17251740,1785477754955393385,1785477754955819419,1785477754955393385,1.0,iter55:pp13:edp_rs:round0:expert_dp_grad_reduce_scatter:pg=1259,iter55:pp13:edp_rs:round0:expert_dp_grad_reduce_scatter:pg=1259:rel-347ea51e4b4d,mock_oisa_scale_1.2,270611729,426034,270185695,270611729,270185695,1785477755226005114,-1,0,trace_group_end_lag_clamped,1785477755226005114
207900518,213,1785477754971080429,13,1785477754970943118,0,1785477755178980947,1785477755178980947,edp_rs,0,2,55,expert_dp_grad_reduce_scatter:pg=1261,1785477754971080429,0,expert_dp_grad_reduce_scatter,2,7549747200,same_rank_dp_rs,17722508,1785477754955825407,1785477754955825407,1785477754955688096,1.0,iter55:pp13:edp_rs:round0:expert_dp_grad_reduce_scatter:pg=1261,iter55:pp13:edp_rs:round0:expert_dp_grad_reduce_scatter:pg=1261:rel-327f9ee8aec6,mock_oisa_scale_1.2,249617933,137311,249480622,249617933,249480622,1785477755205306029,-1,0,trace_group_end_lag_clamped,1785477755205306029
207900518,221,1785477754970943118,13,1785477754970943118,120879,1785477755178860068,1785477755178980947,edp_rs,0,2,55,expert_dp_grad_reduce_scatter:pg=1261,1785477754971080429,137311,expert_dp_grad_reduce_scatter,2,7549747200,same_rank_dp_rs,17569096,1785477754955688096,1785477754955825407,1785477754955688096,1.0,iter55:pp13:edp_rs:round0:expert_dp_grad_reduce_scatter:pg=1261,iter55:pp13:edp_rs:round0:expert_dp_grad_reduce_scatter:pg=1261:rel-327f9ee8aec6,mock_oisa_scale_1.2,249617933,137311,249480622,249617933,249480622,1785477755205306029,-1,120879,trace_group_end_lag_clamped,1785477755205185150
209975689,214,1785477754971082627,13,1785477754970793192,0,1785477755181058316,1785477755181058316,edp_rs,0,2,55,expert_dp_grad_reduce_scatter:pg=1263,1785477754971082627,0,expert_dp_grad_reduce_scatter,2,7549747200,same_rank_dp_rs,17739828,1785477754955827605,1785477754955827605,1785477754955538170,1.0,iter55:pp13:edp_rs:round0:expert_dp_grad_reduce_scatter:pg=1263,iter55:pp13:edp_rs:round0:expert_dp_grad_reduce_scatter:pg=1263:rel-7dba9269df84,mock_oisa_scale_1.2,252260262,289435,251970827,252260262,251970827,1785477755207798432,-1,0,trace_group_end_lag_clamped,1785477755207798432
209975689,222,1785477754970793192,13,1785477754970793192,10735,1785477755181047581,1785477755181058316,edp_rs,0,2,55,expert_dp_grad_reduce_scatter:pg=1263,1785477754971082627,289435,expert_dp_grad_reduce_scatter,2,7549747200,same_rank_dp_rs,17415431,1785477754955538170,1785477754955827605,1785477754955538170,1.0,iter55:pp13:edp_rs:round0:expert_dp_grad_reduce_scatter:pg=1263,iter55:pp13:edp_rs:round0:expert_dp_grad_reduce_scatter:pg=1263:rel-7dba9269df84,mock_oisa_scale_1.2,252260262,289435,251970827,252260262,251970827,1785477755207798432,-1,10735,trace_group_end_lag_clamped,1785477755207787697
202382843,215,1785477754971048184,13,1785477754970989891,0,1785477755173431027,1785477755173431027,edp_rs,0,2,55,expert_dp_grad_reduce_scatter:pg=1265,1785477754971048184,0,expert_dp_grad_reduce_scatter,2,7549747200,same_rank_dp_rs,17645436,1785477754955793162,1785477754955793162,1785477754955734869,1.0,iter55:pp13:edp_rs:round0:expert_dp_grad_reduce_scatter:pg=1265,iter55:pp13:edp_rs:round0:expert_dp_grad_reduce_scatter:pg=1265:rel-7b403b21ec6e,mock_oisa_scale_1.2,242917705,58293,242859412,242917705,242859412,1785477755198652574,-1,0,trace_group_end_lag_clamped,1785477755198652574
202382843,223,1785477754970989891,13,1785477754970989891,55461,1785477755173375566,1785477755173431027,edp_rs,0,2,55,expert_dp_grad_reduce_scatter:pg=1265,1785477754971048184,58293,expert_dp_grad_reduce_scatter,2,7549747200,same_rank_dp_rs,17633401,1785477754955734869,1785477754955793162,1785477754955734869,1.0,iter55:pp13:edp_rs:round0:expert_dp_grad_reduce_scatter:pg=1265,iter55:pp13:edp_rs:round0:expert_dp_grad_reduce_scatter:pg=1265:rel-7b403b21ec6e,mock_oisa_scale_1.2,242917705,58293,242859412,242917705,242859412,1785477755198652574,-1,55461,trace_group_end_lag_clamped,1785477755198597113
12015173,224,1785477765026143152,14,1785477765025618223,80703,1785477765038318243,1785477765038398946,dp_ag0,0,16,55,dp_param_allgather:pg=29,1785477765026383773,240621,dp_param_allgather,16,98621440,world_rs_done,29466895,1785477765020326829,1785477765020567450,1785477765019801900,1.0,iter55:pp14:dp_ag0:round0:dp_param_allgather:pg=29,iter55:pp14:dp_ag0:round0:dp_param_allgather:pg=29:rel-c6b648fb20cd,mock_oisa_scale_1.2,15183758,765550,14418208,15183758,14418208,1785477765034985658,-1,80703,trace_group_end_lag_clamped,1785477765034904955
12015173,225,1785477765025751936,14,1785477765025618223,130726,1785477765038268220,1785477765038398946,dp_ag0,0,16,55,dp_param_allgather:pg=29,1785477765026383773,631837,dp_param_allgather,16,98621440,world_rs_done,29075679,1785477765019935613,1785477765020567450,1785477765019801900,1.0,iter55:pp14:dp_ag0:round0:dp_param_allgather:pg=29,iter55:pp14:dp_ag0:round0:dp_param_allgather:pg=29:rel-c6b648fb20cd,mock_oisa_scale_1.2,15183758,765550,14418208,15183758,14418208,1785477765034985658,-1,130726,trace_group_end_lag_clamped,1785477765034854932
12015173,226,1785477765026062182,14,1785477765025618223,201039,1785477765038197907,1785477765038398946,dp_ag0,0,16,55,dp_param_allgather:pg=29,1785477765026383773,321591,dp_param_allgather,16,98621440,world_rs_done,29385925,1785477765020245859,1785477765020567450,1785477765019801900,1.0,iter55:pp14:dp_ag0:round0:dp_param_allgather:pg=29,iter55:pp14:dp_ag0:round0:dp_param_allgather:pg=29:rel-c6b648fb20cd,mock_oisa_scale_1.2,15183758,765550,14418208,15183758,14418208,1785477765034985658,-1,201039,trace_group_end_lag_clamped,1785477765034784619
12015173,227,1785477765025905998,14,1785477765025618223,18272,1785477765038380674,1785477765038398946,dp_ag0,0,16,55,dp_param_allgather:pg=29,1785477765026383773,477775,dp_param_allgather,16,98621440,world_rs_done,29229741,1785477765020089675,1785477765020567450,1785477765019801900,1.0,iter55:pp14:dp_ag0:round0:dp_param_allgather:pg=29,iter55:pp14:dp_ag0:round0:dp_param_allgather:pg=29:rel-c6b648fb20cd,mock_oisa_scale_1.2,15183758,765550,14418208,15183758,14418208,1785477765034985658,-1,18272,trace_group_end_lag_clamped,1785477765034967386
12015173,228,1785477765025778496,14,1785477765025618223,270978,1785477765038127968,1785477765038398946,dp_ag0,0,16,55,dp_param_allgather:pg=29,1785477765026383773,605277,dp_param_allgather,16,98621440,world_rs_done,29102239,1785477765019962173,1785477765020567450,1785477765019801900,1.0,iter55:pp14:dp_ag0:round0:dp_param_allgather:pg=29,iter55:pp14:dp_ag0:round0:dp_param_allgather:pg=29:rel-c6b648fb20cd,mock_oisa_scale_1.2,15183758,765550,14418208,15183758,14418208,1785477765034985658,-1,270978,trace_group_end_lag_clamped,1785477765034714680
12015173,229,1785477765025694455,14,1785477765025618223,28059,1785477765038370887,1785477765038398946,dp_ag0,0,16,55,dp_param_allgather:pg=29,1785477765026383773,689318,dp_param_allgather,16,98621440,world_rs_done,29018198,1785477765019878132,1785477765020567450,1785477765019801900,1.0,iter55:pp14:dp_ag0:round0:dp_param_allgather:pg=29,iter55:pp14:dp_ag0:round0:dp_param_allgather:pg=29:rel-c6b648fb20cd,mock_oisa_scale_1.2,15183758,765550,14418208,15183758,14418208,1785477765034985658,-1,28059,trace_group_end_lag_clamped,1785477765034957599
12015173,230,1785477765025876707,14,1785477765025618223,33408,1785477765038365538,1785477765038398946,dp_ag0,0,16,55,dp_param_allgather:pg=29,1785477765026383773,507066,dp_param_allgather,16,98621440,world_rs_done,29200450,1785477765020060384,1785477765020567450,1785477765019801900,1.0,iter55:pp14:dp_ag0:round0:dp_param_allgather:pg=29,iter55:pp14:dp_ag0:round0:dp_param_allgather:pg=29:rel-c6b648fb20cd,mock_oisa_scale_1.2,15183758,765550,14418208,15183758,14418208,1785477765034985658,-1,33408,trace_group_end_lag_clamped,1785477765034952250
12015173,231,1785477765026137309,14,1785477765025618223,45697,1785477765038353249,1785477765038398946,dp_ag0,0,16,55,dp_param_allgather:pg=29,1785477765026383773,246464,dp_param_allgather,16,98621440,world_rs_done,29461052,1785477765020320986,1785477765020567450,1785477765019801900,1.0,iter55:pp14:dp_ag0:round0:dp_param_allgather:pg=29,iter55:pp14:dp_ag0:round0:dp_param_allgather:pg=29:rel-c6b648fb20cd,mock_oisa_scale_1.2,15183758,765550,14418208,15183758,14418208,1785477765034985658,-1,45697,trace_group_end_lag_clamped,1785477765034939961
12015173,232,1785477765026220280,14,1785477765025618223,22277,1785477765038376669,1785477765038398946,dp_ag0,0,16,55,dp_param_allgather:pg=29,1785477765026383773,163493,dp_param_allgather,16,98621440,world_rs_done,29544023,1785477765020403957,1785477765020567450,1785477765019801900,1.0,iter55:pp14:dp_ag0:round0:dp_param_allgather:pg=29,iter55:pp14:dp_ag0:round0:dp_param_allgather:pg=29:rel-c6b648fb20cd,mock_oisa_scale_1.2,15183758,765550,14418208,15183758,14418208,1785477765034985658,-1,22277,trace_group_end_lag_clamped,1785477765034963381
12015173,233,1785477765025618223,14,1785477765025618223,4174,1785477765038394772,1785477765038398946,dp_ag0,0,16,55,dp_param_allgather:pg=29,1785477765026383773,765550,dp_param_allgather,16,98621440,world_rs_done,28941966,1785477765019801900,1785477765020567450,1785477765019801900,1.0,iter55:pp14:dp_ag0:round0:dp_param_allgather:pg=29,iter55:pp14:dp_ag0:round0:dp_param_allgather:pg=29:rel-c6b648fb20cd,mock_oisa_scale_1.2,15183758,765550,14418208,15183758,14418208,1785477765034985658,-1,4174,trace_group_end_lag_clamped,1785477765034981484
12015173,234,1785477765025826428,14,1785477765025618223,0,1785477765038398946,1785477765038398946,dp_ag0,0,16,55,dp_param_allgather:pg=29,1785477765026383773,557345,dp_param_allgather,16,98621440,world_rs_done,29150171,1785477765020010105,1785477765020567450,1785477765019801900,1.0,iter55:pp14:dp_ag0:round0:dp_param_allgather:pg=29,iter55:pp14:dp_ag0:round0:dp_param_allgather:pg=29:rel-c6b648fb20cd,mock_oisa_scale_1.2,15183758,765550,14418208,15183758,14418208,1785477765034985658,-1,0,trace_group_end_lag_clamped,1785477765034985658
12015173,235,1785477765026383773,14,1785477765025618223,147650,1785477765038251296,1785477765038398946,dp_ag0,0,16,55,dp_param_allgather:pg=29,1785477765026383773,0,dp_param_allgather,16,98621440,world_rs_done,29707516,1785477765020567450,1785477765020567450,1785477765019801900,1.0,iter55:pp14:dp_ag0:round0:dp_param_allgather:pg=29,iter55:pp14:dp_ag0:round0:dp_param_allgather:pg=29:rel-c6b648fb20cd,mock_oisa_scale_1.2,15183758,765550,14418208,15183758,14418208,1785477765034985658,-1,147650,trace_group_end_lag_clamped,1785477765034838008
12015173,236,1785477765025926556,14,1785477765025618223,815,1785477765038398131,1785477765038398946,dp_ag0,0,16,55,dp_param_allgather:pg=29,1785477765026383773,457217,dp_param_allgather,16,98621440,world_rs_done,29250299,1785477765020110233,1785477765020567450,1785477765019801900,1.0,iter55:pp14:dp_ag0:round0:dp_param_allgather:pg=29,iter55:pp14:dp_ag0:round0:dp_param_allgather:pg=29:rel-c6b648fb20cd,mock_oisa_scale_1.2,15183758,765550,14418208,15183758,14418208,1785477765034985658,-1,815,trace_group_end_lag_clamped,1785477765034984843
12015173,237,1785477765025952101,14,1785477765025618223,113559,1785477765038285387,1785477765038398946,dp_ag0,0,16,55,dp_param_allgather:pg=29,1785477765026383773,431672,dp_param_allgather,16,98621440,world_rs_done,29275844,1785477765020135778,1785477765020567450,1785477765019801900,1.0,iter55:pp14:dp_ag0:round0:dp_param_allgather:pg=29,iter55:pp14:dp_ag0:round0:dp_param_allgather:pg=29:rel-c6b648fb20cd,mock_oisa_scale_1.2,15183758,765550,14418208,15183758,14418208,1785477765034985658,-1,113559,trace_group_end_lag_clamped,1785477765034872099
12015173,238,1785477765026100134,14,1785477765025618223,151110,1785477765038247836,1785477765038398946,dp_ag0,0,16,55,dp_param_allgather:pg=29,1785477765026383773,283639,dp_param_allgather,16,98621440,world_rs_done,29423877,1785477765020283811,1785477765020567450,1785477765019801900,1.0,iter55:pp14:dp_ag0:round0:dp_param_allgather:pg=29,iter55:pp14:dp_ag0:round0:dp_param_allgather:pg=29:rel-c6b648fb20cd,mock_oisa_scale_1.2,15183758,765550,14418208,15183758,14418208,1785477765034985658,-1,151110,trace_group_end_lag_clamped,1785477765034834548
12015173,239,1785477765026026874,14,1785477765025618223,43327,1785477765038355619,1785477765038398946,dp_ag0,0,16,55,dp_param_allgather:pg=29,1785477765026383773,356899,dp_param_allgather,16,98621440,world_rs_done,29350617,1785477765020210551,1785477765020567450,1785477765019801900,1.0,iter55:pp14:dp_ag0:round0:dp_param_allgather:pg=29,iter55:pp14:dp_ag0:round0:dp_param_allgather:pg=29:rel-c6b648fb20cd,mock_oisa_scale_1.2,15183758,765550,14418208,15183758,14418208,1785477765034985658,-1,43327,trace_group_end_lag_clamped,1785477765034942331
10537533,224,1785477765183042913,14,1785477765178480221,22442,1785477765203698036,1785477765203720478,dp_ag1,1,16,55,dp_param_allgather:pg=29,1785477765193182945,10140032,dp_param_allgather,16,98621440,same_rank_edp_ag0,86702071,1785477765191229662,1785477765203092505,1785477765185557946,1.0,iter55:pp14:dp_ag1:round1:dp_param_allgather:pg=29,iter55:pp14:dp_ag1:round1:dp_param_allgather:pg=29:rel-a555ff219e97,mock_oisa_scale_1.2,30179599,17534559,12645040,30179599,12645040,1785477765215737545,-1,22442,trace_group_end_lag_clamped,1785477765215715103
10537533,225,1785477765180314187,14,1785477765178480221,21084,1785477765203699394,1785477765203720478,dp_ag1,1,16,55,dp_param_allgather:pg=29,1785477765193182945,12868758,dp_param_allgather,16,98621440,same_rank_edp_ag0,88197309,1785477765187648635,1785477765203092505,1785477765185557946,1.0,iter55:pp14:dp_ag1:round1:dp_param_allgather:pg=29,iter55:pp14:dp_ag1:round1:dp_param_allgather:pg=29:rel-a555ff219e97,mock_oisa_scale_1.2,30179599,17534559,12645040,30179599,12645040,1785477765215737545,-1,21084,trace_group_end_lag_clamped,1785477765215716461
10537533,226,1785477765178709567,14,1785477765178480221,46942,1785477765203673536,1785477765203720478,dp_ag1,1,16,55,dp_param_allgather:pg=29,1785477765193182945,14473378,dp_param_allgather,16,98621440,same_rank_edp_ag0,86484429,1785477765186059309,1785477765203092505,1785477765185557946,1.0,iter55:pp14:dp_ag1:round1:dp_param_allgather:pg=29,iter55:pp14:dp_ag1:round1:dp_param_allgather:pg=29:rel-a555ff219e97,mock_oisa_scale_1.2,30179599,17534559,12645040,30179599,12645040,1785477765215737545,-1,46942,trace_group_end_lag_clamped,1785477765215690603
10537533,227,1785477765183665710,14,1785477765178480221,17735,1785477765203702743,1785477765203720478,dp_ag1,1,16,55,dp_param_allgather:pg=29,1785477765193182945,9517235,dp_param_allgather,16,98621440,same_rank_edp_ag0,87708655,1785477765191762591,1785477765203092505,1785477765185557946,1.0,iter55:pp14:dp_ag1:round1:dp_param_allgather:pg=29,iter55:pp14:dp_ag1:round1:dp_param_allgather:pg=29:rel-a555ff219e97,mock_oisa_scale_1.2,30179599,17534559,12645040,30179599,12645040,1785477765215737545,-1,17735,trace_group_end_lag_clamped,1785477765215719810
10537533,228,1785477765178480221,14,1785477765178480221,29117,1785477765203691361,1785477765203720478,dp_ag1,1,16,55,dp_param_allgather:pg=29,1785477765193182945,14702724,dp_param_allgather,16,98621440,same_rank_edp_ag0,87616467,1785477765185557946,1785477765203092505,1785477765185557946,1.0,iter55:pp14:dp_ag1:round1:dp_param_allgather:pg=29,iter55:pp14:dp_ag1:round1:dp_param_allgather:pg=29:rel-a555ff219e97,mock_oisa_scale_1.2,30179599,17534559,12645040,30179599,12645040,1785477765215737545,-1,29117,trace_group_end_lag_clamped,1785477765215708428
10537533,229,1785477765187883378,14,1785477765178480221,39260,1785477765203681218,1785477765203720478,dp_ag1,1,16,55,dp_param_allgather:pg=29,1785477765193182945,5299567,dp_param_allgather,16,98621440,same_rank_edp_ag0,87189176,1785477765196944077,1785477765203092505,1785477765185557946,1.0,iter55:pp14:dp_ag1:round1:dp_param_allgather:pg=29,iter55:pp14:dp_ag1:round1:dp_param_allgather:pg=29:rel-a555ff219e97,mock_oisa_scale_1.2,30179599,17534559,12645040,30179599,12645040,1785477765215737545,-1,39260,trace_group_end_lag_clamped,1785477765215698285
10537533,230,1785477765191590269,14,1785477765178480221,48139,1785477765203672339,1785477765203720478,dp_ag1,1,16,55,dp_param_allgather:pg=29,1785477765193182945,1592676,dp_param_allgather,16,98621440,same_rank_edp_ag0,86588690,1785477765201499829,1785477765203092505,1785477765185557946,1.0,iter55:pp14:dp_ag1:round1:dp_param_allgather:pg=29,iter55:pp14:dp_ag1:round1:dp_param_allgather:pg=29:rel-a555ff219e97,mock_oisa_scale_1.2,30179599,17534559,12645040,30179599,12645040,1785477765215737545,-1,48139,trace_group_end_lag_clamped,1785477765215689406
10537533,231,1785477765188874337,14,1785477765178480221,30916,1785477765203689562,1785477765203720478,dp_ag1,1,16,55,dp_param_allgather:pg=29,1785477765193182945,4308608,dp_param_allgather,16,98621440,same_rank_edp_ag0,87567544,1785477765198062635,1785477765203092505,1785477765185557946,1.0,iter55:pp14:dp_ag1:round1:dp_param_allgather:pg=29,iter55:pp14:dp_ag1:round1:dp_param_allgather:pg=29:rel-a555ff219e97,mock_oisa_scale_1.2,30179599,17534559,12645040,30179599,12645040,1785477765215737545,-1,30916,trace_group_end_lag_clamped,1785477765215706629
10537533,232,1785477765184020376,14,1785477765178480221,25560,1785477765203694918,1785477765203720478,dp_ag1,1,16,55,dp_param_allgather:pg=29,1785477765193182945,9162569,dp_param_allgather,16,98621440,same_rank_edp_ag0,87633080,1785477765192207125,1785477765203092505,1785477765185557946,1.0,iter55:pp14:dp_ag1:round1:dp_param_allgather:pg=29,iter55:pp14:dp_ag1:round1:dp_param_allgather:pg=29:rel-a555ff219e97,mock_oisa_scale_1.2,30179599,17534559,12645040,30179599,12645040,1785477765215737545,-1,25560,trace_group_end_lag_clamped,1785477765215711985
10537533,233,1785477765180431251,14,1785477765178480221,8895,1785477765203711583,1785477765203720478,dp_ag1,1,16,55,dp_param_allgather:pg=29,1785477765193182945,12751694,dp_param_allgather,16,98621440,same_rank_edp_ag0,88249598,1785477765187765699,1785477765203092505,1785477765185557946,1.0,iter55:pp14:dp_ag1:round1:dp_param_allgather:pg=29,iter55:pp14:dp_ag1:round1:dp_param_allgather:pg=29:rel-a555ff219e97,mock_oisa_scale_1.2,30179599,17534559,12645040,30179599,12645040,1785477765215737545,-1,8895,trace_group_end_lag_clamped,1785477765215728650
10537533,234,1785477765180460266,14,1785477765178480221,1637,1785477765203718841,1785477765203720478,dp_ag1,1,16,55,dp_param_allgather:pg=29,1785477765193182945,12722679,dp_param_allgather,16,98621440,same_rank_edp_ag0,88276159,1785477765187810008,1785477765203092505,1785477765185557946,1.0,iter55:pp14:dp_ag1:round1:dp_param_allgather:pg=29,iter55:pp14:dp_ag1:round1:dp_param_allgather:pg=29:rel-a555ff219e97,mock_oisa_scale_1.2,30179599,17534559,12645040,30179599,12645040,1785477765215737545,-1,1637,trace_group_end_lag_clamped,1785477765215735908
10537533,235,1785477765183215492,14,1785477765178480221,22868,1785477765203697610,1785477765203720478,dp_ag1,1,16,55,dp_param_allgather:pg=29,1785477765193182945,9967453,dp_param_allgather,16,98621440,same_rank_edp_ag0,87228851,1785477765191312373,1785477765203092505,1785477765185557946,1.0,iter55:pp14:dp_ag1:round1:dp_param_allgather:pg=29,iter55:pp14:dp_ag1:round1:dp_param_allgather:pg=29:rel-a555ff219e97,mock_oisa_scale_1.2,30179599,17534559,12645040,30179599,12645040,1785477765215737545,-1,22868,trace_group_end_lag_clamped,1785477765215714677
10537533,236,1785477765178604594,14,1785477765178480221,9612,1785477765203710866,1785477765203720478,dp_ag1,1,16,55,dp_param_allgather:pg=29,1785477765193182945,14578351,dp_param_allgather,16,98621440,same_rank_edp_ag0,87781390,1785477765185682319,1785477765203092505,1785477765185557946,1.0,iter55:pp14:dp_ag1:round1:dp_param_allgather:pg=29,iter55:pp14:dp_ag1:round1:dp_param_allgather:pg=29:rel-a555ff219e97,mock_oisa_scale_1.2,30179599,17534559,12645040,30179599,12645040,1785477765215737545,-1,9612,trace_group_end_lag_clamped,1785477765215727933
10537533,237,1785477765188420460,14,1785477765178480221,96202,1785477765203624276,1785477765203720478,dp_ag1,1,16,55,dp_param_allgather:pg=29,1785477765193182945,4762485,dp_param_allgather,16,98621440,same_rank_edp_ag0,87668720,1785477765197481159,1785477765203092505,1785477765185557946,1.0,iter55:pp14:dp_ag1:round1:dp_param_allgather:pg=29,iter55:pp14:dp_ag1:round1:dp_param_allgather:pg=29:rel-a555ff219e97,mock_oisa_scale_1.2,30179599,17534559,12645040,30179599,12645040,1785477765215737545,-1,96202,trace_group_end_lag_clamped,1785477765215641343
10537533,238,1785477765193182945,14,1785477765178480221,0,1785477765203720478,1785477765203720478,dp_ag1,1,16,55,dp_param_allgather:pg=29,1785477765193182945,0,dp_param_allgather,16,98621440,same_rank_edp_ag0,88247403,1785477765203092505,1785477765203092505,1785477765185557946,1.0,iter55:pp14:dp_ag1:round1:dp_param_allgather:pg=29,iter55:pp14:dp_ag1:round1:dp_param_allgather:pg=29:rel-a555ff219e97,mock_oisa_scale_1.2,30179599,17534559,12645040,30179599,12645040,1785477765215737545,-1,0,trace_group_end_lag_clamped,1785477765215737545
10537533,239,1785477765192137975,14,1785477765178480221,8399,1785477765203712079,1785477765203720478,dp_ag1,1,16,55,dp_param_allgather:pg=29,1785477765193182945,1044970,dp_param_allgather,16,98621440,same_rank_edp_ag0,90763706,1785477765201326273,1785477765203092505,1785477765185557946,1.0,iter55:pp14:dp_ag1:round1:dp_param_allgather:pg=29,iter55:pp14:dp_ag1:round1:dp_param_allgather:pg=29:rel-a555ff219e97,mock_oisa_scale_1.2,30179599,17534559,12645040,30179599,12645040,1785477765215737545,-1,8399,trace_group_end_lag_clamped,1785477765215729146
17192383,224,1785477753993809290,14,1785477753992553001,0,1785477754174666279,1785477754174666279,dp_rs,0,16,55,dp_grad_reduce_scatter:pg=29,1785477754157473896,163664606,dp_grad_reduce_scatter,16,3155886080,pp_frontier,0,1785477753967319299,1785477754137707356,1785477753962774768,1.0,iter55:pp14:dp_rs:round0:dp_grad_reduce_scatter:pg=29,iter55:pp14:dp_rs:round0:dp_grad_reduce_scatter:pg=29:rel-420c95dd30c3,mock_oisa_scale_1.2,195563448,174932588,20630860,195563448,20630860,1785477754158338216,-1,0,trace_group_end_lag_clamped,1785477754158338216
17192383,225,1785477753992553001,14,1785477753992553001,1221893,1785477754173444386,1785477754174666279,dp_rs,0,16,55,dp_grad_reduce_scatter:pg=29,1785477754157473896,164920895,dp_grad_reduce_scatter,16,3155886080,pp_frontier,0,1785477753962774768,1785477754137707356,1785477753962774768,1.0,iter55:pp14:dp_rs:round0:dp_grad_reduce_scatter:pg=29,iter55:pp14:dp_rs:round0:dp_grad_reduce_scatter:pg=29:rel-420c95dd30c3,mock_oisa_scale_1.2,195563448,174932588,20630860,195563448,20630860,1785477754158338216,-1,1221893,trace_group_end_lag_clamped,1785477754157116323
17192383,226,1785477753994488836,14,1785477753992553001,459839,1785477754174206440,1785477754174666279,dp_rs,0,16,55,dp_grad_reduce_scatter:pg=29,1785477754157473896,162985060,dp_grad_reduce_scatter,16,3155886080,pp_frontier,0,1785477753968281197,1785477754137707356,1785477753962774768,1.0,iter55:pp14:dp_rs:round0:dp_grad_reduce_scatter:pg=29,iter55:pp14:dp_rs:round0:dp_grad_reduce_scatter:pg=29:rel-420c95dd30c3,mock_oisa_scale_1.2,195563448,174932588,20630860,195563448,20630860,1785477754158338216,-1,459839,trace_group_end_lag_clamped,1785477754157878377
17192383,227,1785477753993350283,14,1785477753992553001,93211,1785477754174573068,1785477754174666279,dp_rs,0,16,55,dp_grad_reduce_scatter:pg=29,1785477754157473896,164123613,dp_grad_reduce_scatter,16,3155886080,pp_frontier,0,1785477753970042323,1785477754137707356,1785477753962774768,1.0,iter55:pp14:dp_rs:round0:dp_grad_reduce_scatter:pg=29,iter55:pp14:dp_rs:round0:dp_grad_reduce_scatter:pg=29:rel-420c95dd30c3,mock_oisa_scale_1.2,195563448,174932588,20630860,195563448,20630860,1785477754158338216,-1,93211,trace_group_end_lag_clamped,1785477754158245005
17192383,228,1785477753993537303,14,1785477753992553001,96469,1785477754174569810,1785477754174666279,dp_rs,0,16,55,dp_grad_reduce_scatter:pg=29,1785477754157473896,163936593,dp_grad_reduce_scatter,16,3155886080,pp_frontier,0,1785477753967943191,1785477754137707356,1785477753962774768,1.0,iter55:pp14:dp_rs:round0:dp_grad_reduce_scatter:pg=29,iter55:pp14:dp_rs:round0:dp_grad_reduce_scatter:pg=29:rel-420c95dd30c3,mock_oisa_scale_1.2,195563448,174932588,20630860,195563448,20630860,1785477754158338216,-1,96469,trace_group_end_lag_clamped,1785477754158241747
17192383,229,1785477753993072387,14,1785477753992553001,95145,1785477754174571134,1785477754174666279,dp_rs,0,16,55,dp_grad_reduce_scatter:pg=29,1785477754157473896,164401509,dp_grad_reduce_scatter,16,3155886080,pp_frontier,0,1785477753968435298,1785477754137707356,1785477753962774768,1.0,iter55:pp14:dp_rs:round0:dp_grad_reduce_scatter:pg=29,iter55:pp14:dp_rs:round0:dp_grad_reduce_scatter:pg=29:rel-420c95dd30c3,mock_oisa_scale_1.2,195563448,174932588,20630860,195563448,20630860,1785477754158338216,-1,95145,trace_group_end_lag_clamped,1785477754158243071
17192383,230,1785477753993449823,14,1785477753992553001,98340,1785477754174567939,1785477754174666279,dp_rs,0,16,55,dp_grad_reduce_scatter:pg=29,1785477754157473896,164024073,dp_grad_reduce_scatter,16,3155886080,pp_frontier,0,1785477753965158362,1785477754137707356,1785477753962774768,1.0,iter55:pp14:dp_rs:round0:dp_grad_reduce_scatter:pg=29,iter55:pp14:dp_rs:round0:dp_grad_reduce_scatter:pg=29:rel-420c95dd30c3,mock_oisa_scale_1.2,195563448,174932588,20630860,195563448,20630860,1785477754158338216,-1,98340,trace_group_end_lag_clamped,1785477754158239876
17192383,231,1785477753994106627,14,1785477753992553001,75683,1785477754174590596,1785477754174666279,dp_rs,0,16,55,dp_grad_reduce_scatter:pg=29,1785477754157473896,163367269,dp_grad_reduce_scatter,16,3155886080,pp_frontier,0,1785477753965898364,1785477754137707356,1785477753962774768,1.0,iter55:pp14:dp_rs:round0:dp_grad_reduce_scatter:pg=29,iter55:pp14:dp_rs:round0:dp_grad_reduce_scatter:pg=29:rel-420c95dd30c3,mock_oisa_scale_1.2,195563448,174932588,20630860,195563448,20630860,1785477754158338216,-1,75683,trace_group_end_lag_clamped,1785477754158262533
17192383,232,1785477754156351875,14,1785477753992553001,1267578,1785477754173398701,1785477754174666279,dp_rs,0,16,55,dp_grad_reduce_scatter:pg=29,1785477754157473896,1122021,dp_grad_reduce_scatter,16,3155886080,pp_frontier,0,1785477754117286925,1785477754137707356,1785477753962774768,1.0,iter55:pp14:dp_rs:round0:dp_grad_reduce_scatter:pg=29,iter55:pp14:dp_rs:round0:dp_grad_reduce_scatter:pg=29:rel-420c95dd30c3,mock_oisa_scale_1.2,195563448,174932588,20630860,195563448,20630860,1785477754158338216,-1,1267578,trace_group_end_lag_clamped,1785477754157070638
17192383,233,1785477754156868788,14,1785477753992553001,69891,1785477754174596388,1785477754174666279,dp_rs,0,16,55,dp_grad_reduce_scatter:pg=29,1785477754157473896,605108,dp_grad_reduce_scatter,16,3155886080,pp_frontier,0,1785477754120122818,1785477754137707356,1785477753962774768,1.0,iter55:pp14:dp_rs:round0:dp_grad_reduce_scatter:pg=29,iter55:pp14:dp_rs:round0:dp_grad_reduce_scatter:pg=29:rel-420c95dd30c3,mock_oisa_scale_1.2,195563448,174932588,20630860,195563448,20630860,1785477754158338216,-1,69891,trace_group_end_lag_clamped,1785477754158268325
17192383,234,1785477754157473896,14,1785477753992553001,85937,1785477754174580342,1785477754174666279,dp_rs,0,16,55,dp_grad_reduce_scatter:pg=29,1785477754157473896,0,dp_grad_reduce_scatter,16,3155886080,pp_frontier,0,1785477754133589909,1785477754137707356,1785477753962774768,1.0,iter55:pp14:dp_rs:round0:dp_grad_reduce_scatter:pg=29,iter55:pp14:dp_rs:round0:dp_grad_reduce_scatter:pg=29:rel-420c95dd30c3,mock_oisa_scale_1.2,195563448,174932588,20630860,195563448,20630860,1785477754158338216,-1,85937,trace_group_end_lag_clamped,1785477754158252279
17192383,235,1785477754157268403,14,1785477753992553001,79813,1785477754174586466,1785477754174666279,dp_rs,0,16,55,dp_grad_reduce_scatter:pg=29,1785477754157473896,205493,dp_grad_reduce_scatter,16,3155886080,pp_frontier,0,1785477754137707356,1785477754137707356,1785477753962774768,1.0,iter55:pp14:dp_rs:round0:dp_grad_reduce_scatter:pg=29,iter55:pp14:dp_rs:round0:dp_grad_reduce_scatter:pg=29:rel-420c95dd30c3,mock_oisa_scale_1.2,195563448,174932588,20630860,195563448,20630860,1785477754158338216,-1,79813,trace_group_end_lag_clamped,1785477754158258403
17192383,236,1785477754156381981,14,1785477753992553001,35458,1785477754174630821,1785477754174666279,dp_rs,0,16,55,dp_grad_reduce_scatter:pg=29,1785477754157473896,1091915,dp_grad_reduce_scatter,16,3155886080,pp_frontier,0,1785477754134397095,1785477754137707356,1785477753962774768,1.0,iter55:pp14:dp_rs:round0:dp_grad_reduce_scatter:pg=29,iter55:pp14:dp_rs:round0:dp_grad_reduce_scatter:pg=29:rel-420c95dd30c3,mock_oisa_scale_1.2,195563448,174932588,20630860,195563448,20630860,1785477754158338216,-1,35458,trace_group_end_lag_clamped,1785477754158302758
17192383,237,1785477754156000593,14,1785477753992553001,316259,1785477754174350020,1785477754174666279,dp_rs,0,16,55,dp_grad_reduce_scatter:pg=29,1785477754157473896,1473303,dp_grad_reduce_scatter,16,3155886080,pp_frontier,0,1785477754132276073,1785477754137707356,1785477753962774768,1.0,iter55:pp14:dp_rs:round0:dp_grad_reduce_scatter:pg=29,iter55:pp14:dp_rs:round0:dp_grad_reduce_scatter:pg=29:rel-420c95dd30c3,mock_oisa_scale_1.2,195563448,174932588,20630860,195563448,20630860,1785477754158338216,-1,316259,trace_group_end_lag_clamped,1785477754158021957
17192383,238,1785477754156996178,14,1785477753992553001,334133,1785477754174332146,1785477754174666279,dp_rs,0,16,55,dp_grad_reduce_scatter:pg=29,1785477754157473896,477718,dp_grad_reduce_scatter,16,3155886080,pp_frontier,0,1785477754128371176,1785477754137707356,1785477753962774768,1.0,iter55:pp14:dp_rs:round0:dp_grad_reduce_scatter:pg=29,iter55:pp14:dp_rs:round0:dp_grad_reduce_scatter:pg=29:rel-420c95dd30c3,mock_oisa_scale_1.2,195563448,174932588,20630860,195563448,20630860,1785477754158338216,-1,334133,trace_group_end_lag_clamped,1785477754158004083
17192383,239,1785477754157226243,14,1785477753992553001,335561,1785477754174330718,1785477754174666279,dp_rs,0,16,55,dp_grad_reduce_scatter:pg=29,1785477754157473896,247653,dp_grad_reduce_scatter,16,3155886080,pp_frontier,0,1785477754130310685,1785477754137707356,1785477753962774768,1.0,iter55:pp14:dp_rs:round0:dp_grad_reduce_scatter:pg=29,iter55:pp14:dp_rs:round0:dp_grad_reduce_scatter:pg=29:rel-420c95dd30c3,mock_oisa_scale_1.2,195563448,174932588,20630860,195563448,20630860,1785477754158338216,-1,335561,trace_group_end_lag_clamped,1785477754158002655
58000187,224,1785477765038329083,14,1785477765038329083,46454,1785477765096340842,1785477765096387296,edp_ag0,0,2,55,expert_dp_param_allgather:pg=1267,1785477765038387109,58026,expert_dp_param_allgather,2,1887436800,same_rank_dp_ag0,10840,1785477765034915795,1785477765034973821,1785477765034915795,1.0,iter55:pp14:edp_ag0:round0:expert_dp_param_allgather:pg=1267,iter55:pp14:edp_ag0:round0:expert_dp_param_allgather:pg=1267:rel-1c21708c328f,mock_oisa_scale_1.2,69658250,58026,69600224,69658250,69600224,1785477765104574045,-1,46454,trace_group_end_lag_clamped,1785477765104527591
58000187,232,1785477765038387109,14,1785477765038329083,0,1785477765096387296,1785477765096387296,edp_ag0,0,2,55,expert_dp_param_allgather:pg=1267,1785477765038387109,0,expert_dp_param_allgather,2,1887436800,same_rank_dp_ag0,10440,1785477765034973821,1785477765034973821,1785477765034915795,1.0,iter55:pp14:edp_ag0:round0:expert_dp_param_allgather:pg=1267,iter55:pp14:edp_ag0:round0:expert_dp_param_allgather:pg=1267:rel-1c21708c328f,mock_oisa_scale_1.2,69658250,58026,69600224,69658250,69600224,1785477765104574045,-1,0,trace_group_end_lag_clamped,1785477765104574045
53738681,225,1785477765038278820,14,1785477765038278820,64775,1785477765092116878,1785477765092181653,edp_ag0,0,2,55,expert_dp_param_allgather:pg=1269,1785477765038442972,164152,expert_dp_param_allgather,2,1887436800,same_rank_dp_ag0,10600,1785477765034865532,1785477765035029684,1785477765034865532,1.0,iter55:pp14:edp_ag0:round0:expert_dp_param_allgather:pg=1269,iter55:pp14:edp_ag0:round0:expert_dp_param_allgather:pg=1269:rel-100bd789c62a,mock_oisa_scale_1.2,64650569,164152,64486417,64650569,64486417,1785477765099516101,-1,64775,trace_group_end_lag_clamped,1785477765099451326
53738681,233,1785477765038442972,14,1785477765038278820,0,1785477765092181653,1785477765092181653,edp_ag0,0,2,55,expert_dp_param_allgather:pg=1269,1785477765038442972,0,expert_dp_param_allgather,2,1887436800,same_rank_dp_ag0,48200,1785477765035029684,1785477765035029684,1785477765034865532,1.0,iter55:pp14:edp_ag0:round0:expert_dp_param_allgather:pg=1269,iter55:pp14:edp_ag0:round0:expert_dp_param_allgather:pg=1269:rel-100bd789c62a,mock_oisa_scale_1.2,64650569,164152,64486417,64650569,64486417,1785477765099516101,-1,0,trace_group_end_lag_clamped,1785477765099516101
53815152,226,1785477765038212359,14,1785477765038212359,0,1785477765092225138,1785477765092225138,edp_ag0,0,2,55,expert_dp_param_allgather:pg=1271,1785477765038409986,197627,expert_dp_param_allgather,2,1887436800,same_rank_dp_ag0,14452,1785477765034799071,1785477765034996698,1785477765034799071,1.0,iter55:pp14:edp_ag0:round0:expert_dp_param_allgather:pg=1271,iter55:pp14:edp_ag0:round0:expert_dp_param_allgather:pg=1271:rel-bc71fa44c240,mock_oisa_scale_1.2,64775809,197627,64578182,64775809,64578182,1785477765099574880,-1,0,trace_group_end_lag_clamped,1785477765099574880
53815152,234,1785477765038409986,14,1785477765038212359,41031,1785477765092184107,1785477765092225138,edp_ag0,0,2,55,expert_dp_param_allgather:pg=1271,1785477765038409986,0,expert_dp_param_allgather,2,1887436800,same_rank_dp_ag0,11040,1785477765034996698,1785477765034996698,1785477765034799071,1.0,iter55:pp14:edp_ag0:round0:expert_dp_param_allgather:pg=1271,iter55:pp14:edp_ag0:round0:expert_dp_param_allgather:pg=1271:rel-bc71fa44c240,mock_oisa_scale_1.2,64775809,197627,64578182,64775809,64578182,1785477765099574880,-1,41031,trace_group_end_lag_clamped,1785477765099533849
57550847,227,1785477765038435794,14,1785477765038262142,29586,1785477765095957055,1785477765095986641,edp_ag0,0,2,55,expert_dp_param_allgather:pg=1273,1785477765038435794,0,expert_dp_param_allgather,2,1887436800,same_rank_dp_ag0,55120,1785477765035022506,1785477765035022506,1785477765034848854,1.0,iter55:pp14:edp_ag0:round0:expert_dp_param_allgather:pg=1273,iter55:pp14:edp_ag0:round0:expert_dp_param_allgather:pg=1273:rel-65b3a91bcf0b,mock_oisa_scale_1.2,69234668,173652,69061016,69234668,69061016,1785477765104083522,-1,29586,trace_group_end_lag_clamped,1785477765104053936
57550847,235,1785477765038262142,14,1785477765038262142,0,1785477765095986641,1785477765095986641,edp_ag0,0,2,55,expert_dp_param_allgather:pg=1273,1785477765038435794,173652,expert_dp_param_allgather,2,1887436800,same_rank_dp_ag0,10846,1785477765034848854,1785477765035022506,1785477765034848854,1.0,iter55:pp14:edp_ag0:round0:expert_dp_param_allgather:pg=1273,iter55:pp14:edp_ag0:round0:expert_dp_param_allgather:pg=1273:rel-65b3a91bcf0b,mock_oisa_scale_1.2,69234668,173652,69061016,69234668,69061016,1785477765104083522,-1,0,trace_group_end_lag_clamped,1785477765104083522
52455063,228,1785477765038187088,14,1785477765038187088,0,1785477765090863754,1785477765090863754,edp_ag0,0,2,55,expert_dp_param_allgather:pg=1275,1785477765038408691,221603,expert_dp_param_allgather,2,1887436800,same_rank_dp_ag0,59120,1785477765034773800,1785477765034995403,1785477765034773800,1.0,iter55:pp14:edp_ag0:round0:expert_dp_param_allgather:pg=1275,iter55:pp14:edp_ag0:round0:expert_dp_param_allgather:pg=1275:rel-4a1592f2994b,mock_oisa_scale_1.2,63167679,221603,62946076,63167679,62946076,1785477765097941479,-1,0,trace_group_end_lag_clamped,1785477765097941479
52455063,236,1785477765038408691,14,1785477765038187088,40550,1785477765090823204,1785477765090863754,edp_ag0,0,2,55,expert_dp_param_allgather:pg=1275,1785477765038408691,0,expert_dp_param_allgather,2,1887436800,same_rank_dp_ag0,10560,1785477765034995403,1785477765034995403,1785477765034773800,1.0,iter55:pp14:edp_ag0:round0:expert_dp_param_allgather:pg=1275,iter55:pp14:edp_ag0:round0:expert_dp_param_allgather:pg=1275:rel-4a1592f2994b,mock_oisa_scale_1.2,63167679,221603,62946076,63167679,62946076,1785477765097941479,-1,40550,trace_group_end_lag_clamped,1785477765097900929
62369933,229,1785477765038381807,14,1785477765038298711,57538,1785477765100694202,1785477765100751740,edp_ag0,0,2,55,expert_dp_param_allgather:pg=1277,1785477765038381807,0,expert_dp_param_allgather,2,1887436800,same_rank_dp_ag0,10920,1785477765034968519,1785477765034968519,1785477765034885423,1.0,iter55:pp14:edp_ag0:round0:expert_dp_param_allgather:pg=1277,iter55:pp14:edp_ag0:round0:expert_dp_param_allgather:pg=1277:rel-11db0c62e9d9,mock_oisa_scale_1.2,74927016,83096,74843920,74927016,74843920,1785477765109812439,-1,57538,trace_group_end_lag_clamped,1785477765109754901
62369933,237,1785477765038298711,14,1785477765038298711,0,1785477765100751740,1785477765100751740,edp_ag0,0,2,55,expert_dp_param_allgather:pg=1277,1785477765038381807,83096,expert_dp_param_allgather,2,1887436800,same_rank_dp_ag0,13324,1785477765034885423,1785477765034968519,1785477765034885423,1.0,iter55:pp14:edp_ag0:round0:expert_dp_param_allgather:pg=1277,iter55:pp14:edp_ag0:round0:expert_dp_param_allgather:pg=1277:rel-11db0c62e9d9,mock_oisa_scale_1.2,74927016,83096,74843920,74927016,74843920,1785477765109812439,-1,0,trace_group_end_lag_clamped,1785477765109812439
66614241,230,1785477765038387338,14,1785477765038299768,0,1785477765105001579,1785477765105001579,edp_ag0,0,2,55,expert_dp_param_allgather:pg=1279,1785477765038387338,0,expert_dp_param_allgather,2,1887436800,same_rank_dp_ag0,21800,1785477765034974050,1785477765034974050,1785477765034886480,1.0,iter55:pp14:edp_ag0:round0:expert_dp_param_allgather:pg=1279,iter55:pp14:edp_ag0:round0:expert_dp_param_allgather:pg=1279:rel-cf8e0bcdac9c,mock_oisa_scale_1.2,80024659,87570,79937089,80024659,79937089,1785477765114911139,-1,0,trace_group_end_lag_clamped,1785477765114911139
66614241,238,1785477765038299768,14,1785477765038299768,66037,1785477765104935542,1785477765105001579,edp_ag0,0,2,55,expert_dp_param_allgather:pg=1279,1785477765038387338,87570,expert_dp_param_allgather,2,1887436800,same_rank_dp_ag0,51932,1785477765034886480,1785477765034974050,1785477765034886480,1.0,iter55:pp14:edp_ag0:round0:expert_dp_param_allgather:pg=1279,iter55:pp14:edp_ag0:round0:expert_dp_param_allgather:pg=1279:rel-cf8e0bcdac9c,mock_oisa_scale_1.2,80024659,87570,79937089,80024659,79937089,1785477765114911139,-1,66037,trace_group_end_lag_clamped,1785477765114845102
63007930,231,1785477765038364009,14,1785477765038364009,67476,1785477765101306793,1785477765101374269,edp_ag0,0,2,55,expert_dp_param_allgather:pg=1281,1785477765038366339,2330,expert_dp_param_allgather,2,1887436800,same_rank_dp_ag0,10760,1785477765034950721,1785477765034953051,1785477765034950721,1.0,iter55:pp14:edp_ag0:round0:expert_dp_param_allgather:pg=1281,iter55:pp14:edp_ag0:round0:expert_dp_param_allgather:pg=1281:rel-ca419ae6c15a,mock_oisa_scale_1.2,75611846,2330,75609516,75611846,75609516,1785477765110562567,-1,67476,trace_group_end_lag_clamped,1785477765110495091
63007930,239,1785477765038366339,14,1785477765038364009,0,1785477765101374269,1785477765101374269,edp_ag0,0,2,55,expert_dp_param_allgather:pg=1281,1785477765038366339,0,expert_dp_param_allgather,2,1887436800,same_rank_dp_ag0,10720,1785477765034953051,1785477765034953051,1785477765034950721,1.0,iter55:pp14:edp_ag0:round0:expert_dp_param_allgather:pg=1281,iter55:pp14:edp_ag0:round0:expert_dp_param_allgather:pg=1281:rel-ca419ae6c15a,mock_oisa_scale_1.2,75611846,2330,75609516,75611846,75609516,1785477765110562567,-1,0,trace_group_end_lag_clamped,1785477765110562567
53386751,224,1785477765203708996,14,1785477765203708996,53457,1785477765257062452,1785477765257115909,edp_ag1,1,2,55,expert_dp_param_allgather:pg=1267,1785477765203729158,20162,expert_dp_param_allgather,2,1887436800,same_rank_dp_ag1,10960,1785477765215726063,1785477765215746225,1785477765215726063,1.0,iter55:pp14:edp_ag1:round1:expert_dp_param_allgather:pg=1267,iter55:pp14:edp_ag1:round1:expert_dp_param_allgather:pg=1267:rel-df1719ede543,mock_oisa_scale_1.2,64084263,20162,64064101,64084263,64064101,1785477765279810326,-1,53457,trace_group_end_lag_clamped,1785477765279756869
53386751,232,1785477765203729158,14,1785477765203708996,0,1785477765257115909,1785477765257115909,edp_ag1,1,2,55,expert_dp_param_allgather:pg=1267,1785477765203729158,0,expert_dp_param_allgather,2,1887436800,same_rank_dp_ag1,34240,1785477765215746225,1785477765215746225,1785477765215726063,1.0,iter55:pp14:edp_ag1:round1:expert_dp_param_allgather:pg=1267,iter55:pp14:edp_ag1:round1:expert_dp_param_allgather:pg=1267:rel-df1719ede543,mock_oisa_scale_1.2,64084263,20162,64064101,64084263,64064101,1785477765279810326,-1,0,trace_group_end_lag_clamped,1785477765279810326
51981237,225,1785477765203710954,14,1785477765203710954,57729,1785477765255645811,1785477765255703540,edp_ag1,1,2,55,expert_dp_param_allgather:pg=1269,1785477765203722303,11349,expert_dp_param_allgather,2,1887436800,same_rank_dp_ag1,11560,1785477765215728021,1785477765215739370,1785477765215728021,1.0,iter55:pp14:edp_ag1:round1:expert_dp_param_allgather:pg=1269,iter55:pp14:edp_ag1:round1:expert_dp_param_allgather:pg=1269:rel-c39eb907f3be,mock_oisa_scale_1.2,62388833,11349,62377484,62388833,62377484,1785477765278116854,-1,57729,trace_group_end_lag_clamped,1785477765278059125
51981237,233,1785477765203722303,14,1785477765203710954,0,1785477765255703540,1785477765255703540,edp_ag1,1,2,55,expert_dp_param_allgather:pg=1269,1785477765203722303,0,expert_dp_param_allgather,2,1887436800,same_rank_dp_ag1,10720,1785477765215739370,1785477765215739370,1785477765215728021,1.0,iter55:pp14:edp_ag1:round1:expert_dp_param_allgather:pg=1269,iter55:pp14:edp_ag1:round1:expert_dp_param_allgather:pg=1269:rel-c39eb907f3be,mock_oisa_scale_1.2,62388833,11349,62377484,62388833,62377484,1785477765278116854,-1,0,trace_group_end_lag_clamped,1785477765278116854
52583203,226,1785477765203687896,14,1785477765203687896,44010,1785477765256270914,1785477765256314924,edp_ag1,1,2,55,expert_dp_param_allgather:pg=1271,1785477765203731721,43825,expert_dp_param_allgather,2,1887436800,same_rank_dp_ag1,14360,1785477765215704963,1785477765215748788,1785477765215704963,1.0,iter55:pp14:edp_ag1:round1:expert_dp_param_allgather:pg=1271,iter55:pp14:edp_ag1:round1:expert_dp_param_allgather:pg=1271:rel-5b6c92af4d20,mock_oisa_scale_1.2,63143669,43825,63099844,63143669,63099844,1785477765278848632,-1,44010,trace_group_end_lag_clamped,1785477765278804622
52583203,234,1785477765203731721,14,1785477765203687896,0,1785477765256314924,1785477765256314924,edp_ag1,1,2,55,expert_dp_param_allgather:pg=1271,1785477765203731721,0,expert_dp_param_allgather,2,1887436800,same_rank_dp_ag1,12880,1785477765215748788,1785477765215748788,1785477765215704963,1.0,iter55:pp14:edp_ag1:round1:expert_dp_param_allgather:pg=1271,iter55:pp14:edp_ag1:round1:expert_dp_param_allgather:pg=1271:rel-5b6c92af4d20,mock_oisa_scale_1.2,63143669,43825,63099844,63143669,63099844,1785477765278848632,-1,0,trace_group_end_lag_clamped,1785477765278848632
53720644,227,1785477765203752463,14,1785477765203752463,74689,1785477765257435765,1785477765257510454,edp_ag1,1,2,55,expert_dp_param_allgather:pg=1273,1785477765203789810,37347,expert_dp_param_allgather,2,1887436800,same_rank_dp_ag1,49720,1785477765215769530,1785477765215806877,1785477765215769530,1.0,iter55:pp14:edp_ag1:round1:expert_dp_param_allgather:pg=1273,iter55:pp14:edp_ag1:round1:expert_dp_param_allgather:pg=1273:rel-96bb49c99601,mock_oisa_scale_1.2,64502120,37347,64464773,64502120,64464773,1785477765280271650,-1,74689,trace_group_end_lag_clamped,1785477765280196961
53720644,235,1785477765203789810,14,1785477765203752463,0,1785477765257510454,1785477765257510454,edp_ag1,1,2,55,expert_dp_param_allgather:pg=1273,1785477765203789810,0,expert_dp_param_allgather,2,1887436800,same_rank_dp_ag1,92200,1785477765215806877,1785477765215806877,1785477765215769530,1.0,iter55:pp14:edp_ag1:round1:expert_dp_param_allgather:pg=1273,iter55:pp14:edp_ag1:round1:expert_dp_param_allgather:pg=1273:rel-96bb49c99601,mock_oisa_scale_1.2,64502120,37347,64464773,64502120,64464773,1785477765280271650,-1,0,trace_group_end_lag_clamped,1785477765280271650
51212733,228,1785477765203746201,14,1785477765203721666,33768,1785477765254925166,1785477765254958934,edp_ag1,1,2,55,expert_dp_param_allgather:pg=1275,1785477765203746201,0,expert_dp_param_allgather,2,1887436800,same_rank_dp_ag1,54840,1785477765215763268,1785477765215763268,1785477765215738733,1.0,iter55:pp14:edp_ag1:round1:expert_dp_param_allgather:pg=1275,iter55:pp14:edp_ag1:round1:expert_dp_param_allgather:pg=1275:rel-995bec4838f9,mock_oisa_scale_1.2,61479815,24535,61455280,61479815,61455280,1785477765277218548,-1,33768,trace_group_end_lag_clamped,1785477765277184780
51212733,236,1785477765203721666,14,1785477765203721666,0,1785477765254958934,1785477765254958934,edp_ag1,1,2,55,expert_dp_param_allgather:pg=1275,1785477765203746201,24535,expert_dp_param_allgather,2,1887436800,same_rank_dp_ag1,10800,1785477765215738733,1785477765215763268,1785477765215738733,1.0,iter55:pp14:edp_ag1:round1:expert_dp_param_allgather:pg=1275,iter55:pp14:edp_ag1:round1:expert_dp_param_allgather:pg=1275:rel-995bec4838f9,mock_oisa_scale_1.2,61479815,24535,61455280,61479815,61455280,1785477765277218548,-1,0,trace_group_end_lag_clamped,1785477765277218548
58015870,229,1785477765203692178,14,1785477765203686036,24966,1785477765261683082,1785477765261708048,edp_ag1,1,2,55,expert_dp_param_allgather:pg=1277,1785477765203692178,0,expert_dp_param_allgather,2,1887436800,same_rank_dp_ag1,10960,1785477765215709245,1785477765215709245,1785477765215703103,1.0,iter55:pp14:edp_ag1:round1:expert_dp_param_allgather:pg=1277,iter55:pp14:edp_ag1:round1:expert_dp_param_allgather:pg=1277:rel-ba625ababd40,mock_oisa_scale_1.2,69625186,6142,69619044,69625186,69619044,1785477765285328289,-1,24966,trace_group_end_lag_clamped,1785477765285303323
58015870,237,1785477765203686036,14,1785477765203686036,0,1785477765261708048,1785477765261708048,edp_ag1,1,2,55,expert_dp_param_allgather:pg=1277,1785477765203692178,6142,expert_dp_param_allgather,2,1887436800,same_rank_dp_ag1,61760,1785477765215703103,1785477765215709245,1785477765215703103,1.0,iter55:pp14:edp_ag1:round1:expert_dp_param_allgather:pg=1277,iter55:pp14:edp_ag1:round1:expert_dp_param_allgather:pg=1277:rel-ba625ababd40,mock_oisa_scale_1.2,69625186,6142,69619044,69625186,69619044,1785477765285328289,-1,0,trace_group_end_lag_clamped,1785477765285328289
55864200,230,1785477765203683339,14,1785477765203683339,35204,1785477765259560194,1785477765259595398,edp_ag1,1,2,55,expert_dp_param_allgather:pg=1279,1785477765203731198,47859,expert_dp_param_allgather,2,1887436800,same_rank_dp_ag1,11000,1785477765215700406,1785477765215748265,1785477765215700406,1.0,iter55:pp14:edp_ag1:round1:expert_dp_param_allgather:pg=1279,iter55:pp14:edp_ag1:round1:expert_dp_param_allgather:pg=1279:rel-703590839348,mock_oisa_scale_1.2,67084899,47859,67037040,67084899,67037040,1785477765282785305,-1,35204,trace_group_end_lag_clamped,1785477765282750101
55864200,238,1785477765203731198,14,1785477765203683339,0,1785477765259595398,1785477765259595398,edp_ag1,1,2,55,expert_dp_param_allgather:pg=1279,1785477765203731198,0,expert_dp_param_allgather,2,1887436800,same_rank_dp_ag1,10720,1785477765215748265,1785477765215748265,1785477765215700406,1.0,iter55:pp14:edp_ag1:round1:expert_dp_param_allgather:pg=1279,iter55:pp14:edp_ag1:round1:expert_dp_param_allgather:pg=1279:rel-703590839348,mock_oisa_scale_1.2,67084899,47859,67037040,67084899,67037040,1785477765282785305,-1,0,trace_group_end_lag_clamped,1785477765282785305
53841092,231,1785477765203700562,14,1785477765203700562,0,1785477765257564651,1785477765257564651,edp_ag1,1,2,55,expert_dp_param_allgather:pg=1281,1785477765203723559,22997,expert_dp_param_allgather,2,1887436800,same_rank_dp_ag1,11000,1785477765215717629,1785477765215740626,1785477765215717629,1.0,iter55:pp14:edp_ag1:round1:expert_dp_param_allgather:pg=1281,iter55:pp14:edp_ag1:round1:expert_dp_param_allgather:pg=1281:rel-8a1042048d58,mock_oisa_scale_1.2,64632307,22997,64609310,64632307,64609310,1785477765280349936,-1,0,trace_group_end_lag_clamped,1785477765280349936
53841092,239,1785477765203723559,14,1785477765203700562,51062,1785477765257513589,1785477765257564651,edp_ag1,1,2,55,expert_dp_param_allgather:pg=1281,1785477765203723559,0,expert_dp_param_allgather,2,1887436800,same_rank_dp_ag1,11480,1785477765215740626,1785477765215740626,1785477765215717629,1.0,iter55:pp14:edp_ag1:round1:expert_dp_param_allgather:pg=1281,iter55:pp14:edp_ag1:round1:expert_dp_param_allgather:pg=1281:rel-8a1042048d58,mock_oisa_scale_1.2,64632307,22997,64609310,64632307,64609310,1785477765280349936,-1,51062,trace_group_end_lag_clamped,1785477765280298874
219063748,224,1785477754192969635,14,1785477754191073543,0,1785477754412033383,1785477754412033383,edp_rs,0,2,55,expert_dp_grad_reduce_scatter:pg=1267,1785477754192969635,0,expert_dp_grad_reduce_scatter,2,7549747200,same_rank_dp_rs,18303356,1785477754176641572,1785477754176641572,1785477754174745480,1.0,iter55:pp14:edp_rs:round0:expert_dp_grad_reduce_scatter:pg=1267,iter55:pp14:edp_rs:round0:expert_dp_grad_reduce_scatter:pg=1267:rel-eefb8c47044f,mock_oisa_scale_1.2,264772590,1896092,262876498,264772590,262876498,1785477754439518070,-1,0,trace_group_end_lag_clamped,1785477754439518070
219063748,232,1785477754191073543,14,1785477754191073543,76369,1785477754411957014,1785477754412033383,edp_rs,0,2,55,expert_dp_grad_reduce_scatter:pg=1267,1785477754192969635,1896092,expert_dp_grad_reduce_scatter,2,7549747200,same_rank_dp_rs,17674842,1785477754174745480,1785477754176641572,1785477754174745480,1.0,iter55:pp14:edp_rs:round0:expert_dp_grad_reduce_scatter:pg=1267,iter55:pp14:edp_rs:round0:expert_dp_grad_reduce_scatter:pg=1267:rel-eefb8c47044f,mock_oisa_scale_1.2,264772590,1896092,262876498,264772590,262876498,1785477754439518070,-1,76369,trace_group_end_lag_clamped,1785477754439441701
201133375,225,1785477754190937591,14,1785477754190937591,0,1785477754393449684,1785477754393449684,edp_rs,0,2,55,expert_dp_grad_reduce_scatter:pg=1269,1785477754192316309,1378718,expert_dp_grad_reduce_scatter,2,7549747200,same_rank_dp_rs,17493205,1785477754174609528,1785477754175988246,1785477754174609528,1.0,iter55:pp14:edp_rs:round0:expert_dp_grad_reduce_scatter:pg=1269,iter55:pp14:edp_rs:round0:expert_dp_grad_reduce_scatter:pg=1269:rel-17b2ba6d5fcb,mock_oisa_scale_1.2,242738768,1378718,241360050,242738768,241360050,1785477754417348296,-1,0,trace_group_end_lag_clamped,1785477754417348296
201133375,233,1785477754192316309,14,1785477754190937591,42240,1785477754393407444,1785477754393449684,edp_rs,0,2,55,expert_dp_grad_reduce_scatter:pg=1269,1785477754192316309,0,expert_dp_grad_reduce_scatter,2,7549747200,same_rank_dp_rs,17719921,1785477754175988246,1785477754175988246,1785477754174609528,1.0,iter55:pp14:edp_rs:round0:expert_dp_grad_reduce_scatter:pg=1269,iter55:pp14:edp_rs:round0:expert_dp_grad_reduce_scatter:pg=1269:rel-17b2ba6d5fcb,mock_oisa_scale_1.2,242738768,1378718,241360050,242738768,241360050,1785477754417348296,-1,42240,trace_group_end_lag_clamped,1785477754417306056
211709049,226,1785477754192135848,14,1785477754192135848,42773,1785477754404501027,1785477754404543800,edp_rs,0,2,55,expert_dp_grad_reduce_scatter:pg=1271,1785477754192834751,698903,expert_dp_grad_reduce_scatter,2,7549747200,same_rank_dp_rs,17929408,1785477754175807785,1785477754176506688,1785477754175807785,1.0,iter55:pp14:edp_rs:round0:expert_dp_grad_reduce_scatter:pg=1271,iter55:pp14:edp_rs:round0:expert_dp_grad_reduce_scatter:pg=1271:rel-51e930d510d3,mock_oisa_scale_1.2,254749762,698903,254050859,254749762,254050859,1785477754430557547,-1,42773,trace_group_end_lag_clamped,1785477754430514774
211709049,234,1785477754192834751,14,1785477754192135848,0,1785477754404543800,1785477754404543800,edp_rs,0,2,55,expert_dp_grad_reduce_scatter:pg=1271,1785477754192834751,0,expert_dp_grad_reduce_scatter,2,7549747200,same_rank_dp_rs,18254409,1785477754176506688,1785477754176506688,1785477754175807785,1.0,iter55:pp14:edp_rs:round0:expert_dp_grad_reduce_scatter:pg=1271,iter55:pp14:edp_rs:round0:expert_dp_grad_reduce_scatter:pg=1271:rel-51e930d510d3,mock_oisa_scale_1.2,254749762,698903,254050859,254749762,254050859,1785477754430557547,-1,0,trace_group_end_lag_clamped,1785477754430557547
207415913,227,1785477754192273083,14,1785477754192273083,21278,1785477754401115250,1785477754401136528,edp_rs,0,2,55,expert_dp_grad_reduce_scatter:pg=1273,1785477754193720615,1447532,expert_dp_grad_reduce_scatter,2,7549747200,same_rank_dp_rs,17700015,1785477754175945020,1785477754177392552,1785477754175945020,1.0,iter55:pp14:edp_rs:round0:expert_dp_grad_reduce_scatter:pg=1273,iter55:pp14:edp_rs:round0:expert_dp_grad_reduce_scatter:pg=1273:rel-06c954babf1f,mock_oisa_scale_1.2,250346628,1447532,248899096,250346628,248899096,1785477754426291648,-1,21278,trace_group_end_lag_clamped,1785477754426270370
207415913,235,1785477754193720615,14,1785477754192273083,0,1785477754401136528,1785477754401136528,edp_rs,0,2,55,expert_dp_grad_reduce_scatter:pg=1273,1785477754193720615,0,expert_dp_grad_reduce_scatter,2,7549747200,same_rank_dp_rs,19134149,1785477754177392552,1785477754177392552,1785477754175945020,1.0,iter55:pp14:edp_rs:round0:expert_dp_grad_reduce_scatter:pg=1273,iter55:pp14:edp_rs:round0:expert_dp_grad_reduce_scatter:pg=1273:rel-06c954babf1f,mock_oisa_scale_1.2,250346628,1447532,248899096,250346628,248899096,1785477754426291648,-1,0,trace_group_end_lag_clamped,1785477754426291648
206472446,228,1785477754192349347,14,1785477754192230063,0,1785477754398821793,1785477754398821793,edp_rs,0,2,55,expert_dp_grad_reduce_scatter:pg=1275,1785477754192349347,0,expert_dp_grad_reduce_scatter,2,7549747200,same_rank_dp_rs,17779537,1785477754176021284,1785477754176021284,1785477754175902000,1.0,iter55:pp14:edp_rs:round0:expert_dp_grad_reduce_scatter:pg=1275,iter55:pp14:edp_rs:round0:expert_dp_grad_reduce_scatter:pg=1275:rel-df26f87ba383,mock_oisa_scale_1.2,247886219,119284,247766935,247886219,247766935,1785477754423788219,-1,0,trace_group_end_lag_clamped,1785477754423788219
206472446,236,1785477754192230063,14,1785477754192230063,89880,1785477754398731913,1785477754398821793,edp_rs,0,2,55,expert_dp_grad_reduce_scatter:pg=1275,1785477754192349347,119284,expert_dp_grad_reduce_scatter,2,7549747200,same_rank_dp_rs,17599242,1785477754175902000,1785477754176021284,1785477754175902000,1.0,iter55:pp14:edp_rs:round0:expert_dp_grad_reduce_scatter:pg=1275,iter55:pp14:edp_rs:round0:expert_dp_grad_reduce_scatter:pg=1275:rel-df26f87ba383,mock_oisa_scale_1.2,247886219,119284,247766935,247886219,247766935,1785477754423788219,-1,89880,trace_group_end_lag_clamped,1785477754423698339
219752665,229,1785477754192314973,14,1785477754192257246,0,1785477754412067638,1785477754412067638,edp_rs,0,2,55,expert_dp_grad_reduce_scatter:pg=1277,1785477754192314973,0,expert_dp_grad_reduce_scatter,2,7549747200,same_rank_dp_rs,17743839,1785477754175986910,1785477754175986910,1785477754175929183,1.0,iter55:pp14:edp_rs:round0:expert_dp_grad_reduce_scatter:pg=1277,iter55:pp14:edp_rs:round0:expert_dp_grad_reduce_scatter:pg=1277:rel-5fbaaf726551,mock_oisa_scale_1.2,263760925,57727,263703198,263760925,263703198,1785477754439690108,-1,0,trace_group_end_lag_clamped,1785477754439690108
219752665,237,1785477754192257246,14,1785477754192257246,55111,1785477754412012527,1785477754412067638,edp_rs,0,2,55,expert_dp_grad_reduce_scatter:pg=1277,1785477754192314973,57727,expert_dp_grad_reduce_scatter,2,7549747200,same_rank_dp_rs,17907226,1785477754175929183,1785477754175986910,1785477754175929183,1.0,iter55:pp14:edp_rs:round0:expert_dp_grad_reduce_scatter:pg=1277,iter55:pp14:edp_rs:round0:expert_dp_grad_reduce_scatter:pg=1277:rel-5fbaaf726551,mock_oisa_scale_1.2,263760925,57727,263703198,263760925,263703198,1785477754439690108,-1,55111,trace_group_end_lag_clamped,1785477754439634997
213539305,230,1785477754192241368,14,1785477754192034115,44837,1785477754405735836,1785477754405780673,edp_rs,0,2,55,expert_dp_grad_reduce_scatter:pg=1279,1785477754192241368,0,expert_dp_grad_reduce_scatter,2,7549747200,same_rank_dp_rs,17673429,1785477754175913305,1785477754175913305,1785477754175706052,1.0,iter55:pp14:edp_rs:round0:expert_dp_grad_reduce_scatter:pg=1279,iter55:pp14:edp_rs:round0:expert_dp_grad_reduce_scatter:pg=1279:rel-1523af828828,mock_oisa_scale_1.2,256454419,207253,256247166,256454419,256247166,1785477754432160471,-1,44837,trace_group_end_lag_clamped,1785477754432115634
213539305,238,1785477754192034115,14,1785477754192034115,0,1785477754405780673,1785477754405780673,edp_rs,0,2,55,expert_dp_grad_reduce_scatter:pg=1279,1785477754192241368,207253,expert_dp_grad_reduce_scatter,2,7549747200,same_rank_dp_rs,17701969,1785477754175706052,1785477754175913305,1785477754175706052,1.0,iter55:pp14:edp_rs:round0:expert_dp_grad_reduce_scatter:pg=1279,iter55:pp14:edp_rs:round0:expert_dp_grad_reduce_scatter:pg=1279:rel-1523af828828,mock_oisa_scale_1.2,256454419,207253,256247166,256454419,256247166,1785477754432160471,-1,0,trace_group_end_lag_clamped,1785477754432160471
201848361,231,1785477754192544432,14,1785477754192169574,70142,1785477754394322651,1785477754394392793,edp_rs,0,2,55,expert_dp_grad_reduce_scatter:pg=1281,1785477754192544432,0,expert_dp_grad_reduce_scatter,2,7549747200,same_rank_dp_rs,17953836,1785477754176216369,1785477754176216369,1785477754175841511,1.0,iter55:pp14:edp_rs:round0:expert_dp_grad_reduce_scatter:pg=1281,iter55:pp14:edp_rs:round0:expert_dp_grad_reduce_scatter:pg=1281:rel-ebb5f51064b2,mock_oisa_scale_1.2,242592891,374858,242218033,242592891,242218033,1785477754418434402,-1,70142,trace_group_end_lag_clamped,1785477754418364260
201848361,239,1785477754192169574,14,1785477754192169574,0,1785477754394392793,1785477754394392793,edp_rs,0,2,55,expert_dp_grad_reduce_scatter:pg=1281,1785477754192544432,374858,expert_dp_grad_reduce_scatter,2,7549747200,same_rank_dp_rs,17838856,1785477754175841511,1785477754176216369,1785477754175841511,1.0,iter55:pp14:edp_rs:round0:expert_dp_grad_reduce_scatter:pg=1281,iter55:pp14:edp_rs:round0:expert_dp_grad_reduce_scatter:pg=1281:rel-ebb5f51064b2,mock_oisa_scale_1.2,242592891,374858,242218033,242592891,242218033,1785477754418434402,-1,0,trace_group_end_lag_clamped,1785477754418434402
12895142,240,1785477765026906490,15,1785477765025599818,15508,1785477765041049655,1785477765041065163,dp_ag0,0,16,55,dp_param_allgather:pg=31,1785477765028170021,1263531,dp_param_allgather,16,131395200,world_rs_done,30230233,1785477765021090167,1785477765022353698,1785477765019783495,1.0,iter55:pp15:dp_ag0:round0:dp_param_allgather:pg=31,iter55:pp15:dp_ag0:round0:dp_param_allgather:pg=31:rel-a0f88cdd625a,mock_oisa_scale_1.2,18044373,2570203,15474170,18044373,15474170,1785477765037827868,-1,15508,trace_group_end_lag_clamped,1785477765037812360
12895142,241,1785477765026912773,15,1785477765025599818,11851,1785477765041053312,1785477765041065163,dp_ag0,0,16,55,dp_param_allgather:pg=31,1785477765028170021,1257248,dp_param_allgather,16,131395200,world_rs_done,30236516,1785477765021096450,1785477765022353698,1785477765019783495,1.0,iter55:pp15:dp_ag0:round0:dp_param_allgather:pg=31,iter55:pp15:dp_ag0:round0:dp_param_allgather:pg=31:rel-a0f88cdd625a,mock_oisa_scale_1.2,18044373,2570203,15474170,18044373,15474170,1785477765037827868,-1,11851,trace_group_end_lag_clamped,1785477765037816017
12895142,242,1785477765027877827,15,1785477765025599818,17237,1785477765041047926,1785477765041065163,dp_ag0,0,16,55,dp_param_allgather:pg=31,1785477765028170021,292194,dp_param_allgather,16,131395200,world_rs_done,31201570,1785477765022061504,1785477765022353698,1785477765019783495,1.0,iter55:pp15:dp_ag0:round0:dp_param_allgather:pg=31,iter55:pp15:dp_ag0:round0:dp_param_allgather:pg=31:rel-a0f88cdd625a,mock_oisa_scale_1.2,18044373,2570203,15474170,18044373,15474170,1785477765037827868,-1,17237,trace_group_end_lag_clamped,1785477765037810631
12895142,243,1785477765027722668,15,1785477765025599818,22342,1785477765041042821,1785477765041065163,dp_ag0,0,16,55,dp_param_allgather:pg=31,1785477765028170021,447353,dp_param_allgather,16,131395200,world_rs_done,31046411,1785477765021906345,1785477765022353698,1785477765019783495,1.0,iter55:pp15:dp_ag0:round0:dp_param_allgather:pg=31,iter55:pp15:dp_ag0:round0:dp_param_allgather:pg=31:rel-a0f88cdd625a,mock_oisa_scale_1.2,18044373,2570203,15474170,18044373,15474170,1785477765037827868,-1,22342,trace_group_end_lag_clamped,1785477765037805526
12895142,244,1785477765027300597,15,1785477765025599818,13758,1785477765041051405,1785477765041065163,dp_ag0,0,16,55,dp_param_allgather:pg=31,1785477765028170021,869424,dp_param_allgather,16,131395200,world_rs_done,30624340,1785477765021484274,1785477765022353698,1785477765019783495,1.0,iter55:pp15:dp_ag0:round0:dp_param_allgather:pg=31,iter55:pp15:dp_ag0:round0:dp_param_allgather:pg=31:rel-a0f88cdd625a,mock_oisa_scale_1.2,18044373,2570203,15474170,18044373,15474170,1785477765037827868,-1,13758,trace_group_end_lag_clamped,1785477765037814110
12895142,245,1785477765028170021,15,1785477765025599818,17392,1785477765041047771,1785477765041065163,dp_ag0,0,16,55,dp_param_allgather:pg=31,1785477765028170021,0,dp_param_allgather,16,131395200,world_rs_done,31493764,1785477765022353698,1785477765022353698,1785477765019783495,1.0,iter55:pp15:dp_ag0:round0:dp_param_allgather:pg=31,iter55:pp15:dp_ag0:round0:dp_param_allgather:pg=31:rel-a0f88cdd625a,mock_oisa_scale_1.2,18044373,2570203,15474170,18044373,15474170,1785477765037827868,-1,17392,trace_group_end_lag_clamped,1785477765037810476
12895142,246,1785477765027211201,15,1785477765025599818,19536,1785477765041045627,1785477765041065163,dp_ag0,0,16,55,dp_param_allgather:pg=31,1785477765028170021,958820,dp_param_allgather,16,131395200,world_rs_done,30534944,1785477765021394878,1785477765022353698,1785477765019783495,1.0,iter55:pp15:dp_ag0:round0:dp_param_allgather:pg=31,iter55:pp15:dp_ag0:round0:dp_param_allgather:pg=31:rel-a0f88cdd625a,mock_oisa_scale_1.2,18044373,2570203,15474170,18044373,15474170,1785477765037827868,-1,19536,trace_group_end_lag_clamped,1785477765037808332
12895142,247,1785477765025710093,15,1785477765025599818,99212,1785477765040965951,1785477765041065163,dp_ag0,0,16,55,dp_param_allgather:pg=31,1785477765028170021,2459928,dp_param_allgather,16,131395200,world_rs_done,29033836,1785477765019893770,1785477765022353698,1785477765019783495,1.0,iter55:pp15:dp_ag0:round0:dp_param_allgather:pg=31,iter55:pp15:dp_ag0:round0:dp_param_allgather:pg=31:rel-a0f88cdd625a,mock_oisa_scale_1.2,18044373,2570203,15474170,18044373,15474170,1785477765037827868,-1,99212,trace_group_end_lag_clamped,1785477765037728656
12895142,248,1785477765025905004,15,1785477765025599818,100568,1785477765040964595,1785477765041065163,dp_ag0,0,16,55,dp_param_allgather:pg=31,1785477765028170021,2265017,dp_param_allgather,16,131395200,world_rs_done,29228747,1785477765020088681,1785477765022353698,1785477765019783495,1.0,iter55:pp15:dp_ag0:round0:dp_param_allgather:pg=31,iter55:pp15:dp_ag0:round0:dp_param_allgather:pg=31:rel-a0f88cdd625a,mock_oisa_scale_1.2,18044373,2570203,15474170,18044373,15474170,1785477765037827868,-1,100568,trace_group_end_lag_clamped,1785477765037727300
12895142,249,1785477765025599818,15,1785477765025599818,86998,1785477765040978165,1785477765041065163,dp_ag0,0,16,55,dp_param_allgather:pg=31,1785477765028170021,2570203,dp_param_allgather,16,131395200,world_rs_done,28923561,1785477765019783495,1785477765022353698,1785477765019783495,1.0,iter55:pp15:dp_ag0:round0:dp_param_allgather:pg=31,iter55:pp15:dp_ag0:round0:dp_param_allgather:pg=31:rel-a0f88cdd625a,mock_oisa_scale_1.2,18044373,2570203,15474170,18044373,15474170,1785477765037827868,-1,86998,trace_group_end_lag_clamped,1785477765037740870
12895142,250,1785477765025812126,15,1785477765025599818,89216,1785477765040975947,1785477765041065163,dp_ag0,0,16,55,dp_param_allgather:pg=31,1785477765028170021,2357895,dp_param_allgather,16,131395200,world_rs_done,29135869,1785477765019995803,1785477765022353698,1785477765019783495,1.0,iter55:pp15:dp_ag0:round0:dp_param_allgather:pg=31,iter55:pp15:dp_ag0:round0:dp_param_allgather:pg=31:rel-a0f88cdd625a,mock_oisa_scale_1.2,18044373,2570203,15474170,18044373,15474170,1785477765037827868,-1,89216,trace_group_end_lag_clamped,1785477765037738652
12895142,251,1785477765025649334,15,1785477765025599818,0,1785477765041065163,1785477765041065163,dp_ag0,0,16,55,dp_param_allgather:pg=31,1785477765028170021,2520687,dp_param_allgather,16,131395200,world_rs_done,28973077,1785477765019833011,1785477765022353698,1785477765019783495,1.0,iter55:pp15:dp_ag0:round0:dp_param_allgather:pg=31,iter55:pp15:dp_ag0:round0:dp_param_allgather:pg=31:rel-a0f88cdd625a,mock_oisa_scale_1.2,18044373,2570203,15474170,18044373,15474170,1785477765037827868,-1,0,trace_group_end_lag_clamped,1785477765037827868
12895142,252,1785477765025831530,15,1785477765025599818,94369,1785477765040970794,1785477765041065163,dp_ag0,0,16,55,dp_param_allgather:pg=31,1785477765028170021,2338491,dp_param_allgather,16,131395200,world_rs_done,29155273,1785477765020015207,1785477765022353698,1785477765019783495,1.0,iter55:pp15:dp_ag0:round0:dp_param_allgather:pg=31,iter55:pp15:dp_ag0:round0:dp_param_allgather:pg=31:rel-a0f88cdd625a,mock_oisa_scale_1.2,18044373,2570203,15474170,18044373,15474170,1785477765037827868,-1,94369,trace_group_end_lag_clamped,1785477765037733499
12895142,253,1785477765025654450,15,1785477765025599818,90435,1785477765040974728,1785477765041065163,dp_ag0,0,16,55,dp_param_allgather:pg=31,1785477765028170021,2515571,dp_param_allgather,16,131395200,world_rs_done,28978193,1785477765019838127,1785477765022353698,1785477765019783495,1.0,iter55:pp15:dp_ag0:round0:dp_param_allgather:pg=31,iter55:pp15:dp_ag0:round0:dp_param_allgather:pg=31:rel-a0f88cdd625a,mock_oisa_scale_1.2,18044373,2570203,15474170,18044373,15474170,1785477765037827868,-1,90435,trace_group_end_lag_clamped,1785477765037737433
12895142,254,1785477765025689879,15,1785477765025599818,95631,1785477765040969532,1785477765041065163,dp_ag0,0,16,55,dp_param_allgather:pg=31,1785477765028170021,2480142,dp_param_allgather,16,131395200,world_rs_done,29013622,1785477765019873556,1785477765022353698,1785477765019783495,1.0,iter55:pp15:dp_ag0:round0:dp_param_allgather:pg=31,iter55:pp15:dp_ag0:round0:dp_param_allgather:pg=31:rel-a0f88cdd625a,mock_oisa_scale_1.2,18044373,2570203,15474170,18044373,15474170,1785477765037827868,-1,95631,trace_group_end_lag_clamped,1785477765037732237
12895142,255,1785477765025789101,15,1785477765025599818,30016,1785477765041035147,1785477765041065163,dp_ag0,0,16,55,dp_param_allgather:pg=31,1785477765028170021,2380920,dp_param_allgather,16,131395200,world_rs_done,29112844,1785477765019972778,1785477765022353698,1785477765019783495,1.0,iter55:pp15:dp_ag0:round0:dp_param_allgather:pg=31,iter55:pp15:dp_ag0:round0:dp_param_allgather:pg=31:rel-a0f88cdd625a,mock_oisa_scale_1.2,18044373,2570203,15474170,18044373,15474170,1785477765037827868,-1,30016,trace_group_end_lag_clamped,1785477765037797852
10510496,240,1785477765112898527,15,1785477765112712685,206000,1785477765127373694,1785477765127579694,dp_ag1,1,16,55,dp_param_allgather:pg=31,1785477765117069198,4170671,dp_param_allgather,16,131395200,same_rank_edp_ag0,44866109,1785477765115055657,1785477765120031158,1785477765114793952,1.0,iter55:pp15:dp_ag1:round1:dp_param_allgather:pg=31,iter55:pp15:dp_ag1:round1:dp_param_allgather:pg=31:rel-7fa25f3168e8,mock_oisa_scale_1.2,17849801,5237206,12612595,17849801,12612595,1785477765132643753,-1,206000,trace_group_end_lag_clamped,1785477765132437753
10510496,241,1785477765115444929,15,1785477765112712685,114949,1785477765127464745,1785477765127579694,dp_ag1,1,16,55,dp_param_allgather:pg=31,1785477765117069198,1624269,dp_param_allgather,16,131395200,same_rank_edp_ag0,45248139,1785477765118043943,1785477765120031158,1785477765114793952,1.0,iter55:pp15:dp_ag1:round1:dp_param_allgather:pg=31,iter55:pp15:dp_ag1:round1:dp_param_allgather:pg=31:rel-7fa25f3168e8,mock_oisa_scale_1.2,17849801,5237206,12612595,17849801,12612595,1785477765132643753,-1,114949,trace_group_end_lag_clamped,1785477765132528804
10510496,242,1785477765114912135,15,1785477765112712685,299824,1785477765127279870,1785477765127579694,dp_ag1,1,16,55,dp_param_allgather:pg=31,1785477765117069198,2157063,dp_param_allgather,16,131395200,same_rank_edp_ag0,44792800,1785477765117481404,1785477765120031158,1785477765114793952,1.0,iter55:pp15:dp_ag1:round1:dp_param_allgather:pg=31,iter55:pp15:dp_ag1:round1:dp_param_allgather:pg=31:rel-7fa25f3168e8,mock_oisa_scale_1.2,17849801,5237206,12612595,17849801,12612595,1785477765132643753,-1,299824,trace_group_end_lag_clamped,1785477765132343929
10510496,243,1785477765113215656,15,1785477765112712685,0,1785477765127579694,1785477765127579694,dp_ag1,1,16,55,dp_param_allgather:pg=31,1785477765117069198,3853542,dp_param_allgather,16,131395200,same_rank_edp_ag0,45073607,1785477765115375406,1785477765120031158,1785477765114793952,1.0,iter55:pp15:dp_ag1:round1:dp_param_allgather:pg=31,iter55:pp15:dp_ag1:round1:dp_param_allgather:pg=31:rel-7fa25f3168e8,mock_oisa_scale_1.2,17849801,5237206,12612595,17849801,12612595,1785477765132643753,-1,0,trace_group_end_lag_clamped,1785477765132643753
10510496,244,1785477765113551611,15,1785477765112712685,205874,1785477765127373820,1785477765127579694,dp_ag1,1,16,55,dp_param_allgather:pg=31,1785477765117069198,3517587,dp_param_allgather,16,131395200,same_rank_edp_ag0,44945788,1785477765115823088,1785477765120031158,1785477765114793952,1.0,iter55:pp15:dp_ag1:round1:dp_param_allgather:pg=31,iter55:pp15:dp_ag1:round1:dp_param_allgather:pg=31:rel-7fa25f3168e8,mock_oisa_scale_1.2,17849801,5237206,12612595,17849801,12612595,1785477765132643753,-1,205874,trace_group_end_lag_clamped,1785477765132437879
10510496,245,1785477765116965587,15,1785477765112712685,262643,1785477765127317051,1785477765127579694,dp_ag1,1,16,55,dp_param_allgather:pg=31,1785477765117069198,103611,dp_param_allgather,16,131395200,same_rank_edp_ag0,44935224,1785477765119927547,1785477765120031158,1785477765114793952,1.0,iter55:pp15:dp_ag1:round1:dp_param_allgather:pg=31,iter55:pp15:dp_ag1:round1:dp_param_allgather:pg=31:rel-7fa25f3168e8,mock_oisa_scale_1.2,17849801,5237206,12612595,17849801,12612595,1785477765132643753,-1,262643,trace_group_end_lag_clamped,1785477765132381110
10510496,246,1785477765112922169,15,1785477765112712685,186256,1785477765127393438,1785477765127579694,dp_ag1,1,16,55,dp_param_allgather:pg=31,1785477765117069198,4147029,dp_param_allgather,16,131395200,same_rank_edp_ag0,45280815,1785477765115001651,1785477765120031158,1785477765114793952,1.0,iter55:pp15:dp_ag1:round1:dp_param_allgather:pg=31,iter55:pp15:dp_ag1:round1:dp_param_allgather:pg=31:rel-7fa25f3168e8,mock_oisa_scale_1.2,17849801,5237206,12612595,17849801,12612595,1785477765132643753,-1,186256,trace_group_end_lag_clamped,1785477765132457497
10510496,247,1785477765112712685,15,1785477765112712685,118311,1785477765127461383,1785477765127579694,dp_ag1,1,16,55,dp_param_allgather:pg=31,1785477765117069198,4356513,dp_param_allgather,16,131395200,same_rank_edp_ag0,44937214,1785477765114832344,1785477765120031158,1785477765114793952,1.0,iter55:pp15:dp_ag1:round1:dp_param_allgather:pg=31,iter55:pp15:dp_ag1:round1:dp_param_allgather:pg=31:rel-7fa25f3168e8,mock_oisa_scale_1.2,17849801,5237206,12612595,17849801,12612595,1785477765132643753,-1,118311,trace_group_end_lag_clamped,1785477765132525442
10510496,248,1785477765113057185,15,1785477765112712685,214959,1785477765127364735,1785477765127579694,dp_ag1,1,16,55,dp_param_allgather:pg=31,1785477765117069198,4012013,dp_param_allgather,16,131395200,same_rank_edp_ag0,45030094,1785477765115214315,1785477765120031158,1785477765114793952,1.0,iter55:pp15:dp_ag1:round1:dp_param_allgather:pg=31,iter55:pp15:dp_ag1:round1:dp_param_allgather:pg=31:rel-7fa25f3168e8,mock_oisa_scale_1.2,17849801,5237206,12612595,17849801,12612595,1785477765132643753,-1,214959,trace_group_end_lag_clamped,1785477765132428794
10510496,249,1785477765115252816,15,1785477765112712685,346057,1785477765127233637,1785477765127579694,dp_ag1,1,16,55,dp_param_allgather:pg=31,1785477765117069198,1816382,dp_param_allgather,16,131395200,same_rank_edp_ag0,45007319,1785477765117851830,1785477765120031158,1785477765114793952,1.0,iter55:pp15:dp_ag1:round1:dp_param_allgather:pg=31,iter55:pp15:dp_ag1:round1:dp_param_allgather:pg=31:rel-7fa25f3168e8,mock_oisa_scale_1.2,17849801,5237206,12612595,17849801,12612595,1785477765132643753,-1,346057,trace_group_end_lag_clamped,1785477765132297696
10510496,250,1785477765115000325,15,1785477765112712685,166239,1785477765127413455,1785477765127579694,dp_ag1,1,16,55,dp_param_allgather:pg=31,1785477765117069198,2068873,dp_param_allgather,16,131395200,same_rank_edp_ag0,44860180,1785477765117569594,1785477765120031158,1785477765114793952,1.0,iter55:pp15:dp_ag1:round1:dp_param_allgather:pg=31,iter55:pp15:dp_ag1:round1:dp_param_allgather:pg=31:rel-7fa25f3168e8,mock_oisa_scale_1.2,17849801,5237206,12612595,17849801,12612595,1785477765132643753,-1,166239,trace_group_end_lag_clamped,1785477765132477514
10510496,251,1785477765113084820,15,1785477765112712685,422847,1785477765127156847,1785477765127579694,dp_ag1,1,16,55,dp_param_allgather:pg=31,1785477765117069198,3984378,dp_param_allgather,16,131395200,same_rank_edp_ag0,44980725,1785477765115244570,1785477765120031158,1785477765114793952,1.0,iter55:pp15:dp_ag1:round1:dp_param_allgather:pg=31,iter55:pp15:dp_ag1:round1:dp_param_allgather:pg=31:rel-7fa25f3168e8,mock_oisa_scale_1.2,17849801,5237206,12612595,17849801,12612595,1785477765132643753,-1,422847,trace_group_end_lag_clamped,1785477765132220906
10510496,252,1785477765113389788,15,1785477765112712685,181764,1785477765127397930,1785477765127579694,dp_ag1,1,16,55,dp_param_allgather:pg=31,1785477765117069198,3679410,dp_param_allgather,16,131395200,same_rank_edp_ag0,44793150,1785477765115661265,1785477765120031158,1785477765114793952,1.0,iter55:pp15:dp_ag1:round1:dp_param_allgather:pg=31,iter55:pp15:dp_ag1:round1:dp_param_allgather:pg=31:rel-7fa25f3168e8,mock_oisa_scale_1.2,17849801,5237206,12612595,17849801,12612595,1785477765132643753,-1,181764,trace_group_end_lag_clamped,1785477765132461989
10510496,253,1785477765117069198,15,1785477765112712685,171950,1785477765127407744,1785477765127579694,dp_ag1,1,16,55,dp_param_allgather:pg=31,1785477765117069198,0,dp_param_allgather,16,131395200,same_rank_edp_ag0,45014192,1785477765120031158,1785477765120031158,1785477765114793952,1.0,iter55:pp15:dp_ag1:round1:dp_param_allgather:pg=31,iter55:pp15:dp_ag1:round1:dp_param_allgather:pg=31:rel-7fa25f3168e8,mock_oisa_scale_1.2,17849801,5237206,12612595,17849801,12612595,1785477765132643753,-1,171950,trace_group_end_lag_clamped,1785477765132471803
10510496,254,1785477765112714470,15,1785477765112712685,290772,1785477765127288922,1785477765127579694,dp_ag1,1,16,55,dp_param_allgather:pg=31,1785477765117069198,4354728,dp_param_allgather,16,131395200,same_rank_edp_ag0,45099157,1785477765114793952,1785477765120031158,1785477765114793952,1.0,iter55:pp15:dp_ag1:round1:dp_param_allgather:pg=31,iter55:pp15:dp_ag1:round1:dp_param_allgather:pg=31:rel-7fa25f3168e8,mock_oisa_scale_1.2,17849801,5237206,12612595,17849801,12612595,1785477765132643753,-1,290772,trace_group_end_lag_clamped,1785477765132352981
10510496,255,1785477765112954977,15,1785477765112712685,395151,1785477765127184543,1785477765127579694,dp_ag1,1,16,55,dp_param_allgather:pg=31,1785477765117069198,4114221,dp_param_allgather,16,131395200,same_rank_edp_ag0,45123819,1785477765115074636,1785477765120031158,1785477765114793952,1.0,iter55:pp15:dp_ag1:round1:dp_param_allgather:pg=31,iter55:pp15:dp_ag1:round1:dp_param_allgather:pg=31:rel-7fa25f3168e8,mock_oisa_scale_1.2,17849801,5237206,12612595,17849801,12612595,1785477765132643753,-1,395151,trace_group_end_lag_clamped,1785477765132248602
26955763,240,1785477753206825376,15,1785477753205095107,46495,1785477753401052033,1785477753401098528,dp_rs,0,16,55,dp_grad_reduce_scatter:pg=31,1785477753374142765,167317389,dp_grad_reduce_scatter,16,4204646400,pp_frontier,0,1785477753186873643,1785477753348759127,1785477753182454120,1.0,iter55:pp15:dp_rs:round0:dp_grad_reduce_scatter:pg=31,iter55:pp15:dp_rs:round0:dp_grad_reduce_scatter:pg=31:rel-644a1bf96e16,mock_oisa_scale_1.2,198651923,166305007,32346916,198651923,32346916,1785477753381106043,-1,46495,trace_group_end_lag_clamped,1785477753381059548
26955763,241,1785477753206401997,15,1785477753205095107,39987,1785477753401058541,1785477753401098528,dp_rs,0,16,55,dp_grad_reduce_scatter:pg=31,1785477753374142765,167740768,dp_grad_reduce_scatter,16,4204646400,pp_frontier,0,1785477753182916885,1785477753348759127,1785477753182454120,1.0,iter55:pp15:dp_rs:round0:dp_grad_reduce_scatter:pg=31,iter55:pp15:dp_rs:round0:dp_grad_reduce_scatter:pg=31:rel-644a1bf96e16,mock_oisa_scale_1.2,198651923,166305007,32346916,198651923,32346916,1785477753381106043,-1,39987,trace_group_end_lag_clamped,1785477753381066056
26955763,242,1785477753205809133,15,1785477753205095107,51445,1785477753401047083,1785477753401098528,dp_rs,0,16,55,dp_grad_reduce_scatter:pg=31,1785477753374142765,168333632,dp_grad_reduce_scatter,16,4204646400,pp_frontier,0,1785477753184575845,1785477753348759127,1785477753182454120,1.0,iter55:pp15:dp_rs:round0:dp_grad_reduce_scatter:pg=31,iter55:pp15:dp_rs:round0:dp_grad_reduce_scatter:pg=31:rel-644a1bf96e16,mock_oisa_scale_1.2,198651923,166305007,32346916,198651923,32346916,1785477753381106043,-1,51445,trace_group_end_lag_clamped,1785477753381054598
26955763,243,1785477753205686340,15,1785477753205095107,38556,1785477753401059972,1785477753401098528,dp_rs,0,16,55,dp_grad_reduce_scatter:pg=31,1785477753374142765,168456425,dp_grad_reduce_scatter,16,4204646400,pp_frontier,0,1785477753186844673,1785477753348759127,1785477753182454120,1.0,iter55:pp15:dp_rs:round0:dp_grad_reduce_scatter:pg=31,iter55:pp15:dp_rs:round0:dp_grad_reduce_scatter:pg=31:rel-644a1bf96e16,mock_oisa_scale_1.2,198651923,166305007,32346916,198651923,32346916,1785477753381106043,-1,38556,trace_group_end_lag_clamped,1785477753381067487
26955763,244,1785477753205607533,15,1785477753205095107,42522,1785477753401056006,1785477753401098528,dp_rs,0,16,55,dp_grad_reduce_scatter:pg=31,1785477753374142765,168535232,dp_grad_reduce_scatter,16,4204646400,pp_frontier,0,1785477753184548571,1785477753348759127,1785477753182454120,1.0,iter55:pp15:dp_rs:round0:dp_grad_reduce_scatter:pg=31,iter55:pp15:dp_rs:round0:dp_grad_reduce_scatter:pg=31:rel-644a1bf96e16,mock_oisa_scale_1.2,198651923,166305007,32346916,198651923,32346916,1785477753381106043,-1,42522,trace_group_end_lag_clamped,1785477753381063521
26955763,245,1785477753205095107,15,1785477753205095107,65841,1785477753401032687,1785477753401098528,dp_rs,0,16,55,dp_grad_reduce_scatter:pg=31,1785477753374142765,169047658,dp_grad_reduce_scatter,16,4204646400,pp_frontier,0,1785477753185071661,1785477753348759127,1785477753182454120,1.0,iter55:pp15:dp_rs:round0:dp_grad_reduce_scatter:pg=31,iter55:pp15:dp_rs:round0:dp_grad_reduce_scatter:pg=31:rel-644a1bf96e16,mock_oisa_scale_1.2,198651923,166305007,32346916,198651923,32346916,1785477753381106043,-1,65841,trace_group_end_lag_clamped,1785477753381040202
26955763,246,1785477753205565559,15,1785477753205095107,48765,1785477753401049763,1785477753401098528,dp_rs,0,16,55,dp_grad_reduce_scatter:pg=31,1785477753374142765,168577206,dp_grad_reduce_scatter,16,4204646400,pp_frontier,0,1785477753182454120,1785477753348759127,1785477753182454120,1.0,iter55:pp15:dp_rs:round0:dp_grad_reduce_scatter:pg=31,iter55:pp15:dp_rs:round0:dp_grad_reduce_scatter:pg=31:rel-644a1bf96e16,mock_oisa_scale_1.2,198651923,166305007,32346916,198651923,32346916,1785477753381106043,-1,48765,trace_group_end_lag_clamped,1785477753381057278
26955763,247,1785477753206099438,15,1785477753205095107,35619,1785477753401062909,1785477753401098528,dp_rs,0,16,55,dp_grad_reduce_scatter:pg=31,1785477753374142765,168043327,dp_grad_reduce_scatter,16,4204646400,pp_frontier,0,1785477753183193645,1785477753348759127,1785477753182454120,1.0,iter55:pp15:dp_rs:round0:dp_grad_reduce_scatter:pg=31,iter55:pp15:dp_rs:round0:dp_grad_reduce_scatter:pg=31:rel-644a1bf96e16,mock_oisa_scale_1.2,198651923,166305007,32346916,198651923,32346916,1785477753381106043,-1,35619,trace_group_end_lag_clamped,1785477753381070424
26955763,248,1785477753365186531,15,1785477753205095107,6001,1785477753401092527,1785477753401098528,dp_rs,0,16,55,dp_grad_reduce_scatter:pg=31,1785477753374142765,8956234,dp_grad_reduce_scatter,16,4204646400,pp_frontier,0,1785477753327065327,1785477753348759127,1785477753182454120,1.0,iter55:pp15:dp_rs:round0:dp_grad_reduce_scatter:pg=31,iter55:pp15:dp_rs:round0:dp_grad_reduce_scatter:pg=31:rel-644a1bf96e16,mock_oisa_scale_1.2,198651923,166305007,32346916,198651923,32346916,1785477753381106043,-1,6001,trace_group_end_lag_clamped,1785477753381100042
26955763,249,1785477753374142765,15,1785477753205095107,3478,1785477753401095050,1785477753401098528,dp_rs,0,16,55,dp_grad_reduce_scatter:pg=31,1785477753374142765,0,dp_grad_reduce_scatter,16,4204646400,pp_frontier,0,1785477753348471120,1785477753348759127,1785477753182454120,1.0,iter55:pp15:dp_rs:round0:dp_grad_reduce_scatter:pg=31,iter55:pp15:dp_rs:round0:dp_grad_reduce_scatter:pg=31:rel-644a1bf96e16,mock_oisa_scale_1.2,198651923,166305007,32346916,198651923,32346916,1785477753381106043,-1,3478,trace_group_end_lag_clamped,1785477753381102565
26955763,250,1785477753364760623,15,1785477753205095107,0,1785477753401098528,1785477753401098528,dp_rs,0,16,55,dp_grad_reduce_scatter:pg=31,1785477753374142765,9382142,dp_grad_reduce_scatter,16,4204646400,pp_frontier,0,1785477753346139903,1785477753348759127,1785477753182454120,1.0,iter55:pp15:dp_rs:round0:dp_grad_reduce_scatter:pg=31,iter55:pp15:dp_rs:round0:dp_grad_reduce_scatter:pg=31:rel-644a1bf96e16,mock_oisa_scale_1.2,198651923,166305007,32346916,198651923,32346916,1785477753381106043,-1,0,trace_group_end_lag_clamped,1785477753381106043
26955763,251,1785477753365251549,15,1785477753205095107,3190,1785477753401095338,1785477753401098528,dp_rs,0,16,55,dp_grad_reduce_scatter:pg=31,1785477753374142765,8891216,dp_grad_reduce_scatter,16,4204646400,pp_frontier,0,1785477753348759127,1785477753348759127,1785477753182454120,1.0,iter55:pp15:dp_rs:round0:dp_grad_reduce_scatter:pg=31,iter55:pp15:dp_rs:round0:dp_grad_reduce_scatter:pg=31:rel-644a1bf96e16,mock_oisa_scale_1.2,198651923,166305007,32346916,198651923,32346916,1785477753381106043,-1,3190,trace_group_end_lag_clamped,1785477753381102853
26955763,252,1785477753366079666,15,1785477753205095107,15128,1785477753401083400,1785477753401098528,dp_rs,0,16,55,dp_grad_reduce_scatter:pg=31,1785477753374142765,8063099,dp_grad_reduce_scatter,16,4204646400,pp_frontier,0,1785477753348472986,1785477753348759127,1785477753182454120,1.0,iter55:pp15:dp_rs:round0:dp_grad_reduce_scatter:pg=31,iter55:pp15:dp_rs:round0:dp_grad_reduce_scatter:pg=31:rel-644a1bf96e16,mock_oisa_scale_1.2,198651923,166305007,32346916,198651923,32346916,1785477753381106043,-1,15128,trace_group_end_lag_clamped,1785477753381090915
26955763,253,1785477753366036632,15,1785477753205095107,5571,1785477753401092957,1785477753401098528,dp_rs,0,16,55,dp_grad_reduce_scatter:pg=31,1785477753374142765,8106133,dp_grad_reduce_scatter,16,4204646400,pp_frontier,0,1785477753348055412,1785477753348759127,1785477753182454120,1.0,iter55:pp15:dp_rs:round0:dp_grad_reduce_scatter:pg=31,iter55:pp15:dp_rs:round0:dp_grad_reduce_scatter:pg=31:rel-644a1bf96e16,mock_oisa_scale_1.2,198651923,166305007,32346916,198651923,32346916,1785477753381106043,-1,5571,trace_group_end_lag_clamped,1785477753381100472
26955763,254,1785477753366427705,15,1785477753205095107,13751,1785477753401084777,1785477753401098528,dp_rs,0,16,55,dp_grad_reduce_scatter:pg=31,1785477753374142765,7715060,dp_grad_reduce_scatter,16,4204646400,pp_frontier,0,1785477753342643092,1785477753348759127,1785477753182454120,1.0,iter55:pp15:dp_rs:round0:dp_grad_reduce_scatter:pg=31,iter55:pp15:dp_rs:round0:dp_grad_reduce_scatter:pg=31:rel-644a1bf96e16,mock_oisa_scale_1.2,198651923,166305007,32346916,198651923,32346916,1785477753381106043,-1,13751,trace_group_end_lag_clamped,1785477753381092292
26955763,255,1785477753365868101,15,1785477753205095107,120950,1785477753400977578,1785477753401098528,dp_rs,0,16,55,dp_grad_reduce_scatter:pg=31,1785477753374142765,8274664,dp_grad_reduce_scatter,16,4204646400,pp_frontier,0,1785477753345573573,1785477753348759127,1785477753182454120,1.0,iter55:pp15:dp_rs:round0:dp_grad_reduce_scatter:pg=31,iter55:pp15:dp_rs:round0:dp_grad_reduce_scatter:pg=31:rel-644a1bf96e16,mock_oisa_scale_1.2,198651923,166305007,32346916,198651923,32346916,1785477753381106043,-1,120950,trace_group_end_lag_clamped,1785477753380985093
26972123,240,1785477765041060295,15,1785477765041048955,0,1785477765068032418,1785477765068032418,edp_ag0,0,2,55,expert_dp_param_allgather:pg=1283,1785477765041060295,0,expert_dp_param_allgather,2,943718400,same_rank_dp_ag0,10640,1785477765037823000,1785477765037823000,1785477765037811660,1.0,iter55:pp15:edp_ag0:round0:expert_dp_param_allgather:pg=1283,iter55:pp15:edp_ag0:round0:expert_dp_param_allgather:pg=1283:rel-15f5dc08a454,mock_oisa_scale_1.2,32377888,11340,32366548,32377888,32366548,1785477765070189548,-1,0,trace_group_end_lag_clamped,1785477765070189548
26972123,248,1785477765041048955,15,1785477765041048955,5327,1785477765068027091,1785477765068032418,edp_ag0,0,2,55,expert_dp_param_allgather:pg=1283,1785477765041060295,11340,expert_dp_param_allgather,2,943718400,same_rank_dp_ag0,84360,1785477765037811660,1785477765037823000,1785477765037811660,1.0,iter55:pp15:edp_ag0:round0:expert_dp_param_allgather:pg=1283,iter55:pp15:edp_ag0:round0:expert_dp_param_allgather:pg=1283:rel-15f5dc08a454,mock_oisa_scale_1.2,32377888,11340,32366548,32377888,32366548,1785477765070189548,-1,5327,trace_group_end_lag_clamped,1785477765070184221
29181545,241,1785477765041063952,15,1785477765040988605,48707,1785477765070196790,1785477765070245497,edp_ag0,0,2,55,expert_dp_param_allgather:pg=1285,1785477765041063952,0,expert_dp_param_allgather,2,943718400,same_rank_dp_ag0,10640,1785477765037826657,1785477765037826657,1785477765037751310,1.0,iter55:pp15:edp_ag0:round0:expert_dp_param_allgather:pg=1285,iter55:pp15:edp_ag0:round0:expert_dp_param_allgather:pg=1285:rel-b1f928dcccd8,mock_oisa_scale_1.2,35093201,75347,35017854,35093201,35017854,1785477765072844511,-1,48707,trace_group_end_lag_clamped,1785477765072795804
29181545,249,1785477765040988605,15,1785477765040988605,0,1785477765070245497,1785477765070245497,edp_ag0,0,2,55,expert_dp_param_allgather:pg=1285,1785477765041063952,75347,expert_dp_param_allgather,2,943718400,same_rank_dp_ag0,10440,1785477765037751310,1785477765037826657,1785477765037751310,1.0,iter55:pp15:edp_ag0:round0:expert_dp_param_allgather:pg=1285,iter55:pp15:edp_ag0:round0:expert_dp_param_allgather:pg=1285:rel-b1f928dcccd8,mock_oisa_scale_1.2,35093201,75347,35017854,35093201,35017854,1785477765072844511,-1,0,trace_group_end_lag_clamped,1785477765072844511
29032819,242,1785477765041107326,15,1785477765040987867,20810,1785477765070119335,1785477765070140145,edp_ag0,0,2,55,expert_dp_param_allgather:pg=1287,1785477765041107326,0,expert_dp_param_allgather,2,943718400,same_rank_dp_ag0,59400,1785477765037870031,1785477765037870031,1785477765037750572,1.0,iter55:pp15:edp_ag0:round0:expert_dp_param_allgather:pg=1287,iter55:pp15:edp_ag0:round0:expert_dp_param_allgather:pg=1287:rel-d1f927401e2a,mock_oisa_scale_1.2,34958842,119459,34839383,34958842,34839383,1785477765072709414,-1,20810,trace_group_end_lag_clamped,1785477765072688604
29032819,250,1785477765040987867,15,1785477765040987867,0,1785477765070140145,1785477765070140145,edp_ag0,0,2,55,expert_dp_param_allgather:pg=1287,1785477765041107326,119459,expert_dp_param_allgather,2,943718400,same_rank_dp_ag0,11920,1785477765037750572,1785477765037870031,1785477765037750572,1.0,iter55:pp15:edp_ag0:round0:expert_dp_param_allgather:pg=1287,iter55:pp15:edp_ag0:round0:expert_dp_param_allgather:pg=1287:rel-d1f927401e2a,mock_oisa_scale_1.2,34958842,119459,34839383,34958842,34839383,1785477765072709414,-1,0,trace_group_end_lag_clamped,1785477765072709414
26985227,243,1785477765041156822,15,1785477765041076163,0,1785477765068142049,1785477765068142049,edp_ag0,0,2,55,expert_dp_param_allgather:pg=1289,1785477765041156822,0,expert_dp_param_allgather,2,943718400,same_rank_dp_ag0,114001,1785477765037919527,1785477765037919527,1785477765037838868,1.0,iter55:pp15:edp_ag0:round0:expert_dp_param_allgather:pg=1289,iter55:pp15:edp_ag0:round0:expert_dp_param_allgather:pg=1289:rel-e2cdf9d9777b,mock_oisa_scale_1.2,32462931,80659,32382272,32462931,32382272,1785477765070301799,-1,0,trace_group_end_lag_clamped,1785477765070301799
26985227,251,1785477765041076163,15,1785477765041076163,37954,1785477765068104095,1785477765068142049,edp_ag0,0,2,55,expert_dp_param_allgather:pg=1289,1785477765041156822,80659,expert_dp_param_allgather,2,943718400,same_rank_dp_ag0,11000,1785477765037838868,1785477765037919527,1785477765037838868,1.0,iter55:pp15:edp_ag0:round0:expert_dp_param_allgather:pg=1289,iter55:pp15:edp_ag0:round0:expert_dp_param_allgather:pg=1289:rel-e2cdf9d9777b,mock_oisa_scale_1.2,32462931,80659,32382272,32462931,32382272,1785477765070301799,-1,37954,trace_group_end_lag_clamped,1785477765070263845
27543858,244,1785477765041061965,15,1785477765040981594,0,1785477765068605823,1785477765068605823,edp_ag0,0,2,55,expert_dp_param_allgather:pg=1291,1785477765041061965,0,expert_dp_param_allgather,2,943718400,same_rank_dp_ag0,10560,1785477765037824670,1785477765037824670,1785477765037744299,1.0,iter55:pp15:edp_ag0:round0:expert_dp_param_allgather:pg=1291,iter55:pp15:edp_ag0:round0:expert_dp_param_allgather:pg=1291:rel-80bff1676ad1,mock_oisa_scale_1.2,33133001,80371,33052630,33133001,33052630,1785477765070877300,-1,0,trace_group_end_lag_clamped,1785477765070877300
27543858,252,1785477765040981594,15,1785477765040981594,9185,1785477765068596638,1785477765068605823,edp_ag0,0,2,55,expert_dp_param_allgather:pg=1291,1785477765041061965,80371,expert_dp_param_allgather,2,943718400,same_rank_dp_ag0,10800,1785477765037744299,1785477765037824670,1785477765037744299,1.0,iter55:pp15:edp_ag0:round0:expert_dp_param_allgather:pg=1291,iter55:pp15:edp_ag0:round0:expert_dp_param_allgather:pg=1291:rel-80bff1676ad1,mock_oisa_scale_1.2,33133001,80371,33052630,33133001,33052630,1785477765070877300,-1,9185,trace_group_end_lag_clamped,1785477765070868115
30996275,245,1785477765041058731,15,1785477765040985368,24643,1785477765072030363,1785477765072055006,edp_ag0,0,2,55,expert_dp_param_allgather:pg=1293,1785477765041058731,0,expert_dp_param_allgather,2,943718400,same_rank_dp_ag0,10960,1785477765037821436,1785477765037821436,1785477765037748073,1.0,iter55:pp15:edp_ag0:round0:expert_dp_param_allgather:pg=1293,iter55:pp15:edp_ag0:round0:expert_dp_param_allgather:pg=1293:rel-9c74e653501d,mock_oisa_scale_1.2,37268893,73363,37195530,37268893,37195530,1785477765075016966,-1,24643,trace_group_end_lag_clamped,1785477765074992323
30996275,253,1785477765040985368,15,1785477765040985368,0,1785477765072055006,1785477765072055006,edp_ag0,0,2,55,expert_dp_param_allgather:pg=1293,1785477765041058731,73363,expert_dp_param_allgather,2,943718400,same_rank_dp_ag0,10640,1785477765037748073,1785477765037821436,1785477765037748073,1.0,iter55:pp15:edp_ag0:round0:expert_dp_param_allgather:pg=1293,iter55:pp15:edp_ag0:round0:expert_dp_param_allgather:pg=1293:rel-9c74e653501d,mock_oisa_scale_1.2,37268893,73363,37195530,37268893,37195530,1785477765075016966,-1,0,trace_group_end_lag_clamped,1785477765075016966
26583887,246,1785477765041057467,15,1785477765040981492,0,1785477765067641354,1785477765067641354,edp_ag0,0,2,55,expert_dp_param_allgather:pg=1295,1785477765041057467,0,expert_dp_param_allgather,2,943718400,same_rank_dp_ag0,11840,1785477765037820172,1785477765037820172,1785477765037744197,1.0,iter55:pp15:edp_ag0:round0:expert_dp_param_allgather:pg=1295,iter55:pp15:edp_ag0:round0:expert_dp_param_allgather:pg=1295:rel-cf47a90ea6d0,mock_oisa_scale_1.2,31976639,75975,31900664,31976639,31900664,1785477765069720836,-1,0,trace_group_end_lag_clamped,1785477765069720836
26583887,254,1785477765040981492,15,1785477765040981492,26041,1785477765067615313,1785477765067641354,edp_ag0,0,2,55,expert_dp_param_allgather:pg=1295,1785477765041057467,75975,expert_dp_param_allgather,2,943718400,same_rank_dp_ag0,11960,1785477765037744197,1785477765037820172,1785477765037744197,1.0,iter55:pp15:edp_ag0:round0:expert_dp_param_allgather:pg=1295,iter55:pp15:edp_ag0:round0:expert_dp_param_allgather:pg=1295:rel-cf47a90ea6d0,mock_oisa_scale_1.2,31976639,75975,31900664,31976639,31900664,1785477765069720836,-1,26041,trace_group_end_lag_clamped,1785477765069694795
26784771,247,1785477765040976551,15,1785477765040976551,55687,1785477765067775471,1785477765067831158,edp_ag0,0,2,55,expert_dp_param_allgather:pg=1297,1785477765041046387,69836,expert_dp_param_allgather,2,943718400,same_rank_dp_ag0,10600,1785477765037739256,1785477765037809092,1785477765037739256,1.0,iter55:pp15:edp_ag0:round0:expert_dp_param_allgather:pg=1297,iter55:pp15:edp_ag0:round0:expert_dp_param_allgather:pg=1297:rel-833e0811a000,mock_oisa_scale_1.2,32211561,69836,32141725,32211561,32141725,1785477765069950817,-1,55687,trace_group_end_lag_clamped,1785477765069895130
26784771,255,1785477765041046387,15,1785477765040976551,0,1785477765067831158,1785477765067831158,edp_ag0,0,2,55,expert_dp_param_allgather:pg=1297,1785477765041046387,0,expert_dp_param_allgather,2,943718400,same_rank_dp_ag0,11240,1785477765037809092,1785477765037809092,1785477765037739256,1.0,iter55:pp15:edp_ag0:round0:expert_dp_param_allgather:pg=1297,iter55:pp15:edp_ag0:round0:expert_dp_param_allgather:pg=1297:rel-833e0811a000,mock_oisa_scale_1.2,32211561,69836,32141725,32211561,32141725,1785477765069950817,-1,0,trace_group_end_lag_clamped,1785477765069950817
27337817,240,1785477765127385614,15,1785477765127376695,25573,1785477765154697858,1785477765154723431,edp_ag1,1,2,55,expert_dp_param_allgather:pg=1283,1785477765127385614,0,expert_dp_param_allgather,2,943718400,same_rank_dp_ag1,11920,1785477765132449673,1785477765132449673,1785477765132440754,1.0,iter55:pp15:edp_ag1:round1:expert_dp_param_allgather:pg=1283,iter55:pp15:edp_ag1:round1:expert_dp_param_allgather:pg=1283:rel-43afa46cff37,mock_oisa_scale_1.2,32814299,8919,32805380,32814299,32805380,1785477765165255053,-1,25573,trace_group_end_lag_clamped,1785477765165229480
27337817,248,1785477765127376695,15,1785477765127376695,0,1785477765154723431,1785477765154723431,edp_ag1,1,2,55,expert_dp_param_allgather:pg=1283,1785477765127385614,8919,expert_dp_param_allgather,2,943718400,same_rank_dp_ag1,11960,1785477765132440754,1785477765132449673,1785477765132440754,1.0,iter55:pp15:edp_ag1:round1:expert_dp_param_allgather:pg=1283,iter55:pp15:edp_ag1:round1:expert_dp_param_allgather:pg=1283:rel-43afa46cff37,mock_oisa_scale_1.2,32814299,8919,32805380,32814299,32805380,1785477765165255053,-1,0,trace_group_end_lag_clamped,1785477765165255053
26614154,241,1785477765127475625,15,1785477765127245557,0,1785477765154089779,1785477765154089779,edp_ag1,1,2,55,expert_dp_param_allgather:pg=1285,1785477765127475625,0,expert_dp_param_allgather,2,943718400,same_rank_dp_ag1,10880,1785477765132539684,1785477765132539684,1785477765132309616,1.0,iter55:pp15:edp_ag1:round1:expert_dp_param_allgather:pg=1285,iter55:pp15:edp_ag1:round1:expert_dp_param_allgather:pg=1285:rel-b696325a6139,mock_oisa_scale_1.2,32167053,230068,31936985,32167053,31936985,1785477765164476669,-1,0,trace_group_end_lag_clamped,1785477765164476669
26614154,249,1785477765127245557,15,1785477765127245557,26134,1785477765154063645,1785477765154089779,edp_ag1,1,2,55,expert_dp_param_allgather:pg=1285,1785477765127475625,230068,expert_dp_param_allgather,2,943718400,same_rank_dp_ag1,11920,1785477765132309616,1785477765132539684,1785477765132309616,1.0,iter55:pp15:edp_ag1:round1:expert_dp_param_allgather:pg=1285,iter55:pp15:edp_ag1:round1:expert_dp_param_allgather:pg=1285:rel-b696325a6139,mock_oisa_scale_1.2,32167053,230068,31936985,32167053,31936985,1785477765164476669,-1,26134,trace_group_end_lag_clamped,1785477765164450535
27246790,242,1785477765127315190,15,1785477765127315190,32053,1785477765154640352,1785477765154672405,edp_ag1,1,2,55,expert_dp_param_allgather:pg=1287,1785477765127425615,110425,expert_dp_param_allgather,2,943718400,same_rank_dp_ag1,35320,1785477765132379249,1785477765132489674,1785477765132379249,1.0,iter55:pp15:edp_ag1:round1:expert_dp_param_allgather:pg=1287,iter55:pp15:edp_ag1:round1:expert_dp_param_allgather:pg=1287:rel-69a2019f7658,mock_oisa_scale_1.2,32806573,110425,32696148,32806573,32696148,1785477765165185822,-1,32053,trace_group_end_lag_clamped,1785477765165153769
27246790,250,1785477765127425615,15,1785477765127315190,0,1785477765154672405,1785477765154672405,edp_ag1,1,2,55,expert_dp_param_allgather:pg=1287,1785477765127425615,0,expert_dp_param_allgather,2,943718400,same_rank_dp_ag1,12160,1785477765132489674,1785477765132489674,1785477765132379249,1.0,iter55:pp15:edp_ag1:round1:expert_dp_param_allgather:pg=1287,iter55:pp15:edp_ag1:round1:expert_dp_param_allgather:pg=1287:rel-69a2019f7658,mock_oisa_scale_1.2,32806573,110425,32696148,32806573,32696148,1785477765165185822,-1,0,trace_group_end_lag_clamped,1785477765165185822
25893043,243,1785477765127590414,15,1785477765127168727,32861,1785477765153450596,1785477765153483457,edp_ag1,1,2,55,expert_dp_param_allgather:pg=1289,1785477765127590414,0,expert_dp_param_allgather,2,943718400,same_rank_dp_ag1,10720,1785477765132654473,1785477765132654473,1785477765132232786,1.0,iter55:pp15:edp_ag1:round1:expert_dp_param_allgather:pg=1289,iter55:pp15:edp_ag1:round1:expert_dp_param_allgather:pg=1289:rel-e08a01698a30,mock_oisa_scale_1.2,31493339,421687,31071652,31493339,31071652,1785477765163726125,-1,32861,trace_group_end_lag_clamped,1785477765163693264
25893043,251,1785477765127168727,15,1785477765127168727,0,1785477765153483457,1785477765153483457,edp_ag1,1,2,55,expert_dp_param_allgather:pg=1289,1785477765127590414,421687,expert_dp_param_allgather,2,943718400,same_rank_dp_ag1,11880,1785477765132232786,1785477765132654473,1785477765132232786,1.0,iter55:pp15:edp_ag1:round1:expert_dp_param_allgather:pg=1289,iter55:pp15:edp_ag1:round1:expert_dp_param_allgather:pg=1289:rel-e08a01698a30,mock_oisa_scale_1.2,31493339,421687,31071652,31493339,31071652,1785477765163726125,-1,0,trace_group_end_lag_clamped,1785477765163726125
28968978,244,1785477765127444580,15,1785477765127420090,0,1785477765156413558,1785477765156413558,edp_ag1,1,2,55,expert_dp_param_allgather:pg=1291,1785477765127444580,0,expert_dp_param_allgather,2,943718400,same_rank_dp_ag1,70760,1785477765132508639,1785477765132508639,1785477765132484149,1.0,iter55:pp15:edp_ag1:round1:expert_dp_param_allgather:pg=1291,iter55:pp15:edp_ag1:round1:expert_dp_param_allgather:pg=1291:rel-c6e9b9cba6cb,mock_oisa_scale_1.2,34787264,24490,34762774,34787264,34762774,1785477765167271413,-1,0,trace_group_end_lag_clamped,1785477765167271413
28968978,252,1785477765127420090,15,1785477765127420090,21022,1785477765156392536,1785477765156413558,edp_ag1,1,2,55,expert_dp_param_allgather:pg=1291,1785477765127444580,24490,expert_dp_param_allgather,2,943718400,same_rank_dp_ag1,22160,1785477765132484149,1785477765132508639,1785477765132484149,1.0,iter55:pp15:edp_ag1:round1:expert_dp_param_allgather:pg=1291,iter55:pp15:edp_ag1:round1:expert_dp_param_allgather:pg=1291:rel-c6e9b9cba6cb,mock_oisa_scale_1.2,34787264,24490,34762774,34787264,34762774,1785477765167271413,-1,21022,trace_group_end_lag_clamped,1785477765167250391
33384904,245,1785477765127389091,15,1785477765127389091,0,1785477765160804248,1785477765160804248,edp_ag1,1,2,55,expert_dp_param_allgather:pg=1293,1785477765127419344,30253,expert_dp_param_allgather,2,943718400,same_rank_dp_ag1,72040,1785477765132453150,1785477765132483403,1785477765132453150,1.0,iter55:pp15:edp_ag1:round1:expert_dp_param_allgather:pg=1293,iter55:pp15:edp_ag1:round1:expert_dp_param_allgather:pg=1293:rel-ca8e3540ec32,mock_oisa_scale_1.2,40092138,30253,40061885,40092138,40061885,1785477765172545288,-1,0,trace_group_end_lag_clamped,1785477765172545288
33384904,253,1785477765127419344,15,1785477765127389091,22381,1785477765160781867,1785477765160804248,edp_ag1,1,2,55,expert_dp_param_allgather:pg=1293,1785477765127419344,0,expert_dp_param_allgather,2,943718400,same_rank_dp_ag1,11600,1785477765132483403,1785477765132483403,1785477765132453150,1.0,iter55:pp15:edp_ag1:round1:expert_dp_param_allgather:pg=1293,iter55:pp15:edp_ag1:round1:expert_dp_param_allgather:pg=1293:rel-ca8e3540ec32,mock_oisa_scale_1.2,40092138,30253,40061885,40092138,40061885,1785477765172545288,-1,22381,trace_group_end_lag_clamped,1785477765172522907
29034058,246,1785477765127405518,15,1785477765127299722,0,1785477765156439576,1785477765156439576,edp_ag1,1,2,55,expert_dp_param_allgather:pg=1295,1785477765127405518,0,expert_dp_param_allgather,2,943718400,same_rank_dp_ag1,12080,1785477765132469577,1785477765132469577,1785477765132363781,1.0,iter55:pp15:edp_ag1:round1:expert_dp_param_allgather:pg=1295,iter55:pp15:edp_ag1:round1:expert_dp_param_allgather:pg=1295:rel-a9af291a5422,mock_oisa_scale_1.2,34946666,105796,34840870,34946666,34840870,1785477765167310447,-1,0,trace_group_end_lag_clamped,1785477765167310447
29034058,254,1785477765127299722,15,1785477765127299722,1360391,1785477765155079185,1785477765156439576,edp_ag1,1,2,55,expert_dp_param_allgather:pg=1295,1785477765127405518,105796,expert_dp_param_allgather,2,943718400,same_rank_dp_ag1,10800,1785477765132363781,1785477765132469577,1785477765132363781,1.0,iter55:pp15:edp_ag1:round1:expert_dp_param_allgather:pg=1295,iter55:pp15:edp_ag1:round1:expert_dp_param_allgather:pg=1295:rel-a9af291a5422,mock_oisa_scale_1.2,34946666,105796,34840870,34946666,34840870,1785477765167310447,-1,1360391,trace_group_end_lag_clamped,1785477765165950056
26860011,247,1785477765127473063,15,1785477765127195783,25690,1785477765154307384,1785477765154333074,edp_ag1,1,2,55,expert_dp_param_allgather:pg=1297,1785477765127473063,0,expert_dp_param_allgather,2,943718400,same_rank_dp_ag1,11680,1785477765132537122,1785477765132537122,1785477765132259842,1.0,iter55:pp15:edp_ag1:round1:expert_dp_param_allgather:pg=1297,iter55:pp15:edp_ag1:round1:expert_dp_param_allgather:pg=1297:rel-bf030f15a57d,mock_oisa_scale_1.2,32509293,277280,32232013,32509293,32232013,1785477765164769135,-1,25690,trace_group_end_lag_clamped,1785477765164743445
26860011,255,1785477765127195783,15,1785477765127195783,0,1785477765154333074,1785477765154333074,edp_ag1,1,2,55,expert_dp_param_allgather:pg=1297,1785477765127473063,277280,expert_dp_param_allgather,2,943718400,same_rank_dp_ag1,11240,1785477765132259842,1785477765132537122,1785477765132259842,1.0,iter55:pp15:edp_ag1:round1:expert_dp_param_allgather:pg=1297,iter55:pp15:edp_ag1:round1:expert_dp_param_allgather:pg=1297:rel-bf030f15a57d,mock_oisa_scale_1.2,32509293,277280,32232013,32509293,32232013,1785477765164769135,-1,0,trace_group_end_lag_clamped,1785477765164769135
105726521,240,1785477753410195929,15,1785477753410138706,0,1785477753515922450,1785477753515922450,edp_rs,0,2,55,expert_dp_grad_reduce_scatter:pg=1283,1785477753410195929,0,expert_dp_grad_reduce_scatter,2,3774873600,same_rank_dp_rs,9143896,1785477753390203444,1785477753390203444,1785477753390146221,1.0,iter55:pp15:edp_rs:round0:expert_dp_grad_reduce_scatter:pg=1283,iter55:pp15:edp_rs:round0:expert_dp_grad_reduce_scatter:pg=1283:rel-09896496ae3d,mock_oisa_scale_1.2,126929048,57223,126871825,126929048,126871825,1785477753517075269,-1,0,trace_group_end_lag_clamped,1785477753517075269
105726521,248,1785477753410138706,15,1785477753410138706,19002,1785477753515903448,1785477753515922450,edp_rs,0,2,55,expert_dp_grad_reduce_scatter:pg=1283,1785477753410195929,57223,expert_dp_grad_reduce_scatter,2,3774873600,same_rank_dp_rs,9046179,1785477753390146221,1785477753390203444,1785477753390146221,1.0,iter55:pp15:edp_rs:round0:expert_dp_grad_reduce_scatter:pg=1283,iter55:pp15:edp_rs:round0:expert_dp_grad_reduce_scatter:pg=1283:rel-09896496ae3d,mock_oisa_scale_1.2,126929048,57223,126871825,126929048,126871825,1785477753517075269,-1,19002,trace_group_end_lag_clamped,1785477753517056267
105041503,241,1785477753410148153,15,1785477753410109225,0,1785477753515189656,1785477753515189656,edp_rs,0,2,55,expert_dp_grad_reduce_scatter:pg=1285,1785477753410148153,0,expert_dp_grad_reduce_scatter,2,3774873600,same_rank_dp_rs,9089612,1785477753390155668,1785477753390155668,1785477753390116740,1.0,iter55:pp15:edp_rs:round0:expert_dp_grad_reduce_scatter:pg=1285,iter55:pp15:edp_rs:round0:expert_dp_grad_reduce_scatter:pg=1285:rel-d1af7eb44362,mock_oisa_scale_1.2,126088732,38928,126049804,126088732,126049804,1785477753516205472,-1,0,trace_group_end_lag_clamped,1785477753516205472
105041503,249,1785477753410109225,15,1785477753410109225,81654,1785477753515108002,1785477753515189656,edp_rs,0,2,55,expert_dp_grad_reduce_scatter:pg=1285,1785477753410148153,38928,expert_dp_grad_reduce_scatter,2,3774873600,same_rank_dp_rs,9014175,1785477753390116740,1785477753390155668,1785477753390116740,1.0,iter55:pp15:edp_rs:round0:expert_dp_grad_reduce_scatter:pg=1285,iter55:pp15:edp_rs:round0:expert_dp_grad_reduce_scatter:pg=1285:rel-d1af7eb44362,mock_oisa_scale_1.2,126088732,38928,126049804,126088732,126049804,1785477753516205472,-1,81654,trace_group_end_lag_clamped,1785477753516123818
103845296,242,1785477753410507965,15,1785477753410150004,70594,1785477753514282667,1785477753514353261,edp_rs,0,2,55,expert_dp_grad_reduce_scatter:pg=1287,1785477753410507965,0,expert_dp_grad_reduce_scatter,2,3774873600,same_rank_dp_rs,9460882,1785477753390515480,1785477753390515480,1785477753390157519,1.0,iter55:pp15:edp_rs:round0:expert_dp_grad_reduce_scatter:pg=1287,iter55:pp15:edp_rs:round0:expert_dp_grad_reduce_scatter:pg=1287:rel-966b544b1d84,mock_oisa_scale_1.2,124972316,357961,124614355,124972316,124614355,1785477753515129835,-1,70594,trace_group_end_lag_clamped,1785477753515059241
103845296,250,1785477753410150004,15,1785477753410150004,0,1785477753514353261,1785477753514353261,edp_rs,0,2,55,expert_dp_grad_reduce_scatter:pg=1287,1785477753410507965,357961,expert_dp_grad_reduce_scatter,2,3774873600,same_rank_dp_rs,9051476,1785477753390157519,1785477753390515480,1785477753390157519,1.0,iter55:pp15:edp_rs:round0:expert_dp_grad_reduce_scatter:pg=1287,iter55:pp15:edp_rs:round0:expert_dp_grad_reduce_scatter:pg=1287:rel-966b544b1d84,mock_oisa_scale_1.2,124972316,357961,124614355,124972316,124614355,1785477753515129835,-1,0,trace_group_end_lag_clamped,1785477753515129835
101994040,243,1785477753410444303,15,1785477753410346036,0,1785477753512438343,1785477753512438343,edp_rs,0,2,55,expert_dp_grad_reduce_scatter:pg=1289,1785477753410444303,0,expert_dp_grad_reduce_scatter,2,3774873600,same_rank_dp_rs,9384331,1785477753390451818,1785477753390451818,1785477753390353551,1.0,iter55:pp15:edp_rs:round0:expert_dp_grad_reduce_scatter:pg=1289,iter55:pp15:edp_rs:round0:expert_dp_grad_reduce_scatter:pg=1289:rel-84e84bf9f9a7,mock_oisa_scale_1.2,122491115,98267,122392848,122491115,122392848,1785477753512844666,-1,0,trace_group_end_lag_clamped,1785477753512844666
101994040,251,1785477753410346036,15,1785477753410346036,77591,1785477753512360752,1785477753512438343,edp_rs,0,2,55,expert_dp_grad_reduce_scatter:pg=1289,1785477753410444303,98267,expert_dp_grad_reduce_scatter,2,3774873600,same_rank_dp_rs,9250698,1785477753390353551,1785477753390451818,1785477753390353551,1.0,iter55:pp15:edp_rs:round0:expert_dp_grad_reduce_scatter:pg=1289,iter55:pp15:edp_rs:round0:expert_dp_grad_reduce_scatter:pg=1289:rel-84e84bf9f9a7,mock_oisa_scale_1.2,122491115,98267,122392848,122491115,122392848,1785477753512844666,-1,77591,trace_group_end_lag_clamped,1785477753512767075
102496520,244,1785477753410247492,15,1785477753410247492,84944,1785477753512966191,1785477753513051135,edp_rs,0,2,55,expert_dp_grad_reduce_scatter:pg=1291,1785477753410554615,307123,expert_dp_grad_reduce_scatter,2,3774873600,same_rank_dp_rs,9191486,1785477753390255007,1785477753390562130,1785477753390255007,1.0,iter55:pp15:edp_rs:round0:expert_dp_grad_reduce_scatter:pg=1291,iter55:pp15:edp_rs:round0:expert_dp_grad_reduce_scatter:pg=1291:rel-68b097a0d568,mock_oisa_scale_1.2,123302947,307123,122995824,123302947,122995824,1785477753513557954,-1,84944,trace_group_end_lag_clamped,1785477753513473010
102496520,252,1785477753410554615,15,1785477753410247492,0,1785477753513051135,1785477753513051135,edp_rs,0,2,55,expert_dp_grad_reduce_scatter:pg=1291,1785477753410554615,0,expert_dp_grad_reduce_scatter,2,3774873600,same_rank_dp_rs,9471215,1785477753390562130,1785477753390562130,1785477753390255007,1.0,iter55:pp15:edp_rs:round0:expert_dp_grad_reduce_scatter:pg=1291,iter55:pp15:edp_rs:round0:expert_dp_grad_reduce_scatter:pg=1291:rel-68b097a0d568,mock_oisa_scale_1.2,123302947,307123,122995824,123302947,122995824,1785477753513557954,-1,0,trace_group_end_lag_clamped,1785477753513557954
106011889,245,1785477753410198789,15,1785477753410193499,0,1785477753516210678,1785477753516210678,edp_rs,0,2,55,expert_dp_grad_reduce_scatter:pg=1293,1785477753410198789,0,expert_dp_grad_reduce_scatter,2,3774873600,same_rank_dp_rs,9166102,1785477753390206304,1785477753390206304,1785477753390201014,1.0,iter55:pp15:edp_rs:round0:expert_dp_grad_reduce_scatter:pg=1293,iter55:pp15:edp_rs:round0:expert_dp_grad_reduce_scatter:pg=1293:rel-f6218329d108,mock_oisa_scale_1.2,127219557,5290,127214267,127219557,127214267,1785477753517420571,-1,0,trace_group_end_lag_clamped,1785477753517420571
106011889,253,1785477753410193499,15,1785477753410193499,71801,1785477753516138877,1785477753516210678,edp_rs,0,2,55,expert_dp_grad_reduce_scatter:pg=1293,1785477753410198789,5290,expert_dp_grad_reduce_scatter,2,3774873600,same_rank_dp_rs,9100542,1785477753390201014,1785477753390206304,1785477753390201014,1.0,iter55:pp15:edp_rs:round0:expert_dp_grad_reduce_scatter:pg=1293,iter55:pp15:edp_rs:round0:expert_dp_grad_reduce_scatter:pg=1293:rel-f6218329d108,mock_oisa_scale_1.2,127219557,5290,127214267,127219557,127214267,1785477753517420571,-1,71801,trace_group_end_lag_clamped,1785477753517348770
103020097,246,1785477753410184126,15,1785477753410184126,6670,1785477753513370613,1785477753513377283,edp_rs,0,2,55,expert_dp_grad_reduce_scatter:pg=1295,1785477753410357186,173060,expert_dp_grad_reduce_scatter,2,3774873600,same_rank_dp_rs,9134363,1785477753390191641,1785477753390364701,1785477753390191641,1.0,iter55:pp15:edp_rs:round0:expert_dp_grad_reduce_scatter:pg=1295,iter55:pp15:edp_rs:round0:expert_dp_grad_reduce_scatter:pg=1295:rel-61c6a60ae468,mock_oisa_scale_1.2,123797176,173060,123624116,123797176,123624116,1785477753513988817,-1,6670,trace_group_end_lag_clamped,1785477753513982147
103020097,254,1785477753410357186,15,1785477753410184126,0,1785477753513377283,1785477753513377283,edp_rs,0,2,55,expert_dp_grad_reduce_scatter:pg=1295,1785477753410357186,0,expert_dp_grad_reduce_scatter,2,3774873600,same_rank_dp_rs,9272409,1785477753390364701,1785477753390364701,1785477753390191641,1.0,iter55:pp15:edp_rs:round0:expert_dp_grad_reduce_scatter:pg=1295,iter55:pp15:edp_rs:round0:expert_dp_grad_reduce_scatter:pg=1295:rel-61c6a60ae468,mock_oisa_scale_1.2,123797176,173060,123624116,123797176,123624116,1785477753513988817,-1,0,trace_group_end_lag_clamped,1785477753513988817
104525085,247,1785477753410323815,15,1785477753410021658,0,1785477753514848900,1785477753514848900,edp_rs,0,2,55,expert_dp_grad_reduce_scatter:pg=1297,1785477753410323815,0,expert_dp_grad_reduce_scatter,2,3774873600,same_rank_dp_rs,9260906,1785477753390331330,1785477753390331330,1785477753390029173,1.0,iter55:pp15:edp_rs:round0:expert_dp_grad_reduce_scatter:pg=1297,iter55:pp15:edp_rs:round0:expert_dp_grad_reduce_scatter:pg=1297:rel-8aad27564690,mock_oisa_scale_1.2,125732259,302157,125430102,125732259,125430102,1785477753515761432,-1,0,trace_group_end_lag_clamped,1785477753515761432
104525085,255,1785477753410021658,15,1785477753410021658,54129,1785477753514794771,1785477753514848900,edp_rs,0,2,55,expert_dp_grad_reduce_scatter:pg=1297,1785477753410323815,302157,expert_dp_grad_reduce_scatter,2,3774873600,same_rank_dp_rs,9044080,1785477753390029173,1785477753390331330,1785477753390029173,1.0,iter55:pp15:edp_rs:round0:expert_dp_grad_reduce_scatter:pg=1297,iter55:pp15:edp_rs:round0:expert_dp_grad_reduce_scatter:pg=1297:rel-8aad27564690,mock_oisa_scale_1.2,125732259,302157,125430102,125732259,125430102,1785477753515761432,-1,54129,trace_group_end_lag_clamped,1785477753515707303
