iteration,node_id,kind,phase,microbatch,rank,pp_stage,pp_lane,src_rank,dst_rank,src_stage,dst_stage,sequence,region,duration_ns,trace_duration_ns,embedded_collective_adjustment_ns,network_service_ns,software_completion_ns,observed_start_ns,observed_end_ns,predicted_relative_start_ns,predicted_relative_end_ns,critical_predecessor,local_wait_ns,predicted_lane_origin_ns,predicted_start_ns,predicted_end_ns
55,rank0:F0,compute,forward,0,0,0,0,0,0,0,0,0,warmup,161589252,161589252,0,0,0,1.7854777448094717e+18,1.785477744971061e+18,0,161589252,,0,1785477744809471652,1785477744809471652,1785477744971060904
55,lane0:F0:s0->s1,pp_message,forward,0,-1,0,0,0,16,0,1,-1,p2p,4712346,0,0,4712346,0,,,161589252,166301598,rank0:F0,0,1785477744809471652,1785477744971060904,1785477744975773250
55,rank0:F1,compute,forward,1,0,0,0,0,0,0,0,1,warmup,158603144,158603144,0,0,0,1.7854777449764058e+18,1.7854777451350088e+18,166301598,324904742,lane0:F0:s0->s1,4712346,1785477744809471652,1785477744975773250,1785477745134376394
55,rank16:F0,compute,forward,0,16,1,0,16,16,1,1,0,warmup,325713549,325713549,0,0,0,1.7854777449763914e+18,1.7854777453021048e+18,166301598,492015147,lane0:F0:s0->s1,166301598,1785477744809471652,1785477744975773250,1785477745301486799
55,lane0:F1:s0->s1,pp_message,forward,1,-1,0,0,0,16,0,1,-1,p2p,4712346,0,0,4712346,0,,,324904742,329617088,rank0:F1,0,1785477744809471652,1785477745134376394,1785477745139088740
55,rank0:F2,compute,forward,2,0,0,0,0,0,0,0,2,warmup,157677108,157677108,0,0,0,1.7854777453132705e+18,1.7854777454709476e+18,329617088,487294196,lane0:F1:s0->s1,4712346,1785477744809471652,1785477745139088740,1785477745296765848
55,lane0:F2:s0->s1,pp_message,forward,2,-1,0,0,0,16,0,1,-1,p2p,4712346,0,0,4712346,0,,,487294196,492006542,rank0:F2,0,1785477744809471652,1785477745296765848,1785477745301478194
55,rank0:F3,compute,forward,3,0,0,0,0,0,0,0,3,warmup,157750901,157750901,0,0,0,1.785477745649481e+18,1.785477745807232e+18,492006542,649757443,lane0:F2:s0->s1,4712346,1785477744809471652,1785477745301478194,1785477745459229095
55,lane0:F0:s1->s2,pp_message,forward,0,-1,1,0,16,32,1,2,-1,p2p,4712346,0,0,4712346,0,,,492015147,496727493,rank16:F0,0,1785477744809471652,1785477745301486799,1785477745306199145
55,rank16:F1,compute,forward,1,16,1,0,16,16,1,1,1,warmup,325843846,325843846,0,0,0,1.7854777453131494e+18,1.7854777456389934e+18,496727493,822571339,lane0:F0:s1->s2,4712346,1785477744809471652,1785477745306199145,1785477745632042991
55,rank32:F0,compute,forward,0,32,2,0,32,32,2,2,0,warmup,320464416,320464416,0,0,0,1.7854777453081797e+18,1.785477745628644e+18,496727493,817191909,lane0:F0:s1->s2,496727493,1785477744809471652,1785477745306199145,1785477745626663561
55,lane0:F3:s0->s1,pp_message,forward,3,-1,0,0,0,16,0,1,-1,p2p,4712346,0,0,4712346,0,,,649757443,654469789,rank0:F3,0,1785477744809471652,1785477745459229095,1785477745463941441
55,lane0:F0:s2->s3,pp_message,forward,0,-1,2,0,32,48,2,3,-1,p2p,4712346,0,0,4712346,0,,,817191909,821904255,rank32:F0,0,1785477744809471652,1785477745626663561,1785477745631375907
55,rank48:F0,compute,forward,0,48,3,0,48,48,3,3,0,warmup,317327036,317327036,0,0,0,1.7854777456338575e+18,1.7854777459511844e+18,821904255,1139231291,lane0:F0:s2->s3,821904255,1785477744809471652,1785477745631375907,1785477745948702943
55,lane0:F1:s1->s2,pp_message,forward,1,-1,1,0,16,32,1,2,-1,p2p,4712346,0,0,4712346,0,,,822571339,827283685,rank16:F1,0,1785477744809471652,1785477745632042991,1785477745636755337
55,rank16:F2,compute,forward,2,16,1,0,16,16,1,1,2,warmup,324616519,324616519,0,0,0,1.7854777456494246e+18,1.785477745974041e+18,827283685,1151900204,lane0:F1:s1->s2,4712346,1785477744809471652,1785477745636755337,1785477745961371856
55,rank32:F1,compute,forward,1,32,2,0,32,32,2,2,1,warmup,322897802,322897802,0,0,0,1.7854777456441208e+18,1.7854777459670188e+18,827283685,1150181487,lane0:F1:s1->s2,10091776,1785477744809471652,1785477745636755337,1785477745959653139
55,lane0:F0:s3->s4,pp_message,forward,0,-1,3,0,48,64,3,4,-1,p2p,4712346,0,0,4712346,0,,,1139231291,1143943637,rank48:F0,0,1785477744809471652,1785477745948702943,1785477745953415289
55,rank64:F0,compute,forward,0,64,4,0,64,64,4,4,0,warmup,335385833,335385833,0,0,0,1.7854777459565555e+18,1.7854777462919414e+18,1143943637,1479329470,lane0:F0:s3->s4,1143943637,1785477744809471652,1785477745953415289,1785477746288801122
55,lane0:F1:s2->s3,pp_message,forward,1,-1,2,0,32,48,2,3,-1,p2p,4712346,0,0,4712346,0,,,1150181487,1154893833,rank32:F1,0,1785477744809471652,1785477745959653139,1785477745964365485
55,lane0:F2:s1->s2,pp_message,forward,2,-1,1,0,16,32,1,2,-1,p2p,4712346,0,0,4712346,0,,,1151900204,1156612550,rank16:F2,0,1785477744809471652,1785477745961371856,1785477745966084202
55,rank48:F1,compute,forward,1,48,3,0,48,48,3,3,1,warmup,314210059,314210059,0,0,0,1.7854777459721664e+18,1.7854777462863764e+18,1154893833,1469103892,lane0:F1:s2->s3,15662542,1785477744809471652,1785477745964365485,1785477746278575544
55,rank16:F3,compute,forward,3,16,1,0,16,16,1,1,3,warmup,322506780,322506780,0,0,0,1.7854777459843387e+18,1.7854777463068454e+18,1156612550,1479119330,lane0:F2:s1->s2,4712346,1785477744809471652,1785477745966084202,1785477746288590982
55,rank32:F2,compute,forward,2,32,2,0,32,32,2,2,2,warmup,463063797,463063797,0,0,0,1.7854777459792847e+18,1.7854777464423485e+18,1156612550,1619676347,lane0:F2:s1->s2,6431063,1785477744809471652,1785477745966084202,1785477746429147999
55,lane0:F1:s3->s4,pp_message,forward,1,-1,3,0,48,64,3,4,-1,p2p,4712346,0,0,4712346,0,,,1469103892,1473816238,rank48:F1,0,1785477744809471652,1785477746278575544,1785477746283287890
55,lane0:F3:s1->s2,pp_message,forward,3,-1,1,0,16,32,1,2,-1,p2p,4712346,0,0,4712346,0,,,1479119330,1483831676,rank16:F3,0,1785477744809471652,1785477746288590982,1785477746293303328
55,lane0:F0:s4->s5,pp_message,forward,0,-1,4,0,64,80,4,5,-1,p2p,4712346,0,0,4712346,0,,,1479329470,1484041816,rank64:F0,0,1785477744809471652,1785477746288801122,1785477746293513468
55,rank64:F1,compute,forward,1,64,4,0,64,64,4,4,1,warmup,317320688,317320688,0,0,0,1.7854777463020946e+18,1.7854777466194153e+18,1484041816,1801362504,lane0:F0:s4->s5,4712346,1785477744809471652,1785477746293513468,1785477746610834156
55,rank80:F0,compute,forward,0,80,5,0,80,80,5,5,0,warmup,315057717,315057717,0,0,0,1.7854777462973832e+18,1.7854777466124408e+18,1484041816,1799099533,lane0:F0:s4->s5,1484041816,1785477744809471652,1785477746293513468,1785477746608571185
55,lane0:F2:s2->s3,pp_message,forward,2,-1,2,0,32,48,2,3,-1,p2p,4712346,0,0,4712346,0,,,1619676347,1624388693,rank32:F2,0,1785477744809471652,1785477746429147999,1785477746433860345
55,rank32:F3,compute,forward,3,32,2,0,32,32,2,2,3,warmup,317260240,317260240,0,0,0,1.7854777464527168e+18,1.7854777467699768e+18,1624388693,1941648933,lane0:F2:s2->s3,4712346,1785477744809471652,1785477746433860345,1785477746751120585
55,rank48:F2,compute,forward,2,48,3,0,48,48,3,3,2,warmup,315324274,315324274,0,0,0,1.7854777464475013e+18,1.7854777467628255e+18,1624388693,1939712967,lane0:F2:s2->s3,155284801,1785477744809471652,1785477746433860345,1785477746749184619
55,lane0:F0:s5->s6,pp_message,forward,0,-1,5,0,80,96,5,6,-1,p2p,4712346,0,0,4712346,0,,,1799099533,1803811879,rank80:F0,0,1785477744809471652,1785477746608571185,1785477746613283531
55,lane0:F1:s4->s5,pp_message,forward,1,-1,4,0,64,80,4,5,-1,p2p,4712346,0,0,4712346,0,,,1801362504,1806074850,rank64:F1,0,1785477744809471652,1785477746610834156,1785477746615546502
55,rank96:F0,compute,forward,0,96,6,0,96,96,6,6,0,warmup,317961283,317961283,0,0,0,1.7854777466179776e+18,1.7854777469359388e+18,1803811879,2121773162,lane0:F0:s5->s6,1803811879,1785477744809471652,1785477746613283531,1785477746931244814
55,rank80:F1,compute,forward,1,80,5,0,80,80,5,5,1,warmup,313068007,313068007,0,0,0,1.7854777466244626e+18,1.7854777469375304e+18,1806074850,2119142857,lane0:F1:s4->s5,6975317,1785477744809471652,1785477746615546502,1785477746928614509
55,lane0:F2:s3->s4,pp_message,forward,2,-1,3,0,48,64,3,4,-1,p2p,4712346,0,0,4712346,0,,,1939712967,1944425313,rank48:F2,0,1785477744809471652,1785477746749184619,1785477746753896965
55,lane0:F3:s2->s3,pp_message,forward,3,-1,2,0,32,48,2,3,-1,p2p,4712346,0,0,4712346,0,,,1941648933,1946361279,rank32:F3,0,1785477744809471652,1785477746751120585,1785477746755832931
55,rank64:F2,compute,forward,2,64,4,0,64,64,4,4,2,warmup,315835668,315835668,0,0,0,1.7854777467680292e+18,1.7854777470838648e+18,1944425313,2260260981,lane0:F2:s3->s4,143062809,1785477744809471652,1785477746753896965,1785477747069732633
55,rank48:F3,compute,forward,3,48,3,0,48,48,3,3,3,warmup,334028881,334028881,0,0,0,1.7854777467750979e+18,1.785477747109127e+18,1946361279,2280390160,lane0:F3:s2->s3,6648312,1785477744809471652,1785477746755832931,1785477747089861812
55,lane0:F1:s5->s6,pp_message,forward,1,-1,5,0,80,96,5,6,-1,p2p,4712346,0,0,4712346,0,,,2119142857,2123855203,rank80:F1,0,1785477744809471652,1785477746928614509,1785477746933326855
55,lane0:F0:s6->s7,pp_message,forward,0,-1,6,0,96,112,6,7,-1,p2p,4712346,0,0,4712346,0,,,2121773162,2126485508,rank96:F0,0,1785477744809471652,1785477746931244814,1785477746935957160
55,rank112:F0,compute,forward,0,112,7,0,112,112,7,7,0,warmup,316959816,316959816,0,0,0,1.785477746941603e+18,1.785477747258563e+18,2126485508,2443445324,lane0:F0:s6->s7,2126485508,1785477744809471652,1785477746935957160,1785477747252916976
55,rank96:F1,compute,forward,1,96,6,0,96,96,6,6,1,warmup,316836974,316836974,0,0,0,1.7854777469463022e+18,1.7854777472631393e+18,2126485508,2443322482,lane0:F0:s6->s7,4712346,1785477744809471652,1785477746935957160,1785477747252794134
55,lane0:F2:s4->s5,pp_message,forward,2,-1,4,0,64,80,4,5,-1,p2p,4712346,0,0,4712346,0,,,2260260981,2264973327,rank64:F2,0,1785477744809471652,1785477747069732633,1785477747074444979
55,rank80:F2,compute,forward,2,80,5,0,80,80,5,5,2,warmup,352583734,352583734,0,0,0,1.7854777470890634e+18,1.785477747441647e+18,2264973327,2617557061,lane0:F2:s4->s5,145830470,1785477744809471652,1785477747074444979,1785477747427028713
55,lane0:F3:s3->s4,pp_message,forward,3,-1,3,0,48,64,3,4,-1,p2p,4712346,0,0,4712346,0,,,2280390160,2285102506,rank48:F3,0,1785477744809471652,1785477747089861812,1785477747094574158
55,rank64:F3,compute,forward,3,64,4,0,64,64,4,4,3,warmup,313494294,313494294,0,0,0,1.785477747114236e+18,1.7854777474277304e+18,2285102506,2598596800,lane0:F3:s3->s4,24841525,1785477744809471652,1785477747094574158,1785477747408068452
55,lane0:F1:s6->s7,pp_message,forward,1,-1,6,0,96,112,6,7,-1,p2p,4712346,0,0,4712346,0,,,2443322482,2448034828,rank96:F1,0,1785477744809471652,1785477747252794134,1785477747257506480
55,lane0:F0:s7->s8,pp_message,forward,0,-1,7,0,112,128,7,8,-1,p2p,4712346,0,0,4712346,0,,,2443445324,2448157670,rank112:F0,0,1785477744809471652,1785477747252916976,1785477747257629322
55,rank112:F1,compute,forward,1,112,7,0,112,112,7,7,1,warmup,312190019,312190019,0,0,0,1.7854777472689334e+18,1.7854777475811236e+18,2448157670,2760347689,lane0:F0:s7->s8,4712346,1785477744809471652,1785477747257629322,1785477747569819341
55,rank128:F0,compute,forward,0,128,8,0,128,128,8,8,0,warmup,313085112,313085112,0,0,0,1.7854777472642386e+18,1.7854777475773238e+18,2448157670,2761242782,lane0:F0:s7->s8,2448157670,1785477744809471652,1785477747257629322,1785477747570714434
55,lane0:F3:s4->s5,pp_message,forward,3,-1,4,0,64,80,4,5,-1,p2p,4712346,0,0,4712346,0,,,2598596800,2603309146,rank64:F3,0,1785477744809471652,1785477747408068452,1785477747412780798
55,lane0:F2:s5->s6,pp_message,forward,2,-1,5,0,80,96,5,6,-1,p2p,4712346,0,0,4712346,0,,,2617557061,2622269407,rank80:F2,0,1785477744809471652,1785477747427028713,1785477747431741059
55,rank80:F3,compute,forward,3,80,5,0,80,80,5,5,3,warmup,312165256,312165256,0,0,0,1.7854777474521137e+18,1.7854777477642788e+18,2622269407,2934434663,lane0:F2:s5->s6,4712346,1785477744809471652,1785477747431741059,1785477747743906315
55,rank96:F2,compute,forward,2,96,6,0,96,96,6,6,2,warmup,315803544,315803544,0,0,0,1.7854777474470387e+18,1.7854777477628424e+18,2622269407,2938072951,lane0:F2:s5->s6,178946925,1785477744809471652,1785477747431741059,1785477747747544603
55,lane0:F1:s7->s8,pp_message,forward,1,-1,7,0,112,128,7,8,-1,p2p,4712346,0,0,4712346,0,,,2760347689,2765060035,rank112:F1,0,1785477744809471652,1785477747569819341,1785477747574531687
55,lane0:F0:s8->s9,pp_message,forward,0,-1,8,0,128,144,8,9,-1,p2p,4712346,0,0,4712346,0,,,2761242782,2765955128,rank128:F0,0,1785477744809471652,1785477747570714434,1785477747575426780
55,rank128:F1,compute,forward,1,128,8,0,128,128,8,8,1,warmup,310793214,310793214,0,0,0,1.785477747587731e+18,1.7854777478985242e+18,2765955128,3076748342,lane0:F0:s8->s9,4712346,1785477744809471652,1785477747575426780,1785477747886219994
55,rank144:F0,compute,forward,0,144,9,0,144,144,9,9,0,warmup,320335221,320335221,0,0,0,1.7854777475828756e+18,1.785477747903211e+18,2765955128,3086290349,lane0:F0:s8->s9,2765955128,1785477744809471652,1785477747575426780,1785477747895762001
55,lane0:F3:s5->s6,pp_message,forward,3,-1,5,0,80,96,5,6,-1,p2p,4712346,0,0,4712346,0,,,2934434663,2939147009,rank80:F3,0,1785477744809471652,1785477747743906315,1785477747748618661
55,lane0:F2:s6->s7,pp_message,forward,2,-1,6,0,96,112,6,7,-1,p2p,4712346,0,0,4712346,0,,,2938072951,2942785297,rank96:F2,0,1785477744809471652,1785477747747544603,1785477747752256949
55,rank112:F2,compute,forward,2,112,7,0,112,112,7,7,2,warmup,310993559,310993559,0,0,0,1.785477747767968e+18,1.7854777480789617e+18,2942785297,3253778856,lane0:F2:s6->s7,182437608,1785477744809471652,1785477747752256949,1785477748063250508
55,rank96:F3,compute,forward,3,96,6,0,96,96,6,6,3,warmup,315586038,315586038,0,0,0,1.7854777477731267e+18,1.7854777480887127e+18,2942785297,3258371335,lane0:F2:s6->s7,4712346,1785477744809471652,1785477747752256949,1785477748067842987
55,lane0:F1:s8->s9,pp_message,forward,1,-1,8,0,128,144,8,9,-1,p2p,4712346,0,0,4712346,0,,,3076748342,3081460688,rank128:F1,0,1785477744809471652,1785477747886219994,1785477747890932340
55,lane0:F0:s9->s10,pp_message,forward,0,-1,9,0,144,160,9,10,-1,p2p,4712346,0,0,4712346,0,,,3086290349,3091002695,rank144:F0,0,1785477744809471652,1785477747895762001,1785477747900474347
55,rank144:F1,compute,forward,1,144,9,0,144,144,9,9,1,warmup,318516907,318516907,0,0,0,1.7854777479134152e+18,1.7854777482319322e+18,3091002695,3409519602,lane0:F0:s9->s10,4712346,1785477744809471652,1785477747900474347,1785477748218991254
55,rank160:F0,compute,forward,0,160,10,0,160,160,10,10,0,warmup,320623663,320623663,0,0,0,1.785477747908641e+18,1.7854777482292646e+18,3091002695,3411626358,lane0:F0:s9->s10,3091002695,1785477744809471652,1785477747900474347,1785477748221098010
55,lane0:F2:s7->s8,pp_message,forward,2,-1,7,0,112,128,7,8,-1,p2p,4712346,0,0,4712346,0,,,3253778856,3258491202,rank112:F2,0,1785477744809471652,1785477748063250508,1785477748067962854
55,lane0:F3:s6->s7,pp_message,forward,3,-1,6,0,96,112,6,7,-1,p2p,4712346,0,0,4712346,0,,,3258371335,3263083681,rank96:F3,0,1785477744809471652,1785477748067842987,1785477748072555333
55,rank128:F2,compute,forward,2,128,8,0,128,128,8,8,2,warmup,311077784,311077784,0,0,0,1.7854777480841905e+18,1.7854777483952684e+18,3258491202,3569568986,lane0:F2:s7->s8,181742860,1785477744809471652,1785477748067962854,1785477748379040638
55,rank112:F3,compute,forward,3,112,7,0,112,112,7,7,3,warmup,340623741,340623741,0,0,0,1.7854777480938327e+18,1.7854777484344563e+18,3263083681,3603707422,lane0:F3:s6->s7,9304825,1785477744809471652,1785477748072555333,1785477748413179074
55,lane0:F1:s9->s10,pp_message,forward,1,-1,9,0,144,160,9,10,-1,p2p,4712346,0,0,4712346,0,,,3409519602,3414231948,rank144:F1,0,1785477744809471652,1785477748218991254,1785477748223703600
55,lane0:F0:s10->s11,pp_message,forward,0,-1,10,0,160,176,10,11,-1,p2p,4712346,0,0,4712346,0,,,3411626358,3416338704,rank160:F0,0,1785477744809471652,1785477748221098010,1785477748225810356
55,rank160:F1,compute,forward,1,160,10,0,160,160,10,10,1,warmup,325174307,325174307,0,0,0,1.7854777482392573e+18,1.7854777485644316e+18,3416338704,3741513011,lane0:F0:s10->s11,4712346,1785477744809471652,1785477748225810356,1785477748550984663
55,rank176:F0,compute,forward,0,176,11,0,176,176,11,11,0,warmup,311578821,311578821,0,0,0,1.785477748234844e+18,1.7854777485464225e+18,3416338704,3727917525,lane0:F0:s10->s11,3416338704,1785477744809471652,1785477748225810356,1785477748537389177
55,lane0:F2:s8->s9,pp_message,forward,2,-1,8,0,128,144,8,9,-1,p2p,4712346,0,0,4712346,0,,,3569568986,3574281332,rank128:F2,0,1785477744809471652,1785477748379040638,1785477748383752984
55,rank144:F2,compute,forward,2,144,9,0,144,144,9,9,2,warmup,318291397,318291397,0,0,0,1.7854777484003983e+18,1.7854777487186895e+18,3574281332,3892572729,lane0:F2:s8->s9,164761730,1785477744809471652,1785477748383752984,1785477748702044381
55,lane0:F3:s7->s8,pp_message,forward,3,-1,7,0,112,128,7,8,-1,p2p,4712346,0,0,4712346,0,,,3603707422,3608419768,rank112:F3,0,1785477744809471652,1785477748413179074,1785477748417891420
55,rank128:F3,compute,forward,3,128,8,0,128,128,8,8,3,warmup,310994744,310994744,0,0,0,1.7854777484396132e+18,1.785477748750608e+18,3608419768,3919414512,lane0:F3:s7->s8,38850782,1785477744809471652,1785477748417891420,1785477748728886164
55,lane0:F0:s11->s12,pp_message,forward,0,-1,11,0,176,192,11,12,-1,p2p,4712346,0,0,4712346,0,,,3727917525,3732629871,rank176:F0,0,1785477744809471652,1785477748537389177,1785477748542101523
55,rank192:F0,compute,forward,0,192,12,0,192,192,12,12,0,warmup,313173038,313173038,0,0,0,1.785477748551826e+18,1.785477748864999e+18,3732629871,4045802909,lane0:F0:s11->s12,3732629871,1785477744809471652,1785477748542101523,1785477748855274561
55,lane0:F1:s10->s11,pp_message,forward,1,-1,10,0,160,176,10,11,-1,p2p,4712346,0,0,4712346,0,,,3741513011,3746225357,rank160:F1,0,1785477744809471652,1785477748550984663,1785477748555697009
55,rank176:F1,compute,forward,1,176,11,0,176,176,11,11,1,warmup,315929963,315929963,0,0,0,1.7854777485695043e+18,1.7854777488854344e+18,3746225357,4062155320,lane0:F1:s10->s11,18307832,1785477744809471652,1785477748555697009,1785477748871626972
55,lane0:F2:s9->s10,pp_message,forward,2,-1,9,0,144,160,9,10,-1,p2p,4712346,0,0,4712346,0,,,3892572729,3897285075,rank144:F2,0,1785477744809471652,1785477748702044381,1785477748706756727
55,rank160:F2,compute,forward,2,160,10,0,160,160,10,10,2,warmup,334048899,334048899,0,0,0,1.785477748724015e+18,1.7854777490580641e+18,3897285075,4231333974,lane0:F2:s9->s10,155772064,1785477744809471652,1785477748706756727,1785477749040805626
55,lane0:F3:s8->s9,pp_message,forward,3,-1,8,0,128,144,8,9,-1,p2p,4712346,0,0,4712346,0,,,3919414512,3924126858,rank128:F3,0,1785477744809471652,1785477748728886164,1785477748733598510
55,rank144:F3,compute,forward,3,144,9,0,144,144,9,9,3,warmup,318916553,318916553,0,0,0,1.7854777487556908e+18,1.7854777490746074e+18,3924126858,4243043411,lane0:F3:s8->s9,31554129,1785477744809471652,1785477748733598510,1785477749052515063
55,lane0:F0:s12->s13,pp_message,forward,0,-1,12,0,192,208,12,13,-1,p2p,4712346,0,0,4712346,0,,,4045802909,4050515255,rank192:F0,0,1785477744809471652,1785477748855274561,1785477748859986907
55,rank208:F0,compute,forward,0,208,13,0,208,208,13,13,0,warmup,315061449,315061449,0,0,0,1.7854777488711788e+18,1.7854777491862403e+18,4050515255,4365576704,lane0:F0:s12->s13,4050515255,1785477744809471652,1785477748859986907,1785477749175048356
55,lane0:F1:s11->s12,pp_message,forward,1,-1,11,0,176,192,11,12,-1,p2p,4712346,0,0,4712346,0,,,4062155320,4066867666,rank176:F1,0,1785477744809471652,1785477748871626972,1785477748876339318
55,rank192:F1,compute,forward,1,192,12,0,192,192,12,12,1,warmup,307627107,307627107,0,0,0,1.7854777488905708e+18,1.7854777491981978e+18,4066867666,4374494773,lane0:F1:s11->s12,21064757,1785477744809471652,1785477748876339318,1785477749183966425
55,lane0:F2:s10->s11,pp_message,forward,2,-1,10,0,160,176,10,11,-1,p2p,4712346,0,0,4712346,0,,,4231333974,4236046320,rank160:F2,0,1785477744809471652,1785477749040805626,1785477749045517972
55,rank176:F2,compute,forward,2,176,11,0,176,176,11,11,2,warmup,309205567,309205567,0,0,0,1.7854777490631818e+18,1.7854777493723873e+18,4236046320,4545251887,lane0:F2:s10->s11,173891000,1785477744809471652,1785477749045517972,1785477749354723539
55,lane0:F3:s9->s10,pp_message,forward,3,-1,9,0,144,160,9,10,-1,p2p,4712346,0,0,4712346,0,,,4243043411,4247755757,rank144:F3,0,1785477744809471652,1785477749052515063,1785477749057227409
55,rank160:F3,compute,forward,3,160,10,0,160,160,10,10,3,warmup,310896776,310896776,0,0,0,1.7854777490796652e+18,1.785477749390562e+18,4247755757,4558652533,lane0:F3:s9->s10,16421783,1785477744809471652,1785477749057227409,1785477749368124185
55,lane0:F0:s13->s14,pp_message,forward,0,-1,13,0,208,224,13,14,-1,p2p,4712346,0,0,4712346,0,,,4365576704,4370289050,rank208:F0,0,1785477744809471652,1785477749175048356,1785477749179760702
55,rank224:F0,compute,forward,0,224,14,0,224,224,14,14,0,warmup,315259120,315259120,0,0,0,1.7854777491932024e+18,1.7854777495084616e+18,4370289050,4685548170,lane0:F0:s13->s14,4370289050,1785477744809471652,1785477749179760702,1785477749495019822
55,lane0:F1:s12->s13,pp_message,forward,1,-1,12,0,192,208,12,13,-1,p2p,4712346,0,0,4712346,0,,,4374494773,4379207119,rank192:F1,0,1785477744809471652,1785477749183966425,1785477749188678771
55,rank208:F1,compute,forward,1,208,13,0,208,208,13,13,1,warmup,309526453,309526453,0,0,0,1.785477749203342e+18,1.7854777495128686e+18,4379207119,4688733572,lane0:F1:s12->s13,13630415,1785477744809471652,1785477749188678771,1785477749498205224
55,lane0:F2:s11->s12,pp_message,forward,2,-1,11,0,176,192,11,12,-1,p2p,4712346,0,0,4712346,0,,,4545251887,4549964233,rank176:F2,0,1785477744809471652,1785477749354723539,1785477749359435885
55,rank192:F2,compute,forward,2,192,12,0,192,192,12,12,2,warmup,312698428,312698428,0,0,0,1.78547774937747e+18,1.7854777496901683e+18,4549964233,4862662661,lane0:F2:s11->s12,175469460,1785477744809471652,1785477749359435885,1785477749672134313
55,lane0:F3:s10->s11,pp_message,forward,3,-1,10,0,160,176,10,11,-1,p2p,4712346,0,0,4712346,0,,,4558652533,4563364879,rank160:F3,0,1785477744809471652,1785477749368124185,1785477749372836531
55,rank176:F3,compute,forward,3,176,11,0,176,176,11,11,3,warmup,306906761,306906761,0,0,0,1.7854777493956137e+18,1.7854777497025203e+18,4563364879,4870271640,lane0:F3:s10->s11,18112992,1785477744809471652,1785477749372836531,1785477749679743292
55,lane0:F0:s14->s15,pp_message,forward,0,-1,14,0,224,240,14,15,-1,p2p,4712346,0,0,4712346,0,,,4685548170,4690260516,rank224:F0,0,1785477744809471652,1785477749495019822,1785477749499732168
55,lane0:F1:s13->s14,pp_message,forward,1,-1,13,0,208,224,13,14,-1,p2p,4712346,0,0,4712346,0,,,4688733572,4693445918,rank208:F1,0,1785477744809471652,1785477749498205224,1785477749502917570
55,rank240:F0,compute,forward,0,240,15,0,240,240,15,15,0,steady,194664375,194664375,0,0,0,1.7854777495144558e+18,1.7854777497091203e+18,4690260516,4884924891,lane0:F0:s14->s15,4690260516,1785477744809471652,1785477749499732168,1785477749694396543
55,rank224:F1,compute,forward,1,224,14,0,224,224,14,14,1,steady,308420072,308420072,0,0,0,1.7854777495192878e+18,1.785477749827708e+18,4693445918,5001865990,lane0:F1:s13->s14,7897748,1785477744809471652,1785477749502917570,1785477749811337642
55,lane0:F2:s12->s13,pp_message,forward,2,-1,12,0,192,208,12,13,-1,p2p,4712346,0,0,4712346,0,,,4862662661,4867375007,rank192:F2,0,1785477744809471652,1785477749672134313,1785477749676846659
55,rank208:F2,compute,forward,2,208,13,0,208,208,13,13,2,steady,311080135,311080135,0,0,0,1.785477749695352e+18,1.7854777500064323e+18,4867375007,5178455142,lane0:F2:s12->s13,178641435,1785477744809471652,1785477749676846659,1785477749987926794
55,lane0:F3:s11->s12,pp_message,forward,3,-1,11,0,176,192,11,12,-1,p2p,4712346,0,0,4712346,0,,,4870271640,4874983986,rank176:F3,0,1785477744809471652,1785477749679743292,1785477749684455638
55,rank192:F3,compute,forward,3,192,12,0,192,192,12,12,3,steady,309775972,309775972,0,0,0,1.7854777497074657e+18,1.7854777500172416e+18,4874983986,5184759958,lane0:F3:s11->s12,12321325,1785477744809471652,1785477749684455638,1785477749994231610
55,rank240:B0,compute,backward,0,240,15,0,240,240,15,15,1,steady,367732634,367732634,0,0,0,1.7854777497092882e+18,1.785477750077021e+18,4884924891,5252657525,rank240:F0,0,1785477744809471652,1785477749694396543,1785477750062129177
55,lane0:F1:s14->s15,pp_message,forward,1,-1,14,0,224,240,14,15,-1,p2p,4712346,0,0,4712346,0,,,5001865990,5006578336,rank224:F1,0,1785477744809471652,1785477749811337642,1785477749816049988
55,lane0:F2:s13->s14,pp_message,forward,2,-1,13,0,208,224,13,14,-1,p2p,4712346,0,0,4712346,0,,,5178455142,5183167488,rank208:F2,0,1785477744809471652,1785477749987926794,1785477749992639140
55,lane0:F3:s12->s13,pp_message,forward,3,-1,12,0,192,208,12,13,-1,p2p,4712346,0,0,4712346,0,,,5184759958,5189472304,rank192:F3,0,1785477744809471652,1785477749994231610,1785477749998943956
55,lane0:B0:s15->s14,pp_message,backward,0,-1,15,0,240,224,15,14,-1,p2p,98176190,0,0,4712346,93463844,,,5252657525,5350833715,rank240:B0,0,1785477744809471652,1785477750062129177,1785477750160305367
55,rank224:B0,compute,backward,0,224,14,0,224,224,14,14,2,steady,707582549,707582549,0,0,0,1.7854777501771254e+18,1.785477750884708e+18,5350833715,6058416264,lane0:B0:s15->s14,348967725,1785477744809471652,1785477750160305367,1785477750867887916
55,rank240:F1,compute,forward,1,240,15,0,240,240,15,15,2,steady,193299884,193299884,0,0,0,1.785477750176921e+18,1.785477750370221e+18,5350833715,5544133599,lane0:B0:s15->s14,98176190,1785477744809471652,1785477750160305367,1785477750353605251
55,rank240:B1,compute,backward,1,240,15,0,240,240,15,15,3,steady,365702619,365702619,0,0,0,1.7854777503704082e+18,1.7854777507361108e+18,5544133599,5909836218,rank240:F1,0,1785477744809471652,1785477750353605251,1785477750719307870
55,lane0:B1:s15->s14,pp_message,backward,1,-1,15,0,240,224,15,14,-1,p2p,98176190,0,0,4712346,93463844,,,5909836218,6008012408,rank240:B1,0,1785477744809471652,1785477750719307870,1785477750817484060
55,lane0:B0:s14->s13,pp_message,backward,0,-1,14,0,224,208,14,13,-1,p2p,98176190,0,0,4712346,93463844,,,6058416264,6156592454,rank224:B0,0,1785477744809471652,1785477750867887916,1785477750966064106
55,rank208:B0,compute,backward,0,208,13,0,208,208,13,13,3,steady,689479242,689479242,0,0,0,1.7854777509836362e+18,1.7854777516731154e+18,6156592454,6846071696,lane0:B0:s14->s13,978137312,1785477744809471652,1785477750966064106,1785477751655543348
55,rank224:F2,compute,forward,2,224,14,0,224,224,14,14,3,steady,309813534,309813534,0,0,0,1.7854777509832566e+18,1.78547775129307e+18,6156592454,6466405988,lane0:B0:s14->s13,98176190,1785477744809471652,1785477750966064106,1785477751275877640
55,lane0:F2:s14->s15,pp_message,forward,2,-1,14,0,224,240,14,15,-1,p2p,4712346,0,0,4712346,0,,,6466405988,6471118334,rank224:F2,0,1785477744809471652,1785477751275877640,1785477751280589986
55,rank224:B1,compute,backward,1,224,14,0,224,224,14,14,4,steady,678850166,678850166,0,0,0,1.7854777512989842e+18,1.7854777519778342e+18,6471118334,7149968500,lane0:F2:s14->s15,4712346,1785477744809471652,1785477751280589986,1785477751959440152
55,rank240:F2,compute,forward,2,240,15,0,240,240,15,15,4,steady,190709364,190709364,0,0,0,1.785477751298909e+18,1.7854777514896182e+18,6471118334,6661827698,lane0:F2:s14->s15,561282116,1785477744809471652,1785477751280589986,1785477751471299350
55,rank240:B2,compute,backward,2,240,15,0,240,240,15,15,5,steady,365911231,365911231,0,0,0,1.785477751489801e+18,1.7854777518557123e+18,6661827698,7027738929,rank240:F2,0,1785477744809471652,1785477751471299350,1785477751837210581
55,lane0:B0:s13->s12,pp_message,backward,0,-1,13,0,208,192,13,12,-1,p2p,98176190,0,0,4712346,93463844,,,6846071696,6944247886,rank208:B0,0,1785477744809471652,1785477751655543348,1785477751753719538
55,rank192:B0,compute,backward,0,192,12,0,192,192,12,12,4,steady,680485782,680485782,0,0,0,1.7854777517711478e+18,1.7854777524516337e+18,6944247886,7624733668,lane0:B0:s13->s12,1759487928,1785477744809471652,1785477751753719538,1785477752434205320
55,rank208:F3,compute,forward,3,208,13,0,208,208,13,13,4,steady,313348583,313348583,0,0,0,1.785477751770989e+18,1.7854777520843377e+18,6944247886,7257596469,lane0:B0:s13->s12,98176190,1785477744809471652,1785477751753719538,1785477752067068121
55,lane0:B2:s15->s14,pp_message,backward,2,-1,15,0,240,224,15,14,-1,p2p,98176190,0,0,4712346,93463844,,,7027738929,7125915119,rank240:B2,0,1785477744809471652,1785477751837210581,1785477751935386771
55,lane0:B1:s14->s13,pp_message,backward,1,-1,14,0,224,208,14,13,-1,p2p,98176190,0,0,4712346,93463844,,,7149968500,7248144690,rank224:B1,0,1785477744809471652,1785477751959440152,1785477752057616342
55,lane0:F3:s13->s14,pp_message,forward,3,-1,13,0,208,224,13,14,-1,p2p,4712346,0,0,4712346,0,,,7257596469,7262308815,rank208:F3,0,1785477744809471652,1785477752067068121,1785477752071780467
55,rank208:B1,compute,backward,1,208,13,0,208,208,13,13,5,steady,685879125,685879125,0,0,0,1.7854777520901998e+18,1.7854777527760788e+18,7262308815,7948187940,lane0:F3:s13->s14,4712346,1785477744809471652,1785477752071780467,1785477752757659592
55,rank224:F3,compute,forward,3,224,14,0,224,224,14,14,5,steady,308769104,308769104,0,0,0,1.7854777520901778e+18,1.7854777523989468e+18,7262308815,7571077919,lane0:F3:s13->s14,112340315,1785477744809471652,1785477752071780467,1785477752380549571
55,lane0:F3:s14->s15,pp_message,forward,3,-1,14,0,224,240,14,15,-1,p2p,4712346,0,0,4712346,0,,,7571077919,7575790265,rank224:F3,0,1785477744809471652,1785477752380549571,1785477752385261917
55,rank224:B2,compute,backward,2,224,14,0,224,224,14,14,6,steady,686633255,686633255,0,0,0,1.7854777524050296e+18,1.7854777530916628e+18,7575790265,8262423520,lane0:F3:s14->s15,4712346,1785477744809471652,1785477752385261917,1785477753071895172
55,rank240:F3,compute,forward,3,240,15,0,240,240,15,15,6,steady,189636237,189636237,0,0,0,1.7854777524050386e+18,1.7854777525946747e+18,7575790265,7765426502,lane0:F3:s14->s15,548051336,1785477744809471652,1785477752385261917,1785477752574898154
55,lane0:B0:s12->s11,pp_message,backward,0,-1,12,0,192,176,12,11,-1,p2p,98176190,0,0,4712346,93463844,,,7624733668,7722909858,rank192:B0,0,1785477744809471652,1785477752434205320,1785477752532381510
55,rank176:B0,compute,backward,0,176,11,0,176,176,11,11,4,cooldown,675074046,675074046,0,0,0,1.7854777525512535e+18,1.7854777532263276e+18,7722909858,8397983904,lane0:B0:s12->s11,2852638218,1785477744809471652,1785477752532381510,1785477753207455556
55,rank240:B3,compute,backward,3,240,15,0,240,240,15,15,7,steady,370214684,370214684,0,0,0,1.7854777525948498e+18,1.7854777529650644e+18,7765426502,8135641186,rank240:F3,0,1785477744809471652,1785477752574898154,1785477752945112838
55,lane0:B1:s13->s12,pp_message,backward,1,-1,13,0,208,192,13,12,-1,p2p,98176190,0,0,4712346,93463844,,,7948187940,8046364130,rank208:B1,0,1785477744809471652,1785477752757659592,1785477752855835782
55,rank192:B1,compute,backward,1,192,12,0,192,192,12,12,5,cooldown,679405117,679405117,0,0,0,1.785477752873825e+18,1.78547775355323e+18,8046364130,8725769247,lane0:B1:s13->s12,421630462,1785477744809471652,1785477752855835782,1785477753535240899
55,lane0:B3:s15->s14,pp_message,backward,3,-1,15,0,240,224,15,14,-1,p2p,98176190,0,0,4712346,93463844,,,8135641186,8233817376,rank240:B3,0,1785477744809471652,1785477752945112838,1785477753043289028
55,lane0:B2:s14->s13,pp_message,backward,2,-1,14,0,224,208,14,13,-1,p2p,98176190,0,0,4712346,93463844,,,8262423520,8360599710,rank224:B2,0,1785477744809471652,1785477753071895172,1785477753170071362
55,rank208:B2,compute,backward,2,208,13,0,208,208,13,13,6,cooldown,690962929,690962929,0,0,0,1.7854777531905823e+18,1.7854777538815452e+18,8360599710,9051562639,lane0:B2:s14->s13,412411770,1785477744809471652,1785477753170071362,1785477753861034291
55,rank224:B3,compute,backward,3,224,14,0,224,224,14,14,7,cooldown,685425447,685425447,0,0,0,1.7854777531965614e+18,1.7854777538819868e+18,8360599710,9046025157,lane0:B2:s14->s13,98176190,1785477744809471652,1785477753170071362,1785477753855496809
55,lane0:B0:s11->s10,pp_message,backward,0,-1,11,0,176,160,11,10,-1,p2p,98176190,0,0,4712346,93463844,,,8397983904,8496160094,rank176:B0,0,1785477744809471652,1785477753207455556,1785477753305631746
55,rank160:B0,compute,backward,0,160,10,0,160,160,10,10,4,cooldown,684778882,684778882,0,0,0,1.7854777533251456e+18,1.7854777540099246e+18,8496160094,9180938976,lane0:B0:s11->s10,3937507561,1785477744809471652,1785477753305631746,1785477753990410628
55,lane0:B1:s12->s11,pp_message,backward,1,-1,12,0,192,176,12,11,-1,p2p,98176190,0,0,4712346,93463844,,,8725769247,8823945437,rank192:B1,0,1785477744809471652,1785477753535240899,1785477753633417089
55,rank176:B1,compute,backward,1,176,11,0,176,176,11,11,5,cooldown,685904004,685904004,0,0,0,1.7854777536531738e+18,1.785477754339078e+18,8823945437,9509849441,lane0:B1:s12->s11,425961533,1785477744809471652,1785477753633417089,1785477754319321093
55,lane0:B3:s14->s13,pp_message,backward,3,-1,14,0,224,208,14,13,-1,p2p,98176190,0,0,4712346,93463844,,,9046025157,9144201347,rank224:B3,0,1785477744809471652,1785477753855496809,1785477753953672999
55,lane0:B2:s13->s12,pp_message,backward,2,-1,13,0,208,192,13,12,-1,p2p,98176190,0,0,4712346,93463844,,,9051562639,9149738829,rank208:B2,0,1785477744809471652,1785477753861034291,1785477753959210481
55,rank192:B2,compute,backward,2,192,12,0,192,192,12,12,6,cooldown,680636390,680636390,0,0,0,1.7854777539797135e+18,1.78547775466035e+18,9149738829,9830375219,lane0:B2:s13->s12,423969582,1785477744809471652,1785477753959210481,1785477754639846871
55,rank208:B3,compute,backward,3,208,13,0,208,208,13,13,7,cooldown,681167081,681167081,0,0,0,1.7854777539849083e+18,1.7854777546660754e+18,9149738829,9830905910,lane0:B2:s13->s12,98176190,1785477744809471652,1785477753959210481,1785477754640377562
55,lane0:B0:s10->s9,pp_message,backward,0,-1,10,0,160,144,10,9,-1,p2p,98176190,0,0,4712346,93463844,,,9180938976,9279115166,rank160:B0,0,1785477744809471652,1785477753990410628,1785477754088586818
55,rank144:B0,compute,backward,0,144,9,0,144,144,9,9,4,cooldown,702583706,702583706,0,0,0,1.785477754108896e+18,1.7854777548114796e+18,9279115166,9981698872,lane0:B0:s10->s9,5036071755,1785477744809471652,1785477754088586818,1785477754791170524
55,lane0:B1:s11->s10,pp_message,backward,1,-1,11,0,176,160,11,10,-1,p2p,98176190,0,0,4712346,93463844,,,9509849441,9608025631,rank176:B1,0,1785477744809471652,1785477754319321093,1785477754417497283
55,rank160:B1,compute,backward,1,160,10,0,160,160,10,10,5,cooldown,678613448,678613448,0,0,0,1.7854777544345636e+18,1.785477755113177e+18,9608025631,10286639079,lane0:B1:s11->s10,427086655,1785477744809471652,1785477754417497283,1785477755096110731
55,lane0:B2:s12->s11,pp_message,backward,2,-1,12,0,192,176,12,11,-1,p2p,98176190,0,0,4712346,93463844,,,9830375219,9928551409,rank192:B2,0,1785477744809471652,1785477754639846871,1785477754738023061
55,lane0:B3:s13->s12,pp_message,backward,3,-1,13,0,208,192,13,12,-1,p2p,98176190,0,0,4712346,93463844,,,9830905910,9929082100,rank208:B3,0,1785477744809471652,1785477754640377562,1785477754738553752
55,rank176:B2,compute,backward,2,176,11,0,176,176,11,11,6,cooldown,684445825,684445825,0,0,0,1.785477754760245e+18,1.7854777554446907e+18,9928551409,10612997234,lane0:B2:s12->s11,418701968,1785477744809471652,1785477754738023061,1785477755422468886
55,rank192:B3,compute,backward,3,192,12,0,192,192,12,12,7,cooldown,677663884,677663884,0,0,0,1.7854777547653573e+18,1.7854777554430213e+18,9929082100,10606745984,lane0:B3:s13->s12,98706881,1785477744809471652,1785477754738553752,1785477755416217636
55,lane0:B0:s9->s8,pp_message,backward,0,-1,9,0,144,128,9,8,-1,p2p,98176190,0,0,4712346,93463844,,,9981698872,10079875062,rank144:B0,0,1785477744809471652,1785477754791170524,1785477754889346714
55,rank128:B0,compute,backward,0,128,8,0,128,128,8,8,4,cooldown,688418883,688418883,0,0,0,1.7854777549111657e+18,1.7854777555995845e+18,10079875062,10768293945,lane0:B0:s9->s8,6160460550,1785477744809471652,1785477754889346714,1785477755577765597
55,lane0:B1:s10->s9,pp_message,backward,1,-1,10,0,160,144,10,9,-1,p2p,98176190,0,0,4712346,93463844,,,10286639079,10384815269,rank160:B1,0,1785477744809471652,1785477755096110731,1785477755194286921
55,rank144:B1,compute,backward,1,144,9,0,144,144,9,9,5,cooldown,697569038,697569038,0,0,0,1.7854777552121485e+18,1.7854777559097175e+18,10384815269,11082384307,lane0:B1:s10->s9,403116397,1785477744809471652,1785477755194286921,1785477755891855959
55,lane0:B3:s12->s11,pp_message,backward,3,-1,12,0,192,176,12,11,-1,p2p,98176190,0,0,4712346,93463844,,,10606745984,10704922174,rank192:B3,0,1785477744809471652,1785477755416217636,1785477755514393826
55,lane0:B2:s11->s10,pp_message,backward,2,-1,11,0,176,160,11,10,-1,p2p,98176190,0,0,4712346,93463844,,,10612997234,10711173424,rank176:B2,0,1785477744809471652,1785477755422468886,1785477755520645076
55,rank160:B2,compute,backward,2,160,10,0,160,160,10,10,6,cooldown,679387943,679387943,0,0,0,1.7854777555397146e+18,1.7854777562191025e+18,10711173424,11390561367,lane0:B2:s11->s10,424534345,1785477744809471652,1785477755520645076,1785477756200033019
55,rank176:B3,compute,backward,3,176,11,0,176,176,11,11,7,cooldown,679347699,679347699,0,0,0,1.7854777555450386e+18,1.7854777562243863e+18,10711173424,11390521123,lane0:B2:s11->s10,98176190,1785477744809471652,1785477755520645076,1785477756199992775
55,lane0:B0:s8->s7,pp_message,backward,0,-1,8,0,128,112,8,7,-1,p2p,98176190,0,0,4712346,93463844,,,10768293945,10866470135,rank128:B0,0,1785477744809471652,1785477755577765597,1785477755675941787
55,rank112:B0,compute,backward,0,112,7,0,112,112,7,7,4,cooldown,680071786,680071786,0,0,0,1.7854777556982285e+18,1.7854777563783002e+18,10866470135,11546541921,lane0:B0:s8->s7,7262762713,1785477744809471652,1785477755675941787,1785477756356013573
55,lane0:B1:s9->s8,pp_message,backward,1,-1,9,0,144,128,9,8,-1,p2p,98176190,0,0,4712346,93463844,,,11082384307,11180560497,rank144:B1,0,1785477744809471652,1785477755891855959,1785477755990032149
55,rank128:B1,compute,backward,1,128,8,0,128,128,8,8,5,cooldown,694382406,694382406,0,0,0,1.7854777560077496e+18,1.7854777567021322e+18,11180560497,11874942903,lane0:B1:s9->s8,412266552,1785477744809471652,1785477755990032149,1785477756684414555
55,lane0:B3:s11->s10,pp_message,backward,3,-1,11,0,176,160,11,10,-1,p2p,98176190,0,0,4712346,93463844,,,11390521123,11488697313,rank176:B3,0,1785477744809471652,1785477756199992775,1785477756298168965
55,lane0:B2:s10->s9,pp_message,backward,2,-1,10,0,160,144,10,9,-1,p2p,98176190,0,0,4712346,93463844,,,11390561367,11488737557,rank160:B2,0,1785477744809471652,1785477756200033019,1785477756298209209
55,rank144:B2,compute,backward,2,144,9,0,144,144,9,9,6,cooldown,700504527,700504527,0,0,0,1.785477756317623e+18,1.7854777570181274e+18,11488737557,12189242084,lane0:B2:s10->s9,406353250,1785477744809471652,1785477756298209209,1785477756998713736
55,rank160:B3,compute,backward,3,160,10,0,160,160,10,10,7,cooldown,679210458,679210458,0,0,0,1.7854777563226755e+18,1.785477757001886e+18,11488737557,12167948015,lane0:B2:s10->s9,98176190,1785477744809471652,1785477756298209209,1785477756977419667
55,lane0:B0:s7->s6,pp_message,backward,0,-1,7,0,112,96,7,6,-1,p2p,98176190,0,0,4712346,93463844,,,11546541921,11644718111,rank112:B0,0,1785477744809471652,1785477756356013573,1785477756454189763
55,rank96:B0,compute,backward,0,96,6,0,96,96,6,6,4,cooldown,701886074,701886074,0,0,0,1.7854777564781207e+18,1.7854777571800067e+18,11644718111,12346604185,lane0:B0:s7->s6,8386346776,1785477744809471652,1785477756454189763,1785477757156075837
55,lane0:B1:s8->s7,pp_message,backward,1,-1,8,0,128,112,8,7,-1,p2p,98176190,0,0,4712346,93463844,,,11874942903,11973119093,rank128:B1,0,1785477744809471652,1785477756684414555,1785477756782590745
55,rank112:B1,compute,backward,1,112,7,0,112,112,7,7,5,cooldown,684199077,684199077,0,0,0,1.7854777568004964e+18,1.7854777574846956e+18,11973119093,12657318170,lane0:B1:s8->s7,426577172,1785477744809471652,1785477756782590745,1785477757466789822
55,lane0:B3:s10->s9,pp_message,backward,3,-1,10,0,160,144,10,9,-1,p2p,98176190,0,0,4712346,93463844,,,12167948015,12266124205,rank160:B3,0,1785477744809471652,1785477756977419667,1785477757075595857
55,lane0:B2:s9->s8,pp_message,backward,2,-1,9,0,144,128,9,8,-1,p2p,98176190,0,0,4712346,93463844,,,12189242084,12287418274,rank144:B2,0,1785477744809471652,1785477756998713736,1785477757096889926
55,rank128:B2,compute,backward,2,128,8,0,128,128,8,8,6,cooldown,690228567,690228567,0,0,0,1.785477757117005e+18,1.7854777578072335e+18,12287418274,12977646841,lane0:B2:s9->s8,412475371,1785477744809471652,1785477757096889926,1785477757787118493
55,rank144:B3,compute,backward,3,144,9,0,144,144,9,9,7,cooldown,697907734,697907734,0,0,0,1.7854777571220767e+18,1.7854777578199844e+18,12287418274,12985326008,lane0:B2:s9->s8,98176190,1785477744809471652,1785477757096889926,1785477757794797660
55,lane0:B0:s6->s5,pp_message,backward,0,-1,6,0,96,80,6,5,-1,p2p,98176190,0,0,4712346,93463844,,,12346604185,12444780375,rank96:B0,0,1785477744809471652,1785477757156075837,1785477757254252027
55,rank80:B0,compute,backward,0,80,5,0,80,80,5,5,4,cooldown,707930208,707930208,0,0,0,1.78547775727951e+18,1.7854777579874404e+18,12444780375,13152710583,lane0:B0:s6->s5,9510345712,1785477744809471652,1785477757254252027,1785477757962182235
55,lane0:B1:s7->s6,pp_message,backward,1,-1,7,0,112,96,7,6,-1,p2p,98176190,0,0,4712346,93463844,,,12657318170,12755494360,rank112:B1,0,1785477744809471652,1785477757466789822,1785477757564966012
55,rank96:B1,compute,backward,1,96,6,0,96,96,6,6,5,cooldown,720207582,720207582,0,0,0,1.7854777575834035e+18,1.7854777583036111e+18,12755494360,13475701942,lane0:B1:s7->s6,408890175,1785477744809471652,1785477757564966012,1785477758285173594
55,lane0:B2:s8->s7,pp_message,backward,2,-1,8,0,128,112,8,7,-1,p2p,98176190,0,0,4712346,93463844,,,12977646841,13075823031,rank128:B2,0,1785477744809471652,1785477757787118493,1785477757885294683
55,lane0:B3:s9->s8,pp_message,backward,3,-1,9,0,144,128,9,8,-1,p2p,98176190,0,0,4712346,93463844,,,12985326008,13083502198,rank144:B3,0,1785477744809471652,1785477757794797660,1785477757892973850
55,rank112:B2,compute,backward,2,112,7,0,112,112,7,7,6,cooldown,684333331,684333331,0,0,0,1.785477757905026e+18,1.7854777585893594e+18,13075823031,13760156362,lane0:B2:s8->s7,418504861,1785477744809471652,1785477757885294683,1785477758569628014
55,rank128:B3,compute,backward,3,128,8,0,128,128,8,8,7,cooldown,681118304,681118304,0,0,0,1.785477757918473e+18,1.7854777585995912e+18,13083502198,13764620502,lane0:B3:s9->s8,105855357,1785477744809471652,1785477757892973850,1785477758574092154
55,lane0:B0:s5->s4,pp_message,backward,0,-1,5,0,80,64,5,4,-1,p2p,98176190,0,0,4712346,93463844,,,13152710583,13250886773,rank80:B0,0,1785477744809471652,1785477757962182235,1785477758060358425
55,rank64:B0,compute,backward,0,64,4,0,64,64,4,4,4,cooldown,698360632,698360632,0,0,0,1.7854777580867697e+18,1.7854777587851302e+18,13250886773,13949247405,lane0:B0:s5->s4,10652289973,1785477744809471652,1785477758060358425,1785477758758719057
55,lane0:B1:s6->s5,pp_message,backward,1,-1,6,0,96,80,6,5,-1,p2p,98176190,0,0,4712346,93463844,,,13475701942,13573878132,rank96:B1,0,1785477744809471652,1785477758285173594,1785477758383349784
55,rank80:B1,compute,backward,1,80,5,0,80,80,5,5,5,cooldown,704114250,704114250,0,0,0,1.7854777584029023e+18,1.7854777591070164e+18,13573878132,14277992382,lane0:B1:s6->s5,421167549,1785477744809471652,1785477758383349784,1785477759087464034
55,lane0:B2:s7->s6,pp_message,backward,2,-1,7,0,112,96,7,6,-1,p2p,98176190,0,0,4712346,93463844,,,13760156362,13858332552,rank112:B2,0,1785477744809471652,1785477758569628014,1785477758667804204
55,lane0:B3:s8->s7,pp_message,backward,3,-1,8,0,128,112,8,7,-1,p2p,98176190,0,0,4712346,93463844,,,13764620502,13862796692,rank128:B3,0,1785477744809471652,1785477758574092154,1785477758672268344
55,rank96:B2,compute,backward,2,96,6,0,96,96,6,6,6,cooldown,694517983,694517983,0,0,0,1.7854777586870943e+18,1.7854777593816123e+18,13858332552,14552850535,lane0:B2:s7->s6,382630610,1785477744809471652,1785477758667804204,1785477759362322187
55,rank112:B3,compute,backward,3,112,7,0,112,112,7,7,7,cooldown,679935068,679935068,0,0,0,1.7854777586977812e+18,1.7854777593777162e+18,13862796692,14542731760,lane0:B3:s8->s7,102640330,1785477744809471652,1785477758672268344,1785477759352203412
55,lane0:B0:s4->s3,pp_message,backward,0,-1,4,0,64,48,4,3,-1,p2p,98176190,0,0,4712346,93463844,,,13949247405,14047423595,rank64:B0,0,1785477744809471652,1785477758758719057,1785477758856895247
55,rank48:B0,compute,backward,0,48,3,0,48,48,3,3,4,cooldown,710975746,710975746,0,0,0,1.785477758883167e+18,1.7854777595941427e+18,14047423595,14758399341,lane0:B0:s4->s3,11767033435,1785477744809471652,1785477758856895247,1785477759567870993
55,lane0:B1:s5->s4,pp_message,backward,1,-1,5,0,80,64,5,4,-1,p2p,98176190,0,0,4712346,93463844,,,14277992382,14376168572,rank80:B1,0,1785477744809471652,1785477759087464034,1785477759185640224
55,rank64:B1,compute,backward,1,64,4,0,64,64,4,4,5,cooldown,698257239,698257239,0,0,0,1.7854777592057341e+18,1.7854777599039916e+18,14376168572,15074425811,lane0:B1:s5->s4,426921167,1785477744809471652,1785477759185640224,1785477759883897463
55,lane0:B3:s7->s6,pp_message,backward,3,-1,7,0,112,96,7,6,-1,p2p,98176190,0,0,4712346,93463844,,,14542731760,14640907950,rank112:B3,0,1785477744809471652,1785477759352203412,1785477759450379602
55,lane0:B2:s6->s5,pp_message,backward,2,-1,6,0,96,80,6,5,-1,p2p,98176190,0,0,4712346,93463844,,,14552850535,14651026725,rank96:B2,0,1785477744809471652,1785477759362322187,1785477759460498377
55,rank80:B2,compute,backward,2,80,5,0,80,80,5,5,6,cooldown,711049361,711049361,0,0,0,1.785477759481455e+18,1.7854777601925046e+18,14651026725,15362076086,lane0:B2:s6->s5,373034343,1785477744809471652,1785477759460498377,1785477760171547738
55,rank96:B3,compute,backward,3,96,6,0,96,96,6,6,7,cooldown,689294355,689294355,0,0,0,1.7854777594865953e+18,1.7854777601758897e+18,14651026725,15340321080,lane0:B2:s6->s5,98176190,1785477744809471652,1785477759460498377,1785477760149792732
55,lane0:B0:s3->s2,pp_message,backward,0,-1,3,0,48,32,3,2,-1,p2p,98176190,0,0,4712346,93463844,,,14758399341,14856575531,rank48:B0,0,1785477744809471652,1785477759567870993,1785477759666047183
55,rank32:B0,compute,backward,0,32,2,0,32,32,2,2,4,cooldown,713874991,713874991,0,0,0,1.7854777596925268e+18,1.7854777604064018e+18,14856575531,15570450522,lane0:B0:s3->s2,12914926598,1785477744809471652,1785477759666047183,1785477760379922174
55,lane0:B1:s4->s3,pp_message,backward,1,-1,4,0,64,48,4,3,-1,p2p,98176190,0,0,4712346,93463844,,,15074425811,15172602001,rank64:B1,0,1785477744809471652,1785477759883897463,1785477759982073653
55,rank48:B1,compute,backward,1,48,3,0,48,48,3,3,5,cooldown,704069463,704069463,0,0,0,1.785477760003403e+18,1.7854777607074724e+18,15172602001,15876671464,lane0:B1:s4->s3,414202660,1785477744809471652,1785477759982073653,1785477760686143116
55,lane0:B3:s6->s5,pp_message,backward,3,-1,6,0,96,80,6,5,-1,p2p,98176190,0,0,4712346,93463844,,,15340321080,15438497270,rank96:B3,0,1785477744809471652,1785477760149792732,1785477760247968922
55,lane0:B2:s5->s4,pp_message,backward,2,-1,5,0,80,64,5,4,-1,p2p,98176190,0,0,4712346,93463844,,,15362076086,15460252276,rank80:B2,0,1785477744809471652,1785477760171547738,1785477760269723928
55,rank64:B2,compute,backward,2,64,4,0,64,64,4,4,6,cooldown,694031904,694031904,0,0,0,1.7854777602913736e+18,1.7854777609854054e+18,15460252276,16154284180,lane0:B2:s5->s4,385826465,1785477744809471652,1785477760269723928,1785477760963755832
55,rank80:B3,compute,backward,3,80,5,0,80,80,5,5,7,cooldown,685075309,685075309,0,0,0,1.7854777602972224e+18,1.7854777609822976e+18,15460252276,16145327585,lane0:B2:s5->s4,98176190,1785477744809471652,1785477760269723928,1785477760954799237
55,lane0:B0:s2->s1,pp_message,backward,0,-1,2,0,32,16,2,1,-1,p2p,98176190,0,0,4712346,93463844,,,15570450522,15668626712,rank32:B0,0,1785477744809471652,1785477760379922174,1785477760478098364
55,rank16:B0,compute,backward,0,16,1,0,16,16,1,1,4,cooldown,723322720,723322720,0,0,0,1.7854777605069786e+18,1.7854777612303012e+18,15668626712,16391949432,lane0:B0:s2->s1,14189507382,1785477744809471652,1785477760478098364,1785477761201421084
55,lane0:B1:s3->s2,pp_message,backward,1,-1,3,0,48,32,3,2,-1,p2p,98176190,0,0,4712346,93463844,,,15876671464,15974847654,rank48:B1,0,1785477744809471652,1785477760686143116,1785477760784319306
55,rank32:B1,compute,backward,1,32,2,0,32,32,2,2,5,cooldown,708073448,708073448,0,0,0,1.7854777608058191e+18,1.7854777615138926e+18,15974847654,16682921102,lane0:B1:s3->s2,404397132,1785477744809471652,1785477760784319306,1785477761492392754
55,lane0:B3:s5->s4,pp_message,backward,3,-1,5,0,80,64,5,4,-1,p2p,98176190,0,0,4712346,93463844,,,16145327585,16243503775,rank80:B3,0,1785477744809471652,1785477760954799237,1785477761052975427
55,lane0:B2:s4->s3,pp_message,backward,2,-1,4,0,64,48,4,3,-1,p2p,98176190,0,0,4712346,93463844,,,16154284180,16252460370,rank64:B2,0,1785477744809471652,1785477760963755832,1785477761061932022
55,rank48:B2,compute,backward,2,48,3,0,48,48,3,3,6,cooldown,722411329,722411329,0,0,0,1.785477761085462e+18,1.7854777618078733e+18,16252460370,16974871699,lane0:B2:s4->s3,375788906,1785477744809471652,1785477761061932022,1785477761784343351
55,rank64:B3,compute,backward,3,64,4,0,64,64,4,4,7,cooldown,692635714,692635714,0,0,0,1.7854777610913142e+18,1.7854777617839498e+18,16252460370,16945096084,lane0:B2:s4->s3,98176190,1785477744809471652,1785477761061932022,1785477761754567736
55,lane0:B0:s1->s0,pp_message,backward,0,-1,1,0,16,0,1,0,-1,p2p,98176190,0,0,4712346,93463844,,,16391949432,16490125622,rank16:B0,0,1785477744809471652,1785477761201421084,1785477761299597274
55,rank0:B0,compute,backward,0,0,0,0,0,0,0,0,4,cooldown,413368708,413368708,0,0,0,1.7854777613297093e+18,1.7854777617430781e+18,16490125622,16903494330,lane0:B0:s1->s0,15840368179,1785477744809471652,1785477761299597274,1785477761712965982
55,lane0:B1:s2->s1,pp_message,backward,1,-1,2,0,32,16,2,1,-1,p2p,98176190,0,0,4712346,93463844,,,16682921102,16781097292,rank32:B1,0,1785477744809471652,1785477761492392754,1785477761590568944
55,rank16:B1,compute,backward,1,16,1,0,16,16,1,1,5,cooldown,726633220,726633220,0,0,0,1.7854777616131075e+18,1.7854777623397407e+18,16781097292,17507730512,lane0:B1:s2->s1,389147860,1785477744809471652,1785477761590568944,1785477762317202164
55,lane0:B3:s4->s3,pp_message,backward,3,-1,4,0,64,48,4,3,-1,p2p,98176190,0,0,4712346,93463844,,,16945096084,17043272274,rank64:B3,0,1785477744809471652,1785477761754567736,1785477761852743926
55,lane0:B2:s3->s2,pp_message,backward,2,-1,3,0,48,32,3,2,-1,p2p,98176190,0,0,4712346,93463844,,,16974871699,17073047889,rank48:B2,0,1785477744809471652,1785477761784343351,1785477761882519541
55,rank32:B2,compute,backward,2,32,2,0,32,32,2,2,6,cooldown,708298114,708298114,0,0,0,1.7854777619052275e+18,1.7854777626135258e+18,17073047889,17781346003,lane0:B2:s3->s2,390126787,1785477744809471652,1785477761882519541,1785477762590817655
55,rank48:B3,compute,backward,3,48,3,0,48,48,3,3,7,cooldown,718544047,718544047,0,0,0,1.785477761910423e+18,1.7854777626289672e+18,17073047889,17791591936,lane0:B2:s3->s2,98176190,1785477744809471652,1785477761882519541,1785477762601063588
55,lane0:B1:s1->s0,pp_message,backward,1,-1,1,0,16,0,1,0,-1,p2p,98176190,0,0,4712346,93463844,,,17507730512,17605906702,rank16:B1,0,1785477744809471652,1785477762317202164,1785477762415378354
55,rank0:B1,compute,backward,1,0,0,0,0,0,0,0,5,cooldown,409000348,409000348,0,0,0,1.7854777624367972e+18,1.7854777628457974e+18,17605906702,18014907050,lane0:B1:s1->s0,702412372,1785477744809471652,1785477762415378354,1785477762824378702
55,lane0:B2:s2->s1,pp_message,backward,2,-1,2,0,32,16,2,1,-1,p2p,98176190,0,0,4712346,93463844,,,17781346003,17879522193,rank32:B2,0,1785477744809471652,1785477762590817655,1785477762688993845
55,lane0:B3:s3->s2,pp_message,backward,3,-1,3,0,48,32,3,2,-1,p2p,98176190,0,0,4712346,93463844,,,17791591936,17889768126,rank48:B3,0,1785477744809471652,1785477762601063588,1785477762699239778
55,rank16:B2,compute,backward,2,16,1,0,16,16,1,1,6,cooldown,729605174,729605174,0,0,0,1.7854777627129697e+18,1.7854777634425748e+18,17879522193,18609127367,lane0:B2:s2->s1,371791681,1785477744809471652,1785477762688993845,1785477763418599019
55,rank32:B3,compute,backward,3,32,2,0,32,32,2,2,7,cooldown,702010904,702010904,0,0,0,1.785477762727031e+18,1.7854777634290422e+18,17889768126,18591779030,lane0:B3:s3->s2,108422123,1785477744809471652,1785477762699239778,1785477763401250682
55,lane0:B3:s2->s1,pp_message,backward,3,-1,2,0,32,16,2,1,-1,p2p,98176190,0,0,4712346,93463844,,,18591779030,18689955220,rank32:B3,0,1785477744809471652,1785477763401250682,1785477763499426872
55,lane0:B2:s1->s0,pp_message,backward,2,-1,1,0,16,0,1,0,-1,p2p,98176190,0,0,4712346,93463844,,,18609127367,18707303557,rank16:B2,0,1785477744809471652,1785477763418599019,1785477763516775209
55,rank0:B2,compute,backward,2,0,0,0,0,0,0,0,6,cooldown,409081770,409081770,0,0,0,1.7854777635405489e+18,1.7854777639496305e+18,18707303557,19116385327,lane0:B2:s1->s0,692396507,1785477744809471652,1785477763516775209,1785477763925856979
55,rank16:B3,compute,backward,3,16,1,0,16,16,1,1,7,cooldown,723615181,723615181,0,0,0,1.7854777635459244e+18,1.7854777642695393e+18,18707303557,19430918738,lane0:B2:s1->s0,98176190,1785477744809471652,1785477763516775209,1785477764240390390
55,lane0:B3:s1->s0,pp_message,backward,3,-1,1,0,16,0,1,0,-1,p2p,98176190,0,0,4712346,93463844,,,19430918738,19529094928,rank16:B3,0,1785477744809471652,1785477764240390390,1785477764338566580
55,rank0:B3,compute,backward,3,0,0,0,0,0,0,0,7,cooldown,405622036,405622036,0,0,0,1.785477764367348e+18,1.78547776477297e+18,19529094928,19934716964,lane0:B3:s1->s0,412709601,1785477744809471652,1785477764338566580,1785477764744188616
55,rank1:F0,compute,forward,0,1,0,1,1,1,0,0,0,warmup,162354043,162354043,0,0,0,1.7854777448087918e+18,1.785477744971146e+18,0,162354043,,0,1785477744808791856,1785477744808791856,1785477744971145899
55,lane1:F0:s0->s1,pp_message,forward,0,-1,0,1,1,17,0,1,-1,p2p,4712346,0,0,4712346,0,,,162354043,167066389,rank1:F0,0,1785477744808791856,1785477744971145899,1785477744975858245
55,rank17:F0,compute,forward,0,17,1,1,17,17,1,1,0,warmup,325515025,325515025,0,0,0,1.785477744976351e+18,1.785477745301866e+18,167066389,492581414,lane1:F0:s0->s1,167066389,1785477744808791856,1785477744975858245,1785477745301373270
55,rank1:F1,compute,forward,1,1,0,1,1,1,0,0,1,warmup,158392528,158392528,0,0,0,1.78547774497648e+18,1.7854777451348726e+18,167066389,325458917,lane1:F0:s0->s1,4712346,1785477744808791856,1785477744975858245,1785477745134250773
55,lane1:F1:s0->s1,pp_message,forward,1,-1,0,1,1,17,0,1,-1,p2p,4712346,0,0,4712346,0,,,325458917,330171263,rank1:F1,0,1785477744808791856,1785477745134250773,1785477745138963119
55,rank1:F2,compute,forward,2,1,0,1,1,1,0,0,2,warmup,158804120,158804120,0,0,0,1.7854777453120794e+18,1.7854777454708833e+18,330171263,488975383,lane1:F1:s0->s1,4712346,1785477744808791856,1785477745138963119,1785477745297767239
55,lane1:F2:s0->s1,pp_message,forward,2,-1,0,1,1,17,0,1,-1,p2p,4712346,0,0,4712346,0,,,488975383,493687729,rank1:F2,0,1785477744808791856,1785477745297767239,1785477745302479585
55,lane1:F0:s1->s2,pp_message,forward,0,-1,1,1,17,33,1,2,-1,p2p,4712346,0,0,4712346,0,,,492581414,497293760,rank17:F0,0,1785477744808791856,1785477745301373270,1785477745306085616
55,rank1:F3,compute,forward,3,1,0,1,1,1,0,0,3,warmup,158092909,158092909,0,0,0,1.7854777456492557e+18,1.7854777458073487e+18,493687729,651780638,lane1:F2:s0->s1,4712346,1785477744808791856,1785477745302479585,1785477745460572494
55,rank17:F1,compute,forward,1,17,1,1,17,17,1,1,1,warmup,327128567,327128567,0,0,0,1.7854777453119137e+18,1.7854777456390423e+18,497293760,824422327,lane1:F0:s1->s2,4712346,1785477744808791856,1785477745306085616,1785477745633214183
55,rank33:F0,compute,forward,0,33,2,1,33,33,2,2,0,warmup,321293857,321293857,0,0,0,1.7854777453070461e+18,1.7854777456283402e+18,497293760,818587617,lane1:F0:s1->s2,497293760,1785477744808791856,1785477745306085616,1785477745627379473
55,lane1:F3:s0->s1,pp_message,forward,3,-1,0,1,1,17,0,1,-1,p2p,4712346,0,0,4712346,0,,,651780638,656492984,rank1:F3,0,1785477744808791856,1785477745460572494,1785477745465284840
55,lane1:F0:s2->s3,pp_message,forward,0,-1,2,1,33,49,2,3,-1,p2p,4712346,0,0,4712346,0,,,818587617,823299963,rank33:F0,0,1785477744808791856,1785477745627379473,1785477745632091819
55,rank49:F0,compute,forward,0,49,3,1,49,49,3,3,0,warmup,317401591,317401591,0,0,0,1.7854777456336026e+18,1.7854777459510042e+18,823299963,1140701554,lane1:F0:s2->s3,823299963,1785477744808791856,1785477745632091819,1785477745949493410
55,lane1:F1:s1->s2,pp_message,forward,1,-1,1,1,17,33,1,2,-1,p2p,4712346,0,0,4712346,0,,,824422327,829134673,rank17:F1,0,1785477744808791856,1785477745633214183,1785477745637926529
55,rank17:F2,compute,forward,2,17,1,1,17,17,1,1,2,warmup,324740499,324740499,0,0,0,1.7854777456491436e+18,1.785477745973884e+18,829134673,1153875172,lane1:F1:s1->s2,4712346,1785477744808791856,1785477745637926529,1785477745962667028
55,rank33:F1,compute,forward,1,33,2,1,33,33,2,2,1,warmup,322714683,322714683,0,0,0,1.7854777456441684e+18,1.7854777459668833e+18,829134673,1151849356,lane1:F1:s1->s2,10547056,1785477744808791856,1785477745637926529,1785477745960641212
55,lane1:F0:s3->s4,pp_message,forward,0,-1,3,1,49,65,3,4,-1,p2p,4712346,0,0,4712346,0,,,1140701554,1145413900,rank49:F0,0,1785477744808791856,1785477745949493410,1785477745954205756
55,rank65:F0,compute,forward,0,65,4,1,65,65,4,4,0,warmup,335354105,335354105,0,0,0,1.7854777459564296e+18,1.7854777462917837e+18,1145413900,1480768005,lane1:F0:s3->s4,1145413900,1785477744808791856,1785477745954205756,1785477746289559861
55,lane1:F1:s2->s3,pp_message,forward,1,-1,2,1,33,49,2,3,-1,p2p,4712346,0,0,4712346,0,,,1151849356,1156561702,rank33:F1,0,1785477744808791856,1785477745960641212,1785477745965353558
55,lane1:F2:s1->s2,pp_message,forward,2,-1,1,1,17,33,1,2,-1,p2p,4712346,0,0,4712346,0,,,1153875172,1158587518,rank17:F2,0,1785477744808791856,1785477745962667028,1785477745967379374
55,rank49:F1,compute,forward,1,49,3,1,49,49,3,3,1,warmup,314177267,314177267,0,0,0,1.7854777459720136e+18,1.7854777462861908e+18,1156561702,1470738969,lane1:F1:s2->s3,15860148,1785477744808791856,1785477745965353558,1785477746279530825
55,rank17:F3,compute,forward,3,17,1,1,17,17,1,1,3,warmup,322557422,322557422,0,0,0,1.785477745984088e+18,1.7854777463066455e+18,1158587518,1481144940,lane1:F2:s1->s2,4712346,1785477744808791856,1785477745967379374,1785477746289936796
55,rank33:F2,compute,forward,2,33,2,1,33,33,2,2,2,warmup,463329480,463329480,0,0,0,1.7854777459789727e+18,1.7854777464423022e+18,1158587518,1621916998,lane1:F2:s1->s2,6738162,1785477744808791856,1785477745967379374,1785477746430708854
55,lane1:F1:s3->s4,pp_message,forward,1,-1,3,1,49,65,3,4,-1,p2p,4712346,0,0,4712346,0,,,1470738969,1475451315,rank49:F1,0,1785477744808791856,1785477746279530825,1785477746284243171
55,lane1:F0:s4->s5,pp_message,forward,0,-1,4,1,65,81,4,5,-1,p2p,4712346,0,0,4712346,0,,,1480768005,1485480351,rank65:F0,0,1785477744808791856,1785477746289559861,1785477746294272207
55,lane1:F3:s1->s2,pp_message,forward,3,-1,1,1,17,33,1,2,-1,p2p,4712346,0,0,4712346,0,,,1481144940,1485857286,rank17:F3,0,1785477744808791856,1785477746289936796,1785477746294649142
55,rank65:F1,compute,forward,1,65,4,1,65,65,4,4,1,warmup,317322447,317322447,0,0,0,1.785477746302129e+18,1.7854777466194514e+18,1485480351,1802802798,lane1:F0:s4->s5,4712346,1785477744808791856,1785477746294272207,1785477746611594654
55,rank81:F0,compute,forward,0,81,5,1,81,81,5,5,0,warmup,315103602,315103602,0,0,0,1.7854777462973494e+18,1.7854777466124529e+18,1485480351,1800583953,lane1:F0:s4->s5,1485480351,1785477744808791856,1785477746294272207,1785477746609375809
55,lane1:F2:s2->s3,pp_message,forward,2,-1,2,1,33,49,2,3,-1,p2p,4712346,0,0,4712346,0,,,1621916998,1626629344,rank33:F2,0,1785477744808791856,1785477746430708854,1785477746435421200
55,rank33:F3,compute,forward,3,33,2,1,33,33,2,2,3,warmup,317554962,317554962,0,0,0,1.785477746452479e+18,1.785477746770034e+18,1626629344,1944184306,lane1:F2:s2->s3,4712346,1785477744808791856,1785477746435421200,1785477746752976162
55,rank49:F2,compute,forward,2,49,3,1,49,49,3,3,2,warmup,315252328,315252328,0,0,0,1.785477746447466e+18,1.7854777467627182e+18,1626629344,1941881672,lane1:F2:s2->s3,155890375,1785477744808791856,1785477746435421200,1785477746750673528
55,lane1:F0:s5->s6,pp_message,forward,0,-1,5,1,81,97,5,6,-1,p2p,4712346,0,0,4712346,0,,,1800583953,1805296299,rank81:F0,0,1785477744808791856,1785477746609375809,1785477746614088155
55,lane1:F1:s4->s5,pp_message,forward,1,-1,4,1,65,81,4,5,-1,p2p,4712346,0,0,4712346,0,,,1802802798,1807515144,rank65:F1,0,1785477744808791856,1785477746611594654,1785477746616307000
55,rank97:F0,compute,forward,0,97,6,1,97,97,6,6,0,warmup,317619327,317619327,0,0,0,1.7854777466185477e+18,1.7854777469361672e+18,1805296299,2122915626,lane1:F0:s5->s6,1805296299,1785477744808791856,1785477746614088155,1785477746931707482
55,rank81:F1,compute,forward,1,81,5,1,81,81,5,5,1,warmup,313083582,313083582,0,0,0,1.7854777466245865e+18,1.7854777469376701e+18,1807515144,2120598726,lane1:F1:s4->s5,6931191,1785477744808791856,1785477746616307000,1785477746929390582
55,lane1:F2:s3->s4,pp_message,forward,2,-1,3,1,49,65,3,4,-1,p2p,4712346,0,0,4712346,0,,,1941881672,1946594018,rank49:F2,0,1785477744808791856,1785477746750673528,1785477746755385874
55,lane1:F3:s2->s3,pp_message,forward,3,-1,2,1,33,49,2,3,-1,p2p,4712346,0,0,4712346,0,,,1944184306,1948896652,rank33:F3,0,1785477744808791856,1785477746752976162,1785477746757688508
55,rank65:F2,compute,forward,2,65,4,1,65,65,4,4,2,warmup,315647993,315647993,0,0,0,1.7854777467681303e+18,1.7854777470837783e+18,1946594018,2262242011,lane1:F2:s3->s4,143791220,1785477744808791856,1785477746755385874,1785477747071033867
55,rank49:F3,compute,forward,3,49,3,1,49,49,3,3,3,warmup,333880412,333880412,0,0,0,1.7854777467752205e+18,1.7854777471091008e+18,1948896652,2282777064,lane1:F3:s2->s3,7014980,1785477744808791856,1785477746757688508,1785477747091568920
55,lane1:F1:s5->s6,pp_message,forward,1,-1,5,1,81,97,5,6,-1,p2p,4712346,0,0,4712346,0,,,2120598726,2125311072,rank81:F1,0,1785477744808791856,1785477746929390582,1785477746934102928
55,lane1:F0:s6->s7,pp_message,forward,0,-1,6,1,97,113,6,7,-1,p2p,4712346,0,0,4712346,0,,,2122915626,2127627972,rank97:F0,0,1785477744808791856,1785477746931707482,1785477746936419828
55,rank113:F0,compute,forward,0,113,7,1,113,113,7,7,0,warmup,316711614,316711614,0,0,0,1.7854777469417126e+18,1.7854777472584243e+18,2127627972,2444339586,lane1:F0:s6->s7,2127627972,1785477744808791856,1785477746936419828,1785477747253131442
55,rank97:F1,compute,forward,1,97,6,1,97,97,6,6,1,warmup,316510030,316510030,0,0,0,1.7854777469466263e+18,1.7854777472631363e+18,2127627972,2444138002,lane1:F0:s6->s7,4712346,1785477744808791856,1785477746936419828,1785477747252929858
55,lane1:F2:s4->s5,pp_message,forward,2,-1,4,1,65,81,4,5,-1,p2p,4712346,0,0,4712346,0,,,2262242011,2266954357,rank65:F2,0,1785477744808791856,1785477747071033867,1785477747075746213
55,rank81:F2,compute,forward,2,81,5,1,81,81,5,5,2,warmup,352279645,352279645,0,0,0,1.7854777470892628e+18,1.7854777474415427e+18,2266954357,2619234002,lane1:F2:s4->s5,146355631,1785477744808791856,1785477747075746213,1785477747428025858
55,lane1:F3:s3->s4,pp_message,forward,3,-1,3,1,49,65,3,4,-1,p2p,4712346,0,0,4712346,0,,,2282777064,2287489410,rank49:F3,0,1785477744808791856,1785477747091568920,1785477747096281266
55,rank65:F3,compute,forward,3,65,4,1,65,65,4,4,3,warmup,313375452,313375452,0,0,0,1.7854777471143654e+18,1.7854777474277407e+18,2287489410,2600864862,lane1:F3:s3->s4,25247399,1785477744808791856,1785477747096281266,1785477747409656718
55,lane1:F1:s6->s7,pp_message,forward,1,-1,6,1,97,113,6,7,-1,p2p,4712346,0,0,4712346,0,,,2444138002,2448850348,rank97:F1,0,1785477744808791856,1785477747252929858,1785477747257642204
55,lane1:F0:s7->s8,pp_message,forward,0,-1,7,1,113,129,7,8,-1,p2p,4712346,0,0,4712346,0,,,2444339586,2449051932,rank113:F0,0,1785477744808791856,1785477747253131442,1785477747257843788
55,rank113:F1,compute,forward,1,113,7,1,113,113,7,7,1,warmup,312461877,312461877,0,0,0,1.785477747268709e+18,1.785477747581171e+18,2449051932,2761513809,lane1:F0:s7->s8,4712346,1785477744808791856,1785477747257843788,1785477747570305665
55,rank129:F0,compute,forward,0,129,8,1,129,129,8,8,0,warmup,313143327,313143327,0,0,0,1.7854777472637975e+18,1.7854777475769408e+18,2449051932,2762195259,lane1:F0:s7->s8,2449051932,1785477744808791856,1785477747257843788,1785477747570987115
55,lane1:F3:s4->s5,pp_message,forward,3,-1,4,1,65,81,4,5,-1,p2p,4712346,0,0,4712346,0,,,2600864862,2605577208,rank65:F3,0,1785477744808791856,1785477747409656718,1785477747414369064
55,lane1:F2:s5->s6,pp_message,forward,2,-1,5,1,81,97,5,6,-1,p2p,4712346,0,0,4712346,0,,,2619234002,2623946348,rank81:F2,0,1785477744808791856,1785477747428025858,1785477747432738204
55,rank81:F3,compute,forward,3,81,5,1,81,81,5,5,3,warmup,312573892,312573892,0,0,0,1.7854777474517857e+18,1.7854777477643597e+18,2623946348,2936520240,lane1:F2:s5->s6,4712346,1785477744808791856,1785477747432738204,1785477747745312096
55,rank97:F2,compute,forward,2,97,6,1,97,97,6,6,2,warmup,316101402,316101402,0,0,0,1.7854777474468111e+18,1.7854777477629125e+18,2623946348,2940047750,lane1:F2:s5->s6,179808346,1785477744808791856,1785477747432738204,1785477747748839606
55,lane1:F1:s7->s8,pp_message,forward,1,-1,7,1,113,129,7,8,-1,p2p,4712346,0,0,4712346,0,,,2761513809,2766226155,rank113:F1,0,1785477744808791856,1785477747570305665,1785477747575018011
55,lane1:F0:s8->s9,pp_message,forward,0,-1,8,1,129,145,8,9,-1,p2p,4712346,0,0,4712346,0,,,2762195259,2766907605,rank129:F0,0,1785477744808791856,1785477747570987115,1785477747575699461
55,rank129:F1,compute,forward,1,129,8,1,129,129,8,8,1,warmup,311239013,311239013,0,0,0,1.7854777475871465e+18,1.7854777478983857e+18,2766907605,3078146618,lane1:F0:s8->s9,4712346,1785477744808791856,1785477747575699461,1785477747886938474
55,rank145:F0,compute,forward,0,145,9,1,145,145,9,9,0,warmup,320888337,320888337,0,0,0,1.7854777475821693e+18,1.7854777479030577e+18,2766907605,3087795942,lane1:F0:s8->s9,2766907605,1785477744808791856,1785477747575699461,1785477747896587798
55,lane1:F3:s5->s6,pp_message,forward,3,-1,5,1,81,97,5,6,-1,p2p,4712346,0,0,4712346,0,,,2936520240,2941232586,rank81:F3,0,1785477744808791856,1785477747745312096,1785477747750024442
55,lane1:F2:s6->s7,pp_message,forward,2,-1,6,1,97,113,6,7,-1,p2p,4712346,0,0,4712346,0,,,2940047750,2944760096,rank97:F2,0,1785477744808791856,1785477747748839606,1785477747753551952
55,rank113:F2,compute,forward,2,113,7,1,113,113,7,7,2,warmup,310651474,310651474,0,0,0,1.7854777477682002e+18,1.7854777480788516e+18,2944760096,3255411570,lane1:F2:s6->s7,183246287,1785477744808791856,1785477747753551952,1785477748064203426
55,rank97:F3,compute,forward,3,97,6,1,97,97,6,6,3,warmup,315456113,315456113,0,0,0,1.7854777477732178e+18,1.7854777480886738e+18,2944760096,3260216209,lane1:F2:s6->s7,4712346,1785477744808791856,1785477747753551952,1785477748069008065
55,lane1:F1:s8->s9,pp_message,forward,1,-1,8,1,129,145,8,9,-1,p2p,4712346,0,0,4712346,0,,,3078146618,3082858964,rank129:F1,0,1785477744808791856,1785477747886938474,1785477747891650820
55,lane1:F0:s9->s10,pp_message,forward,0,-1,9,1,145,161,9,10,-1,p2p,4712346,0,0,4712346,0,,,3087795942,3092508288,rank145:F0,0,1785477744808791856,1785477747896587798,1785477747901300144
55,rank145:F1,compute,forward,1,145,9,1,145,145,9,9,1,warmup,318738693,318738693,0,0,0,1.785477747913068e+18,1.7854777482318067e+18,3092508288,3411246981,lane1:F0:s9->s10,4712346,1785477744808791856,1785477747901300144,1785477748220038837
55,rank161:F0,compute,forward,0,161,10,1,161,161,10,10,0,warmup,320730265,320730265,0,0,0,1.7854777479087342e+18,1.7854777482294646e+18,3092508288,3413238553,lane1:F0:s9->s10,3092508288,1785477744808791856,1785477747901300144,1785477748222030409
55,lane1:F2:s7->s8,pp_message,forward,2,-1,7,1,113,129,7,8,-1,p2p,4712346,0,0,4712346,0,,,3255411570,3260123916,rank113:F2,0,1785477744808791856,1785477748064203426,1785477748068915772
55,rank129:F2,compute,forward,2,129,8,1,129,129,8,8,2,warmup,311022686,311022686,0,0,0,1.7854777480840146e+18,1.7854777483950372e+18,3260123916,3571146602,lane1:F2:s7->s8,181977298,1785477744808791856,1785477748068915772,1785477748379938458
55,lane1:F3:s6->s7,pp_message,forward,3,-1,6,1,97,113,6,7,-1,p2p,4712346,0,0,4712346,0,,,3260216209,3264928555,rank97:F3,0,1785477744808791856,1785477748069008065,1785477748073720411
55,rank113:F3,compute,forward,3,113,7,1,113,113,7,7,3,warmup,340644617,340644617,0,0,0,1.7854777480938135e+18,1.785477748434458e+18,3264928555,3605573172,lane1:F3:s6->s7,9516985,1785477744808791856,1785477748073720411,1785477748414365028
55,lane1:F1:s9->s10,pp_message,forward,1,-1,9,1,145,161,9,10,-1,p2p,4712346,0,0,4712346,0,,,3411246981,3415959327,rank145:F1,0,1785477744808791856,1785477748220038837,1785477748224751183
55,lane1:F0:s10->s11,pp_message,forward,0,-1,10,1,161,177,10,11,-1,p2p,4712346,0,0,4712346,0,,,3413238553,3417950899,rank161:F0,0,1785477744808791856,1785477748222030409,1785477748226742755
55,rank161:F1,compute,forward,1,161,10,1,161,161,10,10,1,warmup,324716237,324716237,0,0,0,1.7854777482396265e+18,1.7854777485643428e+18,3417950899,3742667136,lane1:F0:s10->s11,4712346,1785477744808791856,1785477748226742755,1785477748551458992
55,rank177:F0,compute,forward,0,177,11,1,177,177,11,11,0,warmup,311313070,311313070,0,0,0,1.785477748234935e+18,1.7854777485462482e+18,3417950899,3729263969,lane1:F0:s10->s11,3417950899,1785477744808791856,1785477748226742755,1785477748538055825
55,lane1:F2:s8->s9,pp_message,forward,2,-1,8,1,129,145,8,9,-1,p2p,4712346,0,0,4712346,0,,,3571146602,3575858948,rank129:F2,0,1785477744808791856,1785477748379938458,1785477748384650804
55,rank145:F2,compute,forward,2,145,9,1,145,145,9,9,2,warmup,318973529,318973529,0,0,0,1.7854777484001582e+18,1.785477748719132e+18,3575858948,3894832477,lane1:F2:s8->s9,164611967,1785477744808791856,1785477748384650804,1785477748703624333
55,lane1:F3:s7->s8,pp_message,forward,3,-1,7,1,113,129,7,8,-1,p2p,4712346,0,0,4712346,0,,,3605573172,3610285518,rank113:F3,0,1785477744808791856,1785477748414365028,1785477748419077374
55,rank129:F3,compute,forward,3,129,8,1,129,129,8,8,3,warmup,310924139,310924139,0,0,0,1.7854777484395822e+18,1.7854777487505062e+18,3610285518,3921209657,lane1:F3:s7->s8,39138916,1785477744808791856,1785477748419077374,1785477748730001513
55,lane1:F0:s11->s12,pp_message,forward,0,-1,11,1,177,193,11,12,-1,p2p,4712346,0,0,4712346,0,,,3729263969,3733976315,rank177:F0,0,1785477744808791856,1785477748538055825,1785477748542768171
55,rank193:F0,compute,forward,0,193,12,1,193,193,12,12,0,warmup,312963118,312963118,0,0,0,1.785477748552046e+18,1.7854777488650092e+18,3733976315,4046939433,lane1:F0:s11->s12,3733976315,1785477744808791856,1785477748542768171,1785477748855731289
55,lane1:F1:s10->s11,pp_message,forward,1,-1,10,1,161,177,10,11,-1,p2p,4712346,0,0,4712346,0,,,3742667136,3747379482,rank161:F1,0,1785477744808791856,1785477748551458992,1785477748556171338
55,rank177:F1,compute,forward,1,177,11,1,177,177,11,11,1,warmup,316079537,316079537,0,0,0,1.785477748569449e+18,1.7854777488855283e+18,3747379482,4063459019,lane1:F1:s10->s11,18115513,1785477744808791856,1785477748556171338,1785477748872250875
55,lane1:F2:s9->s10,pp_message,forward,2,-1,9,1,145,161,9,10,-1,p2p,4712346,0,0,4712346,0,,,3894832477,3899544823,rank145:F2,0,1785477744808791856,1785477748703624333,1785477748708336679
55,rank161:F2,compute,forward,2,161,10,1,161,161,10,10,2,warmup,333405416,333405416,0,0,0,1.785477748724535e+18,1.7854777490579402e+18,3899544823,4232950239,lane1:F2:s9->s10,156877687,1785477744808791856,1785477748708336679,1785477749041742095
55,lane1:F3:s8->s9,pp_message,forward,3,-1,8,1,129,145,8,9,-1,p2p,4712346,0,0,4712346,0,,,3921209657,3925922003,rank129:F3,0,1785477744808791856,1785477748730001513,1785477748734713859
55,rank145:F3,compute,forward,3,145,9,1,145,145,9,9,3,warmup,319092928,319092928,0,0,0,1.785477748755603e+18,1.785477749074696e+18,3925922003,4245014931,lane1:F3:s8->s9,31089526,1785477744808791856,1785477748734713859,1785477749053806787
55,lane1:F0:s12->s13,pp_message,forward,0,-1,12,1,193,209,12,13,-1,p2p,4712346,0,0,4712346,0,,,4046939433,4051651779,rank193:F0,0,1785477744808791856,1785477748855731289,1785477748860443635
55,rank209:F0,compute,forward,0,209,13,1,209,209,13,13,0,warmup,315536950,315536950,0,0,0,1.785477748870672e+18,1.785477749186209e+18,4051651779,4367188729,lane1:F0:s12->s13,4051651779,1785477744808791856,1785477748860443635,1785477749175980585
55,lane1:F1:s11->s12,pp_message,forward,1,-1,11,1,177,193,11,12,-1,p2p,4712346,0,0,4712346,0,,,4063459019,4068171365,rank177:F1,0,1785477744808791856,1785477748872250875,1785477748876963221
55,rank193:F1,compute,forward,1,193,12,1,193,193,12,12,1,warmup,307290836,307290836,0,0,0,1.785477748890864e+18,1.785477749198155e+18,4068171365,4375462201,lane1:F1:s11->s12,21231932,1785477744808791856,1785477748876963221,1785477749184254057
55,lane1:F2:s10->s11,pp_message,forward,2,-1,10,1,161,177,10,11,-1,p2p,4712346,0,0,4712346,0,,,4232950239,4237662585,rank161:F2,0,1785477744808791856,1785477749041742095,1785477749046454441
55,rank177:F2,compute,forward,2,177,11,1,177,177,11,11,2,warmup,309330131,309330131,0,0,0,1.7854777490630495e+18,1.7854777493723796e+18,4237662585,4546992716,lane1:F2:s10->s11,174203566,1785477744808791856,1785477749046454441,1785477749355784572
55,lane1:F3:s9->s10,pp_message,forward,3,-1,9,1,145,161,9,10,-1,p2p,4712346,0,0,4712346,0,,,4245014931,4249727277,rank145:F3,0,1785477744808791856,1785477749053806787,1785477749058519133
55,rank161:F3,compute,forward,3,161,10,1,161,161,10,10,3,warmup,310934629,310934629,0,0,0,1.785477749079611e+18,1.7854777493905454e+18,4249727277,4560661906,lane1:F3:s9->s10,16777038,1785477744808791856,1785477749058519133,1785477749369453762
55,lane1:F0:s13->s14,pp_message,forward,0,-1,13,1,209,225,13,14,-1,p2p,4712346,0,0,4712346,0,,,4367188729,4371901075,rank209:F0,0,1785477744808791856,1785477749175980585,1785477749180692931
55,rank225:F0,compute,forward,0,225,14,1,225,225,14,14,0,warmup,316272238,316272238,0,0,0,1.785477749191963e+18,1.785477749508235e+18,4371901075,4688173313,lane1:F0:s13->s14,4371901075,1785477744808791856,1785477749180692931,1785477749496965169
55,lane1:F1:s12->s13,pp_message,forward,1,-1,12,1,193,209,12,13,-1,p2p,4712346,0,0,4712346,0,,,4375462201,4380174547,rank193:F1,0,1785477744808791856,1785477749184254057,1785477749188966403
55,rank209:F1,compute,forward,1,209,13,1,209,209,13,13,1,warmup,309479588,309479588,0,0,0,1.785477749203278e+18,1.7854777495127578e+18,4380174547,4689654135,lane1:F1:s12->s13,12985818,1785477744808791856,1785477749188966403,1785477749498445991
55,lane1:F2:s11->s12,pp_message,forward,2,-1,11,1,177,193,11,12,-1,p2p,4712346,0,0,4712346,0,,,4546992716,4551705062,rank177:F2,0,1785477744808791856,1785477749355784572,1785477749360496918
55,rank193:F2,compute,forward,2,193,12,1,193,193,12,12,2,warmup,312383965,312383965,0,0,0,1.7854777493775892e+18,1.7854777496899732e+18,4551705062,4864089027,lane1:F2:s11->s12,176242861,1785477744808791856,1785477749360496918,1785477749672880883
55,lane1:F3:s10->s11,pp_message,forward,3,-1,10,1,161,177,10,11,-1,p2p,4712346,0,0,4712346,0,,,4560661906,4565374252,rank161:F3,0,1785477744808791856,1785477749369453762,1785477749374166108
55,rank177:F3,compute,forward,3,177,11,1,177,177,11,11,3,warmup,306941052,306941052,0,0,0,1.785477749395597e+18,1.7854777497025382e+18,4565374252,4872315304,lane1:F3:s10->s11,18381536,1785477744808791856,1785477749374166108,1785477749681107160
55,lane1:F0:s14->s15,pp_message,forward,0,-1,14,1,225,241,14,15,-1,p2p,4712346,0,0,4712346,0,,,4688173313,4692885659,rank225:F0,0,1785477744808791856,1785477749496965169,1785477749501677515
55,lane1:F1:s13->s14,pp_message,forward,1,-1,13,1,209,225,13,14,-1,p2p,4712346,0,0,4712346,0,,,4689654135,4694366481,rank209:F1,0,1785477744808791856,1785477749498445991,1785477749503158337
55,rank241:F0,compute,forward,0,241,15,1,241,241,15,15,0,steady,195186815,195186815,0,0,0,1.7854777495140073e+18,1.785477749709194e+18,4692885659,4888072474,lane1:F0:s14->s15,4692885659,1785477744808791856,1785477749501677515,1785477749696864330
55,rank225:F1,compute,forward,1,225,14,1,225,225,14,14,1,steady,309204182,309204182,0,0,0,1.7854777495185262e+18,1.7854777498277304e+18,4694366481,5003570663,lane1:F1:s13->s14,6193168,1785477744808791856,1785477749503158337,1785477749812362519
55,lane1:F2:s12->s13,pp_message,forward,2,-1,12,1,193,209,12,13,-1,p2p,4712346,0,0,4712346,0,,,4864089027,4868801373,rank193:F2,0,1785477744808791856,1785477749672880883,1785477749677593229
55,rank209:F2,compute,forward,2,209,13,1,209,209,13,13,2,steady,311286207,311286207,0,0,0,1.7854777496950853e+18,1.7854777500063716e+18,4868801373,5180087580,lane1:F2:s12->s13,179147238,1785477744808791856,1785477749677593229,1785477749988879436
55,lane1:F3:s11->s12,pp_message,forward,3,-1,11,1,177,193,11,12,-1,p2p,4712346,0,0,4712346,0,,,4872315304,4877027650,rank177:F3,0,1785477744808791856,1785477749681107160,1785477749685819506
55,rank193:F3,compute,forward,3,193,12,1,193,193,12,12,3,steady,308435089,308435089,0,0,0,1.785477749707737e+18,1.785477750016172e+18,4877027650,5185462739,lane1:F3:s11->s12,12938623,1785477744808791856,1785477749685819506,1785477749994254595
55,rank241:B0,compute,backward,0,241,15,1,241,241,15,15,1,steady,366485200,366485200,0,0,0,1.7854777497093783e+18,1.7854777500758636e+18,4888072474,5254557674,rank241:F0,0,1785477744808791856,1785477749696864330,1785477750063349530
55,lane1:F1:s14->s15,pp_message,forward,1,-1,14,1,225,241,14,15,-1,p2p,4712346,0,0,4712346,0,,,5003570663,5008283009,rank225:F1,0,1785477744808791856,1785477749812362519,1785477749817074865
55,lane1:F2:s13->s14,pp_message,forward,2,-1,13,1,209,225,13,14,-1,p2p,4712346,0,0,4712346,0,,,5180087580,5184799926,rank209:F2,0,1785477744808791856,1785477749988879436,1785477749993591782
55,lane1:F3:s12->s13,pp_message,forward,3,-1,12,1,193,209,12,13,-1,p2p,4712346,0,0,4712346,0,,,5185462739,5190175085,rank193:F3,0,1785477744808791856,1785477749994254595,1785477749998966941
55,lane1:B0:s15->s14,pp_message,backward,0,-1,15,1,241,225,15,14,-1,p2p,98176190,0,0,4712346,93463844,,,5254557674,5352733864,rank241:B0,0,1785477744808791856,1785477750063349530,1785477750161525720
55,rank225:B0,compute,backward,0,225,14,1,225,225,14,14,2,steady,704497657,704497657,0,0,0,1.7854777501797235e+18,1.7854777508842212e+18,5352733864,6057231521,lane1:B0:s15->s14,349163201,1785477744808791856,1785477750161525720,1785477750866023377
55,rank241:F1,compute,forward,1,241,15,1,241,241,15,15,2,steady,190645460,190645460,0,0,0,1.7854777501795533e+18,1.7854777503701988e+18,5352733864,5543379324,lane1:B0:s15->s14,98176190,1785477744808791856,1785477750161525720,1785477750352171180
55,rank241:B1,compute,backward,1,241,15,1,241,241,15,15,3,steady,364840008,364840008,0,0,0,1.7854777503703734e+18,1.7854777507352136e+18,5543379324,5908219332,rank241:F1,0,1785477744808791856,1785477750352171180,1785477750717011188
55,lane1:B1:s15->s14,pp_message,backward,1,-1,15,1,241,225,15,14,-1,p2p,98176190,0,0,4712346,93463844,,,5908219332,6006395522,rank241:B1,0,1785477744808791856,1785477750717011188,1785477750815187378
55,lane1:B0:s14->s13,pp_message,backward,0,-1,14,1,225,209,14,13,-1,p2p,98176190,0,0,4712346,93463844,,,6057231521,6155407711,rank225:B0,0,1785477744808791856,1785477750866023377,1785477750964199567
55,rank209:B0,compute,backward,0,209,13,1,209,209,13,13,3,steady,688020039,688020039,0,0,0,1.7854777509835953e+18,1.7854777516716152e+18,6155407711,6843427750,lane1:B0:s14->s13,975320131,1785477744808791856,1785477750964199567,1785477751652219606
55,rank225:F2,compute,forward,2,225,14,1,225,225,14,14,3,steady,309549623,309549623,0,0,0,1.7854777509835023e+18,1.7854777512930522e+18,6155407711,6464957334,lane1:B0:s14->s13,98176190,1785477744808791856,1785477750964199567,1785477751273749190
55,lane1:F2:s14->s15,pp_message,forward,2,-1,14,1,225,241,14,15,-1,p2p,4712346,0,0,4712346,0,,,6464957334,6469669680,rank225:F2,0,1785477744808791856,1785477751273749190,1785477751278461536
55,rank225:B1,compute,backward,1,225,14,1,225,225,14,14,4,steady,678679362,678679362,0,0,0,1.7854777512988785e+18,1.7854777519775578e+18,6469669680,7148349042,lane1:F2:s14->s15,4712346,1785477744808791856,1785477751278461536,1785477751957140898
55,rank241:F2,compute,forward,2,241,15,1,241,241,15,15,4,steady,190691043,190691043,0,0,0,1.7854777512989143e+18,1.7854777514896054e+18,6469669680,6660360723,lane1:F2:s14->s15,561450348,1785477744808791856,1785477751278461536,1785477751469152579
55,rank241:B2,compute,backward,2,241,15,1,241,241,15,15,5,steady,365015961,365015961,0,0,0,1.7854777514897938e+18,1.7854777518548096e+18,6660360723,7025376684,rank241:F2,0,1785477744808791856,1785477751469152579,1785477751834168540
55,lane1:B0:s13->s12,pp_message,backward,0,-1,13,1,209,193,13,12,-1,p2p,98176190,0,0,4712346,93463844,,,6843427750,6941603940,rank209:B0,0,1785477744808791856,1785477751652219606,1785477751750395796
55,rank193:B0,compute,backward,0,193,12,1,193,193,12,12,4,steady,680987796,680987796,0,0,0,1.785477751771473e+18,1.7854777524524605e+18,6941603940,7622591736,lane1:B0:s13->s12,1756141201,1785477744808791856,1785477751750395796,1785477752431383592
55,rank209:F3,compute,forward,3,209,13,1,209,209,13,13,4,steady,312902960,312902960,0,0,0,1.785477751771217e+18,1.7854777520841198e+18,6941603940,7254506900,lane1:B0:s13->s12,98176190,1785477744808791856,1785477751750395796,1785477752063298756
55,lane1:B2:s15->s14,pp_message,backward,2,-1,15,1,241,225,15,14,-1,p2p,98176190,0,0,4712346,93463844,,,7025376684,7123552874,rank241:B2,0,1785477744808791856,1785477751834168540,1785477751932344730
55,lane1:B1:s14->s13,pp_message,backward,1,-1,14,1,225,209,14,13,-1,p2p,98176190,0,0,4712346,93463844,,,7148349042,7246525232,rank225:B1,0,1785477744808791856,1785477751957140898,1785477752055317088
55,lane1:F3:s13->s14,pp_message,forward,3,-1,13,1,209,225,13,14,-1,p2p,4712346,0,0,4712346,0,,,7254506900,7259219246,rank209:F3,0,1785477744808791856,1785477752063298756,1785477752068011102
55,rank209:B1,compute,backward,1,209,13,1,209,209,13,13,5,steady,685961032,685961032,0,0,0,1.7854777520900022e+18,1.7854777527759634e+18,7259219246,7945180278,lane1:F3:s13->s14,4712346,1785477744808791856,1785477752068011102,1785477752753972134
55,rank225:F3,compute,forward,3,225,14,1,225,225,14,14,5,steady,308983369,308983369,0,0,0,1.785477752090014e+18,1.7854777523989975e+18,7259219246,7568202615,lane1:F3:s13->s14,110870204,1785477744808791856,1785477752068011102,1785477752376994471
55,lane1:F3:s14->s15,pp_message,forward,3,-1,14,1,225,241,14,15,-1,p2p,4712346,0,0,4712346,0,,,7568202615,7572914961,rank225:F3,0,1785477744808791856,1785477752376994471,1785477752381706817
55,rank225:B2,compute,backward,2,225,14,1,225,225,14,14,6,steady,686422848,686422848,0,0,0,1.785477752405053e+18,1.785477753091476e+18,7572914961,8259337809,lane1:F3:s14->s15,4712346,1785477744808791856,1785477752381706817,1785477753068129665
55,rank241:F3,compute,forward,3,241,15,1,241,241,15,15,6,steady,189678555,189678555,0,0,0,1.7854777524050191e+18,1.7854777525946977e+18,7572914961,7762593516,lane1:F3:s14->s15,547538277,1785477744808791856,1785477752381706817,1785477752571385372
55,lane1:B0:s12->s11,pp_message,backward,0,-1,12,1,193,177,12,11,-1,p2p,98176190,0,0,4712346,93463844,,,7622591736,7720767926,rank193:B0,0,1785477744808791856,1785477752431383592,1785477752529559782
55,rank177:B0,compute,backward,0,177,11,1,177,177,11,11,4,cooldown,674767653,674767653,0,0,0,1.7854777525516388e+18,1.7854777532264064e+18,7720767926,8395535579,lane1:B0:s12->s11,2848452622,1785477744808791856,1785477752529559782,1785477753204327435
55,rank241:B3,compute,backward,3,241,15,1,241,241,15,15,7,steady,368703802,368703802,0,0,0,1.7854777525948705e+18,1.7854777529635743e+18,7762593516,8131297318,rank241:F3,0,1785477744808791856,1785477752571385372,1785477752940089174
55,lane1:B1:s13->s12,pp_message,backward,1,-1,13,1,209,193,13,12,-1,p2p,98176190,0,0,4712346,93463844,,,7945180278,8043356468,rank209:B1,0,1785477744808791856,1785477752753972134,1785477752852148324
55,rank193:B1,compute,backward,1,193,12,1,193,193,12,12,5,cooldown,679946517,679946517,0,0,0,1.785477752873903e+18,1.7854777535538496e+18,8043356468,8723302985,lane1:B1:s13->s12,420764732,1785477744808791856,1785477752852148324,1785477753532094841
55,lane1:B3:s15->s14,pp_message,backward,3,-1,15,1,241,225,15,14,-1,p2p,98176190,0,0,4712346,93463844,,,8131297318,8229473508,rank241:B3,0,1785477744808791856,1785477752940089174,1785477753038265364
55,lane1:B2:s14->s13,pp_message,backward,2,-1,14,1,225,209,14,13,-1,p2p,98176190,0,0,4712346,93463844,,,8259337809,8357513999,rank225:B2,0,1785477744808791856,1785477753068129665,1785477753166305855
55,rank209:B2,compute,backward,2,209,13,1,209,209,13,13,6,cooldown,690644864,690644864,0,0,0,1.7854777531909238e+18,1.7854777538815685e+18,8357513999,9048158863,lane1:B2:s14->s13,412333721,1785477744808791856,1785477753166305855,1785477753856950719
55,rank225:B3,compute,backward,3,225,14,1,225,225,14,14,7,cooldown,685787407,685787407,0,0,0,1.785477753196084e+18,1.7854777538818716e+18,8357513999,9043301406,lane1:B2:s14->s13,98176190,1785477744808791856,1785477753166305855,1785477753852093262
55,lane1:B0:s11->s10,pp_message,backward,0,-1,11,1,177,161,11,10,-1,p2p,98176190,0,0,4712346,93463844,,,8395535579,8493711769,rank177:B0,0,1785477744808791856,1785477753204327435,1785477753302503625
55,rank161:B0,compute,backward,0,161,10,1,161,161,10,10,4,cooldown,686109776,686109776,0,0,0,1.7854777533240008e+18,1.7854777540101105e+18,8493711769,9179821545,lane1:B0:s11->s10,3933049863,1785477744808791856,1785477753302503625,1785477753988613401
55,lane1:B1:s12->s11,pp_message,backward,1,-1,12,1,193,177,12,11,-1,p2p,98176190,0,0,4712346,93463844,,,8723302985,8821479175,rank193:B1,0,1785477744808791856,1785477753532094841,1785477753630271031
55,rank177:B1,compute,backward,1,177,11,1,177,177,11,11,5,cooldown,683221945,683221945,0,0,0,1.7854777536531428e+18,1.7854777543363645e+18,8821479175,9504701120,lane1:B1:s12->s11,425943596,1785477744808791856,1785477753630271031,1785477754313492976
55,lane1:B3:s14->s13,pp_message,backward,3,-1,14,1,225,209,14,13,-1,p2p,98176190,0,0,4712346,93463844,,,9043301406,9141477596,rank225:B3,0,1785477744808791856,1785477753852093262,1785477753950269452
55,lane1:B2:s13->s12,pp_message,backward,2,-1,13,1,209,193,13,12,-1,p2p,98176190,0,0,4712346,93463844,,,9048158863,9146335053,rank209:B2,0,1785477744808791856,1785477753856950719,1785477753955126909
55,rank193:B2,compute,backward,2,193,12,1,193,193,12,12,6,cooldown,681388067,681388067,0,0,0,1.7854777539792648e+18,1.785477754660653e+18,9146335053,9827723120,lane1:B2:s13->s12,423032068,1785477744808791856,1785477753955126909,1785477754636514976
55,rank209:B3,compute,backward,3,209,13,1,209,209,13,13,7,cooldown,682171653,682171653,0,0,0,1.7854777539843348e+18,1.7854777546665065e+18,9146335053,9828506706,lane1:B2:s13->s12,98176190,1785477744808791856,1785477753955126909,1785477754637298562
55,lane1:B0:s10->s9,pp_message,backward,0,-1,10,1,161,145,10,9,-1,p2p,98176190,0,0,4712346,93463844,,,9179821545,9277997735,rank161:B0,0,1785477744808791856,1785477753988613401,1785477754086789591
55,rank145:B0,compute,backward,0,145,9,1,145,145,9,9,4,cooldown,702597554,702597554,0,0,0,1.7854777541090322e+18,1.7854777548116298e+18,9277997735,9980595289,lane1:B0:s10->s9,5032982804,1785477744808791856,1785477754086789591,1785477754789387145
55,lane1:B1:s11->s10,pp_message,backward,1,-1,11,1,177,161,11,10,-1,p2p,98176190,0,0,4712346,93463844,,,9504701120,9602877310,rank177:B1,0,1785477744808791856,1785477754313492976,1785477754411669166
55,rank161:B1,compute,backward,1,161,10,1,161,161,10,10,5,cooldown,678596953,678596953,0,0,0,1.7854777544344986e+18,1.7854777551130957e+18,9602877310,10281474263,lane1:B1:s11->s10,423055765,1785477744808791856,1785477754411669166,1785477755090266119
55,lane1:B2:s12->s11,pp_message,backward,2,-1,12,1,193,177,12,11,-1,p2p,98176190,0,0,4712346,93463844,,,9827723120,9925899310,rank193:B2,0,1785477744808791856,1785477754636514976,1785477754734691166
55,lane1:B3:s13->s12,pp_message,backward,3,-1,13,1,209,193,13,12,-1,p2p,98176190,0,0,4712346,93463844,,,9828506706,9926682896,rank209:B3,0,1785477744808791856,1785477754637298562,1785477754735474752
55,rank177:B2,compute,backward,2,177,11,1,177,177,11,11,6,cooldown,682249990,682249990,0,0,0,1.785477754760143e+18,1.785477755442393e+18,9925899310,10608149300,lane1:B2:s12->s11,421198190,1785477744808791856,1785477754734691166,1785477755416941156
55,rank193:B3,compute,backward,3,193,12,1,193,193,12,12,7,cooldown,678862501,678862501,0,0,0,1.785477754765246e+18,1.7854777554441085e+18,9926682896,10605545397,lane1:B3:s13->s12,98959776,1785477744808791856,1785477754735474752,1785477755414337253
55,lane1:B0:s9->s8,pp_message,backward,0,-1,9,1,145,129,9,8,-1,p2p,98176190,0,0,4712346,93463844,,,9980595289,10078771479,rank145:B0,0,1785477744808791856,1785477754789387145,1785477754887563335
55,rank129:B0,compute,backward,0,129,8,1,129,129,8,8,4,cooldown,688068377,688068377,0,0,0,1.7854777549120092e+18,1.7854777556000776e+18,10078771479,10766839856,lane1:B0:s9->s8,6157561822,1785477744808791856,1785477754887563335,1785477755575631712
55,lane1:B1:s10->s9,pp_message,backward,1,-1,10,1,161,145,10,9,-1,p2p,98176190,0,0,4712346,93463844,,,10281474263,10379650453,rank161:B1,0,1785477744808791856,1785477755090266119,1785477755188442309
55,rank145:B1,compute,backward,1,145,9,1,145,145,9,9,5,cooldown,697592883,697592883,0,0,0,1.7854777552120433e+18,1.785477755909636e+18,10379650453,11077243336,lane1:B1:s10->s9,399055164,1785477744808791856,1785477755188442309,1785477755886035192
55,lane1:B3:s12->s11,pp_message,backward,3,-1,12,1,193,177,12,11,-1,p2p,98176190,0,0,4712346,93463844,,,10605545397,10703721587,rank193:B3,0,1785477744808791856,1785477755414337253,1785477755512513443
55,lane1:B2:s11->s10,pp_message,backward,2,-1,11,1,177,161,11,10,-1,p2p,98176190,0,0,4712346,93463844,,,10608149300,10706325490,rank177:B2,0,1785477744808791856,1785477755416941156,1785477755515117346
55,rank161:B2,compute,backward,2,161,10,1,161,161,10,10,6,cooldown,679352949,679352949,0,0,0,1.7854777555398006e+18,1.7854777562191537e+18,10706325490,11385678439,lane1:B2:s11->s10,424851227,1785477744808791856,1785477755515117346,1785477756194470295
55,rank177:B3,compute,backward,3,177,11,1,177,177,11,11,7,cooldown,676475698,676475698,0,0,0,1.785477755545019e+18,1.7854777562214945e+18,10706325490,11382801188,lane1:B2:s11->s10,98176190,1785477744808791856,1785477755515117346,1785477756191593044
55,lane1:B0:s8->s7,pp_message,backward,0,-1,8,1,129,113,8,7,-1,p2p,98176190,0,0,4712346,93463844,,,10766839856,10865016046,rank129:B0,0,1785477744808791856,1785477755575631712,1785477755673807902
55,rank113:B0,compute,backward,0,113,7,1,113,113,7,7,4,cooldown,679968393,679968393,0,0,0,1.785477755698416e+18,1.7854777563783846e+18,10865016046,11544984439,lane1:B0:s8->s7,7259442874,1785477744808791856,1785477755673807902,1785477756353776295
55,lane1:B1:s9->s8,pp_message,backward,1,-1,9,1,145,129,9,8,-1,p2p,98176190,0,0,4712346,93463844,,,11077243336,11175419526,rank145:B1,0,1785477744808791856,1785477755886035192,1785477755984211382
55,rank129:B1,compute,backward,1,129,8,1,129,129,8,8,5,cooldown,694281416,694281416,0,0,0,1.7854777560086287e+18,1.7854777567029102e+18,11175419526,11869700942,lane1:B1:s9->s8,408579670,1785477744808791856,1785477755984211382,1785477756678492798
55,lane1:B3:s11->s10,pp_message,backward,3,-1,11,1,177,161,11,10,-1,p2p,98176190,0,0,4712346,93463844,,,11382801188,11480977378,rank177:B3,0,1785477744808791856,1785477756191593044,1785477756289769234
55,lane1:B2:s10->s9,pp_message,backward,2,-1,10,1,161,145,10,9,-1,p2p,98176190,0,0,4712346,93463844,,,11385678439,11483854629,rank161:B2,0,1785477744808791856,1785477756194470295,1785477756292646485
55,rank145:B2,compute,backward,2,145,9,1,145,145,9,9,6,cooldown,700253472,700253472,0,0,0,1.785477756317601e+18,1.7854777570178545e+18,11483854629,12184108101,lane1:B2:s10->s9,406611293,1785477744808791856,1785477756292646485,1785477756992899957
55,rank161:B3,compute,backward,3,161,10,1,161,161,10,10,7,cooldown,679372104,679372104,0,0,0,1.7854777563227653e+18,1.7854777570021373e+18,11483854629,12163226733,lane1:B2:s10->s9,98176190,1785477744808791856,1785477756292646485,1785477756972018589
55,lane1:B0:s7->s6,pp_message,backward,0,-1,7,1,113,97,7,6,-1,p2p,98176190,0,0,4712346,93463844,,,11544984439,11643160629,rank113:B0,0,1785477744808791856,1785477756353776295,1785477756451952485
55,rank97:B0,compute,backward,0,97,6,1,97,97,6,6,4,cooldown,701561042,701561042,0,0,0,1.7854777564781919e+18,1.785477757179753e+18,11643160629,12344721671,lane1:B0:s7->s6,8382944420,1785477744808791856,1785477756451952485,1785477757153513527
55,lane1:B1:s8->s7,pp_message,backward,1,-1,8,1,129,113,8,7,-1,p2p,98176190,0,0,4712346,93463844,,,11869700942,11967877132,rank129:B1,0,1785477744808791856,1785477756678492798,1785477756776668988
55,rank113:B1,compute,backward,1,113,7,1,113,113,7,7,5,cooldown,684251433,684251433,0,0,0,1.7854777568003802e+18,1.7854777574846316e+18,11967877132,12652128565,lane1:B1:s8->s7,422892693,1785477744808791856,1785477756776668988,1785477757460920421
55,lane1:B3:s10->s9,pp_message,backward,3,-1,10,1,161,145,10,9,-1,p2p,98176190,0,0,4712346,93463844,,,12163226733,12261402923,rank161:B3,0,1785477744808791856,1785477756972018589,1785477757070194779
55,lane1:B2:s9->s8,pp_message,backward,2,-1,9,1,145,129,9,8,-1,p2p,98176190,0,0,4712346,93463844,,,12184108101,12282284291,rank145:B2,0,1785477744808791856,1785477756992899957,1785477757091076147
55,rank129:B2,compute,backward,2,129,8,1,129,129,8,8,6,cooldown,690317498,690317498,0,0,0,1.785477757117114e+18,1.7854777578074317e+18,12282284291,12972601789,lane1:B2:s9->s8,412583349,1785477744808791856,1785477757091076147,1785477757781393645
55,rank145:B3,compute,backward,3,145,9,1,145,145,9,9,7,cooldown,697353593,697353593,0,0,0,1.7854777571221857e+18,1.7854777578195392e+18,12282284291,12979637884,lane1:B2:s9->s8,98176190,1785477744808791856,1785477757091076147,1785477757788429740
55,lane1:B0:s6->s5,pp_message,backward,0,-1,6,1,97,81,6,5,-1,p2p,98176190,0,0,4712346,93463844,,,12344721671,12442897861,rank97:B0,0,1785477744808791856,1785477757153513527,1785477757251689717
55,rank81:B0,compute,backward,0,81,5,1,81,81,5,5,4,cooldown,707210826,707210826,0,0,0,1.7854777572800788e+18,1.7854777579872899e+18,12442897861,13150108687,lane1:B0:s6->s5,9506377621,1785477744808791856,1785477757251689717,1785477757958900543
55,lane1:B1:s7->s6,pp_message,backward,1,-1,7,1,113,97,7,6,-1,p2p,98176190,0,0,4712346,93463844,,,12652128565,12750304755,rank113:B1,0,1785477744808791856,1785477757460920421,1785477757559096611
55,rank97:B1,compute,backward,1,97,6,1,97,97,6,6,5,cooldown,719954652,719954652,0,0,0,1.785477757583476e+18,1.7854777583034307e+18,12750304755,13470259407,lane1:B1:s7->s6,405583084,1785477744808791856,1785477757559096611,1785477758279051263
55,lane1:B2:s8->s7,pp_message,backward,2,-1,8,1,129,113,8,7,-1,p2p,98176190,0,0,4712346,93463844,,,12972601789,13070777979,rank129:B2,0,1785477744808791856,1785477757781393645,1785477757879569835
55,lane1:B3:s9->s8,pp_message,backward,3,-1,9,1,145,129,9,8,-1,p2p,98176190,0,0,4712346,93463844,,,12979637884,13077814074,rank145:B3,0,1785477744808791856,1785477757788429740,1785477757886605930
55,rank113:B2,compute,backward,2,113,7,1,113,113,7,7,6,cooldown,683276075,683276075,0,0,0,1.7854777579050158e+18,1.7854777585882918e+18,13070777979,13754054054,lane1:B2:s8->s7,418649414,1785477744808791856,1785477757879569835,1785477758562845910
55,rank129:B3,compute,backward,3,129,8,1,129,129,8,8,7,cooldown,681871517,681871517,0,0,0,1.785477757918388e+18,1.7854777586002596e+18,13077814074,13759685591,lane1:B3:s9->s8,105212285,1785477744808791856,1785477757886605930,1785477758568477447
55,lane1:B0:s5->s4,pp_message,backward,0,-1,5,1,81,65,5,4,-1,p2p,98176190,0,0,4712346,93463844,,,13150108687,13248284877,rank81:B0,0,1785477744808791856,1785477757958900543,1785477758057076733
55,rank65:B0,compute,backward,0,65,4,1,65,65,4,4,4,cooldown,698965662,698965662,0,0,0,1.7854777580860357e+18,1.7854777587850012e+18,13248284877,13947250539,lane1:B0:s5->s4,10647420015,1785477744808791856,1785477758057076733,1785477758756042395
55,lane1:B1:s6->s5,pp_message,backward,1,-1,6,1,97,81,6,5,-1,p2p,98176190,0,0,4712346,93463844,,,13470259407,13568435597,rank97:B1,0,1785477744808791856,1785477758279051263,1785477758377227453
55,rank81:B1,compute,backward,1,81,5,1,81,81,5,5,5,cooldown,704259869,704259869,0,0,0,1.785477758402722e+18,1.785477759106982e+18,13568435597,14272695466,lane1:B1:s6->s5,418326910,1785477744808791856,1785477758377227453,1785477759081487322
55,lane1:B2:s7->s6,pp_message,backward,2,-1,7,1,113,97,7,6,-1,p2p,98176190,0,0,4712346,93463844,,,13754054054,13852230244,rank113:B2,0,1785477744808791856,1785477758562845910,1785477758661022100
55,lane1:B3:s8->s7,pp_message,backward,3,-1,8,1,129,113,8,7,-1,p2p,98176190,0,0,4712346,93463844,,,13759685591,13857861781,rank129:B3,0,1785477744808791856,1785477758568477447,1785477758666653637
55,rank97:B2,compute,backward,2,97,6,1,97,97,6,6,6,cooldown,695166219,695166219,0,0,0,1.7854777586865992e+18,1.7854777593817654e+18,13852230244,14547396463,lane1:B2:s7->s6,381970837,1785477744808791856,1785477758661022100,1785477759356188319
55,rank113:B3,compute,backward,3,113,7,1,113,113,7,7,7,cooldown,679887307,679887307,0,0,0,1.785477758697596e+18,1.7854777593774833e+18,13857861781,14537749088,lane1:B3:s8->s7,103807727,1785477744808791856,1785477758666653637,1785477759346540944
55,lane1:B0:s4->s3,pp_message,backward,0,-1,4,1,65,49,4,3,-1,p2p,98176190,0,0,4712346,93463844,,,13947250539,14045426729,rank65:B0,0,1785477744808791856,1785477758756042395,1785477758854218585
55,rank49:B0,compute,backward,0,49,3,1,49,49,3,3,4,cooldown,709627154,709627154,0,0,0,1.7854777588836165e+18,1.7854777595932436e+18,14045426729,14755053883,lane1:B0:s4->s3,11762649665,1785477744808791856,1785477758854218585,1785477759563845739
55,lane1:B1:s5->s4,pp_message,backward,1,-1,5,1,81,65,5,4,-1,p2p,98176190,0,0,4712346,93463844,,,14272695466,14370871656,rank81:B1,0,1785477744808791856,1785477759081487322,1785477759179663512
55,rank65:B1,compute,backward,1,65,4,1,65,65,4,4,5,cooldown,697965310,697965310,0,0,0,1.7854777592057068e+18,1.785477759903672e+18,14370871656,15068836966,lane1:B1:s5->s4,423621117,1785477744808791856,1785477759179663512,1785477759877628822
55,lane1:B3:s7->s6,pp_message,backward,3,-1,7,1,113,97,7,6,-1,p2p,98176190,0,0,4712346,93463844,,,14537749088,14635925278,rank113:B3,0,1785477744808791856,1785477759346540944,1785477759444717134
55,lane1:B2:s6->s5,pp_message,backward,2,-1,6,1,97,81,6,5,-1,p2p,98176190,0,0,4712346,93463844,,,14547396463,14645572653,rank97:B2,0,1785477744808791856,1785477759356188319,1785477759454364509
55,rank81:B2,compute,backward,2,81,5,1,81,81,5,5,6,cooldown,711044286,711044286,0,0,0,1.7854777594813128e+18,1.785477760192357e+18,14645572653,15356616939,lane1:B2:s6->s5,372877187,1785477744808791856,1785477759454364509,1785477760165408795
55,rank97:B3,compute,backward,3,97,6,1,97,97,6,6,7,cooldown,689402654,689402654,0,0,0,1.7854777594863142e+18,1.7854777601757169e+18,14645572653,15334975307,lane1:B2:s6->s5,98176190,1785477744808791856,1785477759454364509,1785477760143767163
55,lane1:B0:s3->s2,pp_message,backward,0,-1,3,1,49,33,3,2,-1,p2p,98176190,0,0,4712346,93463844,,,14755053883,14853230073,rank49:B0,0,1785477744808791856,1785477759563845739,1785477759662021929
55,rank33:B0,compute,backward,0,33,2,1,33,33,2,2,4,cooldown,714710164,714710164,0,0,0,1.7854777596925153e+18,1.7854777604072256e+18,14853230073,15567940237,lane1:B0:s3->s2,12909045767,1785477744808791856,1785477759662021929,1785477760376732093
55,lane1:B1:s4->s3,pp_message,backward,1,-1,4,1,65,49,4,3,-1,p2p,98176190,0,0,4712346,93463844,,,15068836966,15167013156,rank65:B1,0,1785477744808791856,1785477759877628822,1785477759975805012
55,rank49:B1,compute,backward,1,49,3,1,49,49,3,3,5,cooldown,703394040,703394040,0,0,0,1.7854777600036751e+18,1.7854777607070692e+18,15167013156,15870407196,lane1:B1:s4->s3,411959273,1785477744808791856,1785477759975805012,1785477760679199052
55,lane1:B3:s6->s5,pp_message,backward,3,-1,6,1,97,81,6,5,-1,p2p,98176190,0,0,4712346,93463844,,,15334975307,15433151497,rank97:B3,0,1785477744808791856,1785477760143767163,1785477760241943353
55,lane1:B2:s5->s4,pp_message,backward,2,-1,5,1,81,65,5,4,-1,p2p,98176190,0,0,4712346,93463844,,,15356616939,15454793129,rank81:B2,0,1785477744808791856,1785477760165408795,1785477760263584985
55,rank65:B2,compute,backward,2,65,4,1,65,65,4,4,6,cooldown,693616489,693616489,0,0,0,1.78547776029069e+18,1.7854777609843064e+18,15454793129,16148409618,lane1:B2:s5->s4,385956163,1785477744808791856,1785477760263584985,1785477760957201474
55,rank81:B3,compute,backward,3,81,5,1,81,81,5,5,7,cooldown,685934010,685934010,0,0,0,1.785477760295848e+18,1.785477760981782e+18,15454793129,16140727139,lane1:B2:s5->s4,98176190,1785477744808791856,1785477760263584985,1785477760949518995
55,lane1:B0:s2->s1,pp_message,backward,0,-1,2,1,33,17,2,1,-1,p2p,98176190,0,0,4712346,93463844,,,15567940237,15666116427,rank33:B0,0,1785477744808791856,1785477760376732093,1785477760474908283
55,rank17:B0,compute,backward,0,17,1,1,17,17,1,1,4,cooldown,724048595,724048595,0,0,0,1.7854777605058747e+18,1.7854777612299233e+18,15666116427,16390165022,lane1:B0:s2->s1,14184971487,1785477744808791856,1785477760474908283,1785477761198956878
55,lane1:B1:s3->s2,pp_message,backward,1,-1,3,1,49,33,3,2,-1,p2p,98176190,0,0,4712346,93463844,,,15870407196,15968583386,rank49:B1,0,1785477744808791856,1785477760679199052,1785477760777375242
55,rank33:B1,compute,backward,1,33,2,1,33,33,2,2,5,cooldown,708560055,708560055,0,0,0,1.78547776080599e+18,1.7854777615145498e+18,15968583386,16677143441,lane1:B1:s3->s2,400643149,1785477744808791856,1785477760777375242,1785477761485935297
55,lane1:B3:s5->s4,pp_message,backward,3,-1,5,1,81,65,5,4,-1,p2p,98176190,0,0,4712346,93463844,,,16140727139,16238903329,rank81:B3,0,1785477744808791856,1785477760949518995,1785477761047695185
55,lane1:B2:s4->s3,pp_message,backward,2,-1,4,1,65,49,4,3,-1,p2p,98176190,0,0,4712346,93463844,,,16148409618,16246585808,rank65:B2,0,1785477744808791856,1785477760957201474,1785477761055377664
55,rank49:B2,compute,backward,2,49,3,1,49,49,3,3,6,cooldown,723820297,723820297,0,0,0,1.7854777610839007e+18,1.785477761807721e+18,16246585808,16970406105,lane1:B2:s4->s3,376178612,1785477744808791856,1785477761055377664,1785477761779197961
55,rank65:B3,compute,backward,3,65,4,1,65,65,4,4,7,cooldown,694805746,694805746,0,0,0,1.7854777610889188e+18,1.7854777617837245e+18,16246585808,16941391554,lane1:B2:s4->s3,98176190,1785477744808791856,1785477761055377664,1785477761750183410
55,lane1:B0:s1->s0,pp_message,backward,0,-1,1,1,17,1,1,0,-1,p2p,98176190,0,0,4712346,93463844,,,16390165022,16488341212,rank17:B0,0,1785477744808791856,1785477761198956878,1785477761297133068
55,rank1:B0,compute,backward,0,1,0,1,1,1,0,0,4,cooldown,413854894,413854894,0,0,0,1.785477761329242e+18,1.785477761743097e+18,16488341212,16902196106,lane1:B0:s1->s0,15836560574,1785477744808791856,1785477761297133068,1785477761710987962
55,lane1:B1:s2->s1,pp_message,backward,1,-1,2,1,33,17,2,1,-1,p2p,98176190,0,0,4712346,93463844,,,16677143441,16775319631,rank33:B1,0,1785477744808791856,1785477761485935297,1785477761584111487
55,rank17:B1,compute,backward,1,17,1,1,17,17,1,1,5,cooldown,726441422,726441422,0,0,0,1.7854777616128796e+18,1.785477762339321e+18,16775319631,17501761053,lane1:B1:s2->s1,385154609,1785477744808791856,1785477761584111487,1785477762310552909
55,lane1:B3:s4->s3,pp_message,backward,3,-1,4,1,65,49,4,3,-1,p2p,98176190,0,0,4712346,93463844,,,16941391554,17039567744,rank65:B3,0,1785477744808791856,1785477761750183410,1785477761848359600
55,lane1:B2:s3->s2,pp_message,backward,2,-1,3,1,49,33,3,2,-1,p2p,98176190,0,0,4712346,93463844,,,16970406105,17068582295,rank49:B2,0,1785477744808791856,1785477761779197961,1785477761877374151
55,rank33:B2,compute,backward,2,33,2,1,33,33,2,2,6,cooldown,708788739,708788739,0,0,0,1.7854777619053778e+18,1.7854777626141665e+18,17068582295,17777371034,lane1:B2:s3->s2,391438854,1785477744808791856,1785477761877374151,1785477762586162890
55,rank49:B3,compute,backward,3,49,3,1,49,49,3,3,7,cooldown,718006043,718006043,0,0,0,1.7854777619107325e+18,1.7854777626287386e+18,17068582295,17786588338,lane1:B2:s3->s2,98176190,1785477744808791856,1785477761877374151,1785477762595380194
55,lane1:B1:s1->s0,pp_message,backward,1,-1,1,1,17,1,1,0,-1,p2p,98176190,0,0,4712346,93463844,,,17501761053,17599937243,rank17:B1,0,1785477744808791856,1785477762310552909,1785477762408729099
55,rank1:B1,compute,backward,1,1,0,1,1,1,0,0,5,cooldown,409464192,409464192,0,0,0,1.7854777624367565e+18,1.7854777628462205e+18,17599937243,18009401435,lane1:B1:s1->s0,697741137,1785477744808791856,1785477762408729099,1785477762818193291
55,lane1:B2:s2->s1,pp_message,backward,2,-1,2,1,33,17,2,1,-1,p2p,98176190,0,0,4712346,93463844,,,17777371034,17875547224,rank33:B2,0,1785477744808791856,1785477762586162890,1785477762684339080
55,lane1:B3:s3->s2,pp_message,backward,3,-1,3,1,49,33,3,2,-1,p2p,98176190,0,0,4712346,93463844,,,17786588338,17884764528,rank49:B3,0,1785477744808791856,1785477762595380194,1785477762693556384
55,rank17:B2,compute,backward,2,17,1,1,17,17,1,1,6,cooldown,729085062,729085062,0,0,0,1.7854777627128996e+18,1.7854777634419845e+18,17875547224,18604632286,lane1:B2:s2->s1,373786171,1785477744808791856,1785477762684339080,1785477763413424142
55,rank33:B3,compute,backward,3,33,2,1,33,33,2,2,7,cooldown,702320883,702320883,0,0,0,1.7854777627270792e+18,1.7854777634293998e+18,17884764528,18587085411,lane1:B3:s3->s2,107393494,1785477744808791856,1785477762693556384,1785477763395877267
55,lane1:B3:s2->s1,pp_message,backward,3,-1,2,1,33,17,2,1,-1,p2p,98176190,0,0,4712346,93463844,,,18587085411,18685261601,rank33:B3,0,1785477744808791856,1785477763395877267,1785477763494053457
55,lane1:B2:s1->s0,pp_message,backward,2,-1,1,1,17,1,1,0,-1,p2p,98176190,0,0,4712346,93463844,,,18604632286,18702808476,rank17:B2,0,1785477744808791856,1785477763413424142,1785477763511600332
55,rank17:B3,compute,backward,3,17,1,1,17,17,1,1,7,cooldown,723555469,723555469,0,0,0,1.7854777635457393e+18,1.7854777642692948e+18,18702808476,19426363945,lane1:B2:s1->s0,98176190,1785477744808791856,1785477763511600332,1785477764235155801
55,rank1:B2,compute,backward,2,1,0,1,1,1,0,0,6,cooldown,409387874,409387874,0,0,0,1.7854777635404564e+18,1.7854777639498445e+18,18702808476,19112196350,lane1:B2:s1->s0,693407041,1785477744808791856,1785477763511600332,1785477763920988206
55,lane1:B3:s1->s0,pp_message,backward,3,-1,1,1,17,1,1,0,-1,p2p,98176190,0,0,4712346,93463844,,,19426363945,19524540135,rank17:B3,0,1785477744808791856,1785477764235155801,1785477764333331991
55,rank1:B3,compute,backward,3,1,0,1,1,1,0,0,7,cooldown,406014186,406014186,0,0,0,1.7854777643671956e+18,1.7854777647732096e+18,19524540135,19930554321,lane1:B3:s1->s0,412343785,1785477744808791856,1785477764333331991,1785477764739346177
55,rank2:F0,compute,forward,0,2,0,2,2,2,0,0,0,warmup,163118531,163118531,0,0,0,1.7854777448082248e+18,1.7854777449713434e+18,0,163118531,,0,1785477744808224865,1785477744808224865,1785477744971343396
55,lane2:F0:s0->s1,pp_message,forward,0,-1,0,2,2,18,0,1,-1,p2p,4712346,0,0,4712346,0,,,163118531,167830877,rank2:F0,0,1785477744808224865,1785477744971343396,1785477744976055742
55,rank18:F0,compute,forward,0,18,1,2,18,18,1,1,0,warmup,325901113,325901113,0,0,0,1.785477744976305e+18,1.7854777453022062e+18,167830877,493731990,lane2:F0:s0->s1,167830877,1785477744808224865,1785477744976055742,1785477745301956855
55,rank2:F1,compute,forward,1,2,0,2,2,2,0,0,1,warmup,158527119,158527119,0,0,0,1.785477744976422e+18,1.7854777451349489e+18,167830877,326357996,lane2:F0:s0->s1,4712346,1785477744808224865,1785477744976055742,1785477745134582861
55,lane2:F1:s0->s1,pp_message,forward,1,-1,0,2,2,18,0,1,-1,p2p,4712346,0,0,4712346,0,,,326357996,331070342,rank2:F1,0,1785477744808224865,1785477745134582861,1785477745139295207
55,rank2:F2,compute,forward,2,2,0,2,2,2,0,0,2,warmup,158421699,158421699,0,0,0,1.7854777453127542e+18,1.785477745471176e+18,331070342,489492041,lane2:F1:s0->s1,4712346,1785477744808224865,1785477745139295207,1785477745297716906
55,lane2:F2:s0->s1,pp_message,forward,2,-1,0,2,2,18,0,1,-1,p2p,4712346,0,0,4712346,0,,,489492041,494204387,rank2:F2,0,1785477744808224865,1785477745297716906,1785477745302429252
55,lane2:F0:s1->s2,pp_message,forward,0,-1,1,2,18,34,1,2,-1,p2p,4712346,0,0,4712346,0,,,493731990,498444336,rank18:F0,0,1785477744808224865,1785477745301956855,1785477745306669201
55,rank2:F3,compute,forward,3,2,0,2,2,2,0,0,3,warmup,157952847,157952847,0,0,0,1.7854777456495764e+18,1.7854777458075295e+18,494204387,652157234,lane2:F2:s0->s1,4712346,1785477744808224865,1785477745302429252,1785477745460382099
55,rank18:F1,compute,forward,1,18,1,2,18,18,1,1,1,warmup,326703595,326703595,0,0,0,1.7854777453124424e+18,1.785477745639146e+18,498444336,825147931,lane2:F0:s1->s2,4712346,1785477744808224865,1785477745306669201,1785477745633372796
55,rank34:F0,compute,forward,0,34,2,2,34,34,2,2,0,warmup,321107652,321107652,0,0,0,1.7854777453074304e+18,1.785477745628538e+18,498444336,819551988,lane2:F0:s1->s2,498444336,1785477744808224865,1785477745306669201,1785477745627776853
55,lane2:F3:s0->s1,pp_message,forward,3,-1,0,2,2,18,0,1,-1,p2p,4712346,0,0,4712346,0,,,652157234,656869580,rank2:F3,0,1785477744808224865,1785477745460382099,1785477745465094445
55,lane2:F0:s2->s3,pp_message,forward,0,-1,2,2,34,50,2,3,-1,p2p,4712346,0,0,4712346,0,,,819551988,824264334,rank34:F0,0,1785477744808224865,1785477745627776853,1785477745632489199
55,rank50:F0,compute,forward,0,50,3,2,50,50,3,3,0,warmup,317460192,317460192,0,0,0,1.7854777456337114e+18,1.7854777459511716e+18,824264334,1141724526,lane2:F0:s2->s3,824264334,1785477744808224865,1785477745632489199,1785477745949949391
55,lane2:F1:s1->s2,pp_message,forward,1,-1,1,2,18,34,1,2,-1,p2p,4712346,0,0,4712346,0,,,825147931,829860277,rank18:F1,0,1785477744808224865,1785477745633372796,1785477745638085142
55,rank18:F2,compute,forward,2,18,1,2,18,18,1,1,2,warmup,324788121,324788121,0,0,0,1.785477745649376e+18,1.785477745974164e+18,829860277,1154648398,lane2:F1:s1->s2,4712346,1785477744808224865,1785477745638085142,1785477745962873263
55,rank34:F1,compute,forward,1,34,2,2,34,34,2,2,1,warmup,322529796,322529796,0,0,0,1.7854777456443064e+18,1.7854777459668362e+18,829860277,1152390073,lane2:F1:s1->s2,10308289,1785477744808224865,1785477745638085142,1785477745960614938
55,lane2:F0:s3->s4,pp_message,forward,0,-1,3,2,50,66,3,4,-1,p2p,4712346,0,0,4712346,0,,,1141724526,1146436872,rank50:F0,0,1785477744808224865,1785477745949949391,1785477745954661737
55,rank66:F0,compute,forward,0,66,4,2,66,66,4,4,0,warmup,335369318,335369318,0,0,0,1.785477745956573e+18,1.7854777462919421e+18,1146436872,1481806190,lane2:F0:s3->s4,1146436872,1785477744808224865,1785477745954661737,1785477746290031055
55,lane2:F1:s2->s3,pp_message,forward,1,-1,2,2,34,50,2,3,-1,p2p,4712346,0,0,4712346,0,,,1152390073,1157102419,rank34:F1,0,1785477744808224865,1785477745960614938,1785477745965327284
55,lane2:F2:s1->s2,pp_message,forward,2,-1,1,2,18,34,1,2,-1,p2p,4712346,0,0,4712346,0,,,1154648398,1159360744,rank18:F2,0,1785477744808224865,1785477745962873263,1785477745967585609
55,rank50:F1,compute,forward,1,50,3,2,50,50,3,3,1,warmup,314470751,314470751,0,0,0,1.7854777459718758e+18,1.7854777462863468e+18,1157102419,1471573170,lane2:F1:s2->s3,15377893,1785477744808224865,1785477745965327284,1785477746279798035
55,rank18:F3,compute,forward,3,18,1,2,18,18,1,1,3,warmup,322328151,322328151,0,0,0,1.7854777459843927e+18,1.785477746306721e+18,1159360744,1481688895,lane2:F2:s1->s2,4712346,1785477744808224865,1785477745967585609,1785477746289913760
55,rank34:F2,compute,forward,2,34,2,2,34,34,2,2,2,warmup,462902700,462902700,0,0,0,1.7854777459794435e+18,1.785477746442346e+18,1159360744,1622263444,lane2:F2:s1->s2,6970671,1785477744808224865,1785477745967585609,1785477746430488309
55,lane2:F1:s3->s4,pp_message,forward,1,-1,3,2,50,66,3,4,-1,p2p,4712346,0,0,4712346,0,,,1471573170,1476285516,rank50:F1,0,1785477744808224865,1785477746279798035,1785477746284510381
55,lane2:F3:s1->s2,pp_message,forward,3,-1,1,2,18,34,1,2,-1,p2p,4712346,0,0,4712346,0,,,1481688895,1486401241,rank18:F3,0,1785477744808224865,1785477746289913760,1785477746294626106
55,lane2:F0:s4->s5,pp_message,forward,0,-1,4,2,66,82,4,5,-1,p2p,4712346,0,0,4712346,0,,,1481806190,1486518536,rank66:F0,0,1785477744808224865,1785477746290031055,1785477746294743401
55,rank66:F1,compute,forward,1,66,4,2,66,66,4,4,1,warmup,317350065,317350065,0,0,0,1.7854777463022807e+18,1.7854777466196308e+18,1486518536,1803868601,lane2:F0:s4->s5,4712346,1785477744808224865,1785477746294743401,1785477746612093466
55,rank82:F0,compute,forward,0,82,5,2,82,82,5,5,0,warmup,315015610,315015610,0,0,0,1.7854777462973606e+18,1.7854777466123763e+18,1486518536,1801534146,lane2:F0:s4->s5,1486518536,1785477744808224865,1785477746294743401,1785477746609759011
55,lane2:F2:s2->s3,pp_message,forward,2,-1,2,2,34,50,2,3,-1,p2p,4712346,0,0,4712346,0,,,1622263444,1626975790,rank34:F2,0,1785477744808224865,1785477746430488309,1785477746435200655
55,rank34:F3,compute,forward,3,34,2,2,34,34,2,2,3,warmup,317353091,317353091,0,0,0,1.7854777464526106e+18,1.7854777467699638e+18,1626975790,1944328881,lane2:F2:s2->s3,4712346,1785477744808224865,1785477746435200655,1785477746752553746
55,rank50:F2,compute,forward,2,50,3,2,50,50,3,3,2,warmup,315382705,315382705,0,0,0,1.7854777464473597e+18,1.7854777467627425e+18,1626975790,1942358495,lane2:F2:s2->s3,155402620,1785477744808224865,1785477746435200655,1785477746750583360
55,lane2:F0:s5->s6,pp_message,forward,0,-1,5,2,82,98,5,6,-1,p2p,4712346,0,0,4712346,0,,,1801534146,1806246492,rank82:F0,0,1785477744808224865,1785477746609759011,1785477746614471357
55,lane2:F1:s4->s5,pp_message,forward,1,-1,4,2,66,82,4,5,-1,p2p,4712346,0,0,4712346,0,,,1803868601,1808580947,rank66:F1,0,1785477744808224865,1785477746612093466,1785477746616805812
55,rank98:F0,compute,forward,0,98,6,2,98,98,6,6,0,warmup,318012569,318012569,0,0,0,1.785477746617926e+18,1.7854777469359383e+18,1806246492,2124259061,lane2:F0:s5->s6,1806246492,1785477744808224865,1785477746614471357,1785477746932483926
55,rank82:F1,compute,forward,1,82,5,2,82,82,5,5,1,warmup,312819209,312819209,0,0,0,1.7854777466247025e+18,1.7854777469375217e+18,1808580947,2121400156,lane2:F1:s4->s5,7046801,1785477744808224865,1785477746616805812,1785477746929625021
55,lane2:F2:s3->s4,pp_message,forward,2,-1,3,2,50,66,3,4,-1,p2p,4712346,0,0,4712346,0,,,1942358495,1947070841,rank50:F2,0,1785477744808224865,1785477746750583360,1785477746755295706
55,lane2:F3:s2->s3,pp_message,forward,3,-1,2,2,34,50,2,3,-1,p2p,4712346,0,0,4712346,0,,,1944328881,1949041227,rank34:F3,0,1785477744808224865,1785477746752553746,1785477746757266092
55,rank66:F2,compute,forward,2,66,4,2,66,66,4,4,2,warmup,315704777,315704777,0,0,0,1.7854777467682373e+18,1.7854777470839421e+18,1947070841,2262775618,lane2:F2:s3->s4,143202240,1785477744808224865,1785477746755295706,1785477747071000483
55,rank50:F3,compute,forward,3,50,3,2,50,50,3,3,3,warmup,334179539,334179539,0,0,0,1.785477746774997e+18,1.7854777471091766e+18,1949041227,2283220766,lane2:F3:s2->s3,6682732,1785477744808224865,1785477746757266092,1785477747091445631
55,lane2:F1:s5->s6,pp_message,forward,1,-1,5,2,82,98,5,6,-1,p2p,4712346,0,0,4712346,0,,,2121400156,2126112502,rank82:F1,0,1785477744808224865,1785477746929625021,1785477746934337367
55,lane2:F0:s6->s7,pp_message,forward,0,-1,6,2,98,114,6,7,-1,p2p,4712346,0,0,4712346,0,,,2124259061,2128971407,rank98:F0,0,1785477744808224865,1785477746932483926,1785477746937196272
55,rank114:F0,compute,forward,0,114,7,2,114,114,7,7,0,warmup,316957327,316957327,0,0,0,1.785477746941498e+18,1.7854777472584556e+18,2128971407,2445928734,lane2:F0:s6->s7,2128971407,1785477744808224865,1785477746937196272,1785477747254153599
55,rank98:F1,compute,forward,1,98,6,2,98,98,6,6,1,warmup,316772110,316772110,0,0,0,1.7854777469464358e+18,1.785477747263208e+18,2128971407,2445743517,lane2:F0:s6->s7,4712346,1785477744808224865,1785477746937196272,1785477747253968382
55,lane2:F2:s4->s5,pp_message,forward,2,-1,4,2,66,82,4,5,-1,p2p,4712346,0,0,4712346,0,,,2262775618,2267487964,rank66:F2,0,1785477744808224865,1785477747071000483,1785477747075712829
55,rank82:F2,compute,forward,2,82,5,2,82,82,5,5,2,warmup,352554324,352554324,0,0,0,1.7854777470890824e+18,1.7854777474416366e+18,2267487964,2620042288,lane2:F2:s4->s5,146087808,1785477744808224865,1785477747075712829,1785477747428267153
55,lane2:F3:s3->s4,pp_message,forward,3,-1,3,2,50,66,3,4,-1,p2p,4712346,0,0,4712346,0,,,2283220766,2287933112,rank50:F3,0,1785477744808224865,1785477747091445631,1785477747096157977
55,rank66:F3,compute,forward,3,66,4,2,66,66,4,4,3,warmup,313287854,313287854,0,0,0,1.7854777471144666e+18,1.7854777474277542e+18,2287933112,2601220966,lane2:F3:s3->s4,25157494,1785477744808224865,1785477747096157977,1785477747409445831
55,lane2:F1:s6->s7,pp_message,forward,1,-1,6,2,98,114,6,7,-1,p2p,4712346,0,0,4712346,0,,,2445743517,2450455863,rank98:F1,0,1785477744808224865,1785477747253968382,1785477747258680728
55,lane2:F0:s7->s8,pp_message,forward,0,-1,7,2,114,130,7,8,-1,p2p,4712346,0,0,4712346,0,,,2445928734,2450641080,rank114:F0,0,1785477744808224865,1785477747254153599,1785477747258865945
55,rank114:F1,compute,forward,1,114,7,2,114,114,7,7,1,warmup,312590228,312590228,0,0,0,1.7854777472686223e+18,1.7854777475812124e+18,2450641080,2763231308,lane2:F0:s7->s8,4712346,1785477744808224865,1785477747258865945,1785477747571456173
55,rank130:F0,compute,forward,0,130,8,2,130,130,8,8,0,warmup,313471151,313471151,0,0,0,1.7854777472638308e+18,1.785477747577302e+18,2450641080,2764112231,lane2:F0:s7->s8,2450641080,1785477744808224865,1785477747258865945,1785477747572337096
55,lane2:F3:s4->s5,pp_message,forward,3,-1,4,2,66,82,4,5,-1,p2p,4712346,0,0,4712346,0,,,2601220966,2605933312,rank66:F3,0,1785477744808224865,1785477747409445831,1785477747414158177
55,lane2:F2:s5->s6,pp_message,forward,2,-1,5,2,82,98,5,6,-1,p2p,4712346,0,0,4712346,0,,,2620042288,2624754634,rank82:F2,0,1785477744808224865,1785477747428267153,1785477747432979499
55,rank82:F3,compute,forward,3,82,5,2,82,82,5,5,3,warmup,312226432,312226432,0,0,0,1.7854777474519493e+18,1.785477747764176e+18,2624754634,2936981066,lane2:F2:s5->s6,4712346,1785477744808224865,1785477747432979499,1785477747745205931
55,rank98:F2,compute,forward,2,98,6,2,98,98,6,6,2,warmup,315976475,315976475,0,0,0,1.7854777474469637e+18,1.7854777477629402e+18,2624754634,2940731109,lane2:F2:s5->s6,179011117,1785477744808224865,1785477747432979499,1785477747748955974
55,lane2:F1:s7->s8,pp_message,forward,1,-1,7,2,114,130,7,8,-1,p2p,4712346,0,0,4712346,0,,,2763231308,2767943654,rank114:F1,0,1785477744808224865,1785477747571456173,1785477747576168519
55,lane2:F0:s8->s9,pp_message,forward,0,-1,8,2,130,146,8,9,-1,p2p,4712346,0,0,4712346,0,,,2764112231,2768824577,rank130:F0,0,1785477744808224865,1785477747572337096,1785477747577049442
55,rank130:F1,compute,forward,1,130,8,2,130,130,8,8,1,warmup,311015296,311015296,0,0,0,1.7854777475876293e+18,1.7854777478986447e+18,2768824577,3079839873,lane2:F0:s8->s9,4712346,1785477744808224865,1785477747577049442,1785477747888064738
55,rank146:F0,compute,forward,0,146,9,2,146,146,9,9,0,warmup,320467575,320467575,0,0,0,1.7854777475826714e+18,1.7854777479031388e+18,2768824577,3089292152,lane2:F0:s8->s9,2768824577,1785477744808224865,1785477747577049442,1785477747897517017
55,lane2:F3:s5->s6,pp_message,forward,3,-1,5,2,82,98,5,6,-1,p2p,4712346,0,0,4712346,0,,,2936981066,2941693412,rank82:F3,0,1785477744808224865,1785477747745205931,1785477747749918277
55,lane2:F2:s6->s7,pp_message,forward,2,-1,6,2,98,114,6,7,-1,p2p,4712346,0,0,4712346,0,,,2940731109,2945443455,rank98:F2,0,1785477744808224865,1785477747748955974,1785477747753668320
55,rank114:F2,compute,forward,2,114,7,2,114,114,7,7,2,warmup,310685180,310685180,0,0,0,1.7854777477682086e+18,1.7854777480788938e+18,2945443455,3256128635,lane2:F2:s6->s7,182212147,1785477744808224865,1785477747753668320,1785477748064353500
55,rank98:F3,compute,forward,3,98,6,2,98,98,6,6,3,warmup,315391525,315391525,0,0,0,1.785477747773344e+18,1.7854777480887355e+18,2945443455,3260834980,lane2:F2:s6->s7,4712346,1785477744808224865,1785477747753668320,1785477748069059845
55,lane2:F1:s8->s9,pp_message,forward,1,-1,8,2,130,146,8,9,-1,p2p,4712346,0,0,4712346,0,,,3079839873,3084552219,rank130:F1,0,1785477744808224865,1785477747888064738,1785477747892777084
55,lane2:F0:s9->s10,pp_message,forward,0,-1,9,2,146,162,9,10,-1,p2p,4712346,0,0,4712346,0,,,3089292152,3094004498,rank146:F0,0,1785477744808224865,1785477747897517017,1785477747902229363
55,rank146:F1,compute,forward,1,146,9,2,146,146,9,9,1,warmup,318503349,318503349,0,0,0,1.7854777479134444e+18,1.7854777482319475e+18,3094004498,3412507847,lane2:F0:s9->s10,4712346,1785477744808224865,1785477747902229363,1785477748220732712
55,rank162:F0,compute,forward,0,162,10,2,162,162,10,10,0,warmup,320453736,320453736,0,0,0,1.7854777479088584e+18,1.785477748229312e+18,3094004498,3414458234,lane2:F0:s9->s10,3094004498,1785477744808224865,1785477747902229363,1785477748222683099
55,lane2:F2:s7->s8,pp_message,forward,2,-1,7,2,114,130,7,8,-1,p2p,4712346,0,0,4712346,0,,,3256128635,3260840981,rank114:F2,0,1785477744808224865,1785477748064353500,1785477748069065846
55,lane2:F3:s6->s7,pp_message,forward,3,-1,6,2,98,114,6,7,-1,p2p,4712346,0,0,4712346,0,,,3260834980,3265547326,rank98:F3,0,1785477744808224865,1785477748069059845,1785477748073772191
55,rank130:F2,compute,forward,2,130,8,2,130,130,8,8,2,warmup,311399450,311399450,0,0,0,1.7854777480839352e+18,1.785477748395335e+18,3260840981,3572240431,lane2:F2:s7->s8,181001108,1785477744808224865,1785477748069065846,1785477748380465296
55,rank114:F3,compute,forward,3,114,7,2,114,114,7,7,3,warmup,340419731,340419731,0,0,0,1.7854777480940058e+18,1.7854777484344253e+18,3265547326,3605967057,lane2:F3:s6->s7,9418691,1785477744808224865,1785477748073772191,1785477748414191922
55,lane2:F1:s9->s10,pp_message,forward,1,-1,9,2,146,162,9,10,-1,p2p,4712346,0,0,4712346,0,,,3412507847,3417220193,rank146:F1,0,1785477744808224865,1785477748220732712,1785477748225445058
55,lane2:F0:s10->s11,pp_message,forward,0,-1,10,2,162,178,10,11,-1,p2p,4712346,0,0,4712346,0,,,3414458234,3419170580,rank162:F0,0,1785477744808224865,1785477748222683099,1785477748227395445
55,rank162:F1,compute,forward,1,162,10,2,162,162,10,10,1,warmup,324912058,324912058,0,0,0,1.7854777482394092e+18,1.7854777485643213e+18,3419170580,3744082638,lane2:F0:s10->s11,4712346,1785477744808224865,1785477748227395445,1785477748552307503
55,rank178:F0,compute,forward,0,178,11,2,178,178,11,11,0,warmup,310778403,310778403,0,0,0,1.7854777482356813e+18,1.7854777485464596e+18,3419170580,3729948983,lane2:F0:s10->s11,3419170580,1785477744808224865,1785477748227395445,1785477748538173848
55,lane2:F2:s8->s9,pp_message,forward,2,-1,8,2,130,146,8,9,-1,p2p,4712346,0,0,4712346,0,,,3572240431,3576952777,rank130:F2,0,1785477744808224865,1785477748380465296,1785477748385177642
55,rank146:F2,compute,forward,2,146,9,2,146,146,9,9,2,warmup,318111450,318111450,0,0,0,1.785477748400589e+18,1.7854777487187005e+18,3576952777,3895064227,lane2:F2:s8->s9,164444930,1785477744808224865,1785477748385177642,1785477748703289092
55,lane2:F3:s7->s8,pp_message,forward,3,-1,7,2,114,130,7,8,-1,p2p,4712346,0,0,4712346,0,,,3605967057,3610679403,rank114:F3,0,1785477744808224865,1785477748414191922,1785477748418904268
55,rank130:F3,compute,forward,3,130,8,2,130,130,8,8,3,warmup,311017537,311017537,0,0,0,1.785477748439545e+18,1.7854777487505626e+18,3610679403,3921696940,lane2:F3:s7->s8,38438972,1785477744808224865,1785477748418904268,1785477748729921805
55,lane2:F0:s11->s12,pp_message,forward,0,-1,11,2,178,194,11,12,-1,p2p,4712346,0,0,4712346,0,,,3729948983,3734661329,rank178:F0,0,1785477744808224865,1785477748538173848,1785477748542886194
55,rank194:F0,compute,forward,0,194,12,2,194,194,12,12,0,warmup,312593515,312593515,0,0,0,1.7854777485524178e+18,1.7854777488650112e+18,3734661329,4047254844,lane2:F0:s11->s12,3734661329,1785477744808224865,1785477748542886194,1785477748855479709
55,lane2:F1:s10->s11,pp_message,forward,1,-1,10,2,162,178,10,11,-1,p2p,4712346,0,0,4712346,0,,,3744082638,3748794984,rank162:F1,0,1785477744808224865,1785477748552307503,1785477748557019849
55,rank178:F1,compute,forward,1,178,11,2,178,178,11,11,1,warmup,316284834,316284834,0,0,0,1.7854777485692454e+18,1.78547774888553e+18,3748794984,4065079818,lane2:F1:s10->s11,18846001,1785477744808224865,1785477748557019849,1785477748873304683
55,lane2:F2:s9->s10,pp_message,forward,2,-1,9,2,146,162,9,10,-1,p2p,4712346,0,0,4712346,0,,,3895064227,3899776573,rank146:F2,0,1785477744808224865,1785477748703289092,1785477748708001438
55,rank162:F2,compute,forward,2,162,10,2,162,162,10,10,2,warmup,334107070,334107070,0,0,0,1.7854777487237594e+18,1.7854777490578662e+18,3899776573,4233883643,lane2:F2:s9->s10,155693935,1785477744808224865,1785477748708001438,1785477749042108508
55,lane2:F3:s8->s9,pp_message,forward,3,-1,8,2,130,146,8,9,-1,p2p,4712346,0,0,4712346,0,,,3921696940,3926409286,rank130:F3,0,1785477744808224865,1785477748729921805,1785477748734634151
55,rank146:F3,compute,forward,3,146,9,2,146,146,9,9,3,warmup,318861927,318861927,0,0,0,1.7854777487557978e+18,1.7854777490746598e+18,3926409286,4245271213,lane2:F3:s8->s9,31345059,1785477744808224865,1785477748734634151,1785477749053496078
55,lane2:F0:s12->s13,pp_message,forward,0,-1,12,2,194,210,12,13,-1,p2p,4712346,0,0,4712346,0,,,4047254844,4051967190,rank194:F0,0,1785477744808224865,1785477748855479709,1785477748860192055
55,rank210:F0,compute,forward,0,210,13,2,210,210,13,13,0,warmup,315274665,315274665,0,0,0,1.785477748871044e+18,1.7854777491863188e+18,4051967190,4367241855,lane2:F0:s12->s13,4051967190,1785477744808224865,1785477748860192055,1785477749175466720
55,lane2:F1:s11->s12,pp_message,forward,1,-1,11,2,178,194,11,12,-1,p2p,4712346,0,0,4712346,0,,,4065079818,4069792164,rank178:F1,0,1785477744808224865,1785477748873304683,1785477748878017029
55,rank194:F1,compute,forward,1,194,12,2,194,194,12,12,1,warmup,306462921,306462921,0,0,0,1.7854777488916703e+18,1.785477749198133e+18,4069792164,4376255085,lane2:F1:s11->s12,22537320,1785477744808224865,1785477748878017029,1785477749184479950
55,lane2:F2:s10->s11,pp_message,forward,2,-1,10,2,162,178,10,11,-1,p2p,4712346,0,0,4712346,0,,,4233883643,4238595989,rank162:F2,0,1785477744808224865,1785477749042108508,1785477749046820854
55,rank178:F2,compute,forward,2,178,11,2,178,178,11,11,2,warmup,309331786,309331786,0,0,0,1.785477749062929e+18,1.7854777493722609e+18,4238595989,4547927775,lane2:F2:s10->s11,173516171,1785477744808224865,1785477749046820854,1785477749356152640
55,lane2:F3:s9->s10,pp_message,forward,3,-1,9,2,146,162,9,10,-1,p2p,4712346,0,0,4712346,0,,,4245271213,4249983559,rank146:F3,0,1785477744808224865,1785477749053496078,1785477749058208424
55,rank162:F3,compute,forward,3,162,10,2,162,162,10,10,3,warmup,310802931,310802931,0,0,0,1.7854777490797343e+18,1.7854777493905372e+18,4249983559,4560786490,lane2:F3:s9->s10,16099916,1785477744808224865,1785477749058208424,1785477749369011355
55,lane2:F0:s13->s14,pp_message,forward,0,-1,13,2,210,226,13,14,-1,p2p,4712346,0,0,4712346,0,,,4367241855,4371954201,rank210:F0,0,1785477744808224865,1785477749175466720,1785477749180179066
55,rank226:F0,compute,forward,0,226,14,2,226,226,14,14,0,warmup,315700783,315700783,0,0,0,1.7854777491926318e+18,1.7854777495083325e+18,4371954201,4687654984,lane2:F0:s13->s14,4371954201,1785477744808224865,1785477749180179066,1785477749495879849
55,lane2:F1:s12->s13,pp_message,forward,1,-1,12,2,194,210,12,13,-1,p2p,4712346,0,0,4712346,0,,,4376255085,4380967431,rank194:F1,0,1785477744808224865,1785477749184479950,1785477749189192296
55,rank210:F1,compute,forward,1,210,13,2,210,210,13,13,1,warmup,309492755,309492755,0,0,0,1.7854777492033006e+18,1.7854777495127933e+18,4380967431,4690460186,lane2:F1:s12->s13,13725576,1785477744808224865,1785477749189192296,1785477749498685051
55,lane2:F2:s11->s12,pp_message,forward,2,-1,11,2,178,194,11,12,-1,p2p,4712346,0,0,4712346,0,,,4547927775,4552640121,rank178:F2,0,1785477744808224865,1785477749356152640,1785477749360864986
55,rank194:F2,compute,forward,2,194,12,2,194,194,12,12,2,warmup,312649137,312649137,0,0,0,1.785477749377458e+18,1.7854777496901071e+18,4552640121,4865289258,lane2:F2:s11->s12,176385036,1785477744808224865,1785477749360864986,1785477749673514123
55,lane2:F3:s10->s11,pp_message,forward,3,-1,10,2,162,178,10,11,-1,p2p,4712346,0,0,4712346,0,,,4560786490,4565498836,rank162:F3,0,1785477744808224865,1785477749369011355,1785477749373723701
55,rank178:F3,compute,forward,3,178,11,2,178,178,11,11,3,warmup,306979987,306979987,0,0,0,1.7854777493956232e+18,1.785477749702603e+18,4565498836,4872478823,lane2:F3:s10->s11,17571061,1785477744808224865,1785477749373723701,1785477749680703688
55,lane2:F0:s14->s15,pp_message,forward,0,-1,14,2,226,242,14,15,-1,p2p,4712346,0,0,4712346,0,,,4687654984,4692367330,rank226:F0,0,1785477744808224865,1785477749495879849,1785477749500592195
55,lane2:F1:s13->s14,pp_message,forward,1,-1,13,2,210,226,13,14,-1,p2p,4712346,0,0,4712346,0,,,4690460186,4695172532,rank210:F1,0,1785477744808224865,1785477749498685051,1785477749503397397
55,rank242:F0,compute,forward,0,242,15,2,242,242,15,15,0,steady,195644175,195644175,0,0,0,1.7854777495142991e+18,1.7854777497099433e+18,4692367330,4888011505,lane2:F0:s14->s15,4692367330,1785477744808224865,1785477749500592195,1785477749696236370
55,rank226:F1,compute,forward,1,226,14,2,226,226,14,14,1,steady,308972487,308972487,0,0,0,1.7854777495187325e+18,1.7854777498277048e+18,4695172532,5004145019,lane2:F1:s13->s14,7517548,1785477744808224865,1785477749503397397,1785477749812369884
55,lane2:F2:s12->s13,pp_message,forward,2,-1,12,2,194,210,12,13,-1,p2p,4712346,0,0,4712346,0,,,4865289258,4870001604,rank194:F2,0,1785477744808224865,1785477749673514123,1785477749678226469
55,rank210:F2,compute,forward,2,210,13,2,210,210,13,13,2,steady,311363536,311363536,0,0,0,1.785477749695278e+18,1.7854777500066417e+18,4870001604,5181365140,lane2:F2:s12->s13,179541418,1785477744808224865,1785477749678226469,1785477749989590005
55,lane2:F3:s11->s12,pp_message,forward,3,-1,11,2,178,194,11,12,-1,p2p,4712346,0,0,4712346,0,,,4872478823,4877191169,rank178:F3,0,1785477744808224865,1785477749680703688,1785477749685416034
55,rank194:F3,compute,forward,3,194,12,2,194,194,12,12,3,steady,308342496,308342496,0,0,0,1.7854777497077778e+18,1.7854777500161203e+18,4877191169,5185533665,lane2:F3:s11->s12,11901911,1785477744808224865,1785477749685416034,1785477749993758530
55,rank242:B0,compute,backward,0,242,15,2,242,242,15,15,1,steady,365685350,365685350,0,0,0,1.7854777497100913e+18,1.7854777500757765e+18,4888011505,5253696855,rank242:F0,0,1785477744808224865,1785477749696236370,1785477750061921720
55,lane2:F1:s14->s15,pp_message,forward,1,-1,14,2,226,242,14,15,-1,p2p,4712346,0,0,4712346,0,,,5004145019,5008857365,rank226:F1,0,1785477744808224865,1785477749812369884,1785477749817082230
55,lane2:F2:s13->s14,pp_message,forward,2,-1,13,2,210,226,13,14,-1,p2p,4712346,0,0,4712346,0,,,5181365140,5186077486,rank210:F2,0,1785477744808224865,1785477749989590005,1785477749994302351
55,lane2:F3:s12->s13,pp_message,forward,3,-1,12,2,194,210,12,13,-1,p2p,4712346,0,0,4712346,0,,,5185533665,5190246011,rank194:F3,0,1785477744808224865,1785477749993758530,1785477749998470876
55,lane2:B0:s15->s14,pp_message,backward,0,-1,15,2,242,226,15,14,-1,p2p,98176190,0,0,4712346,93463844,,,5253696855,5351873045,rank242:B0,0,1785477744808224865,1785477750061921720,1785477750160097910
55,rank226:B0,compute,backward,0,226,14,2,226,226,14,14,2,steady,708355762,708355762,0,0,0,1.7854777501760256e+18,1.7854777508843814e+18,5351873045,6060228807,lane2:B0:s15->s14,347728026,1785477744808224865,1785477750160097910,1785477750868453672
55,rank242:F1,compute,forward,1,242,15,2,242,242,15,15,2,steady,193164499,193164499,0,0,0,1.785477750175876e+18,1.7854777503690406e+18,5351873045,5545037544,lane2:B0:s15->s14,98176190,1785477744808224865,1785477750160097910,1785477750353262409
55,rank242:B1,compute,backward,1,242,15,2,242,242,15,15,3,steady,365815973,365815973,0,0,0,1.7854777503692572e+18,1.7854777507350733e+18,5545037544,5910853517,rank242:F1,0,1785477744808224865,1785477750353262409,1785477750719078382
55,lane2:B1:s15->s14,pp_message,backward,1,-1,15,2,242,226,15,14,-1,p2p,98176190,0,0,4712346,93463844,,,5910853517,6009029707,rank242:B1,0,1785477744808224865,1785477750719078382,1785477750817254572
55,lane2:B0:s14->s13,pp_message,backward,0,-1,14,2,226,210,14,13,-1,p2p,98176190,0,0,4712346,93463844,,,6060228807,6158404997,rank226:B0,0,1785477744808224865,1785477750868453672,1785477750966629862
55,rank210:B0,compute,backward,0,210,13,2,210,210,13,13,3,steady,690240794,690240794,0,0,0,1.7854777509840356e+18,1.7854777516742764e+18,6158404997,6848645791,lane2:B0:s14->s13,977039857,1785477744808224865,1785477750966629862,1785477751656870656
55,rank226:F2,compute,forward,2,226,14,2,226,226,14,14,3,steady,309698668,309698668,0,0,0,1.7854777509833836e+18,1.785477751293082e+18,6158404997,6468103665,lane2:B0:s14->s13,98176190,1785477744808224865,1785477750966629862,1785477751276328530
55,lane2:F2:s14->s15,pp_message,forward,2,-1,14,2,226,242,14,15,-1,p2p,4712346,0,0,4712346,0,,,6468103665,6472816011,rank226:F2,0,1785477744808224865,1785477751276328530,1785477751281040876
55,rank226:B1,compute,backward,1,226,14,2,226,226,14,14,4,steady,678670620,678670620,0,0,0,1.785477751298877e+18,1.7854777519775475e+18,6472816011,7151486631,lane2:F2:s14->s15,4712346,1785477744808224865,1785477751281040876,1785477751959711496
55,rank242:F2,compute,forward,2,242,15,2,242,242,15,15,4,steady,189975921,189975921,0,0,0,1.7854777512989601e+18,1.785477751488936e+18,6472816011,6662791932,lane2:F2:s14->s15,561962494,1785477744808224865,1785477751281040876,1785477751471016797
55,rank242:B2,compute,backward,2,242,15,2,242,242,15,15,5,steady,367688373,367688373,0,0,0,1.785477751489112e+18,1.7854777518568005e+18,6662791932,7030480305,rank242:F2,0,1785477744808224865,1785477751471016797,1785477751838705170
55,lane2:B0:s13->s12,pp_message,backward,0,-1,13,2,210,194,13,12,-1,p2p,98176190,0,0,4712346,93463844,,,6848645791,6946821981,rank210:B0,0,1785477744808224865,1785477751656870656,1785477751755046846
55,rank194:B0,compute,backward,0,194,12,2,194,194,12,12,4,steady,679334419,679334419,0,0,0,1.7854777517727485e+18,1.785477752452083e+18,6946821981,7626156400,lane2:B0:s13->s12,1761288316,1785477744808224865,1785477751755046846,1785477752434381265
55,rank210:F3,compute,forward,3,210,13,2,210,210,13,13,4,steady,311419131,311419131,0,0,0,1.7854777517727642e+18,1.7854777520841833e+18,6946821981,7258241112,lane2:B0:s13->s12,98176190,1785477744808224865,1785477751755046846,1785477752066465977
55,lane2:B2:s15->s14,pp_message,backward,2,-1,15,2,242,226,15,14,-1,p2p,98176190,0,0,4712346,93463844,,,7030480305,7128656495,rank242:B2,0,1785477744808224865,1785477751838705170,1785477751936881360
55,lane2:B1:s14->s13,pp_message,backward,1,-1,14,2,226,210,14,13,-1,p2p,98176190,0,0,4712346,93463844,,,7151486631,7249662821,rank226:B1,0,1785477744808224865,1785477751959711496,1785477752057887686
55,lane2:F3:s13->s14,pp_message,forward,3,-1,13,2,210,226,13,14,-1,p2p,4712346,0,0,4712346,0,,,7258241112,7262953458,rank210:F3,0,1785477744808224865,1785477752066465977,1785477752071178323
55,rank210:B1,compute,backward,1,210,13,2,210,210,13,13,5,steady,687240114,687240114,0,0,0,1.7854777520910738e+18,1.785477752778314e+18,7262953458,7950193572,lane2:F3:s13->s14,4712346,1785477744808224865,1785477752071178323,1785477752758418437
55,rank226:F3,compute,forward,3,226,14,2,226,226,14,14,5,steady,307965325,307965325,0,0,0,1.785477752090981e+18,1.7854777523989463e+18,7262953458,7570918783,lane2:F3:s13->s14,111466827,1785477744808224865,1785477752071178323,1785477752379143648
55,lane2:F3:s14->s15,pp_message,forward,3,-1,14,2,226,242,14,15,-1,p2p,4712346,0,0,4712346,0,,,7570918783,7575631129,rank226:F3,0,1785477744808224865,1785477752379143648,1785477752383855994
55,rank226:B2,compute,backward,2,226,14,2,226,226,14,14,6,steady,686993849,686993849,0,0,0,1.7854777524049106e+18,1.7854777530919043e+18,7575631129,8262624978,lane2:F3:s14->s15,4712346,1785477744808224865,1785477752383855994,1785477753070849843
55,rank242:F3,compute,forward,3,242,15,2,242,242,15,15,6,steady,189373235,189373235,0,0,0,1.785477752404911e+18,1.7854777525942843e+18,7575631129,7765004364,lane2:F3:s14->s15,545150824,1785477744808224865,1785477752383855994,1785477752573229229
55,lane2:B0:s12->s11,pp_message,backward,0,-1,12,2,194,178,12,11,-1,p2p,98176190,0,0,4712346,93463844,,,7626156400,7724332590,rank194:B0,0,1785477744808224865,1785477752434381265,1785477752532557455
55,rank178:B0,compute,backward,0,178,11,2,178,178,11,11,4,cooldown,674374842,674374842,0,0,0,1.7854777525517821e+18,1.7854777532261568e+18,7724332590,8398707432,lane2:B0:s12->s11,2851853767,1785477744808224865,1785477752532557455,1785477753206932297
55,rank242:B3,compute,backward,3,242,15,2,242,242,15,15,7,steady,371237738,371237738,0,0,0,1.7854777525944625e+18,1.7854777529657004e+18,7765004364,8136242102,rank242:F3,0,1785477744808224865,1785477752573229229,1785477752944466967
55,lane2:B1:s13->s12,pp_message,backward,1,-1,13,2,210,194,13,12,-1,p2p,98176190,0,0,4712346,93463844,,,7950193572,8048369762,rank210:B1,0,1785477744808224865,1785477752758418437,1785477752856594627
55,rank194:B1,compute,backward,1,194,12,2,194,194,12,12,5,cooldown,678135338,678135338,0,0,0,1.785477752875054e+18,1.7854777535531894e+18,8048369762,8726505100,lane2:B1:s13->s12,422213362,1785477744808224865,1785477752856594627,1785477753534729965
55,lane2:B3:s15->s14,pp_message,backward,3,-1,15,2,242,226,15,14,-1,p2p,98176190,0,0,4712346,93463844,,,8136242102,8234418292,rank242:B3,0,1785477744808224865,1785477752944466967,1785477753042643157
55,lane2:B2:s14->s13,pp_message,backward,2,-1,14,2,226,210,14,13,-1,p2p,98176190,0,0,4712346,93463844,,,8262624978,8360801168,rank226:B2,0,1785477744808224865,1785477753070849843,1785477753169026033
55,rank210:B2,compute,backward,2,210,13,2,210,210,13,13,6,cooldown,693004082,693004082,0,0,0,1.7854777531904765e+18,1.7854777538834806e+18,8360801168,9053805250,lane2:B2:s14->s13,410607596,1785477744808224865,1785477753169026033,1785477753862030115
55,rank226:B3,compute,backward,3,226,14,2,226,226,14,14,7,cooldown,686663426,686663426,0,0,0,1.7854777531952338e+18,1.7854777538818972e+18,8360801168,9047464594,lane2:B2:s14->s13,98176190,1785477744808224865,1785477753169026033,1785477753855689459
55,lane2:B0:s11->s10,pp_message,backward,0,-1,11,2,178,162,11,10,-1,p2p,98176190,0,0,4712346,93463844,,,8398707432,8496883622,rank178:B0,0,1785477744808224865,1785477753206932297,1785477753305108487
55,rank162:B0,compute,backward,0,162,10,2,162,162,10,10,4,cooldown,685843681,685843681,0,0,0,1.7854777533244723e+18,1.785477754010316e+18,8496883622,9182727303,lane2:B0:s11->s10,3936097132,1785477744808224865,1785477753305108487,1785477753990952168
55,lane2:B1:s12->s11,pp_message,backward,1,-1,12,2,194,178,12,11,-1,p2p,98176190,0,0,4712346,93463844,,,8726505100,8824681290,rank194:B1,0,1785477744808224865,1785477753534729965,1785477753632906155
55,rank178:B1,compute,backward,1,178,11,2,178,178,11,11,5,cooldown,687115004,687115004,0,0,0,1.7854777536512776e+18,1.7854777543383926e+18,8824681290,9511796294,lane2:B1:s12->s11,425973858,1785477744808224865,1785477753632906155,1785477754320021159
55,lane2:B3:s14->s13,pp_message,backward,3,-1,14,2,226,210,14,13,-1,p2p,98176190,0,0,4712346,93463844,,,9047464594,9145640784,rank226:B3,0,1785477744808224865,1785477753855689459,1785477753953865649
55,lane2:B2:s13->s12,pp_message,backward,2,-1,13,2,210,194,13,12,-1,p2p,98176190,0,0,4712346,93463844,,,9053805250,9151981440,rank210:B2,0,1785477744808224865,1785477753862030115,1785477753960206305
55,rank194:B2,compute,backward,2,194,12,2,194,194,12,12,6,cooldown,680137915,680137915,0,0,0,1.7854777539804877e+18,1.7854777546606257e+18,9151981440,9832119355,lane2:B2:s13->s12,425476340,1785477744808224865,1785477753960206305,1785477754640344220
55,rank210:B3,compute,backward,3,210,13,2,210,210,13,13,7,cooldown,681784410,681784410,0,0,0,1.7854777539862733e+18,1.7854777546680576e+18,9151981440,9833765850,lane2:B2:s13->s12,98176190,1785477744808224865,1785477753960206305,1785477754641990715
55,lane2:B0:s10->s9,pp_message,backward,0,-1,10,2,162,146,10,9,-1,p2p,98176190,0,0,4712346,93463844,,,9182727303,9280903493,rank162:B0,0,1785477744808224865,1785477753990952168,1785477754089128358
55,rank146:B0,compute,backward,0,146,9,2,146,146,9,9,4,cooldown,702462477,702462477,0,0,0,1.785477754109148e+18,1.7854777548116106e+18,9280903493,9983365970,lane2:B0:s10->s9,5035632280,1785477744808224865,1785477754089128358,1785477754791590835
55,lane2:B1:s11->s10,pp_message,backward,1,-1,11,2,178,162,11,10,-1,p2p,98176190,0,0,4712346,93463844,,,9511796294,9609972484,rank178:B1,0,1785477744808224865,1785477754320021159,1785477754418197349
55,rank162:B1,compute,backward,1,162,10,2,162,162,10,10,5,cooldown,677207832,677207832,0,0,0,1.7854777544361436e+18,1.7854777551133514e+18,9609972484,10287180316,lane2:B1:s11->s10,427245181,1785477744808224865,1785477754418197349,1785477755095405181
55,lane2:B2:s12->s11,pp_message,backward,2,-1,12,2,194,178,12,11,-1,p2p,98176190,0,0,4712346,93463844,,,9832119355,9930295545,rank194:B2,0,1785477744808224865,1785477754640344220,1785477754738520410
55,lane2:B3:s13->s12,pp_message,backward,3,-1,13,2,210,194,13,12,-1,p2p,98176190,0,0,4712346,93463844,,,9833765850,9931942040,rank210:B3,0,1785477744808224865,1785477754641990715,1785477754740166905
55,rank178:B2,compute,backward,2,178,11,2,178,178,11,11,6,cooldown,685331251,685331251,0,0,0,1.7854777547592146e+18,1.7854777554445458e+18,9930295545,10615626796,lane2:B2:s12->s11,418499251,1785477744808224865,1785477754738520410,1785477755423851661
55,rank194:B3,compute,backward,3,194,12,2,194,194,12,12,7,cooldown,677970681,677970681,0,0,0,1.785477754765297e+18,1.7854777554432676e+18,9931942040,10609912721,lane2:B3:s13->s12,99822685,1785477744808224865,1785477754740166905,1785477755418137586
55,lane2:B0:s9->s8,pp_message,backward,0,-1,9,2,146,130,9,8,-1,p2p,98176190,0,0,4712346,93463844,,,9983365970,10081542160,rank146:B0,0,1785477744808224865,1785477754791590835,1785477754889767025
55,rank130:B0,compute,backward,0,130,8,2,130,130,8,8,4,cooldown,688955667,688955667,0,0,0,1.7854777549107889e+18,1.7854777555997448e+18,10081542160,10770497827,lane2:B0:s9->s8,6159845220,1785477744808224865,1785477754889767025,1785477755578722692
55,lane2:B1:s10->s9,pp_message,backward,1,-1,10,2,162,146,10,9,-1,p2p,98176190,0,0,4712346,93463844,,,10287180316,10385356506,rank162:B1,0,1785477744808224865,1785477755095405181,1785477755193581371
55,rank146:B1,compute,backward,1,146,9,2,146,146,9,9,5,cooldown,698805525,698805525,0,0,0,1.7854777552109427e+18,1.7854777559097482e+18,10385356506,11084162031,lane2:B1:s10->s9,401990536,1785477744808224865,1785477755193581371,1785477755892386896
55,lane2:B3:s12->s11,pp_message,backward,3,-1,12,2,194,178,12,11,-1,p2p,98176190,0,0,4712346,93463844,,,10609912721,10708088911,rank194:B3,0,1785477744808224865,1785477755418137586,1785477755516313776
55,lane2:B2:s11->s10,pp_message,backward,2,-1,11,2,178,162,11,10,-1,p2p,98176190,0,0,4712346,93463844,,,10615626796,10713802986,rank178:B2,0,1785477744808224865,1785477755423851661,1785477755522027851
55,rank162:B2,compute,backward,2,162,10,2,162,162,10,10,6,cooldown,678523721,678523721,0,0,0,1.7854777555406628e+18,1.7854777562191867e+18,10713802986,11392326707,lane2:B2:s11->s10,426622670,1785477744808224865,1785477755522027851,1785477756200551572
55,rank178:B3,compute,backward,3,178,11,2,178,178,11,11,7,cooldown,677434476,677434476,0,0,0,1.7854777555461197e+18,1.7854777562235543e+18,10713802986,11391237462,lane2:B2:s11->s10,98176190,1785477744808224865,1785477755522027851,1785477756199462327
55,lane2:B0:s8->s7,pp_message,backward,0,-1,8,2,130,114,8,7,-1,p2p,98176190,0,0,4712346,93463844,,,10770497827,10868674017,rank130:B0,0,1785477744808224865,1785477755578722692,1785477755676898882
55,rank114:B0,compute,backward,0,114,7,2,114,114,7,7,4,cooldown,680939700,680939700,0,0,0,1.7854777556975916e+18,1.785477756378531e+18,10868674017,11549613717,lane2:B0:s8->s7,7262706960,1785477744808224865,1785477755676898882,1785477756357838582
55,lane2:B1:s9->s8,pp_message,backward,1,-1,9,2,146,130,9,8,-1,p2p,98176190,0,0,4712346,93463844,,,11084162031,11182338221,rank146:B1,0,1785477744808224865,1785477755892386896,1785477755990563086
55,rank130:B1,compute,backward,1,130,8,2,130,130,8,8,5,cooldown,693825533,693825533,0,0,0,1.7854777560082982e+18,1.7854777567021238e+18,11182338221,11876163754,lane2:B1:s9->s8,411840394,1785477744808224865,1785477755990563086,1785477756684388619
55,lane2:B3:s11->s10,pp_message,backward,3,-1,11,2,178,162,11,10,-1,p2p,98176190,0,0,4712346,93463844,,,11391237462,11489413652,rank178:B3,0,1785477744808224865,1785477756199462327,1785477756297638517
55,lane2:B2:s10->s9,pp_message,backward,2,-1,10,2,162,146,10,9,-1,p2p,98176190,0,0,4712346,93463844,,,11392326707,11490502897,rank162:B2,0,1785477744808224865,1785477756200551572,1785477756298727762
55,rank146:B2,compute,backward,2,146,9,2,146,146,9,9,6,cooldown,700869538,700869538,0,0,0,1.7854777563171988e+18,1.7854777570180685e+18,11490502897,12191372435,lane2:B2:s10->s9,406340866,1785477744808224865,1785477756298727762,1785477756999597300
55,rank162:B3,compute,backward,3,162,10,2,162,162,10,10,7,cooldown,679336327,679336327,0,0,0,1.7854777563224645e+18,1.7854777570018007e+18,11490502897,12169839224,lane2:B2:s10->s9,98176190,1785477744808224865,1785477756298727762,1785477756978064089
55,lane2:B0:s7->s6,pp_message,backward,0,-1,7,2,114,98,7,6,-1,p2p,98176190,0,0,4712346,93463844,,,11549613717,11647789907,rank114:B0,0,1785477744808224865,1785477756357838582,1785477756456014772
55,rank98:B0,compute,backward,0,98,6,2,98,98,6,6,4,cooldown,706376577,706376577,0,0,0,1.7854777564779837e+18,1.7854777571843604e+18,11647789907,12354166484,lane2:B0:s7->s6,8386954927,1785477744808224865,1785477756456014772,1785477757162391349
55,lane2:B1:s8->s7,pp_message,backward,1,-1,8,2,130,114,8,7,-1,p2p,98176190,0,0,4712346,93463844,,,11876163754,11974339944,rank130:B1,0,1785477744808224865,1785477756684388619,1785477756782564809
55,rank114:B1,compute,backward,1,114,7,2,114,114,7,7,5,cooldown,687181148,687181148,0,0,0,1.785477756800027e+18,1.7854777574872082e+18,11974339944,12661521092,lane2:B1:s8->s7,424726227,1785477744808224865,1785477756782564809,1785477757469745957
55,lane2:B3:s10->s9,pp_message,backward,3,-1,10,2,162,146,10,9,-1,p2p,98176190,0,0,4712346,93463844,,,12169839224,12268015414,rank162:B3,0,1785477744808224865,1785477756978064089,1785477757076240279
55,lane2:B2:s9->s8,pp_message,backward,2,-1,9,2,146,130,9,8,-1,p2p,98176190,0,0,4712346,93463844,,,12191372435,12289548625,rank146:B2,0,1785477744808224865,1785477756999597300,1785477757097773490
55,rank130:B2,compute,backward,2,130,8,2,130,130,8,8,6,cooldown,691502151,691502151,0,0,0,1.7854777571170243e+18,1.7854777578085266e+18,12289548625,12981050776,lane2:B2:s9->s8,413384871,1785477744808224865,1785477757097773490,1785477757789275641
55,rank146:B3,compute,backward,3,146,9,2,146,146,9,9,7,cooldown,697466591,697466591,0,0,0,1.7854777571221248e+18,1.7854777578195914e+18,12289548625,12987015216,lane2:B2:s9->s8,98176190,1785477744808224865,1785477757097773490,1785477757795240081
55,lane2:B0:s6->s5,pp_message,backward,0,-1,6,2,98,82,6,5,-1,p2p,98176190,0,0,4712346,93463844,,,12354166484,12452342674,rank98:B0,0,1785477744808224865,1785477757162391349,1785477757260567539
55,rank82:B0,compute,backward,0,82,5,2,82,82,5,5,4,cooldown,708729470,708729470,0,0,0,1.7854777572789028e+18,1.7854777579876324e+18,12452342674,13161072144,lane2:B0:s6->s5,9515361608,1785477744808224865,1785477757260567539,1785477757969297009
55,lane2:B1:s7->s6,pp_message,backward,1,-1,7,2,114,98,7,6,-1,p2p,98176190,0,0,4712346,93463844,,,12661521092,12759697282,rank114:B1,0,1785477744808224865,1785477757469745957,1785477757567922147
55,rank98:B1,compute,backward,1,98,6,2,98,98,6,6,5,cooldown,722127195,722127195,0,0,0,1.785477757583234e+18,1.7854777583053614e+18,12759697282,13481824477,lane2:B1:s7->s6,405530798,1785477744808224865,1785477757567922147,1785477758290049342
55,lane2:B2:s8->s7,pp_message,backward,2,-1,8,2,130,114,8,7,-1,p2p,98176190,0,0,4712346,93463844,,,12981050776,13079226966,rank130:B2,0,1785477744808224865,1785477757789275641,1785477757887451831
55,lane2:B3:s9->s8,pp_message,backward,3,-1,9,2,146,130,9,8,-1,p2p,98176190,0,0,4712346,93463844,,,12987015216,13085191406,rank146:B3,0,1785477744808224865,1785477757795240081,1785477757893416271
55,rank114:B2,compute,backward,2,114,7,2,114,114,7,7,6,cooldown,683024192,683024192,0,0,0,1.7854777579052047e+18,1.7854777585882289e+18,13079226966,13762251158,lane2:B2:s8->s7,417705874,1785477744808224865,1785477757887451831,1785477758570476023
55,rank130:B3,compute,backward,3,130,8,2,130,130,8,8,7,cooldown,683503707,683503707,0,0,0,1.78547775791806e+18,1.7854777586015636e+18,13085191406,13768695113,lane2:B3:s9->s8,104140630,1785477744808224865,1785477757893416271,1785477758576919978
55,lane2:B0:s5->s4,pp_message,backward,0,-1,5,2,82,66,5,4,-1,p2p,98176190,0,0,4712346,93463844,,,13161072144,13259248334,rank82:B0,0,1785477744808224865,1785477757969297009,1785477758067473199
55,rank66:B0,compute,backward,0,66,4,2,66,66,4,4,4,cooldown,698838071,698838071,0,0,0,1.7854777580864182e+18,1.7854777587852562e+18,13259248334,13958086405,lane2:B0:s5->s4,10658027368,1785477744808224865,1785477758067473199,1785477758766311270
55,lane2:B1:s6->s5,pp_message,backward,1,-1,6,2,98,82,6,5,-1,p2p,98176190,0,0,4712346,93463844,,,13481824477,13580000667,rank98:B1,0,1785477744808224865,1785477758290049342,1785477758388225532
55,rank82:B1,compute,backward,1,82,5,2,82,82,5,5,5,cooldown,704317161,704317161,0,0,0,1.785477758402338e+18,1.7854777591066552e+18,13580000667,14284317828,lane2:B1:s6->s5,418928523,1785477744808224865,1785477758388225532,1785477759092542693
55,lane2:B2:s7->s6,pp_message,backward,2,-1,7,2,114,98,7,6,-1,p2p,98176190,0,0,4712346,93463844,,,13762251158,13860427348,rank114:B2,0,1785477744808224865,1785477758570476023,1785477758668652213
55,lane2:B3:s8->s7,pp_message,backward,3,-1,8,2,130,114,8,7,-1,p2p,98176190,0,0,4712346,93463844,,,13768695113,13866871303,rank130:B3,0,1785477744808224865,1785477758576919978,1785477758675096168
55,rank98:B2,compute,backward,2,98,6,2,98,98,6,6,6,cooldown,696542000,696542000,0,0,0,1.7854777586870177e+18,1.7854777593835597e+18,13860427348,14556969348,lane2:B2:s7->s6,378602871,1785477744808224865,1785477758668652213,1785477759365194213
55,rank114:B3,compute,backward,3,114,7,2,114,114,7,7,7,cooldown,679208681,679208681,0,0,0,1.785477758698517e+18,1.7854777593777257e+18,13866871303,14546079984,lane2:B3:s8->s7,104620145,1785477744808224865,1785477758675096168,1785477759354304849
55,lane2:B0:s4->s3,pp_message,backward,0,-1,4,2,66,50,4,3,-1,p2p,98176190,0,0,4712346,93463844,,,13958086405,14056262595,rank66:B0,0,1785477744808224865,1785477758766311270,1785477758864487460
55,rank50:B0,compute,backward,0,50,3,2,50,50,3,3,4,cooldown,708158465,708158465,0,0,0,1.7854777588848978e+18,1.7854777595930563e+18,14056262595,14764421060,lane2:B0:s4->s3,11773041829,1785477744808224865,1785477758864487460,1785477759572645925
55,lane2:B1:s5->s4,pp_message,backward,1,-1,5,2,82,66,5,4,-1,p2p,98176190,0,0,4712346,93463844,,,14284317828,14382494018,rank82:B1,0,1785477744808224865,1785477759092542693,1785477759190718883
55,rank66:B1,compute,backward,1,66,4,2,66,66,4,4,5,cooldown,698272799,698272799,0,0,0,1.7854777592057613e+18,1.785477759904034e+18,14382494018,15080766817,lane2:B1:s5->s4,424407613,1785477744808224865,1785477759190718883,1785477759888991682
55,lane2:B3:s7->s6,pp_message,backward,3,-1,7,2,114,98,7,6,-1,p2p,98176190,0,0,4712346,93463844,,,14546079984,14644256174,rank114:B3,0,1785477744808224865,1785477759354304849,1785477759452481039
55,lane2:B2:s6->s5,pp_message,backward,2,-1,6,2,98,82,6,5,-1,p2p,98176190,0,0,4712346,93463844,,,14556969348,14655145538,rank98:B2,0,1785477744808224865,1785477759365194213,1785477759463370403
55,rank82:B2,compute,backward,2,82,5,2,82,82,5,5,6,cooldown,710807498,710807498,0,0,0,1.7854777594813002e+18,1.7854777601921078e+18,14655145538,15365953036,lane2:B2:s6->s5,370827710,1785477744808224865,1785477759463370403,1785477760174177901
55,rank98:B3,compute,backward,3,98,6,2,98,98,6,6,7,cooldown,689357898,689357898,0,0,0,1.7854777594866286e+18,1.7854777601759864e+18,14655145538,15344503436,lane2:B2:s6->s5,98176190,1785477744808224865,1785477759463370403,1785477760152728301
55,lane2:B0:s3->s2,pp_message,backward,0,-1,3,2,50,34,3,2,-1,p2p,98176190,0,0,4712346,93463844,,,14764421060,14862597250,rank50:B0,0,1785477744808224865,1785477759572645925,1785477759670822115
55,rank34:B0,compute,backward,0,34,2,2,34,34,2,2,4,cooldown,714676006,714676006,0,0,0,1.785477759692909e+18,1.785477760407585e+18,14862597250,15577273256,lane2:B0:s3->s2,12918268369,1785477744808224865,1785477759670822115,1785477760385498121
55,lane2:B1:s4->s3,pp_message,backward,1,-1,4,2,66,50,4,3,-1,p2p,98176190,0,0,4712346,93463844,,,15080766817,15178943007,rank66:B1,0,1785477744808224865,1785477759888991682,1785477759987167872
55,rank50:B1,compute,backward,1,50,3,2,50,50,3,3,5,cooldown,704332102,704332102,0,0,0,1.7854777600021737e+18,1.7854777607065057e+18,15178943007,15883275109,lane2:B1:s4->s3,414521947,1785477744808224865,1785477759987167872,1785477760691499974
55,lane2:B3:s6->s5,pp_message,backward,3,-1,6,2,98,82,6,5,-1,p2p,98176190,0,0,4712346,93463844,,,15344503436,15442679626,rank98:B3,0,1785477744808224865,1785477760152728301,1785477760250904491
55,lane2:B2:s5->s4,pp_message,backward,2,-1,5,2,82,66,5,4,-1,p2p,98176190,0,0,4712346,93463844,,,15365953036,15464129226,rank82:B2,0,1785477744808224865,1785477760174177901,1785477760272354091
55,rank66:B2,compute,backward,2,66,4,2,66,66,4,4,6,cooldown,694020428,694020428,0,0,0,1.7854777602908728e+18,1.7854777609848932e+18,15464129226,16158149654,lane2:B2:s5->s4,383362409,1785477744808224865,1785477760272354091,1785477760966374519
55,rank82:B3,compute,backward,3,82,5,2,82,82,5,5,7,cooldown,685426655,685426655,0,0,0,1.7854777602961859e+18,1.7854777609816123e+18,15464129226,16149555881,lane2:B2:s5->s4,98176190,1785477744808224865,1785477760272354091,1785477760957780746
55,lane2:B0:s2->s1,pp_message,backward,0,-1,2,2,34,18,2,1,-1,p2p,98176190,0,0,4712346,93463844,,,15577273256,15675449446,rank34:B0,0,1785477744808224865,1785477760385498121,1785477760483674311
55,rank18:B0,compute,backward,0,18,1,2,18,18,1,1,4,cooldown,725318303,725318303,0,0,0,1.7854777605062433e+18,1.7854777612315615e+18,15675449446,16400767749,lane2:B0:s2->s1,14193760551,1785477744808224865,1785477760483674311,1785477761208992614
55,lane2:B1:s3->s2,pp_message,backward,1,-1,3,2,50,34,3,2,-1,p2p,98176190,0,0,4712346,93463844,,,15883275109,15981451299,rank50:B1,0,1785477744808224865,1785477760691499974,1785477760789676164
55,rank34:B1,compute,backward,1,34,2,2,34,34,2,2,5,cooldown,708501772,708501772,0,0,0,1.7854777608052652e+18,1.785477761513767e+18,15981451299,16689953071,lane2:B1:s3->s2,404178043,1785477744808224865,1785477760789676164,1785477761498177936
55,lane2:B3:s5->s4,pp_message,backward,3,-1,5,2,82,66,5,4,-1,p2p,98176190,0,0,4712346,93463844,,,16149555881,16247732071,rank82:B3,0,1785477744808224865,1785477760957780746,1785477761055956936
55,lane2:B2:s4->s3,pp_message,backward,2,-1,4,2,66,50,4,3,-1,p2p,98176190,0,0,4712346,93463844,,,16158149654,16256325844,rank66:B2,0,1785477744808224865,1785477760966374519,1785477761064550709
55,rank50:B2,compute,backward,2,50,3,2,50,50,3,3,6,cooldown,723807019,723807019,0,0,0,1.7854777610830556e+18,1.7854777618068626e+18,16256325844,16980132863,lane2:B2:s4->s3,373050735,1785477744808224865,1785477761064550709,1785477761788357728
55,rank66:B3,compute,backward,3,66,4,2,66,66,4,4,7,cooldown,695596165,695596165,0,0,0,1.7854777610884045e+18,1.7854777617840005e+18,16256325844,16951922009,lane2:B2:s4->s3,98176190,1785477744808224865,1785477761064550709,1785477761760146874
55,lane2:B0:s1->s0,pp_message,backward,0,-1,1,2,18,2,1,0,-1,p2p,98176190,0,0,4712346,93463844,,,16400767749,16498943939,rank18:B0,0,1785477744808224865,1785477761208992614,1785477761307168804
55,rank2:B0,compute,backward,0,2,0,2,2,2,0,0,4,cooldown,411915575,411915575,0,0,0,1.7854777613297815e+18,1.785477761741697e+18,16498943939,16910859514,lane2:B0:s1->s0,15846786705,1785477744808224865,1785477761307168804,1785477761719084379
55,lane2:B1:s2->s1,pp_message,backward,1,-1,2,2,34,18,2,1,-1,p2p,98176190,0,0,4712346,93463844,,,16689953071,16788129261,rank34:B1,0,1785477744808224865,1785477761498177936,1785477761596354126
55,rank18:B1,compute,backward,1,18,1,2,18,18,1,1,5,cooldown,728329277,728329277,0,0,0,1.7854777616124375e+18,1.7854777623407667e+18,16788129261,17516458538,lane2:B1:s2->s1,387361512,1785477744808224865,1785477761596354126,1785477762324683403
55,lane2:B3:s4->s3,pp_message,backward,3,-1,4,2,66,50,4,3,-1,p2p,98176190,0,0,4712346,93463844,,,16951922009,17050098199,rank66:B3,0,1785477744808224865,1785477761760146874,1785477761858323064
55,lane2:B2:s3->s2,pp_message,backward,2,-1,3,2,50,34,3,2,-1,p2p,98176190,0,0,4712346,93463844,,,16980132863,17078309053,rank50:B2,0,1785477744808224865,1785477761788357728,1785477761886533918
55,rank34:B2,compute,backward,2,34,2,2,34,34,2,2,6,cooldown,708144580,708144580,0,0,0,1.7854777619054e+18,1.7854777626135447e+18,17078309053,17786453633,lane2:B2:s3->s2,388355982,1785477744808224865,1785477761886533918,1785477762594678498
55,rank50:B3,compute,backward,3,50,3,2,50,50,3,3,7,cooldown,717324928,717324928,0,0,0,1.785477761910576e+18,1.7854777626279012e+18,17078309053,17795633981,lane2:B2:s3->s2,98176190,1785477744808224865,1785477761886533918,1785477762603858846
55,lane2:B1:s1->s0,pp_message,backward,1,-1,1,2,18,2,1,0,-1,p2p,98176190,0,0,4712346,93463844,,,17516458538,17614634728,rank18:B1,0,1785477744808224865,1785477762324683403,1785477762422859593
55,rank2:B1,compute,backward,1,2,0,2,2,2,0,0,5,cooldown,407204768,407204768,0,0,0,1.7854777624373522e+18,1.785477762844557e+18,17614634728,18021839496,lane2:B1:s1->s0,703775214,1785477744808224865,1785477762422859593,1785477762830064361
55,lane2:B2:s2->s1,pp_message,backward,2,-1,2,2,34,18,2,1,-1,p2p,98176190,0,0,4712346,93463844,,,17786453633,17884629823,rank34:B2,0,1785477744808224865,1785477762594678498,1785477762692854688
55,lane2:B3:s3->s2,pp_message,backward,3,-1,3,2,50,34,3,2,-1,p2p,98176190,0,0,4712346,93463844,,,17795633981,17893810171,rank50:B3,0,1785477744808224865,1785477762603858846,1785477762702035036
55,rank18:B2,compute,backward,2,18,1,2,18,18,1,1,6,cooldown,729634181,729634181,0,0,0,1.7854777627124882e+18,1.7854777634421225e+18,17884629823,18614264004,lane2:B2:s2->s1,368171285,1785477744808224865,1785477762692854688,1785477763422488869
55,rank34:B3,compute,backward,3,34,2,2,34,34,2,2,7,cooldown,703259386,703259386,0,0,0,1.785477762725735e+18,1.7854777634289943e+18,17893810171,18597069557,lane2:B3:s3->s2,107356538,1785477744808224865,1785477762702035036,1785477763405294422
55,lane2:B3:s2->s1,pp_message,backward,3,-1,2,2,34,18,2,1,-1,p2p,98176190,0,0,4712346,93463844,,,18597069557,18695245747,rank34:B3,0,1785477744808224865,1785477763405294422,1785477763503470612
55,lane2:B2:s1->s0,pp_message,backward,2,-1,1,2,18,2,1,0,-1,p2p,98176190,0,0,4712346,93463844,,,18614264004,18712440194,rank18:B2,0,1785477744808224865,1785477763422488869,1785477763520665059
55,rank18:B3,compute,backward,3,18,1,2,18,18,1,1,7,cooldown,722788465,722788465,0,0,0,1.7854777635461476e+18,1.785477764268936e+18,18712440194,19435228659,lane2:B2:s1->s0,98176190,1785477744808224865,1785477763520665059,1785477764243453524
55,rank2:B2,compute,backward,2,2,0,2,2,2,0,0,6,cooldown,408335072,408335072,0,0,0,1.7854777635410844e+18,1.7854777639494195e+18,18712440194,19120775266,lane2:B2:s1->s0,690600698,1785477744808224865,1785477763520665059,1785477763929000131
55,lane2:B3:s1->s0,pp_message,backward,3,-1,1,2,18,2,1,0,-1,p2p,98176190,0,0,4712346,93463844,,,19435228659,19533404849,rank18:B3,0,1785477744808224865,1785477764243453524,1785477764341629714
55,rank2:B3,compute,backward,3,2,0,2,2,2,0,0,7,cooldown,405692433,405692433,0,0,0,1.7854777643672576e+18,1.78547776477295e+18,19533404849,19939097282,lane2:B3:s1->s0,412629583,1785477744808224865,1785477764341629714,1785477764747322147
55,rank3:F0,compute,forward,0,3,0,3,3,3,0,0,0,warmup,160150680,160150680,0,0,0,1.7854777448111347e+18,1.7854777449712855e+18,0,160150680,,0,1785477744811134701,1785477744811134701,1785477744971285381
55,lane3:F0:s0->s1,pp_message,forward,0,-1,0,3,3,19,0,1,-1,p2p,4712346,0,0,4712346,0,,,160150680,164863026,rank3:F0,0,1785477744811134701,1785477744971285381,1785477744975997727
55,rank19:F0,compute,forward,0,19,1,3,19,19,1,1,0,warmup,325567106,325567106,0,0,0,1.7854777449764367e+18,1.7854777453020037e+18,164863026,490430132,lane3:F0:s0->s1,164863026,1785477744811134701,1785477744975997727,1785477745301564833
55,rank3:F1,compute,forward,1,3,0,3,3,3,0,0,1,warmup,158449493,158449493,0,0,0,1.7854777449765553e+18,1.7854777451350047e+18,164863026,323312519,lane3:F0:s0->s1,4712346,1785477744811134701,1785477744975997727,1785477745134447220
55,lane3:F1:s0->s1,pp_message,forward,1,-1,0,3,3,19,0,1,-1,p2p,4712346,0,0,4712346,0,,,323312519,328024865,rank3:F1,0,1785477744811134701,1785477745134447220,1785477745139159566
55,rank3:F2,compute,forward,2,3,0,3,3,3,0,0,2,warmup,158351031,158351031,0,0,0,1.7854777453128735e+18,1.7854777454712246e+18,328024865,486375896,lane3:F1:s0->s1,4712346,1785477744811134701,1785477745139159566,1785477745297510597
55,lane3:F2:s0->s1,pp_message,forward,2,-1,0,3,3,19,0,1,-1,p2p,4712346,0,0,4712346,0,,,486375896,491088242,rank3:F2,0,1785477744811134701,1785477745297510597,1785477745302222943
55,lane3:F0:s1->s2,pp_message,forward,0,-1,1,3,19,35,1,2,-1,p2p,4712346,0,0,4712346,0,,,490430132,495142478,rank19:F0,0,1785477744811134701,1785477745301564833,1785477745306277179
55,rank3:F3,compute,forward,3,3,0,3,3,3,0,0,3,warmup,157607225,157607225,0,0,0,1.785477745649821e+18,1.785477745807428e+18,491088242,648695467,lane3:F2:s0->s1,4712346,1785477744811134701,1785477745302222943,1785477745459830168
55,rank19:F1,compute,forward,1,19,1,3,19,19,1,1,1,warmup,326748614,326748614,0,0,0,1.7854777453123873e+18,1.785477745639136e+18,495142478,821891092,lane3:F0:s1->s2,4712346,1785477744811134701,1785477745306277179,1785477745633025793
55,rank35:F0,compute,forward,0,35,2,3,35,35,2,2,0,warmup,321214981,321214981,0,0,0,1.7854777453073165e+18,1.7854777456285317e+18,495142478,816357459,lane3:F0:s1->s2,495142478,1785477744811134701,1785477745306277179,1785477745627492160
55,lane3:F3:s0->s1,pp_message,forward,3,-1,0,3,3,19,0,1,-1,p2p,4712346,0,0,4712346,0,,,648695467,653407813,rank3:F3,0,1785477744811134701,1785477745459830168,1785477745464542514
55,lane3:F0:s2->s3,pp_message,forward,0,-1,2,3,35,51,2,3,-1,p2p,4712346,0,0,4712346,0,,,816357459,821069805,rank35:F0,0,1785477744811134701,1785477745627492160,1785477745632204506
55,rank51:F0,compute,forward,0,51,3,3,51,51,3,3,0,warmup,317311242,317311242,0,0,0,1.7854777456338007e+18,1.785477745951112e+18,821069805,1138381047,lane3:F0:s2->s3,821069805,1785477744811134701,1785477745632204506,1785477745949515748
55,lane3:F1:s1->s2,pp_message,forward,1,-1,1,3,19,35,1,2,-1,p2p,4712346,0,0,4712346,0,,,821891092,826603438,rank19:F1,0,1785477744811134701,1785477745633025793,1785477745637738139
55,rank19:F2,compute,forward,2,19,1,3,19,19,1,1,2,warmup,324605876,324605876,0,0,0,1.7854777456494892e+18,1.7854777459740948e+18,826603438,1151209314,lane3:F1:s1->s2,4712346,1785477744811134701,1785477745637738139,1785477745962344015
55,rank35:F1,compute,forward,1,35,2,3,35,35,2,2,1,warmup,322570051,322570051,0,0,0,1.7854777456442962e+18,1.7854777459668664e+18,826603438,1149173489,lane3:F1:s1->s2,10245979,1785477744811134701,1785477745637738139,1785477745960308190
55,lane3:F0:s3->s4,pp_message,forward,0,-1,3,3,51,67,3,4,-1,p2p,4712346,0,0,4712346,0,,,1138381047,1143093393,rank51:F0,0,1785477744811134701,1785477745949515748,1785477745954228094
55,rank67:F0,compute,forward,0,67,4,3,67,67,4,4,0,warmup,335489146,335489146,0,0,0,1.7854777459564884e+18,1.7854777462919777e+18,1143093393,1478582539,lane3:F0:s3->s4,1143093393,1785477744811134701,1785477745954228094,1785477746289717240
55,lane3:F1:s2->s3,pp_message,forward,1,-1,2,3,35,51,2,3,-1,p2p,4712346,0,0,4712346,0,,,1149173489,1153885835,rank35:F1,0,1785477744811134701,1785477745960308190,1785477745965020536
55,lane3:F2:s1->s2,pp_message,forward,2,-1,1,3,19,35,1,2,-1,p2p,4712346,0,0,4712346,0,,,1151209314,1155921660,rank19:F2,0,1785477744811134701,1785477745962344015,1785477745967056361
55,rank51:F1,compute,forward,1,51,3,3,51,51,3,3,1,warmup,314443434,314443434,0,0,0,1.7854777459718497e+18,1.7854777462862932e+18,1153885835,1468329269,lane3:F1:s2->s3,15504788,1785477744811134701,1785477745965020536,1785477746279463970
55,rank19:F3,compute,forward,3,19,1,3,19,19,1,1,3,warmup,322310248,322310248,0,0,0,1.7854777459842982e+18,1.7854777463066086e+18,1155921660,1478231908,lane3:F2:s1->s2,4712346,1785477744811134701,1785477745967056361,1785477746289366609
55,rank35:F2,compute,forward,2,35,2,3,35,35,2,2,2,warmup,463086946,463086946,0,0,0,1.785477745979294e+18,1.7854777464423808e+18,1155921660,1619008606,lane3:F2:s1->s2,6748171,1785477744811134701,1785477745967056361,1785477746430143307
55,lane3:F1:s3->s4,pp_message,forward,1,-1,3,3,51,67,3,4,-1,p2p,4712346,0,0,4712346,0,,,1468329269,1473041615,rank51:F1,0,1785477744811134701,1785477746279463970,1785477746284176316
55,lane3:F3:s1->s2,pp_message,forward,3,-1,1,3,19,35,1,2,-1,p2p,4712346,0,0,4712346,0,,,1478231908,1482944254,rank19:F3,0,1785477744811134701,1785477746289366609,1785477746294078955
55,lane3:F0:s4->s5,pp_message,forward,0,-1,4,3,67,83,4,5,-1,p2p,4712346,0,0,4712346,0,,,1478582539,1483294885,rank67:F0,0,1785477744811134701,1785477746289717240,1785477746294429586
55,rank67:F1,compute,forward,1,67,4,3,67,67,4,4,1,warmup,317417308,317417308,0,0,0,1.785477746302203e+18,1.78547774661962e+18,1483294885,1800712193,lane3:F0:s4->s5,4712346,1785477744811134701,1785477746294429586,1785477746611846894
55,rank83:F0,compute,forward,0,83,5,3,83,83,5,5,0,warmup,314949343,314949343,0,0,0,1.7854777462974743e+18,1.7854777466124237e+18,1483294885,1798244228,lane3:F0:s4->s5,1483294885,1785477744811134701,1785477746294429586,1785477746609378929
55,lane3:F2:s2->s3,pp_message,forward,2,-1,2,3,35,51,2,3,-1,p2p,4712346,0,0,4712346,0,,,1619008606,1623720952,rank35:F2,0,1785477744811134701,1785477746430143307,1785477746434855653
55,rank35:F3,compute,forward,3,35,2,3,35,35,2,2,3,warmup,317342751,317342751,0,0,0,1.7854777464526574e+18,1.7854777467700001e+18,1623720952,1941063703,lane3:F2:s2->s3,4712346,1785477744811134701,1785477746434855653,1785477746752198404
55,rank51:F2,compute,forward,2,51,3,3,51,51,3,3,2,warmup,315302091,315302091,0,0,0,1.7854777464474337e+18,1.7854777467627359e+18,1623720952,1939023043,lane3:F2:s2->s3,155391683,1785477744811134701,1785477746434855653,1785477746750157744
55,lane3:F0:s5->s6,pp_message,forward,0,-1,5,3,83,99,5,6,-1,p2p,4712346,0,0,4712346,0,,,1798244228,1802956574,rank83:F0,0,1785477744811134701,1785477746609378929,1785477746614091275
55,lane3:F1:s4->s5,pp_message,forward,1,-1,4,3,67,83,4,5,-1,p2p,4712346,0,0,4712346,0,,,1800712193,1805424539,rank67:F1,0,1785477744811134701,1785477746611846894,1785477746616559240
55,rank99:F0,compute,forward,0,99,6,3,99,99,6,6,0,warmup,317887945,317887945,0,0,0,1.7854777466180534e+18,1.785477746935941e+18,1802956574,2120844519,lane3:F0:s5->s6,1802956574,1785477744811134701,1785477746614091275,1785477746931979220
55,rank83:F1,compute,forward,1,83,5,3,83,83,5,5,1,warmup,312965823,312965823,0,0,0,1.7854777466246213e+18,1.7854777469375872e+18,1805424539,2118390362,lane3:F1:s4->s5,7180311,1785477744811134701,1785477746616559240,1785477746929525063
55,lane3:F2:s3->s4,pp_message,forward,2,-1,3,3,51,67,3,4,-1,p2p,4712346,0,0,4712346,0,,,1939023043,1943735389,rank51:F2,0,1785477744811134701,1785477746750157744,1785477746754870090
55,lane3:F3:s2->s3,pp_message,forward,3,-1,2,3,35,51,2,3,-1,p2p,4712346,0,0,4712346,0,,,1941063703,1945776049,rank35:F3,0,1785477744811134701,1785477746752198404,1785477746756910750
55,rank67:F2,compute,forward,2,67,4,3,67,67,4,4,2,warmup,315882435,315882435,0,0,0,1.7854777467680955e+18,1.7854777470839777e+18,1943735389,2259617824,lane3:F2:s3->s4,143023196,1785477744811134701,1785477746754870090,1785477747070752525
55,rank51:F3,compute,forward,3,51,3,3,51,51,3,3,3,warmup,334042307,334042307,0,0,0,1.7854777467750333e+18,1.7854777471090755e+18,1945776049,2279818356,lane3:F3:s2->s3,6753006,1785477744811134701,1785477746756910750,1785477747090953057
55,lane3:F1:s5->s6,pp_message,forward,1,-1,5,3,83,99,5,6,-1,p2p,4712346,0,0,4712346,0,,,2118390362,2123102708,rank83:F1,0,1785477744811134701,1785477746929525063,1785477746934237409
55,lane3:F0:s6->s7,pp_message,forward,0,-1,6,3,99,115,6,7,-1,p2p,4712346,0,0,4712346,0,,,2120844519,2125556865,rank99:F0,0,1785477744811134701,1785477746931979220,1785477746936691566
55,rank115:F0,compute,forward,0,115,7,3,115,115,7,7,0,warmup,316966781,316966781,0,0,0,1.7854777469414735e+18,1.7854777472584402e+18,2125556865,2442523646,lane3:F0:s6->s7,2125556865,1785477744811134701,1785477746936691566,1785477747253658347
55,rank99:F1,compute,forward,1,99,6,3,99,99,6,6,1,warmup,316878615,316878615,0,0,0,1.785477746946287e+18,1.7854777472631657e+18,2125556865,2442435480,lane3:F0:s6->s7,4712346,1785477744811134701,1785477746936691566,1785477747253570181
55,lane3:F2:s4->s5,pp_message,forward,2,-1,4,3,67,83,4,5,-1,p2p,4712346,0,0,4712346,0,,,2259617824,2264330170,rank67:F2,0,1785477744811134701,1785477747070752525,1785477747075464871
55,rank83:F2,compute,forward,2,83,5,3,83,83,5,5,2,warmup,352595621,352595621,0,0,0,1.7854777470890644e+18,1.78547774744166e+18,2264330170,2616925791,lane3:F2:s4->s5,145939808,1785477744811134701,1785477747075464871,1785477747428060492
55,lane3:F3:s3->s4,pp_message,forward,3,-1,3,3,51,67,3,4,-1,p2p,4712346,0,0,4712346,0,,,2279818356,2284530702,rank51:F3,0,1785477744811134701,1785477747090953057,1785477747095665403
55,rank67:F3,compute,forward,3,67,4,3,67,67,4,4,3,warmup,313640307,313640307,0,0,0,1.7854777471141e+18,1.7854777474277404e+18,2284530702,2598171009,lane3:F3:s3->s4,24912878,1785477744811134701,1785477747095665403,1785477747409305710
55,lane3:F1:s6->s7,pp_message,forward,1,-1,6,3,99,115,6,7,-1,p2p,4712346,0,0,4712346,0,,,2442435480,2447147826,rank99:F1,0,1785477744811134701,1785477747253570181,1785477747258282527
55,lane3:F0:s7->s8,pp_message,forward,0,-1,7,3,115,131,7,8,-1,p2p,4712346,0,0,4712346,0,,,2442523646,2447235992,rank115:F0,0,1785477744811134701,1785477747253658347,1785477747258370693
55,rank115:F1,compute,forward,1,115,7,3,115,115,7,7,1,warmup,312649492,312649492,0,0,0,1.7854777472684882e+18,1.7854777475811377e+18,2447235992,2759885484,lane3:F0:s7->s8,4712346,1785477744811134701,1785477747258370693,1785477747571020185
55,rank131:F0,compute,forward,0,131,8,3,131,131,8,8,0,warmup,313303491,313303491,0,0,0,1.785477747263814e+18,1.7854777475771174e+18,2447235992,2760539483,lane3:F0:s7->s8,2447235992,1785477744811134701,1785477747258370693,1785477747571674184
55,lane3:F3:s4->s5,pp_message,forward,3,-1,4,3,67,83,4,5,-1,p2p,4712346,0,0,4712346,0,,,2598171009,2602883355,rank67:F3,0,1785477744811134701,1785477747409305710,1785477747414018056
55,lane3:F2:s5->s6,pp_message,forward,2,-1,5,3,83,99,5,6,-1,p2p,4712346,0,0,4712346,0,,,2616925791,2621638137,rank83:F2,0,1785477744811134701,1785477747428060492,1785477747432772838
55,rank83:F3,compute,forward,3,83,5,3,83,83,5,5,3,warmup,312338123,312338123,0,0,0,1.7854777474519918e+18,1.7854777477643297e+18,2621638137,2933976260,lane3:F2:s5->s6,4712346,1785477744811134701,1785477747432772838,1785477747745110961
55,rank99:F2,compute,forward,2,99,6,3,99,99,6,6,2,warmup,316184224,316184224,0,0,0,1.7854777474472164e+18,1.7854777477634007e+18,2621638137,2937822361,lane3:F2:s5->s6,179202657,1785477744811134701,1785477747432772838,1785477747748957062
55,lane3:F1:s7->s8,pp_message,forward,1,-1,7,3,115,131,7,8,-1,p2p,4712346,0,0,4712346,0,,,2759885484,2764597830,rank115:F1,0,1785477744811134701,1785477747571020185,1785477747575732531
55,lane3:F0:s8->s9,pp_message,forward,0,-1,8,3,131,147,8,9,-1,p2p,4712346,0,0,4712346,0,,,2760539483,2765251829,rank131:F0,0,1785477744811134701,1785477747571674184,1785477747576386530
55,rank131:F1,compute,forward,1,131,8,3,131,131,8,8,1,warmup,311126767,311126767,0,0,0,1.7854777475874703e+18,1.785477747898597e+18,2765251829,3076378596,lane3:F0:s8->s9,4712346,1785477744811134701,1785477747576386530,1785477747887513297
55,rank147:F0,compute,forward,0,147,9,3,147,147,9,9,0,warmup,320729723,320729723,0,0,0,1.7854777475824435e+18,1.7854777479031734e+18,2765251829,3085981552,lane3:F0:s8->s9,2765251829,1785477744811134701,1785477747576386530,1785477747897116253
55,lane3:F3:s5->s6,pp_message,forward,3,-1,5,3,83,99,5,6,-1,p2p,4712346,0,0,4712346,0,,,2933976260,2938688606,rank83:F3,0,1785477744811134701,1785477747745110961,1785477747749823307
55,lane3:F2:s6->s7,pp_message,forward,2,-1,6,3,99,115,6,7,-1,p2p,4712346,0,0,4712346,0,,,2937822361,2942534707,rank99:F2,0,1785477744811134701,1785477747748957062,1785477747753669408
55,rank115:F2,compute,forward,2,115,7,3,115,115,7,7,2,warmup,310085636,310085636,0,0,0,1.7854777477687532e+18,1.7854777480788388e+18,2942534707,3252620343,lane3:F2:s6->s7,182649223,1785477744811134701,1785477747753669408,1785477748063755044
55,rank99:F3,compute,forward,3,99,6,3,99,99,6,6,3,warmup,315029111,315029111,0,0,0,1.7854777477740004e+18,1.7854777480890296e+18,2942534707,3257563818,lane3:F2:s6->s7,4712346,1785477744811134701,1785477747753669408,1785477748068698519
55,lane3:F1:s8->s9,pp_message,forward,1,-1,8,3,131,147,8,9,-1,p2p,4712346,0,0,4712346,0,,,3076378596,3081090942,rank131:F1,0,1785477744811134701,1785477747887513297,1785477747892225643
55,lane3:F0:s9->s10,pp_message,forward,0,-1,9,3,147,163,9,10,-1,p2p,4712346,0,0,4712346,0,,,3085981552,3090693898,rank147:F0,0,1785477744811134701,1785477747897116253,1785477747901828599
55,rank147:F1,compute,forward,1,147,9,3,147,147,9,9,1,warmup,318394681,318394681,0,0,0,1.7854777479134559e+18,1.7854777482318505e+18,3090693898,3409088579,lane3:F0:s9->s10,4712346,1785477744811134701,1785477747901828599,1785477748220223280
55,rank163:F0,compute,forward,0,163,10,3,163,163,10,10,0,warmup,320686532,320686532,0,0,0,1.785477747908795e+18,1.7854777482294815e+18,3090693898,3411380430,lane3:F0:s9->s10,3090693898,1785477744811134701,1785477747901828599,1785477748222515131
55,lane3:F2:s7->s8,pp_message,forward,2,-1,7,3,115,131,7,8,-1,p2p,4712346,0,0,4712346,0,,,3252620343,3257332689,rank115:F2,0,1785477744811134701,1785477748063755044,1785477748068467390
55,rank131:F2,compute,forward,2,131,8,3,131,131,8,8,2,warmup,311335578,311335578,0,0,0,1.7854777480840527e+18,1.7854777483953882e+18,3257332689,3568668267,lane3:F2:s7->s8,180954093,1785477744811134701,1785477748068467390,1785477748379802968
55,lane3:F3:s6->s7,pp_message,forward,3,-1,6,3,99,115,6,7,-1,p2p,4712346,0,0,4712346,0,,,3257563818,3262276164,rank99:F3,0,1785477744811134701,1785477748068698519,1785477748073410865
55,rank115:F3,compute,forward,3,115,7,3,115,115,7,7,3,warmup,340372026,340372026,0,0,0,1.7854777480941565e+18,1.7854777484345288e+18,3262276164,3602648190,lane3:F3:s6->s7,9655821,1785477744811134701,1785477748073410865,1785477748413782891
55,lane3:F1:s9->s10,pp_message,forward,1,-1,9,3,147,163,9,10,-1,p2p,4712346,0,0,4712346,0,,,3409088579,3413800925,rank147:F1,0,1785477744811134701,1785477748220223280,1785477748224935626
55,lane3:F0:s10->s11,pp_message,forward,0,-1,10,3,163,179,10,11,-1,p2p,4712346,0,0,4712346,0,,,3411380430,3416092776,rank163:F0,0,1785477744811134701,1785477748222515131,1785477748227227477
55,rank163:F1,compute,forward,1,163,10,3,163,163,10,10,1,warmup,324737110,324737110,0,0,0,1.7854777482395356e+18,1.7854777485642726e+18,3416092776,3740829886,lane3:F0:s10->s11,4712346,1785477744811134701,1785477748227227477,1785477748551964587
55,rank179:F0,compute,forward,0,179,11,3,179,179,11,11,0,warmup,311210301,311210301,0,0,0,1.7854777482353175e+18,1.7854777485465277e+18,3416092776,3727303077,lane3:F0:s10->s11,3416092776,1785477744811134701,1785477748227227477,1785477748538437778
55,lane3:F2:s8->s9,pp_message,forward,2,-1,8,3,131,147,8,9,-1,p2p,4712346,0,0,4712346,0,,,3568668267,3573380613,rank131:F2,0,1785477744811134701,1785477748379802968,1785477748384515314
55,rank147:F2,compute,forward,2,147,9,3,147,147,9,9,2,warmup,318137203,318137203,0,0,0,1.7854777484005793e+18,1.7854777487187167e+18,3573380613,3891517816,lane3:F2:s8->s9,164292034,1785477744811134701,1785477748384515314,1785477748702652517
55,lane3:F3:s7->s8,pp_message,forward,3,-1,7,3,115,131,7,8,-1,p2p,4712346,0,0,4712346,0,,,3602648190,3607360536,rank115:F3,0,1785477744811134701,1785477748413782891,1785477748418495237
55,rank131:F3,compute,forward,3,131,8,3,131,131,8,8,3,warmup,310963831,310963831,0,0,0,1.7854777484396221e+18,1.7854777487505859e+18,3607360536,3918324367,lane3:F3:s7->s8,38692269,1785477744811134701,1785477748418495237,1785477748729459068
55,lane3:F0:s11->s12,pp_message,forward,0,-1,11,3,179,195,11,12,-1,p2p,4712346,0,0,4712346,0,,,3727303077,3732015423,rank179:F0,0,1785477744811134701,1785477748538437778,1785477748543150124
55,rank195:F0,compute,forward,0,195,12,3,195,195,12,12,0,warmup,312770894,312770894,0,0,0,1.7854777485522286e+18,1.7854777488649994e+18,3732015423,4044786317,lane3:F0:s11->s12,3732015423,1785477744811134701,1785477748543150124,1785477748855921018
55,lane3:F1:s10->s11,pp_message,forward,1,-1,10,3,163,179,10,11,-1,p2p,4712346,0,0,4712346,0,,,3740829886,3745542232,rank163:F1,0,1785477744811134701,1785477748551964587,1785477748556676933
55,rank179:F1,compute,forward,1,179,11,3,179,179,11,11,1,warmup,316093345,316093345,0,0,0,1.7854777485693765e+18,1.7854777488854697e+18,3745542232,4061635577,lane3:F1:s10->s11,18239155,1785477744811134701,1785477748556676933,1785477748872770278
55,lane3:F2:s9->s10,pp_message,forward,2,-1,9,3,147,163,9,10,-1,p2p,4712346,0,0,4712346,0,,,3891517816,3896230162,rank147:F2,0,1785477744811134701,1785477748702652517,1785477748707364863
55,rank163:F2,compute,forward,2,163,10,3,163,163,10,10,2,warmup,334043864,334043864,0,0,0,1.7854777487239828e+18,1.7854777490580265e+18,3896230162,4230274026,lane3:F2:s9->s10,155400276,1785477744811134701,1785477748707364863,1785477749041408727
55,lane3:F3:s8->s9,pp_message,forward,3,-1,8,3,131,147,8,9,-1,p2p,4712346,0,0,4712346,0,,,3918324367,3923036713,rank131:F3,0,1785477744811134701,1785477748729459068,1785477748734171414
55,rank147:F3,compute,forward,3,147,9,3,147,147,9,9,3,warmup,318854227,318854227,0,0,0,1.7854777487557809e+18,1.7854777490746353e+18,3923036713,4241890940,lane3:F3:s8->s9,31518897,1785477744811134701,1785477748734171414,1785477749053025641
55,lane3:F0:s12->s13,pp_message,forward,0,-1,12,3,195,211,12,13,-1,p2p,4712346,0,0,4712346,0,,,4044786317,4049498663,rank195:F0,0,1785477744811134701,1785477748855921018,1785477748860633364
55,rank211:F0,compute,forward,0,211,13,3,211,211,13,13,0,warmup,315188509,315188509,0,0,0,1.78547774887111e+18,1.7854777491862984e+18,4049498663,4364687172,lane3:F0:s12->s13,4049498663,1785477744811134701,1785477748860633364,1785477749175821873
55,lane3:F1:s11->s12,pp_message,forward,1,-1,11,3,179,195,11,12,-1,p2p,4712346,0,0,4712346,0,,,4061635577,4066347923,rank179:F1,0,1785477744811134701,1785477748872770278,1785477748877482624
55,rank195:F1,compute,forward,1,195,12,3,195,195,12,12,1,warmup,307517174,307517174,0,0,0,1.785477748890643e+18,1.7854777491981601e+18,4066347923,4373865097,lane3:F1:s11->s12,21561606,1785477744811134701,1785477748877482624,1785477749184999798
55,lane3:F2:s10->s11,pp_message,forward,2,-1,10,3,163,179,10,11,-1,p2p,4712346,0,0,4712346,0,,,4230274026,4234986372,rank163:F2,0,1785477744811134701,1785477749041408727,1785477749046121073
55,rank179:F2,compute,forward,2,179,11,3,179,179,11,11,2,warmup,309448163,309448163,0,0,0,1.7854777490631393e+18,1.7854777493725875e+18,4234986372,4544434535,lane3:F2:s10->s11,173350795,1785477744811134701,1785477749046121073,1785477749355569236
55,lane3:F3:s9->s10,pp_message,forward,3,-1,9,3,147,163,9,10,-1,p2p,4712346,0,0,4712346,0,,,4241890940,4246603286,rank147:F3,0,1785477744811134701,1785477749053025641,1785477749057737987
55,rank163:F3,compute,forward,3,163,10,3,163,163,10,10,3,warmup,310615627,310615627,0,0,0,1.7854777490798213e+18,1.785477749390437e+18,4246603286,4557218913,lane3:F3:s9->s10,16329260,1785477744811134701,1785477749057737987,1785477749368353614
55,lane3:F0:s13->s14,pp_message,forward,0,-1,13,3,211,227,13,14,-1,p2p,4712346,0,0,4712346,0,,,4364687172,4369399518,rank211:F0,0,1785477744811134701,1785477749175821873,1785477749180534219
55,rank227:F0,compute,forward,0,227,14,3,227,227,14,14,0,warmup,316165477,316165477,0,0,0,1.7854777491920911e+18,1.7854777495082565e+18,4369399518,4685564995,lane3:F0:s13->s14,4369399518,1785477744811134701,1785477749180534219,1785477749496699696
55,lane3:F1:s12->s13,pp_message,forward,1,-1,12,3,195,211,12,13,-1,p2p,4712346,0,0,4712346,0,,,4373865097,4378577443,rank195:F1,0,1785477744811134701,1785477749184999798,1785477749189712144
55,rank211:F1,compute,forward,1,211,13,3,211,211,13,13,1,warmup,309383146,309383146,0,0,0,1.7854777492034097e+18,1.7854777495127928e+18,4378577443,4687960589,lane3:F1:s12->s13,13890271,1785477744811134701,1785477749189712144,1785477749499095290
55,lane3:F2:s11->s12,pp_message,forward,2,-1,11,3,179,195,11,12,-1,p2p,4712346,0,0,4712346,0,,,4544434535,4549146881,rank179:F2,0,1785477744811134701,1785477749355569236,1785477749360281582
55,rank195:F2,compute,forward,2,195,12,3,195,195,12,12,2,warmup,312158566,312158566,0,0,0,1.78547774937785e+18,1.7854777496900086e+18,4549146881,4861305447,lane3:F2:s11->s12,175281784,1785477744811134701,1785477749360281582,1785477749672440148
55,lane3:F3:s10->s11,pp_message,forward,3,-1,10,3,163,179,10,11,-1,p2p,4712346,0,0,4712346,0,,,4557218913,4561931259,rank163:F3,0,1785477744811134701,1785477749368353614,1785477749373065960
55,rank179:F3,compute,forward,3,179,11,3,179,179,11,11,3,warmup,307122634,307122634,0,0,0,1.7854777493955282e+18,1.785477749702651e+18,4561931259,4869053893,lane3:F3:s10->s11,17496724,1785477744811134701,1785477749373065960,1785477749680188594
55,lane3:F0:s14->s15,pp_message,forward,0,-1,14,3,227,243,14,15,-1,p2p,4712346,0,0,4712346,0,,,4685564995,4690277341,rank227:F0,0,1785477744811134701,1785477749496699696,1785477749501412042
55,lane3:F1:s13->s14,pp_message,forward,1,-1,13,3,211,227,13,14,-1,p2p,4712346,0,0,4712346,0,,,4687960589,4692672935,rank211:F1,0,1785477744811134701,1785477749499095290,1785477749503807636
55,rank243:F0,compute,forward,0,243,15,3,243,243,15,15,0,steady,195453774,195453774,0,0,0,1.785477749514549e+18,1.785477749710003e+18,4690277341,4885731115,lane3:F0:s14->s15,4690277341,1785477744811134701,1785477749501412042,1785477749696865816
55,rank227:F1,compute,forward,1,227,14,3,227,227,14,14,1,steady,309313919,309313919,0,0,0,1.785477749518304e+18,1.7854777498276178e+18,4692672935,5001986854,lane3:F1:s13->s14,7107940,1785477744811134701,1785477749503807636,1785477749813121555
55,lane3:F2:s12->s13,pp_message,forward,2,-1,12,3,195,211,12,13,-1,p2p,4712346,0,0,4712346,0,,,4861305447,4866017793,rank195:F2,0,1785477744811134701,1785477749672440148,1785477749677152494
55,rank211:F2,compute,forward,2,211,13,3,211,211,13,13,2,steady,311144119,311144119,0,0,0,1.785477749695356e+18,1.7854777500064998e+18,4866017793,5177161912,lane3:F2:s12->s13,178057204,1785477744811134701,1785477749677152494,1785477749988296613
55,lane3:F3:s11->s12,pp_message,forward,3,-1,11,3,179,195,11,12,-1,p2p,4712346,0,0,4712346,0,,,4869053893,4873766239,rank179:F3,0,1785477744811134701,1785477749680188594,1785477749684900940
55,rank195:F3,compute,forward,3,195,12,3,195,195,12,12,3,steady,308382381,308382381,0,0,0,1.7854777497078495e+18,1.785477750016232e+18,4873766239,5182148620,lane3:F3:s11->s12,12460792,1785477744811134701,1785477749684900940,1785477749993283321
55,rank243:B0,compute,backward,0,243,15,3,243,243,15,15,1,steady,367224511,367224511,0,0,0,1.7854777497101737e+18,1.785477750077398e+18,4885731115,5252955626,rank243:F0,0,1785477744811134701,1785477749696865816,1785477750064090327
55,lane3:F1:s14->s15,pp_message,forward,1,-1,14,3,227,243,14,15,-1,p2p,4712346,0,0,4712346,0,,,5001986854,5006699200,rank227:F1,0,1785477744811134701,1785477749813121555,1785477749817833901
55,lane3:F2:s13->s14,pp_message,forward,2,-1,13,3,211,227,13,14,-1,p2p,4712346,0,0,4712346,0,,,5177161912,5181874258,rank211:F2,0,1785477744811134701,1785477749988296613,1785477749993008959
55,lane3:F3:s12->s13,pp_message,forward,3,-1,12,3,195,211,12,13,-1,p2p,4712346,0,0,4712346,0,,,5182148620,5186860966,rank195:F3,0,1785477744811134701,1785477749993283321,1785477749997995667
55,lane3:B0:s15->s14,pp_message,backward,0,-1,15,3,243,227,15,14,-1,p2p,98176190,0,0,4712346,93463844,,,5252955626,5351131816,rank243:B0,0,1785477744811134701,1785477750064090327,1785477750162266517
55,rank227:B0,compute,backward,0,227,14,3,227,227,14,14,2,steady,708835847,708835847,0,0,0,1.7854777501759939e+18,1.7854777508848297e+18,5351131816,6059967663,lane3:B0:s15->s14,349144962,1785477744811134701,1785477750162266517,1785477750871102364
55,rank243:F1,compute,forward,1,243,15,3,243,243,15,15,2,steady,193055823,193055823,0,0,0,1.7854777501759212e+18,1.7854777503689772e+18,5351131816,5544187639,lane3:B0:s15->s14,98176190,1785477744811134701,1785477750162266517,1785477750355322340
55,rank243:B1,compute,backward,1,243,15,3,243,243,15,15,3,steady,365999411,365999411,0,0,0,1.7854777503691628e+18,1.785477750735162e+18,5544187639,5910187050,rank243:F1,0,1785477744811134701,1785477750355322340,1785477750721321751
55,lane3:B1:s15->s14,pp_message,backward,1,-1,15,3,243,227,15,14,-1,p2p,98176190,0,0,4712346,93463844,,,5910187050,6008363240,rank243:B1,0,1785477744811134701,1785477750721321751,1785477750819497941
55,lane3:B0:s14->s13,pp_message,backward,0,-1,14,3,227,211,14,13,-1,p2p,98176190,0,0,4712346,93463844,,,6059967663,6158143853,rank227:B0,0,1785477744811134701,1785477750871102364,1785477750969278554
55,rank211:B0,compute,backward,0,211,13,3,211,211,13,13,3,steady,687967944,687967944,0,0,0,1.7854777509836728e+18,1.7854777516716408e+18,6158143853,6846111797,lane3:B0:s14->s13,980981941,1785477744811134701,1785477750969278554,1785477751657246498
55,rank227:F2,compute,forward,2,227,14,3,227,227,14,14,3,steady,309614968,309614968,0,0,0,1.7854777509834496e+18,1.7854777512930647e+18,6158143853,6467758821,lane3:B0:s14->s13,98176190,1785477744811134701,1785477750969278554,1785477751278893522
55,lane3:F2:s14->s15,pp_message,forward,2,-1,14,3,227,243,14,15,-1,p2p,4712346,0,0,4712346,0,,,6467758821,6472471167,rank227:F2,0,1785477744811134701,1785477751278893522,1785477751283605868
55,rank227:B1,compute,backward,1,227,14,3,227,227,14,14,4,steady,678466233,678466233,0,0,0,1.7854777512989832e+18,1.7854777519774495e+18,6472471167,7150937400,lane3:F2:s14->s15,4712346,1785477744811134701,1785477751283605868,1785477751962072101
55,rank243:F2,compute,forward,2,243,15,3,243,243,15,15,4,steady,189903476,189903476,0,0,0,1.785477751298999e+18,1.7854777514889024e+18,6472471167,6662374643,lane3:F2:s14->s15,562284117,1785477744811134701,1785477751283605868,1785477751473509344
55,rank243:B2,compute,backward,2,243,15,3,243,243,15,15,5,steady,365670128,365670128,0,0,0,1.785477751489087e+18,1.785477751854757e+18,6662374643,7028044771,rank243:F2,0,1785477744811134701,1785477751473509344,1785477751839179472
55,lane3:B0:s13->s12,pp_message,backward,0,-1,13,3,211,195,13,12,-1,p2p,98176190,0,0,4712346,93463844,,,6846111797,6944287987,rank211:B0,0,1785477744811134701,1785477751657246498,1785477751755422688
55,rank195:B0,compute,backward,0,195,12,3,195,195,12,12,4,steady,681555404,681555404,0,0,0,1.7854777517719585e+18,1.7854777524535137e+18,6944287987,7625843391,lane3:B0:s13->s12,1762139367,1785477744811134701,1785477751755422688,1785477752436978092
55,rank211:F3,compute,forward,3,211,13,3,211,211,13,13,4,steady,312675283,312675283,0,0,0,1.785477751771761e+18,1.7854777520844362e+18,6944287987,7256963270,lane3:B0:s13->s12,98176190,1785477744811134701,1785477751755422688,1785477752068097971
55,lane3:B2:s15->s14,pp_message,backward,2,-1,15,3,243,227,15,14,-1,p2p,98176190,0,0,4712346,93463844,,,7028044771,7126220961,rank243:B2,0,1785477744811134701,1785477751839179472,1785477751937355662
55,lane3:B1:s14->s13,pp_message,backward,1,-1,14,3,227,211,14,13,-1,p2p,98176190,0,0,4712346,93463844,,,7150937400,7249113590,rank227:B1,0,1785477744811134701,1785477751962072101,1785477752060248291
55,lane3:F3:s13->s14,pp_message,forward,3,-1,13,3,211,227,13,14,-1,p2p,4712346,0,0,4712346,0,,,7256963270,7261675616,rank211:F3,0,1785477744811134701,1785477752068097971,1785477752072810317
55,rank211:B1,compute,backward,1,211,13,3,211,211,13,13,5,steady,685259869,685259869,0,0,0,1.7854777520903578e+18,1.7854777527756175e+18,7261675616,7946935485,lane3:F3:s13->s14,4712346,1785477744811134701,1785477752072810317,1785477752758070186
55,rank227:F3,compute,forward,3,227,14,3,227,227,14,14,5,steady,308633090,308633090,0,0,0,1.7854777520902833e+18,1.7854777523989164e+18,7261675616,7570308706,lane3:F3:s13->s14,110738216,1785477744811134701,1785477752072810317,1785477752381443407
55,lane3:F3:s14->s15,pp_message,forward,3,-1,14,3,227,243,14,15,-1,p2p,4712346,0,0,4712346,0,,,7570308706,7575021052,rank227:F3,0,1785477744811134701,1785477752381443407,1785477752386155753
55,rank227:B2,compute,backward,2,227,14,3,227,227,14,14,6,steady,687551238,687551238,0,0,0,1.785477752404806e+18,1.785477753092357e+18,7575021052,8262572290,lane3:F3:s14->s15,4712346,1785477744811134701,1785477752386155753,1785477753073706991
55,rank243:F3,compute,forward,3,243,15,3,243,243,15,15,6,steady,189536793,189536793,0,0,0,1.7854777524048097e+18,1.7854777525943465e+18,7575021052,7764557845,lane3:F3:s14->s15,546976281,1785477744811134701,1785477752386155753,1785477752575692546
55,lane3:B0:s12->s11,pp_message,backward,0,-1,12,3,195,179,12,11,-1,p2p,98176190,0,0,4712346,93463844,,,7625843391,7724019581,rank195:B0,0,1785477744811134701,1785477752436978092,1785477752535154282
55,rank179:B0,compute,backward,0,179,11,3,179,179,11,11,4,cooldown,674485415,674485415,0,0,0,1.7854777525517128e+18,1.7854777532261983e+18,7724019581,8398504996,lane3:B0:s12->s11,2854965688,1785477744811134701,1785477752535154282,1785477753209639697
55,rank243:B3,compute,backward,3,243,15,3,243,243,15,15,7,steady,369566294,369566294,0,0,0,1.7854777525945341e+18,1.7854777529641006e+18,7764557845,8134124139,rank243:F3,0,1785477744811134701,1785477752575692546,1785477752945258840
55,lane3:B1:s13->s12,pp_message,backward,1,-1,13,3,211,195,13,12,-1,p2p,98176190,0,0,4712346,93463844,,,7946935485,8045111675,rank211:B1,0,1785477744811134701,1785477752758070186,1785477752856246376
55,rank195:B1,compute,backward,1,195,12,3,195,195,12,12,5,cooldown,679198496,679198496,0,0,0,1.7854777528743122e+18,1.7854777535535107e+18,8045111675,8724310171,lane3:B1:s13->s12,419268284,1785477744811134701,1785477752856246376,1785477753535444872
55,lane3:B3:s15->s14,pp_message,backward,3,-1,15,3,243,227,15,14,-1,p2p,98176190,0,0,4712346,93463844,,,8134124139,8232300329,rank243:B3,0,1785477744811134701,1785477752945258840,1785477753043435030
55,lane3:B2:s14->s13,pp_message,backward,2,-1,14,3,227,211,14,13,-1,p2p,98176190,0,0,4712346,93463844,,,8262572290,8360748480,rank227:B2,0,1785477744811134701,1785477753073706991,1785477753171883181
55,rank211:B2,compute,backward,2,211,13,3,211,211,13,13,6,cooldown,691272956,691272956,0,0,0,1.7854777531902262e+18,1.7854777538814991e+18,8360748480,9052021436,lane3:B2:s14->s13,413812995,1785477744811134701,1785477753171883181,1785477753863156137
55,rank227:B3,compute,backward,3,227,14,3,227,227,14,14,7,cooldown,687230522,687230522,0,0,0,1.785477753195191e+18,1.7854777538824218e+18,8360748480,9047979002,lane3:B2:s14->s13,98176190,1785477744811134701,1785477753171883181,1785477753859113703
55,lane3:B0:s11->s10,pp_message,backward,0,-1,11,3,179,163,11,10,-1,p2p,98176190,0,0,4712346,93463844,,,8398504996,8496681186,rank179:B0,0,1785477744811134701,1785477753209639697,1785477753307815887
55,rank163:B0,compute,backward,0,163,10,3,163,163,10,10,4,cooldown,684877275,684877275,0,0,0,1.7854777533250993e+18,1.7854777540099766e+18,8496681186,9181558461,lane3:B0:s11->s10,3939462273,1785477744811134701,1785477753307815887,1785477753992693162
55,lane3:B1:s12->s11,pp_message,backward,1,-1,12,3,195,179,12,11,-1,p2p,98176190,0,0,4712346,93463844,,,8724310171,8822486361,rank195:B1,0,1785477744811134701,1785477753535444872,1785477753633621062
55,rank179:B1,compute,backward,1,179,11,3,179,179,11,11,5,cooldown,685769415,685769415,0,0,0,1.7854777536509076e+18,1.785477754336677e+18,8822486361,9508255776,lane3:B1:s12->s11,423981365,1785477744811134701,1785477753633621062,1785477754319390477
55,lane3:B3:s14->s13,pp_message,backward,3,-1,14,3,227,211,14,13,-1,p2p,98176190,0,0,4712346,93463844,,,9047979002,9146155192,rank227:B3,0,1785477744811134701,1785477753859113703,1785477753957289893
55,lane3:B2:s13->s12,pp_message,backward,2,-1,13,3,211,195,13,12,-1,p2p,98176190,0,0,4712346,93463844,,,9052021436,9150197626,rank211:B2,0,1785477744811134701,1785477753863156137,1785477753961332327
55,rank195:B2,compute,backward,2,195,12,3,195,195,12,12,6,cooldown,681093302,681093302,0,0,0,1.785477753980155e+18,1.7854777546612483e+18,9150197626,9831290928,lane3:B2:s13->s12,425887455,1785477744811134701,1785477753961332327,1785477754642425629
55,rank211:B3,compute,backward,3,211,13,3,211,211,13,13,7,cooldown,680535062,680535062,0,0,0,1.7854777539853596e+18,1.7854777546658947e+18,9150197626,9830732688,lane3:B2:s13->s12,98176190,1785477744811134701,1785477753961332327,1785477754641867389
55,lane3:B0:s10->s9,pp_message,backward,0,-1,10,3,163,147,10,9,-1,p2p,98176190,0,0,4712346,93463844,,,9181558461,9279734651,rank163:B0,0,1785477744811134701,1785477753992693162,1785477754090869352
55,rank147:B0,compute,backward,0,147,9,3,147,147,9,9,4,cooldown,703088531,703088531,0,0,0,1.785477754108543e+18,1.7854777548116316e+18,9279734651,9982823182,lane3:B0:s10->s9,5037843711,1785477744811134701,1785477754090869352,1785477754793957883
55,lane3:B1:s11->s10,pp_message,backward,1,-1,11,3,179,163,11,10,-1,p2p,98176190,0,0,4712346,93463844,,,9508255776,9606431966,rank179:B1,0,1785477744811134701,1785477754319390477,1785477754417566667
55,rank163:B1,compute,backward,1,163,10,3,163,163,10,10,5,cooldown,677000878,677000878,0,0,0,1.7854777544361574e+18,1.7854777551131581e+18,9606431966,10283432844,lane3:B1:s11->s10,424873505,1785477744811134701,1785477754417566667,1785477755094567545
55,lane3:B3:s13->s12,pp_message,backward,3,-1,13,3,211,195,13,12,-1,p2p,98176190,0,0,4712346,93463844,,,9830732688,9928908878,rank211:B3,0,1785477744811134701,1785477754641867389,1785477754740043579
55,lane3:B2:s12->s11,pp_message,backward,2,-1,12,3,195,179,12,11,-1,p2p,98176190,0,0,4712346,93463844,,,9831290928,9929467118,rank195:B2,0,1785477744811134701,1785477754642425629,1785477754740601819
55,rank179:B2,compute,backward,2,179,11,3,179,179,11,11,6,cooldown,683013837,683013837,0,0,0,1.7854777547594028e+18,1.7854777554424166e+18,9929467118,10612480955,lane3:B2:s12->s11,421211342,1785477744811134701,1785477754740601819,1785477755423615656
55,rank195:B3,compute,backward,3,195,12,3,195,195,12,12,7,cooldown,678716141,678716141,0,0,0,1.7854777547648228e+18,1.785477755443539e+18,9929467118,10608183259,lane3:B2:s12->s11,98176190,1785477744811134701,1785477754740601819,1785477755419317960
55,lane3:B0:s9->s8,pp_message,backward,0,-1,9,3,147,131,9,8,-1,p2p,98176190,0,0,4712346,93463844,,,9982823182,10080999372,rank147:B0,0,1785477744811134701,1785477754793957883,1785477754892134073
55,rank131:B0,compute,backward,0,131,8,3,131,131,8,8,4,cooldown,689450843,689450843,0,0,0,1.7854777549103585e+18,1.7854777555998095e+18,10080999372,10770450215,lane3:B0:s9->s8,6162675005,1785477744811134701,1785477754892134073,1785477755581584916
55,lane3:B1:s10->s9,pp_message,backward,1,-1,10,3,163,147,10,9,-1,p2p,98176190,0,0,4712346,93463844,,,10283432844,10381609034,rank163:B1,0,1785477744811134701,1785477755094567545,1785477755192743735
55,rank147:B1,compute,backward,1,147,9,3,147,147,9,9,5,cooldown,698698634,698698634,0,0,0,1.785477755211005e+18,1.7854777559097037e+18,10381609034,11080307668,lane3:B1:s10->s9,398785852,1785477744811134701,1785477755192743735,1785477755891442369
55,lane3:B3:s12->s11,pp_message,backward,3,-1,12,3,195,179,12,11,-1,p2p,98176190,0,0,4712346,93463844,,,10608183259,10706359449,rank195:B3,0,1785477744811134701,1785477755419317960,1785477755517494150
55,lane3:B2:s11->s10,pp_message,backward,2,-1,11,3,179,163,11,10,-1,p2p,98176190,0,0,4712346,93463844,,,10612480955,10710657145,rank179:B2,0,1785477744811134701,1785477755423615656,1785477755521791846
55,rank163:B2,compute,backward,2,163,10,3,163,163,10,10,6,cooldown,678256385,678256385,0,0,0,1.7854777555408955e+18,1.785477756219152e+18,10710657145,11388913530,lane3:B2:s11->s10,427224301,1785477744811134701,1785477755521791846,1785477756200048231
55,rank179:B3,compute,backward,3,179,11,3,179,179,11,11,7,cooldown,674910647,674910647,0,0,0,1.785477755546452e+18,1.7854777562213624e+18,10710657145,11385567792,lane3:B2:s11->s10,98176190,1785477744811134701,1785477755521791846,1785477756196702493
55,lane3:B0:s8->s7,pp_message,backward,0,-1,8,3,131,115,8,7,-1,p2p,98176190,0,0,4712346,93463844,,,10770450215,10868626405,rank131:B0,0,1785477744811134701,1785477755581584916,1785477755679761106
55,rank115:B0,compute,backward,0,115,7,3,115,115,7,7,4,cooldown,680639014,680639014,0,0,0,1.785477755698081e+18,1.78547775637872e+18,10868626405,11549265419,lane3:B0:s8->s7,7265978215,1785477744811134701,1785477755679761106,1785477756360400120
55,lane3:B1:s9->s8,pp_message,backward,1,-1,9,3,147,131,9,8,-1,p2p,98176190,0,0,4712346,93463844,,,11080307668,11178483858,rank147:B1,0,1785477744811134701,1785477755891442369,1785477755989618559
55,rank131:B1,compute,backward,1,131,8,3,131,131,8,8,5,cooldown,694173897,694173897,0,0,0,1.7854777560083866e+18,1.7854777567025605e+18,11178483858,11872657755,lane3:B1:s9->s8,408033643,1785477744811134701,1785477755989618559,1785477756683792456
55,lane3:B3:s11->s10,pp_message,backward,3,-1,11,3,179,163,11,10,-1,p2p,98176190,0,0,4712346,93463844,,,11385567792,11483743982,rank179:B3,0,1785477744811134701,1785477756196702493,1785477756294878683
55,lane3:B2:s10->s9,pp_message,backward,2,-1,10,3,163,147,10,9,-1,p2p,98176190,0,0,4712346,93463844,,,11388913530,11487089720,rank163:B2,0,1785477744811134701,1785477756200048231,1785477756298224421
55,rank147:B2,compute,backward,2,147,9,3,147,147,9,9,6,cooldown,700740855,700740855,0,0,0,1.7854777563172004e+18,1.7854777570179412e+18,11487089720,12187830575,lane3:B2:s10->s9,406782052,1785477744811134701,1785477756298224421,1785477756998965276
55,rank163:B3,compute,backward,3,163,10,3,163,163,10,10,7,cooldown,679156349,679156349,0,0,0,1.7854777563227415e+18,1.785477757001898e+18,11487089720,12166246069,lane3:B2:s10->s9,98176190,1785477744811134701,1785477756298224421,1785477756977380770
55,lane3:B0:s7->s6,pp_message,backward,0,-1,7,3,115,99,7,6,-1,p2p,98176190,0,0,4712346,93463844,,,11549265419,11647441609,rank115:B0,0,1785477744811134701,1785477756360400120,1785477756458576310
55,rank99:B0,compute,backward,0,99,6,3,99,99,6,6,4,cooldown,702015045,702015045,0,0,0,1.7854777564781699e+18,1.7854777571801848e+18,11647441609,12349456654,lane3:B0:s7->s6,8389877791,1785477744811134701,1785477756458576310,1785477757160591355
55,lane3:B1:s8->s7,pp_message,backward,1,-1,8,3,131,115,8,7,-1,p2p,98176190,0,0,4712346,93463844,,,11872657755,11970833945,rank131:B1,0,1785477744811134701,1785477756683792456,1785477756781968646
55,rank115:B1,compute,backward,1,115,7,3,115,115,7,7,5,cooldown,684553834,684553834,0,0,0,1.7854777568000543e+18,1.7854777574846083e+18,11970833945,12655387779,lane3:B1:s8->s7,421568526,1785477744811134701,1785477756781968646,1785477757466522480
55,lane3:B3:s10->s9,pp_message,backward,3,-1,10,3,163,147,10,9,-1,p2p,98176190,0,0,4712346,93463844,,,12166246069,12264422259,rank163:B3,0,1785477744811134701,1785477756977380770,1785477757075556960
55,lane3:B2:s9->s8,pp_message,backward,2,-1,9,3,147,131,9,8,-1,p2p,98176190,0,0,4712346,93463844,,,12187830575,12286006765,rank147:B2,0,1785477744811134701,1785477756998965276,1785477757097141466
55,rank131:B2,compute,backward,2,131,8,3,131,131,8,8,6,cooldown,689685143,689685143,0,0,0,1.785477757117438e+18,1.7854777578071232e+18,12286006765,12975691908,lane3:B2:s9->s8,413349010,1785477744811134701,1785477757097141466,1785477757786826609
55,rank147:B3,compute,backward,3,147,9,3,147,147,9,9,7,cooldown,697079329,697079329,0,0,0,1.7854777571226317e+18,1.785477757819711e+18,12286006765,12983086094,lane3:B2:s9->s8,98176190,1785477744811134701,1785477757097141466,1785477757794220795
55,lane3:B0:s6->s5,pp_message,backward,0,-1,6,3,99,83,6,5,-1,p2p,98176190,0,0,4712346,93463844,,,12349456654,12447632844,rank99:B0,0,1785477744811134701,1785477757160591355,1785477757258767545
55,rank83:B0,compute,backward,0,83,5,3,83,83,5,5,4,cooldown,711376386,711376386,0,0,0,1.7854777572787016e+18,1.785477757990078e+18,12447632844,13159009230,lane3:B0:s6->s5,9513656584,1785477744811134701,1785477757258767545,1785477757970143931
55,lane3:B1:s7->s6,pp_message,backward,1,-1,7,3,115,99,7,6,-1,p2p,98176190,0,0,4712346,93463844,,,12655387779,12753563969,rank115:B1,0,1785477744811134701,1785477757466522480,1785477757564698670
55,rank99:B1,compute,backward,1,99,6,3,99,99,6,6,5,cooldown,720727763,720727763,0,0,0,1.785477757583078e+18,1.7854777583038057e+18,12753563969,13474291732,lane3:B1:s7->s6,404107315,1785477744811134701,1785477757564698670,1785477758285426433
55,lane3:B2:s8->s7,pp_message,backward,2,-1,8,3,131,115,8,7,-1,p2p,98176190,0,0,4712346,93463844,,,12975691908,13073868098,rank131:B2,0,1785477744811134701,1785477757786826609,1785477757885002799
55,lane3:B3:s9->s8,pp_message,backward,3,-1,9,3,147,131,9,8,-1,p2p,98176190,0,0,4712346,93463844,,,12983086094,13081262284,rank147:B3,0,1785477744811134701,1785477757794220795,1785477757892396985
55,rank115:B2,compute,backward,2,115,7,3,115,115,7,7,6,cooldown,683126173,683126173,0,0,0,1.7854777579052787e+18,1.785477758588405e+18,13073868098,13756994271,lane3:B2:s8->s7,418480319,1785477744811134701,1785477757885002799,1785477758568128972
55,rank131:B3,compute,backward,3,131,8,3,131,131,8,8,7,cooldown,681395337,681395337,0,0,0,1.7854777579179374e+18,1.7854777585993326e+18,13081262284,13762657621,lane3:B3:s9->s8,105570376,1785477744811134701,1785477757892396985,1785477758573792322
55,lane3:B0:s5->s4,pp_message,backward,0,-1,5,3,83,67,5,4,-1,p2p,98176190,0,0,4712346,93463844,,,13159009230,13257185420,rank83:B0,0,1785477744811134701,1785477757970143931,1785477758068320121
55,rank67:B0,compute,backward,0,67,4,3,67,67,4,4,4,cooldown,698688013,698688013,0,0,0,1.7854777580864212e+18,1.7854777587851092e+18,13257185420,13955873433,lane3:B0:s5->s4,10659014411,1785477744811134701,1785477758068320121,1785477758767008134
55,lane3:B1:s6->s5,pp_message,backward,1,-1,6,3,99,83,6,5,-1,p2p,98176190,0,0,4712346,93463844,,,13474291732,13572467922,rank99:B1,0,1785477744811134701,1785477758285426433,1785477758383602623
55,rank83:B1,compute,backward,1,83,5,3,83,83,5,5,5,cooldown,704722710,704722710,0,0,0,1.7854777584025306e+18,1.7854777591072532e+18,13572467922,14277190632,lane3:B1:s6->s5,413458692,1785477744811134701,1785477758383602623,1785477759088325333
55,lane3:B2:s7->s6,pp_message,backward,2,-1,7,3,115,99,7,6,-1,p2p,98176190,0,0,4712346,93463844,,,13756994271,13855170461,rank115:B2,0,1785477744811134701,1785477758568128972,1785477758666305162
55,lane3:B3:s8->s7,pp_message,backward,3,-1,8,3,131,115,8,7,-1,p2p,98176190,0,0,4712346,93463844,,,13762657621,13860833811,rank131:B3,0,1785477744811134701,1785477758573792322,1785477758671968512
55,rank99:B2,compute,backward,2,99,6,3,99,99,6,6,6,cooldown,695248881,695248881,0,0,0,1.7854777586868897e+18,1.7854777593821386e+18,13855170461,14550419342,lane3:B2:s7->s6,380878729,1785477744811134701,1785477758666305162,1785477759361554043
55,rank115:B3,compute,backward,3,115,7,3,115,115,7,7,7,cooldown,679317595,679317595,0,0,0,1.7854777586984428e+18,1.7854777593777605e+18,13860833811,14540151406,lane3:B3:s8->s7,103839540,1785477744811134701,1785477758671968512,1785477759351286107
55,lane3:B0:s4->s3,pp_message,backward,0,-1,4,3,67,51,4,3,-1,p2p,98176190,0,0,4712346,93463844,,,13955873433,14054049623,rank67:B0,0,1785477744811134701,1785477758767008134,1785477758865184324
55,rank51:B0,compute,backward,0,51,3,3,51,51,3,3,4,cooldown,708260929,708260929,0,0,0,1.7854777588846792e+18,1.7854777595929403e+18,14054049623,14762310552,lane3:B0:s4->s3,11774231267,1785477744811134701,1785477758865184324,1785477759573445253
55,lane3:B1:s5->s4,pp_message,backward,1,-1,5,3,83,67,5,4,-1,p2p,98176190,0,0,4712346,93463844,,,14277190632,14375366822,rank83:B1,0,1785477744811134701,1785477759088325333,1785477759186501523
55,rank67:B1,compute,backward,1,67,4,3,67,67,4,4,5,cooldown,699437675,699437675,0,0,0,1.7854777592056463e+18,1.785477759905084e+18,14375366822,15074804497,lane3:B1:s5->s4,419493389,1785477744811134701,1785477759186501523,1785477759885939198
55,lane3:B3:s7->s6,pp_message,backward,3,-1,7,3,115,99,7,6,-1,p2p,98176190,0,0,4712346,93463844,,,14540151406,14638327596,rank115:B3,0,1785477744811134701,1785477759351286107,1785477759449462297
55,lane3:B2:s6->s5,pp_message,backward,2,-1,6,3,99,83,6,5,-1,p2p,98176190,0,0,4712346,93463844,,,14550419342,14648595532,rank99:B2,0,1785477744811134701,1785477759361554043,1785477759459730233
55,rank83:B2,compute,backward,2,83,5,3,83,83,5,5,6,cooldown,710824308,710824308,0,0,0,1.7854777594815163e+18,1.7854777601923405e+18,14648595532,15359419840,lane3:B2:s6->s5,371404900,1785477744811134701,1785477759459730233,1785477760170554541
55,rank99:B3,compute,backward,3,99,6,3,99,99,6,6,7,cooldown,689508798,689508798,0,0,0,1.7854777594865964e+18,1.7854777601761052e+18,14648595532,15338104330,lane3:B2:s6->s5,98176190,1785477744811134701,1785477759459730233,1785477760149239031
55,lane3:B0:s3->s2,pp_message,backward,0,-1,3,3,51,35,3,2,-1,p2p,98176190,0,0,4712346,93463844,,,14762310552,14860486742,rank51:B0,0,1785477744811134701,1785477759573445253,1785477759671621443
55,rank35:B0,compute,backward,0,35,2,3,35,35,2,2,4,cooldown,712698562,712698562,0,0,0,1.7854777596937126e+18,1.7854777604064113e+18,14860486742,15573185304,lane3:B0:s3->s2,12919423039,1785477744811134701,1785477759671621443,1785477760384320005
55,lane3:B1:s4->s3,pp_message,backward,1,-1,4,3,67,51,4,3,-1,p2p,98176190,0,0,4712346,93463844,,,15074804497,15172980687,rank67:B1,0,1785477744811134701,1785477759885939198,1785477759984115388
55,rank51:B1,compute,backward,1,51,3,3,51,51,3,3,5,cooldown,704767534,704767534,0,0,0,1.785477760001678e+18,1.7854777607064456e+18,15172980687,15877748221,lane3:B1:s4->s3,410670135,1785477744811134701,1785477759984115388,1785477760688882922
55,lane3:B3:s6->s5,pp_message,backward,3,-1,6,3,99,83,6,5,-1,p2p,98176190,0,0,4712346,93463844,,,15338104330,15436280520,rank99:B3,0,1785477744811134701,1785477760149239031,1785477760247415221
55,lane3:B2:s5->s4,pp_message,backward,2,-1,5,3,83,67,5,4,-1,p2p,98176190,0,0,4712346,93463844,,,15359419840,15457596030,rank83:B2,0,1785477744811134701,1785477760170554541,1785477760268730731
55,rank67:B2,compute,backward,2,67,4,3,67,67,4,4,6,cooldown,695240320,695240320,0,0,0,1.7854777602906998e+18,1.7854777609859402e+18,15457596030,16152836350,lane3:B2:s5->s4,382791533,1785477744811134701,1785477760268730731,1785477760963971051
55,rank83:B3,compute,backward,3,83,5,3,83,83,5,5,7,cooldown,685764493,685764493,0,0,0,1.7854777602961285e+18,1.785477760981893e+18,15457596030,16143360523,lane3:B2:s5->s4,98176190,1785477744811134701,1785477760268730731,1785477760954495224
55,lane3:B0:s2->s1,pp_message,backward,0,-1,2,3,35,19,2,1,-1,p2p,98176190,0,0,4712346,93463844,,,15573185304,15671361494,rank35:B0,0,1785477744811134701,1785477760384320005,1785477760482496195
55,rank19:B0,compute,backward,0,19,1,3,19,19,1,1,4,cooldown,722576956,722576956,0,0,0,1.785477760507114e+18,1.785477761229691e+18,15671361494,16393938450,lane3:B0:s2->s1,14193129586,1785477744811134701,1785477760482496195,1785477761205073151
55,lane3:B1:s3->s2,pp_message,backward,1,-1,3,3,51,35,3,2,-1,p2p,98176190,0,0,4712346,93463844,,,15877748221,15975924411,rank51:B1,0,1785477744811134701,1785477760688882922,1785477760787059112
55,rank35:B1,compute,backward,1,35,2,3,35,35,2,2,5,cooldown,708582526,708582526,0,0,0,1.7854777608053445e+18,1.7854777615139272e+18,15975924411,16684506937,lane3:B1:s3->s2,402739107,1785477744811134701,1785477760787059112,1785477761495641638
55,lane3:B3:s5->s4,pp_message,backward,3,-1,5,3,83,67,5,4,-1,p2p,98176190,0,0,4712346,93463844,,,16143360523,16241536713,rank83:B3,0,1785477744811134701,1785477760954495224,1785477761052671414
55,lane3:B2:s4->s3,pp_message,backward,2,-1,4,3,67,51,4,3,-1,p2p,98176190,0,0,4712346,93463844,,,16152836350,16251012540,rank67:B2,0,1785477744811134701,1785477760963971051,1785477761062147241
55,rank51:B2,compute,backward,2,51,3,3,51,51,3,3,6,cooldown,723795827,723795827,0,0,0,1.7854777610830684e+18,1.7854777618068641e+18,16251012540,16974808367,lane3:B2:s4->s3,373264319,1785477744811134701,1785477761062147241,1785477761785943068
55,rank67:B3,compute,backward,3,67,4,3,67,67,4,4,7,cooldown,696650922,696650922,0,0,0,1.7854777610884178e+18,1.7854777617850688e+18,16251012540,16947663462,lane3:B2:s4->s3,98176190,1785477744811134701,1785477761062147241,1785477761758798163
55,lane3:B0:s1->s0,pp_message,backward,0,-1,1,3,19,3,1,0,-1,p2p,98176190,0,0,4712346,93463844,,,16393938450,16492114640,rank19:B0,0,1785477744811134701,1785477761205073151,1785477761303249341
55,rank3:B0,compute,backward,0,3,0,3,3,3,0,0,4,cooldown,411703563,411703563,0,0,0,1.7854777613298757e+18,1.7854777617415793e+18,16492114640,16903818203,lane3:B0:s1->s0,15843419173,1785477744811134701,1785477761303249341,1785477761714952904
55,lane3:B1:s2->s1,pp_message,backward,1,-1,2,3,35,19,2,1,-1,p2p,98176190,0,0,4712346,93463844,,,16684506937,16782683127,rank35:B1,0,1785477744811134701,1785477761495641638,1785477761593817828
55,rank19:B1,compute,backward,1,19,1,3,19,19,1,1,5,cooldown,726421666,726421666,0,0,0,1.785477761613067e+18,1.7854777623394885e+18,16782683127,17509104793,lane3:B1:s2->s1,388744677,1785477744811134701,1785477761593817828,1785477762320239494
55,lane3:B3:s4->s3,pp_message,backward,3,-1,4,3,67,51,4,3,-1,p2p,98176190,0,0,4712346,93463844,,,16947663462,17045839652,rank67:B3,0,1785477744811134701,1785477761758798163,1785477761856974353
55,lane3:B2:s3->s2,pp_message,backward,2,-1,3,3,51,35,3,2,-1,p2p,98176190,0,0,4712346,93463844,,,16974808367,17072984557,rank51:B2,0,1785477744811134701,1785477761785943068,1785477761884119258
55,rank35:B2,compute,backward,2,35,2,3,35,35,2,2,6,cooldown,708342108,708342108,0,0,0,1.7854777619052134e+18,1.7854777626135557e+18,17072984557,17781326665,lane3:B2:s3->s2,388477620,1785477744811134701,1785477761884119258,1785477762592461366
55,rank51:B3,compute,backward,3,51,3,3,51,51,3,3,7,cooldown,717118801,717118801,0,0,0,1.7854777619104215e+18,1.7854777626275402e+18,17072984557,17790103358,lane3:B2:s3->s2,98176190,1785477744811134701,1785477761884119258,1785477762601238059
55,lane3:B1:s1->s0,pp_message,backward,1,-1,1,3,19,3,1,0,-1,p2p,98176190,0,0,4712346,93463844,,,17509104793,17607280983,rank19:B1,0,1785477744811134701,1785477762320239494,1785477762418415684
55,rank3:B1,compute,backward,1,3,0,3,3,3,0,0,5,cooldown,407515190,407515190,0,0,0,1.7854777624373576e+18,1.7854777628448727e+18,17607280983,18014796173,lane3:B1:s1->s0,703462780,1785477744811134701,1785477762418415684,1785477762825930874
55,lane3:B2:s2->s1,pp_message,backward,2,-1,2,3,35,19,2,1,-1,p2p,98176190,0,0,4712346,93463844,,,17781326665,17879502855,rank35:B2,0,1785477744811134701,1785477762592461366,1785477762690637556
55,lane3:B3:s3->s2,pp_message,backward,3,-1,3,3,51,35,3,2,-1,p2p,98176190,0,0,4712346,93463844,,,17790103358,17888279548,rank51:B3,0,1785477744811134701,1785477762601238059,1785477762699414249
55,rank19:B2,compute,backward,2,19,1,3,19,19,1,1,6,cooldown,730627177,730627177,0,0,0,1.785477762712446e+18,1.785477763443073e+18,17879502855,18610130032,lane3:B2:s2->s1,370398062,1785477744811134701,1785477762690637556,1785477763421264733
55,rank35:B3,compute,backward,3,35,2,3,35,35,2,2,7,cooldown,702703290,702703290,0,0,0,1.785477762726066e+18,1.7854777634287693e+18,17888279548,18590982838,lane3:B3:s3->s2,106952883,1785477744811134701,1785477762699414249,1785477763402117539
55,lane3:B3:s2->s1,pp_message,backward,3,-1,2,3,35,19,2,1,-1,p2p,98176190,0,0,4712346,93463844,,,18590982838,18689159028,rank35:B3,0,1785477744811134701,1785477763402117539,1785477763500293729
55,lane3:B2:s1->s0,pp_message,backward,2,-1,1,3,19,3,1,0,-1,p2p,98176190,0,0,4712346,93463844,,,18610130032,18708306222,rank19:B2,0,1785477744811134701,1785477763421264733,1785477763519440923
55,rank19:B3,compute,backward,3,19,1,3,19,19,1,1,7,cooldown,722653601,722653601,0,0,0,1.7854777635461998e+18,1.7854777642688535e+18,18708306222,19430959823,lane3:B2:s1->s0,98176190,1785477744811134701,1785477763519440923,1785477764242094524
55,rank3:B2,compute,backward,2,3,0,3,3,3,0,0,6,cooldown,408726173,408726173,0,0,0,1.7854777635407634e+18,1.7854777639494897e+18,18708306222,19117032395,lane3:B2:s1->s0,693510049,1785477744811134701,1785477763519440923,1785477763928167096
55,lane3:B3:s1->s0,pp_message,backward,3,-1,1,3,19,3,1,0,-1,p2p,98176190,0,0,4712346,93463844,,,19430959823,19529136013,rank19:B3,0,1785477744811134701,1785477764242094524,1785477764340270714
55,rank3:B3,compute,backward,3,3,0,3,3,3,0,0,7,cooldown,405564248,405564248,0,0,0,1.7854777643673216e+18,1.7854777647728858e+18,19529136013,19934700261,lane3:B3:s1->s0,412103618,1785477744811134701,1785477764340270714,1785477764745834962
55,rank4:F0,compute,forward,0,4,0,4,4,4,0,0,0,warmup,162375113,162375113,0,0,0,1.7854777448089242e+18,1.7854777449712993e+18,0,162375113,,0,1785477744808924105,1785477744808924105,1785477744971299218
55,lane4:F0:s0->s1,pp_message,forward,0,-1,0,4,4,20,0,1,-1,p2p,4712346,0,0,4712346,0,,,162375113,167087459,rank4:F0,0,1785477744808924105,1785477744971299218,1785477744976011564
55,rank20:F0,compute,forward,0,20,1,4,20,20,1,1,0,warmup,325676368,325676368,0,0,0,1.7854777449764897e+18,1.785477745302166e+18,167087459,492763827,lane4:F0:s0->s1,167087459,1785477744808924105,1785477744976011564,1785477745301687932
55,rank4:F1,compute,forward,1,4,0,4,4,4,0,0,1,warmup,158199210,158199210,0,0,0,1.7854777449765806e+18,1.78547774513478e+18,167087459,325286669,lane4:F0:s0->s1,4712346,1785477744808924105,1785477744976011564,1785477745134210774
55,lane4:F1:s0->s1,pp_message,forward,1,-1,0,4,4,20,0,1,-1,p2p,4712346,0,0,4712346,0,,,325286669,329999015,rank4:F1,0,1785477744808924105,1785477745134210774,1785477745138923120
55,rank4:F2,compute,forward,2,4,0,4,4,4,0,0,2,warmup,158732385,158732385,0,0,0,1.7854777453123425e+18,1.785477745471075e+18,329999015,488731400,lane4:F1:s0->s1,4712346,1785477744808924105,1785477745138923120,1785477745297655505
55,lane4:F2:s0->s1,pp_message,forward,2,-1,0,4,4,20,0,1,-1,p2p,4712346,0,0,4712346,0,,,488731400,493443746,rank4:F2,0,1785477744808924105,1785477745297655505,1785477745302367851
55,lane4:F0:s1->s2,pp_message,forward,0,-1,1,4,20,36,1,2,-1,p2p,4712346,0,0,4712346,0,,,492763827,497476173,rank20:F0,0,1785477744808924105,1785477745301687932,1785477745306400278
55,rank4:F3,compute,forward,3,4,0,4,4,4,0,0,3,warmup,158019087,158019087,0,0,0,1.7854777456492918e+18,1.7854777458073108e+18,493443746,651462833,lane4:F2:s0->s1,4712346,1785477744808924105,1785477745302367851,1785477745460386938
55,rank20:F1,compute,forward,1,20,1,4,20,20,1,1,1,warmup,326755949,326755949,0,0,0,1.7854777453121915e+18,1.7854777456389476e+18,497476173,824232122,lane4:F0:s1->s2,4712346,1785477744808924105,1785477745306400278,1785477745633156227
55,rank36:F0,compute,forward,0,36,2,4,36,36,2,2,0,warmup,321407399,321407399,0,0,0,1.7854777453072433e+18,1.7854777456286508e+18,497476173,818883572,lane4:F0:s1->s2,497476173,1785477744808924105,1785477745306400278,1785477745627807677
55,lane4:F3:s0->s1,pp_message,forward,3,-1,0,4,4,20,0,1,-1,p2p,4712346,0,0,4712346,0,,,651462833,656175179,rank4:F3,0,1785477744808924105,1785477745460386938,1785477745465099284
55,lane4:F0:s2->s3,pp_message,forward,0,-1,2,4,36,52,2,3,-1,p2p,4712346,0,0,4712346,0,,,818883572,823595918,rank36:F0,0,1785477744808924105,1785477745627807677,1785477745632520023
55,rank52:F0,compute,forward,0,52,3,4,52,52,3,3,0,warmup,317215823,317215823,0,0,0,1.7854777456339643e+18,1.78547774595118e+18,823595918,1140811741,lane4:F0:s2->s3,823595918,1785477744808924105,1785477745632520023,1785477745949735846
55,lane4:F1:s1->s2,pp_message,forward,1,-1,1,4,20,36,1,2,-1,p2p,4712346,0,0,4712346,0,,,824232122,828944468,rank20:F1,0,1785477744808924105,1785477745633156227,1785477745637868573
55,rank20:F2,compute,forward,2,20,1,4,20,20,1,1,2,warmup,324865285,324865285,0,0,0,1.785477745649108e+18,1.7854777459739732e+18,828944468,1153809753,lane4:F1:s1->s2,4712346,1785477744808924105,1785477745637868573,1785477745962733858
55,rank36:F1,compute,forward,1,36,2,4,36,36,2,2,1,warmup,323013672,323013672,0,0,0,1.7854777456439695e+18,1.7854777459669834e+18,828944468,1151958140,lane4:F1:s1->s2,10060896,1785477744808924105,1785477745637868573,1785477745960882245
55,lane4:F0:s3->s4,pp_message,forward,0,-1,3,4,52,68,3,4,-1,p2p,4712346,0,0,4712346,0,,,1140811741,1145524087,rank52:F0,0,1785477744808924105,1785477745949735846,1785477745954448192
55,rank68:F0,compute,forward,0,68,4,4,68,68,4,4,0,warmup,335532539,335532539,0,0,0,1.7854777459564675e+18,1.785477746292e+18,1145524087,1481056626,lane4:F0:s3->s4,1145524087,1785477744808924105,1785477745954448192,1785477746289980731
55,lane4:F1:s2->s3,pp_message,forward,1,-1,2,4,36,52,2,3,-1,p2p,4712346,0,0,4712346,0,,,1151958140,1156670486,rank36:F1,0,1785477744808924105,1785477745960882245,1785477745965594591
55,lane4:F2:s1->s2,pp_message,forward,2,-1,1,4,20,36,1,2,-1,p2p,4712346,0,0,4712346,0,,,1153809753,1158522099,rank20:F2,0,1785477744808924105,1785477745962733858,1785477745967446204
55,rank52:F1,compute,forward,1,52,3,4,52,52,3,3,1,warmup,314164286,314164286,0,0,0,1.7854777459720238e+18,1.785477746286188e+18,1156670486,1470834772,lane4:F1:s2->s3,15858745,1785477744808924105,1785477745965594591,1785477746279758877
55,rank20:F3,compute,forward,3,20,1,4,20,20,1,1,3,warmup,322832329,322832329,0,0,0,1.7854777459839007e+18,1.785477746306733e+18,1158522099,1481354428,lane4:F2:s1->s2,4712346,1785477744808924105,1785477745967446204,1785477746290278533
55,rank36:F2,compute,forward,2,36,2,4,36,36,2,2,2,warmup,463738954,463738954,0,0,0,1.785477745978855e+18,1.785477746442594e+18,1158522099,1622261053,lane4:F2:s1->s2,6563959,1785477744808924105,1785477745967446204,1785477746431185158
55,lane4:F1:s3->s4,pp_message,forward,1,-1,3,4,52,68,3,4,-1,p2p,4712346,0,0,4712346,0,,,1470834772,1475547118,rank52:F1,0,1785477744808924105,1785477746279758877,1785477746284471223
55,lane4:F0:s4->s5,pp_message,forward,0,-1,4,4,68,84,4,5,-1,p2p,4712346,0,0,4712346,0,,,1481056626,1485768972,rank68:F0,0,1785477744808924105,1785477746289980731,1785477746294693077
55,lane4:F3:s1->s2,pp_message,forward,3,-1,1,4,20,36,1,2,-1,p2p,4712346,0,0,4712346,0,,,1481354428,1486066774,rank20:F3,0,1785477744808924105,1785477746290278533,1785477746294990879
55,rank68:F1,compute,forward,1,68,4,4,68,68,4,4,1,warmup,317110620,317110620,0,0,0,1.7854777463022825e+18,1.785477746619393e+18,1485768972,1802879592,lane4:F0:s4->s5,4712346,1785477744808924105,1785477746294693077,1785477746611803697
55,rank84:F0,compute,forward,0,84,5,4,84,84,5,5,0,warmup,314920094,314920094,0,0,0,1.7854777462975073e+18,1.7854777466124275e+18,1485768972,1800689066,lane4:F0:s4->s5,1485768972,1785477744808924105,1785477746294693077,1785477746609613171
55,lane4:F2:s2->s3,pp_message,forward,2,-1,2,4,36,52,2,3,-1,p2p,4712346,0,0,4712346,0,,,1622261053,1626973399,rank36:F2,0,1785477744808924105,1785477746431185158,1785477746435897504
55,rank36:F3,compute,forward,3,36,2,4,36,36,2,2,3,warmup,317187034,317187034,0,0,0,1.7854777464528346e+18,1.7854777467700216e+18,1626973399,1944160433,lane4:F2:s2->s3,4712346,1785477744808924105,1785477746435897504,1785477746753084538
55,rank52:F2,compute,forward,2,52,3,4,52,52,3,3,2,warmup,315033668,315033668,0,0,0,1.7854777464476892e+18,1.7854777467627228e+18,1626973399,1942007067,lane4:F2:s2->s3,156138627,1785477744808924105,1785477746435897504,1785477746750931172
55,lane4:F0:s5->s6,pp_message,forward,0,-1,5,4,84,100,5,6,-1,p2p,4712346,0,0,4712346,0,,,1800689066,1805401412,rank84:F0,0,1785477744808924105,1785477746609613171,1785477746614325517
55,lane4:F1:s4->s5,pp_message,forward,1,-1,4,4,68,84,4,5,-1,p2p,4712346,0,0,4712346,0,,,1802879592,1807591938,rank68:F1,0,1785477744808924105,1785477746611803697,1785477746616516043
55,rank100:F0,compute,forward,0,100,6,4,100,100,6,6,0,warmup,317939761,317939761,0,0,0,1.7854777466181517e+18,1.7854777469360916e+18,1805401412,2123341173,lane4:F0:s5->s6,1805401412,1785477744808924105,1785477746614325517,1785477746932265278
55,rank84:F1,compute,forward,1,84,5,4,84,84,5,5,1,warmup,312901785,312901785,0,0,0,1.7854777466245734e+18,1.7854777469374753e+18,1807591938,2120493723,lane4:F1:s4->s5,6902872,1785477744808924105,1785477746616516043,1785477746929417828
55,lane4:F2:s3->s4,pp_message,forward,2,-1,3,4,52,68,3,4,-1,p2p,4712346,0,0,4712346,0,,,1942007067,1946719413,rank52:F2,0,1785477744808924105,1785477746750931172,1785477746755643518
55,lane4:F3:s2->s3,pp_message,forward,3,-1,2,4,36,52,2,3,-1,p2p,4712346,0,0,4712346,0,,,1944160433,1948872779,rank36:F3,0,1785477744808924105,1785477746753084538,1785477746757796884
55,rank68:F2,compute,forward,2,68,4,4,68,68,4,4,2,warmup,315926438,315926438,0,0,0,1.785477746768e+18,1.7854777470839263e+18,1946719413,2262645851,lane4:F2:s3->s4,143839821,1785477744808924105,1785477746755643518,1785477747071569956
55,rank52:F3,compute,forward,3,52,3,4,52,52,3,3,3,warmup,333987697,333987697,0,0,0,1.785477746775026e+18,1.7854777471090138e+18,1948872779,2282860476,lane4:F3:s2->s3,6865712,1785477744808924105,1785477746757796884,1785477747091784581
55,lane4:F1:s5->s6,pp_message,forward,1,-1,5,4,84,100,5,6,-1,p2p,4712346,0,0,4712346,0,,,2120493723,2125206069,rank84:F1,0,1785477744808924105,1785477746929417828,1785477746934130174
55,lane4:F0:s6->s7,pp_message,forward,0,-1,6,4,100,116,6,7,-1,p2p,4712346,0,0,4712346,0,,,2123341173,2128053519,rank100:F0,0,1785477744808924105,1785477746932265278,1785477746936977624
55,rank100:F1,compute,forward,1,100,6,4,100,100,6,6,1,warmup,316695104,316695104,0,0,0,1.7854777469464456e+18,1.7854777472631406e+18,2128053519,2444748623,lane4:F0:s6->s7,4712346,1785477744808924105,1785477746936977624,1785477747253672728
55,rank116:F0,compute,forward,0,116,7,4,116,116,7,7,0,warmup,316953007,316953007,0,0,0,1.7854777469414927e+18,1.7854777472584458e+18,2128053519,2445006526,lane4:F0:s6->s7,2128053519,1785477744808924105,1785477746936977624,1785477747253930631
55,lane4:F2:s4->s5,pp_message,forward,2,-1,4,4,68,84,4,5,-1,p2p,4712346,0,0,4712346,0,,,2262645851,2267358197,rank68:F2,0,1785477744808924105,1785477747071569956,1785477747076282302
55,rank84:F2,compute,forward,2,84,5,4,84,84,5,5,2,warmup,352309907,352309907,0,0,0,1.7854777470892547e+18,1.7854777474415647e+18,2267358197,2619668104,lane4:F2:s4->s5,146864474,1785477744808924105,1785477747076282302,1785477747428592209
55,lane4:F3:s3->s4,pp_message,forward,3,-1,3,4,52,68,3,4,-1,p2p,4712346,0,0,4712346,0,,,2282860476,2287572822,rank52:F3,0,1785477744808924105,1785477747091784581,1785477747096496927
55,rank68:F3,compute,forward,3,68,4,4,68,68,4,4,3,warmup,313630016,313630016,0,0,0,1.7854777471141972e+18,1.7854777474278272e+18,2287572822,2601202838,lane4:F3:s3->s4,24926971,1785477744808924105,1785477747096496927,1785477747410126943
55,lane4:F1:s6->s7,pp_message,forward,1,-1,6,4,100,116,6,7,-1,p2p,4712346,0,0,4712346,0,,,2444748623,2449460969,rank100:F1,0,1785477744808924105,1785477747253672728,1785477747258385074
55,lane4:F0:s7->s8,pp_message,forward,0,-1,7,4,116,132,7,8,-1,p2p,4712346,0,0,4712346,0,,,2445006526,2449718872,rank116:F0,0,1785477744808924105,1785477747253930631,1785477747258642977
55,rank116:F1,compute,forward,1,116,7,4,116,116,7,7,1,warmup,314142474,314142474,0,0,0,1.7854777472687357e+18,1.7854777475828782e+18,2449718872,2763861346,lane4:F0:s7->s8,4712346,1785477744808924105,1785477747258642977,1785477747572785451
55,rank132:F0,compute,forward,0,132,8,4,132,132,8,8,0,warmup,313353585,313353585,0,0,0,1.785477747263857e+18,1.7854777475772104e+18,2449718872,2763072457,lane4:F0:s7->s8,2449718872,1785477744808924105,1785477747258642977,1785477747571996562
55,lane4:F3:s4->s5,pp_message,forward,3,-1,4,4,68,84,4,5,-1,p2p,4712346,0,0,4712346,0,,,2601202838,2605915184,rank68:F3,0,1785477744808924105,1785477747410126943,1785477747414839289
55,lane4:F2:s5->s6,pp_message,forward,2,-1,5,4,84,100,5,6,-1,p2p,4712346,0,0,4712346,0,,,2619668104,2624380450,rank84:F2,0,1785477744808924105,1785477747428592209,1785477747433304555
55,rank100:F2,compute,forward,2,100,6,4,100,100,6,6,2,warmup,316280243,316280243,0,0,0,1.7854777474467174e+18,1.7854777477629978e+18,2624380450,2940660693,lane4:F2:s5->s6,179631827,1785477744808924105,1785477747433304555,1785477747749584798
55,rank84:F3,compute,forward,3,84,5,4,84,84,5,5,3,warmup,312507330,312507330,0,0,0,1.785477747451766e+18,1.7854777477642734e+18,2624380450,2936887780,lane4:F2:s5->s6,4712346,1785477744808924105,1785477747433304555,1785477747745811885
55,lane4:F0:s8->s9,pp_message,forward,0,-1,8,4,132,148,8,9,-1,p2p,4712346,0,0,4712346,0,,,2763072457,2767784803,rank132:F0,0,1785477744808924105,1785477747571996562,1785477747576708908
55,lane4:F1:s7->s8,pp_message,forward,1,-1,7,4,116,132,7,8,-1,p2p,4712346,0,0,4712346,0,,,2763861346,2768573692,rank116:F1,0,1785477744808924105,1785477747572785451,1785477747577497797
55,rank148:F0,compute,forward,0,148,9,4,148,148,9,9,0,warmup,320763585,320763585,0,0,0,1.785477747582385e+18,1.7854777479031485e+18,2767784803,3088548388,lane4:F0:s8->s9,2767784803,1785477744808924105,1785477747576708908,1785477747897472493
55,rank132:F1,compute,forward,1,132,8,4,132,132,8,8,1,warmup,310514055,310514055,0,0,0,1.7854777475880307e+18,1.7854777478985446e+18,2768573692,3079087747,lane4:F1:s7->s8,5501235,1785477744808924105,1785477747577497797,1785477747888011852
55,lane4:F3:s5->s6,pp_message,forward,3,-1,5,4,84,100,5,6,-1,p2p,4712346,0,0,4712346,0,,,2936887780,2941600126,rank84:F3,0,1785477744808924105,1785477747745811885,1785477747750524231
55,lane4:F2:s6->s7,pp_message,forward,2,-1,6,4,100,116,6,7,-1,p2p,4712346,0,0,4712346,0,,,2940660693,2945373039,rank100:F2,0,1785477744808924105,1785477747749584798,1785477747754297144
55,rank100:F3,compute,forward,3,100,6,4,100,100,6,6,3,warmup,315664349,315664349,0,0,0,1.7854777477731917e+18,1.7854777480888558e+18,2945373039,3261037388,lane4:F2:s6->s7,4712346,1785477744808924105,1785477747754297144,1785477748069961493
55,rank116:F2,compute,forward,2,116,7,4,116,116,7,7,2,warmup,310759639,310759639,0,0,0,1.7854777477681242e+18,1.7854777480788838e+18,2945373039,3256132678,lane4:F2:s6->s7,181511693,1785477744808924105,1785477747754297144,1785477748065056783
55,lane4:F1:s8->s9,pp_message,forward,1,-1,8,4,132,148,8,9,-1,p2p,4712346,0,0,4712346,0,,,3079087747,3083800093,rank132:F1,0,1785477744808924105,1785477747888011852,1785477747892724198
55,lane4:F0:s9->s10,pp_message,forward,0,-1,9,4,148,164,9,10,-1,p2p,4712346,0,0,4712346,0,,,3088548388,3093260734,rank148:F0,0,1785477744808924105,1785477747897472493,1785477747902184839
55,rank148:F1,compute,forward,1,148,9,4,148,148,9,9,1,warmup,318432407,318432407,0,0,0,1.7854777479134464e+18,1.785477748231879e+18,3093260734,3411693141,lane4:F0:s9->s10,4712346,1785477744808924105,1785477747902184839,1785477748220617246
55,rank164:F0,compute,forward,0,164,10,4,164,164,10,10,0,warmup,320352418,320352418,0,0,0,1.7854777479090373e+18,1.7854777482293898e+18,3093260734,3413613152,lane4:F0:s9->s10,3093260734,1785477744808924105,1785477747902184839,1785477748222537257
55,lane4:F2:s7->s8,pp_message,forward,2,-1,7,4,116,132,7,8,-1,p2p,4712346,0,0,4712346,0,,,3256132678,3260845024,rank116:F2,0,1785477744808924105,1785477748065056783,1785477748069769129
55,rank132:F2,compute,forward,2,132,8,4,132,132,8,8,2,warmup,311242629,311242629,0,0,0,1.7854777480840438e+18,1.7854777483952865e+18,3260845024,3572087653,lane4:F2:s7->s8,181757277,1785477744808924105,1785477748069769129,1785477748381011758
55,lane4:F3:s6->s7,pp_message,forward,3,-1,6,4,100,116,6,7,-1,p2p,4712346,0,0,4712346,0,,,3261037388,3265749734,rank100:F3,0,1785477744808924105,1785477748069961493,1785477748074673839
55,rank116:F3,compute,forward,3,116,7,4,116,116,7,7,3,warmup,340575342,340575342,0,0,0,1.785477748093969e+18,1.785477748434544e+18,3265749734,3606325076,lane4:F3:s6->s7,9617056,1785477744808924105,1785477748074673839,1785477748415249181
55,lane4:F1:s9->s10,pp_message,forward,1,-1,9,4,148,164,9,10,-1,p2p,4712346,0,0,4712346,0,,,3411693141,3416405487,rank148:F1,0,1785477744808924105,1785477748220617246,1785477748225329592
55,lane4:F0:s10->s11,pp_message,forward,0,-1,10,4,164,180,10,11,-1,p2p,4712346,0,0,4712346,0,,,3413613152,3418325498,rank164:F0,0,1785477744808924105,1785477748222537257,1785477748227249603
55,rank164:F1,compute,forward,1,164,10,4,164,164,10,10,1,warmup,324374387,324374387,0,0,0,1.785477748239745e+18,1.7854777485641196e+18,3418325498,3742699885,lane4:F0:s10->s11,4712346,1785477744808924105,1785477748227249603,1785477748551623990
55,rank180:F0,compute,forward,0,180,11,4,180,180,11,11,0,warmup,311233764,311233764,0,0,0,1.7854777482351654e+18,1.7854777485463992e+18,3418325498,3729559262,lane4:F0:s10->s11,3418325498,1785477744808924105,1785477748227249603,1785477748538483367
55,lane4:F2:s8->s9,pp_message,forward,2,-1,8,4,132,148,8,9,-1,p2p,4712346,0,0,4712346,0,,,3572087653,3576799999,rank132:F2,0,1785477744808924105,1785477748381011758,1785477748385724104
55,rank148:F2,compute,forward,2,148,9,4,148,148,9,9,2,warmup,318711732,318711732,0,0,0,1.7854777484003492e+18,1.785477748719061e+18,3576799999,3895511731,lane4:F2:s8->s9,165106858,1785477744808924105,1785477748385724104,1785477748704435836
55,lane4:F3:s7->s8,pp_message,forward,3,-1,7,4,116,132,7,8,-1,p2p,4712346,0,0,4712346,0,,,3606325076,3611037422,rank116:F3,0,1785477744808924105,1785477748415249181,1785477748419961527
55,rank132:F3,compute,forward,3,132,8,4,132,132,8,8,3,warmup,310965808,310965808,0,0,0,1.785477748439703e+18,1.7854777487506688e+18,3611037422,3922003230,lane4:F3:s7->s8,38949769,1785477744808924105,1785477748419961527,1785477748730927335
55,lane4:F0:s11->s12,pp_message,forward,0,-1,11,4,180,196,11,12,-1,p2p,4712346,0,0,4712346,0,,,3729559262,3734271608,rank180:F0,0,1785477744808924105,1785477748538483367,1785477748543195713
55,rank196:F0,compute,forward,0,196,12,4,196,196,12,12,0,warmup,312791569,312791569,0,0,0,1.7854777485522304e+18,1.785477748865022e+18,3734271608,4047063177,lane4:F0:s11->s12,3734271608,1785477744808924105,1785477748543195713,1785477748855987282
55,lane4:F1:s10->s11,pp_message,forward,1,-1,10,4,164,180,10,11,-1,p2p,4712346,0,0,4712346,0,,,3742699885,3747412231,rank164:F1,0,1785477744808924105,1785477748551623990,1785477748556336336
55,rank180:F1,compute,forward,1,180,11,4,180,180,11,11,1,warmup,316116279,316116279,0,0,0,1.7854777485692652e+18,1.7854777488853814e+18,3747412231,4063528510,lane4:F1:s10->s11,17852969,1785477744808924105,1785477748556336336,1785477748872452615
55,lane4:F2:s9->s10,pp_message,forward,2,-1,9,4,148,164,9,10,-1,p2p,4712346,0,0,4712346,0,,,3895511731,3900224077,rank148:F2,0,1785477744808924105,1785477748704435836,1785477748709148182
55,rank164:F2,compute,forward,2,164,10,4,164,164,10,10,2,warmup,333471705,333471705,0,0,0,1.7854777487243748e+18,1.7854777490578465e+18,3900224077,4233695782,lane4:F2:s9->s10,157524192,1785477744808924105,1785477748709148182,1785477749042619887
55,lane4:F3:s8->s9,pp_message,forward,3,-1,8,4,132,148,8,9,-1,p2p,4712346,0,0,4712346,0,,,3922003230,3926715576,rank132:F3,0,1785477744808924105,1785477748730927335,1785477748735639681
55,rank148:F3,compute,forward,3,148,9,4,148,148,9,9,3,warmup,318981823,318981823,0,0,0,1.7854777487557005e+18,1.7854777490746824e+18,3926715576,4245697399,lane4:F3:s8->s9,31203845,1785477744808924105,1785477748735639681,1785477749054621504
55,lane4:F0:s12->s13,pp_message,forward,0,-1,12,4,196,212,12,13,-1,p2p,4712346,0,0,4712346,0,,,4047063177,4051775523,rank196:F0,0,1785477744808924105,1785477748855987282,1785477748860699628
55,rank212:F0,compute,forward,0,212,13,4,212,212,13,13,0,warmup,314934722,314934722,0,0,0,1.785477748871504e+18,1.7854777491864384e+18,4051775523,4366710245,lane4:F0:s12->s13,4051775523,1785477744808924105,1785477748860699628,1785477749175634350
55,lane4:F1:s11->s12,pp_message,forward,1,-1,11,4,180,196,11,12,-1,p2p,4712346,0,0,4712346,0,,,4063528510,4068240856,rank180:F1,0,1785477744808924105,1785477748872452615,1785477748877164961
55,rank196:F1,compute,forward,1,196,12,4,196,196,12,12,1,warmup,307781828,307781828,0,0,0,1.785477748890384e+18,1.7854777491981658e+18,4068240856,4376022684,lane4:F1:s11->s12,21177679,1785477744808924105,1785477748877164961,1785477749184946789
55,lane4:F2:s10->s11,pp_message,forward,2,-1,10,4,164,180,10,11,-1,p2p,4712346,0,0,4712346,0,,,4233695782,4238408128,rank164:F2,0,1785477744808924105,1785477749042619887,1785477749047332233
55,rank180:F2,compute,forward,2,180,11,4,180,180,11,11,2,warmup,309294414,309294414,0,0,0,1.7854777490629804e+18,1.7854777493722747e+18,4238408128,4547702542,lane4:F2:s10->s11,174879618,1785477744808924105,1785477749047332233,1785477749356626647
55,lane4:F3:s9->s10,pp_message,forward,3,-1,9,4,148,164,9,10,-1,p2p,4712346,0,0,4712346,0,,,4245697399,4250409745,rank148:F3,0,1785477744808924105,1785477749054621504,1785477749059333850
55,rank164:F3,compute,forward,3,164,10,4,164,164,10,10,3,warmup,310624376,310624376,0,0,0,1.7854777490798868e+18,1.785477749390511e+18,4250409745,4561034121,lane4:F3:s9->s10,16713963,1785477744808924105,1785477749059333850,1785477749369958226
55,lane4:F0:s13->s14,pp_message,forward,0,-1,13,4,212,228,13,14,-1,p2p,4712346,0,0,4712346,0,,,4366710245,4371422591,rank212:F0,0,1785477744808924105,1785477749175634350,1785477749180346696
55,rank228:F0,compute,forward,0,228,14,4,228,228,14,14,0,warmup,315621230,315621230,0,0,0,1.7854777491926403e+18,1.7854777495082616e+18,4371422591,4687043821,lane4:F0:s13->s14,4371422591,1785477744808924105,1785477749180346696,1785477749495967926
55,lane4:F1:s12->s13,pp_message,forward,1,-1,12,4,196,212,12,13,-1,p2p,4712346,0,0,4712346,0,,,4376022684,4380735030,rank196:F1,0,1785477744808924105,1785477749184946789,1785477749189659135
55,rank212:F1,compute,forward,1,212,13,4,212,212,13,13,1,warmup,308972054,308972054,0,0,0,1.7854777492038653e+18,1.7854777495128374e+18,4380735030,4689707084,lane4:F1:s12->s13,14024785,1785477744808924105,1785477749189659135,1785477749498631189
55,lane4:F2:s11->s12,pp_message,forward,2,-1,11,4,180,196,11,12,-1,p2p,4712346,0,0,4712346,0,,,4547702542,4552414888,rank180:F2,0,1785477744808924105,1785477749356626647,1785477749361338993
55,rank196:F2,compute,forward,2,196,12,4,196,196,12,12,2,warmup,312767064,312767064,0,0,0,1.7854777493772884e+18,1.7854777496900557e+18,4552414888,4865181952,lane4:F2:s11->s12,176392204,1785477744808924105,1785477749361338993,1785477749674106057
55,lane4:F3:s10->s11,pp_message,forward,3,-1,10,4,164,180,10,11,-1,p2p,4712346,0,0,4712346,0,,,4561034121,4565746467,rank164:F3,0,1785477744808924105,1785477749369958226,1785477749374670572
55,rank180:F3,compute,forward,3,180,11,4,180,180,11,11,3,warmup,306985399,306985399,0,0,0,1.785477749395567e+18,1.7854777497025526e+18,4565746467,4872731866,lane4:F3:s10->s11,18043925,1785477744808924105,1785477749374670572,1785477749681655971
55,lane4:F0:s14->s15,pp_message,forward,0,-1,14,4,228,244,14,15,-1,p2p,4712346,0,0,4712346,0,,,4687043821,4691756167,rank228:F0,0,1785477744808924105,1785477749495967926,1785477749500680272
55,lane4:F1:s13->s14,pp_message,forward,1,-1,13,4,212,228,13,14,-1,p2p,4712346,0,0,4712346,0,,,4689707084,4694419430,rank212:F1,0,1785477744808924105,1785477749498631189,1785477749503343535
55,rank244:F0,compute,forward,0,244,15,4,244,244,15,15,0,steady,194851747,194851747,0,0,0,1.785477749514253e+18,1.7854777497091046e+18,4691756167,4886607914,lane4:F0:s14->s15,4691756167,1785477744808924105,1785477749500680272,1785477749695532019
55,rank228:F1,compute,forward,1,228,14,4,228,228,14,14,1,steady,308558812,308558812,0,0,0,1.785477749519048e+18,1.7854777498276068e+18,4694419430,5002978242,lane4:F1:s13->s14,7375609,1785477744808924105,1785477749503343535,1785477749811902347
55,lane4:F2:s12->s13,pp_message,forward,2,-1,12,4,196,212,12,13,-1,p2p,4712346,0,0,4712346,0,,,4865181952,4869894298,rank196:F2,0,1785477744808924105,1785477749674106057,1785477749678818403
55,rank212:F2,compute,forward,2,212,13,4,212,212,13,13,2,steady,310527035,310527035,0,0,0,1.7854777496958902e+18,1.7854777500064174e+18,4869894298,5180421333,lane4:F2:s12->s13,180187214,1785477744808924105,1785477749678818403,1785477749989345438
55,lane4:F3:s11->s12,pp_message,forward,3,-1,11,4,180,196,11,12,-1,p2p,4712346,0,0,4712346,0,,,4872731866,4877444212,rank180:F3,0,1785477744808924105,1785477749681655971,1785477749686368317
55,rank196:F3,compute,forward,3,196,12,4,196,196,12,12,3,steady,308671535,308671535,0,0,0,1.785477749707594e+18,1.7854777500162655e+18,4877444212,5186115747,lane4:F3:s11->s12,12262260,1785477744808924105,1785477749686368317,1785477749995039852
55,rank244:B0,compute,backward,0,244,15,4,244,244,15,15,1,steady,368505402,368505402,0,0,0,1.7854777497092772e+18,1.7854777500777828e+18,4886607914,5255113316,rank244:F0,0,1785477744808924105,1785477749695532019,1785477750064037421
55,lane4:F1:s14->s15,pp_message,forward,1,-1,14,4,228,244,14,15,-1,p2p,4712346,0,0,4712346,0,,,5002978242,5007690588,rank228:F1,0,1785477744808924105,1785477749811902347,1785477749816614693
55,lane4:F2:s13->s14,pp_message,forward,2,-1,13,4,212,228,13,14,-1,p2p,4712346,0,0,4712346,0,,,5180421333,5185133679,rank212:F2,0,1785477744808924105,1785477749989345438,1785477749994057784
55,lane4:F3:s12->s13,pp_message,forward,3,-1,12,4,196,212,12,13,-1,p2p,4712346,0,0,4712346,0,,,5186115747,5190828093,rank196:F3,0,1785477744808924105,1785477749995039852,1785477749999752198
55,lane4:B0:s15->s14,pp_message,backward,0,-1,15,4,244,228,15,14,-1,p2p,98176190,0,0,4712346,93463844,,,5255113316,5353289506,rank244:B0,0,1785477744808924105,1785477750064037421,1785477750162213611
55,rank228:B0,compute,backward,0,228,14,4,228,228,14,14,2,steady,708612916,708612916,0,0,0,1.785477750176336e+18,1.7854777508849487e+18,5353289506,6061902422,lane4:B0:s15->s14,350311264,1785477744808924105,1785477750162213611,1785477750870826527
55,rank244:F1,compute,forward,1,244,15,4,244,244,15,15,2,steady,192909147,192909147,0,0,0,1.7854777501762179e+18,1.7854777503691272e+18,5353289506,5546198653,lane4:B0:s15->s14,98176190,1785477744808924105,1785477750162213611,1785477750355122758
55,rank244:B1,compute,backward,1,244,15,4,244,244,15,15,3,steady,365359768,365359768,0,0,0,1.7854777503693642e+18,1.785477750734724e+18,5546198653,5911558421,rank244:F1,0,1785477744808924105,1785477750355122758,1785477750720482526
55,lane4:B1:s15->s14,pp_message,backward,1,-1,15,4,244,228,15,14,-1,p2p,98176190,0,0,4712346,93463844,,,5911558421,6009734611,rank244:B1,0,1785477744808924105,1785477750720482526,1785477750818658716
55,lane4:B0:s14->s13,pp_message,backward,0,-1,14,4,228,212,14,13,-1,p2p,98176190,0,0,4712346,93463844,,,6061902422,6160078612,rank228:B0,0,1785477744808924105,1785477750870826527,1785477750969002717
55,rank212:B0,compute,backward,0,212,13,4,212,212,13,13,3,steady,687771252,687771252,0,0,0,1.7854777509845576e+18,1.785477751672329e+18,6160078612,6847849864,lane4:B0:s14->s13,979657279,1785477744808924105,1785477750969002717,1785477751656773969
55,rank228:F2,compute,forward,2,228,14,4,228,228,14,14,3,steady,308583861,308583861,0,0,0,1.7854777509844132e+18,1.7854777512929969e+18,6160078612,6468662473,lane4:B0:s14->s13,98176190,1785477744808924105,1785477750969002717,1785477751277586578
55,lane4:F2:s14->s15,pp_message,forward,2,-1,14,4,228,244,14,15,-1,p2p,4712346,0,0,4712346,0,,,6468662473,6473374819,rank228:F2,0,1785477744808924105,1785477751277586578,1785477751282298924
55,rank228:B1,compute,backward,1,228,14,4,228,228,14,14,4,steady,679681216,679681216,0,0,0,1.785477751298891e+18,1.785477751978572e+18,6473374819,7153056035,lane4:F2:s14->s15,4712346,1785477744808924105,1785477751282298924,1785477751961980140
55,rank244:F2,compute,forward,2,244,15,4,244,244,15,15,4,steady,189789899,189789899,0,0,0,1.7854777512989158e+18,1.7854777514887058e+18,6473374819,6663164718,lane4:F2:s14->s15,561816398,1785477744808924105,1785477751282298924,1785477751472088823
55,rank244:B2,compute,backward,2,244,15,4,244,244,15,15,5,steady,366095521,366095521,0,0,0,1.7854777514888883e+18,1.785477751854984e+18,6663164718,7029260239,rank244:F2,0,1785477744808924105,1785477751472088823,1785477751838184344
55,lane4:B0:s13->s12,pp_message,backward,0,-1,13,4,212,196,13,12,-1,p2p,98176190,0,0,4712346,93463844,,,6847849864,6946026054,rank212:B0,0,1785477744808924105,1785477751656773969,1785477751754950159
55,rank196:B0,compute,backward,0,196,12,4,196,196,12,12,4,steady,679367498,679367498,0,0,0,1.7854777517722107e+18,1.7854777524515784e+18,6946026054,7625393552,lane4:B0:s13->s12,1759910307,1785477744808924105,1785477751754950159,1785477752434317657
55,rank212:F3,compute,forward,3,212,13,4,212,212,13,13,4,steady,312071062,312071062,0,0,0,1.7854777517722516e+18,1.7854777520843228e+18,6946026054,7258097116,lane4:B0:s13->s12,98176190,1785477744808924105,1785477751754950159,1785477752067021221
55,lane4:B2:s15->s14,pp_message,backward,2,-1,15,4,244,228,15,14,-1,p2p,98176190,0,0,4712346,93463844,,,7029260239,7127436429,rank244:B2,0,1785477744808924105,1785477751838184344,1785477751936360534
55,lane4:B1:s14->s13,pp_message,backward,1,-1,14,4,228,212,14,13,-1,p2p,98176190,0,0,4712346,93463844,,,7153056035,7251232225,rank228:B1,0,1785477744808924105,1785477751961980140,1785477752060156330
55,lane4:F3:s13->s14,pp_message,forward,3,-1,13,4,212,228,13,14,-1,p2p,4712346,0,0,4712346,0,,,7258097116,7262809462,rank212:F3,0,1785477744808924105,1785477752067021221,1785477752071733567
55,rank212:B1,compute,backward,1,212,13,4,212,212,13,13,5,steady,684749737,684749737,0,0,0,1.785477752091482e+18,1.785477752776232e+18,7262809462,7947559199,lane4:F3:s13->s14,4712346,1785477744808924105,1785477752071733567,1785477752756483304
55,rank228:F3,compute,forward,3,228,14,4,228,228,14,14,5,steady,307593227,307593227,0,0,0,1.7854777520914186e+18,1.785477752399012e+18,7262809462,7570402689,lane4:F3:s13->s14,109753427,1785477744808924105,1785477752071733567,1785477752379326794
55,lane4:F3:s14->s15,pp_message,forward,3,-1,14,4,228,244,14,15,-1,p2p,4712346,0,0,4712346,0,,,7570402689,7575115035,rank228:F3,0,1785477744808924105,1785477752379326794,1785477752384039140
55,rank228:B2,compute,backward,2,228,14,4,228,228,14,14,6,steady,687403118,687403118,0,0,0,1.7854777524049528e+18,1.7854777530923558e+18,7575115035,8262518153,lane4:F3:s14->s15,4712346,1785477744808924105,1785477752384039140,1785477753071442258
55,rank244:F3,compute,forward,3,244,15,4,244,244,15,15,6,steady,189502969,189502969,0,0,0,1.7854777524049137e+18,1.7854777525944166e+18,7575115035,7764618004,lane4:F3:s14->s15,545854796,1785477744808924105,1785477752384039140,1785477752573542109
55,lane4:B0:s12->s11,pp_message,backward,0,-1,12,4,196,180,12,11,-1,p2p,98176190,0,0,4712346,93463844,,,7625393552,7723569742,rank196:B0,0,1785477744808924105,1785477752434317657,1785477752532493847
55,rank180:B0,compute,backward,0,180,11,4,180,180,11,11,4,cooldown,677447114,677447114,0,0,0,1.785477752550143e+18,1.7854777532275901e+18,7723569742,8401016856,lane4:B0:s12->s11,2850837876,1785477744808924105,1785477752532493847,1785477753209940961
55,rank244:B3,compute,backward,3,244,15,4,244,244,15,15,7,steady,369741173,369741173,0,0,0,1.785477752594601e+18,1.7854777529643423e+18,7764618004,8134359177,rank244:F3,0,1785477744808924105,1785477752573542109,1785477752943283282
55,lane4:B1:s13->s12,pp_message,backward,1,-1,13,4,212,196,13,12,-1,p2p,98176190,0,0,4712346,93463844,,,7947559199,8045735389,rank212:B1,0,1785477744808924105,1785477752756483304,1785477752854659494
55,rank196:B1,compute,backward,1,196,12,4,196,196,12,12,5,cooldown,678977186,678977186,0,0,0,1.7854777528741627e+18,1.78547775355314e+18,8045735389,8724712575,lane4:B1:s13->s12,420341837,1785477744808924105,1785477752854659494,1785477753533636680
55,lane4:B3:s15->s14,pp_message,backward,3,-1,15,4,244,228,15,14,-1,p2p,98176190,0,0,4712346,93463844,,,8134359177,8232535367,rank244:B3,0,1785477744808924105,1785477752943283282,1785477753041459472
55,lane4:B2:s14->s13,pp_message,backward,2,-1,14,4,228,212,14,13,-1,p2p,98176190,0,0,4712346,93463844,,,8262518153,8360694343,rank228:B2,0,1785477744808924105,1785477753071442258,1785477753169618448
55,rank212:B2,compute,backward,2,212,13,4,212,212,13,13,6,cooldown,691889625,691889625,0,0,0,1.785477753190117e+18,1.7854777538820068e+18,8360694343,9052583968,lane4:B2:s14->s13,413135144,1785477744808924105,1785477753169618448,1785477753861508073
55,rank228:B3,compute,backward,3,228,14,4,228,228,14,14,7,cooldown,689289599,689289599,0,0,0,1.7854777531952125e+18,1.7854777538845023e+18,8360694343,9049983942,lane4:B2:s14->s13,98176190,1785477744808924105,1785477753169618448,1785477753858908047
55,lane4:B0:s11->s10,pp_message,backward,0,-1,11,4,180,164,11,10,-1,p2p,98176190,0,0,4712346,93463844,,,8401016856,8499193046,rank180:B0,0,1785477744808924105,1785477753209940961,1785477753308117151
55,rank164:B0,compute,backward,0,164,10,4,164,164,10,10,4,cooldown,685515540,685515540,0,0,0,1.78547775332458e+18,1.7854777540100956e+18,8499193046,9184708586,lane4:B0:s11->s10,3938158925,1785477744808924105,1785477753308117151,1785477753993632691
55,lane4:B1:s12->s11,pp_message,backward,1,-1,12,4,196,180,12,11,-1,p2p,98176190,0,0,4712346,93463844,,,8724712575,8822888765,rank196:B1,0,1785477744808924105,1785477753533636680,1785477753631812870
55,rank180:B1,compute,backward,1,180,11,4,180,180,11,11,5,cooldown,684732061,684732061,0,0,0,1.7854777536516677e+18,1.7854777543363996e+18,8822888765,9507620826,lane4:B1:s12->s11,421871909,1785477744808924105,1785477753631812870,1785477754316544931
55,lane4:B3:s14->s13,pp_message,backward,3,-1,14,4,228,212,14,13,-1,p2p,98176190,0,0,4712346,93463844,,,9049983942,9148160132,rank228:B3,0,1785477744808924105,1785477753858908047,1785477753957084237
55,lane4:B2:s13->s12,pp_message,backward,2,-1,13,4,212,196,13,12,-1,p2p,98176190,0,0,4712346,93463844,,,9052583968,9150760158,rank212:B2,0,1785477744808924105,1785477753861508073,1785477753959684263
55,rank196:B2,compute,backward,2,196,12,4,196,196,12,12,6,cooldown,680847782,680847782,0,0,0,1.785477753979633e+18,1.7854777546604808e+18,9150760158,9831607940,lane4:B2:s13->s12,426047583,1785477744808924105,1785477753959684263,1785477754640532045
55,rank212:B3,compute,backward,3,212,13,4,212,212,13,13,7,cooldown,681323415,681323415,0,0,0,1.785477753985425e+18,1.7854777546667484e+18,9150760158,9832083573,lane4:B2:s13->s12,98176190,1785477744808924105,1785477753959684263,1785477754641007678
55,lane4:B0:s10->s9,pp_message,backward,0,-1,10,4,164,148,10,9,-1,p2p,98176190,0,0,4712346,93463844,,,9184708586,9282884776,rank164:B0,0,1785477744808924105,1785477753993632691,1785477754091808881
55,rank148:B0,compute,backward,0,148,9,4,148,148,9,9,4,cooldown,701643144,701643144,0,0,0,1.7854777541096348e+18,1.7854777548112778e+18,9282884776,9984527920,lane4:B0:s10->s9,5037187377,1785477744808924105,1785477754091808881,1785477754793452025
55,lane4:B1:s11->s10,pp_message,backward,1,-1,11,4,180,164,11,10,-1,p2p,98176190,0,0,4712346,93463844,,,9507620826,9605797016,rank180:B1,0,1785477744808924105,1785477754316544931,1785477754414721121
55,rank164:B1,compute,backward,1,164,10,4,164,164,10,10,5,cooldown,679605738,679605738,0,0,0,1.785477754434084e+18,1.7854777551136899e+18,9605797016,10285402754,lane4:B1:s11->s10,421088430,1785477744808924105,1785477754414721121,1785477755094326859
55,lane4:B2:s12->s11,pp_message,backward,2,-1,12,4,196,180,12,11,-1,p2p,98176190,0,0,4712346,93463844,,,9831607940,9929784130,rank196:B2,0,1785477744808924105,1785477754640532045,1785477754738708235
55,lane4:B3:s13->s12,pp_message,backward,3,-1,13,4,212,196,13,12,-1,p2p,98176190,0,0,4712346,93463844,,,9832083573,9930259763,rank212:B3,0,1785477744808924105,1785477754641007678,1785477754739183868
55,rank180:B2,compute,backward,2,180,11,4,180,180,11,11,6,cooldown,684889728,684889728,0,0,0,1.7854777547582505e+18,1.78547775544314e+18,9929784130,10614673858,lane4:B2:s12->s11,422163304,1785477744808924105,1785477754738708235,1785477755423597963
55,rank196:B3,compute,backward,3,196,12,4,196,196,12,12,7,cooldown,678189562,678189562,0,0,0,1.785477754765008e+18,1.7854777554431974e+18,9930259763,10608449325,lane4:B3:s13->s12,98651823,1785477744808924105,1785477754739183868,1785477755417373430
55,lane4:B0:s9->s8,pp_message,backward,0,-1,9,4,148,132,9,8,-1,p2p,98176190,0,0,4712346,93463844,,,9984527920,10082704110,rank148:B0,0,1785477744808924105,1785477754793452025,1785477754891628215
55,rank132:B0,compute,backward,0,132,8,4,132,132,8,8,4,cooldown,689915877,689915877,0,0,0,1.785477754909713e+18,1.7854777555996288e+18,10082704110,10772619987,lane4:B0:s9->s8,6160700880,1785477744808924105,1785477754891628215,1785477755581544092
55,lane4:B1:s10->s9,pp_message,backward,1,-1,10,4,164,148,10,9,-1,p2p,98176190,0,0,4712346,93463844,,,10285402754,10383578944,rank164:B1,0,1785477744808924105,1785477755094326859,1785477755192503049
55,rank148:B1,compute,backward,1,148,9,4,148,148,9,9,5,cooldown,697631324,697631324,0,0,0,1.7854777552117036e+18,1.7854777559093348e+18,10383578944,11081210268,lane4:B1:s10->s9,399051024,1785477744808924105,1785477755192503049,1785477755890134373
55,lane4:B3:s12->s11,pp_message,backward,3,-1,12,4,196,180,12,11,-1,p2p,98176190,0,0,4712346,93463844,,,10608449325,10706625515,rank196:B3,0,1785477744808924105,1785477755417373430,1785477755515549620
55,lane4:B2:s11->s10,pp_message,backward,2,-1,11,4,180,164,11,10,-1,p2p,98176190,0,0,4712346,93463844,,,10614673858,10712850048,rank180:B2,0,1785477744808924105,1785477755423597963,1785477755521774153
55,rank164:B2,compute,backward,2,164,10,4,164,164,10,10,6,cooldown,679914247,679914247,0,0,0,1.7854777555396262e+18,1.7854777562195405e+18,10712850048,11392764295,lane4:B2:s11->s10,427447294,1785477744808924105,1785477755521774153,1785477756201688400
55,rank180:B3,compute,backward,3,180,11,4,180,180,11,11,7,cooldown,677961547,677961547,0,0,0,1.7854777555447519e+18,1.7854777562227133e+18,10712850048,11390811595,lane4:B2:s11->s10,98176190,1785477744808924105,1785477755521774153,1785477756199735700
55,lane4:B0:s8->s7,pp_message,backward,0,-1,8,4,132,116,8,7,-1,p2p,98176190,0,0,4712346,93463844,,,10772619987,10870796177,rank132:B0,0,1785477744808924105,1785477755581544092,1785477755679720282
55,rank116:B0,compute,backward,0,116,7,4,116,116,7,7,4,cooldown,681001114,681001114,0,0,0,1.7854777556978268e+18,1.785477756378828e+18,10870796177,11551797291,lane4:B0:s8->s7,7264471101,1785477744808924105,1785477755679720282,1785477756360721396
55,lane4:B1:s9->s8,pp_message,backward,1,-1,9,4,148,132,9,8,-1,p2p,98176190,0,0,4712346,93463844,,,11081210268,11179386458,rank148:B1,0,1785477744808924105,1785477755890134373,1785477755988310563
55,rank132:B1,compute,backward,1,132,8,4,132,132,8,8,5,cooldown,695879851,695879851,0,0,0,1.7854777560074708e+18,1.7854777567033508e+18,11179386458,11875266309,lane4:B1:s9->s8,406766471,1785477744808924105,1785477755988310563,1785477756684190414
55,lane4:B3:s11->s10,pp_message,backward,3,-1,11,4,180,164,11,10,-1,p2p,98176190,0,0,4712346,93463844,,,11390811595,11488987785,rank180:B3,0,1785477744808924105,1785477756199735700,1785477756297911890
55,lane4:B2:s10->s9,pp_message,backward,2,-1,10,4,164,148,10,9,-1,p2p,98176190,0,0,4712346,93463844,,,11392764295,11490940485,rank164:B2,0,1785477744808924105,1785477756201688400,1785477756299864590
55,rank148:B2,compute,backward,2,148,9,4,148,148,9,9,6,cooldown,701717720,701717720,0,0,0,1.7854777563168218e+18,1.7854777570185395e+18,11490940485,12192658205,lane4:B2:s10->s9,409730217,1785477744808924105,1785477756299864590,1785477757001582310
55,rank164:B3,compute,backward,3,164,10,4,164,164,10,10,7,cooldown,680429911,680429911,0,0,0,1.7854777563221023e+18,1.785477757002532e+18,11490940485,12171370396,lane4:B2:s10->s9,98176190,1785477744808924105,1785477756299864590,1785477756980294501
55,lane4:B0:s7->s6,pp_message,backward,0,-1,7,4,116,100,7,6,-1,p2p,98176190,0,0,4712346,93463844,,,11551797291,11649973481,rank116:B0,0,1785477744808924105,1785477756360721396,1785477756458897586
55,rank100:B0,compute,backward,0,100,6,4,100,100,6,6,4,cooldown,703846727,703846727,0,0,0,1.7854777564773885e+18,1.7854777571812352e+18,11649973481,12353820208,lane4:B0:s7->s6,8388936093,1785477744808924105,1785477756458897586,1785477757162744313
55,lane4:B1:s8->s7,pp_message,backward,1,-1,8,4,132,116,8,7,-1,p2p,98176190,0,0,4712346,93463844,,,11875266309,11973442499,rank132:B1,0,1785477744808924105,1785477756684190414,1785477756782366604
55,rank116:B1,compute,backward,1,116,7,4,116,116,7,7,5,cooldown,685888366,685888366,0,0,0,1.7854777567992105e+18,1.785477757485099e+18,11973442499,12659330865,lane4:B1:s8->s7,421645208,1785477744808924105,1785477756782366604,1785477757468254970
55,lane4:B3:s10->s9,pp_message,backward,3,-1,10,4,164,148,10,9,-1,p2p,98176190,0,0,4712346,93463844,,,12171370396,12269546586,rank164:B3,0,1785477744808924105,1785477756980294501,1785477757078470691
55,lane4:B2:s9->s8,pp_message,backward,2,-1,9,4,148,132,9,8,-1,p2p,98176190,0,0,4712346,93463844,,,12192658205,12290834395,rank148:B2,0,1785477744808924105,1785477757001582310,1785477757099758500
55,rank132:B2,compute,backward,2,132,8,4,132,132,8,8,6,cooldown,690609122,690609122,0,0,0,1.7854777571161472e+18,1.7854777578067564e+18,12290834395,12981443517,lane4:B2:s9->s8,415568086,1785477744808924105,1785477757099758500,1785477757790367622
55,rank148:B3,compute,backward,3,148,9,4,148,148,9,9,7,cooldown,698608109,698608109,0,0,0,1.785477757121208e+18,1.7854777578198162e+18,12290834395,12989442504,lane4:B2:s9->s8,98176190,1785477744808924105,1785477757099758500,1785477757798366609
55,lane4:B0:s6->s5,pp_message,backward,0,-1,6,4,100,84,6,5,-1,p2p,98176190,0,0,4712346,93463844,,,12353820208,12451996398,rank100:B0,0,1785477744808924105,1785477757162744313,1785477757260920503
55,rank84:B0,compute,backward,0,84,5,4,84,84,5,5,4,cooldown,708203805,708203805,0,0,0,1.7854777572793277e+18,1.7854777579875315e+18,12451996398,13160200203,lane4:B0:s6->s5,9515108618,1785477744808924105,1785477757260920503,1785477757969124308
55,lane4:B1:s7->s6,pp_message,backward,1,-1,7,4,116,100,7,6,-1,p2p,98176190,0,0,4712346,93463844,,,12659330865,12757507055,rank116:B1,0,1785477744808924105,1785477757468254970,1785477757566431160
55,rank100:B1,compute,backward,1,100,6,4,100,100,6,6,5,cooldown,720432719,720432719,0,0,0,1.7854777575835484e+18,1.785477758303981e+18,12757507055,13477939774,lane4:B1:s7->s6,403686847,1785477744808924105,1785477757566431160,1785477758286863879
55,lane4:B2:s8->s7,pp_message,backward,2,-1,8,4,132,116,8,7,-1,p2p,98176190,0,0,4712346,93463844,,,12981443517,13079619707,rank132:B2,0,1785477744808924105,1785477757790367622,1785477757888543812
55,lane4:B3:s9->s8,pp_message,backward,3,-1,9,4,148,132,9,8,-1,p2p,98176190,0,0,4712346,93463844,,,12989442504,13087618694,rank148:B3,0,1785477744808924105,1785477757798366609,1785477757896542799
55,rank116:B2,compute,backward,2,116,7,4,116,116,7,7,6,cooldown,684035246,684035246,0,0,0,1.7854777579045015e+18,1.7854777585885366e+18,13079619707,13763654953,lane4:B2:s8->s7,420288842,1785477744808924105,1785477757888543812,1785477758572579058
55,rank132:B3,compute,backward,3,132,8,4,132,132,8,8,7,cooldown,681121820,681121820,0,0,0,1.7854777579179953e+18,1.785477758599117e+18,13087618694,13768740514,lane4:B3:s9->s8,106175177,1785477744808924105,1785477757896542799,1785477758577664619
55,lane4:B0:s5->s4,pp_message,backward,0,-1,5,4,84,68,5,4,-1,p2p,98176190,0,0,4712346,93463844,,,13160200203,13258376393,rank84:B0,0,1785477744808924105,1785477757969124308,1785477758067300498
55,rank68:B0,compute,backward,0,68,4,4,68,68,4,4,4,cooldown,698583552,698583552,0,0,0,1.785477758086402e+18,1.7854777587849856e+18,13258376393,13956959945,lane4:B0:s5->s4,10657173555,1785477744808924105,1785477758067300498,1785477758765884050
55,lane4:B1:s6->s5,pp_message,backward,1,-1,6,4,100,84,6,5,-1,p2p,98176190,0,0,4712346,93463844,,,13477939774,13576115964,rank100:B1,0,1785477744808924105,1785477758286863879,1785477758385040069
55,rank84:B1,compute,backward,1,84,5,4,84,84,5,5,5,cooldown,706129990,706129990,0,0,0,1.7854777584006175e+18,1.7854777591067474e+18,13576115964,14282245954,lane4:B1:s6->s5,415915761,1785477744808924105,1785477758385040069,1785477759091170059
55,lane4:B2:s7->s6,pp_message,backward,2,-1,7,4,116,100,7,6,-1,p2p,98176190,0,0,4712346,93463844,,,13763654953,13861831143,rank116:B2,0,1785477744808924105,1785477758572579058,1785477758670755248
55,lane4:B3:s8->s7,pp_message,backward,3,-1,8,4,132,116,8,7,-1,p2p,98176190,0,0,4712346,93463844,,,13768740514,13866916704,rank132:B3,0,1785477744808924105,1785477758577664619,1785477758675840809
55,rank100:B2,compute,backward,2,100,6,4,100,100,6,6,6,cooldown,694628560,694628560,0,0,0,1.785477758686873e+18,1.7854777593815014e+18,13861831143,14556459703,lane4:B2:s7->s6,383891369,1785477744808924105,1785477758670755248,1785477759365383808
55,rank116:B3,compute,backward,3,116,7,4,116,116,7,7,7,cooldown,680351593,680351593,0,0,0,1.785477758697541e+18,1.7854777593778926e+18,13866916704,14547268297,lane4:B3:s8->s7,103261751,1785477744808924105,1785477758675840809,1785477759356192402
55,lane4:B0:s4->s3,pp_message,backward,0,-1,4,4,68,52,4,3,-1,p2p,98176190,0,0,4712346,93463844,,,13956959945,14055136135,rank68:B0,0,1785477744808924105,1785477758765884050,1785477758864060240
55,rank52:B0,compute,backward,0,52,3,4,52,52,3,3,4,cooldown,710320230,710320230,0,0,0,1.7854777588826952e+18,1.7854777595930156e+18,14055136135,14765456365,lane4:B0:s4->s3,11772275659,1785477744808924105,1785477758864060240,1785477759574380470
55,lane4:B1:s5->s4,pp_message,backward,1,-1,5,4,84,68,5,4,-1,p2p,98176190,0,0,4712346,93463844,,,14282245954,14380422144,rank84:B1,0,1785477744808924105,1785477759091170059,1785477759189346249
55,rank68:B1,compute,backward,1,68,4,4,68,68,4,4,5,cooldown,697564396,697564396,0,0,0,1.7854777592059607e+18,1.7854777599035249e+18,14380422144,15077986540,lane4:B1:s5->s4,423462199,1785477744808924105,1785477759189346249,1785477759886910645
55,lane4:B3:s7->s6,pp_message,backward,3,-1,7,4,116,100,7,6,-1,p2p,98176190,0,0,4712346,93463844,,,14547268297,14645444487,rank116:B3,0,1785477744808924105,1785477759356192402,1785477759454368592
55,lane4:B2:s6->s5,pp_message,backward,2,-1,6,4,100,84,6,5,-1,p2p,98176190,0,0,4712346,93463844,,,14556459703,14654635893,rank100:B2,0,1785477744808924105,1785477759365383808,1785477759463559998
55,rank100:B3,compute,backward,3,100,6,4,100,100,6,6,7,cooldown,691072722,691072722,0,0,0,1.7854777594851323e+18,1.7854777601762048e+18,14654635893,15345708615,lane4:B2:s6->s5,98176190,1785477744808924105,1785477759463559998,1785477760154632720
55,rank84:B2,compute,backward,2,84,5,4,84,84,5,5,6,cooldown,712644342,712644342,0,0,0,1.7854777594796224e+18,1.7854777601922668e+18,14654635893,15367280235,lane4:B2:s6->s5,372389939,1785477744808924105,1785477759463559998,1785477760176204340
55,lane4:B0:s3->s2,pp_message,backward,0,-1,3,4,52,36,3,2,-1,p2p,98176190,0,0,4712346,93463844,,,14765456365,14863632555,rank52:B0,0,1785477744808924105,1785477759574380470,1785477759672556660
55,rank36:B0,compute,backward,0,36,2,4,36,36,2,2,4,cooldown,713425099,713425099,0,0,0,1.785477759692703e+18,1.7854777604061279e+18,14863632555,15577057654,lane4:B0:s3->s2,12919472122,1785477744808924105,1785477759672556660,1785477760385981759
55,lane4:B1:s4->s3,pp_message,backward,1,-1,4,4,68,52,4,3,-1,p2p,98176190,0,0,4712346,93463844,,,15077986540,15176162730,rank68:B1,0,1785477744808924105,1785477759886910645,1785477759985086835
55,rank52:B1,compute,backward,1,52,3,4,52,52,3,3,5,cooldown,704350871,704350871,0,0,0,1.7854777600021676e+18,1.7854777607065183e+18,15176162730,15880513601,lane4:B1:s4->s3,410706365,1785477744808924105,1785477759985086835,1785477760689437706
55,lane4:B3:s6->s5,pp_message,backward,3,-1,6,4,100,84,6,5,-1,p2p,98176190,0,0,4712346,93463844,,,15345708615,15443884805,rank100:B3,0,1785477744808924105,1785477760154632720,1785477760252808910
55,lane4:B2:s5->s4,pp_message,backward,2,-1,5,4,84,68,5,4,-1,p2p,98176190,0,0,4712346,93463844,,,15367280235,15465456425,rank84:B2,0,1785477744808924105,1785477760176204340,1785477760274380530
55,rank68:B2,compute,backward,2,68,4,4,68,68,4,4,6,cooldown,692924578,692924578,0,0,0,1.7854777602915308e+18,1.7854777609844552e+18,15465456425,16158381003,lane4:B2:s5->s4,387469885,1785477744808924105,1785477760274380530,1785477760967305108
55,rank84:B3,compute,backward,3,84,5,4,84,84,5,5,7,cooldown,685206345,685206345,0,0,0,1.7854777602964677e+18,1.785477760981674e+18,15465456425,16150662770,lane4:B2:s5->s4,98176190,1785477744808924105,1785477760274380530,1785477760959586875
55,lane4:B0:s2->s1,pp_message,backward,0,-1,2,4,36,20,2,1,-1,p2p,98176190,0,0,4712346,93463844,,,15577057654,15675233844,rank36:B0,0,1785477744808924105,1785477760385981759,1785477760484157949
55,rank20:B0,compute,backward,0,20,1,4,20,20,1,1,4,cooldown,724649471,724649471,0,0,0,1.7854777605055457e+18,1.7854777612301952e+18,15675233844,16399883315,lane4:B0:s2->s1,14193879416,1785477744808924105,1785477760484157949,1785477761208807420
55,lane4:B1:s3->s2,pp_message,backward,1,-1,3,4,52,36,3,2,-1,p2p,98176190,0,0,4712346,93463844,,,15880513601,15978689791,rank52:B1,0,1785477744808924105,1785477760689437706,1785477760787613896
55,rank36:B1,compute,backward,1,36,2,4,36,36,2,2,5,cooldown,708489336,708489336,0,0,0,1.7854777608050967e+18,1.785477761513586e+18,15978689791,16687179127,lane4:B1:s3->s2,401632137,1785477744808924105,1785477760787613896,1785477761496103232
55,lane4:B3:s5->s4,pp_message,backward,3,-1,5,4,84,68,5,4,-1,p2p,98176190,0,0,4712346,93463844,,,16150662770,16248838960,rank84:B3,0,1785477744808924105,1785477760959586875,1785477761057763065
55,lane4:B2:s4->s3,pp_message,backward,2,-1,4,4,68,52,4,3,-1,p2p,98176190,0,0,4712346,93463844,,,16158381003,16256557193,rank68:B2,0,1785477744808924105,1785477760967305108,1785477761065481298
55,rank52:B2,compute,backward,2,52,3,4,52,52,3,3,6,cooldown,724224207,724224207,0,0,0,1.7854777610824847e+18,1.785477761806709e+18,16256557193,16980781400,lane4:B2:s4->s3,376043592,1785477744808924105,1785477761065481298,1785477761789705505
55,rank68:B3,compute,backward,3,68,4,4,68,68,4,4,7,cooldown,695952088,695952088,0,0,0,1.7854777610875791e+18,1.7854777617835313e+18,16256557193,16952509281,lane4:B2:s4->s3,98176190,1785477744808924105,1785477761065481298,1785477761761433386
55,lane4:B0:s1->s0,pp_message,backward,0,-1,1,4,20,4,1,0,-1,p2p,98176190,0,0,4712346,93463844,,,16399883315,16498059505,rank20:B0,0,1785477744808924105,1785477761208807420,1785477761306983610
55,rank4:B0,compute,backward,0,4,0,4,4,4,0,0,4,cooldown,413943906,413943906,0,0,0,1.785477761328167e+18,1.785477761742111e+18,16498059505,16912003411,lane4:B0:s1->s0,15846596672,1785477744808924105,1785477761306983610,1785477761720927516
55,lane4:B1:s2->s1,pp_message,backward,1,-1,2,4,36,20,2,1,-1,p2p,98176190,0,0,4712346,93463844,,,16687179127,16785355317,rank36:B1,0,1785477744808924105,1785477761496103232,1785477761594279422
55,rank20:B1,compute,backward,1,20,1,4,20,20,1,1,5,cooldown,727344432,727344432,0,0,0,1.7854777616123082e+18,1.7854777623396529e+18,16785355317,17512699749,lane4:B1:s2->s1,385472002,1785477744808924105,1785477761594279422,1785477762321623854
55,lane4:B3:s4->s3,pp_message,backward,3,-1,4,4,68,52,4,3,-1,p2p,98176190,0,0,4712346,93463844,,,16952509281,17050685471,rank68:B3,0,1785477744808924105,1785477761761433386,1785477761859609576
55,lane4:B2:s3->s2,pp_message,backward,2,-1,3,4,52,36,3,2,-1,p2p,98176190,0,0,4712346,93463844,,,16980781400,17078957590,rank52:B2,0,1785477744808924105,1785477761789705505,1785477761887881695
55,rank36:B2,compute,backward,2,36,2,4,36,36,2,2,6,cooldown,708909728,708909728,0,0,0,1.7854777619045947e+18,1.7854777626135045e+18,17078957590,17787867318,lane4:B2:s3->s2,391778463,1785477744808924105,1785477761887881695,1785477762596791423
55,rank52:B3,compute,backward,3,52,3,4,52,52,3,3,7,cooldown,717418268,717418268,0,0,0,1.7854777619104317e+18,1.78547776262785e+18,17078957590,17796375858,lane4:B2:s3->s2,98176190,1785477744808924105,1785477761887881695,1785477762605299963
55,lane4:B1:s1->s0,pp_message,backward,1,-1,1,4,20,4,1,0,-1,p2p,98176190,0,0,4712346,93463844,,,17512699749,17610875939,rank20:B1,0,1785477744808924105,1785477762321623854,1785477762419800044
55,rank4:B1,compute,backward,1,4,0,4,4,4,0,0,5,cooldown,407633918,407633918,0,0,0,1.785477762437022e+18,1.7854777628446559e+18,17610875939,18018509857,lane4:B1:s1->s0,698872528,1785477744808924105,1785477762419800044,1785477762827433962
55,lane4:B2:s2->s1,pp_message,backward,2,-1,2,4,36,20,2,1,-1,p2p,98176190,0,0,4712346,93463844,,,17787867318,17886043508,rank36:B2,0,1785477744808924105,1785477762596791423,1785477762694967613
55,lane4:B3:s3->s2,pp_message,backward,3,-1,3,4,52,36,3,2,-1,p2p,98176190,0,0,4712346,93463844,,,17796375858,17894552048,rank52:B3,0,1785477744808924105,1785477762605299963,1785477762703476153
55,rank20:B2,compute,backward,2,20,1,4,20,20,1,1,6,cooldown,730725656,730725656,0,0,0,1.785477762711665e+18,1.7854777634423908e+18,17886043508,18616769164,lane4:B2:s2->s1,373343759,1785477744808924105,1785477762694967613,1785477763425693269
55,rank36:B3,compute,backward,3,36,2,4,36,36,2,2,7,cooldown,702826607,702826607,0,0,0,1.7854777627264911e+18,1.7854777634293176e+18,17894552048,18597378655,lane4:B3:s3->s2,106684730,1785477744808924105,1785477762703476153,1785477763406302760
55,lane4:B3:s2->s1,pp_message,backward,3,-1,2,4,36,20,2,1,-1,p2p,98176190,0,0,4712346,93463844,,,18597378655,18695554845,rank36:B3,0,1785477744808924105,1785477763406302760,1785477763504478950
55,lane4:B2:s1->s0,pp_message,backward,2,-1,1,4,20,4,1,0,-1,p2p,98176190,0,0,4712346,93463844,,,18616769164,18714945354,rank20:B2,0,1785477744808924105,1785477763425693269,1785477763523869459
55,rank20:B3,compute,backward,3,20,1,4,20,20,1,1,7,cooldown,724814278,724814278,0,0,0,1.7854777635442637e+18,1.785477764269078e+18,18714945354,19439759632,lane4:B2:s1->s0,98176190,1785477744808924105,1785477763523869459,1785477764248683737
55,rank4:B2,compute,backward,2,4,0,4,4,4,0,0,6,cooldown,409737246,409737246,0,0,0,1.7854777635389696e+18,1.7854777639487068e+18,18714945354,19124682600,lane4:B2:s1->s0,696435497,1785477744808924105,1785477763523869459,1785477763933606705
55,lane4:B3:s1->s0,pp_message,backward,3,-1,1,4,20,4,1,0,-1,p2p,98176190,0,0,4712346,93463844,,,19439759632,19537935822,rank20:B3,0,1785477744808924105,1785477764248683737,1785477764346859927
55,rank4:B3,compute,backward,3,4,0,4,4,4,0,0,7,cooldown,405565269,405565269,0,0,0,1.785477764366828e+18,1.7854777647723932e+18,19537935822,19943501091,lane4:B3:s1->s0,413253222,1785477744808924105,1785477764346859927,1785477764752425196
55,rank5:F0,compute,forward,0,5,0,5,5,5,0,0,0,warmup,162641142,162641142,0,0,0,1.7854777448086098e+18,1.785477744971251e+18,0,162641142,,0,1785477744808609781,1785477744808609781,1785477744971250923
55,lane5:F0:s0->s1,pp_message,forward,0,-1,0,5,5,21,0,1,-1,p2p,4712346,0,0,4712346,0,,,162641142,167353488,rank5:F0,0,1785477744808609781,1785477744971250923,1785477744975963269
55,rank21:F0,compute,forward,0,21,1,5,21,21,1,1,0,warmup,325453241,325453241,0,0,0,1.785477744976576e+18,1.7854777453020293e+18,167353488,492806729,lane5:F0:s0->s1,167353488,1785477744808609781,1785477744975963269,1785477745301416510
55,rank5:F1,compute,forward,1,5,0,5,5,5,0,0,1,warmup,158179446,158179446,0,0,0,1.785477744976669e+18,1.7854777451348483e+18,167353488,325532934,lane5:F0:s0->s1,4712346,1785477744808609781,1785477744975963269,1785477745134142715
55,lane5:F1:s0->s1,pp_message,forward,1,-1,0,5,5,21,0,1,-1,p2p,4712346,0,0,4712346,0,,,325532934,330245280,rank5:F1,0,1785477744808609781,1785477745134142715,1785477745138855061
55,rank5:F2,compute,forward,2,5,0,5,5,5,0,0,2,warmup,158702362,158702362,0,0,0,1.7854777453123036e+18,1.785477745471006e+18,330245280,488947642,lane5:F1:s0->s1,4712346,1785477744808609781,1785477745138855061,1785477745297557423
55,lane5:F2:s0->s1,pp_message,forward,2,-1,0,5,5,21,0,1,-1,p2p,4712346,0,0,4712346,0,,,488947642,493659988,rank5:F2,0,1785477744808609781,1785477745297557423,1785477745302269769
55,lane5:F0:s1->s2,pp_message,forward,0,-1,1,5,21,37,1,2,-1,p2p,4712346,0,0,4712346,0,,,492806729,497519075,rank21:F0,0,1785477744808609781,1785477745301416510,1785477745306128856
55,rank5:F3,compute,forward,3,5,0,5,5,5,0,0,3,warmup,157775485,157775485,0,0,0,1.7854777456495923e+18,1.785477745807368e+18,493659988,651435473,lane5:F2:s0->s1,4712346,1785477744808609781,1785477745302269769,1785477745460045254
55,rank21:F1,compute,forward,1,21,1,5,21,21,1,1,1,warmup,327052051,327052051,0,0,0,1.7854777453120412e+18,1.7854777456390932e+18,497519075,824571126,lane5:F0:s1->s2,4712346,1785477744808609781,1785477745306128856,1785477745633180907
55,rank37:F0,compute,forward,0,37,2,5,37,37,2,2,0,warmup,321698507,321698507,0,0,0,1.7854777453069742e+18,1.7854777456286728e+18,497519075,819217582,lane5:F0:s1->s2,497519075,1785477744808609781,1785477745306128856,1785477745627827363
55,lane5:F3:s0->s1,pp_message,forward,3,-1,0,5,5,21,0,1,-1,p2p,4712346,0,0,4712346,0,,,651435473,656147819,rank5:F3,0,1785477744808609781,1785477745460045254,1785477745464757600
55,lane5:F0:s2->s3,pp_message,forward,0,-1,2,5,37,53,2,3,-1,p2p,4712346,0,0,4712346,0,,,819217582,823929928,rank37:F0,0,1785477744808609781,1785477745627827363,1785477745632539709
55,rank53:F0,compute,forward,0,53,3,5,53,53,3,3,0,warmup,317248640,317248640,0,0,0,1.7854777456339983e+18,1.785477745951247e+18,823929928,1141178568,lane5:F0:s2->s3,823929928,1785477744808609781,1785477745632539709,1785477745949788349
55,lane5:F1:s1->s2,pp_message,forward,1,-1,1,5,21,37,1,2,-1,p2p,4712346,0,0,4712346,0,,,824571126,829283472,rank21:F1,0,1785477744808609781,1785477745633180907,1785477745637893253
55,rank21:F2,compute,forward,2,21,1,5,21,21,1,1,2,warmup,324622604,324622604,0,0,0,1.7854777456494218e+18,1.7854777459740444e+18,829283472,1153906076,lane5:F1:s1->s2,4712346,1785477744808609781,1785477745637893253,1785477745962515857
55,rank37:F1,compute,forward,1,37,2,5,37,37,2,2,1,warmup,322687048,322687048,0,0,0,1.7854777456442522e+18,1.7854777459669391e+18,829283472,1151970520,lane5:F1:s1->s2,10065890,1785477744808609781,1785477745637893253,1785477745960580301
55,lane5:F0:s3->s4,pp_message,forward,0,-1,3,5,53,69,3,4,-1,p2p,4712346,0,0,4712346,0,,,1141178568,1145890914,rank53:F0,0,1785477744808609781,1785477745949788349,1785477745954500695
55,rank69:F0,compute,forward,0,69,4,5,69,69,4,4,0,warmup,334756175,334756175,0,0,0,1.7854777459572833e+18,1.7854777462920394e+18,1145890914,1480647089,lane5:F0:s3->s4,1145890914,1785477744808609781,1785477745954500695,1785477746289256870
55,lane5:F1:s2->s3,pp_message,forward,1,-1,2,5,37,53,2,3,-1,p2p,4712346,0,0,4712346,0,,,1151970520,1156682866,rank37:F1,0,1785477744808609781,1785477745960580301,1785477745965292647
55,lane5:F2:s1->s2,pp_message,forward,2,-1,1,5,21,37,1,2,-1,p2p,4712346,0,0,4712346,0,,,1153906076,1158618422,rank21:F2,0,1785477744808609781,1785477745962515857,1785477745967228203
55,rank53:F1,compute,forward,1,53,3,5,53,53,3,3,1,warmup,314307097,314307097,0,0,0,1.785477745971929e+18,1.7854777462862362e+18,1156682866,1470989963,lane5:F1:s2->s3,15504298,1785477744808609781,1785477745965292647,1785477746279599744
55,rank21:F3,compute,forward,3,21,1,5,21,21,1,1,3,warmup,322726104,322726104,0,0,0,1.7854777459839785e+18,1.7854777463067046e+18,1158618422,1481344526,lane5:F2:s1->s2,4712346,1785477744808609781,1785477745967228203,1785477746289954307
55,rank37:F2,compute,forward,2,37,2,5,37,37,2,2,2,warmup,463387493,463387493,0,0,0,1.7854777459790113e+18,1.7854777464423987e+18,1158618422,1622005915,lane5:F2:s1->s2,6647902,1785477744808609781,1785477745967228203,1785477746430615696
55,lane5:F1:s3->s4,pp_message,forward,1,-1,3,5,53,69,3,4,-1,p2p,4712346,0,0,4712346,0,,,1470989963,1475702309,rank53:F1,0,1785477744808609781,1785477746279599744,1785477746284312090
55,lane5:F0:s4->s5,pp_message,forward,0,-1,4,5,69,85,4,5,-1,p2p,4712346,0,0,4712346,0,,,1480647089,1485359435,rank69:F0,0,1785477744808609781,1785477746289256870,1785477746293969216
55,lane5:F3:s1->s2,pp_message,forward,3,-1,1,5,21,37,1,2,-1,p2p,4712346,0,0,4712346,0,,,1481344526,1486056872,rank21:F3,0,1785477744808609781,1785477746289954307,1785477746294666653
55,rank69:F1,compute,forward,1,69,4,5,69,69,4,4,1,warmup,316211485,316211485,0,0,0,1.7854777463035118e+18,1.7854777466197233e+18,1485359435,1801570920,lane5:F0:s4->s5,4712346,1785477744808609781,1785477746293969216,1785477746610180701
55,rank85:F0,compute,forward,0,85,5,5,85,85,5,5,0,warmup,314257103,314257103,0,0,0,1.7854777462981673e+18,1.7854777466124244e+18,1485359435,1799616538,lane5:F0:s4->s5,1485359435,1785477744808609781,1785477746293969216,1785477746608226319
55,lane5:F2:s2->s3,pp_message,forward,2,-1,2,5,37,53,2,3,-1,p2p,4712346,0,0,4712346,0,,,1622005915,1626718261,rank37:F2,0,1785477744808609781,1785477746430615696,1785477746435328042
55,rank37:F3,compute,forward,3,37,2,5,37,37,2,2,3,warmup,317574260,317574260,0,0,0,1.7854777464524224e+18,1.7854777467699968e+18,1626718261,1944292521,lane5:F2:s2->s3,4712346,1785477744808609781,1785477746435328042,1785477746752902302
55,rank53:F2,compute,forward,2,53,3,5,53,53,3,3,2,warmup,315327816,315327816,0,0,0,1.7854777464473787e+18,1.7854777467627064e+18,1626718261,1942046077,lane5:F2:s2->s3,155728298,1785477744808609781,1785477746435328042,1785477746750655858
55,lane5:F0:s5->s6,pp_message,forward,0,-1,5,5,85,101,5,6,-1,p2p,4712346,0,0,4712346,0,,,1799616538,1804328884,rank85:F0,0,1785477744808609781,1785477746608226319,1785477746612938665
55,lane5:F1:s4->s5,pp_message,forward,1,-1,4,5,69,85,4,5,-1,p2p,4712346,0,0,4712346,0,,,1801570920,1806283266,rank69:F1,0,1785477744808609781,1785477746610180701,1785477746614893047
55,rank101:F0,compute,forward,0,101,6,5,101,101,6,6,0,warmup,318230208,318230208,0,0,0,1.785477746617877e+18,1.7854777469361073e+18,1804328884,2122559092,lane5:F0:s5->s6,1804328884,1785477744808609781,1785477746612938665,1785477746931168873
55,rank85:F1,compute,forward,1,85,5,5,85,85,5,5,1,warmup,312775260,312775260,0,0,0,1.7854777466247662e+18,1.7854777469375414e+18,1806283266,2119058526,lane5:F1:s4->s5,6666728,1785477744808609781,1785477746614893047,1785477746927668307
55,lane5:F2:s3->s4,pp_message,forward,2,-1,3,5,53,69,3,4,-1,p2p,4712346,0,0,4712346,0,,,1942046077,1946758423,rank53:F2,0,1785477744808609781,1785477746750655858,1785477746755368204
55,lane5:F3:s2->s3,pp_message,forward,3,-1,2,5,37,53,2,3,-1,p2p,4712346,0,0,4712346,0,,,1944292521,1949004867,rank37:F3,0,1785477744808609781,1785477746752902302,1785477746757614648
55,rank69:F2,compute,forward,2,69,4,5,69,69,4,4,2,warmup,315428158,315428158,0,0,0,1.7854777467686769e+18,1.785477747084105e+18,1946758423,2262186581,lane5:F2:s3->s4,145187503,1785477744808609781,1785477746755368204,1785477747070796362
55,rank53:F3,compute,forward,3,53,3,5,53,53,3,3,3,warmup,334077421,334077421,0,0,0,1.7854777467749276e+18,1.785477747109005e+18,1949004867,2283082288,lane5:F3:s2->s3,6958790,1785477744808609781,1785477746757614648,1785477747091692069
55,lane5:F1:s5->s6,pp_message,forward,1,-1,5,5,85,101,5,6,-1,p2p,4712346,0,0,4712346,0,,,2119058526,2123770872,rank85:F1,0,1785477744808609781,1785477746927668307,1785477746932380653
55,lane5:F0:s6->s7,pp_message,forward,0,-1,6,5,101,117,6,7,-1,p2p,4712346,0,0,4712346,0,,,2122559092,2127271438,rank101:F0,0,1785477744808609781,1785477746931168873,1785477746935881219
55,rank101:F1,compute,forward,1,101,6,5,101,101,6,6,1,warmup,316847154,316847154,0,0,0,1.785477746946414e+18,1.7854777472632612e+18,2127271438,2444118592,lane5:F0:s6->s7,4712346,1785477744808609781,1785477746935881219,1785477747252728373
55,rank117:F0,compute,forward,0,117,7,5,117,117,7,7,0,warmup,316732124,316732124,0,0,0,1.7854777469417705e+18,1.7854777472585027e+18,2127271438,2444003562,lane5:F0:s6->s7,2127271438,1785477744808609781,1785477746935881219,1785477747252613343
55,lane5:F2:s4->s5,pp_message,forward,2,-1,4,5,69,85,4,5,-1,p2p,4712346,0,0,4712346,0,,,2262186581,2266898927,rank69:F2,0,1785477744808609781,1785477747070796362,1785477747075508708
55,rank85:F2,compute,forward,2,85,5,5,85,85,5,5,2,warmup,351785476,351785476,0,0,0,1.7854777470897528e+18,1.7854777474415383e+18,2266898927,2618684403,lane5:F2:s4->s5,147840401,1785477744808609781,1785477747075508708,1785477747427294184
55,lane5:F3:s3->s4,pp_message,forward,3,-1,3,5,53,69,3,4,-1,p2p,4712346,0,0,4712346,0,,,2283082288,2287794634,rank53:F3,0,1785477744808609781,1785477747091692069,1785477747096404415
55,rank69:F3,compute,forward,3,69,4,5,69,69,4,4,3,warmup,313086578,313086578,0,0,0,1.7854777471148073e+18,1.785477747427894e+18,2287794634,2600881212,lane5:F3:s3->s4,25608053,1785477744808609781,1785477747096404415,1785477747409490993
55,lane5:F0:s7->s8,pp_message,forward,0,-1,7,5,117,133,7,8,-1,p2p,4712346,0,0,4712346,0,,,2444003562,2448715908,rank117:F0,0,1785477744808609781,1785477747252613343,1785477747257325689
55,lane5:F1:s6->s7,pp_message,forward,1,-1,6,5,101,117,6,7,-1,p2p,4712346,0,0,4712346,0,,,2444118592,2448830938,rank101:F1,0,1785477744808609781,1785477747252728373,1785477747257440719
55,rank133:F0,compute,forward,0,133,8,5,133,133,8,8,0,warmup,313306084,313306084,0,0,0,1.7854777472639593e+18,1.7854777475772654e+18,2448715908,2762021992,lane5:F0:s7->s8,2448715908,1785477744808609781,1785477747257325689,1785477747570631773
55,rank117:F1,compute,forward,1,117,7,5,117,117,7,7,1,warmup,313847704,313847704,0,0,0,1.7854777472687685e+18,1.785477747582616e+18,2448830938,2762678642,lane5:F1:s6->s7,4827376,1785477744808609781,1785477747257440719,1785477747571288423
55,lane5:F3:s4->s5,pp_message,forward,3,-1,4,5,69,85,4,5,-1,p2p,4712346,0,0,4712346,0,,,2600881212,2605593558,rank69:F3,0,1785477744808609781,1785477747409490993,1785477747414203339
55,lane5:F2:s5->s6,pp_message,forward,2,-1,5,5,85,101,5,6,-1,p2p,4712346,0,0,4712346,0,,,2618684403,2623396749,rank85:F2,0,1785477744808609781,1785477747427294184,1785477747432006530
55,rank101:F2,compute,forward,2,101,6,5,101,101,6,6,2,warmup,316274321,316274321,0,0,0,1.7854777474466944e+18,1.7854777477629686e+18,2623396749,2939671070,lane5:F2:s5->s6,179278157,1785477744808609781,1785477747432006530,1785477747748280851
55,rank85:F3,compute,forward,3,85,5,5,85,85,5,5,3,warmup,312048373,312048373,0,0,0,1.7854777474522793e+18,1.7854777477643277e+18,2623396749,2935445122,lane5:F2:s5->s6,4712346,1785477744808609781,1785477747432006530,1785477747744054903
55,lane5:F0:s8->s9,pp_message,forward,0,-1,8,5,133,149,8,9,-1,p2p,4712346,0,0,4712346,0,,,2762021992,2766734338,rank133:F0,0,1785477744808609781,1785477747570631773,1785477747575344119
55,lane5:F1:s7->s8,pp_message,forward,1,-1,7,5,117,133,7,8,-1,p2p,4712346,0,0,4712346,0,,,2762678642,2767390988,rank117:F1,0,1785477744808609781,1785477747571288423,1785477747576000769
55,rank149:F0,compute,forward,0,149,9,5,149,149,9,9,0,warmup,320624332,320624332,0,0,0,1.785477747582618e+18,1.7854777479032425e+18,2766734338,3087358670,lane5:F0:s8->s9,2766734338,1785477744808609781,1785477747575344119,1785477747895968451
55,rank133:F1,compute,forward,1,133,8,5,133,133,8,8,1,warmup,310731458,310731458,0,0,0,1.7854777475877524e+18,1.785477747898484e+18,2767390988,3078122446,lane5:F1:s7->s8,5368996,1785477744808609781,1785477747576000769,1785477747886732227
55,lane5:F3:s5->s6,pp_message,forward,3,-1,5,5,85,101,5,6,-1,p2p,4712346,0,0,4712346,0,,,2935445122,2940157468,rank85:F3,0,1785477744808609781,1785477747744054903,1785477747748767249
55,lane5:F2:s6->s7,pp_message,forward,2,-1,6,5,101,117,6,7,-1,p2p,4712346,0,0,4712346,0,,,2939671070,2944383416,rank101:F2,0,1785477744808609781,1785477747748280851,1785477747752993197
55,rank101:F3,compute,forward,3,101,6,5,101,101,6,6,3,warmup,315631508,315631508,0,0,0,1.7854777477731996e+18,1.785477748088831e+18,2944383416,3260014924,lane5:F2:s6->s7,4712346,1785477744808609781,1785477747752993197,1785477748068624705
55,rank117:F2,compute,forward,2,117,7,5,117,117,7,7,2,warmup,310624955,310624955,0,0,0,1.7854777477682657e+18,1.7854777480788908e+18,2944383416,3255008371,lane5:F2:s6->s7,181704774,1785477744808609781,1785477747752993197,1785477748063618152
55,lane5:F1:s8->s9,pp_message,forward,1,-1,8,5,133,149,8,9,-1,p2p,4712346,0,0,4712346,0,,,3078122446,3082834792,rank133:F1,0,1785477744808609781,1785477747886732227,1785477747891444573
55,lane5:F0:s9->s10,pp_message,forward,0,-1,9,5,149,165,9,10,-1,p2p,4712346,0,0,4712346,0,,,3087358670,3092071016,rank149:F0,0,1785477744808609781,1785477747895968451,1785477747900680797
55,rank149:F1,compute,forward,1,149,9,5,149,149,9,9,1,warmup,318625215,318625215,0,0,0,1.7854777479134433e+18,1.7854777482320686e+18,3092071016,3410696231,lane5:F0:s9->s10,4712346,1785477744808609781,1785477747900680797,1785477748219306012
55,rank165:F0,compute,forward,0,165,10,5,165,165,10,10,0,warmup,319951710,319951710,0,0,0,1.7854777479095555e+18,1.7854777482295073e+18,3092071016,3412022726,lane5:F0:s9->s10,3092071016,1785477744808609781,1785477747900680797,1785477748220632507
55,lane5:F2:s7->s8,pp_message,forward,2,-1,7,5,117,133,7,8,-1,p2p,4712346,0,0,4712346,0,,,3255008371,3259720717,rank117:F2,0,1785477744808609781,1785477748063618152,1785477748068330498
55,rank133:F2,compute,forward,2,133,8,5,133,133,8,8,2,warmup,311183643,311183643,0,0,0,1.7854777480840607e+18,1.7854777483952443e+18,3259720717,3570904360,lane5:F2:s7->s8,181598271,1785477744808609781,1785477748068330498,1785477748379514141
55,lane5:F3:s6->s7,pp_message,forward,3,-1,6,5,101,117,6,7,-1,p2p,4712346,0,0,4712346,0,,,3260014924,3264727270,rank101:F3,0,1785477744808609781,1785477748068624705,1785477748073337051
55,rank117:F3,compute,forward,3,117,7,5,117,117,7,7,3,warmup,340401076,340401076,0,0,0,1.7854777480940326e+18,1.7854777484344335e+18,3264727270,3605128346,lane5:F3:s6->s7,9718899,1785477744808609781,1785477748073337051,1785477748413738127
55,lane5:F1:s9->s10,pp_message,forward,1,-1,9,5,149,165,9,10,-1,p2p,4712346,0,0,4712346,0,,,3410696231,3415408577,rank149:F1,0,1785477744808609781,1785477748219306012,1785477748224018358
55,lane5:F0:s10->s11,pp_message,forward,0,-1,10,5,165,181,10,11,-1,p2p,4712346,0,0,4712346,0,,,3412022726,3416735072,rank165:F0,0,1785477744808609781,1785477748220632507,1785477748225344853
55,rank165:F1,compute,forward,1,165,10,5,165,165,10,10,1,warmup,324427299,324427299,0,0,0,1.7854777482397955e+18,1.785477748564223e+18,3416735072,3741162371,lane5:F0:s10->s11,4712346,1785477744808609781,1785477748225344853,1785477748549772152
55,rank181:F0,compute,forward,0,181,11,5,181,181,11,11,0,warmup,311349074,311349074,0,0,0,1.7854777482351112e+18,1.7854777485464602e+18,3416735072,3728084146,lane5:F0:s10->s11,3416735072,1785477744808609781,1785477748225344853,1785477748536693927
55,lane5:F2:s8->s9,pp_message,forward,2,-1,8,5,133,149,8,9,-1,p2p,4712346,0,0,4712346,0,,,3570904360,3575616706,rank133:F2,0,1785477744808609781,1785477748379514141,1785477748384226487
55,rank149:F2,compute,forward,2,149,9,5,149,149,9,9,2,warmup,318421730,318421730,0,0,0,1.7854777484003753e+18,1.785477748718797e+18,3575616706,3894038436,lane5:F2:s8->s9,164920475,1785477744808609781,1785477748384226487,1785477748702648217
55,lane5:F3:s7->s8,pp_message,forward,3,-1,7,5,117,133,7,8,-1,p2p,4712346,0,0,4712346,0,,,3605128346,3609840692,rank117:F3,0,1785477744808609781,1785477748413738127,1785477748418450473
55,rank133:F3,compute,forward,3,133,8,5,133,133,8,8,3,warmup,310977888,310977888,0,0,0,1.7854777484395894e+18,1.7854777487505672e+18,3609840692,3920818580,lane5:F3:s7->s8,38936332,1785477744808609781,1785477748418450473,1785477748729428361
55,lane5:F0:s11->s12,pp_message,forward,0,-1,11,5,181,197,11,12,-1,p2p,4712346,0,0,4712346,0,,,3728084146,3732796492,rank181:F0,0,1785477744808609781,1785477748536693927,1785477748541406273
55,rank197:F0,compute,forward,0,197,12,5,197,197,12,12,0,warmup,313384907,313384907,0,0,0,1.7854777485520412e+18,1.7854777488654262e+18,3732796492,4046181399,lane5:F0:s11->s12,3732796492,1785477744808609781,1785477748541406273,1785477748854791180
55,lane5:F1:s10->s11,pp_message,forward,1,-1,10,5,165,181,10,11,-1,p2p,4712346,0,0,4712346,0,,,3741162371,3745874717,rank165:F1,0,1785477744808609781,1785477748549772152,1785477748554484498
55,rank181:F1,compute,forward,1,181,11,5,181,181,11,11,1,warmup,316072584,316072584,0,0,0,1.785477748569426e+18,1.7854777488854984e+18,3745874717,4061947301,lane5:F1:s10->s11,17790571,1785477744808609781,1785477748554484498,1785477748870557082
55,lane5:F2:s9->s10,pp_message,forward,2,-1,9,5,149,165,9,10,-1,p2p,4712346,0,0,4712346,0,,,3894038436,3898750782,rank149:F2,0,1785477744808609781,1785477748702648217,1785477748707360563
55,rank165:F2,compute,forward,2,165,10,5,165,165,10,10,2,warmup,333594890,333594890,0,0,0,1.7854777487243336e+18,1.7854777490579284e+18,3898750782,4232345672,lane5:F2:s9->s10,157588411,1785477744808609781,1785477748707360563,1785477749040955453
55,lane5:F3:s8->s9,pp_message,forward,3,-1,8,5,133,149,8,9,-1,p2p,4712346,0,0,4712346,0,,,3920818580,3925530926,rank133:F3,0,1785477744808609781,1785477748729428361,1785477748734140707
55,rank149:F3,compute,forward,3,149,9,5,149,149,9,9,3,warmup,319109523,319109523,0,0,0,1.7854777487556196e+18,1.7854777490747292e+18,3925530926,4244640449,lane5:F3:s8->s9,31492490,1785477744808609781,1785477748734140707,1785477749053250230
55,lane5:F0:s12->s13,pp_message,forward,0,-1,12,5,197,213,12,13,-1,p2p,4712346,0,0,4712346,0,,,4046181399,4050893745,rank197:F0,0,1785477744808609781,1785477748854791180,1785477748859503526
55,rank213:F0,compute,forward,0,213,13,5,213,213,13,13,0,warmup,315165345,315165345,0,0,0,1.7854777488711314e+18,1.7854777491862966e+18,4050893745,4366059090,lane5:F0:s12->s13,4050893745,1785477744808609781,1785477748859503526,1785477749174668871
55,lane5:F1:s11->s12,pp_message,forward,1,-1,11,5,181,197,11,12,-1,p2p,4712346,0,0,4712346,0,,,4061947301,4066659647,rank181:F1,0,1785477744808609781,1785477748870557082,1785477748875269428
55,rank197:F1,compute,forward,1,197,12,5,197,197,12,12,1,warmup,307391850,307391850,0,0,0,1.7854777488906806e+18,1.7854777491980726e+18,4066659647,4374051497,lane5:F1:s11->s12,20478248,1785477744808609781,1785477748875269428,1785477749182661278
55,lane5:F2:s10->s11,pp_message,forward,2,-1,10,5,165,181,10,11,-1,p2p,4712346,0,0,4712346,0,,,4232345672,4237058018,rank165:F2,0,1785477744808609781,1785477749040955453,1785477749045667799
55,rank181:F2,compute,forward,2,181,11,5,181,181,11,11,2,warmup,309151318,309151318,0,0,0,1.7854777490632433e+18,1.7854777493723945e+18,4237058018,4546209336,lane5:F2:s10->s11,175110717,1785477744808609781,1785477749045667799,1785477749354819117
55,lane5:F3:s9->s10,pp_message,forward,3,-1,9,5,149,165,9,10,-1,p2p,4712346,0,0,4712346,0,,,4244640449,4249352795,rank149:F3,0,1785477744808609781,1785477749053250230,1785477749057962576
55,rank165:F3,compute,forward,3,165,10,5,165,165,10,10,3,warmup,310657319,310657319,0,0,0,1.785477749079866e+18,1.7854777493905234e+18,4249352795,4560010114,lane5:F3:s9->s10,17007123,1785477744808609781,1785477749057962576,1785477749368619895
55,lane5:F0:s13->s14,pp_message,forward,0,-1,13,5,213,229,13,14,-1,p2p,4712346,0,0,4712346,0,,,4366059090,4370771436,rank213:F0,0,1785477744808609781,1785477749174668871,1785477749179381217
55,rank229:F0,compute,forward,0,229,14,5,229,229,14,14,0,warmup,315602041,315602041,0,0,0,1.7854777491927485e+18,1.7854777495083507e+18,4370771436,4686373477,lane5:F0:s13->s14,4370771436,1785477744808609781,1785477749179381217,1785477749494983258
55,lane5:F1:s12->s13,pp_message,forward,1,-1,12,5,197,213,12,13,-1,p2p,4712346,0,0,4712346,0,,,4374051497,4378763843,rank197:F1,0,1785477744808609781,1785477749182661278,1785477749187373624
55,rank213:F1,compute,forward,1,213,13,5,213,213,13,13,1,warmup,309496983,309496983,0,0,0,1.7854777492032714e+18,1.7854777495127683e+18,4378763843,4688260826,lane5:F1:s12->s13,12704753,1785477744808609781,1785477749187373624,1785477749496870607
55,lane5:F2:s11->s12,pp_message,forward,2,-1,11,5,181,197,11,12,-1,p2p,4712346,0,0,4712346,0,,,4546209336,4550921682,rank181:F2,0,1785477744808609781,1785477749354819117,1785477749359531463
55,rank197:F2,compute,forward,2,197,12,5,197,197,12,12,2,warmup,312366425,312366425,0,0,0,1.7854777493776568e+18,1.7854777496900234e+18,4550921682,4863288107,lane5:F2:s11->s12,176870185,1785477744808609781,1785477749359531463,1785477749671897888
55,lane5:F3:s10->s11,pp_message,forward,3,-1,10,5,165,181,10,11,-1,p2p,4712346,0,0,4712346,0,,,4560010114,4564722460,rank165:F3,0,1785477744808609781,1785477749368619895,1785477749373332241
55,rank181:F3,compute,forward,3,181,11,5,181,181,11,11,3,warmup,306878224,306878224,0,0,0,1.785477749395763e+18,1.7854777497026412e+18,4564722460,4871600684,lane5:F3:s10->s11,18513124,1785477744808609781,1785477749373332241,1785477749680210465
55,lane5:F0:s14->s15,pp_message,forward,0,-1,14,5,229,245,14,15,-1,p2p,4712346,0,0,4712346,0,,,4686373477,4691085823,rank229:F0,0,1785477744808609781,1785477749494983258,1785477749499695604
55,lane5:F1:s13->s14,pp_message,forward,1,-1,13,5,213,229,13,14,-1,p2p,4712346,0,0,4712346,0,,,4688260826,4692973172,rank213:F1,0,1785477744808609781,1785477749496870607,1785477749501582953
55,rank245:F0,compute,forward,0,245,15,5,245,245,15,15,0,steady,194353174,194353174,0,0,0,1.785477749514792e+18,1.785477749709145e+18,4691085823,4885438997,lane5:F0:s14->s15,4691085823,1785477744808609781,1785477749499695604,1785477749694048778
55,rank229:F1,compute,forward,1,229,14,5,229,229,14,14,1,steady,308228386,308228386,0,0,0,1.7854777495194424e+18,1.7854777498276708e+18,4692973172,5001201558,lane5:F1:s13->s14,6599695,1785477744808609781,1785477749501582953,1785477749809811339
55,lane5:F2:s12->s13,pp_message,forward,2,-1,12,5,197,213,12,13,-1,p2p,4712346,0,0,4712346,0,,,4863288107,4868000453,rank197:F2,0,1785477744808609781,1785477749671897888,1785477749676610234
55,rank213:F2,compute,forward,2,213,13,5,213,213,13,13,2,steady,311165582,311165582,0,0,0,1.785477749695264e+18,1.7854777500064297e+18,4868000453,5179166035,lane5:F2:s12->s13,179739627,1785477744808609781,1785477749676610234,1785477749987775816
55,lane5:F3:s11->s12,pp_message,forward,3,-1,11,5,181,197,11,12,-1,p2p,4712346,0,0,4712346,0,,,4871600684,4876313030,rank181:F3,0,1785477744808609781,1785477749680210465,1785477749684922811
55,rank197:F3,compute,forward,3,197,12,5,197,197,12,12,3,steady,308270582,308270582,0,0,0,1.7854777497078013e+18,1.785477750016072e+18,4876313030,5184583612,lane5:F3:s11->s12,13024923,1785477744808609781,1785477749684922811,1785477749993193393
55,rank245:B0,compute,backward,0,245,15,5,245,245,15,15,1,steady,367554451,367554451,0,0,0,1.785477749709301e+18,1.7854777500768553e+18,4885438997,5252993448,rank245:F0,0,1785477744808609781,1785477749694048778,1785477750061603229
55,lane5:F1:s14->s15,pp_message,forward,1,-1,14,5,229,245,14,15,-1,p2p,4712346,0,0,4712346,0,,,5001201558,5005913904,rank229:F1,0,1785477744808609781,1785477749809811339,1785477749814523685
55,lane5:F2:s13->s14,pp_message,forward,2,-1,13,5,213,229,13,14,-1,p2p,4712346,0,0,4712346,0,,,5179166035,5183878381,rank213:F2,0,1785477744808609781,1785477749987775816,1785477749992488162
55,lane5:F3:s12->s13,pp_message,forward,3,-1,12,5,197,213,12,13,-1,p2p,4712346,0,0,4712346,0,,,5184583612,5189295958,rank197:F3,0,1785477744808609781,1785477749993193393,1785477749997905739
55,lane5:B0:s15->s14,pp_message,backward,0,-1,15,5,245,229,15,14,-1,p2p,98176190,0,0,4712346,93463844,,,5252993448,5351169638,rank245:B0,0,1785477744808609781,1785477750061603229,1785477750159779419
55,rank229:B0,compute,backward,0,229,14,5,229,229,14,14,2,steady,708386236,708386236,0,0,0,1.7854777501765169e+18,1.7854777508849032e+18,5351169638,6059555874,lane5:B0:s15->s14,349968080,1785477744808609781,1785477750159779419,1785477750868165655
55,rank245:F1,compute,forward,1,245,15,5,245,245,15,15,2,steady,192785219,192785219,0,0,0,1.7854777501764183e+18,1.7854777503692037e+18,5351169638,5543954857,lane5:B0:s15->s14,98176190,1785477744808609781,1785477750159779419,1785477750352564638
55,rank245:B1,compute,backward,1,245,15,5,245,245,15,15,3,steady,365984775,365984775,0,0,0,1.7854777503694272e+18,1.785477750735412e+18,5543954857,5909939632,rank245:F1,0,1785477744808609781,1785477750352564638,1785477750718549413
55,lane5:B1:s15->s14,pp_message,backward,1,-1,15,5,245,229,15,14,-1,p2p,98176190,0,0,4712346,93463844,,,5909939632,6008115822,rank245:B1,0,1785477744808609781,1785477750718549413,1785477750816725603
55,lane5:B0:s14->s13,pp_message,backward,0,-1,14,5,229,213,14,13,-1,p2p,98176190,0,0,4712346,93463844,,,6059555874,6157732064,rank229:B0,0,1785477744808609781,1785477750868165655,1785477750966341845
55,rank213:B0,compute,backward,0,213,13,5,213,213,13,13,3,steady,688650638,688650638,0,0,0,1.785477750983557e+18,1.7854777516722076e+18,6157732064,6846382702,lane5:B0:s14->s13,978566029,1785477744808609781,1785477750966341845,1785477751654992483
55,rank229:F2,compute,forward,2,229,14,5,229,229,14,14,3,steady,309625058,309625058,0,0,0,1.7854777509833782e+18,1.7854777512930033e+18,6157732064,6467357122,lane5:B0:s14->s13,98176190,1785477744808609781,1785477750966341845,1785477751275966903
55,lane5:F2:s14->s15,pp_message,forward,2,-1,14,5,229,245,14,15,-1,p2p,4712346,0,0,4712346,0,,,6467357122,6472069468,rank229:F2,0,1785477744808609781,1785477751275966903,1785477751280679249
55,rank229:B1,compute,backward,1,229,14,5,229,229,14,14,4,steady,678802769,678802769,0,0,0,1.7854777512987333e+18,1.7854777519775363e+18,6472069468,7150872237,lane5:F2:s14->s15,4712346,1785477744808609781,1785477751280679249,1785477751959482018
55,rank245:F2,compute,forward,2,245,15,5,245,245,15,15,4,steady,189872444,189872444,0,0,0,1.7854777512988296e+18,1.785477751488702e+18,6472069468,6661941912,lane5:F2:s14->s15,562129836,1785477744808609781,1785477751280679249,1785477751470551693
55,rank245:B2,compute,backward,2,245,15,5,245,245,15,15,5,steady,367154492,367154492,0,0,0,1.78547775148893e+18,1.7854777518560845e+18,6661941912,7029096404,rank245:F2,0,1785477744808609781,1785477751470551693,1785477751837706185
55,lane5:B0:s13->s12,pp_message,backward,0,-1,13,5,213,197,13,12,-1,p2p,98176190,0,0,4712346,93463844,,,6846382702,6944558892,rank213:B0,0,1785477744808609781,1785477751654992483,1785477751753168673
55,rank197:B0,compute,backward,0,197,12,5,197,197,12,12,4,steady,680831988,680831988,0,0,0,1.7854777517707832e+18,1.7854777524516152e+18,6944558892,7625390880,lane5:B0:s13->s12,1759975280,1785477744808609781,1785477751753168673,1785477752434000661
55,rank213:F3,compute,forward,3,213,13,5,213,213,13,13,4,steady,313554800,313554800,0,0,0,1.7854777517707325e+18,1.7854777520842872e+18,6944558892,7258113692,lane5:B0:s13->s12,98176190,1785477744808609781,1785477751753168673,1785477752066723473
55,lane5:B2:s15->s14,pp_message,backward,2,-1,15,5,245,229,15,14,-1,p2p,98176190,0,0,4712346,93463844,,,7029096404,7127272594,rank245:B2,0,1785477744808609781,1785477751837706185,1785477751935882375
55,lane5:B1:s14->s13,pp_message,backward,1,-1,14,5,229,213,14,13,-1,p2p,98176190,0,0,4712346,93463844,,,7150872237,7249048427,rank229:B1,0,1785477744808609781,1785477751959482018,1785477752057658208
55,lane5:F3:s13->s14,pp_message,forward,3,-1,13,5,213,229,13,14,-1,p2p,4712346,0,0,4712346,0,,,7258113692,7262826038,rank213:F3,0,1785477744808609781,1785477752066723473,1785477752071435819
55,rank213:B1,compute,backward,1,213,13,5,213,213,13,13,5,steady,686415885,686415885,0,0,0,1.7854777520900823e+18,1.7854777527764982e+18,7262826038,7949241923,lane5:F3:s13->s14,4712346,1785477744808609781,1785477752071435819,1785477752757851704
55,rank229:F3,compute,forward,3,229,14,5,229,229,14,14,5,steady,308931710,308931710,0,0,0,1.785477752090084e+18,1.7854777523990157e+18,7262826038,7571757748,lane5:F3:s13->s14,111953801,1785477744808609781,1785477752071435819,1785477752380367529
55,lane5:F3:s14->s15,pp_message,forward,3,-1,14,5,229,245,14,15,-1,p2p,4712346,0,0,4712346,0,,,7571757748,7576470094,rank229:F3,0,1785477744808609781,1785477752380367529,1785477752385079875
55,rank229:B2,compute,backward,2,229,14,5,229,229,14,14,6,steady,686683476,686683476,0,0,0,1.785477752404911e+18,1.7854777530915945e+18,7576470094,8263153570,lane5:F3:s14->s15,4712346,1785477744808609781,1785477752385079875,1785477753071763351
55,rank245:F3,compute,forward,3,245,15,5,245,245,15,15,6,steady,189488582,189488582,0,0,0,1.7854777524049224e+18,1.785477752594411e+18,7576470094,7765958676,lane5:F3:s14->s15,547373690,1785477744808609781,1785477752385079875,1785477752574568457
55,lane5:B0:s12->s11,pp_message,backward,0,-1,12,5,197,181,12,11,-1,p2p,98176190,0,0,4712346,93463844,,,7625390880,7723567070,rank197:B0,0,1785477744808609781,1785477752434000661,1785477752532176851
55,rank181:B0,compute,backward,0,181,11,5,181,181,11,11,4,cooldown,676074389,676074389,0,0,0,1.7854777525502244e+18,1.785477753226299e+18,7723567070,8399641459,lane5:B0:s12->s11,2851966386,1785477744808609781,1785477752532176851,1785477753208251240
55,rank245:B3,compute,backward,3,245,15,5,245,245,15,15,7,steady,370658849,370658849,0,0,0,1.785477752594592e+18,1.7854777529652508e+18,7765958676,8136617525,rank245:F3,0,1785477744808609781,1785477752574568457,1785477752945227306
55,lane5:B1:s13->s12,pp_message,backward,1,-1,13,5,213,197,13,12,-1,p2p,98176190,0,0,4712346,93463844,,,7949241923,8047418113,rank213:B1,0,1785477744808609781,1785477752757851704,1785477752856027894
55,rank197:B1,compute,backward,1,197,12,5,197,197,12,12,5,cooldown,679052467,679052467,0,0,0,1.785477752873751e+18,1.7854777535528036e+18,8047418113,8726470580,lane5:B1:s13->s12,422027233,1785477744808609781,1785477752856027894,1785477753535080361
55,lane5:B3:s15->s14,pp_message,backward,3,-1,15,5,245,229,15,14,-1,p2p,98176190,0,0,4712346,93463844,,,8136617525,8234793715,rank245:B3,0,1785477744808609781,1785477752945227306,1785477753043403496
55,lane5:B2:s14->s13,pp_message,backward,2,-1,14,5,229,213,14,13,-1,p2p,98176190,0,0,4712346,93463844,,,8263153570,8361329760,rank229:B2,0,1785477744808609781,1785477753071763351,1785477753169939541
55,rank213:B2,compute,backward,2,213,13,5,213,213,13,13,6,cooldown,692450856,692450856,0,0,0,1.7854777531895217e+18,1.7854777538819727e+18,8361329760,9053780616,lane5:B2:s14->s13,412087837,1785477744808609781,1785477753169939541,1785477753862390397
55,rank229:B3,compute,backward,3,229,14,5,229,229,14,14,7,cooldown,687185045,687185045,0,0,0,1.7854777531945766e+18,1.7854777538817618e+18,8361329760,9048514805,lane5:B2:s14->s13,98176190,1785477744808609781,1785477753169939541,1785477753857124586
55,lane5:B0:s11->s10,pp_message,backward,0,-1,11,5,181,165,11,10,-1,p2p,98176190,0,0,4712346,93463844,,,8399641459,8497817649,rank181:B0,0,1785477744808609781,1785477753208251240,1785477753306427430
55,rank165:B0,compute,backward,0,165,10,5,165,165,10,10,4,cooldown,685006208,685006208,0,0,0,1.7854777533249725e+18,1.785477754009979e+18,8497817649,9182823857,lane5:B0:s11->s10,3937807535,1785477744808609781,1785477753306427430,1785477753991433638
55,lane5:B1:s12->s11,pp_message,backward,1,-1,12,5,197,181,12,11,-1,p2p,98176190,0,0,4712346,93463844,,,8726470580,8824646770,rank197:B1,0,1785477744808609781,1785477753535080361,1785477753633256551
55,rank181:B1,compute,backward,1,181,11,5,181,181,11,11,5,cooldown,684638516,684638516,0,0,0,1.78547775365167e+18,1.7854777543363085e+18,8824646770,9509285286,lane5:B1:s12->s11,425005311,1785477744808609781,1785477753633256551,1785477754317895067
55,lane5:B3:s14->s13,pp_message,backward,3,-1,14,5,229,213,14,13,-1,p2p,98176190,0,0,4712346,93463844,,,9048514805,9146690995,rank229:B3,0,1785477744808609781,1785477753857124586,1785477753955300776
55,lane5:B2:s13->s12,pp_message,backward,2,-1,13,5,213,197,13,12,-1,p2p,98176190,0,0,4712346,93463844,,,9053780616,9151956806,rank213:B2,0,1785477744808609781,1785477753862390397,1785477753960566587
55,rank197:B2,compute,backward,2,197,12,5,197,197,12,12,6,cooldown,680311967,680311967,0,0,0,1.7854777539797545e+18,1.7854777546600666e+18,9151956806,9832268773,lane5:B2:s13->s12,425486226,1785477744808609781,1785477753960566587,1785477754640878554
55,rank213:B3,compute,backward,3,213,13,5,213,213,13,13,7,cooldown,681940946,681940946,0,0,0,1.7854777539848113e+18,1.785477754666752e+18,9151956806,9833897752,lane5:B2:s13->s12,98176190,1785477744808609781,1785477753960566587,1785477754642507533
55,lane5:B0:s10->s9,pp_message,backward,0,-1,10,5,165,149,10,9,-1,p2p,98176190,0,0,4712346,93463844,,,9182823857,9281000047,rank165:B0,0,1785477744808609781,1785477753991433638,1785477754089609828
55,rank149:B0,compute,backward,0,149,9,5,149,149,9,9,4,cooldown,702696837,702696837,0,0,0,1.7854777541091945e+18,1.7854777548118915e+18,9281000047,9983696884,lane5:B0:s10->s9,5036359598,1785477744808609781,1785477754089609828,1785477754792306665
55,lane5:B1:s11->s10,pp_message,backward,1,-1,11,5,181,165,11,10,-1,p2p,98176190,0,0,4712346,93463844,,,9509285286,9607461476,rank181:B1,0,1785477744808609781,1785477754317895067,1785477754416071257
55,rank165:B1,compute,backward,1,165,10,5,165,165,10,10,5,cooldown,679283085,679283085,0,0,0,1.7854777544340774e+18,1.7854777551133604e+18,9607461476,10286744561,lane5:B1:s11->s10,424637619,1785477744808609781,1785477754416071257,1785477755095354342
55,lane5:B2:s12->s11,pp_message,backward,2,-1,12,5,197,181,12,11,-1,p2p,98176190,0,0,4712346,93463844,,,9832268773,9930444963,rank197:B2,0,1785477744808609781,1785477754640878554,1785477754739054744
55,lane5:B3:s13->s12,pp_message,backward,3,-1,13,5,213,197,13,12,-1,p2p,98176190,0,0,4712346,93463844,,,9833897752,9932073942,rank213:B3,0,1785477744808609781,1785477754642507533,1785477754740683723
55,rank181:B2,compute,backward,2,181,11,5,181,181,11,11,6,cooldown,683689804,683689804,0,0,0,1.78547775475836e+18,1.7854777554420498e+18,9930444963,10614134767,lane5:B2:s12->s11,421159677,1785477744808609781,1785477754739054744,1785477755422744548
55,rank197:B3,compute,backward,3,197,12,5,197,197,12,12,7,cooldown,678448171,678448171,0,0,0,1.7854777547647037e+18,1.785477755443152e+18,9932073942,10610522113,lane5:B3:s13->s12,99805169,1785477744808609781,1785477754740683723,1785477755419131894
55,lane5:B0:s9->s8,pp_message,backward,0,-1,9,5,149,133,9,8,-1,p2p,98176190,0,0,4712346,93463844,,,9983696884,10081873074,rank149:B0,0,1785477744808609781,1785477754792306665,1785477754890482855
55,rank133:B0,compute,backward,0,133,8,5,133,133,8,8,4,cooldown,688472073,688472073,0,0,0,1.7854777549108186e+18,1.7854777555992906e+18,10081873074,10770345147,lane5:B0:s9->s8,6161054494,1785477744808609781,1785477754890482855,1785477755578954928
55,lane5:B1:s10->s9,pp_message,backward,1,-1,10,5,165,149,10,9,-1,p2p,98176190,0,0,4712346,93463844,,,10286744561,10384920751,rank165:B1,0,1785477744808609781,1785477755095354342,1785477755193530532
55,rank149:B1,compute,backward,1,149,9,5,149,149,9,9,5,cooldown,697794174,697794174,0,0,0,1.7854777552116012e+18,1.7854777559093952e+18,10384920751,11082714925,lane5:B1:s10->s9,401223867,1785477744808609781,1785477755193530532,1785477755891324706
55,lane5:B3:s12->s11,pp_message,backward,3,-1,12,5,197,181,12,11,-1,p2p,98176190,0,0,4712346,93463844,,,10610522113,10708698303,rank197:B3,0,1785477744808609781,1785477755419131894,1785477755517308084
55,lane5:B2:s11->s10,pp_message,backward,2,-1,11,5,181,165,11,10,-1,p2p,98176190,0,0,4712346,93463844,,,10614134767,10712310957,rank181:B2,0,1785477744808609781,1785477755422744548,1785477755520920738
55,rank165:B2,compute,backward,2,165,10,5,165,165,10,10,6,cooldown,679623791,679623791,0,0,0,1.7854777555398008e+18,1.7854777562194245e+18,10712310957,11391934748,lane5:B2:s11->s10,425566396,1785477744808609781,1785477755520920738,1785477756200544529
55,rank181:B3,compute,backward,3,181,11,5,181,181,11,11,7,cooldown,677934261,677934261,0,0,0,1.7854777555447852e+18,1.7854777562227195e+18,10712310957,11390245218,lane5:B2:s11->s10,98176190,1785477744808609781,1785477755520920738,1785477756198854999
55,lane5:B0:s8->s7,pp_message,backward,0,-1,8,5,133,117,8,7,-1,p2p,98176190,0,0,4712346,93463844,,,10770345147,10868521337,rank133:B0,0,1785477744808609781,1785477755578954928,1785477755677131118
55,rank117:B0,compute,backward,0,117,7,5,117,117,7,7,4,cooldown,681088986,681088986,0,0,0,1.7854777556982464e+18,1.7854777563793354e+18,10868521337,11549610323,lane5:B0:s8->s7,7263392991,1785477744808609781,1785477755677131118,1785477756358220104
55,lane5:B1:s9->s8,pp_message,backward,1,-1,9,5,149,133,9,8,-1,p2p,98176190,0,0,4712346,93463844,,,11082714925,11180891115,rank149:B1,0,1785477744808609781,1785477755891324706,1785477755989500896
55,rank133:B1,compute,backward,1,133,8,5,133,133,8,8,5,cooldown,694539009,694539009,0,0,0,1.7854777560075423e+18,1.7854777567020813e+18,11180891115,11875430124,lane5:B1:s9->s8,410545968,1785477744808609781,1785477755989500896,1785477756684039905
55,lane5:B3:s11->s10,pp_message,backward,3,-1,11,5,181,165,11,10,-1,p2p,98176190,0,0,4712346,93463844,,,11390245218,11488421408,rank181:B3,0,1785477744808609781,1785477756198854999,1785477756297031189
55,lane5:B2:s10->s9,pp_message,backward,2,-1,10,5,165,149,10,9,-1,p2p,98176190,0,0,4712346,93463844,,,11391934748,11490110938,rank165:B2,0,1785477744808609781,1785477756200544529,1785477756298720719
55,rank149:B2,compute,backward,2,149,9,5,149,149,9,9,6,cooldown,701407496,701407496,0,0,0,1.7854777563167736e+18,1.785477757018181e+18,11490110938,12191518434,lane5:B2:s10->s9,407396013,1785477744808609781,1785477756298720719,1785477757000128215
55,rank165:B3,compute,backward,3,165,10,5,165,165,10,10,7,cooldown,680220578,680220578,0,0,0,1.7854777563220155e+18,1.785477757002236e+18,11490110938,12170331516,lane5:B2:s10->s9,98176190,1785477744808609781,1785477756298720719,1785477756978941297
55,lane5:B0:s7->s6,pp_message,backward,0,-1,7,5,117,101,7,6,-1,p2p,98176190,0,0,4712346,93463844,,,11549610323,11647786513,rank117:B0,0,1785477744808609781,1785477756358220104,1785477756456396294
55,rank101:B0,compute,backward,0,101,6,5,101,101,6,6,4,cooldown,703665274,703665274,0,0,0,1.7854777564767224e+18,1.7854777571803878e+18,11647786513,12351451787,lane5:B0:s7->s6,8387771589,1785477744808609781,1785477756456396294,1785477757160061568
55,lane5:B1:s8->s7,pp_message,backward,1,-1,8,5,133,117,8,7,-1,p2p,98176190,0,0,4712346,93463844,,,11875430124,11973606314,rank133:B1,0,1785477744808609781,1785477756684039905,1785477756782216095
55,rank117:B1,compute,backward,1,117,7,5,117,117,7,7,5,cooldown,686115944,686115944,0,0,0,1.7854777567992036e+18,1.7854777574853194e+18,11973606314,12659722258,lane5:B1:s8->s7,423995991,1785477744808609781,1785477756782216095,1785477757468332039
55,lane5:B3:s10->s9,pp_message,backward,3,-1,10,5,165,149,10,9,-1,p2p,98176190,0,0,4712346,93463844,,,12170331516,12268507706,rank165:B3,0,1785477744808609781,1785477756978941297,1785477757077117487
55,lane5:B2:s9->s8,pp_message,backward,2,-1,9,5,149,133,9,8,-1,p2p,98176190,0,0,4712346,93463844,,,12191518434,12289694624,rank149:B2,0,1785477744808609781,1785477757000128215,1785477757098304405
55,rank133:B2,compute,backward,2,133,8,5,133,133,8,8,6,cooldown,691223832,691223832,0,0,0,1.785477757116244e+18,1.7854777578074678e+18,12289694624,12980918456,lane5:B2:s9->s8,414264500,1785477744808609781,1785477757098304405,1785477757789528237
55,rank149:B3,compute,backward,3,149,9,5,149,149,9,9,7,cooldown,698880813,698880813,0,0,0,1.7854777571213742e+18,1.785477757820255e+18,12289694624,12988575437,lane5:B2:s9->s8,98176190,1785477744808609781,1785477757098304405,1785477757797185218
55,lane5:B0:s6->s5,pp_message,backward,0,-1,6,5,101,85,6,5,-1,p2p,98176190,0,0,4712346,93463844,,,12351451787,12449627977,rank101:B0,0,1785477744808609781,1785477757160061568,1785477757258237758
55,rank85:B0,compute,backward,0,85,5,5,85,85,5,5,4,cooldown,707848117,707848117,0,0,0,1.7854777572796227e+18,1.7854777579874708e+18,12449627977,13157476094,lane5:B0:s6->s5,9514182855,1785477744808609781,1785477757258237758,1785477757966085875
55,lane5:B1:s7->s6,pp_message,backward,1,-1,7,5,117,101,7,6,-1,p2p,98176190,0,0,4712346,93463844,,,12659722258,12757898448,rank117:B1,0,1785477744808609781,1785477757468332039,1785477757566508229
55,rank101:B1,compute,backward,1,101,6,5,101,101,6,6,5,cooldown,721483009,721483009,0,0,0,1.7854777575833498e+18,1.7854777583048328e+18,12757898448,13479381457,lane5:B1:s7->s6,406446661,1785477744808609781,1785477757566508229,1785477758287991238
55,lane5:B2:s8->s7,pp_message,backward,2,-1,8,5,133,117,8,7,-1,p2p,98176190,0,0,4712346,93463844,,,12980918456,13079094646,rank133:B2,0,1785477744808609781,1785477757789528237,1785477757887704427
55,lane5:B3:s9->s8,pp_message,backward,3,-1,9,5,149,133,9,8,-1,p2p,98176190,0,0,4712346,93463844,,,12988575437,13086751627,rank149:B3,0,1785477744808609781,1785477757797185218,1785477757895361408
55,rank117:B2,compute,backward,2,117,7,5,117,117,7,7,6,cooldown,684506792,684506792,0,0,0,1.7854777579048612e+18,1.7854777585893678e+18,13079094646,13763601438,lane5:B2:s8->s7,419372388,1785477744808609781,1785477757887704427,1785477758572211219
55,rank133:B3,compute,backward,3,133,8,5,133,133,8,8,7,cooldown,681951871,681951871,0,0,0,1.785477757918054e+18,1.785477758600006e+18,13086751627,13768703498,lane5:B3:s9->s8,105833171,1785477744808609781,1785477757895361408,1785477758577313279
55,lane5:B0:s5->s4,pp_message,backward,0,-1,5,5,85,69,5,4,-1,p2p,98176190,0,0,4712346,93463844,,,13157476094,13255652284,rank85:B0,0,1785477744808609781,1785477757966085875,1785477758064262065
55,rank69:B0,compute,backward,0,69,4,5,69,69,4,4,4,cooldown,698078978,698078978,0,0,0,1.7854777580868434e+18,1.7854777587849224e+18,13255652284,13953731262,lane5:B0:s5->s4,10654771072,1785477744808609781,1785477758064262065,1785477758762341043
55,lane5:B1:s6->s5,pp_message,backward,1,-1,6,5,101,85,6,5,-1,p2p,98176190,0,0,4712346,93463844,,,13479381457,13577557647,rank101:B1,0,1785477744808609781,1785477758287991238,1785477758386167428
55,rank85:B1,compute,backward,1,85,5,5,85,85,5,5,5,cooldown,706908863,706908863,0,0,0,1.7854777584006597e+18,1.7854777591075686e+18,13577557647,14284466510,lane5:B1:s6->s5,420081553,1785477744808609781,1785477758386167428,1785477759093076291
55,lane5:B2:s7->s6,pp_message,backward,2,-1,7,5,117,101,7,6,-1,p2p,98176190,0,0,4712346,93463844,,,13763601438,13861777628,rank117:B2,0,1785477744808609781,1785477758572211219,1785477758670387409
55,lane5:B3:s8->s7,pp_message,backward,3,-1,8,5,133,117,8,7,-1,p2p,98176190,0,0,4712346,93463844,,,13768703498,13866879688,rank133:B3,0,1785477744808609781,1785477758577313279,1785477758675489469
55,rank101:B2,compute,backward,2,101,6,5,101,101,6,6,6,cooldown,695715852,695715852,0,0,0,1.7854777586866158e+18,1.7854777593823316e+18,13861777628,14557493480,lane5:B2:s7->s6,382396171,1785477744808609781,1785477758670387409,1785477759366103261
55,rank117:B3,compute,backward,3,117,7,5,117,117,7,7,7,cooldown,680228110,680228110,0,0,0,1.7854777586976187e+18,1.7854777593778468e+18,13866879688,14547107798,lane5:B3:s8->s7,103278250,1785477744808609781,1785477758675489469,1785477759355717579
55,lane5:B0:s4->s3,pp_message,backward,0,-1,4,5,69,53,4,3,-1,p2p,98176190,0,0,4712346,93463844,,,13953731262,14051907452,rank69:B0,0,1785477744808609781,1785477758762341043,1785477758860517233
55,rank53:B0,compute,backward,0,53,3,5,53,53,3,3,4,cooldown,710329686,710329686,0,0,0,1.7854777588825388e+18,1.7854777595928684e+18,14051907452,14762237138,lane5:B0:s4->s3,11768825164,1785477744808609781,1785477758860517233,1785477759570846919
55,lane5:B1:s5->s4,pp_message,backward,1,-1,5,5,85,69,5,4,-1,p2p,98176190,0,0,4712346,93463844,,,14284466510,14382642700,rank85:B1,0,1785477744808609781,1785477759093076291,1785477759191252481
55,rank69:B1,compute,backward,1,69,4,5,69,69,4,4,5,cooldown,697627060,697627060,0,0,0,1.7854777592057736e+18,1.7854777599034007e+18,14382642700,15080269760,lane5:B1:s5->s4,428911438,1785477744808609781,1785477759191252481,1785477759888879541
55,lane5:B3:s7->s6,pp_message,backward,3,-1,7,5,117,101,7,6,-1,p2p,98176190,0,0,4712346,93463844,,,14547107798,14645283988,rank117:B3,0,1785477744808609781,1785477759355717579,1785477759453893769
55,lane5:B2:s6->s5,pp_message,backward,2,-1,6,5,101,85,6,5,-1,p2p,98176190,0,0,4712346,93463844,,,14557493480,14655669670,rank101:B2,0,1785477744808609781,1785477759366103261,1785477759464279451
55,rank101:B3,compute,backward,3,101,6,5,101,101,6,6,7,cooldown,691885360,691885360,0,0,0,1.7854777594849764e+18,1.785477760176862e+18,14655669670,15347555030,lane5:B2:s6->s5,98176190,1785477744808609781,1785477759464279451,1785477760156164811
55,rank85:B2,compute,backward,2,85,5,5,85,85,5,5,6,cooldown,713349464,713349464,0,0,0,1.7854777594797228e+18,1.785477760193072e+18,14655669670,15369019134,lane5:B2:s6->s5,371203160,1785477744808609781,1785477759464279451,1785477760177628915
55,lane5:B0:s3->s2,pp_message,backward,0,-1,3,5,53,37,3,2,-1,p2p,98176190,0,0,4712346,93463844,,,14762237138,14860413328,rank53:B0,0,1785477744808609781,1785477759570846919,1785477759669023109
55,rank37:B0,compute,backward,0,37,2,5,37,37,2,2,4,cooldown,714076982,714076982,0,0,0,1.7854777596924321e+18,1.785477760406509e+18,14860413328,15574490310,lane5:B0:s3->s2,12916120807,1785477744808609781,1785477759669023109,1785477760383100091
55,lane5:B1:s4->s3,pp_message,backward,1,-1,4,5,69,53,4,3,-1,p2p,98176190,0,0,4712346,93463844,,,15080269760,15178445950,rank69:B1,0,1785477744808609781,1785477759888879541,1785477759987055731
55,rank53:B1,compute,backward,1,53,3,5,53,53,3,3,5,cooldown,705321731,705321731,0,0,0,1.7854777600015086e+18,1.7854777607068303e+18,15178445950,15883767681,lane5:B1:s4->s3,416208812,1785477744808609781,1785477759987055731,1785477760692377462
55,lane5:B3:s6->s5,pp_message,backward,3,-1,6,5,101,85,6,5,-1,p2p,98176190,0,0,4712346,93463844,,,15347555030,15445731220,rank101:B3,0,1785477744808609781,1785477760156164811,1785477760254341001
55,lane5:B2:s5->s4,pp_message,backward,2,-1,5,5,85,69,5,4,-1,p2p,98176190,0,0,4712346,93463844,,,15369019134,15467195324,rank85:B2,0,1785477744808609781,1785477760177628915,1785477760275805105
55,rank69:B2,compute,backward,2,69,4,5,69,69,4,4,6,cooldown,692853186,692853186,0,0,0,1.7854777602914452e+18,1.7854777609842985e+18,15467195324,16160048510,lane5:B2:s5->s4,386925564,1785477744808609781,1785477760275805105,1785477760968658291
55,rank85:B3,compute,backward,3,85,5,5,85,85,5,5,7,cooldown,685925861,685925861,0,0,0,1.7854777602964887e+18,1.7854777609824146e+18,15467195324,16153121185,lane5:B2:s5->s4,98176190,1785477744808609781,1785477760275805105,1785477760961730966
55,lane5:B0:s2->s1,pp_message,backward,0,-1,2,5,37,21,2,1,-1,p2p,98176190,0,0,4712346,93463844,,,15574490310,15672666500,rank37:B0,0,1785477744808609781,1785477760383100091,1785477760481276281
55,rank21:B0,compute,backward,0,21,1,5,21,21,1,1,4,cooldown,724736926,724736926,0,0,0,1.7854777605058145e+18,1.7854777612305516e+18,15672666500,16397403426,lane5:B0:s2->s1,14191321974,1785477744808609781,1785477760481276281,1785477761206013207
55,lane5:B1:s3->s2,pp_message,backward,1,-1,3,5,53,37,3,2,-1,p2p,98176190,0,0,4712346,93463844,,,15883767681,15981943871,rank53:B1,0,1785477744808609781,1785477760692377462,1785477760790553652
55,rank37:B1,compute,backward,1,37,2,5,37,37,2,2,5,cooldown,709585760,709585760,0,0,0,1.7854777608045537e+18,1.7854777615141396e+18,15981943871,16691529631,lane5:B1:s3->s2,407453561,1785477744808609781,1785477760790553652,1785477761500139412
55,lane5:B3:s5->s4,pp_message,backward,3,-1,5,5,85,69,5,4,-1,p2p,98176190,0,0,4712346,93463844,,,16153121185,16251297375,rank85:B3,0,1785477744808609781,1785477760961730966,1785477761059907156
55,lane5:B2:s4->s3,pp_message,backward,2,-1,4,5,69,53,4,3,-1,p2p,98176190,0,0,4712346,93463844,,,16160048510,16258224700,rank69:B2,0,1785477744808609781,1785477760968658291,1785477761066834481
55,rank53:B2,compute,backward,2,53,3,5,53,53,3,3,6,cooldown,724855887,724855887,0,0,0,1.7854777610818934e+18,1.7854777618067492e+18,16258224700,16983080587,lane5:B2:s4->s3,374457019,1785477744808609781,1785477761066834481,1785477761791690368
55,rank69:B3,compute,backward,3,69,4,5,69,69,4,4,7,cooldown,697276653,697276653,0,0,0,1.7854777610873846e+18,1.7854777617846612e+18,16258224700,16955501353,lane5:B2:s4->s3,98176190,1785477744808609781,1785477761066834481,1785477761764111134
55,lane5:B0:s1->s0,pp_message,backward,0,-1,1,5,21,5,1,0,-1,p2p,98176190,0,0,4712346,93463844,,,16397403426,16495579616,rank21:B0,0,1785477744808609781,1785477761206013207,1785477761304189397
55,rank5:B0,compute,backward,0,5,0,5,5,5,0,0,4,cooldown,412365880,412365880,0,0,0,1.785477761329316e+18,1.785477761741682e+18,16495579616,16907945496,lane5:B0:s1->s0,15844144143,1785477744808609781,1785477761304189397,1785477761716555277
55,lane5:B1:s2->s1,pp_message,backward,1,-1,2,5,37,21,2,1,-1,p2p,98176190,0,0,4712346,93463844,,,16691529631,16789705821,rank37:B1,0,1785477744808609781,1785477761500139412,1785477761598315602
55,rank21:B1,compute,backward,1,21,1,5,21,21,1,1,5,cooldown,727185986,727185986,0,0,0,1.785477761612407e+18,1.785477762339593e+18,16789705821,17516891807,lane5:B1:s2->s1,392302395,1785477744808609781,1785477761598315602,1785477762325501588
55,lane5:B3:s4->s3,pp_message,backward,3,-1,4,5,69,53,4,3,-1,p2p,98176190,0,0,4712346,93463844,,,16955501353,17053677543,rank69:B3,0,1785477744808609781,1785477761764111134,1785477761862287324
55,lane5:B2:s3->s2,pp_message,backward,2,-1,3,5,53,37,3,2,-1,p2p,98176190,0,0,4712346,93463844,,,16983080587,17081256777,rank53:B2,0,1785477744808609781,1785477761791690368,1785477761889866558
55,rank37:B2,compute,backward,2,37,2,5,37,37,2,2,6,cooldown,709486438,709486438,0,0,0,1.7854777619044623e+18,1.7854777626139487e+18,17081256777,17790743215,lane5:B2:s3->s2,389727146,1785477744808609781,1785477761889866558,1785477762599352996
55,rank53:B3,compute,backward,3,53,3,5,53,53,3,3,7,cooldown,718991202,718991202,0,0,0,1.7854777619097004e+18,1.7854777626286915e+18,17081256777,17800247979,lane5:B2:s3->s2,98176190,1785477744808609781,1785477761889866558,1785477762608857760
55,lane5:B1:s1->s0,pp_message,backward,1,-1,1,5,21,5,1,0,-1,p2p,98176190,0,0,4712346,93463844,,,17516891807,17615067997,rank21:B1,0,1785477744808609781,1785477762325501588,1785477762423677778
55,rank5:B1,compute,backward,1,5,0,5,5,5,0,0,5,cooldown,407591337,407591337,0,0,0,1.7854777624371284e+18,1.7854777628447199e+18,17615067997,18022659334,lane5:B1:s1->s0,707122501,1785477744808609781,1785477762423677778,1785477762831269115
55,lane5:B2:s2->s1,pp_message,backward,2,-1,2,5,37,21,2,1,-1,p2p,98176190,0,0,4712346,93463844,,,17790743215,17888919405,rank37:B2,0,1785477744808609781,1785477762599352996,1785477762697529186
55,lane5:B3:s3->s2,pp_message,backward,3,-1,3,5,53,37,3,2,-1,p2p,98176190,0,0,4712346,93463844,,,17800247979,17898424169,rank53:B3,0,1785477744808609781,1785477762608857760,1785477762707033950
55,rank21:B2,compute,backward,2,21,1,5,21,21,1,1,6,cooldown,730644947,730644947,0,0,0,1.7854777627116782e+18,1.785477763442323e+18,17888919405,18619564352,lane5:B2:s2->s1,372027598,1785477744808609781,1785477762697529186,1785477763428174133
55,rank37:B3,compute,backward,3,37,2,5,37,37,2,2,7,cooldown,703017508,703017508,0,0,0,1.7854777627259587e+18,1.785477763428976e+18,17898424169,18601441677,lane5:B3:s3->s2,107680954,1785477744808609781,1785477762707033950,1785477763410051458
55,lane5:B3:s2->s1,pp_message,backward,3,-1,2,5,37,21,2,1,-1,p2p,98176190,0,0,4712346,93463844,,,18601441677,18699617867,rank37:B3,0,1785477744808609781,1785477763410051458,1785477763508227648
55,lane5:B2:s1->s0,pp_message,backward,2,-1,1,5,21,5,1,0,-1,p2p,98176190,0,0,4712346,93463844,,,18619564352,18717740542,rank21:B2,0,1785477744808609781,1785477763428174133,1785477763526350323
55,rank21:B3,compute,backward,3,21,1,5,21,21,1,1,7,cooldown,724597521,724597521,0,0,0,1.7854777635442913e+18,1.7854777642688888e+18,18717740542,19442338063,lane5:B2:s1->s0,98176190,1785477744808609781,1785477763526350323,1785477764250947844
55,rank5:B2,compute,backward,2,5,0,5,5,5,0,0,6,cooldown,409639400,409639400,0,0,0,1.7854777635391176e+18,1.785477763948757e+18,18717740542,19127379942,lane5:B2:s1->s0,695081208,1785477744808609781,1785477763526350323,1785477763935989723
55,lane5:B3:s1->s0,pp_message,backward,3,-1,1,5,21,5,1,0,-1,p2p,98176190,0,0,4712346,93463844,,,19442338063,19540514253,rank21:B3,0,1785477744808609781,1785477764250947844,1785477764349124034
55,rank5:B3,compute,backward,3,5,0,5,5,5,0,0,7,cooldown,405371639,405371639,0,0,0,1.7854777643668406e+18,1.785477764772212e+18,19540514253,19945885892,lane5:B3:s1->s0,413134311,1785477744808609781,1785477764349124034,1785477764754495673
55,rank6:F0,compute,forward,0,6,0,6,6,6,0,0,0,warmup,162685492,162685492,0,0,0,1.7854777448085652e+18,1.7854777449712507e+18,0,162685492,,0,1785477744808565246,1785477744808565246,1785477744971250738
55,lane6:F0:s0->s1,pp_message,forward,0,-1,0,6,6,22,0,1,-1,p2p,4712346,0,0,4712346,0,,,162685492,167397838,rank6:F0,0,1785477744808565246,1785477744971250738,1785477744975963084
55,rank22:F0,compute,forward,0,22,1,6,22,22,1,1,0,warmup,325819258,325819258,0,0,0,1.7854777449764275e+18,1.785477745302247e+18,167397838,493217096,lane6:F0:s0->s1,167397838,1785477744808565246,1785477744975963084,1785477745301782342
55,rank6:F1,compute,forward,1,6,0,6,6,6,0,0,1,warmup,158713585,158713585,0,0,0,1.7854777449764897e+18,1.7854777451352033e+18,167397838,326111423,lane6:F0:s0->s1,4712346,1785477744808565246,1785477744975963084,1785477745134676669
55,lane6:F1:s0->s1,pp_message,forward,1,-1,0,6,6,22,0,1,-1,p2p,4712346,0,0,4712346,0,,,326111423,330823769,rank6:F1,0,1785477744808565246,1785477745134676669,1785477745139389015
55,rank6:F2,compute,forward,2,6,0,6,6,6,0,0,2,warmup,158503392,158503392,0,0,0,1.7854777453125645e+18,1.785477745471068e+18,330823769,489327161,lane6:F1:s0->s1,4712346,1785477744808565246,1785477745139389015,1785477745297892407
55,lane6:F2:s0->s1,pp_message,forward,2,-1,0,6,6,22,0,1,-1,p2p,4712346,0,0,4712346,0,,,489327161,494039507,rank6:F2,0,1785477744808565246,1785477745297892407,1785477745302604753
55,lane6:F0:s1->s2,pp_message,forward,0,-1,1,6,22,38,1,2,-1,p2p,4712346,0,0,4712346,0,,,493217096,497929442,rank22:F0,0,1785477744808565246,1785477745301782342,1785477745306494688
55,rank6:F3,compute,forward,3,6,0,6,6,6,0,0,3,warmup,158002381,158002381,0,0,0,1.7854777456494538e+18,1.7854777458074563e+18,494039507,652041888,lane6:F2:s0->s1,4712346,1785477744808565246,1785477745302604753,1785477745460607134
55,rank22:F1,compute,forward,1,22,1,6,22,22,1,1,1,warmup,326591022,326591022,0,0,0,1.7854777453124966e+18,1.7854777456390876e+18,497929442,824520464,lane6:F0:s1->s2,4712346,1785477744808565246,1785477745306494688,1785477745633085710
55,rank38:F0,compute,forward,0,38,2,6,38,38,2,2,0,warmup,321303831,321303831,0,0,0,1.785477745307364e+18,1.785477745628668e+18,497929442,819233273,lane6:F0:s1->s2,497929442,1785477744808565246,1785477745306494688,1785477745627798519
55,lane6:F3:s0->s1,pp_message,forward,3,-1,0,6,6,22,0,1,-1,p2p,4712346,0,0,4712346,0,,,652041888,656754234,rank6:F3,0,1785477744808565246,1785477745460607134,1785477745465319480
55,lane6:F0:s2->s3,pp_message,forward,0,-1,2,6,38,54,2,3,-1,p2p,4712346,0,0,4712346,0,,,819233273,823945619,rank38:F0,0,1785477744808565246,1785477745627798519,1785477745632510865
55,rank54:F0,compute,forward,0,54,3,6,54,54,3,3,0,warmup,317208093,317208093,0,0,0,1.7854777456339428e+18,1.7854777459511508e+18,823945619,1141153712,lane6:F0:s2->s3,823945619,1785477744808565246,1785477745632510865,1785477745949718958
55,lane6:F1:s1->s2,pp_message,forward,1,-1,1,6,22,38,1,2,-1,p2p,4712346,0,0,4712346,0,,,824520464,829232810,rank22:F1,0,1785477744808565246,1785477745633085710,1785477745637798056
55,rank22:F2,compute,forward,2,22,1,6,22,22,1,1,2,warmup,324803510,324803510,0,0,0,1.785477745649347e+18,1.7854777459741507e+18,829232810,1154036320,lane6:F1:s1->s2,4712346,1785477744808565246,1785477745637798056,1785477745962601566
55,rank38:F1,compute,forward,1,38,2,6,38,38,2,2,1,warmup,322760581,322760581,0,0,0,1.785477745644171e+18,1.7854777459669315e+18,829232810,1151993391,lane6:F1:s1->s2,9999537,1785477744808565246,1785477745637798056,1785477745960558637
55,lane6:F0:s3->s4,pp_message,forward,0,-1,3,6,54,70,3,4,-1,p2p,4712346,0,0,4712346,0,,,1141153712,1145866058,rank54:F0,0,1785477744808565246,1785477745949718958,1785477745954431304
55,rank70:F0,compute,forward,0,70,4,6,70,70,4,4,0,warmup,335395640,335395640,0,0,0,1.7854777459566026e+18,1.7854777462919982e+18,1145866058,1481261698,lane6:F0:s3->s4,1145866058,1785477744808565246,1785477745954431304,1785477746289826944
55,lane6:F1:s2->s3,pp_message,forward,1,-1,2,6,38,54,2,3,-1,p2p,4712346,0,0,4712346,0,,,1151993391,1156705737,rank38:F1,0,1785477744808565246,1785477745960558637,1785477745965270983
55,lane6:F2:s1->s2,pp_message,forward,2,-1,1,6,22,38,1,2,-1,p2p,4712346,0,0,4712346,0,,,1154036320,1158748666,rank22:F2,0,1785477744808565246,1785477745962601566,1785477745967313912
55,rank54:F1,compute,forward,1,54,3,6,54,54,3,3,1,warmup,314225649,314225649,0,0,0,1.785477745972026e+18,1.7854777462862518e+18,1156705737,1470931386,lane6:F1:s2->s3,15552025,1785477744808565246,1785477745965270983,1785477746279496632
55,rank22:F3,compute,forward,3,22,1,6,22,22,1,1,3,warmup,322429457,322429457,0,0,0,1.785477745984248e+18,1.7854777463066775e+18,1158748666,1481178123,lane6:F2:s1->s2,4712346,1785477744808565246,1785477745967313912,1785477746289743369
55,rank38:F2,compute,forward,2,38,2,6,38,38,2,2,2,warmup,463241284,463241284,0,0,0,1.785477745979203e+18,1.7854777464424445e+18,1158748666,1621989950,lane6:F2:s1->s2,6755275,1785477744808565246,1785477745967313912,1785477746430555196
55,lane6:F1:s3->s4,pp_message,forward,1,-1,3,6,54,70,3,4,-1,p2p,4712346,0,0,4712346,0,,,1470931386,1475643732,rank54:F1,0,1785477744808565246,1785477746279496632,1785477746284208978
55,lane6:F3:s1->s2,pp_message,forward,3,-1,1,6,22,38,1,2,-1,p2p,4712346,0,0,4712346,0,,,1481178123,1485890469,rank22:F3,0,1785477744808565246,1785477746289743369,1785477746294455715
55,lane6:F0:s4->s5,pp_message,forward,0,-1,4,6,70,86,4,5,-1,p2p,4712346,0,0,4712346,0,,,1481261698,1485974044,rank70:F0,0,1785477744808565246,1785477746289826944,1785477746294539290
55,rank70:F1,compute,forward,1,70,4,6,70,70,4,4,1,warmup,317119227,317119227,0,0,0,1.785477746302363e+18,1.785477746619482e+18,1485974044,1803093271,lane6:F0:s4->s5,4712346,1785477744808565246,1785477746294539290,1785477746611658517
55,rank86:F0,compute,forward,0,86,5,6,86,86,5,5,0,warmup,314882629,314882629,0,0,0,1.7854777462974973e+18,1.7854777466123802e+18,1485974044,1800856673,lane6:F0:s4->s5,1485974044,1785477744808565246,1785477746294539290,1785477746609421919
55,lane6:F2:s2->s3,pp_message,forward,2,-1,2,6,38,54,2,3,-1,p2p,4712346,0,0,4712346,0,,,1621989950,1626702296,rank38:F2,0,1785477744808565246,1785477746430555196,1785477746435267542
55,rank38:F3,compute,forward,3,38,2,6,38,38,2,2,3,warmup,317393778,317393778,0,0,0,1.7854777464526077e+18,1.7854777467700017e+18,1626702296,1944096074,lane6:F2:s2->s3,4712346,1785477744808565246,1785477746435267542,1785477746752661320
55,rank54:F2,compute,forward,2,54,3,6,54,54,3,3,2,warmup,315106267,315106267,0,0,0,1.7854777464476065e+18,1.7854777467627128e+18,1626702296,1941808563,lane6:F2:s2->s3,155770910,1785477744808565246,1785477746435267542,1785477746750373809
55,lane6:F0:s5->s6,pp_message,forward,0,-1,5,6,86,102,5,6,-1,p2p,4712346,0,0,4712346,0,,,1800856673,1805569019,rank86:F0,0,1785477744808565246,1785477746609421919,1785477746614134265
55,lane6:F1:s4->s5,pp_message,forward,1,-1,4,6,70,86,4,5,-1,p2p,4712346,0,0,4712346,0,,,1803093271,1807805617,rank70:F1,0,1785477744808565246,1785477746611658517,1785477746616370863
55,rank102:F0,compute,forward,0,102,6,6,102,102,6,6,0,warmup,317759564,317759564,0,0,0,1.785477746618342e+18,1.7854777469361014e+18,1805569019,2123328583,lane6:F0:s5->s6,1805569019,1785477744808565246,1785477746614134265,1785477746931893829
55,rank86:F1,compute,forward,1,86,5,6,86,86,5,5,1,warmup,312865498,312865498,0,0,0,1.7854777466246984e+18,1.785477746937564e+18,1807805617,2120671115,lane6:F1:s4->s5,6948944,1785477744808565246,1785477746616370863,1785477746929236361
55,lane6:F2:s3->s4,pp_message,forward,2,-1,3,6,54,70,3,4,-1,p2p,4712346,0,0,4712346,0,,,1941808563,1946520909,rank54:F2,0,1785477744808565246,1785477746750373809,1785477746755086155
55,lane6:F3:s2->s3,pp_message,forward,3,-1,2,6,38,54,2,3,-1,p2p,4712346,0,0,4712346,0,,,1944096074,1948808420,rank38:F3,0,1785477744808565246,1785477746752661320,1785477746757373666
55,rank70:F2,compute,forward,2,70,4,6,70,70,4,4,2,warmup,315756139,315756139,0,0,0,1.7854777467682112e+18,1.7854777470839675e+18,1946520909,2262277048,lane6:F2:s3->s4,143427638,1785477744808565246,1785477746755086155,1785477747070842294
55,rank54:F3,compute,forward,3,54,3,6,54,54,3,3,3,warmup,333999969,333999969,0,0,0,1.78547774677512e+18,1.7854777471091197e+18,1948808420,2282808389,lane6:F3:s2->s3,6999857,1785477744808565246,1785477746757373666,1785477747091373635
55,lane6:F1:s5->s6,pp_message,forward,1,-1,5,6,86,102,5,6,-1,p2p,4712346,0,0,4712346,0,,,2120671115,2125383461,rank86:F1,0,1785477744808565246,1785477746929236361,1785477746933948707
55,lane6:F0:s6->s7,pp_message,forward,0,-1,6,6,102,118,6,7,-1,p2p,4712346,0,0,4712346,0,,,2123328583,2128040929,rank102:F0,0,1785477744808565246,1785477746931893829,1785477746936606175
55,rank102:F1,compute,forward,1,102,6,6,102,102,6,6,1,warmup,316903427,316903427,0,0,0,1.785477746946292e+18,1.7854777472631954e+18,2128040929,2444944356,lane6:F0:s6->s7,4712346,1785477744808565246,1785477746936606175,1785477747253509602
55,rank118:F0,compute,forward,0,118,7,6,118,118,7,7,0,warmup,316968716,316968716,0,0,0,1.7854777469415462e+18,1.785477747258515e+18,2128040929,2445009645,lane6:F0:s6->s7,2128040929,1785477744808565246,1785477746936606175,1785477747253574891
55,lane6:F2:s4->s5,pp_message,forward,2,-1,4,6,70,86,4,5,-1,p2p,4712346,0,0,4712346,0,,,2262277048,2266989394,rank70:F2,0,1785477744808565246,1785477747070842294,1785477747075554640
55,rank86:F2,compute,forward,2,86,5,6,86,86,5,5,2,warmup,352503198,352503198,0,0,0,1.785477747089168e+18,1.7854777474416712e+18,2266989394,2619492592,lane6:F2:s4->s5,146318279,1785477744808565246,1785477747075554640,1785477747428057838
55,lane6:F3:s3->s4,pp_message,forward,3,-1,3,6,54,70,3,4,-1,p2p,4712346,0,0,4712346,0,,,2282808389,2287520735,rank54:F3,0,1785477744808565246,1785477747091373635,1785477747096085981
55,rank70:F3,compute,forward,3,70,4,6,70,70,4,4,3,warmup,313313837,313313837,0,0,0,1.7854777471143014e+18,1.7854777474276152e+18,2287520735,2600834572,lane6:F3:s3->s4,25243687,1785477744808565246,1785477747096085981,1785477747409399818
55,lane6:F1:s6->s7,pp_message,forward,1,-1,6,6,102,118,6,7,-1,p2p,4712346,0,0,4712346,0,,,2444944356,2449656702,rank102:F1,0,1785477744808565246,1785477747253509602,1785477747258221948
55,lane6:F0:s7->s8,pp_message,forward,0,-1,7,6,118,134,7,8,-1,p2p,4712346,0,0,4712346,0,,,2445009645,2449721991,rank118:F0,0,1785477744808565246,1785477747253574891,1785477747258287237
55,rank118:F1,compute,forward,1,118,7,6,118,118,7,7,1,warmup,312542539,312542539,0,0,0,1.7854777472686167e+18,1.7854777475811592e+18,2449721991,2762264530,lane6:F0:s7->s8,4712346,1785477744808565246,1785477747258287237,1785477747570829776
55,rank134:F0,compute,forward,0,134,8,6,134,134,8,8,0,warmup,313390544,313390544,0,0,0,1.7854777472638246e+18,1.7854777475772152e+18,2449721991,2763112535,lane6:F0:s7->s8,2449721991,1785477744808565246,1785477747258287237,1785477747571677781
55,lane6:F3:s4->s5,pp_message,forward,3,-1,4,6,70,86,4,5,-1,p2p,4712346,0,0,4712346,0,,,2600834572,2605546918,rank70:F3,0,1785477744808565246,1785477747409399818,1785477747414112164
55,lane6:F2:s5->s6,pp_message,forward,2,-1,5,6,86,102,5,6,-1,p2p,4712346,0,0,4712346,0,,,2619492592,2624204938,rank86:F2,0,1785477744808565246,1785477747428057838,1785477747432770184
55,rank102:F2,compute,forward,2,102,6,6,102,102,6,6,2,warmup,316151715,316151715,0,0,0,1.7854777474468516e+18,1.7854777477630034e+18,2624204938,2940356653,lane6:F2:s5->s6,179260582,1785477744808565246,1785477747432770184,1785477747748921899
55,rank86:F3,compute,forward,3,86,5,6,86,86,5,5,3,warmup,312434075,312434075,0,0,0,1.7854777474519247e+18,1.7854777477643587e+18,2624204938,2936639013,lane6:F2:s5->s6,4712346,1785477744808565246,1785477747432770184,1785477747745204259
55,lane6:F1:s7->s8,pp_message,forward,1,-1,7,6,118,134,7,8,-1,p2p,4712346,0,0,4712346,0,,,2762264530,2766976876,rank118:F1,0,1785477744808565246,1785477747570829776,1785477747575542122
55,lane6:F0:s8->s9,pp_message,forward,0,-1,8,6,134,150,8,9,-1,p2p,4712346,0,0,4712346,0,,,2763112535,2767824881,rank134:F0,0,1785477744808565246,1785477747571677781,1785477747576390127
55,rank134:F1,compute,forward,1,134,8,6,134,134,8,8,1,warmup,310594867,310594867,0,0,0,1.7854777475880998e+18,1.7854777478986947e+18,2767824881,3078419748,lane6:F0:s8->s9,4712346,1785477744808565246,1785477747576390127,1785477747886984994
55,rank150:F0,compute,forward,0,150,9,6,150,150,9,9,0,warmup,319621301,319621301,0,0,0,1.7854777475837386e+18,1.78547774790336e+18,2767824881,3087446182,lane6:F0:s8->s9,2767824881,1785477744808565246,1785477747576390127,1785477747896011428
55,lane6:F3:s5->s6,pp_message,forward,3,-1,5,6,86,102,5,6,-1,p2p,4712346,0,0,4712346,0,,,2936639013,2941351359,rank86:F3,0,1785477744808565246,1785477747745204259,1785477747749916605
55,lane6:F2:s6->s7,pp_message,forward,2,-1,6,6,102,118,6,7,-1,p2p,4712346,0,0,4712346,0,,,2940356653,2945068999,rank102:F2,0,1785477744808565246,1785477747748921899,1785477747753634245
55,rank102:F3,compute,forward,3,102,6,6,102,102,6,6,3,warmup,315614701,315614701,0,0,0,1.7854777477731807e+18,1.7854777480887954e+18,2945068999,3260683700,lane6:F2:s6->s7,4712346,1785477744808565246,1785477747753634245,1785477748069248946
55,rank118:F2,compute,forward,2,118,7,6,118,118,7,7,2,warmup,311562954,311562954,0,0,0,1.7854777477681708e+18,1.7854777480797338e+18,2945068999,3256631953,lane6:F2:s6->s7,182804469,1785477744808565246,1785477747753634245,1785477748065197199
55,lane6:F1:s8->s9,pp_message,forward,1,-1,8,6,134,150,8,9,-1,p2p,4712346,0,0,4712346,0,,,3078419748,3083132094,rank134:F1,0,1785477744808565246,1785477747886984994,1785477747891697340
55,lane6:F0:s9->s10,pp_message,forward,0,-1,9,6,150,166,9,10,-1,p2p,4712346,0,0,4712346,0,,,3087446182,3092158528,rank150:F0,0,1785477744808565246,1785477747896011428,1785477747900723774
55,rank150:F1,compute,forward,1,150,9,6,150,150,9,9,1,warmup,317034503,317034503,0,0,0,1.7854777479148237e+18,1.7854777482318582e+18,3092158528,3409193031,lane6:F0:s9->s10,4712346,1785477744808565246,1785477747900723774,1785477748217758277
55,rank166:F0,compute,forward,0,166,10,6,166,166,10,10,0,warmup,320482924,320482924,0,0,0,1.7854777479090476e+18,1.7854777482295304e+18,3092158528,3412641452,lane6:F0:s9->s10,3092158528,1785477744808565246,1785477747900723774,1785477748221206698
55,lane6:F2:s7->s8,pp_message,forward,2,-1,7,6,118,134,7,8,-1,p2p,4712346,0,0,4712346,0,,,3256631953,3261344299,rank118:F2,0,1785477744808565246,1785477748065197199,1785477748069909545
55,lane6:F3:s6->s7,pp_message,forward,3,-1,6,6,102,118,6,7,-1,p2p,4712346,0,0,4712346,0,,,3260683700,3265396046,rank102:F3,0,1785477744808565246,1785477748069248946,1785477748073961292
55,rank134:F2,compute,forward,2,134,8,6,134,134,8,8,2,warmup,310770196,310770196,0,0,0,1.7854777480846303e+18,1.7854777483954004e+18,3261344299,3572114495,lane6:F2:s7->s8,182924551,1785477744808565246,1785477748069909545,1785477748380679741
55,rank118:F3,compute,forward,3,118,7,6,118,118,7,7,3,warmup,340571302,340571302,0,0,0,1.7854777480939164e+18,1.7854777484344876e+18,3265396046,3605967348,lane6:F3:s6->s7,8764093,1785477744808565246,1785477748073961292,1785477748414532594
55,lane6:F1:s9->s10,pp_message,forward,1,-1,9,6,150,166,9,10,-1,p2p,4712346,0,0,4712346,0,,,3409193031,3413905377,rank150:F1,0,1785477744808565246,1785477748217758277,1785477748222470623
55,lane6:F0:s10->s11,pp_message,forward,0,-1,10,6,166,182,10,11,-1,p2p,4712346,0,0,4712346,0,,,3412641452,3417353798,rank166:F0,0,1785477744808565246,1785477748221206698,1785477748225919044
55,rank166:F1,compute,forward,1,166,10,6,166,166,10,10,1,warmup,324055409,324055409,0,0,0,1.7854777482402025e+18,1.785477748564258e+18,3417353798,3741409207,lane6:F0:s10->s11,4712346,1785477744808565246,1785477748225919044,1785477748549974453
55,rank182:F0,compute,forward,0,182,11,6,182,182,11,11,0,warmup,310938982,310938982,0,0,0,1.7854777482356383e+18,1.7854777485465772e+18,3417353798,3728292780,lane6:F0:s10->s11,3417353798,1785477744808565246,1785477748225919044,1785477748536858026
55,lane6:F2:s8->s9,pp_message,forward,2,-1,8,6,134,150,8,9,-1,p2p,4712346,0,0,4712346,0,,,3572114495,3576826841,rank134:F2,0,1785477744808565246,1785477748380679741,1785477748385392087
55,rank150:F2,compute,forward,2,150,9,6,150,150,9,9,2,warmup,317880862,317880862,0,0,0,1.7854777484012183e+18,1.7854777487190994e+18,3576826841,3894707703,lane6:F2:s8->s9,167633810,1785477744808565246,1785477748385392087,1785477748703272949
55,lane6:F3:s7->s8,pp_message,forward,3,-1,7,6,118,134,7,8,-1,p2p,4712346,0,0,4712346,0,,,3605967348,3610679694,rank118:F3,0,1785477744808565246,1785477748414532594,1785477748419244940
55,rank134:F3,compute,forward,3,134,8,6,134,134,8,8,3,warmup,311209704,311209704,0,0,0,1.78547774843939e+18,1.7854777487505997e+18,3610679694,3921889398,lane6:F3:s7->s8,38565199,1785477744808565246,1785477748419244940,1785477748730454644
55,lane6:F0:s11->s12,pp_message,forward,0,-1,11,6,182,198,11,12,-1,p2p,4712346,0,0,4712346,0,,,3728292780,3733005126,rank182:F0,0,1785477744808565246,1785477748536858026,1785477748541570372
55,rank198:F0,compute,forward,0,198,12,6,198,198,12,12,0,warmup,312917817,312917817,0,0,0,1.7854777485520996e+18,1.7854777488650173e+18,3733005126,4045922943,lane6:F0:s11->s12,3733005126,1785477744808565246,1785477748541570372,1785477748854488189
55,lane6:F1:s10->s11,pp_message,forward,1,-1,10,6,166,182,10,11,-1,p2p,4712346,0,0,4712346,0,,,3741409207,3746121553,rank166:F1,0,1785477744808565246,1785477748549974453,1785477748554686799
55,rank182:F1,compute,forward,1,182,11,6,182,182,11,11,1,warmup,315963112,315963112,0,0,0,1.7854777485695212e+18,1.7854777488854843e+18,3746121553,4062084665,lane6:F1:s10->s11,17828773,1785477744808565246,1785477748554686799,1785477748870649911
55,lane6:F2:s9->s10,pp_message,forward,2,-1,9,6,150,166,9,10,-1,p2p,4712346,0,0,4712346,0,,,3894707703,3899420049,rank150:F2,0,1785477744808565246,1785477748703272949,1785477748707985295
55,rank166:F2,compute,forward,2,166,10,6,166,166,10,10,2,warmup,333324044,333324044,0,0,0,1.7854777487245768e+18,1.7854777490579008e+18,3899420049,4232744093,lane6:F2:s9->s10,158010842,1785477744808565246,1785477748707985295,1785477749041309339
55,lane6:F3:s8->s9,pp_message,forward,3,-1,8,6,134,150,8,9,-1,p2p,4712346,0,0,4712346,0,,,3921889398,3926601744,rank134:F3,0,1785477744808565246,1785477748730454644,1785477748735166990
55,rank150:F3,compute,forward,3,150,9,6,150,150,9,9,3,warmup,318869887,318869887,0,0,0,1.785477748755723e+18,1.7854777490745928e+18,3926601744,4245471631,lane6:F3:s8->s9,31894041,1785477744808565246,1785477748735166990,1785477749054036877
55,lane6:F0:s12->s13,pp_message,forward,0,-1,12,6,198,214,12,13,-1,p2p,4712346,0,0,4712346,0,,,4045922943,4050635289,rank198:F0,0,1785477744808565246,1785477748854488189,1785477748859200535
55,rank214:F0,compute,forward,0,214,13,6,214,214,13,13,0,warmup,314844629,314844629,0,0,0,1.7854777488715233e+18,1.785477749186368e+18,4050635289,4365479918,lane6:F0:s12->s13,4050635289,1785477744808565246,1785477748859200535,1785477749174045164
55,lane6:F1:s11->s12,pp_message,forward,1,-1,11,6,182,198,11,12,-1,p2p,4712346,0,0,4712346,0,,,4062084665,4066797011,rank182:F1,0,1785477744808565246,1785477748870649911,1785477748875362257
55,rank198:F1,compute,forward,1,198,12,6,198,198,12,12,1,warmup,307702460,307702460,0,0,0,1.7854777488905152e+18,1.7854777491982177e+18,4066797011,4374499471,lane6:F1:s11->s12,20874068,1785477744808565246,1785477748875362257,1785477749183064717
55,lane6:F2:s10->s11,pp_message,forward,2,-1,10,6,166,182,10,11,-1,p2p,4712346,0,0,4712346,0,,,4232744093,4237456439,rank166:F2,0,1785477744808565246,1785477749041309339,1785477749046021685
55,rank182:F2,compute,forward,2,182,11,6,182,182,11,11,2,warmup,309217350,309217350,0,0,0,1.7854777490630362e+18,1.7854777493722534e+18,4237456439,4546673789,lane6:F2:s10->s11,175371774,1785477744808565246,1785477749046021685,1785477749355239035
55,lane6:F3:s9->s10,pp_message,forward,3,-1,9,6,150,166,9,10,-1,p2p,4712346,0,0,4712346,0,,,4245471631,4250183977,rank150:F3,0,1785477744808565246,1785477749054036877,1785477749058749223
55,rank166:F3,compute,forward,3,166,10,6,166,166,10,10,3,warmup,310769351,310769351,0,0,0,1.785477749079646e+18,1.7854777493904154e+18,4250183977,4560953328,lane6:F3:s9->s10,17439884,1785477744808565246,1785477749058749223,1785477749369518574
55,lane6:F0:s13->s14,pp_message,forward,0,-1,13,6,214,230,13,14,-1,p2p,4712346,0,0,4712346,0,,,4365479918,4370192264,rank214:F0,0,1785477744808565246,1785477749174045164,1785477749178757510
55,rank230:F0,compute,forward,0,230,14,6,230,230,14,14,0,warmup,315829075,315829075,0,0,0,1.7854777491924209e+18,1.7854777495082499e+18,4370192264,4686021339,lane6:F0:s13->s14,4370192264,1785477744808565246,1785477749178757510,1785477749494586585
55,lane6:F1:s12->s13,pp_message,forward,1,-1,12,6,198,214,12,13,-1,p2p,4712346,0,0,4712346,0,,,4374499471,4379211817,rank198:F1,0,1785477744808565246,1785477749183064717,1785477749187777063
55,rank214:F1,compute,forward,1,214,13,6,214,214,13,13,1,warmup,309443628,309443628,0,0,0,1.7854777492034066e+18,1.7854777495128502e+18,4379211817,4688655445,lane6:F1:s12->s13,13731899,1785477744808565246,1785477749187777063,1785477749497220691
55,lane6:F2:s11->s12,pp_message,forward,2,-1,11,6,182,198,11,12,-1,p2p,4712346,0,0,4712346,0,,,4546673789,4551386135,rank182:F2,0,1785477744808565246,1785477749355239035,1785477749359951381
55,rank198:F2,compute,forward,2,198,12,6,198,198,12,12,2,warmup,312746404,312746404,0,0,0,1.7854777493772652e+18,1.7854777496900116e+18,4551386135,4864132539,lane6:F2:s11->s12,176886664,1785477744808565246,1785477749359951381,1785477749672697785
55,lane6:F3:s10->s11,pp_message,forward,3,-1,10,6,166,182,10,11,-1,p2p,4712346,0,0,4712346,0,,,4560953328,4565665674,rank166:F3,0,1785477744808565246,1785477749369518574,1785477749374230920
55,rank182:F3,compute,forward,3,182,11,6,182,182,11,11,3,warmup,306734943,306734943,0,0,0,1.785477749395693e+18,1.7854777497024282e+18,4565665674,4872400617,lane6:F3:s10->s11,18991885,1785477744808565246,1785477749374230920,1785477749680965863
55,lane6:F0:s14->s15,pp_message,forward,0,-1,14,6,230,246,14,15,-1,p2p,4712346,0,0,4712346,0,,,4686021339,4690733685,rank230:F0,0,1785477744808565246,1785477749494586585,1785477749499298931
55,lane6:F1:s13->s14,pp_message,forward,1,-1,13,6,214,230,13,14,-1,p2p,4712346,0,0,4712346,0,,,4688655445,4693367791,rank214:F1,0,1785477744808565246,1785477749497220691,1785477749501933037
55,rank246:F0,compute,forward,0,246,15,6,246,246,15,15,0,steady,194250145,194250145,0,0,0,1.78547774951465e+18,1.7854777497089e+18,4690733685,4884983830,lane6:F0:s14->s15,4690733685,1785477744808565246,1785477749499298931,1785477749693549076
55,rank230:F1,compute,forward,1,230,14,6,230,230,14,14,1,steady,309128865,309128865,0,0,0,1.7854777495185756e+18,1.7854777498277043e+18,4693367791,5002496656,lane6:F1:s13->s14,7346452,1785477744808565246,1785477749501933037,1785477749811061902
55,lane6:F2:s12->s13,pp_message,forward,2,-1,12,6,198,214,12,13,-1,p2p,4712346,0,0,4712346,0,,,4864132539,4868844885,rank198:F2,0,1785477744808565246,1785477749672697785,1785477749677410131
55,rank214:F2,compute,forward,2,214,13,6,214,214,13,13,2,steady,311229161,311229161,0,0,0,1.7854777496952696e+18,1.7854777500064988e+18,4868844885,5180074046,lane6:F2:s12->s13,180189440,1785477744808565246,1785477749677410131,1785477749988639292
55,lane6:F3:s11->s12,pp_message,forward,3,-1,11,6,182,198,11,12,-1,p2p,4712346,0,0,4712346,0,,,4872400617,4877112963,rank182:F3,0,1785477744808565246,1785477749680965863,1785477749685678209
55,rank198:F3,compute,forward,3,198,12,6,198,198,12,12,3,steady,308737159,308737159,0,0,0,1.785477749707468e+18,1.785477750016205e+18,4877112963,5185850122,lane6:F3:s11->s12,12980424,1785477744808565246,1785477749685678209,1785477749994415368
55,rank246:B0,compute,backward,0,246,15,6,246,246,15,15,1,steady,366566122,366566122,0,0,0,1.785477749709066e+18,1.785477750075632e+18,4884983830,5251549952,rank246:F0,0,1785477744808565246,1785477749693549076,1785477750060115198
55,lane6:F1:s14->s15,pp_message,forward,1,-1,14,6,230,246,14,15,-1,p2p,4712346,0,0,4712346,0,,,5002496656,5007209002,rank230:F1,0,1785477744808565246,1785477749811061902,1785477749815774248
55,lane6:F2:s13->s14,pp_message,forward,2,-1,13,6,214,230,13,14,-1,p2p,4712346,0,0,4712346,0,,,5180074046,5184786392,rank214:F2,0,1785477744808565246,1785477749988639292,1785477749993351638
55,lane6:F3:s12->s13,pp_message,forward,3,-1,12,6,198,214,12,13,-1,p2p,4712346,0,0,4712346,0,,,5185850122,5190562468,rank198:F3,0,1785477744808565246,1785477749994415368,1785477749999127714
55,lane6:B0:s15->s14,pp_message,backward,0,-1,15,6,246,230,15,14,-1,p2p,98176190,0,0,4712346,93463844,,,5251549952,5349726142,rank246:B0,0,1785477744808565246,1785477750060115198,1785477750158291388
55,rank230:B0,compute,backward,0,230,14,6,230,230,14,14,2,steady,707111501,707111501,0,0,0,1.7854777501769152e+18,1.7854777508840266e+18,5349726142,6056837643,lane6:B0:s15->s14,347229486,1785477744808565246,1785477750158291388,1785477750865402889
55,rank246:F1,compute,forward,1,246,15,6,246,246,15,15,2,steady,192052802,192052802,0,0,0,1.785477750176799e+18,1.7854777503688517e+18,5349726142,5541778944,lane6:B0:s15->s14,98176190,1785477744808565246,1785477750158291388,1785477750350344190
55,rank246:B1,compute,backward,1,246,15,6,246,246,15,15,3,steady,368689366,368689366,0,0,0,1.7854777503690468e+18,1.7854777507377362e+18,5541778944,5910468310,rank246:F1,0,1785477744808565246,1785477750350344190,1785477750719033556
55,lane6:B1:s15->s14,pp_message,backward,1,-1,15,6,246,230,15,14,-1,p2p,98176190,0,0,4712346,93463844,,,5910468310,6008644500,rank246:B1,0,1785477744808565246,1785477750719033556,1785477750817209746
55,lane6:B0:s14->s13,pp_message,backward,0,-1,14,6,230,214,14,13,-1,p2p,98176190,0,0,4712346,93463844,,,6056837643,6155013833,rank230:B0,0,1785477744808565246,1785477750865402889,1785477750963579079
55,rank214:B0,compute,backward,0,214,13,6,214,214,13,13,3,steady,687819648,687819648,0,0,0,1.7854777509837514e+18,1.785477751671571e+18,6155013833,6842833481,lane6:B0:s14->s13,974939787,1785477744808565246,1785477750963579079,1785477751651398727
55,rank230:F2,compute,forward,2,230,14,6,230,230,14,14,3,steady,309446610,309446610,0,0,0,1.7854777509836298e+18,1.7854777512930765e+18,6155013833,6464460443,lane6:B0:s14->s13,98176190,1785477744808565246,1785477750963579079,1785477751273025689
55,lane6:F2:s14->s15,pp_message,forward,2,-1,14,6,230,246,14,15,-1,p2p,4712346,0,0,4712346,0,,,6464460443,6469172789,rank230:F2,0,1785477744808565246,1785477751273025689,1785477751277738035
55,rank230:B1,compute,backward,1,230,14,6,230,230,14,14,4,steady,678730199,678730199,0,0,0,1.7854777512988902e+18,1.7854777519776205e+18,6469172789,7147902988,lane6:F2:s14->s15,4712346,1785477744808565246,1785477751277738035,1785477751956468234
55,rank246:F2,compute,forward,2,246,15,6,246,246,15,15,4,steady,189583415,189583415,0,0,0,1.7854777512989156e+18,1.7854777514884992e+18,6469172789,6658756204,lane6:F2:s14->s15,558704479,1785477744808565246,1785477751277738035,1785477751467321450
55,rank246:B2,compute,backward,2,246,15,6,246,246,15,15,5,steady,368595198,368595198,0,0,0,1.7854777514886797e+18,1.785477751857275e+18,6658756204,7027351402,rank246:F2,0,1785477744808565246,1785477751467321450,1785477751835916648
55,lane6:B0:s13->s12,pp_message,backward,0,-1,13,6,214,198,13,12,-1,p2p,98176190,0,0,4712346,93463844,,,6842833481,6941009671,rank214:B0,0,1785477744808565246,1785477751651398727,1785477751749574917
55,rank198:B0,compute,backward,0,198,12,6,198,198,12,12,4,steady,681224393,681224393,0,0,0,1.785477751770412e+18,1.7854777524516365e+18,6941009671,7622234064,lane6:B0:s13->s12,1755159549,1785477744808565246,1785477751749574917,1785477752430799310
55,rank214:F3,compute,forward,3,214,13,6,214,214,13,13,4,steady,314063071,314063071,0,0,0,1.785477751770236e+18,1.785477752084299e+18,6941009671,7255072742,lane6:B0:s13->s12,98176190,1785477744808565246,1785477751749574917,1785477752063637988
55,lane6:B2:s15->s14,pp_message,backward,2,-1,15,6,246,230,15,14,-1,p2p,98176190,0,0,4712346,93463844,,,7027351402,7125527592,rank246:B2,0,1785477744808565246,1785477751835916648,1785477751934092838
55,lane6:B1:s14->s13,pp_message,backward,1,-1,14,6,230,214,14,13,-1,p2p,98176190,0,0,4712346,93463844,,,7147902988,7246079178,rank230:B1,0,1785477744808565246,1785477751956468234,1785477752054644424
55,lane6:F3:s13->s14,pp_message,forward,3,-1,13,6,214,230,13,14,-1,p2p,4712346,0,0,4712346,0,,,7255072742,7259785088,rank214:F3,0,1785477744808565246,1785477752063637988,1785477752068350334
55,rank214:B1,compute,backward,1,214,13,6,214,214,13,13,5,steady,685489185,685489185,0,0,0,1.7854777520900954e+18,1.7854777527755845e+18,7259785088,7945274273,lane6:F3:s13->s14,4712346,1785477744808565246,1785477752068350334,1785477752753839519
55,rank230:F3,compute,forward,3,230,14,6,230,230,14,14,5,steady,308903627,308903627,0,0,0,1.7854777520901056e+18,1.7854777523990093e+18,7259785088,7568688715,lane6:F3:s13->s14,111882100,1785477744808565246,1785477752068350334,1785477752377253961
55,lane6:F3:s14->s15,pp_message,forward,3,-1,14,6,230,246,14,15,-1,p2p,4712346,0,0,4712346,0,,,7568688715,7573401061,rank230:F3,0,1785477744808565246,1785477752377253961,1785477752381966307
55,rank230:B2,compute,backward,2,230,14,6,230,230,14,14,6,steady,686821129,686821129,0,0,0,1.7854777524048911e+18,1.7854777530917123e+18,7573401061,8260222190,lane6:F3:s14->s15,4712346,1785477744808565246,1785477752381966307,1785477753068787436
55,rank246:F3,compute,forward,3,246,15,6,246,246,15,15,6,steady,189650260,189650260,0,0,0,1.785477752404901e+18,1.7854777525945516e+18,7573401061,7763051321,lane6:F3:s14->s15,546049659,1785477744808565246,1785477752381966307,1785477752571616567
55,lane6:B0:s12->s11,pp_message,backward,0,-1,12,6,198,182,12,11,-1,p2p,98176190,0,0,4712346,93463844,,,7622234064,7720410254,rank198:B0,0,1785477744808565246,1785477752430799310,1785477752528975500
55,rank182:B0,compute,backward,0,182,11,6,182,182,11,11,4,cooldown,676178092,676178092,0,0,0,1.7854777525503048e+18,1.785477753226483e+18,7720410254,8396588346,lane6:B0:s12->s11,2848009637,1785477744808565246,1785477752528975500,1785477753205153592
55,rank246:B3,compute,backward,3,246,15,6,246,246,15,15,7,steady,369932674,369932674,0,0,0,1.785477752594728e+18,1.7854777529646607e+18,7763051321,8132983995,rank246:F3,0,1785477744808565246,1785477752571616567,1785477752941549241
55,lane6:B1:s13->s12,pp_message,backward,1,-1,13,6,214,198,13,12,-1,p2p,98176190,0,0,4712346,93463844,,,7945274273,8043450463,rank214:B1,0,1785477744808565246,1785477752753839519,1785477752852015709
55,rank198:B1,compute,backward,1,198,12,6,198,198,12,12,5,cooldown,678359184,678359184,0,0,0,1.785477752874827e+18,1.785477753553186e+18,8043450463,8721809647,lane6:B1:s13->s12,421216399,1785477744808565246,1785477752852015709,1785477753530374893
55,lane6:B3:s15->s14,pp_message,backward,3,-1,15,6,246,230,15,14,-1,p2p,98176190,0,0,4712346,93463844,,,8132983995,8231160185,rank246:B3,0,1785477744808565246,1785477752941549241,1785477753039725431
55,lane6:B2:s14->s13,pp_message,backward,2,-1,14,6,230,214,14,13,-1,p2p,98176190,0,0,4712346,93463844,,,8260222190,8358398380,rank230:B2,0,1785477744808565246,1785477753068787436,1785477753166963626
55,rank214:B2,compute,backward,2,214,13,6,214,214,13,13,6,cooldown,691123066,691123066,0,0,0,1.7854777531901494e+18,1.7854777538812723e+18,8358398380,9049521446,lane6:B2:s14->s13,413124107,1785477744808565246,1785477753166963626,1785477753858086692
55,rank230:B3,compute,backward,3,230,14,6,230,230,14,14,7,cooldown,686696600,686696600,0,0,0,1.785477753195255e+18,1.7854777538819517e+18,8358398380,9045094980,lane6:B2:s14->s13,98176190,1785477744808565246,1785477753166963626,1785477753853660226
55,lane6:B0:s11->s10,pp_message,backward,0,-1,11,6,182,166,11,10,-1,p2p,98176190,0,0,4712346,93463844,,,8396588346,8494764536,rank182:B0,0,1785477744808565246,1785477753205153592,1785477753303329782
55,rank166:B0,compute,backward,0,166,10,6,166,166,10,10,4,cooldown,684424521,684424521,0,0,0,1.7854777533257702e+18,1.7854777540101947e+18,8494764536,9179189057,lane6:B0:s11->s10,3933811208,1785477744808565246,1785477753303329782,1785477753987754303
55,lane6:B1:s12->s11,pp_message,backward,1,-1,12,6,198,182,12,11,-1,p2p,98176190,0,0,4712346,93463844,,,8721809647,8819985837,rank198:B1,0,1785477744808565246,1785477753530374893,1785477753628551083
55,rank182:B1,compute,backward,1,182,11,6,182,182,11,11,5,cooldown,684789203,684789203,0,0,0,1.785477753652102e+18,1.7854777543368911e+18,8819985837,9504775040,lane6:B1:s12->s11,423397491,1785477744808565246,1785477753628551083,1785477754313340286
55,lane6:B3:s14->s13,pp_message,backward,3,-1,14,6,230,214,14,13,-1,p2p,98176190,0,0,4712346,93463844,,,9045094980,9143271170,rank230:B3,0,1785477744808565246,1785477753853660226,1785477753951836416
55,lane6:B2:s13->s12,pp_message,backward,2,-1,13,6,214,198,13,12,-1,p2p,98176190,0,0,4712346,93463844,,,9049521446,9147697636,rank214:B2,0,1785477744808565246,1785477753858086692,1785477753956262882
55,rank198:B2,compute,backward,2,198,12,6,198,198,12,12,6,cooldown,680471781,680471781,0,0,0,1.7854777539799165e+18,1.785477754660388e+18,9147697636,9828169417,lane6:B2:s13->s12,425887989,1785477744808565246,1785477753956262882,1785477754636734663
55,rank214:B3,compute,backward,3,214,13,6,214,214,13,13,7,cooldown,680472976,680472976,0,0,0,1.785477753985178e+18,1.785477754665651e+18,9147697636,9828170612,lane6:B2:s13->s12,98176190,1785477744808565246,1785477753956262882,1785477754636735858
55,lane6:B0:s10->s9,pp_message,backward,0,-1,10,6,166,150,10,9,-1,p2p,98176190,0,0,4712346,93463844,,,9179189057,9277365247,rank166:B0,0,1785477744808565246,1785477753987754303,1785477754085930493
55,rank150:B0,compute,backward,0,150,9,6,150,150,9,9,4,cooldown,703081068,703081068,0,0,0,1.7854777541089812e+18,1.7854777548120622e+18,9277365247,9980446315,lane6:B0:s10->s9,5031893616,1785477744808565246,1785477754085930493,1785477754789011561
55,lane6:B1:s11->s10,pp_message,backward,1,-1,11,6,182,166,11,10,-1,p2p,98176190,0,0,4712346,93463844,,,9504775040,9602951230,rank182:B1,0,1785477744808565246,1785477754313340286,1785477754411516476
55,rank166:B1,compute,backward,1,166,10,6,166,166,10,10,5,cooldown,678356543,678356543,0,0,0,1.78547775443518e+18,1.7854777551135365e+18,9602951230,10281307773,lane6:B1:s11->s10,423762173,1785477744808565246,1785477754411516476,1785477755089873019
55,lane6:B2:s12->s11,pp_message,backward,2,-1,12,6,198,182,12,11,-1,p2p,98176190,0,0,4712346,93463844,,,9828169417,9926345607,rank198:B2,0,1785477744808565246,1785477754636734663,1785477754734910853
55,lane6:B3:s13->s12,pp_message,backward,3,-1,13,6,214,198,13,12,-1,p2p,98176190,0,0,4712346,93463844,,,9828170612,9926346802,rank214:B3,0,1785477744808565246,1785477754636735858,1785477754734912048
55,rank182:B2,compute,backward,2,182,11,6,182,182,11,11,6,cooldown,682779667,682779667,0,0,0,1.7854777547598013e+18,1.785477755442581e+18,9926345607,10609125274,lane6:B2:s12->s11,421570567,1785477744808565246,1785477754734910853,1785477755417690520
55,rank198:B3,compute,backward,3,198,12,6,198,198,12,12,7,cooldown,677768715,677768715,0,0,0,1.7854777547651679e+18,1.7854777554429366e+18,9926346802,10604115517,lane6:B3:s13->s12,98177385,1785477744808565246,1785477754734912048,1785477755412680763
55,lane6:B0:s9->s8,pp_message,backward,0,-1,9,6,150,134,9,8,-1,p2p,98176190,0,0,4712346,93463844,,,9980446315,10078622505,rank150:B0,0,1785477744808565246,1785477754789011561,1785477754887187751
55,rank134:B0,compute,backward,0,134,8,6,134,134,8,8,4,cooldown,688686035,688686035,0,0,0,1.7854777549106135e+18,1.7854777555992996e+18,10078622505,10767308540,lane6:B0:s9->s8,6156733107,1785477744808565246,1785477754887187751,1785477755575873786
55,lane6:B1:s10->s9,pp_message,backward,1,-1,10,6,166,150,10,9,-1,p2p,98176190,0,0,4712346,93463844,,,10281307773,10379483963,rank166:B1,0,1785477744808565246,1785477755089873019,1785477755188049209
55,rank150:B1,compute,backward,1,150,9,6,150,150,9,9,5,cooldown,697925183,697925183,0,0,0,1.785477755211969e+18,1.7854777559098941e+18,10379483963,11077409146,lane6:B1:s10->s9,399037648,1785477744808565246,1785477755188049209,1785477755885974392
55,lane6:B3:s12->s11,pp_message,backward,3,-1,12,6,198,182,12,11,-1,p2p,98176190,0,0,4712346,93463844,,,10604115517,10702291707,rank198:B3,0,1785477744808565246,1785477755412680763,1785477755510856953
55,lane6:B2:s11->s10,pp_message,backward,2,-1,11,6,182,166,11,10,-1,p2p,98176190,0,0,4712346,93463844,,,10609125274,10707301464,rank182:B2,0,1785477744808565246,1785477755417690520,1785477755515866710
55,rank166:B2,compute,backward,2,166,10,6,166,166,10,10,6,cooldown,680956958,680956958,0,0,0,1.785477755540153e+18,1.78547775622111e+18,10707301464,11388258422,lane6:B2:s11->s10,425993691,1785477744808565246,1785477755515866710,1785477756196823668
55,rank182:B3,compute,backward,3,182,11,6,182,182,11,11,7,cooldown,675967659,675967659,0,0,0,1.785477755545533e+18,1.7854777562215007e+18,10707301464,11383269123,lane6:B2:s11->s10,98176190,1785477744808565246,1785477755515866710,1785477756191834369
55,lane6:B0:s8->s7,pp_message,backward,0,-1,8,6,134,118,8,7,-1,p2p,98176190,0,0,4712346,93463844,,,10767308540,10865484730,rank134:B0,0,1785477744808565246,1785477755575873786,1785477755674049976
55,rank118:B0,compute,backward,0,118,7,6,118,118,7,7,4,cooldown,681528689,681528689,0,0,0,1.7854777556982077e+18,1.7854777563797366e+18,10865484730,11547013419,lane6:B0:s8->s7,7259517382,1785477744808565246,1785477755674049976,1785477756355578665
55,lane6:B1:s9->s8,pp_message,backward,1,-1,9,6,150,134,9,8,-1,p2p,98176190,0,0,4712346,93463844,,,11077409146,11175585336,rank150:B1,0,1785477744808565246,1785477755885974392,1785477755984150582
55,rank134:B1,compute,backward,1,134,8,6,134,134,8,8,5,cooldown,693514651,693514651,0,0,0,1.7854777560083896e+18,1.7854777567019041e+18,11175585336,11869099987,lane6:B1:s9->s8,408276796,1785477744808565246,1785477755984150582,1785477756677665233
55,lane6:B3:s11->s10,pp_message,backward,3,-1,11,6,182,166,11,10,-1,p2p,98176190,0,0,4712346,93463844,,,11383269123,11481445313,rank182:B3,0,1785477744808565246,1785477756191834369,1785477756290010559
55,lane6:B2:s10->s9,pp_message,backward,2,-1,10,6,166,150,10,9,-1,p2p,98176190,0,0,4712346,93463844,,,11388258422,11486434612,rank166:B2,0,1785477744808565246,1785477756196823668,1785477756294999858
55,rank150:B2,compute,backward,2,150,9,6,150,150,9,9,6,cooldown,699683222,699683222,0,0,0,1.7854777563185083e+18,1.7854777570181914e+18,11486434612,12186117834,lane6:B2:s10->s9,409025466,1785477744808565246,1785477756294999858,1785477756994683080
55,rank166:B3,compute,backward,3,166,10,6,166,166,10,10,7,cooldown,678553136,678553136,0,0,0,1.7854777563235535e+18,1.7854777570021066e+18,11486434612,12164987748,lane6:B2:s10->s9,98176190,1785477744808565246,1785477756294999858,1785477756973552994
55,lane6:B0:s7->s6,pp_message,backward,0,-1,7,6,118,102,7,6,-1,p2p,98176190,0,0,4712346,93463844,,,11547013419,11645189609,rank118:B0,0,1785477744808565246,1785477756355578665,1785477756453754855
55,rank102:B0,compute,backward,0,102,6,6,102,102,6,6,4,cooldown,703277304,703277304,0,0,0,1.7854777564784814e+18,1.7854777571817587e+18,11645189609,12348466913,lane6:B0:s7->s6,8384505909,1785477744808565246,1785477756453754855,1785477757157032159
55,lane6:B1:s8->s7,pp_message,backward,1,-1,8,6,134,118,8,7,-1,p2p,98176190,0,0,4712346,93463844,,,11869099987,11967276177,rank134:B1,0,1785477744808565246,1785477756677665233,1785477756775841423
55,rank118:B1,compute,backward,1,118,7,6,118,118,7,7,5,cooldown,686233142,686233142,0,0,0,1.7854777567994534e+18,1.7854777574856865e+18,11967276177,12653509319,lane6:B1:s8->s7,420262758,1785477744808565246,1785477756775841423,1785477757462074565
55,lane6:B3:s10->s9,pp_message,backward,3,-1,10,6,166,150,10,9,-1,p2p,98176190,0,0,4712346,93463844,,,12164987748,12263163938,rank166:B3,0,1785477744808565246,1785477756973552994,1785477757071729184
55,lane6:B2:s9->s8,pp_message,backward,2,-1,9,6,150,134,9,8,-1,p2p,98176190,0,0,4712346,93463844,,,12186117834,12284294024,rank150:B2,0,1785477744808565246,1785477756994683080,1785477757092859270
55,rank134:B2,compute,backward,2,134,8,6,134,134,8,8,6,cooldown,691946292,691946292,0,0,0,1.7854777571168243e+18,1.7854777578087706e+18,12284294024,12976240316,lane6:B2:s9->s8,415194037,1785477744808565246,1785477757092859270,1785477757784805562
55,rank150:B3,compute,backward,3,150,9,6,150,150,9,9,7,cooldown,698180689,698180689,0,0,0,1.7854777571222694e+18,1.78547775782045e+18,12284294024,12982474713,lane6:B2:s9->s8,98176190,1785477744808565246,1785477757092859270,1785477757791039959
55,lane6:B0:s6->s5,pp_message,backward,0,-1,6,6,102,86,6,5,-1,p2p,98176190,0,0,4712346,93463844,,,12348466913,12446643103,rank102:B0,0,1785477744808565246,1785477757157032159,1785477757255208349
55,rank86:B0,compute,backward,0,86,5,6,86,86,5,5,4,cooldown,708995100,708995100,0,0,0,1.785477757278907e+18,1.785477757987902e+18,12446643103,13155638203,lane6:B0:s6->s5,9510004090,1785477744808565246,1785477757255208349,1785477757964203449
55,lane6:B1:s7->s6,pp_message,backward,1,-1,7,6,118,102,7,6,-1,p2p,98176190,0,0,4712346,93463844,,,12653509319,12751685509,rank118:B1,0,1785477744808565246,1785477757462074565,1785477757560250755
55,rank102:B1,compute,backward,1,102,6,6,102,102,6,6,5,cooldown,721650092,721650092,0,0,0,1.785477757582979e+18,1.785477758304629e+18,12751685509,13473335601,lane6:B1:s7->s6,403218596,1785477744808565246,1785477757560250755,1785477758281900847
55,lane6:B2:s8->s7,pp_message,backward,2,-1,8,6,134,118,8,7,-1,p2p,98176190,0,0,4712346,93463844,,,12976240316,13074416506,rank134:B2,0,1785477744808565246,1785477757784805562,1785477757882981752
55,lane6:B3:s9->s8,pp_message,backward,3,-1,9,6,150,134,9,8,-1,p2p,98176190,0,0,4712346,93463844,,,12982474713,13080650903,rank150:B3,0,1785477744808565246,1785477757791039959,1785477757889216149
55,rank118:B2,compute,backward,2,118,7,6,118,118,7,7,6,cooldown,684391947,684391947,0,0,0,1.785477757904535e+18,1.785477758588927e+18,13074416506,13758808453,lane6:B2:s8->s7,420907187,1785477744808565246,1785477757882981752,1785477758567373699
55,rank134:B3,compute,backward,3,134,8,6,134,134,8,8,7,cooldown,680153467,680153467,0,0,0,1.785477757918917e+18,1.7854777585990705e+18,13080650903,13760804370,lane6:B3:s9->s8,104410587,1785477744808565246,1785477757889216149,1785477758569369616
55,lane6:B0:s5->s4,pp_message,backward,0,-1,5,6,86,70,5,4,-1,p2p,98176190,0,0,4712346,93463844,,,13155638203,13253814393,rank86:B0,0,1785477744808565246,1785477757964203449,1785477758062379639
55,rank70:B0,compute,backward,0,70,4,6,70,70,4,4,4,cooldown,698286851,698286851,0,0,0,1.785477758086427e+18,1.7854777587847137e+18,13253814393,13952101244,lane6:B0:s5->s4,10652979821,1785477744808565246,1785477758062379639,1785477758760666490
55,lane6:B1:s6->s5,pp_message,backward,1,-1,6,6,102,86,6,5,-1,p2p,98176190,0,0,4712346,93463844,,,13473335601,13571511791,rank102:B1,0,1785477744808565246,1785477758281900847,1785477758380077037
55,rank86:B1,compute,backward,1,86,5,6,86,86,5,5,5,cooldown,704997044,704997044,0,0,0,1.7854777584019717e+18,1.7854777591069688e+18,13571511791,14276508835,lane6:B1:s6->s5,415873588,1785477744808565246,1785477758380077037,1785477759085074081
55,lane6:B2:s7->s6,pp_message,backward,2,-1,7,6,118,102,7,6,-1,p2p,98176190,0,0,4712346,93463844,,,13758808453,13856984643,rank118:B2,0,1785477744808565246,1785477758567373699,1785477758665549889
55,lane6:B3:s8->s7,pp_message,backward,3,-1,8,6,134,118,8,7,-1,p2p,98176190,0,0,4712346,93463844,,,13760804370,13858980560,rank134:B3,0,1785477744808565246,1785477758569369616,1785477758667545806
55,rank102:B2,compute,backward,2,102,6,6,102,102,6,6,6,cooldown,696769094,696769094,0,0,0,1.785477758686502e+18,1.7854777593832712e+18,13856984643,14553753737,lane6:B2:s7->s6,383649042,1785477744808565246,1785477758665549889,1785477759362318983
55,rank118:B3,compute,backward,3,118,7,6,118,118,7,7,7,cooldown,682835440,682835440,0,0,0,1.785477758697095e+18,1.7854777593799304e+18,13858980560,14541816000,lane6:B3:s8->s7,100172107,1785477744808565246,1785477758667545806,1785477759350381246
55,lane6:B0:s4->s3,pp_message,backward,0,-1,4,6,70,54,4,3,-1,p2p,98176190,0,0,4712346,93463844,,,13952101244,14050277434,rank70:B0,0,1785477744808565246,1785477758760666490,1785477758858842680
55,rank54:B0,compute,backward,0,54,3,6,54,54,3,3,4,cooldown,709544078,709544078,0,0,0,1.785477758883904e+18,1.7854777595934482e+18,14050277434,14759821512,lane6:B0:s4->s3,11767469045,1785477744808565246,1785477758858842680,1785477759568386758
55,lane6:B1:s5->s4,pp_message,backward,1,-1,5,6,86,70,5,4,-1,p2p,98176190,0,0,4712346,93463844,,,14276508835,14374685025,rank86:B1,0,1785477744808565246,1785477759085074081,1785477759183250271
55,rank70:B1,compute,backward,1,70,4,6,70,70,4,4,5,cooldown,698393471,698393471,0,0,0,1.7854777592053967e+18,1.7854777599037903e+18,14374685025,15073078496,lane6:B1:s5->s4,422583781,1785477744808565246,1785477759183250271,1785477759881643742
55,lane6:B3:s7->s6,pp_message,backward,3,-1,7,6,118,102,7,6,-1,p2p,98176190,0,0,4712346,93463844,,,14541816000,14639992190,rank118:B3,0,1785477744808565246,1785477759350381246,1785477759448557436
55,lane6:B2:s6->s5,pp_message,backward,2,-1,6,6,102,86,6,5,-1,p2p,98176190,0,0,4712346,93463844,,,14553753737,14651929927,rank102:B2,0,1785477744808565246,1785477759362318983,1785477759460495173
55,rank102:B3,compute,backward,3,102,6,6,102,102,6,6,7,cooldown,690716062,690716062,0,0,0,1.7854777594853965e+18,1.7854777601761124e+18,14651929927,15342645989,lane6:B2:s6->s5,98176190,1785477744808565246,1785477759460495173,1785477760151211235
55,rank86:B2,compute,backward,2,86,5,6,86,86,5,5,6,cooldown,711950613,711950613,0,0,0,1.7854777594802312e+18,1.7854777601921818e+18,14651929927,15363880540,lane6:B2:s6->s5,375421092,1785477744808565246,1785477759460495173,1785477760172445786
55,lane6:B0:s3->s2,pp_message,backward,0,-1,3,6,54,38,3,2,-1,p2p,98176190,0,0,4712346,93463844,,,14759821512,14857997702,rank54:B0,0,1785477744808565246,1785477759568386758,1785477759666562948
55,rank38:B0,compute,backward,0,38,2,6,38,38,2,2,4,cooldown,715010326,715010326,0,0,0,1.7854777596919578e+18,1.785477760406968e+18,14857997702,15573008028,lane6:B0:s3->s2,12913901628,1785477744808565246,1785477759666562948,1785477760381573274
55,lane6:B1:s4->s3,pp_message,backward,1,-1,4,6,70,54,4,3,-1,p2p,98176190,0,0,4712346,93463844,,,15073078496,15171254686,rank70:B1,0,1785477744808565246,1785477759881643742,1785477759979819932
55,rank54:B1,compute,backward,1,54,3,6,54,54,3,3,5,cooldown,704132507,704132507,0,0,0,1.7854777600029473e+18,1.7854777607070797e+18,15171254686,15875387193,lane6:B1:s4->s3,411433174,1785477744808565246,1785477759979819932,1785477760683952439
55,lane6:B3:s6->s5,pp_message,backward,3,-1,6,6,102,86,6,5,-1,p2p,98176190,0,0,4712346,93463844,,,15342645989,15440822179,rank102:B3,0,1785477744808565246,1785477760151211235,1785477760249387425
55,lane6:B2:s5->s4,pp_message,backward,2,-1,5,6,86,70,5,4,-1,p2p,98176190,0,0,4712346,93463844,,,15363880540,15462056730,rank86:B2,0,1785477744808565246,1785477760172445786,1785477760270621976
55,rank70:B2,compute,backward,2,70,4,6,70,70,4,4,6,cooldown,693197078,693197078,0,0,0,1.7854777602911729e+18,1.78547776098437e+18,15462056730,16155253808,lane6:B2:s5->s4,388978234,1785477744808565246,1785477760270621976,1785477760963819054
55,rank86:B3,compute,backward,3,86,5,6,86,86,5,5,7,cooldown,685369475,685369475,0,0,0,1.7854777602963192e+18,1.7854777609816886e+18,15462056730,16147426205,lane6:B2:s5->s4,98176190,1785477744808565246,1785477760270621976,1785477760955991451
55,lane6:B0:s2->s1,pp_message,backward,0,-1,2,6,38,22,2,1,-1,p2p,98176190,0,0,4712346,93463844,,,15573008028,15671184218,rank38:B0,0,1785477744808565246,1785477760381573274,1785477760479749464
55,rank22:B0,compute,backward,0,22,1,6,22,22,1,1,4,cooldown,723564074,723564074,0,0,0,1.785477760506635e+18,1.785477761230199e+18,15671184218,16394748292,lane6:B0:s2->s1,14190006095,1785477744808565246,1785477760479749464,1785477761203313538
55,lane6:B1:s3->s2,pp_message,backward,1,-1,3,6,54,38,3,2,-1,p2p,98176190,0,0,4712346,93463844,,,15875387193,15973563383,rank54:B1,0,1785477744808565246,1785477760683952439,1785477760782128629
55,rank38:B1,compute,backward,1,38,2,6,38,38,2,2,5,cooldown,709015022,709015022,0,0,0,1.7854777608057413e+18,1.7854777615147564e+18,15973563383,16682578405,lane6:B1:s3->s2,400555355,1785477744808565246,1785477760782128629,1785477761491143651
55,lane6:B3:s5->s4,pp_message,backward,3,-1,5,6,86,70,5,4,-1,p2p,98176190,0,0,4712346,93463844,,,16147426205,16245602395,rank86:B3,0,1785477744808565246,1785477760955991451,1785477761054167641
55,lane6:B2:s4->s3,pp_message,backward,2,-1,4,6,70,54,4,3,-1,p2p,98176190,0,0,4712346,93463844,,,16155253808,16253429998,rank70:B2,0,1785477744808565246,1785477760963819054,1785477761061995244
55,rank54:B2,compute,backward,2,54,3,6,54,54,3,3,6,cooldown,724015614,724015614,0,0,0,1.7854777610832448e+18,1.7854777618072604e+18,16253429998,16977445612,lane6:B2:s4->s3,378042805,1785477744808565246,1785477761061995244,1785477761786010858
55,rank70:B3,compute,backward,3,70,4,6,70,70,4,4,7,cooldown,695539539,695539539,0,0,0,1.7854777610884623e+18,1.785477761784002e+18,16253429998,16948969537,lane6:B2:s4->s3,98176190,1785477744808565246,1785477761061995244,1785477761757534783
55,lane6:B0:s1->s0,pp_message,backward,0,-1,1,6,22,6,1,0,-1,p2p,98176190,0,0,4712346,93463844,,,16394748292,16492924482,rank22:B0,0,1785477744808565246,1785477761203313538,1785477761301489728
55,rank6:B0,compute,backward,0,6,0,6,6,6,0,0,4,cooldown,414018381,414018381,0,0,0,1.785477761329272e+18,1.7854777617432906e+18,16492924482,16906942863,lane6:B0:s1->s0,15840882594,1785477744808565246,1785477761301489728,1785477761715508109
55,lane6:B1:s2->s1,pp_message,backward,1,-1,2,6,38,22,2,1,-1,p2p,98176190,0,0,4712346,93463844,,,16682578405,16780754595,rank38:B1,0,1785477744808565246,1785477761491143651,1785477761589319841
55,rank22:B1,compute,backward,1,22,1,6,22,22,1,1,5,cooldown,727944513,727944513,0,0,0,1.7854777616137224e+18,1.785477762341667e+18,16780754595,17508699108,lane6:B1:s2->s1,386006303,1785477744808565246,1785477761589319841,1785477762317264354
55,lane6:B3:s4->s3,pp_message,backward,3,-1,4,6,70,54,4,3,-1,p2p,98176190,0,0,4712346,93463844,,,16948969537,17047145727,rank70:B3,0,1785477744808565246,1785477761757534783,1785477761855710973
55,lane6:B2:s3->s2,pp_message,backward,2,-1,3,6,54,38,3,2,-1,p2p,98176190,0,0,4712346,93463844,,,16977445612,17075621802,rank54:B2,0,1785477744808565246,1785477761786010858,1785477761884187048
55,rank38:B2,compute,backward,2,38,2,6,38,38,2,2,6,cooldown,708397152,708397152,0,0,0,1.7854777619066028e+18,1.7854777626149998e+18,17075621802,17784018954,lane6:B2:s3->s2,393043397,1785477744808565246,1785477761884187048,1785477762592584200
55,rank54:B3,compute,backward,3,54,3,6,54,54,3,3,7,cooldown,716424301,716424301,0,0,0,1.7854777619119918e+18,1.785477762628416e+18,17075621802,17792046103,lane6:B2:s3->s2,98176190,1785477744808565246,1785477761884187048,1785477762600611349
55,lane6:B1:s1->s0,pp_message,backward,1,-1,1,6,22,6,1,0,-1,p2p,98176190,0,0,4712346,93463844,,,17508699108,17606875298,rank22:B1,0,1785477744808565246,1785477762317264354,1785477762415440544
55,rank6:B1,compute,backward,1,6,0,6,6,6,0,0,5,cooldown,408283645,408283645,0,0,0,1.7854777624377984e+18,1.785477762846082e+18,17606875298,18015158943,lane6:B1:s1->s0,699932435,1785477744808565246,1785477762415440544,1785477762823724189
55,lane6:B2:s2->s1,pp_message,backward,2,-1,2,6,38,22,2,1,-1,p2p,98176190,0,0,4712346,93463844,,,17784018954,17882195144,rank38:B2,0,1785477744808565246,1785477762592584200,1785477762690760390
55,lane6:B3:s3->s2,pp_message,backward,3,-1,3,6,54,38,3,2,-1,p2p,98176190,0,0,4712346,93463844,,,17792046103,17890222293,rank54:B3,0,1785477744808565246,1785477762600611349,1785477762698787539
55,rank22:B2,compute,backward,2,22,1,6,22,22,1,1,6,cooldown,728430438,728430438,0,0,0,1.7854777627133745e+18,1.7854777634418048e+18,17882195144,18610625582,lane6:B2:s2->s1,373496036,1785477744808565246,1785477762690760390,1785477763419190828
55,rank38:B3,compute,backward,3,38,2,6,38,38,2,2,7,cooldown,702727586,702727586,0,0,0,1.7854777627261036e+18,1.785477763428831e+18,17890222293,18592949879,lane6:B3:s3->s2,106203339,1785477744808565246,1785477762698787539,1785477763401515125
55,lane6:B3:s2->s1,pp_message,backward,3,-1,2,6,38,22,2,1,-1,p2p,98176190,0,0,4712346,93463844,,,18592949879,18691126069,rank38:B3,0,1785477744808565246,1785477763401515125,1785477763499691315
55,lane6:B2:s1->s0,pp_message,backward,2,-1,1,6,22,6,1,0,-1,p2p,98176190,0,0,4712346,93463844,,,18610625582,18708801772,rank22:B2,0,1785477744808565246,1785477763419190828,1785477763517367018
55,rank22:B3,compute,backward,3,22,1,6,22,22,1,1,7,cooldown,722542116,722542116,0,0,0,1.7854777635463798e+18,1.7854777642689219e+18,18708801772,19431343888,lane6:B2:s1->s0,98176190,1785477744808565246,1785477763517367018,1785477764239909134
55,rank6:B2,compute,backward,2,6,0,6,6,6,0,0,6,cooldown,407774096,407774096,0,0,0,1.7854777635408673e+18,1.7854777639486415e+18,18708801772,19116575868,lane6:B2:s1->s0,693642829,1785477744808565246,1785477763517367018,1785477763925141114
55,lane6:B3:s1->s0,pp_message,backward,3,-1,1,6,22,6,1,0,-1,p2p,98176190,0,0,4712346,93463844,,,19431343888,19529520078,rank22:B3,0,1785477744808565246,1785477764239909134,1785477764338085324
55,rank6:B3,compute,backward,3,6,0,6,6,6,0,0,7,cooldown,404355920,404355920,0,0,0,1.7854777643682445e+18,1.7854777647726003e+18,19529520078,19933875998,lane6:B3:s1->s0,412944210,1785477744808565246,1785477764338085324,1785477764742441244
55,rank7:F0,compute,forward,0,7,0,7,7,7,0,0,0,warmup,162823043,162823043,0,0,0,1.7854777448084467e+18,1.7854777449712696e+18,0,162823043,,0,1785477744808446696,1785477744808446696,1785477744971269739
55,lane7:F0:s0->s1,pp_message,forward,0,-1,0,7,7,23,0,1,-1,p2p,4712346,0,0,4712346,0,,,162823043,167535389,rank7:F0,0,1785477744808446696,1785477744971269739,1785477744975982085
55,rank23:F0,compute,forward,0,23,1,7,23,23,1,1,0,warmup,325934459,325934459,0,0,0,1.7854777449762255e+18,1.7854777453021601e+18,167535389,493469848,lane7:F0:s0->s1,167535389,1785477744808446696,1785477744975982085,1785477745301916544
55,rank7:F1,compute,forward,1,7,0,7,7,7,0,0,1,warmup,159115168,159115168,0,0,0,1.7854777449763387e+18,1.785477745135454e+18,167535389,326650557,lane7:F0:s0->s1,4712346,1785477744808446696,1785477744975982085,1785477745135097253
55,lane7:F1:s0->s1,pp_message,forward,1,-1,0,7,7,23,0,1,-1,p2p,4712346,0,0,4712346,0,,,326650557,331362903,rank7:F1,0,1785477744808446696,1785477745135097253,1785477745139809599
55,rank7:F2,compute,forward,2,7,0,7,7,7,0,0,2,warmup,158489424,158489424,0,0,0,1.7854777453127457e+18,1.785477745471235e+18,331362903,489852327,lane7:F1:s0->s1,4712346,1785477744808446696,1785477745139809599,1785477745298299023
55,lane7:F2:s0->s1,pp_message,forward,2,-1,0,7,7,23,0,1,-1,p2p,4712346,0,0,4712346,0,,,489852327,494564673,rank7:F2,0,1785477744808446696,1785477745298299023,1785477745303011369
55,lane7:F0:s1->s2,pp_message,forward,0,-1,1,7,23,39,1,2,-1,p2p,4712346,0,0,4712346,0,,,493469848,498182194,rank23:F0,0,1785477744808446696,1785477745301916544,1785477745306628890
55,rank7:F3,compute,forward,3,7,0,7,7,7,0,0,3,warmup,157972219,157972219,0,0,0,1.7854777456495178e+18,1.78547774580749e+18,494564673,652536892,lane7:F2:s0->s1,4712346,1785477744808446696,1785477745303011369,1785477745460983588
55,rank23:F1,compute,forward,1,23,1,7,23,23,1,1,1,warmup,326557247,326557247,0,0,0,1.785477745312461e+18,1.7854777456390185e+18,498182194,824739441,lane7:F0:s1->s2,4712346,1785477744808446696,1785477745306628890,1785477745633186137
55,rank39:F0,compute,forward,0,39,2,7,39,39,2,2,0,warmup,321146362,321146362,0,0,0,1.785477745307405e+18,1.7854777456285514e+18,498182194,819328556,lane7:F0:s1->s2,498182194,1785477744808446696,1785477745306628890,1785477745627775252
55,lane7:F3:s0->s1,pp_message,forward,3,-1,0,7,7,23,0,1,-1,p2p,4712346,0,0,4712346,0,,,652536892,657249238,rank7:F3,0,1785477744808446696,1785477745460983588,1785477745465695934
55,lane7:F0:s2->s3,pp_message,forward,0,-1,2,7,39,55,2,3,-1,p2p,4712346,0,0,4712346,0,,,819328556,824040902,rank39:F0,0,1785477744808446696,1785477745627775252,1785477745632487598
55,rank55:F0,compute,forward,0,55,3,7,55,55,3,3,0,warmup,316883160,316883160,0,0,0,1.7854777456343406e+18,1.7854777459512238e+18,824040902,1140924062,lane7:F0:s2->s3,824040902,1785477744808446696,1785477745632487598,1785477745949370758
55,lane7:F1:s1->s2,pp_message,forward,1,-1,1,7,23,39,1,2,-1,p2p,4712346,0,0,4712346,0,,,824739441,829451787,rank23:F1,0,1785477744808446696,1785477745633186137,1785477745637898483
55,rank23:F2,compute,forward,2,23,1,7,23,23,1,1,2,warmup,324783138,324783138,0,0,0,1.7854777456493773e+18,1.7854777459741604e+18,829451787,1154234925,lane7:F1:s1->s2,4712346,1785477744808446696,1785477745637898483,1785477745962681621
55,rank39:F1,compute,forward,1,39,2,7,39,39,2,2,1,warmup,322703947,322703947,0,0,0,1.7854777456441825e+18,1.7854777459668867e+18,829451787,1152155734,lane7:F1:s1->s2,10123231,1785477744808446696,1785477745637898483,1785477745960602430
55,lane7:F0:s3->s4,pp_message,forward,0,-1,3,7,55,71,3,4,-1,p2p,4712346,0,0,4712346,0,,,1140924062,1145636408,rank55:F0,0,1785477744808446696,1785477745949370758,1785477745954083104
55,rank71:F0,compute,forward,0,71,4,7,71,71,4,4,0,warmup,335536124,335536124,0,0,0,1.7854777459565975e+18,1.7854777462921336e+18,1145636408,1481172532,lane7:F0:s3->s4,1145636408,1785477744808446696,1785477745954083104,1785477746289619228
55,lane7:F1:s2->s3,pp_message,forward,1,-1,2,7,39,55,2,3,-1,p2p,4712346,0,0,4712346,0,,,1152155734,1156868080,rank39:F1,0,1785477744808446696,1785477745960602430,1785477745965314776
55,lane7:F2:s1->s2,pp_message,forward,2,-1,1,7,23,39,1,2,-1,p2p,4712346,0,0,4712346,0,,,1154234925,1158947271,rank23:F2,0,1785477744808446696,1785477745962681621,1785477745967393967
55,rank55:F1,compute,forward,1,55,3,7,55,55,3,3,1,warmup,314413420,314413420,0,0,0,1.7854777459720018e+18,1.7854777462864154e+18,1156868080,1471281500,lane7:F1:s2->s3,15944018,1785477744808446696,1785477745965314776,1785477746279728196
55,rank23:F3,compute,forward,3,23,1,7,23,23,1,1,3,warmup,322200004,322200004,0,0,0,1.7854777459843333e+18,1.7854777463065334e+18,1158947271,1481147275,lane7:F2:s1->s2,4712346,1785477744808446696,1785477745967393967,1785477746289593971
55,rank39:F2,compute,forward,2,39,2,7,39,39,2,2,2,warmup,463087700,463087700,0,0,0,1.7854777459793152e+18,1.785477746442403e+18,1158947271,1622034971,lane7:F2:s1->s2,6791537,1785477744808446696,1785477745967393967,1785477746430481667
55,lane7:F1:s3->s4,pp_message,forward,1,-1,3,7,55,71,3,4,-1,p2p,4712346,0,0,4712346,0,,,1471281500,1475993846,rank55:F1,0,1785477744808446696,1785477746279728196,1785477746284440542
55,lane7:F3:s1->s2,pp_message,forward,3,-1,1,7,23,39,1,2,-1,p2p,4712346,0,0,4712346,0,,,1481147275,1485859621,rank23:F3,0,1785477744808446696,1785477746289593971,1785477746294306317
55,lane7:F0:s4->s5,pp_message,forward,0,-1,4,7,71,87,4,5,-1,p2p,4712346,0,0,4712346,0,,,1481172532,1485884878,rank71:F0,0,1785477744808446696,1785477746289619228,1785477746294331574
55,rank71:F1,compute,forward,1,71,4,7,71,71,4,4,1,warmup,317012606,317012606,0,0,0,1.7854777463028037e+18,1.7854777466198164e+18,1485884878,1802897484,lane7:F0:s4->s5,4712346,1785477744808446696,1785477746294331574,1785477746611344180
55,rank87:F0,compute,forward,0,87,5,7,87,87,5,5,0,warmup,314743240,314743240,0,0,0,1.7854777462976686e+18,1.7854777466124116e+18,1485884878,1800628118,lane7:F0:s4->s5,1485884878,1785477744808446696,1785477746294331574,1785477746609074814
55,lane7:F2:s2->s3,pp_message,forward,2,-1,2,7,39,55,2,3,-1,p2p,4712346,0,0,4712346,0,,,1622034971,1626747317,rank39:F2,0,1785477744808446696,1785477746430481667,1785477746435194013
55,rank39:F3,compute,forward,3,39,2,7,39,39,2,2,3,warmup,317177844,317177844,0,0,0,1.7854777464527619e+18,1.7854777467699397e+18,1626747317,1943925161,lane7:F2:s2->s3,4712346,1785477744808446696,1785477746435194013,1785477746752371857
55,rank55:F2,compute,forward,2,55,3,7,55,55,3,3,2,warmup,315358224,315358224,0,0,0,1.7854777464475523e+18,1.7854777467629105e+18,1626747317,1942105541,lane7:F2:s2->s3,155465817,1785477744808446696,1785477746435194013,1785477746750552237
55,lane7:F0:s5->s6,pp_message,forward,0,-1,5,7,87,103,5,6,-1,p2p,4712346,0,0,4712346,0,,,1800628118,1805340464,rank87:F0,0,1785477744808446696,1785477746609074814,1785477746613787160
55,lane7:F1:s4->s5,pp_message,forward,1,-1,4,7,71,87,4,5,-1,p2p,4712346,0,0,4712346,0,,,1802897484,1807609830,rank71:F1,0,1785477744808446696,1785477746611344180,1785477746616056526
55,rank103:F0,compute,forward,0,103,6,7,103,103,6,6,0,warmup,318034304,318034304,0,0,0,1.7854777466180626e+18,1.785477746936097e+18,1805340464,2123374768,lane7:F0:s5->s6,1805340464,1785477744808446696,1785477746613787160,1785477746931821464
55,rank87:F1,compute,forward,1,87,5,7,87,87,5,5,1,warmup,312569415,312569415,0,0,0,1.785477746625084e+18,1.7854777469376535e+18,1807609830,2120179245,lane7:F1:s4->s5,6981712,1785477744808446696,1785477746616056526,1785477746928625941
55,lane7:F2:s3->s4,pp_message,forward,2,-1,3,7,55,71,3,4,-1,p2p,4712346,0,0,4712346,0,,,1942105541,1946817887,rank55:F2,0,1785477744808446696,1785477746750552237,1785477746755264583
55,lane7:F3:s2->s3,pp_message,forward,3,-1,2,7,39,55,2,3,-1,p2p,4712346,0,0,4712346,0,,,1943925161,1948637507,rank39:F3,0,1785477744808446696,1785477746752371857,1785477746757084203
55,rank71:F2,compute,forward,2,71,4,7,71,71,4,4,2,warmup,316091985,316091985,0,0,0,1.7854777467681743e+18,1.7854777470842662e+18,1946817887,2262909872,lane7:F2:s3->s4,143920403,1785477744808446696,1785477746755264583,1785477747071356568
55,rank55:F3,compute,forward,3,55,3,7,55,55,3,3,3,warmup,334144418,334144418,0,0,0,1.7854777467750653e+18,1.7854777471092099e+18,1948637507,2282781925,lane7:F3:s2->s3,6531966,1785477744808446696,1785477746757084203,1785477747091228621
55,lane7:F1:s5->s6,pp_message,forward,1,-1,5,7,87,103,5,6,-1,p2p,4712346,0,0,4712346,0,,,2120179245,2124891591,rank87:F1,0,1785477744808446696,1785477746928625941,1785477746933338287
55,lane7:F0:s6->s7,pp_message,forward,0,-1,6,7,103,119,6,7,-1,p2p,4712346,0,0,4712346,0,,,2123374768,2128087114,rank103:F0,0,1785477744808446696,1785477746931821464,1785477746936533810
55,rank103:F1,compute,forward,1,103,6,7,103,103,6,6,1,warmup,315657193,315657193,0,0,0,1.7854777469477181e+18,1.7854777472633754e+18,2128087114,2443744307,lane7:F0:s6->s7,4712346,1785477744808446696,1785477746936533810,1785477747252191003
55,rank119:F0,compute,forward,0,119,7,7,119,119,7,7,0,warmup,316263921,316263921,0,0,0,1.785477746942215e+18,1.7854777472584788e+18,2128087114,2444351035,lane7:F0:s6->s7,2128087114,1785477744808446696,1785477746936533810,1785477747252797731
55,lane7:F2:s4->s5,pp_message,forward,2,-1,4,7,71,87,4,5,-1,p2p,4712346,0,0,4712346,0,,,2262909872,2267622218,rank71:F2,0,1785477744808446696,1785477747071356568,1785477747076068914
55,rank87:F2,compute,forward,2,87,5,7,87,87,5,5,2,warmup,349729022,349729022,0,0,0,1.7854777470920714e+18,1.7854777474418004e+18,2267622218,2617351240,lane7:F2:s4->s5,147442973,1785477744808446696,1785477747076068914,1785477747425797936
55,lane7:F3:s3->s4,pp_message,forward,3,-1,3,7,55,71,3,4,-1,p2p,4712346,0,0,4712346,0,,,2282781925,2287494271,rank55:F3,0,1785477744808446696,1785477747091228621,1785477747095940967
55,rank71:F3,compute,forward,3,71,4,7,71,71,4,4,3,warmup,313455068,313455068,0,0,0,1.7854777471143286e+18,1.7854777474277837e+18,2287494271,2600949339,lane7:F3:s3->s4,24584399,1785477744808446696,1785477747095940967,1785477747409396035
55,lane7:F1:s6->s7,pp_message,forward,1,-1,6,7,103,119,6,7,-1,p2p,4712346,0,0,4712346,0,,,2443744307,2448456653,rank103:F1,0,1785477744808446696,1785477747252191003,1785477747256903349
55,lane7:F0:s7->s8,pp_message,forward,0,-1,7,7,119,135,7,8,-1,p2p,4712346,0,0,4712346,0,,,2444351035,2449063381,rank119:F0,0,1785477744808446696,1785477747252797731,1785477747257510077
55,rank119:F1,compute,forward,1,119,7,7,119,119,7,7,1,warmup,311706151,311706151,0,0,0,1.7854777472696259e+18,1.785477747581332e+18,2449063381,2760769532,lane7:F0:s7->s8,4712346,1785477744808446696,1785477747257510077,1785477747569216228
55,rank135:F0,compute,forward,0,135,8,7,135,135,8,8,0,warmup,313301114,313301114,0,0,0,1.7854777472639025e+18,1.7854777475772037e+18,2449063381,2762364495,lane7:F0:s7->s8,2449063381,1785477744808446696,1785477747257510077,1785477747570811191
55,lane7:F3:s4->s5,pp_message,forward,3,-1,4,7,71,87,4,5,-1,p2p,4712346,0,0,4712346,0,,,2600949339,2605661685,rank71:F3,0,1785477744808446696,1785477747409396035,1785477747414108381
55,lane7:F2:s5->s6,pp_message,forward,2,-1,5,7,87,103,5,6,-1,p2p,4712346,0,0,4712346,0,,,2617351240,2622063586,rank87:F2,0,1785477744808446696,1785477747425797936,1785477747430510282
55,rank103:F2,compute,forward,2,103,6,7,103,103,6,6,2,warmup,316134275,316134275,0,0,0,1.785477747447021e+18,1.7854777477631552e+18,2622063586,2938197861,lane7:F2:s5->s6,178319279,1785477744808446696,1785477747430510282,1785477747746644557
55,rank87:F3,compute,forward,3,87,5,7,87,87,5,5,3,warmup,312221104,312221104,0,0,0,1.7854777474521692e+18,1.7854777477643901e+18,2622063586,2934284690,lane7:F2:s5->s6,4712346,1785477744808446696,1785477747430510282,1785477747742731386
55,lane7:F1:s7->s8,pp_message,forward,1,-1,7,7,119,135,7,8,-1,p2p,4712346,0,0,4712346,0,,,2760769532,2765481878,rank119:F1,0,1785477744808446696,1785477747569216228,1785477747573928574
55,lane7:F0:s8->s9,pp_message,forward,0,-1,8,7,135,151,8,9,-1,p2p,4712346,0,0,4712346,0,,,2762364495,2767076841,rank135:F0,0,1785477744808446696,1785477747570811191,1785477747575523537
55,rank135:F1,compute,forward,1,135,8,7,135,135,8,8,1,warmup,311154532,311154532,0,0,0,1.7854777475875302e+18,1.7854777478986847e+18,2767076841,3078231373,lane7:F0:s8->s9,4712346,1785477744808446696,1785477747575523537,1785477747886678069
55,rank151:F0,compute,forward,0,151,9,7,151,151,9,9,0,warmup,320723670,320723670,0,0,0,1.785477747582656e+18,1.7854777479033797e+18,2767076841,3087800511,lane7:F0:s8->s9,2767076841,1785477744808446696,1785477747575523537,1785477747896247207
55,lane7:F3:s5->s6,pp_message,forward,3,-1,5,7,87,103,5,6,-1,p2p,4712346,0,0,4712346,0,,,2934284690,2938997036,rank87:F3,0,1785477744808446696,1785477747742731386,1785477747747443732
55,lane7:F2:s6->s7,pp_message,forward,2,-1,6,7,103,119,6,7,-1,p2p,4712346,0,0,4712346,0,,,2938197861,2942910207,rank103:F2,0,1785477744808446696,1785477747746644557,1785477747751356903
55,rank103:F3,compute,forward,3,103,6,7,103,103,6,6,3,warmup,314767649,314767649,0,0,0,1.7854777477741007e+18,1.7854777480888684e+18,2942910207,3257677856,lane7:F2:s6->s7,4712346,1785477744808446696,1785477747751356903,1785477748066124552
55,rank119:F2,compute,forward,2,119,7,7,119,119,7,7,2,warmup,310472579,310472579,0,0,0,1.78547774776845e+18,1.7854777480789228e+18,2942910207,3253382786,lane7:F2:s6->s7,182140675,1785477744808446696,1785477747751356903,1785477748061829482
55,lane7:F1:s8->s9,pp_message,forward,1,-1,8,7,135,151,8,9,-1,p2p,4712346,0,0,4712346,0,,,3078231373,3082943719,rank135:F1,0,1785477744808446696,1785477747886678069,1785477747891390415
55,lane7:F0:s9->s10,pp_message,forward,0,-1,9,7,151,167,9,10,-1,p2p,4712346,0,0,4712346,0,,,3087800511,3092512857,rank151:F0,0,1785477744808446696,1785477747896247207,1785477747900959553
55,rank151:F1,compute,forward,1,151,9,7,151,151,9,9,1,warmup,318265636,318265636,0,0,0,1.7854777479136812e+18,1.7854777482319468e+18,3092512857,3410778493,lane7:F0:s9->s10,4712346,1785477744808446696,1785477747900959553,1785477748219225189
55,rank167:F0,compute,forward,0,167,10,7,167,167,10,10,0,warmup,320491061,320491061,0,0,0,1.7854777479088328e+18,1.7854777482293238e+18,3092512857,3413003918,lane7:F0:s9->s10,3092512857,1785477744808446696,1785477747900959553,1785477748221450614
55,lane7:F2:s7->s8,pp_message,forward,2,-1,7,7,119,135,7,8,-1,p2p,4712346,0,0,4712346,0,,,3253382786,3258095132,rank119:F2,0,1785477744808446696,1785477748061829482,1785477748066541828
55,lane7:F3:s6->s7,pp_message,forward,3,-1,6,7,103,119,6,7,-1,p2p,4712346,0,0,4712346,0,,,3257677856,3262390202,rank103:F3,0,1785477744808446696,1785477748066124552,1785477748070836898
55,rank135:F2,compute,forward,2,135,8,7,135,135,8,8,2,warmup,311342832,311342832,0,0,0,1.785477748084073e+18,1.7854777483954156e+18,3258095132,3569437964,lane7:F2:s7->s8,179863759,1785477744808446696,1785477748066541828,1785477748377884660
55,rank119:F3,compute,forward,3,119,7,7,119,119,7,7,3,warmup,340504461,340504461,0,0,0,1.7854777480940334e+18,1.7854777484345377e+18,3262390202,3602894663,lane7:F3:s6->s7,9007416,1785477744808446696,1785477748070836898,1785477748411341359
55,lane7:F1:s9->s10,pp_message,forward,1,-1,9,7,151,167,9,10,-1,p2p,4712346,0,0,4712346,0,,,3410778493,3415490839,rank151:F1,0,1785477744808446696,1785477748219225189,1785477748223937535
55,lane7:F0:s10->s11,pp_message,forward,0,-1,10,7,167,183,10,11,-1,p2p,4712346,0,0,4712346,0,,,3413003918,3417716264,rank167:F0,0,1785477744808446696,1785477748221450614,1785477748226162960
55,rank167:F1,compute,forward,1,167,10,7,167,167,10,10,1,warmup,324904442,324904442,0,0,0,1.7854777482393892e+18,1.7854777485642936e+18,3417716264,3742620706,lane7:F0:s10->s11,4712346,1785477744808446696,1785477748226162960,1785477748551067402
55,rank183:F0,compute,forward,0,183,11,7,183,183,11,11,0,warmup,311543675,311543675,0,0,0,1.785477748234996e+18,1.7854777485465398e+18,3417716264,3729259939,lane7:F0:s10->s11,3417716264,1785477744808446696,1785477748226162960,1785477748537706635
55,lane7:F2:s8->s9,pp_message,forward,2,-1,8,7,135,151,8,9,-1,p2p,4712346,0,0,4712346,0,,,3569437964,3574150310,rank135:F2,0,1785477744808446696,1785477748377884660,1785477748382597006
55,rank151:F2,compute,forward,2,151,9,7,151,151,9,9,2,warmup,318257217,318257217,0,0,0,1.785477748400535e+18,1.7854777487187922e+18,3574150310,3892407527,lane7:F2:s8->s9,163371817,1785477744808446696,1785477748382597006,1785477748700854223
55,lane7:F3:s7->s8,pp_message,forward,3,-1,7,7,119,135,7,8,-1,p2p,4712346,0,0,4712346,0,,,3602894663,3607607009,rank119:F3,0,1785477744808446696,1785477748411341359,1785477748416053705
55,rank135:F3,compute,forward,3,135,8,7,135,135,8,8,3,warmup,311019277,311019277,0,0,0,1.785477748439676e+18,1.7854777487506954e+18,3607607009,3918626286,lane7:F3:s7->s8,38169045,1785477744808446696,1785477748416053705,1785477748727072982
55,lane7:F0:s11->s12,pp_message,forward,0,-1,11,7,183,199,11,12,-1,p2p,4712346,0,0,4712346,0,,,3729259939,3733972285,rank183:F0,0,1785477744808446696,1785477748537706635,1785477748542418981
55,rank199:F0,compute,forward,0,199,12,7,199,199,12,12,0,warmup,312803328,312803328,0,0,0,1.7854777485522245e+18,1.7854777488650278e+18,3733972285,4046775613,lane7:F0:s11->s12,3733972285,1785477744808446696,1785477748542418981,1785477748855222309
55,lane7:F1:s10->s11,pp_message,forward,1,-1,10,7,167,183,10,11,-1,p2p,4712346,0,0,4712346,0,,,3742620706,3747333052,rank167:F1,0,1785477744808446696,1785477748551067402,1785477748555779748
55,rank183:F1,compute,forward,1,183,11,7,183,183,11,11,1,warmup,316079702,316079702,0,0,0,1.785477748569447e+18,1.7854777488855268e+18,3747333052,4063412754,lane7:F1:s10->s11,18073113,1785477744808446696,1785477748555779748,1785477748871859450
55,lane7:F2:s9->s10,pp_message,forward,2,-1,9,7,151,167,9,10,-1,p2p,4712346,0,0,4712346,0,,,3892407527,3897119873,rank151:F2,0,1785477744808446696,1785477748700854223,1785477748705566569
55,rank167:F2,compute,forward,2,167,10,7,167,167,10,10,2,warmup,333842741,333842741,0,0,0,1.7854777487240763e+18,1.785477749057919e+18,3897119873,4230962614,lane7:F2:s9->s10,154499167,1785477744808446696,1785477748705566569,1785477749039409310
55,lane7:F3:s8->s9,pp_message,forward,3,-1,8,7,135,151,8,9,-1,p2p,4712346,0,0,4712346,0,,,3918626286,3923338632,rank135:F3,0,1785477744808446696,1785477748727072982,1785477748731785328
55,rank151:F3,compute,forward,3,151,9,7,151,151,9,9,3,warmup,318794996,318794996,0,0,0,1.7854777487558817e+18,1.7854777490746767e+18,3923338632,4242133628,lane7:F3:s8->s9,30931105,1785477744808446696,1785477748731785328,1785477749050580324
55,lane7:F0:s12->s13,pp_message,forward,0,-1,12,7,199,215,12,13,-1,p2p,4712346,0,0,4712346,0,,,4046775613,4051487959,rank199:F0,0,1785477744808446696,1785477748855222309,1785477748859934655
55,rank215:F0,compute,forward,0,215,13,7,215,215,13,13,0,warmup,314999352,314999352,0,0,0,1.7854777488712125e+18,1.7854777491862118e+18,4051487959,4366487311,lane7:F0:s12->s13,4051487959,1785477744808446696,1785477748859934655,1785477749174934007
55,lane7:F1:s11->s12,pp_message,forward,1,-1,11,7,183,199,11,12,-1,p2p,4712346,0,0,4712346,0,,,4063412754,4068125100,rank183:F1,0,1785477744808446696,1785477748871859450,1785477748876571796
55,rank199:F1,compute,forward,1,199,12,7,199,199,12,12,1,warmup,307334813,307334813,0,0,0,1.7854777488908124e+18,1.7854777491981473e+18,4068125100,4375459913,lane7:F1:s11->s12,21349487,1785477744808446696,1785477748876571796,1785477749183906609
55,lane7:F2:s10->s11,pp_message,forward,2,-1,10,7,167,183,10,11,-1,p2p,4712346,0,0,4712346,0,,,4230962614,4235674960,rank167:F2,0,1785477744808446696,1785477749039409310,1785477749044121656
55,rank183:F2,compute,forward,2,183,11,7,183,183,11,11,2,warmup,309159719,309159719,0,0,0,1.7854777490631117e+18,1.7854777493722714e+18,4235674960,4544834679,lane7:F2:s10->s11,172262206,1785477744808446696,1785477749044121656,1785477749353281375
55,lane7:F3:s9->s10,pp_message,forward,3,-1,9,7,151,167,9,10,-1,p2p,4712346,0,0,4712346,0,,,4242133628,4246845974,rank151:F3,0,1785477744808446696,1785477749050580324,1785477749055292670
55,rank167:F3,compute,forward,3,167,10,7,167,167,10,10,3,warmup,310788903,310788903,0,0,0,1.78547774907973e+18,1.7854777493905188e+18,4246845974,4557634877,lane7:F3:s9->s10,15883360,1785477744808446696,1785477749055292670,1785477749366081573
55,lane7:F0:s13->s14,pp_message,forward,0,-1,13,7,215,231,13,14,-1,p2p,4712346,0,0,4712346,0,,,4366487311,4371199657,rank215:F0,0,1785477744808446696,1785477749174934007,1785477749179646353
55,rank231:F0,compute,forward,0,231,14,7,231,231,14,14,0,warmup,316125820,316125820,0,0,0,1.785477749192219e+18,1.7854777495083446e+18,4371199657,4687325477,lane7:F0:s13->s14,4371199657,1785477744808446696,1785477749179646353,1785477749495772173
55,lane7:F1:s12->s13,pp_message,forward,1,-1,12,7,199,215,12,13,-1,p2p,4712346,0,0,4712346,0,,,4375459913,4380172259,rank199:F1,0,1785477744808446696,1785477749183906609,1785477749188618955
55,rank215:F1,compute,forward,1,215,13,7,215,215,13,13,1,warmup,309042824,309042824,0,0,0,1.7854777492037988e+18,1.7854777495128415e+18,4380172259,4689215083,lane7:F1:s12->s13,13684948,1785477744808446696,1785477749188618955,1785477749497661779
55,lane7:F2:s11->s12,pp_message,forward,2,-1,11,7,183,199,11,12,-1,p2p,4712346,0,0,4712346,0,,,4544834679,4549547025,rank183:F2,0,1785477744808446696,1785477749353281375,1785477749357993721
55,rank199:F2,compute,forward,2,199,12,7,199,199,12,12,2,warmup,312500895,312500895,0,0,0,1.7854777493775488e+18,1.7854777496900495e+18,4549547025,4862047920,lane7:F2:s11->s12,174087112,1785477744808446696,1785477749357993721,1785477749670494616
55,lane7:F3:s10->s11,pp_message,forward,3,-1,10,7,167,183,10,11,-1,p2p,4712346,0,0,4712346,0,,,4557634877,4562347223,rank167:F3,0,1785477744808446696,1785477749366081573,1785477749370793919
55,rank183:F3,compute,forward,3,183,11,7,183,183,11,11,3,warmup,306773759,306773759,0,0,0,1.7854777493958303e+18,1.785477749702604e+18,4562347223,4869120982,lane7:F3:s10->s11,17512544,1785477744808446696,1785477749370793919,1785477749677567678
55,lane7:F0:s14->s15,pp_message,forward,0,-1,14,7,231,247,14,15,-1,p2p,4712346,0,0,4712346,0,,,4687325477,4692037823,rank231:F0,0,1785477744808446696,1785477749495772173,1785477749500484519
55,lane7:F1:s13->s14,pp_message,forward,1,-1,13,7,215,231,13,14,-1,p2p,4712346,0,0,4712346,0,,,4689215083,4693927429,rank215:F1,0,1785477744808446696,1785477749497661779,1785477749502374125
55,rank247:F0,compute,forward,0,247,15,7,247,247,15,15,0,steady,193961722,193961722,0,0,0,1.7854777495149458e+18,1.7854777497089075e+18,4692037823,4885999545,lane7:F0:s14->s15,4692037823,1785477744808446696,1785477749500484519,1785477749694446241
55,rank231:F1,compute,forward,1,231,14,7,231,231,14,14,1,steady,309122022,309122022,0,0,0,1.7854777495185864e+18,1.7854777498277084e+18,4693927429,5003049451,lane7:F1:s13->s14,6601952,1785477744808446696,1785477749502374125,1785477749811496147
55,lane7:F2:s12->s13,pp_message,forward,2,-1,12,7,199,215,12,13,-1,p2p,4712346,0,0,4712346,0,,,4862047920,4866760266,rank199:F2,0,1785477744808446696,1785477749670494616,1785477749675206962
55,rank215:F2,compute,forward,2,215,13,7,215,215,13,13,2,steady,310721288,310721288,0,0,0,1.7854777496957527e+18,1.785477750006474e+18,4866760266,5177481554,lane7:F2:s12->s13,177545183,1785477744808446696,1785477749675206962,1785477749985928250
55,lane7:F3:s11->s12,pp_message,forward,3,-1,11,7,183,199,11,12,-1,p2p,4712346,0,0,4712346,0,,,4869120982,4873833328,rank183:F3,0,1785477744808446696,1785477749677567678,1785477749682280024
55,rank199:F3,compute,forward,3,199,12,7,199,199,12,12,3,steady,308291435,308291435,0,0,0,1.7854777497079642e+18,1.7854777500162557e+18,4873833328,5182124763,lane7:F3:s11->s12,11785408,1785477744808446696,1785477749682280024,1785477749990571459
55,rank247:B0,compute,backward,0,247,15,7,247,247,15,15,1,steady,366787251,366787251,0,0,0,1.78547774970907e+18,1.7854777500758572e+18,4885999545,5252786796,rank247:F0,0,1785477744808446696,1785477749694446241,1785477750061233492
55,lane7:F1:s14->s15,pp_message,forward,1,-1,14,7,231,247,14,15,-1,p2p,4712346,0,0,4712346,0,,,5003049451,5007761797,rank231:F1,0,1785477744808446696,1785477749811496147,1785477749816208493
55,lane7:F2:s13->s14,pp_message,forward,2,-1,13,7,215,231,13,14,-1,p2p,4712346,0,0,4712346,0,,,5177481554,5182193900,rank215:F2,0,1785477744808446696,1785477749985928250,1785477749990640596
55,lane7:F3:s12->s13,pp_message,forward,3,-1,12,7,199,215,12,13,-1,p2p,4712346,0,0,4712346,0,,,5182124763,5186837109,rank199:F3,0,1785477744808446696,1785477749990571459,1785477749995283805
55,lane7:B0:s15->s14,pp_message,backward,0,-1,15,7,247,231,15,14,-1,p2p,98176190,0,0,4712346,93463844,,,5252786796,5350962986,rank247:B0,0,1785477744808446696,1785477750061233492,1785477750159409682
55,rank231:B0,compute,backward,0,231,14,7,231,231,14,14,2,steady,707536164,707536164,0,0,0,1.785477750176788e+18,1.785477750884324e+18,5350962986,6058499150,lane7:B0:s15->s14,347913535,1785477744808446696,1785477750159409682,1785477750866945846
55,rank247:F1,compute,forward,1,247,15,7,247,247,15,15,2,steady,192171790,192171790,0,0,0,1.7854777501766556e+18,1.7854777503688274e+18,5350962986,5543134776,lane7:B0:s15->s14,98176190,1785477744808446696,1785477750159409682,1785477750351581472
55,rank247:B1,compute,backward,1,247,15,7,247,247,15,15,3,steady,366106202,366106202,0,0,0,1.7854777503690168e+18,1.785477750735123e+18,5543134776,5909240978,rank247:F1,0,1785477744808446696,1785477750351581472,1785477750717687674
55,lane7:B1:s15->s14,pp_message,backward,1,-1,15,7,247,231,15,14,-1,p2p,98176190,0,0,4712346,93463844,,,5909240978,6007417168,rank247:B1,0,1785477744808446696,1785477750717687674,1785477750815863864
55,lane7:B0:s14->s13,pp_message,backward,0,-1,14,7,231,215,14,13,-1,p2p,98176190,0,0,4712346,93463844,,,6058499150,6156675340,rank231:B0,0,1785477744808446696,1785477750866945846,1785477750965122036
55,rank215:B0,compute,backward,0,215,13,7,215,215,13,13,3,steady,687865613,687865613,0,0,0,1.7854777509840154e+18,1.785477751671881e+18,6156675340,6844540953,lane7:B0:s14->s13,979193786,1785477744808446696,1785477750965122036,1785477751652987649
55,rank231:F2,compute,forward,2,231,14,7,231,231,14,14,3,steady,309284914,309284914,0,0,0,1.7854777509838495e+18,1.7854777512931343e+18,6156675340,6465960254,lane7:B0:s14->s13,98176190,1785477744808446696,1785477750965122036,1785477751274406950
55,lane7:F2:s14->s15,pp_message,forward,2,-1,14,7,231,247,14,15,-1,p2p,4712346,0,0,4712346,0,,,6465960254,6470672600,rank231:F2,0,1785477744808446696,1785477751274406950,1785477751279119296
55,rank231:B1,compute,backward,1,231,14,7,231,231,14,14,4,steady,678171581,678171581,0,0,0,1.7854777512991803e+18,1.785477751977352e+18,6470672600,7148844181,lane7:F2:s14->s15,4712346,1785477744808446696,1785477751279119296,1785477751957290877
55,rank247:F2,compute,forward,2,247,15,7,247,247,15,15,4,steady,189255806,189255806,0,0,0,1.7854777512992433e+18,1.7854777514884992e+18,6470672600,6659928406,lane7:F2:s14->s15,561431622,1785477744808446696,1785477751279119296,1785477751468375102
55,rank247:B2,compute,backward,2,247,15,7,247,247,15,15,5,steady,366065592,366065592,0,0,0,1.7854777514886828e+18,1.7854777518547484e+18,6659928406,7025993998,rank247:F2,0,1785477744808446696,1785477751468375102,1785477751834440694
55,lane7:B0:s13->s12,pp_message,backward,0,-1,13,7,215,199,13,12,-1,p2p,98176190,0,0,4712346,93463844,,,6844540953,6942717143,rank215:B0,0,1785477744808446696,1785477751652987649,1785477751751163839
55,rank199:B0,compute,backward,0,199,12,7,199,199,12,12,4,steady,680867544,680867544,0,0,0,1.7854777517716854e+18,1.785477752452553e+18,6942717143,7623584687,lane7:B0:s13->s12,1760592380,1785477744808446696,1785477751751163839,1785477752432031383
55,rank215:F3,compute,forward,3,215,13,7,215,215,13,13,4,steady,312833658,312833658,0,0,0,1.785477751771512e+18,1.7854777520843459e+18,6942717143,7255550801,lane7:B0:s13->s12,98176190,1785477744808446696,1785477751751163839,1785477752063997497
55,lane7:B2:s15->s14,pp_message,backward,2,-1,15,7,247,231,15,14,-1,p2p,98176190,0,0,4712346,93463844,,,7025993998,7124170188,rank247:B2,0,1785477744808446696,1785477751834440694,1785477751932616884
55,lane7:B1:s14->s13,pp_message,backward,1,-1,14,7,231,215,14,13,-1,p2p,98176190,0,0,4712346,93463844,,,7148844181,7247020371,rank231:B1,0,1785477744808446696,1785477751957290877,1785477752055467067
55,lane7:F3:s13->s14,pp_message,forward,3,-1,13,7,215,231,13,14,-1,p2p,4712346,0,0,4712346,0,,,7255550801,7260263147,rank215:F3,0,1785477744808446696,1785477752063997497,1785477752068709843
55,rank215:B1,compute,backward,1,215,13,7,215,215,13,13,5,steady,685301517,685301517,0,0,0,1.7854777520902932e+18,1.7854777527755948e+18,7260263147,7945564664,lane7:F3:s13->s14,4712346,1785477744808446696,1785477752068709843,1785477752754011360
55,rank231:F3,compute,forward,3,231,14,7,231,231,14,14,5,steady,308795138,308795138,0,0,0,1.7854777520902912e+18,1.7854777523990863e+18,7260263147,7569058285,lane7:F3:s13->s14,111418966,1785477744808446696,1785477752068709843,1785477752377504981
55,lane7:F3:s14->s15,pp_message,forward,3,-1,14,7,231,247,14,15,-1,p2p,4712346,0,0,4712346,0,,,7569058285,7573770631,rank231:F3,0,1785477744808446696,1785477752377504981,1785477752382217327
55,rank231:B2,compute,backward,2,231,14,7,231,231,14,14,6,steady,686911234,686911234,0,0,0,1.785477752404872e+18,1.7854777530917832e+18,7573770631,8260681865,lane7:F3:s14->s15,4712346,1785477744808446696,1785477752382217327,1785477753069128561
55,rank247:F3,compute,forward,3,247,15,7,247,247,15,15,6,steady,189668407,189668407,0,0,0,1.785477752404937e+18,1.7854777525946053e+18,7573770631,7763439038,lane7:F3:s14->s15,547776633,1785477744808446696,1785477752382217327,1785477752571885734
55,lane7:B0:s12->s11,pp_message,backward,0,-1,12,7,199,183,12,11,-1,p2p,98176190,0,0,4712346,93463844,,,7623584687,7721760877,rank199:B0,0,1785477744808446696,1785477752432031383,1785477752530207573
55,rank183:B0,compute,backward,0,183,11,7,183,183,11,11,4,cooldown,676033580,676033580,0,0,0,1.785477752550027e+18,1.7854777532260605e+18,7721760877,8397794457,lane7:B0:s12->s11,2852639895,1785477744808446696,1785477752530207573,1785477753206241153
55,rank247:B3,compute,backward,3,247,15,7,247,247,15,15,7,steady,369007765,369007765,0,0,0,1.7854777525947914e+18,1.7854777529637993e+18,7763439038,8132446803,rank247:F3,0,1785477744808446696,1785477752571885734,1785477752940893499
55,lane7:B1:s13->s12,pp_message,backward,1,-1,13,7,215,199,13,12,-1,p2p,98176190,0,0,4712346,93463844,,,7945564664,8043740854,rank215:B1,0,1785477744808446696,1785477752754011360,1785477752852187550
55,rank199:B1,compute,backward,1,199,12,7,199,199,12,12,5,cooldown,679096065,679096065,0,0,0,1.785477752875423e+18,1.785477753554519e+18,8043740854,8722836919,lane7:B1:s13->s12,420156167,1785477744808446696,1785477752852187550,1785477753531283615
55,lane7:B3:s15->s14,pp_message,backward,3,-1,15,7,247,231,15,14,-1,p2p,98176190,0,0,4712346,93463844,,,8132446803,8230622993,rank247:B3,0,1785477744808446696,1785477752940893499,1785477753039069689
55,lane7:B2:s14->s13,pp_message,backward,2,-1,14,7,231,215,14,13,-1,p2p,98176190,0,0,4712346,93463844,,,8260681865,8358858055,rank231:B2,0,1785477744808446696,1785477753069128561,1785477753167304751
55,rank215:B2,compute,backward,2,215,13,7,215,215,13,13,6,cooldown,691172020,691172020,0,0,0,1.785477753190188e+18,1.7854777538813601e+18,8358858055,9050030075,lane7:B2:s14->s13,413293391,1785477744808446696,1785477753167304751,1785477753858476771
55,rank231:B3,compute,backward,3,231,14,7,231,231,14,14,7,cooldown,686332648,686332648,0,0,0,1.785477753195513e+18,1.7854777538818458e+18,8358858055,9045190703,lane7:B2:s14->s13,98176190,1785477744808446696,1785477753167304751,1785477753853637399
55,lane7:B0:s11->s10,pp_message,backward,0,-1,11,7,183,167,11,10,-1,p2p,98176190,0,0,4712346,93463844,,,8397794457,8495970647,rank183:B0,0,1785477744808446696,1785477753206241153,1785477753304417343
55,rank167:B0,compute,backward,0,167,10,7,167,167,10,10,4,cooldown,683990002,683990002,0,0,0,1.785477753325826e+18,1.785477754009816e+18,8495970647,9179960649,lane7:B0:s11->s10,3938335770,1785477744808446696,1785477753304417343,1785477753988407345
55,lane7:B1:s12->s11,pp_message,backward,1,-1,12,7,199,183,12,11,-1,p2p,98176190,0,0,4712346,93463844,,,8722836919,8821013109,rank199:B1,0,1785477744808446696,1785477753531283615,1785477753629459805
55,rank183:B1,compute,backward,1,183,11,7,183,183,11,11,5,cooldown,684429403,684429403,0,0,0,1.7854777536523581e+18,1.7854777543367875e+18,8821013109,9505442512,lane7:B1:s12->s11,423218652,1785477744808446696,1785477753629459805,1785477754313889208
55,lane7:B3:s14->s13,pp_message,backward,3,-1,14,7,231,215,14,13,-1,p2p,98176190,0,0,4712346,93463844,,,9045190703,9143366893,rank231:B3,0,1785477744808446696,1785477753853637399,1785477753951813589
55,lane7:B2:s13->s12,pp_message,backward,2,-1,13,7,215,199,13,12,-1,p2p,98176190,0,0,4712346,93463844,,,9050030075,9148206265,rank215:B2,0,1785477744808446696,1785477753858476771,1785477753956652961
55,rank199:B2,compute,backward,2,199,12,7,199,199,12,12,6,cooldown,681815288,681815288,0,0,0,1.78547775398062e+18,1.7854777546624353e+18,9148206265,9830021553,lane7:B2:s13->s12,425369346,1785477744808446696,1785477753956652961,1785477754638468249
55,rank215:B3,compute,backward,3,215,13,7,215,215,13,13,7,cooldown,679959927,679959927,0,0,0,1.7854777539858327e+18,1.7854777546657925e+18,9148206265,9828166192,lane7:B2:s13->s12,98176190,1785477744808446696,1785477753956652961,1785477754636612888
55,lane7:B0:s10->s9,pp_message,backward,0,-1,10,7,167,151,10,9,-1,p2p,98176190,0,0,4712346,93463844,,,9179960649,9278136839,rank167:B0,0,1785477744808446696,1785477753988407345,1785477754086583535
55,rank151:B0,compute,backward,0,151,9,7,151,151,9,9,4,cooldown,702308593,702308593,0,0,0,1.785477754109331e+18,1.7854777548116396e+18,9278136839,9980445432,lane7:B0:s10->s9,5036003211,1785477744808446696,1785477754086583535,1785477754788892128
55,lane7:B1:s11->s10,pp_message,backward,1,-1,11,7,183,167,11,10,-1,p2p,98176190,0,0,4712346,93463844,,,9505442512,9603618702,rank183:B1,0,1785477744808446696,1785477754313889208,1785477754412065398
55,rank167:B1,compute,backward,1,167,10,7,167,167,10,10,5,cooldown,677762147,677762147,0,0,0,1.7854777544353398e+18,1.7854777551131018e+18,9603618702,10281380849,lane7:B1:s11->s10,423658053,1785477744808446696,1785477754412065398,1785477755089827545
55,lane7:B3:s13->s12,pp_message,backward,3,-1,13,7,215,199,13,12,-1,p2p,98176190,0,0,4712346,93463844,,,9828166192,9926342382,rank215:B3,0,1785477744808446696,1785477754636612888,1785477754734789078
55,lane7:B2:s12->s11,pp_message,backward,2,-1,12,7,199,183,12,11,-1,p2p,98176190,0,0,4712346,93463844,,,9830021553,9928197743,rank199:B2,0,1785477744808446696,1785477754638468249,1785477754736644439
55,rank183:B2,compute,backward,2,183,11,7,183,183,11,11,6,cooldown,682483905,682483905,0,0,0,1.7854777547596682e+18,1.7854777554421522e+18,9928197743,10610681648,lane7:B2:s12->s11,422755231,1785477744808446696,1785477754736644439,1785477755419128344
55,rank199:B3,compute,backward,3,199,12,7,199,199,12,12,7,cooldown,679708072,679708072,0,0,0,1.7854777547651223e+18,1.7854777554448305e+18,9928197743,10607905815,lane7:B2:s12->s11,98176190,1785477744808446696,1785477754736644439,1785477755416352511
55,lane7:B0:s9->s8,pp_message,backward,0,-1,9,7,151,135,9,8,-1,p2p,98176190,0,0,4712346,93463844,,,9980445432,10078621622,rank151:B0,0,1785477744808446696,1785477754788892128,1785477754887068318
55,rank135:B0,compute,backward,0,135,8,7,135,135,8,8,4,cooldown,688298605,688298605,0,0,0,1.7854777549108938e+18,1.7854777555991923e+18,10078621622,10766920227,lane7:B0:s9->s8,6159995336,1785477744808446696,1785477754887068318,1785477755575366923
55,lane7:B1:s10->s9,pp_message,backward,1,-1,10,7,167,151,10,9,-1,p2p,98176190,0,0,4712346,93463844,,,10281380849,10379557039,rank167:B1,0,1785477744808446696,1785477755089827545,1785477755188003735
55,rank151:B1,compute,backward,1,151,9,7,151,151,9,9,5,cooldown,698485789,698485789,0,0,0,1.785477755211867e+18,1.7854777559103526e+18,10379557039,11078042828,lane7:B1:s10->s9,399111607,1785477744808446696,1785477755188003735,1785477755886489524
55,lane7:B3:s12->s11,pp_message,backward,3,-1,12,7,199,183,12,11,-1,p2p,98176190,0,0,4712346,93463844,,,10607905815,10706082005,rank199:B3,0,1785477744808446696,1785477755416352511,1785477755514528701
55,lane7:B2:s11->s10,pp_message,backward,2,-1,11,7,183,167,11,10,-1,p2p,98176190,0,0,4712346,93463844,,,10610681648,10708857838,rank183:B2,0,1785477744808446696,1785477755419128344,1785477755517304534
55,rank167:B2,compute,backward,2,167,10,7,167,167,10,10,6,cooldown,679424495,679424495,0,0,0,1.7854777555401787e+18,1.7854777562196032e+18,10708857838,11388282333,lane7:B2:s11->s10,427476989,1785477744808446696,1785477755517304534,1785477756196729029
55,rank183:B3,compute,backward,3,183,11,7,183,183,11,11,7,cooldown,676206649,676206649,0,0,0,1.785477755545932e+18,1.7854777562221386e+18,10708857838,11385064487,lane7:B2:s11->s10,98176190,1785477744808446696,1785477755517304534,1785477756193511183
55,lane7:B0:s8->s7,pp_message,backward,0,-1,8,7,135,119,8,7,-1,p2p,98176190,0,0,4712346,93463844,,,10766920227,10865096417,rank135:B0,0,1785477744808446696,1785477755575366923,1785477755673543113
55,rank119:B0,compute,backward,0,119,7,7,119,119,7,7,4,cooldown,680467752,680467752,0,0,0,1.7854777556983035e+18,1.7854777563787712e+18,10865096417,11545564169,lane7:B0:s8->s7,7262201754,1785477744808446696,1785477755673543113,1785477756354010865
55,lane7:B1:s9->s8,pp_message,backward,1,-1,9,7,151,135,9,8,-1,p2p,98176190,0,0,4712346,93463844,,,11078042828,11176219018,rank151:B1,0,1785477744808446696,1785477755886489524,1785477755984665714
55,rank135:B1,compute,backward,1,135,8,7,135,135,8,8,5,cooldown,693524699,693524699,0,0,0,1.7854777560085315e+18,1.785477756702056e+18,11176219018,11869743717,lane7:B1:s9->s8,409298791,1785477744808446696,1785477755984665714,1785477756678190413
55,lane7:B3:s11->s10,pp_message,backward,3,-1,11,7,183,167,11,10,-1,p2p,98176190,0,0,4712346,93463844,,,11385064487,11483240677,rank183:B3,0,1785477744808446696,1785477756193511183,1785477756291687373
55,lane7:B2:s10->s9,pp_message,backward,2,-1,10,7,167,151,10,9,-1,p2p,98176190,0,0,4712346,93463844,,,11388282333,11486458523,rank167:B2,0,1785477744808446696,1785477756196729029,1785477756294905219
55,rank151:B2,compute,backward,2,151,9,7,151,151,9,9,6,cooldown,699864278,699864278,0,0,0,1.7854777563185723e+18,1.7854777570184366e+18,11486458523,12186322801,lane7:B2:s10->s9,408415695,1785477744808446696,1785477756294905219,1785477756994769497
55,rank167:B3,compute,backward,3,167,10,7,167,167,10,10,7,cooldown,678490043,678490043,0,0,0,1.78547775632367e+18,1.78547775700216e+18,11486458523,12164948566,lane7:B2:s10->s9,98176190,1785477744808446696,1785477756294905219,1785477756973395262
55,lane7:B0:s7->s6,pp_message,backward,0,-1,7,7,119,103,7,6,-1,p2p,98176190,0,0,4712346,93463844,,,11545564169,11643740359,rank119:B0,0,1785477744808446696,1785477756354010865,1785477756452187055
55,rank103:B0,compute,backward,0,103,6,7,103,103,6,6,4,cooldown,701863548,701863548,0,0,0,1.7854777564786304e+18,1.785477757180494e+18,11643740359,12345603907,lane7:B0:s7->s6,8386062503,1785477744808446696,1785477756452187055,1785477757154050603
55,lane7:B1:s8->s7,pp_message,backward,1,-1,8,7,135,119,8,7,-1,p2p,98176190,0,0,4712346,93463844,,,11869743717,11967919907,rank135:B1,0,1785477744808446696,1785477756678190413,1785477756776366603
55,rank119:B1,compute,backward,1,119,7,7,119,119,7,7,5,cooldown,685340289,685340289,0,0,0,1.7854777567996378e+18,1.785477757484978e+18,11967919907,12653260196,lane7:B1:s8->s7,422355738,1785477744808446696,1785477756776366603,1785477757461706892
55,lane7:B3:s10->s9,pp_message,backward,3,-1,10,7,167,151,10,9,-1,p2p,98176190,0,0,4712346,93463844,,,12164948566,12263124756,rank167:B3,0,1785477744808446696,1785477756973395262,1785477757071571452
55,lane7:B2:s9->s8,pp_message,backward,2,-1,9,7,151,135,9,8,-1,p2p,98176190,0,0,4712346,93463844,,,12186322801,12284498991,rank151:B2,0,1785477744808446696,1785477756994769497,1785477757092945687
55,rank135:B2,compute,backward,2,135,8,7,135,135,8,8,6,cooldown,690098619,690098619,0,0,0,1.7854777571169267e+18,1.7854777578070254e+18,12284498991,12974597610,lane7:B2:s9->s8,414755274,1785477744808446696,1785477757092945687,1785477757783044306
55,rank151:B3,compute,backward,3,151,9,7,151,151,9,9,7,cooldown,698298515,698298515,0,0,0,1.7854777571221379e+18,1.7854777578204362e+18,12284498991,12982797506,lane7:B2:s9->s8,98176190,1785477744808446696,1785477757092945687,1785477757791244202
55,lane7:B0:s6->s5,pp_message,backward,0,-1,6,7,103,87,6,5,-1,p2p,98176190,0,0,4712346,93463844,,,12345603907,12443780097,rank103:B0,0,1785477744808446696,1785477757154050603,1785477757252226793
55,rank87:B0,compute,backward,0,87,5,7,87,87,5,5,4,cooldown,708218110,708218110,0,0,0,1.785477757280159e+18,1.785477757988377e+18,12443780097,13151998207,lane7:B0:s6->s5,9509495407,1785477744808446696,1785477757252226793,1785477757960444903
55,lane7:B1:s7->s6,pp_message,backward,1,-1,7,7,119,103,7,6,-1,p2p,98176190,0,0,4712346,93463844,,,12653260196,12751436386,rank119:B1,0,1785477744808446696,1785477757461706892,1785477757559883082
55,rank103:B1,compute,backward,1,103,6,7,103,103,6,6,5,cooldown,720476793,720476793,0,0,0,1.7854777575830766e+18,1.7854777583035535e+18,12751436386,13471913179,lane7:B1:s7->s6,405832479,1785477744808446696,1785477757559883082,1785477758280359875
55,lane7:B2:s8->s7,pp_message,backward,2,-1,8,7,135,119,8,7,-1,p2p,98176190,0,0,4712346,93463844,,,12974597610,13072773800,rank135:B2,0,1785477744808446696,1785477757783044306,1785477757881220496
55,lane7:B3:s9->s8,pp_message,backward,3,-1,9,7,151,135,9,8,-1,p2p,98176190,0,0,4712346,93463844,,,12982797506,13080973696,rank151:B3,0,1785477744808446696,1785477757791244202,1785477757889420392
55,rank119:B2,compute,backward,2,119,7,7,119,119,7,7,6,cooldown,683172721,683172721,0,0,0,1.7854777579050527e+18,1.7854777585882253e+18,13072773800,13755946521,lane7:B2:s8->s7,419513604,1785477744808446696,1785477757881220496,1785477758564393217
55,rank135:B3,compute,backward,3,135,8,7,135,135,8,8,7,cooldown,680615980,680615980,0,0,0,1.78547775791931e+18,1.785477758599926e+18,13080973696,13761589676,lane7:B3:s9->s8,106376086,1785477744808446696,1785477757889420392,1785477758570036372
55,lane7:B0:s5->s4,pp_message,backward,0,-1,5,7,87,71,5,4,-1,p2p,98176190,0,0,4712346,93463844,,,13151998207,13250174397,rank87:B0,0,1785477744808446696,1785477757960444903,1785477758058621093
55,rank71:B0,compute,backward,0,71,4,7,71,71,4,4,4,cooldown,698145511,698145511,0,0,0,1.78547775808697e+18,1.7854777587851156e+18,13250174397,13948319908,lane7:B0:s5->s4,10649225058,1785477744808446696,1785477758058621093,1785477758756766604
55,lane7:B1:s6->s5,pp_message,backward,1,-1,6,7,103,87,6,5,-1,p2p,98176190,0,0,4712346,93463844,,,13471913179,13570089369,rank103:B1,0,1785477744808446696,1785477758280359875,1785477758378536065
55,rank87:B1,compute,backward,1,87,5,7,87,87,5,5,5,cooldown,705374650,705374650,0,0,0,1.7854777584020452e+18,1.78547775910742e+18,13570089369,14275464019,lane7:B1:s6->s5,418091162,1785477744808446696,1785477758378536065,1785477759083910715
55,lane7:B2:s7->s6,pp_message,backward,2,-1,7,7,119,103,7,6,-1,p2p,98176190,0,0,4712346,93463844,,,13755946521,13854122711,rank119:B2,0,1785477744808446696,1785477758564393217,1785477758662569407
55,lane7:B3:s8->s7,pp_message,backward,3,-1,8,7,135,119,8,7,-1,p2p,98176190,0,0,4712346,93463844,,,13761589676,13859765866,rank135:B3,0,1785477744808446696,1785477758570036372,1785477758668212562
55,rank103:B2,compute,backward,2,103,6,7,103,103,6,6,6,cooldown,695189428,695189428,0,0,0,1.785477758686633e+18,1.7854777593818222e+18,13854122711,14549312139,lane7:B2:s7->s6,382209532,1785477744808446696,1785477758662569407,1785477759357758835
55,rank119:B3,compute,backward,3,119,7,7,119,119,7,7,7,cooldown,681199626,681199626,0,0,0,1.78547775869731e+18,1.7854777593785096e+18,13859765866,14540965492,lane7:B3:s8->s7,103819345,1785477744808446696,1785477758668212562,1785477759349412188
55,lane7:B0:s4->s3,pp_message,backward,0,-1,4,7,71,55,4,3,-1,p2p,98176190,0,0,4712346,93463844,,,13948319908,14046496098,rank71:B0,0,1785477744808446696,1785477758756766604,1785477758854942794
55,rank55:B0,compute,backward,0,55,3,7,55,55,3,3,4,cooldown,708586805,708586805,0,0,0,1.7854777588845668e+18,1.7854777595931535e+18,14046496098,14755082903,lane7:B0:s4->s3,11763714173,1785477744808446696,1785477758854942794,1785477759563529599
55,lane7:B1:s5->s4,pp_message,backward,1,-1,5,7,87,71,5,4,-1,p2p,98176190,0,0,4712346,93463844,,,14275464019,14373640209,rank87:B1,0,1785477744808446696,1785477759083910715,1785477759182086905
55,rank71:B1,compute,backward,1,71,4,7,71,71,4,4,5,cooldown,698528081,698528081,0,0,0,1.7854777592052173e+18,1.7854777599037453e+18,14373640209,15072168290,lane7:B1:s5->s4,425320301,1785477744808446696,1785477759182086905,1785477759880614986
55,lane7:B3:s7->s6,pp_message,backward,3,-1,7,7,119,103,7,6,-1,p2p,98176190,0,0,4712346,93463844,,,14540965492,14639141682,rank119:B3,0,1785477744808446696,1785477759349412188,1785477759447588378
55,lane7:B2:s6->s5,pp_message,backward,2,-1,6,7,103,87,6,5,-1,p2p,98176190,0,0,4712346,93463844,,,14549312139,14647488329,rank103:B2,0,1785477744808446696,1785477759357758835,1785477759455935025
55,rank103:B3,compute,backward,3,103,6,7,103,103,6,6,7,cooldown,689894946,689894946,0,0,0,1.785477759485911e+18,1.785477760175806e+18,14647488329,15337383275,lane7:B2:s6->s5,98176190,1785477744808446696,1785477759455935025,1785477760145829971
55,rank87:B2,compute,backward,2,87,5,7,87,87,5,5,6,cooldown,712406410,712406410,0,0,0,1.7854777594804508e+18,1.7854777601928573e+18,14647488329,15359894739,lane7:B2:s6->s5,372024310,1785477744808446696,1785477759455935025,1785477760168341435
55,lane7:B0:s3->s2,pp_message,backward,0,-1,3,7,55,39,3,2,-1,p2p,98176190,0,0,4712346,93463844,,,14755082903,14853259093,rank55:B0,0,1785477744808446696,1785477759563529599,1785477759661705789
55,rank39:B0,compute,backward,0,39,2,7,39,39,2,2,4,cooldown,715616797,715616797,0,0,0,1.7854777596916928e+18,1.7854777604073098e+18,14853259093,15568875890,lane7:B0:s3->s2,12909333932,1785477744808446696,1785477759661705789,1785477760377322586
55,lane7:B1:s4->s3,pp_message,backward,1,-1,4,7,71,55,4,3,-1,p2p,98176190,0,0,4712346,93463844,,,15072168290,15170344480,rank71:B1,0,1785477744808446696,1785477759880614986,1785477759978791176
55,rank55:B1,compute,backward,1,55,3,7,55,55,3,3,5,cooldown,703310895,703310895,0,0,0,1.785477760002925e+18,1.7854777607062362e+18,15170344480,15873655375,lane7:B1:s4->s3,415261577,1785477744808446696,1785477759978791176,1785477760682102071
55,lane7:B3:s6->s5,pp_message,backward,3,-1,6,7,103,87,6,5,-1,p2p,98176190,0,0,4712346,93463844,,,15337383275,15435559465,rank103:B3,0,1785477744808446696,1785477760145829971,1785477760244006161
55,lane7:B2:s5->s4,pp_message,backward,2,-1,5,7,87,71,5,4,-1,p2p,98176190,0,0,4712346,93463844,,,15359894739,15458070929,rank87:B2,0,1785477744808446696,1785477760168341435,1785477760266517625
55,rank71:B2,compute,backward,2,71,4,7,71,71,4,4,6,cooldown,693492231,693492231,0,0,0,1.785477760291051e+18,1.7854777609845432e+18,15458070929,16151563160,lane7:B2:s5->s4,385902639,1785477744808446696,1785477760266517625,1785477760960009856
55,rank87:B3,compute,backward,3,87,5,7,87,87,5,5,7,cooldown,685966418,685966418,0,0,0,1.7854777602962542e+18,1.7854777609822208e+18,15458070929,16144037347,lane7:B2:s5->s4,98176190,1785477744808446696,1785477760266517625,1785477760952484043
55,lane7:B0:s2->s1,pp_message,backward,0,-1,2,7,39,23,2,1,-1,p2p,98176190,0,0,4712346,93463844,,,15568875890,15667052080,rank39:B0,0,1785477744808446696,1785477760377322586,1785477760475498776
55,rank23:B0,compute,backward,0,23,1,7,23,23,1,1,4,cooldown,724055755,724055755,0,0,0,1.7854777605061573e+18,1.785477761230213e+18,15667052080,16391107835,lane7:B0:s2->s1,14185904805,1785477744808446696,1785477760475498776,1785477761199554531
55,lane7:B1:s3->s2,pp_message,backward,1,-1,3,7,55,39,3,2,-1,p2p,98176190,0,0,4712346,93463844,,,15873655375,15971831565,rank55:B1,0,1785477744808446696,1785477760682102071,1785477760780278261
55,rank39:B1,compute,backward,1,39,2,7,39,39,2,2,5,cooldown,709004081,709004081,0,0,0,1.7854777608057626e+18,1.7854777615147666e+18,15971831565,16680835646,lane7:B1:s3->s2,402955675,1785477744808446696,1785477760780278261,1785477761489282342
55,lane7:B3:s5->s4,pp_message,backward,3,-1,5,7,87,71,5,4,-1,p2p,98176190,0,0,4712346,93463844,,,16144037347,16242213537,rank87:B3,0,1785477744808446696,1785477760952484043,1785477761050660233
55,lane7:B2:s4->s3,pp_message,backward,2,-1,4,7,71,55,4,3,-1,p2p,98176190,0,0,4712346,93463844,,,16151563160,16249739350,rank71:B2,0,1785477744808446696,1785477760960009856,1785477761058186046
55,rank55:B2,compute,backward,2,55,3,7,55,55,3,3,6,cooldown,723413657,723413657,0,0,0,1.7854777610832097e+18,1.7854777618066232e+18,16249739350,16973153007,lane7:B2:s4->s3,376083975,1785477744808446696,1785477761058186046,1785477761781599703
55,rank71:B3,compute,backward,3,71,4,7,71,71,4,4,7,cooldown,695510955,695510955,0,0,0,1.785477761088411e+18,1.785477761783922e+18,16249739350,16945250305,lane7:B2:s4->s3,98176190,1785477744808446696,1785477761058186046,1785477761753697001
55,lane7:B0:s1->s0,pp_message,backward,0,-1,1,7,23,7,1,0,-1,p2p,98176190,0,0,4712346,93463844,,,16391107835,16489284025,rank23:B0,0,1785477744808446696,1785477761199554531,1785477761297730721
55,rank7:B0,compute,backward,0,7,0,7,7,7,0,0,4,cooldown,414264187,414264187,0,0,0,1.785477761328876e+18,1.78547776174314e+18,16489284025,16903548212,lane7:B0:s1->s0,15836747133,1785477744808446696,1785477761297730721,1785477761711994908
55,lane7:B1:s2->s1,pp_message,backward,1,-1,2,7,39,23,2,1,-1,p2p,98176190,0,0,4712346,93463844,,,16680835646,16779011836,rank39:B1,0,1785477744808446696,1785477761489282342,1785477761587458532
55,rank23:B1,compute,backward,1,23,1,7,23,23,1,1,5,cooldown,725748693,725748693,0,0,0,1.7854777616137928e+18,1.7854777623395415e+18,16779011836,17504760529,lane7:B1:s2->s1,387904001,1785477744808446696,1785477761587458532,1785477762313207225
55,lane7:B3:s4->s3,pp_message,backward,3,-1,4,7,71,55,4,3,-1,p2p,98176190,0,0,4712346,93463844,,,16945250305,17043426495,rank71:B3,0,1785477744808446696,1785477761753697001,1785477761851873191
55,lane7:B2:s3->s2,pp_message,backward,2,-1,3,7,55,39,3,2,-1,p2p,98176190,0,0,4712346,93463844,,,16973153007,17071329197,rank55:B2,0,1785477744808446696,1785477761781599703,1785477761879775893
55,rank39:B2,compute,backward,2,39,2,7,39,39,2,2,6,cooldown,709105723,709105723,0,0,0,1.7854777619053286e+18,1.7854777626144343e+18,17071329197,17780434920,lane7:B2:s3->s2,390493551,1785477744808446696,1785477761879775893,1785477762588881616
55,rank55:B3,compute,backward,3,55,3,7,55,55,3,3,7,cooldown,716272541,716272541,0,0,0,1.7854777619113795e+18,1.785477762627652e+18,17071329197,17787601738,lane7:B2:s3->s2,98176190,1785477744808446696,1785477761879775893,1785477762596048434
55,lane7:B1:s1->s0,pp_message,backward,1,-1,1,7,23,7,1,0,-1,p2p,98176190,0,0,4712346,93463844,,,17504760529,17602936719,rank23:B1,0,1785477744808446696,1785477762313207225,1785477762411383415
55,rank7:B1,compute,backward,1,7,0,7,7,7,0,0,5,cooldown,408347435,408347435,0,0,0,1.785477762437525e+18,1.7854777628458724e+18,17602936719,18011284154,lane7:B1:s1->s0,699388507,1785477744808446696,1785477762411383415,1785477762819730850
55,lane7:B2:s2->s1,pp_message,backward,2,-1,2,7,39,23,2,1,-1,p2p,98176190,0,0,4712346,93463844,,,17780434920,17878611110,rank39:B2,0,1785477744808446696,1785477762588881616,1785477762687057806
55,lane7:B3:s3->s2,pp_message,backward,3,-1,3,7,55,39,3,2,-1,p2p,98176190,0,0,4712346,93463844,,,17787601738,17885777928,rank55:B3,0,1785477744808446696,1785477762596048434,1785477762694224624
55,rank23:B2,compute,backward,2,23,1,7,23,23,1,1,6,cooldown,729034974,729034974,0,0,0,1.785477762713449e+18,1.785477763442484e+18,17878611110,18607646084,lane7:B2:s2->s1,373850581,1785477744808446696,1785477762687057806,1785477763416092780
55,rank39:B3,compute,backward,3,39,2,7,39,39,2,2,7,cooldown,702791125,702791125,0,0,0,1.7854777627259226e+18,1.7854777634287137e+18,17885777928,18588569053,lane7:B3:s3->s2,105343008,1785477744808446696,1785477762694224624,1785477763397015749
55,lane7:B3:s2->s1,pp_message,backward,3,-1,2,7,39,23,2,1,-1,p2p,98176190,0,0,4712346,93463844,,,18588569053,18686745243,rank39:B3,0,1785477744808446696,1785477763397015749,1785477763495191939
55,lane7:B2:s1->s0,pp_message,backward,2,-1,1,7,23,7,1,0,-1,p2p,98176190,0,0,4712346,93463844,,,18607646084,18705822274,rank23:B2,0,1785477744808446696,1785477763416092780,1785477763514268970
55,rank23:B3,compute,backward,3,23,1,7,23,23,1,1,7,cooldown,723102902,723102902,0,0,0,1.7854777635462692e+18,1.785477764269372e+18,18705822274,19428925176,lane7:B2:s1->s0,98176190,1785477744808446696,1785477763514268970,1785477764237371872
55,rank7:B2,compute,backward,2,7,0,7,7,7,0,0,6,cooldown,408100795,408100795,0,0,0,1.785477763540942e+18,1.785477763949043e+18,18705822274,19113923069,lane7:B2:s1->s0,694538120,1785477744808446696,1785477763514268970,1785477763922369765
55,lane7:B3:s1->s0,pp_message,backward,3,-1,1,7,23,7,1,0,-1,p2p,98176190,0,0,4712346,93463844,,,19428925176,19527101366,rank23:B3,0,1785477744808446696,1785477764237371872,1785477764335548062
55,rank7:B3,compute,backward,3,7,0,7,7,7,0,0,7,cooldown,404286569,404286569,0,0,0,1.785477764368316e+18,1.7854777647726026e+18,19527101366,19931387935,lane7:B3:s1->s0,413178297,1785477744808446696,1785477764335548062,1785477764739834631
55,rank8:F0,compute,forward,0,8,0,8,8,8,0,0,0,warmup,160522716,160522716,0,0,0,1.785477744808618e+18,1.7854777449691407e+18,0,160522716,,0,1785477744808618037,1785477744808618037,1785477744969140753
55,lane8:F0:s0->s1,pp_message,forward,0,-1,0,8,8,24,0,1,-1,p2p,4712346,0,0,4712346,0,,,160522716,165235062,rank8:F0,0,1785477744808618037,1785477744969140753,1785477744973853099
55,rank24:F0,compute,forward,0,24,1,8,24,24,1,1,0,warmup,324078045,324078045,0,0,0,1.7854777449743416e+18,1.7854777452984197e+18,165235062,489313107,lane8:F0:s0->s1,165235062,1785477744808618037,1785477744973853099,1785477745297931144
55,rank8:F1,compute,forward,1,8,0,8,8,8,0,0,1,warmup,158446311,158446311,0,0,0,1.78547774497436e+18,1.7854777451328064e+18,165235062,323681373,lane8:F0:s0->s1,4712346,1785477744808618037,1785477744973853099,1785477745132299410
55,lane8:F1:s0->s1,pp_message,forward,1,-1,0,8,8,24,0,1,-1,p2p,4712346,0,0,4712346,0,,,323681373,328393719,rank8:F1,0,1785477744808618037,1785477745132299410,1785477745137011756
55,rank8:F2,compute,forward,2,8,0,8,8,8,0,0,2,warmup,156962937,156962937,0,0,0,1.7854777453099604e+18,1.7854777454669235e+18,328393719,485356656,lane8:F1:s0->s1,4712346,1785477744808618037,1785477745137011756,1785477745293974693
55,lane8:F2:s0->s1,pp_message,forward,2,-1,0,8,8,24,0,1,-1,p2p,4712346,0,0,4712346,0,,,485356656,490069002,rank8:F2,0,1785477744808618037,1785477745293974693,1785477745298687039
55,lane8:F0:s1->s2,pp_message,forward,0,-1,1,8,24,40,1,2,-1,p2p,4712346,0,0,4712346,0,,,489313107,494025453,rank24:F0,0,1785477744808618037,1785477745297931144,1785477745302643490
55,rank8:F3,compute,forward,3,8,0,8,8,8,0,0,3,warmup,160945735,160945735,0,0,0,1.785477745680376e+18,1.7854777458413217e+18,490069002,651014737,lane8:F2:s0->s1,4712346,1785477744808618037,1785477745298687039,1785477745459632774
55,rank24:F1,compute,forward,1,24,1,8,24,24,1,1,1,warmup,326341265,326341265,0,0,0,1.7854777453097597e+18,1.7854777456361009e+18,494025453,820366718,lane8:F0:s1->s2,4712346,1785477744808618037,1785477745302643490,1785477745628984755
55,rank40:F0,compute,forward,0,40,2,8,40,40,2,2,0,warmup,343064070,343064070,0,0,0,1.785477745304492e+18,1.785477745647556e+18,494025453,837089523,lane8:F0:s1->s2,494025453,1785477744808618037,1785477745302643490,1785477745645707560
55,lane8:F3:s0->s1,pp_message,forward,3,-1,0,8,8,24,0,1,-1,p2p,4712346,0,0,4712346,0,,,651014737,655727083,rank8:F3,0,1785477744808618037,1785477745459632774,1785477745464345120
55,lane8:F1:s1->s2,pp_message,forward,1,-1,1,8,24,40,1,2,-1,p2p,4712346,0,0,4712346,0,,,820366718,825079064,rank24:F1,0,1785477744808618037,1785477745628984755,1785477745633697101
55,rank24:F2,compute,forward,2,24,1,8,24,24,1,1,2,warmup,324984844,324984844,0,0,0,1.7854777456802732e+18,1.785477746005258e+18,825079064,1150063908,lane8:F1:s1->s2,4712346,1785477744808618037,1785477745633697101,1785477745958681945
55,lane8:F0:s2->s3,pp_message,forward,0,-1,2,8,40,56,2,3,-1,p2p,4712346,0,0,4712346,0,,,837089523,841801869,rank40:F0,0,1785477744808618037,1785477745645707560,1785477745650419906
55,rank40:F1,compute,forward,1,40,2,8,40,40,2,2,1,warmup,319534447,319534447,0,0,0,1.7854777456750185e+18,1.785477745994553e+18,841801869,1161336316,lane8:F0:s2->s3,4712346,1785477744808618037,1785477745650419906,1785477745969954353
55,rank56:F0,compute,forward,0,56,3,8,56,56,3,3,0,warmup,390964342,390964342,0,0,0,1.785477745669466e+18,1.7854777460604303e+18,841801869,1232766211,lane8:F0:s2->s3,841801869,1785477744808618037,1785477745650419906,1785477746041384248
55,lane8:F2:s1->s2,pp_message,forward,2,-1,1,8,24,40,1,2,-1,p2p,4712346,0,0,4712346,0,,,1150063908,1154776254,rank24:F2,0,1785477744808618037,1785477745958681945,1785477745963394291
55,rank24:F3,compute,forward,3,24,1,8,24,24,1,1,3,warmup,324830692,324830692,0,0,0,1.7854777460822733e+18,1.785477746407104e+18,1154776254,1479606946,lane8:F2:s1->s2,4712346,1785477744808618037,1785477745963394291,1785477746288224983
55,lane8:F1:s2->s3,pp_message,forward,1,-1,2,8,40,56,2,3,-1,p2p,4712346,0,0,4712346,0,,,1161336316,1166048662,rank40:F1,0,1785477744808618037,1785477745969954353,1785477745974666699
55,rank40:F2,compute,forward,2,40,2,8,40,40,2,2,2,warmup,318726903,318726903,0,0,0,1.7854777460769777e+18,1.7854777463957046e+18,1166048662,1484775565,lane8:F1:s2->s3,4712346,1785477744808618037,1785477745974666699,1785477746293393602
55,lane8:F0:s3->s4,pp_message,forward,0,-1,3,8,56,72,3,4,-1,p2p,4712346,0,0,4712346,0,,,1232766211,1237478557,rank56:F0,0,1785477744808618037,1785477746041384248,1785477746046096594
55,rank56:F1,compute,forward,1,56,3,8,56,56,3,3,1,warmup,352362420,352362420,0,0,0,1.7854777460711268e+18,1.7854777464234893e+18,1237478557,1589840977,lane8:F0:s3->s4,4712346,1785477744808618037,1785477746046096594,1785477746398459014
55,rank72:F0,compute,forward,0,72,4,8,72,72,4,4,0,warmup,318229619,318229619,0,0,0,1.7854777460661164e+18,1.785477746384346e+18,1237478557,1555708176,lane8:F0:s3->s4,1237478557,1785477744808618037,1785477746046096594,1785477746364326213
55,lane8:F3:s1->s2,pp_message,forward,3,-1,1,8,24,40,1,2,-1,p2p,4712346,0,0,4712346,0,,,1479606946,1484319292,rank24:F3,0,1785477744808618037,1785477746288224983,1785477746292937329
55,lane8:F2:s2->s3,pp_message,forward,2,-1,2,8,40,56,2,3,-1,p2p,4712346,0,0,4712346,0,,,1484775565,1489487911,rank40:F2,0,1785477744808618037,1785477746293393602,1785477746298105948
55,rank40:F3,compute,forward,3,40,2,8,40,40,2,2,3,warmup,345615913,345615913,0,0,0,1.785477746439971e+18,1.785477746785587e+18,1489487911,1835103824,lane8:F2:s2->s3,4712346,1785477744808618037,1785477746298105948,1785477746643721861
55,lane8:F0:s4->s5,pp_message,forward,0,-1,4,8,72,88,4,5,-1,p2p,4712346,0,0,4712346,0,,,1555708176,1560420522,rank72:F0,0,1785477744808618037,1785477746364326213,1785477746369038559
55,rank88:F0,compute,forward,0,88,5,8,88,88,5,5,0,warmup,314622555,314622555,0,0,0,1.7854777463901494e+18,1.785477746704772e+18,1560420522,1875043077,lane8:F0:s4->s5,1560420522,1785477744808618037,1785477746369038559,1785477746683661114
55,lane8:F1:s3->s4,pp_message,forward,1,-1,3,8,56,72,3,4,-1,p2p,4712346,0,0,4712346,0,,,1589840977,1594553323,rank56:F1,0,1785477744808618037,1785477746398459014,1785477746403171360
55,rank56:F2,compute,forward,2,56,3,8,56,56,3,3,2,warmup,337077225,337077225,0,0,0,1.7854777464340073e+18,1.7854777467710843e+18,1594553323,1931630548,lane8:F1:s3->s4,4712346,1785477744808618037,1785477746403171360,1785477746740248585
55,rank72:F1,compute,forward,1,72,4,8,72,72,4,4,1,warmup,318093287,318093287,0,0,0,1.7854777464285501e+18,1.7854777467466435e+18,1594553323,1912646610,lane8:F1:s3->s4,38845147,1785477744808618037,1785477746403171360,1785477746721264647
55,lane8:F3:s2->s3,pp_message,forward,3,-1,2,8,40,56,2,3,-1,p2p,4712346,0,0,4712346,0,,,1835103824,1839816170,rank40:F3,0,1785477744808618037,1785477746643721861,1785477746648434207
55,lane8:F0:s5->s6,pp_message,forward,0,-1,5,8,88,104,5,6,-1,p2p,4712346,0,0,4712346,0,,,1875043077,1879755423,rank88:F0,0,1785477744808618037,1785477746683661114,1785477746688373460
55,rank104:F0,compute,forward,0,104,6,8,104,104,6,6,0,warmup,316048401,316048401,0,0,0,1.7854777467104924e+18,1.7854777470265408e+18,1879755423,2195803824,lane8:F0:s5->s6,1879755423,1785477744808618037,1785477746688373460,1785477747004421861
55,lane8:F1:s4->s5,pp_message,forward,1,-1,4,8,72,88,4,5,-1,p2p,4712346,0,0,4712346,0,,,1912646610,1917358956,rank72:F1,0,1785477744808618037,1785477746721264647,1785477746725976993
55,rank88:F1,compute,forward,1,88,5,8,88,88,5,5,1,warmup,461943469,461943469,0,0,0,1.7854777467517842e+18,1.7854777472137277e+18,1917358956,2379302425,lane8:F1:s4->s5,42315879,1785477744808618037,1785477746725976993,1785477747187920462
55,lane8:F2:s3->s4,pp_message,forward,2,-1,3,8,56,72,3,4,-1,p2p,4712346,0,0,4712346,0,,,1931630548,1936342894,rank56:F2,0,1785477744808618037,1785477746740248585,1785477746744960931
55,rank56:F3,compute,forward,3,56,3,8,56,56,3,3,3,warmup,325432908,325432908,0,0,0,1.7854777467911852e+18,1.785477747116618e+18,1936342894,2261775802,lane8:F2:s3->s4,4712346,1785477744808618037,1785477746744960931,1785477747070393839
55,rank72:F2,compute,forward,2,72,4,8,72,72,4,4,2,warmup,317497812,317497812,0,0,0,1.7854777467762542e+18,1.785477747093752e+18,1936342894,2253840706,lane8:F2:s3->s4,23696284,1785477744808618037,1785477746744960931,1785477747062458743
55,lane8:F0:s6->s7,pp_message,forward,0,-1,6,8,104,120,6,7,-1,p2p,4712346,0,0,4712346,0,,,2195803824,2200516170,rank104:F0,0,1785477744808618037,1785477747004421861,1785477747009134207
55,rank120:F0,compute,forward,0,120,7,8,120,120,7,7,0,warmup,322656172,322656172,0,0,0,1.785477747031878e+18,1.785477747354534e+18,2200516170,2523172342,lane8:F0:s6->s7,2200516170,1785477744808618037,1785477747009134207,1785477747331790379
55,lane8:F2:s4->s5,pp_message,forward,2,-1,4,8,72,88,4,5,-1,p2p,4712346,0,0,4712346,0,,,2253840706,2258553052,rank72:F2,0,1785477744808618037,1785477747062458743,1785477747067171089
55,lane8:F3:s3->s4,pp_message,forward,3,-1,3,8,56,72,3,4,-1,p2p,4712346,0,0,4712346,0,,,2261775802,2266488148,rank56:F3,0,1785477744808618037,1785477747070393839,1785477747075106185
55,rank72:F3,compute,forward,3,72,4,8,72,72,4,4,3,warmup,329098172,329098172,0,0,0,1.7854777472301256e+18,1.7854777475592236e+18,2266488148,2595586320,lane8:F3:s3->s4,12647442,1785477744808618037,1785477747075106185,1785477747404204357
55,lane8:F1:s5->s6,pp_message,forward,1,-1,5,8,88,104,5,6,-1,p2p,4712346,0,0,4712346,0,,,2379302425,2384014771,rank88:F1,0,1785477744808618037,1785477747187920462,1785477747192632808
55,rank104:F1,compute,forward,1,104,6,8,104,104,6,6,1,warmup,327044212,327044212,0,0,0,1.7854777472191685e+18,1.7854777475462129e+18,2384014771,2711058983,lane8:F1:s5->s6,188210947,1785477744808618037,1785477747192632808,1785477747519677020
55,rank88:F2,compute,forward,2,88,5,8,88,88,5,5,2,warmup,324280778,324280778,0,0,0,1.7854777472242824e+18,1.7854777475485632e+18,2384014771,2708295549,lane8:F1:s5->s6,4712346,1785477744808618037,1785477747192632808,1785477747516913586
55,lane8:F0:s7->s8,pp_message,forward,0,-1,7,8,120,136,7,8,-1,p2p,4712346,0,0,4712346,0,,,2523172342,2527884688,rank120:F0,0,1785477744808618037,1785477747331790379,1785477747336502725
55,rank136:F0,compute,forward,0,136,8,8,136,136,8,8,0,warmup,315232025,315232025,0,0,0,1.7854777473599933e+18,1.7854777476752253e+18,2527884688,2843116713,lane8:F0:s7->s8,2527884688,1785477744808618037,1785477747336502725,1785477747651734750
55,lane8:F3:s4->s5,pp_message,forward,3,-1,4,8,72,88,4,5,-1,p2p,4712346,0,0,4712346,0,,,2595586320,2600298666,rank72:F3,0,1785477744808618037,1785477747404204357,1785477747408916703
55,lane8:F2:s5->s6,pp_message,forward,2,-1,5,8,88,104,5,6,-1,p2p,4712346,0,0,4712346,0,,,2708295549,2713007895,rank88:F2,0,1785477744808618037,1785477747516913586,1785477747521625932
55,lane8:F1:s6->s7,pp_message,forward,1,-1,6,8,104,120,6,7,-1,p2p,4712346,0,0,4712346,0,,,2711058983,2715771329,rank104:F1,0,1785477744808618037,1785477747519677020,1785477747524389366
55,rank88:F3,compute,forward,3,88,5,8,88,88,5,5,3,warmup,311661685,311661685,0,0,0,1.7854777475645105e+18,1.785477747876172e+18,2713007895,3024669580,lane8:F2:s5->s6,4712346,1785477744808618037,1785477747521625932,1785477747833287617
55,rank104:F2,compute,forward,2,104,6,8,104,104,6,6,2,warmup,330141084,330141084,0,0,0,1.785477747556524e+18,1.785477747886665e+18,2715771329,3045912413,lane8:F1:s6->s7,4712346,1785477744808618037,1785477747524389366,1785477747854530450
55,rank120:F1,compute,forward,1,120,7,8,120,120,7,7,1,warmup,311363741,311363741,0,0,0,1.7854777475512868e+18,1.7854777478626506e+18,2715771329,3027135070,lane8:F1:s6->s7,192598987,1785477744808618037,1785477747524389366,1785477747835753107
55,lane8:F0:s8->s9,pp_message,forward,0,-1,8,8,136,152,8,9,-1,p2p,4712346,0,0,4712346,0,,,2843116713,2847829059,rank136:F0,0,1785477744808618037,1785477747651734750,1785477747656447096
55,rank152:F0,compute,forward,0,152,9,8,152,152,9,9,0,warmup,322472970,322472970,0,0,0,1.785477747680492e+18,1.785477748002965e+18,2847829059,3170302029,lane8:F0:s8->s9,2847829059,1785477744808618037,1785477747656447096,1785477747978920066
55,lane8:F3:s5->s6,pp_message,forward,3,-1,5,8,88,104,5,6,-1,p2p,4712346,0,0,4712346,0,,,3024669580,3029381926,rank88:F3,0,1785477744808618037,1785477747833287617,1785477747837999963
55,lane8:F1:s7->s8,pp_message,forward,1,-1,7,8,120,136,7,8,-1,p2p,4712346,0,0,4712346,0,,,3027135070,3031847416,rank120:F1,0,1785477744808618037,1785477747835753107,1785477747840465453
55,rank136:F1,compute,forward,1,136,8,8,136,136,8,8,1,warmup,316707529,316707529,0,0,0,1.7854777478678392e+18,1.7854777481845468e+18,3031847416,3348554945,lane8:F1:s7->s8,188730703,1785477744808618037,1785477747840465453,1785477748157172982
55,lane8:F2:s6->s7,pp_message,forward,2,-1,6,8,104,120,6,7,-1,p2p,4712346,0,0,4712346,0,,,3045912413,3050624759,rank104:F2,0,1785477744808618037,1785477747854530450,1785477747859242796
55,rank104:F3,compute,forward,3,104,6,8,104,104,6,6,3,warmup,314474790,314474790,0,0,0,1.7854777478969487e+18,1.7854777482114235e+18,3050624759,3365099549,lane8:F2:s6->s7,4712346,1785477744808618037,1785477747859242796,1785477748173717586
55,rank120:F2,compute,forward,2,120,7,8,120,120,7,7,2,warmup,309623602,309623602,0,0,0,1.785477747891804e+18,1.7854777482014275e+18,3050624759,3360248361,lane8:F2:s6->s7,23489689,1785477744808618037,1785477747859242796,1785477748168866398
55,lane8:F0:s9->s10,pp_message,forward,0,-1,9,8,152,168,9,10,-1,p2p,4712346,0,0,4712346,0,,,3170302029,3175014375,rank152:F0,0,1785477744808618037,1785477747978920066,1785477747983632412
55,rank168:F0,compute,forward,0,168,10,8,168,168,10,10,0,warmup,313384467,313384467,0,0,0,1.7854777480082307e+18,1.785477748321615e+18,3175014375,3488398842,lane8:F0:s9->s10,3175014375,1785477744808618037,1785477747983632412,1785477748297016879
55,lane8:F1:s8->s9,pp_message,forward,1,-1,8,8,136,152,8,9,-1,p2p,4712346,0,0,4712346,0,,,3348554945,3353267291,rank136:F1,0,1785477744808618037,1785477748157172982,1785477748161885328
55,rank152:F1,compute,forward,1,152,9,8,152,152,9,9,1,warmup,317513786,317513786,0,0,0,1.785477748189651e+18,1.7854777485071647e+18,3353267291,3670781077,lane8:F1:s8->s9,182965262,1785477744808618037,1785477748161885328,1785477748479399114
55,lane8:F2:s7->s8,pp_message,forward,2,-1,7,8,120,136,7,8,-1,p2p,4712346,0,0,4712346,0,,,3360248361,3364960707,rank120:F2,0,1785477744808618037,1785477748168866398,1785477748173578744
55,rank136:F2,compute,forward,2,136,8,8,136,136,8,8,2,warmup,311425079,311425079,0,0,0,1.7854777482066038e+18,1.785477748518029e+18,3364960707,3676385786,lane8:F2:s7->s8,16405762,1785477744808618037,1785477748173578744,1785477748485003823
55,lane8:F3:s6->s7,pp_message,forward,3,-1,6,8,104,120,6,7,-1,p2p,4712346,0,0,4712346,0,,,3365099549,3369811895,rank104:F3,0,1785477744808618037,1785477748173717586,1785477748178429932
55,rank120:F3,compute,forward,3,120,7,8,120,120,7,7,3,warmup,309552772,309552772,0,0,0,1.7854777482165524e+18,1.7854777485261053e+18,3369811895,3679364667,lane8:F3:s6->s7,9563534,1785477744808618037,1785477748178429932,1785477748487982704
55,lane8:F0:s10->s11,pp_message,forward,0,-1,10,8,168,184,10,11,-1,p2p,4712346,0,0,4712346,0,,,3488398842,3493111188,rank168:F0,0,1785477744808618037,1785477748297016879,1785477748301729225
55,rank184:F0,compute,forward,0,184,11,8,184,184,11,11,0,warmup,313093723,313093723,0,0,0,1.7854777483271777e+18,1.7854777486402714e+18,3493111188,3806204911,lane8:F0:s10->s11,3493111188,1785477744808618037,1785477748301729225,1785477748614822948
55,lane8:F1:s9->s10,pp_message,forward,1,-1,9,8,152,168,9,10,-1,p2p,4712346,0,0,4712346,0,,,3670781077,3675493423,rank152:F1,0,1785477744808618037,1785477748479399114,1785477748484111460
55,rank168:F1,compute,forward,1,168,10,8,168,168,10,10,1,warmup,310926631,310926631,0,0,0,1.7854777485121823e+18,1.7854777488231089e+18,3675493423,3986420054,lane8:F1:s9->s10,187094581,1785477744808618037,1785477748484111460,1785477748795038091
55,lane8:F2:s8->s9,pp_message,forward,2,-1,8,8,136,152,8,9,-1,p2p,4712346,0,0,4712346,0,,,3676385786,3681098132,rank136:F2,0,1785477744808618037,1785477748485003823,1785477748489716169
55,lane8:F3:s7->s8,pp_message,forward,3,-1,7,8,120,136,7,8,-1,p2p,4712346,0,0,4712346,0,,,3679364667,3684077013,rank120:F3,0,1785477744808618037,1785477748487982704,1785477748492695050
55,rank152:F2,compute,forward,2,152,9,8,152,152,9,9,2,warmup,316785830,316785830,0,0,0,1.785477748523111e+18,1.7854777488398968e+18,3681098132,3997883962,lane8:F2:s8->s9,10317055,1785477744808618037,1785477748489716169,1785477748806501999
55,rank136:F3,compute,forward,3,136,8,8,136,136,8,8,3,warmup,309845819,309845819,0,0,0,1.785477748531221e+18,1.785477748841067e+18,3684077013,3993922832,lane8:F3:s7->s8,7691227,1785477744808618037,1785477748492695050,1785477748802540869
55,lane8:F0:s11->s12,pp_message,forward,0,-1,11,8,184,200,11,12,-1,p2p,4712346,0,0,4712346,0,,,3806204911,3810917257,rank184:F0,0,1785477744808618037,1785477748614822948,1785477748619535294
55,rank200:F0,compute,forward,0,200,12,8,200,200,12,12,0,warmup,311522497,311522497,0,0,0,1.7854777486467328e+18,1.785477748958255e+18,3810917257,4122439754,lane8:F0:s11->s12,3810917257,1785477744808618037,1785477748619535294,1785477748931057791
55,lane8:F1:s10->s11,pp_message,forward,1,-1,10,8,168,184,10,11,-1,p2p,4712346,0,0,4712346,0,,,3986420054,3991132400,rank168:F1,0,1785477744808618037,1785477748795038091,1785477748799750437
55,rank184:F1,compute,forward,1,184,11,8,184,184,11,11,1,warmup,308604140,308604140,0,0,0,1.7854777488281556e+18,1.7854777491367598e+18,3991132400,4299736540,lane8:F1:s10->s11,184927489,1785477744808618037,1785477748799750437,1785477749108354577
55,lane8:F3:s8->s9,pp_message,forward,3,-1,8,8,136,152,8,9,-1,p2p,4712346,0,0,4712346,0,,,3993922832,3998635178,rank136:F3,0,1785477744808618037,1785477748802540869,1785477748807253215
55,lane8:F2:s9->s10,pp_message,forward,2,-1,9,8,152,168,9,10,-1,p2p,4712346,0,0,4712346,0,,,3997883962,4002596308,rank152:F2,0,1785477744808618037,1785477748806501999,1785477748811214345
55,rank152:F3,compute,forward,3,152,9,8,152,152,9,9,3,warmup,318944815,318944815,0,0,0,1.7854777488498893e+18,1.7854777491688343e+18,4002596308,4321541123,lane8:F2:s9->s10,4712346,1785477744808618037,1785477748811214345,1785477749130159160
55,rank168:F2,compute,forward,2,168,10,8,168,168,10,10,2,warmup,310170131,310170131,0,0,0,1.7854777488449247e+18,1.7854777491550948e+18,4002596308,4312766439,lane8:F2:s9->s10,16176254,1785477744808618037,1785477748811214345,1785477749121384476
55,lane8:F0:s12->s13,pp_message,forward,0,-1,12,8,200,216,12,13,-1,p2p,4712346,0,0,4712346,0,,,4122439754,4127152100,rank200:F0,0,1785477744808618037,1785477748931057791,1785477748935770137
55,rank216:F0,compute,forward,0,216,13,8,216,216,13,13,0,warmup,315133033,315133033,0,0,0,1.785477748964291e+18,1.785477749279424e+18,4127152100,4442285133,lane8:F0:s12->s13,4127152100,1785477744808618037,1785477748935770137,1785477749250903170
55,lane8:F1:s11->s12,pp_message,forward,1,-1,11,8,184,200,11,12,-1,p2p,4712346,0,0,4712346,0,,,4299736540,4304448886,rank184:F1,0,1785477744808618037,1785477749108354577,1785477749113066923
55,rank200:F1,compute,forward,1,200,12,8,200,200,12,12,1,warmup,307892110,307892110,0,0,0,1.7854777491419814e+18,1.7854777494498737e+18,4304448886,4612340996,lane8:F1:s11->s12,182009132,1785477744808618037,1785477749113066923,1785477749420959033
55,lane8:F2:s10->s11,pp_message,forward,2,-1,10,8,168,184,10,11,-1,p2p,4712346,0,0,4712346,0,,,4312766439,4317478785,rank168:F2,0,1785477744808618037,1785477749121384476,1785477749126096822
55,rank184:F2,compute,forward,2,184,11,8,184,184,11,11,2,warmup,306199666,306199666,0,0,0,1.7854777491601213e+18,1.7854777494663212e+18,4317478785,4623678451,lane8:F2:s10->s11,17742245,1785477744808618037,1785477749126096822,1785477749432296488
55,lane8:F3:s9->s10,pp_message,forward,3,-1,9,8,152,168,9,10,-1,p2p,4712346,0,0,4712346,0,,,4321541123,4326253469,rank152:F3,0,1785477744808618037,1785477749130159160,1785477749134871506
55,rank168:F3,compute,forward,3,168,10,8,168,168,10,10,3,warmup,454916700,454916700,0,0,0,1.785477749173841e+18,1.7854777496287575e+18,4326253469,4781170169,lane8:F3:s9->s10,13487030,1785477744808618037,1785477749134871506,1785477749589788206
55,lane8:F0:s13->s14,pp_message,forward,0,-1,13,8,216,232,13,14,-1,p2p,4712346,0,0,4712346,0,,,4442285133,4446997479,rank216:F0,0,1785477744808618037,1785477749250903170,1785477749255615516
55,rank232:F0,compute,forward,0,232,14,8,232,232,14,14,0,warmup,322067593,322067593,0,0,0,1.7854777492851738e+18,1.7854777496072412e+18,4446997479,4769065072,lane8:F0:s13->s14,4446997479,1785477744808618037,1785477749255615516,1785477749577683109
55,lane8:F1:s12->s13,pp_message,forward,1,-1,12,8,200,216,12,13,-1,p2p,4712346,0,0,4712346,0,,,4612340996,4617053342,rank200:F1,0,1785477744808618037,1785477749420959033,1785477749425671379
55,rank216:F1,compute,forward,1,216,13,8,216,216,13,13,1,warmup,460699296,460699296,0,0,0,1.7854777494550354e+18,1.7854777499157348e+18,4617053342,5077752638,lane8:F1:s12->s13,174768209,1785477744808618037,1785477749425671379,1785477749886370675
55,lane8:F2:s11->s12,pp_message,forward,2,-1,11,8,184,200,11,12,-1,p2p,4712346,0,0,4712346,0,,,4623678451,4628390797,rank184:F2,0,1785477744808618037,1785477749432296488,1785477749437008834
55,rank200:F2,compute,forward,2,200,12,8,200,200,12,12,2,warmup,308190260,308190260,0,0,0,1.7854777494715274e+18,1.7854777497797176e+18,4628390797,4936581057,lane8:F2:s11->s12,16049801,1785477744808618037,1785477749437008834,1785477749745199094
55,lane8:F0:s14->s15,pp_message,forward,0,-1,14,8,232,248,14,15,-1,p2p,4712346,0,0,4712346,0,,,4769065072,4773777418,rank232:F0,0,1785477744808618037,1785477749577683109,1785477749582395455
55,rank248:F0,compute,forward,0,248,15,8,248,248,15,15,0,steady,195672471,195672471,0,0,0,1.7854777496135032e+18,1.7854777498091758e+18,4773777418,4969449889,lane8:F0:s14->s15,4773777418,1785477744808618037,1785477749582395455,1785477749778067926
55,lane8:F3:s10->s11,pp_message,forward,3,-1,10,8,168,184,10,11,-1,p2p,4712346,0,0,4712346,0,,,4781170169,4785882515,rank168:F3,0,1785477744808618037,1785477749589788206,1785477749594500552
55,rank184:F3,compute,forward,3,184,11,8,184,184,11,11,3,warmup,307078993,307078993,0,0,0,1.7854777496338537e+18,1.7854777499409326e+18,4785882515,5092961508,lane8:F3:s10->s11,162204064,1785477744808618037,1785477749594500552,1785477749901579545
55,lane8:F2:s12->s13,pp_message,forward,2,-1,12,8,200,216,12,13,-1,p2p,4712346,0,0,4712346,0,,,4936581057,4941293403,rank200:F2,0,1785477744808618037,1785477749745199094,1785477749749911440
55,rank248:B0,compute,backward,0,248,15,8,248,248,15,15,1,steady,388389815,388389815,0,0,0,1.7854777498093425e+18,1.7854777501977324e+18,4969449889,5357839704,rank248:F0,0,1785477744808618037,1785477749778067926,1785477750166457741
55,lane8:F1:s13->s14,pp_message,forward,1,-1,13,8,216,232,13,14,-1,p2p,4712346,0,0,4712346,0,,,5077752638,5082464984,rank216:F1,0,1785477744808618037,1785477749886370675,1785477749891083021
55,rank216:F2,compute,forward,2,216,13,8,216,216,13,13,2,steady,310437863,310437863,0,0,0,1.7854777499261123e+18,1.78547775023655e+18,5082464984,5392902847,lane8:F1:s13->s14,4712346,1785477744808618037,1785477749891083021,1785477750201520884
55,rank232:F1,compute,forward,1,232,14,8,232,232,14,14,1,steady,312710815,312710815,0,0,0,1.785477749920848e+18,1.7854777502335588e+18,5082464984,5395175799,lane8:F1:s13->s14,313399912,1785477744808618037,1785477749891083021,1785477750203793836
55,lane8:F3:s11->s12,pp_message,forward,3,-1,11,8,184,200,11,12,-1,p2p,4712346,0,0,4712346,0,,,5092961508,5097673854,rank184:F3,0,1785477744808618037,1785477749901579545,1785477749906291891
55,rank200:F3,compute,forward,3,200,12,8,200,200,12,12,3,steady,308257959,308257959,0,0,0,1.7854777499461583e+18,1.7854777502544164e+18,5097673854,5405931813,lane8:F3:s11->s12,161092797,1785477744808618037,1785477749906291891,1785477750214549850
55,lane8:B0:s15->s14,pp_message,backward,0,-1,15,8,248,232,15,14,-1,p2p,98176190,0,0,4712346,93463844,,,5357839704,5456015894,rank248:B0,0,1785477744808618037,1785477750166457741,1785477750264633931
55,lane8:F2:s13->s14,pp_message,forward,2,-1,13,8,216,232,13,14,-1,p2p,4712346,0,0,4712346,0,,,5392902847,5397615193,rank216:F2,0,1785477744808618037,1785477750201520884,1785477750206233230
55,lane8:F1:s14->s15,pp_message,forward,1,-1,14,8,232,248,14,15,-1,p2p,4712346,0,0,4712346,0,,,5395175799,5399888145,rank232:F1,0,1785477744808618037,1785477750203793836,1785477750208506182
55,lane8:F3:s12->s13,pp_message,forward,3,-1,12,8,200,216,12,13,-1,p2p,4712346,0,0,4712346,0,,,5405931813,5410644159,rank200:F3,0,1785477744808618037,1785477750214549850,1785477750219262196
55,rank232:B0,compute,backward,0,232,14,8,232,232,14,14,2,steady,678577680,678577680,0,0,0,1.785477750299754e+18,1.7854777509783316e+18,5456015894,6134593574,lane8:B0:s15->s14,60840095,1785477744808618037,1785477750264633931,1785477750943211611
55,rank248:F1,compute,forward,1,248,15,8,248,248,15,15,2,steady,189869329,189869329,0,0,0,1.7854777502996204e+18,1.7854777504894897e+18,5456015894,5645885223,lane8:B0:s15->s14,98176190,1785477744808618037,1785477750264633931,1785477750454503260
55,rank248:B1,compute,backward,1,248,15,8,248,248,15,15,3,steady,372575518,372575518,0,0,0,1.785477750489661e+18,1.7854777508622364e+18,5645885223,6018460741,rank248:F1,0,1785477744808618037,1785477750454503260,1785477750827078778
55,lane8:B1:s15->s14,pp_message,backward,1,-1,15,8,248,232,15,14,-1,p2p,98176190,0,0,4712346,93463844,,,6018460741,6116636931,rank248:B1,0,1785477744808618037,1785477750827078778,1785477750925254968
55,lane8:B0:s14->s13,pp_message,backward,0,-1,14,8,232,216,14,13,-1,p2p,98176190,0,0,4712346,93463844,,,6134593574,6232769764,rank232:B0,0,1785477744808618037,1785477750943211611,1785477751041387801
55,rank216:B0,compute,backward,0,216,13,8,216,216,13,13,3,steady,689843903,689843903,0,0,0,1.7854777510771963e+18,1.7854777517670403e+18,6232769764,6922613667,lane8:B0:s14->s13,839866917,1785477744808618037,1785477751041387801,1785477751731231704
55,rank232:F2,compute,forward,2,232,14,8,232,232,14,14,3,steady,319443809,319443809,0,0,0,1.7854777510768018e+18,1.7854777513962455e+18,6232769764,6552213573,lane8:B0:s14->s13,98176190,1785477744808618037,1785477751041387801,1785477751360831610
55,lane8:F2:s14->s15,pp_message,forward,2,-1,14,8,232,248,14,15,-1,p2p,4712346,0,0,4712346,0,,,6552213573,6556925919,rank232:F2,0,1785477744808618037,1785477751360831610,1785477751365543956
55,rank232:B1,compute,backward,1,232,14,8,232,232,14,14,4,steady,689843464,689843464,0,0,0,1.7854777514024463e+18,1.7854777520922898e+18,6556925919,7246769383,lane8:F2:s14->s15,4712346,1785477744808618037,1785477751365543956,1785477752055387420
55,rank248:F2,compute,forward,2,248,15,8,248,248,15,15,4,steady,192889558,192889558,0,0,0,1.7854777514024282e+18,1.7854777515953175e+18,6556925919,6749815477,lane8:F2:s14->s15,538465178,1785477744808618037,1785477751365543956,1785477751558433514
55,rank248:B2,compute,backward,2,248,15,8,248,248,15,15,5,steady,365939067,365939067,0,0,0,1.785477751595495e+18,1.7854777519614339e+18,6749815477,7115754544,rank248:F2,0,1785477744808618037,1785477751558433514,1785477751924372581
55,lane8:B0:s13->s12,pp_message,backward,0,-1,13,8,216,200,13,12,-1,p2p,98176190,0,0,4712346,93463844,,,6922613667,7020789857,rank216:B0,0,1785477744808618037,1785477751731231704,1785477751829407894
55,rank200:B0,compute,backward,0,200,12,8,200,200,12,12,4,steady,686360022,686360022,0,0,0,1.7854777518655933e+18,1.7854777525519534e+18,7020789857,7707149879,lane8:B0:s13->s12,1614858044,1785477744808618037,1785477751829407894,1785477752515767916
55,rank216:F3,compute,forward,3,216,13,8,216,216,13,13,4,steady,315630418,315630418,0,0,0,1.7854777518653445e+18,1.7854777521809748e+18,7020789857,7336420275,lane8:B0:s13->s12,98176190,1785477744808618037,1785477751829407894,1785477752145038312
55,lane8:B2:s15->s14,pp_message,backward,2,-1,15,8,248,232,15,14,-1,p2p,98176190,0,0,4712346,93463844,,,7115754544,7213930734,rank248:B2,0,1785477744808618037,1785477751924372581,1785477752022548771
55,lane8:B1:s14->s13,pp_message,backward,1,-1,14,8,232,216,14,13,-1,p2p,98176190,0,0,4712346,93463844,,,7246769383,7344945573,rank232:B1,0,1785477744808618037,1785477752055387420,1785477752153563610
55,lane8:F3:s13->s14,pp_message,forward,3,-1,13,8,216,232,13,14,-1,p2p,4712346,0,0,4712346,0,,,7336420275,7341132621,rank216:F3,0,1785477744808618037,1785477752145038312,1785477752149750658
55,rank216:B1,compute,backward,1,216,13,8,216,216,13,13,5,steady,698651406,698651406,0,0,0,1.785477752190433e+18,1.7854777528890844e+18,7344945573,8043596979,lane8:B1:s14->s13,8525298,1785477744808618037,1785477752153563610,1785477752852215016
55,rank232:F3,compute,forward,3,232,14,8,232,232,14,14,5,steady,328629571,328629571,0,0,0,1.7854777521903363e+18,1.7854777525189658e+18,7344945573,7673575144,lane8:B1:s14->s13,98176190,1785477744808618037,1785477752153563610,1785477752482193181
55,lane8:F3:s14->s15,pp_message,forward,3,-1,14,8,232,248,14,15,-1,p2p,4712346,0,0,4712346,0,,,7673575144,7678287490,rank232:F3,0,1785477744808618037,1785477752482193181,1785477752486905527
55,rank232:B2,compute,backward,2,232,14,8,232,232,14,14,6,steady,730196802,730196802,0,0,0,1.7854777525248794e+18,1.785477753255076e+18,7678287490,8408484292,lane8:F3:s14->s15,4712346,1785477744808618037,1785477752486905527,1785477753217102329
55,rank248:F3,compute,forward,3,248,15,8,248,248,15,15,6,steady,193305996,193305996,0,0,0,1.7854777525248225e+18,1.7854777527181284e+18,7678287490,7871593486,lane8:F3:s14->s15,562532946,1785477744808618037,1785477752486905527,1785477752680211523
55,lane8:B0:s12->s11,pp_message,backward,0,-1,12,8,200,184,12,11,-1,p2p,98176190,0,0,4712346,93463844,,,7707149879,7805326069,rank200:B0,0,1785477744808618037,1785477752515767916,1785477752613944106
55,rank184:B0,compute,backward,0,184,11,8,184,184,11,11,4,cooldown,677969714,677969714,0,0,0,1.7854777526491735e+18,1.7854777533271432e+18,7805326069,8483295783,lane8:B0:s12->s11,2712364561,1785477744808618037,1785477752613944106,1785477753291913820
55,rank248:B3,compute,backward,3,248,15,8,248,248,15,15,7,steady,365825261,365825261,0,0,0,1.7854777527183327e+18,1.785477753084158e+18,7871593486,8237418747,rank248:F3,0,1785477744808618037,1785477752680211523,1785477753046036784
55,lane8:B1:s13->s12,pp_message,backward,1,-1,13,8,216,200,13,12,-1,p2p,98176190,0,0,4712346,93463844,,,8043596979,8141773169,rank216:B1,0,1785477744808618037,1785477752852215016,1785477752950391206
55,rank200:B1,compute,backward,1,200,12,8,200,200,12,12,5,cooldown,683462299,683462299,0,0,0,1.7854777529874842e+18,1.7854777536709466e+18,8141773169,8825235468,lane8:B1:s13->s12,434623290,1785477744808618037,1785477752950391206,1785477753633853505
55,lane8:B3:s15->s14,pp_message,backward,3,-1,15,8,248,232,15,14,-1,p2p,98176190,0,0,4712346,93463844,,,8237418747,8335594937,rank248:B3,0,1785477744808618037,1785477753046036784,1785477753144212974
55,lane8:B2:s14->s13,pp_message,backward,2,-1,14,8,232,216,14,13,-1,p2p,98176190,0,0,4712346,93463844,,,8408484292,8506660482,rank232:B2,0,1785477744808618037,1785477753217102329,1785477753315278519
55,lane8:B0:s11->s10,pp_message,backward,0,-1,11,8,184,168,11,10,-1,p2p,98176190,0,0,4712346,93463844,,,8483295783,8581471973,rank184:B0,0,1785477744808618037,1785477753291913820,1785477753390090010
55,rank216:B2,compute,backward,2,216,13,8,216,216,13,13,6,cooldown,683326373,683326373,0,0,0,1.785477753348915e+18,1.7854777540322414e+18,8506660482,9189986855,lane8:B2:s14->s13,463063503,1785477744808618037,1785477753315278519,1785477753998604892
55,rank232:B3,compute,backward,3,232,14,8,232,232,14,14,7,cooldown,695404638,695404638,0,0,0,1.7854777533543434e+18,1.7854777540497482e+18,8506660482,9202065120,lane8:B2:s14->s13,98176190,1785477744808618037,1785477753315278519,1785477754010683157
55,rank168:B0,compute,backward,0,168,10,8,168,168,10,10,4,cooldown,686918153,686918153,0,0,0,1.7854777534260529e+18,1.785477754112971e+18,8581471973,9268390126,lane8:B0:s11->s10,3800301804,1785477744808618037,1785477753390090010,1785477754077008163
55,lane8:B1:s12->s11,pp_message,backward,1,-1,12,8,200,184,12,11,-1,p2p,98176190,0,0,4712346,93463844,,,8825235468,8923411658,rank200:B1,0,1785477744808618037,1785477753633853505,1785477753732029695
55,rank184:B1,compute,backward,1,184,11,8,184,184,11,11,5,cooldown,676430575,676430575,0,0,0,1.785477753768884e+18,1.7854777544453146e+18,8923411658,9599842233,lane8:B1:s12->s11,440115875,1785477744808618037,1785477753732029695,1785477754408460270
55,lane8:B2:s13->s12,pp_message,backward,2,-1,13,8,216,200,13,12,-1,p2p,98176190,0,0,4712346,93463844,,,9189986855,9288163045,rank216:B2,0,1785477744808618037,1785477753998604892,1785477754096781082
55,lane8:B3:s14->s13,pp_message,backward,3,-1,14,8,232,216,14,13,-1,p2p,98176190,0,0,4712346,93463844,,,9202065120,9300241310,rank232:B3,0,1785477744808618037,1785477754010683157,1785477754108859347
55,lane8:B0:s10->s9,pp_message,backward,0,-1,10,8,168,152,10,9,-1,p2p,98176190,0,0,4712346,93463844,,,9268390126,9366566316,rank168:B0,0,1785477744808618037,1785477754077008163,1785477754175184353
55,rank200:B2,compute,backward,2,200,12,8,200,200,12,12,6,cooldown,678314481,678314481,0,0,0,1.7854777541304466e+18,1.785477754808761e+18,9288163045,9966477526,lane8:B2:s13->s12,462927577,1785477744808618037,1785477754096781082,1785477754775095563
55,rank216:B3,compute,backward,3,216,13,8,216,216,13,13,7,cooldown,682773520,682773520,0,0,0,1.7854777541481805e+18,1.785477754830954e+18,9300241310,9983014830,lane8:B3:s14->s13,110254455,1785477744808618037,1785477754108859347,1785477754791632867
55,rank152:B0,compute,backward,0,152,9,8,152,152,9,9,4,cooldown,708078085,708078085,0,0,0,1.785477754213206e+18,1.785477754921284e+18,9366566316,10074644401,lane8:B0:s10->s9,5045025193,1785477744808618037,1785477754175184353,1785477754883262438
55,lane8:B1:s11->s10,pp_message,backward,1,-1,11,8,184,168,11,10,-1,p2p,98176190,0,0,4712346,93463844,,,9599842233,9698018423,rank184:B1,0,1785477744808618037,1785477754408460270,1785477754506636460
55,rank168:B1,compute,backward,1,168,10,8,168,168,10,10,5,cooldown,683242301,683242301,0,0,0,1.7854777545452332e+18,1.7854777552284756e+18,9698018423,10381260724,lane8:B1:s11->s10,429628297,1785477744808618037,1785477754506636460,1785477755189878761
55,lane8:B2:s12->s11,pp_message,backward,2,-1,12,8,200,184,12,11,-1,p2p,98176190,0,0,4712346,93463844,,,9966477526,10064653716,rank200:B2,0,1785477744808618037,1785477754775095563,1785477754873271753
55,lane8:B3:s13->s12,pp_message,backward,3,-1,13,8,216,200,13,12,-1,p2p,98176190,0,0,4712346,93463844,,,9983014830,10081191020,rank216:B3,0,1785477744808618037,1785477754791632867,1785477754889809057
55,rank184:B2,compute,backward,2,184,11,8,184,184,11,11,6,cooldown,676762531,676762531,0,0,0,1.7854777549075612e+18,1.7854777555843236e+18,10064653716,10741416247,lane8:B2:s12->s11,464811483,1785477744808618037,1785477754873271753,1785477755550034284
55,lane8:B0:s9->s8,pp_message,backward,0,-1,9,8,152,136,9,8,-1,p2p,98176190,0,0,4712346,93463844,,,10074644401,10172820591,rank152:B0,0,1785477744808618037,1785477754883262438,1785477754981438628
55,rank200:B3,compute,backward,3,200,12,8,200,200,12,12,7,cooldown,675390725,675390725,0,0,0,1.7854777549291922e+18,1.785477755604583e+18,10081191020,10756581745,lane8:B3:s13->s12,114713494,1785477744808618037,1785477754889809057,1785477755565199782
55,rank136:B0,compute,backward,0,136,8,8,136,136,8,8,4,cooldown,719519095,719519095,0,0,0,1.78547775502065e+18,1.785477755740169e+18,10172820591,10892339686,lane8:B0:s9->s8,6178897759,1785477744808618037,1785477754981438628,1785477755700957723
55,lane8:B1:s10->s9,pp_message,backward,1,-1,10,8,168,152,10,9,-1,p2p,98176190,0,0,4712346,93463844,,,10381260724,10479436914,rank168:B1,0,1785477744808618037,1785477755189878761,1785477755288054951
55,rank152:B1,compute,backward,1,152,9,8,152,152,9,9,5,cooldown,713925801,713925801,0,0,0,1.785477755326579e+18,1.7854777560405048e+18,10479436914,11193362715,lane8:B1:s10->s9,404792513,1785477744808618037,1785477755288054951,1785477756001980752
55,lane8:B2:s11->s10,pp_message,backward,2,-1,11,8,184,168,11,10,-1,p2p,98176190,0,0,4712346,93463844,,,10741416247,10839592437,rank184:B2,0,1785477744808618037,1785477755550034284,1785477755648210474
55,lane8:B3:s12->s11,pp_message,backward,3,-1,12,8,200,184,12,11,-1,p2p,98176190,0,0,4712346,93463844,,,10756581745,10854757935,rank200:B3,0,1785477744808618037,1785477755565199782,1785477755663375972
55,rank168:B2,compute,backward,2,168,10,8,168,168,10,10,6,cooldown,683406373,683406373,0,0,0,1.7854777556822282e+18,1.7854777563656346e+18,10839592437,11522998810,lane8:B2:s11->s10,458331713,1785477744808618037,1785477755648210474,1785477756331616847
55,rank184:B3,compute,backward,3,184,11,8,184,184,11,11,7,cooldown,684755615,684755615,0,0,0,1.7854777557036314e+18,1.785477756388387e+18,10854757935,11539513550,lane8:B3:s12->s11,113341688,1785477744808618037,1785477755663375972,1785477756348131587
55,lane8:B0:s8->s7,pp_message,backward,0,-1,8,8,136,120,8,7,-1,p2p,98176190,0,0,4712346,93463844,,,10892339686,10990515876,rank136:B0,0,1785477744808618037,1785477755700957723,1785477755799133913
55,rank120:B0,compute,backward,0,120,7,8,120,120,7,7,4,cooldown,685251053,685251053,0,0,0,1.785477755838812e+18,1.785477756524063e+18,10990515876,11675766929,lane8:B0:s8->s7,7311151209,1785477744808618037,1785477755799133913,1785477756484384966
55,lane8:B1:s9->s8,pp_message,backward,1,-1,9,8,152,136,9,8,-1,p2p,98176190,0,0,4712346,93463844,,,11193362715,11291538905,rank152:B1,0,1785477744808618037,1785477756001980752,1785477756100156942
55,rank136:B1,compute,backward,1,136,8,8,136,136,8,8,5,cooldown,712342357,712342357,0,0,0,1.7854777561394056e+18,1.7854777568517478e+18,11291538905,12003881262,lane8:B1:s9->s8,399199219,1785477744808618037,1785477756100156942,1785477756812499299
55,lane8:B2:s10->s9,pp_message,backward,2,-1,10,8,168,152,10,9,-1,p2p,98176190,0,0,4712346,93463844,,,11522998810,11621175000,rank168:B2,0,1785477744808618037,1785477756331616847,1785477756429793037
55,lane8:B3:s11->s10,pp_message,backward,3,-1,11,8,184,168,11,10,-1,p2p,98176190,0,0,4712346,93463844,,,11539513550,11637689740,rank184:B3,0,1785477744808618037,1785477756348131587,1785477756446307777
55,rank152:B2,compute,backward,2,152,9,8,152,152,9,9,6,cooldown,703139032,703139032,0,0,0,1.785477756464477e+18,1.785477757167616e+18,11621175000,12324314032,lane8:B2:s10->s9,427812285,1785477744808618037,1785477756429793037,1785477757132932069
55,rank168:B3,compute,backward,3,168,10,8,168,168,10,10,7,cooldown,683734238,683734238,0,0,0,1.7854777564867638e+18,1.785477757170498e+18,11637689740,12321423978,lane8:B3:s11->s10,114690930,1785477744808618037,1785477756446307777,1785477757130042015
55,lane8:B0:s7->s6,pp_message,backward,0,-1,7,8,120,104,7,6,-1,p2p,98176190,0,0,4712346,93463844,,,11675766929,11773943119,rank120:B0,0,1785477744808618037,1785477756484384966,1785477756582561156
55,rank104:B0,compute,backward,0,104,6,8,104,104,6,6,4,cooldown,697132620,697132620,0,0,0,1.7854777566227238e+18,1.7854777573198564e+18,11773943119,12471075739,lane8:B0:s7->s6,8408843570,1785477744808618037,1785477756582561156,1785477757279693776
55,lane8:B1:s8->s7,pp_message,backward,1,-1,8,8,136,120,8,7,-1,p2p,98176190,0,0,4712346,93463844,,,12003881262,12102057452,rank136:B1,0,1785477744808618037,1785477756812499299,1785477756910675489
55,rank120:B1,compute,backward,1,120,7,8,120,120,7,7,5,cooldown,687307453,687307453,0,0,0,1.7854777569505306e+18,1.7854777576378378e+18,12102057452,12789364905,lane8:B1:s8->s7,426290523,1785477744808618037,1785477756910675489,1785477757597982942
55,lane8:B3:s10->s9,pp_message,backward,3,-1,10,8,168,152,10,9,-1,p2p,98176190,0,0,4712346,93463844,,,12321423978,12419600168,rank168:B3,0,1785477744808618037,1785477757130042015,1785477757228218205
55,lane8:B2:s9->s8,pp_message,backward,2,-1,9,8,152,136,9,8,-1,p2p,98176190,0,0,4712346,93463844,,,12324314032,12422490222,rank152:B2,0,1785477744808618037,1785477757132932069,1785477757231108259
55,rank136:B2,compute,backward,2,136,8,8,136,136,8,8,6,cooldown,694306805,694306805,0,0,0,1.785477757265909e+18,1.7854777579602158e+18,12422490222,13116797027,lane8:B2:s9->s8,418608960,1785477744808618037,1785477757231108259,1785477757925415064
55,rank152:B3,compute,backward,3,152,9,8,152,152,9,9,7,cooldown,717898630,717898630,0,0,0,1.785477757270965e+18,1.7854777579888637e+18,12422490222,13140388852,lane8:B2:s9->s8,98176190,1785477744808618037,1785477757231108259,1785477757949006889
55,lane8:B0:s6->s5,pp_message,backward,0,-1,6,8,104,88,6,5,-1,p2p,98176190,0,0,4712346,93463844,,,12471075739,12569251929,rank104:B0,0,1785477744808618037,1785477757279693776,1785477757377869966
55,rank88:B0,compute,backward,0,88,5,8,88,88,5,5,4,cooldown,690042024,690042024,0,0,0,1.7854777574192087e+18,1.7854777581092506e+18,12569251929,13259293953,lane8:B0:s6->s5,9544582349,1785477744808618037,1785477757377869966,1785477758067911990
55,lane8:B1:s7->s6,pp_message,backward,1,-1,7,8,120,104,7,6,-1,p2p,98176190,0,0,4712346,93463844,,,12789364905,12887541095,rank120:B1,0,1785477744808618037,1785477757597982942,1785477757696159132
55,rank104:B1,compute,backward,1,104,6,8,104,104,6,6,5,cooldown,693117460,693117460,0,0,0,1.7854777577364173e+18,1.7854777584295347e+18,12887541095,13580658555,lane8:B1:s7->s6,416465356,1785477744808618037,1785477757696159132,1785477758389276592
55,lane8:B2:s8->s7,pp_message,backward,2,-1,8,8,136,120,8,7,-1,p2p,98176190,0,0,4712346,93463844,,,13116797027,13214973217,rank136:B2,0,1785477744808618037,1785477757925415064,1785477758023591254
55,lane8:B3:s9->s8,pp_message,backward,3,-1,9,8,152,136,9,8,-1,p2p,98176190,0,0,4712346,93463844,,,13140388852,13238565042,rank152:B3,0,1785477744808618037,1785477757949006889,1785477758047183079
55,rank120:B2,compute,backward,2,120,7,8,120,120,7,7,6,cooldown,686647027,686647027,0,0,0,1.7854777580585897e+18,1.7854777587452367e+18,13214973217,13901620244,lane8:B2:s8->s7,425608312,1785477744808618037,1785477758023591254,1785477758710238281
55,rank136:B3,compute,backward,3,136,8,8,136,136,8,8,7,cooldown,719433340,719433340,0,0,0,1.7854777580897446e+18,1.7854777588091779e+18,13238565042,13957998382,lane8:B3:s9->s8,121768015,1785477744808618037,1785477758047183079,1785477758766616419
55,lane8:B0:s5->s4,pp_message,backward,0,-1,5,8,88,72,5,4,-1,p2p,98176190,0,0,4712346,93463844,,,13259293953,13357470143,rank88:B0,0,1785477744808618037,1785477758067911990,1785477758166088180
55,rank72:B0,compute,backward,0,72,4,8,72,72,4,4,4,cooldown,700985895,700985895,0,0,0,1.78547775820901e+18,1.7854777589099958e+18,13357470143,14058456038,lane8:B0:s5->s4,10761883823,1785477744808618037,1785477758166088180,1785477758867074075
55,lane8:B1:s6->s5,pp_message,backward,1,-1,6,8,104,88,6,5,-1,p2p,98176190,0,0,4712346,93463844,,,13580658555,13678834745,rank104:B1,0,1785477744808618037,1785477758389276592,1785477758487452782
55,rank88:B1,compute,backward,1,88,5,8,88,88,5,5,5,cooldown,687471809,687471809,0,0,0,1.7854777585286866e+18,1.7854777592161582e+18,13678834745,14366306554,lane8:B1:s6->s5,419540792,1785477744808618037,1785477758487452782,1785477759174924591
55,lane8:B2:s7->s6,pp_message,backward,2,-1,7,8,120,104,7,6,-1,p2p,98176190,0,0,4712346,93463844,,,13901620244,13999796434,rank120:B2,0,1785477744808618037,1785477758710238281,1785477758808414471
55,lane8:B3:s8->s7,pp_message,backward,3,-1,8,8,136,120,8,7,-1,p2p,98176190,0,0,4712346,93463844,,,13957998382,14056174572,rank136:B3,0,1785477744808618037,1785477758766616419,1785477758864792609
55,rank104:B2,compute,backward,2,104,6,8,104,104,6,6,6,cooldown,694556842,694556842,0,0,0,1.785477758843176e+18,1.7854777595377329e+18,13999796434,14694353276,lane8:B2:s7->s6,419137879,1785477744808618037,1785477758808414471,1785477759502971313
55,rank120:B3,compute,backward,3,120,7,8,120,120,7,7,7,cooldown,681120002,681120002,0,0,0,1.7854777589068733e+18,1.7854777595879933e+18,14056174572,14737294574,lane8:B3:s8->s7,154554328,1785477744808618037,1785477758864792609,1785477759545912611
55,lane8:B0:s4->s3,pp_message,backward,0,-1,4,8,72,56,4,3,-1,p2p,98176190,0,0,4712346,93463844,,,14058456038,14156632228,rank72:B0,0,1785477744808618037,1785477758867074075,1785477758965250265
55,rank56:B0,compute,backward,0,56,3,8,56,56,3,3,4,cooldown,724578053,724578053,0,0,0,1.785477759009333e+18,1.785477759733911e+18,14156632228,14881210281,lane8:B0:s4->s3,11894856426,1785477744808618037,1785477758965250265,1785477759689828318
55,lane8:B1:s5->s4,pp_message,backward,1,-1,5,8,88,72,5,4,-1,p2p,98176190,0,0,4712346,93463844,,,14366306554,14464482744,rank88:B1,0,1785477744808618037,1785477759174924591,1785477759273100781
55,rank72:B1,compute,backward,1,72,4,8,72,72,4,4,5,cooldown,698568231,698568231,0,0,0,1.7854777593155564e+18,1.7854777600141245e+18,14464482744,15163050975,lane8:B1:s5->s4,406026706,1785477744808618037,1785477759273100781,1785477759971669012
55,lane8:B2:s6->s5,pp_message,backward,2,-1,6,8,104,88,6,5,-1,p2p,98176190,0,0,4712346,93463844,,,14694353276,14792529466,rank104:B2,0,1785477744808618037,1785477759502971313,1785477759601147503
55,lane8:B3:s7->s6,pp_message,backward,3,-1,7,8,120,104,7,6,-1,p2p,98176190,0,0,4712346,93463844,,,14737294574,14835470764,rank120:B3,0,1785477744808618037,1785477759545912611,1785477759644088801
55,rank88:B2,compute,backward,2,88,5,8,88,88,5,5,6,cooldown,688900237,688900237,0,0,0,1.7854777596363139e+18,1.7854777603252142e+18,14792529466,15481429703,lane8:B2:s6->s5,426222912,1785477744808618037,1785477759601147503,1785477760290047740
55,rank104:B3,compute,backward,3,104,6,8,104,104,6,6,7,cooldown,694688068,694688068,0,0,0,1.78547775968824e+18,1.7854777603829281e+18,14835470764,15530158832,lane8:B3:s7->s6,141117488,1785477744808618037,1785477759644088801,1785477760338776869
55,lane8:B0:s3->s2,pp_message,backward,0,-1,3,8,56,40,3,2,-1,p2p,98176190,0,0,4712346,93463844,,,14881210281,14979386471,rank56:B0,0,1785477744808618037,1785477759689828318,1785477759788004508
55,rank40:B0,compute,backward,0,40,2,8,40,40,2,2,4,cooldown,705553705,705553705,0,0,0,1.7854777598328786e+18,1.7854777605384323e+18,14979386471,15684940176,lane8:B0:s3->s2,13144282647,1785477744808618037,1785477759788004508,1785477760493558213
55,lane8:B1:s4->s3,pp_message,backward,1,-1,4,8,72,56,4,3,-1,p2p,98176190,0,0,4712346,93463844,,,15163050975,15261227165,rank72:B1,0,1785477744808618037,1785477759971669012,1785477760069845202
55,rank56:B1,compute,backward,1,56,3,8,56,56,3,3,5,cooldown,699315369,699315369,0,0,0,1.785477760112274e+18,1.785477760811589e+18,15261227165,15960542534,lane8:B1:s4->s3,380016884,1785477744808618037,1785477760069845202,1785477760769160571
55,lane8:B2:s5->s4,pp_message,backward,2,-1,5,8,88,72,5,4,-1,p2p,98176190,0,0,4712346,93463844,,,15481429703,15579605893,rank88:B2,0,1785477744808618037,1785477760290047740,1785477760388223930
55,lane8:B3:s6->s5,pp_message,backward,3,-1,6,8,104,88,6,5,-1,p2p,98176190,0,0,4712346,93463844,,,15530158832,15628335022,rank104:B3,0,1785477744808618037,1785477760338776869,1785477760436953059
55,rank72:B2,compute,backward,2,72,4,8,72,72,4,4,6,cooldown,699585132,699585132,0,0,0,1.7854777604239844e+18,1.7854777611235694e+18,15579605893,16279191025,lane8:B2:s5->s4,416554918,1785477744808618037,1785477760388223930,1785477761087809062
55,rank88:B3,compute,backward,3,88,5,8,88,88,5,5,7,cooldown,687964034,687964034,0,0,0,1.7854777604821494e+18,1.7854777611701133e+18,15628335022,16316299056,lane8:B3:s6->s5,146905319,1785477744808618037,1785477760436953059,1785477761124917093
55,lane8:B0:s2->s1,pp_message,backward,0,-1,2,8,40,24,2,1,-1,p2p,98176190,0,0,4712346,93463844,,,15684940176,15783116366,rank40:B0,0,1785477744808618037,1785477760493558213,1785477760591734403
55,rank24:B0,compute,backward,0,24,1,8,24,24,1,1,4,cooldown,723411102,723411102,0,0,0,1.7854777606383224e+18,1.7854777613617336e+18,15783116366,16506527468,lane8:B0:s2->s1,14303509420,1785477744808618037,1785477760591734403,1785477761315145505
55,lane8:B1:s3->s2,pp_message,backward,1,-1,3,8,56,40,3,2,-1,p2p,98176190,0,0,4712346,93463844,,,15960542534,16058718724,rank56:B1,0,1785477744808618037,1785477760769160571,1785477760867336761
55,rank40:B1,compute,backward,1,40,2,8,40,40,2,2,5,cooldown,759496794,759496794,0,0,0,1.7854777609076234e+18,1.78547776166712e+18,16058718724,16818215518,lane8:B1:s3->s2,373778548,1785477744808618037,1785477760867336761,1785477761626833555
55,lane8:B2:s4->s3,pp_message,backward,2,-1,4,8,72,56,4,3,-1,p2p,98176190,0,0,4712346,93463844,,,16279191025,16377367215,rank72:B2,0,1785477744808618037,1785477761087809062,1785477761185985252
55,lane8:B3:s5->s4,pp_message,backward,3,-1,5,8,88,72,5,4,-1,p2p,98176190,0,0,4712346,93463844,,,16316299056,16414475246,rank88:B3,0,1785477744808618037,1785477761124917093,1785477761223093283
55,rank56:B2,compute,backward,2,56,3,8,56,56,3,3,6,cooldown,695495362,695495362,0,0,0,1.7854777612216466e+18,1.785477761917142e+18,16377367215,17072862577,lane8:B2:s4->s3,416824681,1785477744808618037,1785477761185985252,1785477761881480614
55,rank72:B3,compute,backward,3,72,4,8,72,72,4,4,7,cooldown,699468923,699468923,0,0,0,1.7854777612687936e+18,1.7854777619682624e+18,16414475246,17113944169,lane8:B3:s5->s4,135284221,1785477744808618037,1785477761223093283,1785477761922562206
55,lane8:B0:s1->s0,pp_message,backward,0,-1,1,8,24,8,1,0,-1,p2p,98176190,0,0,4712346,93463844,,,16506527468,16604703658,rank24:B0,0,1785477744808618037,1785477761315145505,1785477761413321695
55,rank8:B0,compute,backward,0,8,0,8,8,8,0,0,4,cooldown,409144296,409144296,0,0,0,1.7854777614613635e+18,1.7854777618705078e+18,16604703658,17013847954,lane8:B0:s1->s0,15953688921,1785477744808618037,1785477761413321695,1785477761822465991
55,lane8:B1:s2->s1,pp_message,backward,1,-1,2,8,40,24,2,1,-1,p2p,98176190,0,0,4712346,93463844,,,16818215518,16916391708,rank40:B1,0,1785477744808618037,1785477761626833555,1785477761725009745
55,rank24:B1,compute,backward,1,24,1,8,24,24,1,1,5,cooldown,726431631,726431631,0,0,0,1.7854777617658798e+18,1.7854777624923116e+18,16916391708,17642823339,lane8:B1:s2->s1,409864240,1785477744808618037,1785477761725009745,1785477762451441376
55,lane8:B2:s3->s2,pp_message,backward,2,-1,3,8,56,40,3,2,-1,p2p,98176190,0,0,4712346,93463844,,,17072862577,17171038767,rank56:B2,0,1785477744808618037,1785477761881480614,1785477761979656804
55,lane8:B3:s4->s3,pp_message,backward,3,-1,4,8,72,56,4,3,-1,p2p,98176190,0,0,4712346,93463844,,,17113944169,17212120359,rank72:B3,0,1785477744808618037,1785477761922562206,1785477762020738396
55,rank40:B2,compute,backward,2,40,2,8,40,40,2,2,6,cooldown,708930798,708930798,0,0,0,1.785477762013432e+18,1.7854777627223626e+18,17171038767,17879969565,lane8:B2:s3->s2,352823249,1785477744808618037,1785477761979656804,1785477762688587602
55,rank56:B3,compute,backward,3,56,3,8,56,56,3,3,7,cooldown,693326497,693326497,0,0,0,1.7854777620664617e+18,1.785477762759788e+18,17212120359,17905446856,lane8:B3:s4->s3,139257782,1785477744808618037,1785477762020738396,1785477762714064893
55,lane8:B1:s1->s0,pp_message,backward,1,-1,1,8,24,8,1,0,-1,p2p,98176190,0,0,4712346,93463844,,,17642823339,17740999529,rank24:B1,0,1785477744808618037,1785477762451441376,1785477762549617566
55,rank8:B1,compute,backward,1,8,0,8,8,8,0,0,5,cooldown,415586957,415586957,0,0,0,1.7854777625905823e+18,1.785477763006169e+18,17740999529,18156586486,lane8:B1:s1->s0,727151575,1785477744808618037,1785477762549617566,1785477762965204523
55,lane8:B2:s2->s1,pp_message,backward,2,-1,2,8,40,24,2,1,-1,p2p,98176190,0,0,4712346,93463844,,,17879969565,17978145755,rank40:B2,0,1785477744808618037,1785477762688587602,1785477762786763792
55,lane8:B3:s3->s2,pp_message,backward,3,-1,3,8,56,40,3,2,-1,p2p,98176190,0,0,4712346,93463844,,,17905446856,18003623046,rank56:B3,0,1785477744808618037,1785477762714064893,1785477762812241083
55,rank24:B2,compute,backward,2,24,1,8,24,24,1,1,6,cooldown,724674383,724674383,0,0,0,1.785477762820706e+18,1.7854777635453806e+18,17978145755,18702820138,lane8:B2:s2->s1,335322416,1785477744808618037,1785477762786763792,1785477763511438175
55,rank40:B3,compute,backward,3,40,2,8,40,40,2,2,7,cooldown,705443759,705443759,0,0,0,1.7854777628566912e+18,1.785477763562135e+18,18003623046,18709066805,lane8:B3:s3->s2,123653481,1785477744808618037,1785477762812241083,1785477763517684842
55,lane8:B2:s1->s0,pp_message,backward,2,-1,1,8,24,8,1,0,-1,p2p,98176190,0,0,4712346,93463844,,,18702820138,18800996328,rank24:B2,0,1785477744808618037,1785477763511438175,1785477763609614365
55,lane8:B3:s2->s1,pp_message,backward,3,-1,2,8,40,24,2,1,-1,p2p,98176190,0,0,4712346,93463844,,,18709066805,18807242995,rank40:B3,0,1785477744808618037,1785477763517684842,1785477763615861032
55,rank8:B2,compute,backward,2,8,0,8,8,8,0,0,6,cooldown,408752065,408752065,0,0,0,1.785477763644277e+18,1.785477764053029e+18,18800996328,19209748393,lane8:B2:s1->s0,644409842,1785477744808618037,1785477763609614365,1785477764018366430
55,rank24:B3,compute,backward,3,24,1,8,24,24,1,1,7,cooldown,728449381,728449381,0,0,0,1.7854777636603487e+18,1.7854777643887982e+18,18807242995,19535692376,lane8:B3:s2->s1,104422857,1785477744808618037,1785477763615861032,1785477764344310413
55,lane8:B3:s1->s0,pp_message,backward,3,-1,1,8,24,8,1,0,-1,p2p,98176190,0,0,4712346,93463844,,,19535692376,19633868566,rank24:B3,0,1785477744808618037,1785477764344310413,1785477764442486603
55,rank8:B3,compute,backward,3,8,0,8,8,8,0,0,7,cooldown,407749903,407749903,0,0,0,1.7854777644869837e+18,1.7854777648947336e+18,19633868566,20041618469,lane8:B3:s1->s0,424120173,1785477744808618037,1785477764442486603,1785477764850236506
55,rank9:F0,compute,forward,0,9,0,9,9,9,0,0,0,warmup,160585025,160585025,0,0,0,1.7854777448085906e+18,1.7854777449691756e+18,0,160585025,,0,1785477744808590481,1785477744808590481,1785477744969175506
55,lane9:F0:s0->s1,pp_message,forward,0,-1,0,9,9,25,0,1,-1,p2p,4712346,0,0,4712346,0,,,160585025,165297371,rank9:F0,0,1785477744808590481,1785477744969175506,1785477744973887852
55,rank25:F0,compute,forward,0,25,1,9,25,25,1,1,0,warmup,324038589,324038589,0,0,0,1.7854777449742953e+18,1.785477745298334e+18,165297371,489335960,lane9:F0:s0->s1,165297371,1785477744808590481,1785477744973887852,1785477745297926441
55,rank9:F1,compute,forward,1,9,0,9,9,9,0,0,1,warmup,158651416,158651416,0,0,0,1.7854777449742234e+18,1.7854777451328748e+18,165297371,323948787,lane9:F0:s0->s1,4712346,1785477744808590481,1785477744973887852,1785477745132539268
55,lane9:F1:s0->s1,pp_message,forward,1,-1,0,9,9,25,0,1,-1,p2p,4712346,0,0,4712346,0,,,323948787,328661133,rank9:F1,0,1785477744808590481,1785477745132539268,1785477745137251614
55,rank9:F2,compute,forward,2,9,0,9,9,9,0,0,2,warmup,157970854,157970854,0,0,0,1.7854777453089492e+18,1.7854777454669202e+18,328661133,486631987,lane9:F1:s0->s1,4712346,1785477744808590481,1785477745137251614,1785477745295222468
55,lane9:F2:s0->s1,pp_message,forward,2,-1,0,9,9,25,0,1,-1,p2p,4712346,0,0,4712346,0,,,486631987,491344333,rank9:F2,0,1785477744808590481,1785477745295222468,1785477745299934814
55,lane9:F0:s1->s2,pp_message,forward,0,-1,1,9,25,41,1,2,-1,p2p,4712346,0,0,4712346,0,,,489335960,494048306,rank25:F0,0,1785477744808590481,1785477745297926441,1785477745302638787
55,rank9:F3,compute,forward,3,9,0,9,9,9,0,0,3,warmup,177738215,177738215,0,0,0,1.785477745663587e+18,1.7854777458413253e+18,491344333,669082548,lane9:F2:s0->s1,4712346,1785477744808590481,1785477745299934814,1785477745477673029
55,rank25:F1,compute,forward,1,25,1,9,25,25,1,1,1,warmup,327408894,327408894,0,0,0,1.7854777453087283e+18,1.7854777456361372e+18,494048306,821457200,lane9:F0:s1->s2,4712346,1785477744808590481,1785477745302638787,1785477745630047681
55,rank41:F0,compute,forward,0,41,2,9,41,41,2,2,0,warmup,344019542,344019542,0,0,0,1.7854777453036608e+18,1.7854777456476803e+18,494048306,838067848,lane9:F0:s1->s2,494048306,1785477744808590481,1785477745302638787,1785477745646658329
55,lane9:F3:s0->s1,pp_message,forward,3,-1,0,9,9,25,0,1,-1,p2p,4712346,0,0,4712346,0,,,669082548,673794894,rank9:F3,0,1785477744808590481,1785477745477673029,1785477745482385375
55,lane9:F1:s1->s2,pp_message,forward,1,-1,1,9,25,41,1,2,-1,p2p,4712346,0,0,4712346,0,,,821457200,826169546,rank25:F1,0,1785477744808590481,1785477745630047681,1785477745634760027
55,rank25:F2,compute,forward,2,25,1,9,25,25,1,1,2,warmup,341978114,341978114,0,0,0,1.785477745663298e+18,1.7854777460052762e+18,826169546,1168147660,lane9:F1:s1->s2,4712346,1785477744808590481,1785477745634760027,1785477745976738141
55,lane9:F0:s2->s3,pp_message,forward,0,-1,2,9,41,57,2,3,-1,p2p,4712346,0,0,4712346,0,,,838067848,842780194,rank41:F0,0,1785477744808590481,1785477745646658329,1785477745651370675
55,rank41:F1,compute,forward,1,41,2,9,41,41,2,2,1,warmup,336601414,336601414,0,0,0,1.7854777456580037e+18,1.7854777459946053e+18,842780194,1179381608,lane9:F0:s2->s3,4712346,1785477744808590481,1785477745651370675,1785477745987972089
55,rank57:F0,compute,forward,0,57,3,9,57,57,3,3,0,warmup,407287929,407287929,0,0,0,1.7854777456529882e+18,1.785477746060276e+18,842780194,1250068123,lane9:F0:s2->s3,842780194,1785477744808590481,1785477745651370675,1785477746058658604
55,lane9:F2:s1->s2,pp_message,forward,2,-1,1,9,25,41,1,2,-1,p2p,4712346,0,0,4712346,0,,,1168147660,1172860006,rank25:F2,0,1785477744808590481,1785477745976738141,1785477745981450487
55,rank25:F3,compute,forward,3,25,1,9,25,25,1,1,3,warmup,326068781,326068781,0,0,0,1.785477746080957e+18,1.7854777464070257e+18,1172860006,1498928787,lane9:F2:s1->s2,4712346,1785477744808590481,1785477745981450487,1785477746307519268
55,lane9:F1:s2->s3,pp_message,forward,1,-1,2,9,41,57,2,3,-1,p2p,4712346,0,0,4712346,0,,,1179381608,1184093954,rank41:F1,0,1785477744808590481,1785477745987972089,1785477745992684435
55,rank41:F2,compute,forward,2,41,2,9,41,41,2,2,2,warmup,319990034,319990034,0,0,0,1.7854777460757716e+18,1.7854777463957617e+18,1184093954,1504083988,lane9:F1:s2->s3,4712346,1785477744808590481,1785477745992684435,1785477746312674469
55,lane9:F0:s3->s4,pp_message,forward,0,-1,3,9,57,73,3,4,-1,p2p,4712346,0,0,4712346,0,,,1250068123,1254780469,rank57:F0,0,1785477744808590481,1785477746058658604,1785477746063370950
55,rank57:F1,compute,forward,1,57,3,9,57,57,3,3,1,warmup,353044302,353044302,0,0,0,1.785477746070396e+18,1.7854777464234401e+18,1254780469,1607824771,lane9:F0:s3->s4,4712346,1785477744808590481,1785477746063370950,1785477746416415252
55,rank73:F0,compute,forward,0,73,4,9,73,73,4,4,0,warmup,318604590,318604590,0,0,0,1.7854777460655345e+18,1.785477746384139e+18,1254780469,1573385059,lane9:F0:s3->s4,1254780469,1785477744808590481,1785477746063370950,1785477746381975540
55,lane9:F3:s1->s2,pp_message,forward,3,-1,1,9,25,41,1,2,-1,p2p,4712346,0,0,4712346,0,,,1498928787,1503641133,rank25:F3,0,1785477744808590481,1785477746307519268,1785477746312231614
55,lane9:F2:s2->s3,pp_message,forward,2,-1,2,9,41,57,2,3,-1,p2p,4712346,0,0,4712346,0,,,1504083988,1508796334,rank41:F2,0,1785477744808590481,1785477746312674469,1785477746317386815
55,rank41:F3,compute,forward,3,41,2,9,41,41,2,2,3,warmup,347276601,347276601,0,0,0,1.7854777464388465e+18,1.785477746786123e+18,1508796334,1856072935,lane9:F2:s2->s3,4712346,1785477744808590481,1785477746317386815,1785477746664663416
55,lane9:F0:s4->s5,pp_message,forward,0,-1,4,9,73,89,4,5,-1,p2p,4712346,0,0,4712346,0,,,1573385059,1578097405,rank73:F0,0,1785477744808590481,1785477746381975540,1785477746386687886
55,rank89:F0,compute,forward,0,89,5,9,89,89,5,5,0,warmup,314974885,314974885,0,0,0,1.785477746389913e+18,1.785477746704888e+18,1578097405,1893072290,lane9:F0:s4->s5,1578097405,1785477744808590481,1785477746386687886,1785477746701662771
55,lane9:F1:s3->s4,pp_message,forward,1,-1,3,9,57,73,3,4,-1,p2p,4712346,0,0,4712346,0,,,1607824771,1612537117,rank57:F1,0,1785477744808590481,1785477746416415252,1785477746421127598
55,rank57:F2,compute,forward,2,57,3,9,57,57,3,3,2,warmup,337534925,337534925,0,0,0,1.7854777464335777e+18,1.7854777467711127e+18,1612537117,1950072042,lane9:F1:s3->s4,4712346,1785477744808590481,1785477746421127598,1785477746758662523
55,rank73:F1,compute,forward,1,73,4,9,73,73,4,4,1,warmup,318088662,318088662,0,0,0,1.785477746428482e+18,1.7854777467465708e+18,1612537117,1930625779,lane9:F1:s3->s4,39152058,1785477744808590481,1785477746421127598,1785477746739216260
55,lane9:F3:s2->s3,pp_message,forward,3,-1,2,9,41,57,2,3,-1,p2p,4712346,0,0,4712346,0,,,1856072935,1860785281,rank41:F3,0,1785477744808590481,1785477746664663416,1785477746669375762
55,lane9:F0:s5->s6,pp_message,forward,0,-1,5,9,89,105,5,6,-1,p2p,4712346,0,0,4712346,0,,,1893072290,1897784636,rank89:F0,0,1785477744808590481,1785477746701662771,1785477746706375117
55,rank105:F0,compute,forward,0,105,6,9,105,105,6,6,0,warmup,315920114,315920114,0,0,0,1.7854777467106406e+18,1.7854777470265608e+18,1897784636,2213704750,lane9:F0:s5->s6,1897784636,1785477744808590481,1785477746706375117,1785477747022295231
55,lane9:F1:s4->s5,pp_message,forward,1,-1,4,9,73,89,4,5,-1,p2p,4712346,0,0,4712346,0,,,1930625779,1935338125,rank73:F1,0,1785477744808590481,1785477746739216260,1785477746743928606
55,rank89:F1,compute,forward,1,89,5,9,89,89,5,5,1,warmup,461717062,461717062,0,0,0,1.7854777467516536e+18,1.7854777472133706e+18,1935338125,2397055187,lane9:F1:s4->s5,42265835,1785477744808590481,1785477746743928606,1785477747205645668
55,lane9:F2:s3->s4,pp_message,forward,2,-1,3,9,57,73,3,4,-1,p2p,4712346,0,0,4712346,0,,,1950072042,1954784388,rank57:F2,0,1785477744808590481,1785477746758662523,1785477746763374869
55,rank57:F3,compute,forward,3,57,3,9,57,57,3,3,3,warmup,324992479,324992479,0,0,0,1.7854777467914488e+18,1.7854777471164413e+18,1954784388,2279776867,lane9:F2:s3->s4,4712346,1785477744808590481,1785477746763374869,1785477747088367348
55,rank73:F2,compute,forward,2,73,4,9,73,73,4,4,2,warmup,316967419,316967419,0,0,0,1.785477746776153e+18,1.7854777470931205e+18,1954784388,2271751807,lane9:F2:s3->s4,24158609,1785477744808590481,1785477746763374869,1785477747080342288
55,lane9:F0:s6->s7,pp_message,forward,0,-1,6,9,105,121,6,7,-1,p2p,4712346,0,0,4712346,0,,,2213704750,2218417096,rank105:F0,0,1785477744808590481,1785477747022295231,1785477747027007577
55,rank121:F0,compute,forward,0,121,7,9,121,121,7,7,0,warmup,322692221,322692221,0,0,0,1.7854777470318932e+18,1.7854777473545856e+18,2218417096,2541109317,lane9:F0:s6->s7,2218417096,1785477744808590481,1785477747027007577,1785477747349699798
55,lane9:F2:s4->s5,pp_message,forward,2,-1,4,9,73,89,4,5,-1,p2p,4712346,0,0,4712346,0,,,2271751807,2276464153,rank73:F2,0,1785477744808590481,1785477747080342288,1785477747085054634
55,lane9:F3:s3->s4,pp_message,forward,3,-1,3,9,57,73,3,4,-1,p2p,4712346,0,0,4712346,0,,,2279776867,2284489213,rank57:F3,0,1785477744808590481,1785477747088367348,1785477747093079694
55,rank73:F3,compute,forward,3,73,4,9,73,73,4,4,3,warmup,329779237,329779237,0,0,0,1.7854777472289388e+18,1.785477747558718e+18,2284489213,2614268450,lane9:F3:s3->s4,12737406,1785477744808590481,1785477747093079694,1785477747422858931
55,lane9:F1:s5->s6,pp_message,forward,1,-1,5,9,89,105,5,6,-1,p2p,4712346,0,0,4712346,0,,,2397055187,2401767533,rank89:F1,0,1785477744808590481,1785477747205645668,1785477747210358014
55,rank105:F1,compute,forward,1,105,6,9,105,105,6,6,1,warmup,327576897,327576897,0,0,0,1.7854777472186624e+18,1.7854777475462395e+18,2401767533,2729344430,lane9:F1:s5->s6,188062783,1785477744808590481,1785477747210358014,1785477747537934911
55,rank89:F2,compute,forward,2,89,5,9,89,89,5,5,2,warmup,324165298,324165298,0,0,0,1.7854777472238508e+18,1.785477747548016e+18,2401767533,2725932831,lane9:F1:s5->s6,4712346,1785477744808590481,1785477747210358014,1785477747534523312
55,lane9:F0:s7->s8,pp_message,forward,0,-1,7,9,121,137,7,8,-1,p2p,4712346,0,0,4712346,0,,,2541109317,2545821663,rank121:F0,0,1785477744808590481,1785477747349699798,1785477747354412144
55,rank137:F0,compute,forward,0,137,8,9,137,137,8,8,0,warmup,315244662,315244662,0,0,0,1.7854777473599363e+18,1.7854777476751808e+18,2545821663,2861066325,lane9:F0:s7->s8,2545821663,1785477744808590481,1785477747354412144,1785477747669656806
55,lane9:F3:s4->s5,pp_message,forward,3,-1,4,9,73,89,4,5,-1,p2p,4712346,0,0,4712346,0,,,2614268450,2618980796,rank73:F3,0,1785477744808590481,1785477747422858931,1785477747427571277
55,lane9:F2:s5->s6,pp_message,forward,2,-1,5,9,89,105,5,6,-1,p2p,4712346,0,0,4712346,0,,,2725932831,2730645177,rank89:F2,0,1785477744808590481,1785477747534523312,1785477747539235658
55,lane9:F1:s6->s7,pp_message,forward,1,-1,6,9,105,121,6,7,-1,p2p,4712346,0,0,4712346,0,,,2729344430,2734056776,rank105:F1,0,1785477744808590481,1785477747537934911,1785477747542647257
55,rank89:F3,compute,forward,3,89,5,9,89,89,5,5,3,warmup,312303000,312303000,0,0,0,1.785477747563907e+18,1.7854777478762102e+18,2730645177,3042948177,lane9:F2:s5->s6,4712346,1785477744808590481,1785477747539235658,1785477747851538658
55,rank105:F2,compute,forward,2,105,6,9,105,105,6,6,2,warmup,330015776,330015776,0,0,0,1.7854777475566774e+18,1.785477747886693e+18,2734056776,3064072552,lane9:F1:s6->s7,4712346,1785477744808590481,1785477747542647257,1785477747872663033
55,rank121:F1,compute,forward,1,121,7,9,121,121,7,7,1,warmup,311311922,311311922,0,0,0,1.78547774755144e+18,1.7854777478627517e+18,2734056776,3045368698,lane9:F1:s6->s7,192947459,1785477744808590481,1785477747542647257,1785477747853959179
55,lane9:F0:s8->s9,pp_message,forward,0,-1,8,9,137,153,8,9,-1,p2p,4712346,0,0,4712346,0,,,2861066325,2865778671,rank137:F0,0,1785477744808590481,1785477747669656806,1785477747674369152
55,rank153:F0,compute,forward,0,153,9,9,153,153,9,9,0,warmup,322422803,322422803,0,0,0,1.7854777476805706e+18,1.7854777480029934e+18,2865778671,3188201474,lane9:F0:s8->s9,2865778671,1785477744808590481,1785477747674369152,1785477747996791955
55,lane9:F3:s5->s6,pp_message,forward,3,-1,5,9,89,105,5,6,-1,p2p,4712346,0,0,4712346,0,,,3042948177,3047660523,rank89:F3,0,1785477744808590481,1785477747851538658,1785477747856251004
55,lane9:F1:s7->s8,pp_message,forward,1,-1,7,9,121,137,7,8,-1,p2p,4712346,0,0,4712346,0,,,3045368698,3050081044,rank121:F1,0,1785477744808590481,1785477747853959179,1785477747858671525
55,rank137:F1,compute,forward,1,137,8,9,137,137,8,8,1,warmup,316583700,316583700,0,0,0,1.7854777478678182e+18,1.785477748184402e+18,3050081044,3366664744,lane9:F1:s7->s8,189014719,1785477744808590481,1785477747858671525,1785477748175255225
55,lane9:F2:s6->s7,pp_message,forward,2,-1,6,9,105,121,6,7,-1,p2p,4712346,0,0,4712346,0,,,3064072552,3068784898,rank105:F2,0,1785477744808590481,1785477747872663033,1785477747877375379
55,rank105:F3,compute,forward,3,105,6,9,105,105,6,6,3,warmup,314408819,314408819,0,0,0,1.7854777478970056e+18,1.7854777482114143e+18,3068784898,3383193717,lane9:F2:s6->s7,4712346,1785477744808590481,1785477747877375379,1785477748191784198
55,rank121:F2,compute,forward,2,121,7,9,121,121,7,7,2,warmup,309749791,309749791,0,0,0,1.78547774789182e+18,1.7854777482015698e+18,3068784898,3378534689,lane9:F2:s6->s7,23416200,1785477744808590481,1785477747877375379,1785477748187125170
55,lane9:F0:s9->s10,pp_message,forward,0,-1,9,9,153,169,9,10,-1,p2p,4712346,0,0,4712346,0,,,3188201474,3192913820,rank153:F0,0,1785477744808590481,1785477747996791955,1785477748001504301
55,rank169:F0,compute,forward,0,169,10,9,169,169,10,10,0,warmup,312998830,312998830,0,0,0,1.7854777480090719e+18,1.7854777483220708e+18,3192913820,3505912650,lane9:F0:s9->s10,3192913820,1785477744808590481,1785477748001504301,1785477748314503131
55,lane9:F1:s8->s9,pp_message,forward,1,-1,8,9,137,153,8,9,-1,p2p,4712346,0,0,4712346,0,,,3366664744,3371377090,rank137:F1,0,1785477744808590481,1785477748175255225,1785477748179967571
55,rank153:F1,compute,forward,1,153,9,9,153,153,9,9,1,warmup,317582285,317582285,0,0,0,1.785477748189612e+18,1.7854777485071944e+18,3371377090,3688959375,lane9:F1:s8->s9,183175616,1785477744808590481,1785477748179967571,1785477748497549856
55,lane9:F2:s7->s8,pp_message,forward,2,-1,7,9,121,137,7,8,-1,p2p,4712346,0,0,4712346,0,,,3378534689,3383247035,rank121:F2,0,1785477744808590481,1785477748187125170,1785477748191837516
55,lane9:F3:s6->s7,pp_message,forward,3,-1,6,9,105,121,6,7,-1,p2p,4712346,0,0,4712346,0,,,3383193717,3387906063,rank105:F3,0,1785477744808590481,1785477748191784198,1785477748196496544
55,rank137:F2,compute,forward,2,137,8,9,137,137,8,8,2,warmup,311407322,311407322,0,0,0,1.7854777482067226e+18,1.78547774851813e+18,3383247035,3694654357,lane9:F2:s7->s8,16582291,1785477744808590481,1785477748191837516,1785477748503244838
55,rank121:F3,compute,forward,3,121,7,9,121,121,7,7,3,warmup,309493979,309493979,0,0,0,1.7854777482165573e+18,1.785477748526051e+18,3387906063,3697400042,lane9:F3:s6->s7,9371374,1785477744808590481,1785477748196496544,1785477748505990523
55,lane9:F0:s10->s11,pp_message,forward,0,-1,10,9,169,185,10,11,-1,p2p,4712346,0,0,4712346,0,,,3505912650,3510624996,rank169:F0,0,1785477744808590481,1785477748314503131,1785477748319215477
55,rank185:F0,compute,forward,0,185,11,9,185,185,11,11,0,warmup,311634898,311634898,0,0,0,1.7854777483286674e+18,1.7854777486403023e+18,3510624996,3822259894,lane9:F0:s10->s11,3510624996,1785477744808590481,1785477748319215477,1785477748630850375
55,lane9:F1:s9->s10,pp_message,forward,1,-1,9,9,153,169,9,10,-1,p2p,4712346,0,0,4712346,0,,,3688959375,3693671721,rank153:F1,0,1785477744808590481,1785477748497549856,1785477748502262202
55,rank169:F1,compute,forward,1,169,10,9,169,169,10,10,1,warmup,310761168,310761168,0,0,0,1.7854777485123973e+18,1.7854777488231585e+18,3693671721,4004432889,lane9:F1:s9->s10,187759071,1785477744808590481,1785477748502262202,1785477748813023370
55,lane9:F2:s8->s9,pp_message,forward,2,-1,8,9,137,153,8,9,-1,p2p,4712346,0,0,4712346,0,,,3694654357,3699366703,rank137:F2,0,1785477744808590481,1785477748503244838,1785477748507957184
55,lane9:F3:s7->s8,pp_message,forward,3,-1,7,9,121,137,7,8,-1,p2p,4712346,0,0,4712346,0,,,3697400042,3702112388,rank121:F3,0,1785477744808590481,1785477748505990523,1785477748510702869
55,rank153:F2,compute,forward,2,153,9,9,153,153,9,9,2,warmup,316600459,316600459,0,0,0,1.7854777485233633e+18,1.785477748839964e+18,3699366703,4015967162,lane9:F2:s8->s9,10407328,1785477744808590481,1785477748507957184,1785477748824557643
55,rank137:F3,compute,forward,3,137,8,9,137,137,8,8,3,warmup,309982163,309982163,0,0,0,1.7854777485311386e+18,1.7854777488411208e+18,3702112388,4012094551,lane9:F3:s7->s8,7458031,1785477744808590481,1785477748510702869,1785477748820685032
55,lane9:F0:s11->s12,pp_message,forward,0,-1,11,9,185,201,11,12,-1,p2p,4712346,0,0,4712346,0,,,3822259894,3826972240,rank185:F0,0,1785477744808590481,1785477748630850375,1785477748635562721
55,rank201:F0,compute,forward,0,201,12,9,201,201,12,12,0,warmup,312358718,312358718,0,0,0,1.7854777486458163e+18,1.785477748958175e+18,3826972240,4139330958,lane9:F0:s11->s12,3826972240,1785477744808590481,1785477748635562721,1785477748947921439
55,lane9:F1:s10->s11,pp_message,forward,1,-1,10,9,169,185,10,11,-1,p2p,4712346,0,0,4712346,0,,,4004432889,4009145235,rank169:F1,0,1785477744808590481,1785477748813023370,1785477748817735716
55,rank185:F1,compute,forward,1,185,11,9,185,185,11,11,1,warmup,308467348,308467348,0,0,0,1.7854777488283082e+18,1.7854777491367757e+18,4009145235,4317612583,lane9:F1:s10->s11,186885341,1785477744808590481,1785477748817735716,1785477749126203064
55,lane9:F3:s8->s9,pp_message,forward,3,-1,8,9,137,153,8,9,-1,p2p,4712346,0,0,4712346,0,,,4012094551,4016806897,rank137:F3,0,1785477744808590481,1785477748820685032,1785477748825397378
55,lane9:F2:s9->s10,pp_message,forward,2,-1,9,9,153,169,9,10,-1,p2p,4712346,0,0,4712346,0,,,4015967162,4020679508,rank153:F2,0,1785477744808590481,1785477748824557643,1785477748829269989
55,rank153:F3,compute,forward,3,153,9,9,153,153,9,9,3,warmup,318962593,318962593,0,0,0,1.7854777488500413e+18,1.785477749169004e+18,4020679508,4339642101,lane9:F2:s9->s10,4712346,1785477744808590481,1785477748829269989,1785477749148232582
55,rank169:F2,compute,forward,2,169,10,9,169,169,10,10,2,warmup,310326174,310326174,0,0,0,1.7854777488449324e+18,1.7854777491552584e+18,4020679508,4331005682,lane9:F2:s9->s10,16246619,1785477744808590481,1785477748829269989,1785477749139596163
55,lane9:F0:s12->s13,pp_message,forward,0,-1,12,9,201,217,12,13,-1,p2p,4712346,0,0,4712346,0,,,4139330958,4144043304,rank201:F0,0,1785477744808590481,1785477748947921439,1785477748952633785
55,rank217:F0,compute,forward,0,217,13,9,217,217,13,13,0,warmup,315560076,315560076,0,0,0,1.7854777489637125e+18,1.7854777492792727e+18,4144043304,4459603380,lane9:F0:s12->s13,4144043304,1785477744808590481,1785477748952633785,1785477749268193861
55,lane9:F1:s11->s12,pp_message,forward,1,-1,11,9,185,201,11,12,-1,p2p,4712346,0,0,4712346,0,,,4317612583,4322324929,rank185:F1,0,1785477744808590481,1785477749126203064,1785477749130915410
55,rank201:F1,compute,forward,1,201,12,9,201,201,12,12,1,warmup,308032253,308032253,0,0,0,1.7854777491418463e+18,1.7854777494498785e+18,4322324929,4630357182,lane9:F1:s11->s12,182993971,1785477744808590481,1785477749130915410,1785477749438947663
55,lane9:F2:s10->s11,pp_message,forward,2,-1,10,9,169,185,10,11,-1,p2p,4712346,0,0,4712346,0,,,4331005682,4335718028,rank169:F2,0,1785477744808590481,1785477749139596163,1785477749144308509
55,rank185:F2,compute,forward,2,185,11,9,185,185,11,11,2,warmup,305928843,305928843,0,0,0,1.7854777491603965e+18,1.7854777494663255e+18,4335718028,4641646871,lane9:F2:s10->s11,18105445,1785477744808590481,1785477749144308509,1785477749450237352
55,lane9:F3:s9->s10,pp_message,forward,3,-1,9,9,153,169,9,10,-1,p2p,4712346,0,0,4712346,0,,,4339642101,4344354447,rank153:F3,0,1785477744808590481,1785477749148232582,1785477749152944928
55,rank169:F3,compute,forward,3,169,10,9,169,169,10,10,3,warmup,455111328,455111328,0,0,0,1.785477749173931e+18,1.7854777496290422e+18,4344354447,4799465775,lane9:F3:s9->s10,13348765,1785477744808590481,1785477749152944928,1785477749608056256
55,lane9:F0:s13->s14,pp_message,forward,0,-1,13,9,217,233,13,14,-1,p2p,4712346,0,0,4712346,0,,,4459603380,4464315726,rank217:F0,0,1785477744808590481,1785477749268193861,1785477749272906207
55,rank233:F0,compute,forward,0,233,14,9,233,233,14,14,0,warmup,322407369,322407369,0,0,0,1.7854777492849623e+18,1.7854777496073695e+18,4464315726,4786723095,lane9:F0:s13->s14,4464315726,1785477744808590481,1785477749272906207,1785477749595313576
55,lane9:F1:s12->s13,pp_message,forward,1,-1,12,9,201,217,12,13,-1,p2p,4712346,0,0,4712346,0,,,4630357182,4635069528,rank201:F1,0,1785477744808590481,1785477749438947663,1785477749443660009
55,rank217:F1,compute,forward,1,217,13,9,217,217,13,13,1,warmup,460562209,460562209,0,0,0,1.785477749454945e+18,1.7854777499155072e+18,4635069528,5095631737,lane9:F1:s12->s13,175466148,1785477744808590481,1785477749443660009,1785477749904222218
55,lane9:F2:s11->s12,pp_message,forward,2,-1,11,9,185,201,11,12,-1,p2p,4712346,0,0,4712346,0,,,4641646871,4646359217,rank185:F2,0,1785477744808590481,1785477749450237352,1785477749454949698
55,rank201:F2,compute,forward,2,201,12,9,201,201,12,12,2,warmup,308379226,308379226,0,0,0,1.7854777494713098e+18,1.785477749779689e+18,4646359217,4954738443,lane9:F2:s11->s12,16002035,1785477744808590481,1785477749454949698,1785477749763328924
55,lane9:F0:s14->s15,pp_message,forward,0,-1,14,9,233,249,14,15,-1,p2p,4712346,0,0,4712346,0,,,4786723095,4791435441,rank233:F0,0,1785477744808590481,1785477749595313576,1785477749600025922
55,rank249:F0,compute,forward,0,249,15,9,249,249,15,15,0,steady,195287353,195287353,0,0,0,1.7854777496138301e+18,1.7854777498091177e+18,4791435441,4986722794,lane9:F0:s14->s15,4791435441,1785477744808590481,1785477749600025922,1785477749795313275
55,lane9:F3:s10->s11,pp_message,forward,3,-1,10,9,169,185,10,11,-1,p2p,4712346,0,0,4712346,0,,,4799465775,4804178121,rank169:F3,0,1785477744808590481,1785477749608056256,1785477749612768602
55,rank185:F3,compute,forward,3,185,11,9,185,185,11,11,3,warmup,306710399,306710399,0,0,0,1.7854777496342234e+18,1.7854777499409336e+18,4804178121,5110888520,lane9:F3:s10->s11,162531250,1785477744808590481,1785477749612768602,1785477749919479001
55,lane9:F2:s12->s13,pp_message,forward,2,-1,12,9,201,217,12,13,-1,p2p,4712346,0,0,4712346,0,,,4954738443,4959450789,rank201:F2,0,1785477744808590481,1785477749763328924,1785477749768041270
55,rank249:B0,compute,backward,0,249,15,9,249,249,15,15,1,steady,388485651,388485651,0,0,0,1.7854777498092739e+18,1.7854777501977595e+18,4986722794,5375208445,rank249:F0,0,1785477744808590481,1785477749795313275,1785477750183798926
55,lane9:F1:s13->s14,pp_message,forward,1,-1,13,9,217,233,13,14,-1,p2p,4712346,0,0,4712346,0,,,5095631737,5100344083,rank217:F1,0,1785477744808590481,1785477749904222218,1785477749908934564
55,rank217:F2,compute,forward,2,217,13,9,217,217,13,13,2,steady,310159895,310159895,0,0,0,1.7854777499263299e+18,1.7854777502364897e+18,5100344083,5410503978,lane9:F1:s13->s14,4712346,1785477744808590481,1785477749908934564,1785477750219094459
55,rank233:F1,compute,forward,1,233,14,9,233,233,14,14,1,steady,313133525,313133525,0,0,0,1.7854777499206182e+18,1.7854777502337518e+18,5100344083,5413477608,lane9:F1:s13->s14,313620988,1785477744808590481,1785477749908934564,1785477750222068089
55,lane9:F3:s11->s12,pp_message,forward,3,-1,11,9,185,201,11,12,-1,p2p,4712346,0,0,4712346,0,,,5110888520,5115600866,rank185:F3,0,1785477744808590481,1785477749919479001,1785477749924191347
55,rank201:F3,compute,forward,3,201,12,9,201,201,12,12,3,steady,308056032,308056032,0,0,0,1.7854777499462794e+18,1.7854777502543355e+18,5115600866,5423656898,lane9:F3:s11->s12,160862423,1785477744808590481,1785477749924191347,1785477750232247379
55,lane9:B0:s15->s14,pp_message,backward,0,-1,15,9,249,233,15,14,-1,p2p,98176190,0,0,4712346,93463844,,,5375208445,5473384635,rank249:B0,0,1785477744808590481,1785477750183798926,1785477750281975116
55,lane9:F2:s13->s14,pp_message,forward,2,-1,13,9,217,233,13,14,-1,p2p,4712346,0,0,4712346,0,,,5410503978,5415216324,rank217:F2,0,1785477744808590481,1785477750219094459,1785477750223806805
55,lane9:F1:s14->s15,pp_message,forward,1,-1,14,9,233,249,14,15,-1,p2p,4712346,0,0,4712346,0,,,5413477608,5418189954,rank233:F1,0,1785477744808590481,1785477750222068089,1785477750226780435
55,lane9:F3:s12->s13,pp_message,forward,3,-1,12,9,201,217,12,13,-1,p2p,4712346,0,0,4712346,0,,,5423656898,5428369244,rank201:F3,0,1785477744808590481,1785477750232247379,1785477750236959725
55,rank233:B0,compute,backward,0,233,14,9,233,233,14,14,2,steady,678356570,678356570,0,0,0,1.7854777502998528e+18,1.7854777509782093e+18,5473384635,6151741205,lane9:B0:s15->s14,59907027,1785477744808590481,1785477750281975116,1785477750960331686
55,rank249:F1,compute,forward,1,249,15,9,249,249,15,15,2,steady,189833146,189833146,0,0,0,1.785477750299684e+18,1.7854777504895173e+18,5473384635,5663217781,lane9:B0:s15->s14,98176190,1785477744808590481,1785477750281975116,1785477750471808262
55,rank249:B1,compute,backward,1,249,15,9,249,249,15,15,3,steady,372344067,372344067,0,0,0,1.785477750489689e+18,1.7854777508620332e+18,5663217781,6035561848,rank249:F1,0,1785477744808590481,1785477750471808262,1785477750844152329
55,lane9:B1:s15->s14,pp_message,backward,1,-1,15,9,249,233,15,14,-1,p2p,98176190,0,0,4712346,93463844,,,6035561848,6133738038,rank249:B1,0,1785477744808590481,1785477750844152329,1785477750942328519
55,lane9:B0:s14->s13,pp_message,backward,0,-1,14,9,233,217,14,13,-1,p2p,98176190,0,0,4712346,93463844,,,6151741205,6249917395,rank233:B0,0,1785477744808590481,1785477750960331686,1785477751058507876
55,rank217:B0,compute,backward,0,217,13,9,217,217,13,13,3,steady,688829324,688829324,0,0,0,1.785477751077563e+18,1.7854777517663923e+18,6249917395,6938746719,lane9:B0:s14->s13,839413417,1785477744808590481,1785477751058507876,1785477751747337200
55,rank233:F2,compute,forward,2,233,14,9,233,233,14,14,3,steady,316967494,316967494,0,0,0,1.7854777510771955e+18,1.785477751394163e+18,6249917395,6566884889,lane9:B0:s14->s13,98176190,1785477744808590481,1785477751058507876,1785477751375475370
55,lane9:F2:s14->s15,pp_message,forward,2,-1,14,9,233,249,14,15,-1,p2p,4712346,0,0,4712346,0,,,6566884889,6571597235,rank233:F2,0,1785477744808590481,1785477751375475370,1785477751380187716
55,rank233:B1,compute,backward,1,233,14,9,233,233,14,14,4,steady,691167727,691167727,0,0,0,1.7854777514001288e+18,1.7854777520912965e+18,6571597235,7262764962,lane9:F2:s14->s15,4712346,1785477744808590481,1785477751380187716,1785477752071355443
55,rank249:F2,compute,forward,2,249,15,9,249,249,15,15,4,steady,195273067,195273067,0,0,0,1.7854777514000632e+18,1.7854777515953364e+18,6571597235,6766870302,lane9:F2:s14->s15,536035387,1785477744808590481,1785477751380187716,1785477751575460783
55,rank249:B2,compute,backward,2,249,15,9,249,249,15,15,5,steady,365811703,365811703,0,0,0,1.78547775159551e+18,1.7854777519613215e+18,6766870302,7132682005,rank249:F2,0,1785477744808590481,1785477751575460783,1785477751941272486
55,lane9:B0:s13->s12,pp_message,backward,0,-1,13,9,217,201,13,12,-1,p2p,98176190,0,0,4712346,93463844,,,6938746719,7036922909,rank217:B0,0,1785477744808590481,1785477751747337200,1785477751845513390
55,rank201:B0,compute,backward,0,201,12,9,201,201,12,12,4,steady,687408996,687408996,0,0,0,1.7854777518656806e+18,1.7854777525530895e+18,7036922909,7724331905,lane9:B0:s13->s12,1613266011,1785477744808590481,1785477751845513390,1785477752532922386
55,rank217:F3,compute,forward,3,217,13,9,217,217,13,13,4,steady,315312378,315312378,0,0,0,1.7854777518653594e+18,1.7854777521806717e+18,7036922909,7352235287,lane9:B0:s13->s12,98176190,1785477744808590481,1785477751845513390,1785477752160825768
55,lane9:B2:s15->s14,pp_message,backward,2,-1,15,9,249,233,15,14,-1,p2p,98176190,0,0,4712346,93463844,,,7132682005,7230858195,rank249:B2,0,1785477744808590481,1785477751941272486,1785477752039448676
55,lane9:B1:s14->s13,pp_message,backward,1,-1,14,9,233,217,14,13,-1,p2p,98176190,0,0,4712346,93463844,,,7262764962,7360941152,rank233:B1,0,1785477744808590481,1785477752071355443,1785477752169531633
55,lane9:F3:s13->s14,pp_message,forward,3,-1,13,9,217,233,13,14,-1,p2p,4712346,0,0,4712346,0,,,7352235287,7356947633,rank217:F3,0,1785477744808590481,1785477752160825768,1785477752165538114
55,rank217:B1,compute,backward,1,217,13,9,217,217,13,13,5,steady,698227842,698227842,0,0,0,1.785477752191044e+18,1.7854777528892718e+18,7360941152,8059168994,lane9:B1:s14->s13,8705865,1785477744808590481,1785477752169531633,1785477752867759475
55,rank233:F3,compute,forward,3,233,14,9,233,233,14,14,5,steady,327866067,327866067,0,0,0,1.7854777521910702e+18,1.7854777525189363e+18,7360941152,7688807219,lane9:B1:s14->s13,98176190,1785477744808590481,1785477752169531633,1785477752497397700
55,lane9:F3:s14->s15,pp_message,forward,3,-1,14,9,233,249,14,15,-1,p2p,4712346,0,0,4712346,0,,,7688807219,7693519565,rank233:F3,0,1785477744808590481,1785477752497397700,1785477752502110046
55,rank233:B2,compute,backward,2,233,14,9,233,233,14,14,6,steady,726754575,726754575,0,0,0,1.7854777525276664e+18,1.785477753254421e+18,7693519565,8420274140,lane9:F3:s14->s15,4712346,1785477744808590481,1785477752502110046,1785477753228864621
55,rank249:F3,compute,forward,3,249,15,9,249,249,15,15,6,steady,190573505,190573505,0,0,0,1.785477752527605e+18,1.7854777527181786e+18,7693519565,7884093070,lane9:F3:s14->s15,560837560,1785477744808590481,1785477752502110046,1785477752692683551
55,lane9:B0:s12->s11,pp_message,backward,0,-1,12,9,201,185,12,11,-1,p2p,98176190,0,0,4712346,93463844,,,7724331905,7822508095,rank201:B0,0,1785477744808590481,1785477752532922386,1785477752631098576
55,rank185:B0,compute,backward,0,185,11,9,185,185,11,11,4,cooldown,679577934,679577934,0,0,0,1.7854777526488579e+18,1.7854777533284357e+18,7822508095,8502086029,lane9:B0:s12->s11,2711619575,1785477744808590481,1785477752631098576,1785477753310676510
55,rank249:B3,compute,backward,3,249,15,9,249,249,15,15,7,steady,365960988,365960988,0,0,0,1.7854777527183552e+18,1.7854777530843162e+18,7884093070,8250054058,rank249:F3,0,1785477744808590481,1785477752692683551,1785477753058644539
55,lane9:B1:s13->s12,pp_message,backward,1,-1,13,9,217,201,13,12,-1,p2p,98176190,0,0,4712346,93463844,,,8059168994,8157345184,rank217:B1,0,1785477744808590481,1785477752867759475,1785477752965935665
55,rank201:B1,compute,backward,1,201,12,9,201,201,12,12,5,cooldown,682764447,682764447,0,0,0,1.7854777529875674e+18,1.785477753670332e+18,8157345184,8840109631,lane9:B1:s13->s12,433013279,1785477744808590481,1785477752965935665,1785477753648700112
55,lane9:B3:s15->s14,pp_message,backward,3,-1,15,9,249,233,15,14,-1,p2p,98176190,0,0,4712346,93463844,,,8250054058,8348230248,rank249:B3,0,1785477744808590481,1785477753058644539,1785477753156820729
55,lane9:B2:s14->s13,pp_message,backward,2,-1,14,9,233,217,14,13,-1,p2p,98176190,0,0,4712346,93463844,,,8420274140,8518450330,rank233:B2,0,1785477744808590481,1785477753228864621,1785477753327040811
55,lane9:B0:s11->s10,pp_message,backward,0,-1,11,9,185,169,11,10,-1,p2p,98176190,0,0,4712346,93463844,,,8502086029,8600262219,rank185:B0,0,1785477744808590481,1785477753310676510,1785477753408852700
55,rank217:B2,compute,backward,2,217,13,9,217,217,13,13,6,cooldown,683664127,683664127,0,0,0,1.7854777533487073e+18,1.7854777540323715e+18,8518450330,9202114457,lane9:B2:s14->s13,459281336,1785477744808590481,1785477753327040811,1785477754010704938
55,rank233:B3,compute,backward,3,233,14,9,233,233,14,14,7,cooldown,685551948,685551948,0,0,0,1.7854777533637868e+18,1.7854777540493386e+18,8518450330,9204002278,lane9:B2:s14->s13,98176190,1785477744808590481,1785477753327040811,1785477754012592759
55,rank169:B0,compute,backward,0,169,10,9,169,169,10,10,4,cooldown,686709393,686709393,0,0,0,1.78547775342676e+18,1.7854777541134694e+18,8600262219,9286971612,lane9:B0:s11->s10,3800796444,1785477744808590481,1785477753408852700,1785477754095562093
55,lane9:B1:s12->s11,pp_message,backward,1,-1,12,9,201,185,12,11,-1,p2p,98176190,0,0,4712346,93463844,,,8840109631,8938285821,rank201:B1,0,1785477744808590481,1785477753648700112,1785477753746876302
55,rank185:B1,compute,backward,1,185,11,9,185,185,11,11,5,cooldown,678569369,678569369,0,0,0,1.7854777537689183e+18,1.7854777544474877e+18,8938285821,9616855190,lane9:B1:s12->s11,436199792,1785477744808590481,1785477753746876302,1785477754425445671
55,lane9:B2:s13->s12,pp_message,backward,2,-1,13,9,217,201,13,12,-1,p2p,98176190,0,0,4712346,93463844,,,9202114457,9300290647,rank217:B2,0,1785477744808590481,1785477754010704938,1785477754108881128
55,lane9:B3:s14->s13,pp_message,backward,3,-1,14,9,233,217,14,13,-1,p2p,98176190,0,0,4712346,93463844,,,9204002278,9302178468,rank233:B3,0,1785477744808590481,1785477754012592759,1785477754110768949
55,lane9:B0:s10->s9,pp_message,backward,0,-1,10,9,169,153,10,9,-1,p2p,98176190,0,0,4712346,93463844,,,9286971612,9385147802,rank169:B0,0,1785477744808590481,1785477754095562093,1785477754193738283
55,rank201:B2,compute,backward,2,201,12,9,201,201,12,12,6,cooldown,677780855,677780855,0,0,0,1.7854777541305106e+18,1.7854777548082913e+18,9300290647,9978071502,lane9:B2:s13->s12,460181016,1785477744808590481,1785477754108881128,1785477754786661983
55,rank217:B3,compute,backward,3,217,13,9,217,217,13,13,7,cooldown,682694690,682694690,0,0,0,1.7854777541482455e+18,1.7854777548309402e+18,9302178468,9984873158,lane9:B3:s14->s13,100064011,1785477744808590481,1785477754110768949,1785477754793463639
55,rank153:B0,compute,backward,0,153,9,9,153,153,9,9,4,cooldown,711922121,711922121,0,0,0,1.7854777542126372e+18,1.7854777549245594e+18,9385147802,10097069923,lane9:B0:s10->s9,5045505701,1785477744808590481,1785477754193738283,1785477754905660404
55,lane9:B1:s11->s10,pp_message,backward,1,-1,11,9,185,169,11,10,-1,p2p,98176190,0,0,4712346,93463844,,,9616855190,9715031380,rank185:B1,0,1785477744808590481,1785477754425445671,1785477754523621861
55,rank169:B1,compute,backward,1,169,10,9,169,169,10,10,5,cooldown,683601440,683601440,0,0,0,1.7854777545449405e+18,1.785477755228542e+18,9715031380,10398632820,lane9:B1:s11->s10,428059768,1785477744808590481,1785477754523621861,1785477755207223301
55,lane9:B2:s12->s11,pp_message,backward,2,-1,12,9,201,185,12,11,-1,p2p,98176190,0,0,4712346,93463844,,,9978071502,10076247692,rank201:B2,0,1785477744808590481,1785477754786661983,1785477754884838173
55,lane9:B3:s13->s12,pp_message,backward,3,-1,13,9,217,201,13,12,-1,p2p,98176190,0,0,4712346,93463844,,,9984873158,10083049348,rank217:B3,0,1785477744808590481,1785477754793463639,1785477754891639829
55,rank185:B2,compute,backward,2,185,11,9,185,185,11,11,6,cooldown,678598262,678598262,0,0,0,1.7854777549073428e+18,1.785477755585941e+18,10076247692,10754845954,lane9:B2:s12->s11,459392502,1785477744808590481,1785477754884838173,1785477755563436435
55,rank201:B3,compute,backward,3,201,12,9,201,201,12,12,7,cooldown,675152116,675152116,0,0,0,1.7854777549294106e+18,1.7854777556045627e+18,10083049348,10758201464,lane9:B3:s13->s12,104977846,1785477744808590481,1785477754891639829,1785477755566791945
55,lane9:B0:s9->s8,pp_message,backward,0,-1,9,9,153,137,9,8,-1,p2p,98176190,0,0,4712346,93463844,,,10097069923,10195246113,rank153:B0,0,1785477744808590481,1785477754905660404,1785477755003836594
55,rank137:B0,compute,backward,0,137,8,9,137,137,8,8,4,cooldown,718811782,718811782,0,0,0,1.7854777550217172e+18,1.785477755740529e+18,10195246113,10914057895,lane9:B0:s9->s8,6183151562,1785477744808590481,1785477755003836594,1785477755722648376
55,lane9:B1:s10->s9,pp_message,backward,1,-1,10,9,169,153,10,9,-1,p2p,98176190,0,0,4712346,93463844,,,10398632820,10496809010,rank169:B1,0,1785477744808590481,1785477755207223301,1785477755305399491
55,rank153:B1,compute,backward,1,153,9,9,153,153,9,9,5,cooldown,715031821,715031821,0,0,0,1.7854777553269798e+18,1.7854777560420116e+18,10496809010,11211840831,lane9:B1:s10->s9,399739087,1785477744808590481,1785477755305399491,1785477756020431312
55,lane9:B2:s11->s10,pp_message,backward,2,-1,11,9,185,169,11,10,-1,p2p,98176190,0,0,4712346,93463844,,,10754845954,10853022144,rank185:B2,0,1785477744808590481,1785477755563436435,1785477755661612625
55,lane9:B3:s12->s11,pp_message,backward,3,-1,12,9,201,185,12,11,-1,p2p,98176190,0,0,4712346,93463844,,,10758201464,10856377654,rank201:B3,0,1785477744808590481,1785477755566791945,1785477755664968135
55,rank169:B2,compute,backward,2,169,10,9,169,169,10,10,6,cooldown,683087578,683087578,0,0,0,1.7854777556827553e+18,1.785477756365843e+18,10853022144,11536109722,lane9:B2:s11->s10,454389324,1785477744808590481,1785477755661612625,1785477756344700203
55,rank185:B3,compute,backward,3,185,11,9,185,185,11,11,7,cooldown,685283947,685283947,0,0,0,1.7854777557038945e+18,1.7854777563891786e+18,10856377654,11541661601,lane9:B3:s12->s11,101531700,1785477744808590481,1785477755664968135,1785477756350252082
55,lane9:B0:s8->s7,pp_message,backward,0,-1,8,9,137,121,8,7,-1,p2p,98176190,0,0,4712346,93463844,,,10914057895,11012234085,rank137:B0,0,1785477744808590481,1785477755722648376,1785477755820824566
55,rank121:B0,compute,backward,0,121,7,9,121,121,7,7,4,cooldown,684635357,684635357,0,0,0,1.785477755839049e+18,1.7854777565236844e+18,11012234085,11696869442,lane9:B0:s8->s7,7314834043,1785477744808590481,1785477755820824566,1785477756505459923
55,lane9:B1:s9->s8,pp_message,backward,1,-1,9,9,153,137,9,8,-1,p2p,98176190,0,0,4712346,93463844,,,11211840831,11310017021,rank153:B1,0,1785477744808590481,1785477756020431312,1785477756118607502
55,rank137:B1,compute,backward,1,137,8,9,137,137,8,8,5,cooldown,712450743,712450743,0,0,0,1.7854777561391526e+18,1.7854777568516035e+18,11310017021,12022467764,lane9:B1:s9->s8,395959126,1785477744808590481,1785477756118607502,1785477756831058245
55,lane9:B2:s10->s9,pp_message,backward,2,-1,10,9,169,153,10,9,-1,p2p,98176190,0,0,4712346,93463844,,,11536109722,11634285912,rank169:B2,0,1785477744808590481,1785477756344700203,1785477756442876393
55,lane9:B3:s11->s10,pp_message,backward,3,-1,11,9,185,169,11,10,-1,p2p,98176190,0,0,4712346,93463844,,,11541661601,11639837791,rank185:B3,0,1785477744808590481,1785477756350252082,1785477756448428272
55,rank153:B2,compute,backward,2,153,9,9,153,153,9,9,6,cooldown,705276723,705276723,0,0,0,1.7854777564644116e+18,1.7854777571696883e+18,11634285912,12339562635,lane9:B2:s10->s9,422445081,1785477744808590481,1785477756442876393,1785477757148153116
55,rank169:B3,compute,backward,3,169,10,9,169,169,10,10,7,cooldown,683629507,683629507,0,0,0,1.7854777564871718e+18,1.7854777571708014e+18,11639837791,12323467298,lane9:B3:s11->s10,103728069,1785477744808590481,1785477756448428272,1785477757132057779
55,lane9:B0:s7->s6,pp_message,backward,0,-1,7,9,121,105,7,6,-1,p2p,98176190,0,0,4712346,93463844,,,11696869442,11795045632,rank121:B0,0,1785477744808590481,1785477756505459923,1785477756603636113
55,rank105:B0,compute,backward,0,105,6,9,105,105,6,6,4,cooldown,697715348,697715348,0,0,0,1.7854777566228324e+18,1.7854777573205478e+18,11795045632,12492760980,lane9:B0:s7->s6,8411851915,1785477744808590481,1785477756603636113,1785477757301351461
55,lane9:B1:s8->s7,pp_message,backward,1,-1,8,9,137,121,8,7,-1,p2p,98176190,0,0,4712346,93463844,,,12022467764,12120643954,rank137:B1,0,1785477744808590481,1785477756831058245,1785477756929234435
55,rank121:B1,compute,backward,1,121,7,9,121,121,7,7,5,cooldown,685571178,685571178,0,0,0,1.7854777569508828e+18,1.7854777576364541e+18,12120643954,12806215132,lane9:B1:s8->s7,423774512,1785477744808590481,1785477756929234435,1785477757614805613
55,lane9:B3:s10->s9,pp_message,backward,3,-1,10,9,169,153,10,9,-1,p2p,98176190,0,0,4712346,93463844,,,12323467298,12421643488,rank169:B3,0,1785477744808590481,1785477757132057779,1785477757230233969
55,lane9:B2:s9->s8,pp_message,backward,2,-1,9,9,153,137,9,8,-1,p2p,98176190,0,0,4712346,93463844,,,12339562635,12437738825,rank153:B2,0,1785477744808590481,1785477757148153116,1785477757246329306
55,rank137:B2,compute,backward,2,137,8,9,137,137,8,8,6,cooldown,693376862,693376862,0,0,0,1.7854777572663135e+18,1.7854777579596905e+18,12437738825,13131115687,lane9:B2:s9->s8,415271061,1785477744808590481,1785477757246329306,1785477757939706168
55,rank153:B3,compute,backward,3,153,9,9,153,153,9,9,7,cooldown,719555612,719555612,0,0,0,1.785477757271459e+18,1.7854777579910147e+18,12437738825,13157294437,lane9:B2:s9->s8,98176190,1785477744808590481,1785477757246329306,1785477757965884918
55,lane9:B0:s6->s5,pp_message,backward,0,-1,6,9,105,89,6,5,-1,p2p,98176190,0,0,4712346,93463844,,,12492760980,12590937170,rank105:B0,0,1785477744808590481,1785477757301351461,1785477757399527651
55,rank89:B0,compute,backward,0,89,5,9,89,89,5,5,4,cooldown,691097012,691097012,0,0,0,1.7854777574192886e+18,1.7854777581103857e+18,12590937170,13282034182,lane9:B0:s6->s5,9547988993,1785477744808590481,1785477757399527651,1785477758090624663
55,lane9:B1:s7->s6,pp_message,backward,1,-1,7,9,121,105,7,6,-1,p2p,98176190,0,0,4712346,93463844,,,12806215132,12904391322,rank121:B1,0,1785477744808590481,1785477757614805613,1785477757712981803
55,rank105:B1,compute,backward,1,105,6,9,105,105,6,6,5,cooldown,694028645,694028645,0,0,0,1.7854777577361792e+18,1.7854777584302077e+18,12904391322,13598419967,lane9:B1:s7->s6,411630342,1785477744808590481,1785477757712981803,1785477758407010448
55,lane9:B2:s8->s7,pp_message,backward,2,-1,8,9,137,121,8,7,-1,p2p,98176190,0,0,4712346,93463844,,,13131115687,13229291877,rank137:B2,0,1785477744808590481,1785477757939706168,1785477758037882358
55,lane9:B3:s9->s8,pp_message,backward,3,-1,9,9,153,137,9,8,-1,p2p,98176190,0,0,4712346,93463844,,,13157294437,13255470627,rank153:B3,0,1785477744808590481,1785477757965884918,1785477758064061108
55,rank121:B2,compute,backward,2,121,7,9,121,121,7,7,6,cooldown,684608942,684608942,0,0,0,1.7854777580586499e+18,1.785477758743259e+18,13229291877,13913900819,lane9:B2:s8->s7,423076745,1785477744808590481,1785477758037882358,1785477758722491300
55,rank137:B3,compute,backward,3,137,8,9,137,137,8,8,7,cooldown,719157876,719157876,0,0,0,1.7854777580897976e+18,1.7854777588089556e+18,13255470627,13974628503,lane9:B3:s9->s8,124354940,1785477744808590481,1785477758064061108,1785477758783218984
55,lane9:B0:s5->s4,pp_message,backward,0,-1,5,9,89,73,5,4,-1,p2p,98176190,0,0,4712346,93463844,,,13282034182,13380210372,rank89:B0,0,1785477744808590481,1785477758090624663,1785477758188800853
55,rank73:B0,compute,backward,0,73,4,9,73,73,4,4,4,cooldown,700631752,700631752,0,0,0,1.7854777582092662e+18,1.785477758909898e+18,13380210372,14080842124,lane9:B0:s5->s4,10765941922,1785477744808590481,1785477758188800853,1785477758889432605
55,lane9:B1:s6->s5,pp_message,backward,1,-1,6,9,105,89,6,5,-1,p2p,98176190,0,0,4712346,93463844,,,13598419967,13696596157,rank105:B1,0,1785477744808590481,1785477758407010448,1785477758505186638
55,rank89:B1,compute,backward,1,89,5,9,89,89,5,5,5,cooldown,688847064,688847064,0,0,0,1.7854777585287552e+18,1.7854777592176023e+18,13696596157,14385443221,lane9:B1:s6->s5,414561975,1785477744808590481,1785477758505186638,1785477759194033702
55,lane9:B2:s7->s6,pp_message,backward,2,-1,7,9,121,105,7,6,-1,p2p,98176190,0,0,4712346,93463844,,,13913900819,14012077009,rank121:B2,0,1785477744808590481,1785477758722491300,1785477758820667490
55,lane9:B3:s8->s7,pp_message,backward,3,-1,8,9,137,121,8,7,-1,p2p,98176190,0,0,4712346,93463844,,,13974628503,14072804693,rank137:B3,0,1785477744808590481,1785477758783218984,1785477758881395174
55,rank105:B2,compute,backward,2,105,6,9,105,105,6,6,6,cooldown,695273618,695273618,0,0,0,1.785477758843284e+18,1.7854777595385577e+18,14012077009,14707350627,lane9:B2:s7->s6,413657042,1785477744808590481,1785477758820667490,1785477759515941108
55,rank121:B3,compute,backward,3,121,7,9,121,121,7,7,7,cooldown,681625908,681625908,0,0,0,1.785477758907186e+18,1.7854777595888118e+18,14072804693,14754430601,lane9:B3:s8->s7,158903874,1785477744808590481,1785477758881395174,1785477759563021082
55,lane9:B0:s4->s3,pp_message,backward,0,-1,4,9,73,57,4,3,-1,p2p,98176190,0,0,4712346,93463844,,,14080842124,14179018314,rank73:B0,0,1785477744808590481,1785477758889432605,1785477758987608795
55,rank57:B0,compute,backward,0,57,3,9,57,57,3,3,4,cooldown,724522813,724522813,0,0,0,1.785477759009336e+18,1.7854777597338588e+18,14179018314,14903541127,lane9:B0:s4->s3,11899241447,1785477744808590481,1785477758987608795,1785477759712131608
55,lane9:B1:s5->s4,pp_message,backward,1,-1,5,9,89,73,5,4,-1,p2p,98176190,0,0,4712346,93463844,,,14385443221,14483619411,rank89:B1,0,1785477744808590481,1785477759194033702,1785477759292209892
55,rank73:B1,compute,backward,1,73,4,9,73,73,4,4,5,cooldown,698733970,698733970,0,0,0,1.7854777593152e+18,1.7854777600139338e+18,14483619411,15182353381,lane9:B1:s5->s4,402777287,1785477744808590481,1785477759292209892,1785477759990943862
55,lane9:B2:s6->s5,pp_message,backward,2,-1,6,9,105,89,6,5,-1,p2p,98176190,0,0,4712346,93463844,,,14707350627,14805526817,rank105:B2,0,1785477744808590481,1785477759515941108,1785477759614117298
55,lane9:B3:s7->s6,pp_message,backward,3,-1,7,9,121,105,7,6,-1,p2p,98176190,0,0,4712346,93463844,,,14754430601,14852606791,rank121:B3,0,1785477744808590481,1785477759563021082,1785477759661197272
55,rank89:B2,compute,backward,2,89,5,9,89,89,5,5,6,cooldown,690127700,690127700,0,0,0,1.7854777596364262e+18,1.785477760326554e+18,14805526817,15495654517,lane9:B2:s6->s5,420083596,1785477744808590481,1785477759614117298,1785477760304244998
55,rank105:B3,compute,backward,3,105,6,9,105,105,6,6,7,cooldown,695770890,695770890,0,0,0,1.7854777596880476e+18,1.7854777603838185e+18,14852606791,15548377681,lane9:B3:s7->s6,145256164,1785477744808590481,1785477759661197272,1785477760356968162
55,lane9:B0:s3->s2,pp_message,backward,0,-1,3,9,57,41,3,2,-1,p2p,98176190,0,0,4712346,93463844,,,14903541127,15001717317,rank57:B0,0,1785477744808590481,1785477759712131608,1785477759810307798
55,rank41:B0,compute,backward,0,41,2,9,41,41,2,2,4,cooldown,706004888,706004888,0,0,0,1.785477759833107e+18,1.7854777605391117e+18,15001717317,15707722205,lane9:B0:s3->s2,13145644382,1785477744808590481,1785477759810307798,1785477760516312686
55,lane9:B1:s4->s3,pp_message,backward,1,-1,4,9,73,57,4,3,-1,p2p,98176190,0,0,4712346,93463844,,,15182353381,15280529571,rank73:B1,0,1785477744808590481,1785477759990943862,1785477760089120052
55,rank57:B1,compute,backward,1,57,3,9,57,57,3,3,5,cooldown,697833694,697833694,0,0,0,1.7854777601121846e+18,1.7854777608100183e+18,15280529571,15978363265,lane9:B1:s4->s3,376988444,1785477744808590481,1785477760089120052,1785477760786953746
55,lane9:B2:s5->s4,pp_message,backward,2,-1,5,9,89,73,5,4,-1,p2p,98176190,0,0,4712346,93463844,,,15495654517,15593830707,rank89:B2,0,1785477744808590481,1785477760304244998,1785477760402421188
55,lane9:B3:s6->s5,pp_message,backward,3,-1,6,9,105,89,6,5,-1,p2p,98176190,0,0,4712346,93463844,,,15548377681,15646553871,rank105:B3,0,1785477744808590481,1785477760356968162,1785477760455144352
55,rank73:B2,compute,backward,2,73,4,9,73,73,4,4,6,cooldown,699928100,699928100,0,0,0,1.7854777604237642e+18,1.7854777611236923e+18,15593830707,16293758807,lane9:B2:s5->s4,411477326,1785477744808590481,1785477760402421188,1785477761102349288
55,rank89:B3,compute,backward,3,89,5,9,89,89,5,5,7,cooldown,689349754,689349754,0,0,0,1.7854777604820772e+18,1.785477761171427e+18,15646553871,16335903625,lane9:B3:s6->s5,150899354,1785477744808590481,1785477760455144352,1785477761144494106
55,lane9:B0:s2->s1,pp_message,backward,0,-1,2,9,41,25,2,1,-1,p2p,98176190,0,0,4712346,93463844,,,15707722205,15805898395,rank41:B0,0,1785477744808590481,1785477760516312686,1785477760614488876
55,rank25:B0,compute,backward,0,25,1,9,25,25,1,1,4,cooldown,723085077,723085077,0,0,0,1.7854777606384192e+18,1.7854777613615043e+18,15805898395,16528983472,lane9:B0:s2->s1,14306969608,1785477744808590481,1785477760614488876,1785477761337573953
55,lane9:B1:s3->s2,pp_message,backward,1,-1,3,9,57,41,3,2,-1,p2p,98176190,0,0,4712346,93463844,,,15978363265,16076539455,rank57:B1,0,1785477744808590481,1785477760786953746,1785477760885129936
55,rank41:B1,compute,backward,1,41,2,9,41,41,2,2,5,cooldown,759368744,759368744,0,0,0,1.7854777609076145e+18,1.7854777616669832e+18,16076539455,16835908199,lane9:B1:s3->s2,368817250,1785477744808590481,1785477760885129936,1785477761644498680
55,lane9:B2:s4->s3,pp_message,backward,2,-1,4,9,73,57,4,3,-1,p2p,98176190,0,0,4712346,93463844,,,16293758807,16391934997,rank73:B2,0,1785477744808590481,1785477761102349288,1785477761200525478
55,lane9:B3:s5->s4,pp_message,backward,3,-1,5,9,89,73,5,4,-1,p2p,98176190,0,0,4712346,93463844,,,16335903625,16434079815,rank89:B3,0,1785477744808590481,1785477761144494106,1785477761242670296
55,rank57:B2,compute,backward,2,57,3,9,57,57,3,3,6,cooldown,693147490,693147490,0,0,0,1.7854777612220035e+18,1.7854777619151508e+18,16391934997,17085082487,lane9:B2:s4->s3,413571732,1785477744808590481,1785477761200525478,1785477761893672968
55,rank73:B3,compute,backward,3,73,4,9,73,73,4,4,7,cooldown,699446892,699446892,0,0,0,1.7854777612687665e+18,1.7854777619682132e+18,16434079815,17133526707,lane9:B3:s5->s4,140321008,1785477744808590481,1785477761242670296,1785477761942117188
55,lane9:B0:s1->s0,pp_message,backward,0,-1,1,9,25,9,1,0,-1,p2p,98176190,0,0,4712346,93463844,,,16528983472,16627159662,rank25:B0,0,1785477744808590481,1785477761337573953,1785477761435750143
55,rank9:B0,compute,backward,0,9,0,9,9,9,0,0,4,cooldown,409061867,409061867,0,0,0,1.7854777614614587e+18,1.7854777618705206e+18,16627159662,17036221529,lane9:B0:s1->s0,15958077114,1785477744808590481,1785477761435750143,1785477761844812010
55,lane9:B1:s2->s1,pp_message,backward,1,-1,2,9,41,25,2,1,-1,p2p,98176190,0,0,4712346,93463844,,,16835908199,16934084389,rank41:B1,0,1785477744808590481,1785477761644498680,1785477761742674870
55,rank25:B1,compute,backward,1,25,1,9,25,25,1,1,5,cooldown,725982618,725982618,0,0,0,1.7854777617658207e+18,1.7854777624918034e+18,16934084389,17660067007,lane9:B1:s2->s1,405100917,1785477744808590481,1785477761742674870,1785477762468657488
55,lane9:B2:s3->s2,pp_message,backward,2,-1,3,9,57,41,3,2,-1,p2p,98176190,0,0,4712346,93463844,,,17085082487,17183258677,rank57:B2,0,1785477744808590481,1785477761893672968,1785477761991849158
55,lane9:B3:s4->s3,pp_message,backward,3,-1,4,9,73,57,4,3,-1,p2p,98176190,0,0,4712346,93463844,,,17133526707,17231702897,rank73:B3,0,1785477744808590481,1785477761942117188,1785477762040293378
55,rank41:B2,compute,backward,2,41,2,9,41,41,2,2,6,cooldown,709343747,709343747,0,0,0,1.7854777620137567e+18,1.7854777627231004e+18,17183258677,17892602424,lane9:B2:s3->s2,347350478,1785477744808590481,1785477761991849158,1785477762701192905
55,rank57:B3,compute,backward,3,57,3,9,57,57,3,3,7,cooldown,692285588,692285588,0,0,0,1.7854777620662764e+18,1.7854777627585618e+18,17231702897,17923988485,lane9:B3:s4->s3,146620410,1785477744808590481,1785477762040293378,1785477762732578966
55,lane9:B1:s1->s0,pp_message,backward,1,-1,1,9,25,9,1,0,-1,p2p,98176190,0,0,4712346,93463844,,,17660067007,17758243197,rank25:B1,0,1785477744808590481,1785477762468657488,1785477762566833678
55,rank9:B1,compute,backward,1,9,0,9,9,9,0,0,5,cooldown,415421906,415421906,0,0,0,1.7854777625905674e+18,1.785477763005989e+18,17758243197,18173665103,lane9:B1:s1->s0,722021668,1785477744808590481,1785477762566833678,1785477762982255584
55,lane9:B2:s2->s1,pp_message,backward,2,-1,2,9,41,25,2,1,-1,p2p,98176190,0,0,4712346,93463844,,,17892602424,17990778614,rank41:B2,0,1785477744808590481,1785477762701192905,1785477762799369095
55,lane9:B3:s3->s2,pp_message,backward,3,-1,3,9,57,41,3,2,-1,p2p,98176190,0,0,4712346,93463844,,,17923988485,18022164675,rank57:B3,0,1785477744808590481,1785477762732578966,1785477762830755156
55,rank25:B2,compute,backward,2,25,1,9,25,25,1,1,6,cooldown,724784918,724784918,0,0,0,1.7854777628204767e+18,1.7854777635452616e+18,17990778614,18715563532,lane9:B2:s2->s1,330711607,1785477744808590481,1785477762799369095,1785477763524154013
55,rank41:B3,compute,backward,3,41,2,9,41,41,2,2,7,cooldown,706355801,706355801,0,0,0,1.7854777628566356e+18,1.7854777635629914e+18,18022164675,18728520476,lane9:B3:s3->s2,129562251,1785477744808590481,1785477762830755156,1785477763537110957
55,lane9:B2:s1->s0,pp_message,backward,2,-1,1,9,25,9,1,0,-1,p2p,98176190,0,0,4712346,93463844,,,18715563532,18813739722,rank25:B2,0,1785477744808590481,1785477763524154013,1785477763622330203
55,lane9:B3:s2->s1,pp_message,backward,3,-1,2,9,41,25,2,1,-1,p2p,98176190,0,0,4712346,93463844,,,18728520476,18826696666,rank41:B3,0,1785477744808590481,1785477763537110957,1785477763635287147
55,rank9:B2,compute,backward,2,9,0,9,9,9,0,0,6,cooldown,408173792,408173792,0,0,0,1.7854777636448614e+18,1.785477764053035e+18,18813739722,19221913514,lane9:B2:s1->s0,640074619,1785477744808590481,1785477763622330203,1785477764030503995
55,rank25:B3,compute,backward,3,25,1,9,25,25,1,1,7,cooldown,731179955,731179955,0,0,0,1.7854777636602977e+18,1.7854777643914778e+18,18826696666,19557876621,lane9:B3:s2->s1,111133134,1785477744808590481,1785477763635287147,1785477764366467102
55,lane9:B3:s1->s0,pp_message,backward,3,-1,1,9,25,9,1,0,-1,p2p,98176190,0,0,4712346,93463844,,,19557876621,19656052811,rank25:B3,0,1785477744808590481,1785477764366467102,1785477764464643292
55,rank9:B3,compute,backward,3,9,0,9,9,9,0,0,7,cooldown,406679142,406679142,0,0,0,1.7854777644872924e+18,1.7854777648939715e+18,19656052811,20062731953,lane9:B3:s1->s0,434139297,1785477744808590481,1785477764464643292,1785477764871322434
55,rank10:F0,compute,forward,0,10,0,10,10,10,0,0,0,warmup,160249201,160249201,0,0,0,1.7854777448092483e+18,1.7854777449694973e+18,0,160249201,,0,1785477744809248162,1785477744809248162,1785477744969497363
55,lane10:F0:s0->s1,pp_message,forward,0,-1,0,10,10,26,0,1,-1,p2p,4712346,0,0,4712346,0,,,160249201,164961547,rank10:F0,0,1785477744809248162,1785477744969497363,1785477744974209709
55,rank10:F1,compute,forward,1,10,0,10,10,10,0,0,1,warmup,157700099,157700099,0,0,0,1.7854777449753124e+18,1.7854777451330125e+18,164961547,322661646,lane10:F0:s0->s1,4712346,1785477744809248162,1785477744974209709,1785477745131909808
55,rank26:F0,compute,forward,0,26,1,10,26,26,1,1,0,warmup,323014327,323014327,0,0,0,1.7854777449753034e+18,1.7854777452983176e+18,164961547,487975874,lane10:F0:s0->s1,164961547,1785477744809248162,1785477744974209709,1785477745297224036
55,lane10:F1:s0->s1,pp_message,forward,1,-1,0,10,10,26,0,1,-1,p2p,4712346,0,0,4712346,0,,,322661646,327373992,rank10:F1,0,1785477744809248162,1785477745131909808,1785477745136622154
55,rank10:F2,compute,forward,2,10,0,10,10,10,0,0,2,warmup,156925936,156925936,0,0,0,1.7854777453099016e+18,1.7854777454668275e+18,327373992,484299928,lane10:F1:s0->s1,4712346,1785477744809248162,1785477745136622154,1785477745293548090
55,lane10:F2:s0->s1,pp_message,forward,2,-1,0,10,10,26,0,1,-1,p2p,4712346,0,0,4712346,0,,,484299928,489012274,rank10:F2,0,1785477744809248162,1785477745293548090,1785477745298260436
55,lane10:F0:s1->s2,pp_message,forward,0,-1,1,10,26,42,1,2,-1,p2p,4712346,0,0,4712346,0,,,487975874,492688220,rank26:F0,0,1785477744809248162,1785477745297224036,1785477745301936382
55,rank10:F3,compute,forward,3,10,0,10,10,10,0,0,3,warmup,176928771,176928771,0,0,0,1.785477745664384e+18,1.7854777458413128e+18,489012274,665941045,lane10:F2:s0->s1,4712346,1785477744809248162,1785477745298260436,1785477745475189207
55,rank26:F1,compute,forward,1,26,1,10,26,26,1,1,1,warmup,326391543,326391543,0,0,0,1.7854777453098166e+18,1.785477745636208e+18,492688220,819079763,lane10:F0:s1->s2,4712346,1785477744809248162,1785477745301936382,1785477745628327925
55,rank42:F0,compute,forward,0,42,2,10,42,42,2,2,0,warmup,343797396,343797396,0,0,0,1.7854777453039757e+18,1.7854777456477732e+18,492688220,836485616,lane10:F0:s1->s2,492688220,1785477744809248162,1785477745301936382,1785477745645733778
55,lane10:F3:s0->s1,pp_message,forward,3,-1,0,10,10,26,0,1,-1,p2p,4712346,0,0,4712346,0,,,665941045,670653391,rank10:F3,0,1785477744809248162,1785477745475189207,1785477745479901553
55,lane10:F1:s1->s2,pp_message,forward,1,-1,1,10,26,42,1,2,-1,p2p,4712346,0,0,4712346,0,,,819079763,823792109,rank26:F1,0,1785477744809248162,1785477745628327925,1785477745633040271
55,rank26:F2,compute,forward,2,26,1,10,26,26,1,1,2,warmup,341396484,341396484,0,0,0,1.785477745664168e+18,1.7854777460055644e+18,823792109,1165188593,lane10:F1:s1->s2,4712346,1785477744809248162,1785477745633040271,1785477745974436755
55,lane10:F0:s2->s3,pp_message,forward,0,-1,2,10,42,58,2,3,-1,p2p,4712346,0,0,4712346,0,,,836485616,841197962,rank42:F0,0,1785477744809248162,1785477745645733778,1785477745650446124
55,rank42:F1,compute,forward,1,42,2,10,42,42,2,2,1,warmup,336288850,336288850,0,0,0,1.7854777456583588e+18,1.7854777459946476e+18,841197962,1177486812,lane10:F0:s2->s3,4712346,1785477744809248162,1785477745650446124,1785477745986734974
55,rank58:F0,compute,forward,0,58,3,10,58,58,3,3,0,warmup,407660726,407660726,0,0,0,1.7854777456527972e+18,1.785477746060458e+18,841197962,1248858688,lane10:F0:s2->s3,841197962,1785477744809248162,1785477745650446124,1785477746058106850
55,lane10:F2:s1->s2,pp_message,forward,2,-1,1,10,26,42,1,2,-1,p2p,4712346,0,0,4712346,0,,,1165188593,1169900939,rank26:F2,0,1785477744809248162,1785477745974436755,1785477745979149101
55,rank26:F3,compute,forward,3,26,1,10,26,26,1,1,3,warmup,324660255,324660255,0,0,0,1.7854777460824827e+18,1.785477746407143e+18,1169900939,1494561194,lane10:F2:s1->s2,4712346,1785477744809248162,1785477745979149101,1785477746303809356
55,lane10:F1:s2->s3,pp_message,forward,1,-1,2,10,42,58,2,3,-1,p2p,4712346,0,0,4712346,0,,,1177486812,1182199158,rank42:F1,0,1785477744809248162,1785477745986734974,1785477745991447320
55,rank42:F2,compute,forward,2,42,2,10,42,42,2,2,2,warmup,319177817,319177817,0,0,0,1.785477746076655e+18,1.7854777463958328e+18,1182199158,1501376975,lane10:F1:s2->s3,4712346,1785477744809248162,1785477745991447320,1785477746310625137
55,lane10:F0:s3->s4,pp_message,forward,0,-1,3,10,58,74,3,4,-1,p2p,4712346,0,0,4712346,0,,,1248858688,1253571034,rank58:F0,0,1785477744809248162,1785477746058106850,1785477746062819196
55,rank58:F1,compute,forward,1,58,3,10,58,58,3,3,1,warmup,352890557,352890557,0,0,0,1.7854777460705014e+18,1.785477746423392e+18,1253571034,1606461591,lane10:F0:s3->s4,4712346,1785477744809248162,1785477746062819196,1785477746415709753
55,rank74:F0,compute,forward,0,74,4,10,74,74,4,4,0,warmup,318494355,318494355,0,0,0,1.7854777460658094e+18,1.7854777463843039e+18,1253571034,1572065389,lane10:F0:s3->s4,1253571034,1785477744809248162,1785477746062819196,1785477746381313551
55,lane10:F3:s1->s2,pp_message,forward,3,-1,1,10,26,42,1,2,-1,p2p,4712346,0,0,4712346,0,,,1494561194,1499273540,rank26:F3,0,1785477744809248162,1785477746303809356,1785477746308521702
55,lane10:F2:s2->s3,pp_message,forward,2,-1,2,10,42,58,2,3,-1,p2p,4712346,0,0,4712346,0,,,1501376975,1506089321,rank42:F2,0,1785477744809248162,1785477746310625137,1785477746315337483
55,rank42:F3,compute,forward,3,42,2,10,42,42,2,2,3,warmup,346563252,346563252,0,0,0,1.785477746439113e+18,1.7854777467856763e+18,1506089321,1852652573,lane10:F2:s2->s3,4712346,1785477744809248162,1785477746315337483,1785477746661900735
55,lane10:F0:s4->s5,pp_message,forward,0,-1,4,10,74,90,4,5,-1,p2p,4712346,0,0,4712346,0,,,1572065389,1576777735,rank74:F0,0,1785477744809248162,1785477746381313551,1785477746386025897
55,rank90:F0,compute,forward,0,90,5,10,90,90,5,5,0,warmup,314931813,314931813,0,0,0,1.7854777463897792e+18,1.785477746704711e+18,1576777735,1891709548,lane10:F0:s4->s5,1576777735,1785477744809248162,1785477746386025897,1785477746700957710
55,lane10:F1:s3->s4,pp_message,forward,1,-1,3,10,58,74,3,4,-1,p2p,4712346,0,0,4712346,0,,,1606461591,1611173937,rank58:F1,0,1785477744809248162,1785477746415709753,1785477746420422099
55,rank58:F2,compute,forward,2,58,3,10,58,58,3,3,2,warmup,337585621,337585621,0,0,0,1.785477746433447e+18,1.7854777467710323e+18,1611173937,1948759558,lane10:F1:s3->s4,4712346,1785477744809248162,1785477746420422099,1785477746758007720
55,rank74:F1,compute,forward,1,74,4,10,74,74,4,4,1,warmup,318168071,318168071,0,0,0,1.7854777464285862e+18,1.7854777467467543e+18,1611173937,1929342008,lane10:F1:s3->s4,39108548,1785477744809248162,1785477746420422099,1785477746738590170
55,lane10:F3:s2->s3,pp_message,forward,3,-1,2,10,42,58,2,3,-1,p2p,4712346,0,0,4712346,0,,,1852652573,1857364919,rank42:F3,0,1785477744809248162,1785477746661900735,1785477746666613081
55,lane10:F0:s5->s6,pp_message,forward,0,-1,5,10,90,106,5,6,-1,p2p,4712346,0,0,4712346,0,,,1891709548,1896421894,rank90:F0,0,1785477744809248162,1785477746700957710,1785477746705670056
55,rank106:F0,compute,forward,0,106,6,10,106,106,6,6,0,warmup,316125629,316125629,0,0,0,1.7854777467103465e+18,1.7854777470264722e+18,1896421894,2212547523,lane10:F0:s5->s6,1896421894,1785477744809248162,1785477746705670056,1785477747021795685
55,lane10:F1:s4->s5,pp_message,forward,1,-1,4,10,74,90,4,5,-1,p2p,4712346,0,0,4712346,0,,,1929342008,1934054354,rank74:F1,0,1785477744809248162,1785477746738590170,1785477746743302516
55,rank90:F1,compute,forward,1,90,5,10,90,90,5,5,1,warmup,473341394,473341394,0,0,0,1.785477746751904e+18,1.7854777472252454e+18,1934054354,2407395748,lane10:F1:s4->s5,42344806,1785477744809248162,1785477746743302516,1785477747216643910
55,lane10:F2:s3->s4,pp_message,forward,2,-1,3,10,58,74,3,4,-1,p2p,4712346,0,0,4712346,0,,,1948759558,1953471904,rank58:F2,0,1785477744809248162,1785477746758007720,1785477746762720066
55,rank58:F3,compute,forward,3,58,3,10,58,58,3,3,3,warmup,325569034,325569034,0,0,0,1.785477746790774e+18,1.785477747116343e+18,1953471904,2279040938,lane10:F2:s3->s4,4712346,1785477744809248162,1785477746762720066,1785477747088289100
55,rank74:F2,compute,forward,2,74,4,10,74,74,4,4,2,warmup,317245410,317245410,0,0,0,1.78547774677608e+18,1.7854777470933253e+18,1953471904,2270717314,lane10:F2:s3->s4,24129896,1785477744809248162,1785477746762720066,1785477747079965476
55,lane10:F0:s6->s7,pp_message,forward,0,-1,6,10,106,122,6,7,-1,p2p,4712346,0,0,4712346,0,,,2212547523,2217259869,rank106:F0,0,1785477744809248162,1785477747021795685,1785477747026508031
55,rank122:F0,compute,forward,0,122,7,10,122,122,7,7,0,warmup,322703369,322703369,0,0,0,1.7854777470319014e+18,1.7854777473546048e+18,2217259869,2539963238,lane10:F0:s6->s7,2217259869,1785477744809248162,1785477747026508031,1785477747349211400
55,lane10:F2:s4->s5,pp_message,forward,2,-1,4,10,74,90,4,5,-1,p2p,4712346,0,0,4712346,0,,,2270717314,2275429660,rank74:F2,0,1785477744809248162,1785477747079965476,1785477747084677822
55,lane10:F3:s3->s4,pp_message,forward,3,-1,3,10,58,74,3,4,-1,p2p,4712346,0,0,4712346,0,,,2279040938,2283753284,rank58:F3,0,1785477744809248162,1785477747088289100,1785477747093001446
55,rank74:F3,compute,forward,3,74,4,10,74,74,4,4,3,warmup,318017339,318017339,0,0,0,1.7854777472407324e+18,1.7854777475587497e+18,2283753284,2601770623,lane10:F3:s3->s4,13035970,1785477744809248162,1785477747093001446,1785477747411018785
55,lane10:F1:s5->s6,pp_message,forward,1,-1,5,10,90,106,5,6,-1,p2p,4712346,0,0,4712346,0,,,2407395748,2412108094,rank90:F1,0,1785477744809248162,1785477747216643910,1785477747221356256
55,rank106:F1,compute,forward,1,106,6,10,106,106,6,6,1,warmup,316003381,316003381,0,0,0,1.7854777472303265e+18,1.7854777475463299e+18,2412108094,2728111475,lane10:F1:s5->s6,199560571,1785477744809248162,1785477747221356256,1785477747537359637
55,rank90:F2,compute,forward,2,90,5,10,90,90,5,5,2,warmup,312796069,312796069,0,0,0,1.785477747235465e+18,1.785477747548261e+18,2412108094,2724904163,lane10:F1:s5->s6,4712346,1785477744809248162,1785477747221356256,1785477747534152325
55,lane10:F0:s7->s8,pp_message,forward,0,-1,7,10,122,138,7,8,-1,p2p,4712346,0,0,4712346,0,,,2539963238,2544675584,rank122:F0,0,1785477744809248162,1785477747349211400,1785477747353923746
55,rank138:F0,compute,forward,0,138,8,10,138,138,8,8,0,warmup,315213872,315213872,0,0,0,1.7854777473599485e+18,1.7854777476751624e+18,2544675584,2859889456,lane10:F0:s7->s8,2544675584,1785477744809248162,1785477747353923746,1785477747669137618
55,lane10:F3:s4->s5,pp_message,forward,3,-1,4,10,74,90,4,5,-1,p2p,4712346,0,0,4712346,0,,,2601770623,2606482969,rank74:F3,0,1785477744809248162,1785477747411018785,1785477747415731131
55,lane10:F2:s5->s6,pp_message,forward,2,-1,5,10,90,106,5,6,-1,p2p,4712346,0,0,4712346,0,,,2724904163,2729616509,rank90:F2,0,1785477744809248162,1785477747534152325,1785477747538864671
55,lane10:F1:s6->s7,pp_message,forward,1,-1,6,10,106,122,6,7,-1,p2p,4712346,0,0,4712346,0,,,2728111475,2732823821,rank106:F1,0,1785477744809248162,1785477747537359637,1785477747542071983
55,rank90:F3,compute,forward,3,90,5,10,90,90,5,5,3,warmup,312649502,312649502,0,0,0,1.7854777475638764e+18,1.7854777478765258e+18,2729616509,3042266011,lane10:F2:s5->s6,4712346,1785477744809248162,1785477747538864671,1785477747851514173
55,rank106:F2,compute,forward,2,106,6,10,106,106,6,6,2,warmup,330103846,330103846,0,0,0,1.7854777475566715e+18,1.7854777478867753e+18,2732823821,3062927667,lane10:F1:s6->s7,4712346,1785477744809248162,1785477747542071983,1785477747872175829
55,rank122:F1,compute,forward,1,122,7,10,122,122,7,7,1,warmup,311093160,311093160,0,0,0,1.7854777475515807e+18,1.785477747862674e+18,2732823821,3043916981,lane10:F1:s6->s7,192860583,1785477744809248162,1785477747542071983,1785477747853165143
55,lane10:F0:s8->s9,pp_message,forward,0,-1,8,10,138,154,8,9,-1,p2p,4712346,0,0,4712346,0,,,2859889456,2864601802,rank138:F0,0,1785477744809248162,1785477747669137618,1785477747673849964
55,rank154:F0,compute,forward,0,154,9,10,154,154,9,9,0,warmup,322090948,322090948,0,0,0,1.7854777476809836e+18,1.7854777480030743e+18,2864601802,3186692750,lane10:F0:s8->s9,2864601802,1785477744809248162,1785477747673849964,1785477747995940912
55,lane10:F3:s5->s6,pp_message,forward,3,-1,5,10,90,106,5,6,-1,p2p,4712346,0,0,4712346,0,,,3042266011,3046978357,rank90:F3,0,1785477744809248162,1785477747851514173,1785477747856226519
55,lane10:F1:s7->s8,pp_message,forward,1,-1,7,10,122,138,7,8,-1,p2p,4712346,0,0,4712346,0,,,3043916981,3048629327,rank122:F1,0,1785477744809248162,1785477747853165143,1785477747857877489
55,rank138:F1,compute,forward,1,138,8,10,138,138,8,8,1,warmup,316948170,316948170,0,0,0,1.7854777478675932e+18,1.7854777481845414e+18,3048629327,3365577497,lane10:F1:s7->s8,188739871,1785477744809248162,1785477747857877489,1785477748174825659
55,lane10:F2:s6->s7,pp_message,forward,2,-1,6,10,106,122,6,7,-1,p2p,4712346,0,0,4712346,0,,,3062927667,3067640013,rank106:F2,0,1785477744809248162,1785477747872175829,1785477747876888175
55,rank106:F3,compute,forward,3,106,6,10,106,106,6,6,3,warmup,314499912,314499912,0,0,0,1.7854777478970148e+18,1.7854777482115146e+18,3067640013,3382139925,lane10:F2:s6->s7,4712346,1785477744809248162,1785477747876888175,1785477748191388087
55,rank122:F2,compute,forward,2,122,7,10,122,122,7,7,2,warmup,309432085,309432085,0,0,0,1.7854777478919862e+18,1.7854777482014182e+18,3067640013,3377072098,lane10:F2:s6->s7,23723032,1785477744809248162,1785477747876888175,1785477748186320260
55,lane10:F0:s9->s10,pp_message,forward,0,-1,9,10,154,170,9,10,-1,p2p,4712346,0,0,4712346,0,,,3186692750,3191405096,rank154:F0,0,1785477744809248162,1785477747995940912,1785477748000653258
55,rank170:F0,compute,forward,0,170,10,10,170,170,10,10,0,warmup,313222354,313222354,0,0,0,1.785477748008549e+18,1.7854777483217715e+18,3191405096,3504627450,lane10:F0:s9->s10,3191405096,1785477744809248162,1785477748000653258,1785477748313875612
55,lane10:F1:s8->s9,pp_message,forward,1,-1,8,10,138,154,8,9,-1,p2p,4712346,0,0,4712346,0,,,3365577497,3370289843,rank138:F1,0,1785477744809248162,1785477748174825659,1785477748179538005
55,rank154:F1,compute,forward,1,154,9,10,154,154,9,9,1,warmup,317693159,317693159,0,0,0,1.7854777481896707e+18,1.7854777485073638e+18,3370289843,3687983002,lane10:F1:s8->s9,183597093,1785477744809248162,1785477748179538005,1785477748497231164
55,lane10:F2:s7->s8,pp_message,forward,2,-1,7,10,122,138,7,8,-1,p2p,4712346,0,0,4712346,0,,,3377072098,3381784444,rank122:F2,0,1785477744809248162,1785477748186320260,1785477748191032606
55,rank138:F2,compute,forward,2,138,8,10,138,138,8,8,2,warmup,311684164,311684164,0,0,0,1.785477748206491e+18,1.7854777485181752e+18,3381784444,3693468608,lane10:F2:s7->s8,16206947,1785477744809248162,1785477748191032606,1785477748502716770
55,lane10:F3:s6->s7,pp_message,forward,3,-1,6,10,106,122,6,7,-1,p2p,4712346,0,0,4712346,0,,,3382139925,3386852271,rank106:F3,0,1785477744809248162,1785477748191388087,1785477748196100433
55,rank122:F3,compute,forward,3,122,7,10,122,122,7,7,3,warmup,309320242,309320242,0,0,0,1.785477748216749e+18,1.7854777485260692e+18,3386852271,3696172513,lane10:F3:s6->s7,9780173,1785477744809248162,1785477748196100433,1785477748505420675
55,lane10:F0:s10->s11,pp_message,forward,0,-1,10,10,170,186,10,11,-1,p2p,4712346,0,0,4712346,0,,,3504627450,3509339796,rank170:F0,0,1785477744809248162,1785477748313875612,1785477748318587958
55,rank186:F0,compute,forward,0,186,11,10,186,186,11,11,0,warmup,312595437,312595437,0,0,0,1.7854777483278134e+18,1.7854777486404088e+18,3509339796,3821935233,lane10:F0:s10->s11,3509339796,1785477744809248162,1785477748318587958,1785477748631183395
55,lane10:F1:s9->s10,pp_message,forward,1,-1,9,10,154,170,9,10,-1,p2p,4712346,0,0,4712346,0,,,3687983002,3692695348,rank154:F1,0,1785477744809248162,1785477748497231164,1785477748501943510
55,rank170:F1,compute,forward,1,170,10,10,170,170,10,10,1,warmup,310743036,310743036,0,0,0,1.785477748512435e+18,1.785477748823178e+18,3692695348,4003438384,lane10:F1:s9->s10,188067898,1785477744809248162,1785477748501943510,1785477748812686546
55,lane10:F2:s8->s9,pp_message,forward,2,-1,8,10,138,154,8,9,-1,p2p,4712346,0,0,4712346,0,,,3693468608,3698180954,rank138:F2,0,1785477744809248162,1785477748502716770,1785477748507429116
55,lane10:F3:s7->s8,pp_message,forward,3,-1,7,10,122,138,7,8,-1,p2p,4712346,0,0,4712346,0,,,3696172513,3700884859,rank122:F3,0,1785477744809248162,1785477748505420675,1785477748510133021
55,rank154:F2,compute,forward,2,154,9,10,154,154,9,9,2,warmup,316707334,316707334,0,0,0,1.785477748523262e+18,1.7854777488399693e+18,3698180954,4014888288,lane10:F2:s8->s9,10197952,1785477744809248162,1785477748507429116,1785477748824136450
55,rank138:F3,compute,forward,3,138,8,10,138,138,8,8,3,warmup,309980014,309980014,0,0,0,1.785477748531071e+18,1.785477748841051e+18,3700884859,4010864873,lane10:F3:s7->s8,7416251,1785477744809248162,1785477748510133021,1785477748820113035
55,lane10:F0:s11->s12,pp_message,forward,0,-1,11,10,186,202,11,12,-1,p2p,4712346,0,0,4712346,0,,,3821935233,3826647579,rank186:F0,0,1785477744809248162,1785477748631183395,1785477748635895741
55,rank202:F0,compute,forward,0,202,12,10,202,202,12,12,0,warmup,312185722,312185722,0,0,0,1.7854777486459277e+18,1.7854777489581135e+18,3826647579,4138833301,lane10:F0:s11->s12,3826647579,1785477744809248162,1785477748635895741,1785477748948081463
55,lane10:F1:s10->s11,pp_message,forward,1,-1,10,10,170,186,10,11,-1,p2p,4712346,0,0,4712346,0,,,4003438384,4008150730,rank170:F1,0,1785477744809248162,1785477748812686546,1785477748817398892
55,rank186:F1,compute,forward,1,186,11,10,186,186,11,11,1,warmup,308699870,308699870,0,0,0,1.7854777488282028e+18,1.7854777491369027e+18,4008150730,4316850600,lane10:F1:s10->s11,186215497,1785477744809248162,1785477748817398892,1785477749126098762
55,lane10:F3:s8->s9,pp_message,forward,3,-1,8,10,138,154,8,9,-1,p2p,4712346,0,0,4712346,0,,,4010864873,4015577219,rank138:F3,0,1785477744809248162,1785477748820113035,1785477748824825381
55,lane10:F2:s9->s10,pp_message,forward,2,-1,9,10,154,170,9,10,-1,p2p,4712346,0,0,4712346,0,,,4014888288,4019600634,rank154:F2,0,1785477744809248162,1785477748824136450,1785477748828848796
55,rank154:F3,compute,forward,3,154,9,10,154,154,9,9,3,warmup,318998538,318998538,0,0,0,1.7854777488500618e+18,1.7854777491690604e+18,4019600634,4338599172,lane10:F2:s9->s10,4712346,1785477744809248162,1785477748828848796,1785477749147847334
55,rank170:F2,compute,forward,2,170,10,10,170,170,10,10,2,warmup,310218666,310218666,0,0,0,1.7854777488450376e+18,1.7854777491552563e+18,4019600634,4329819300,lane10:F2:s9->s10,16162250,1785477744809248162,1785477748828848796,1785477749139067462
55,lane10:F0:s12->s13,pp_message,forward,0,-1,12,10,202,218,12,13,-1,p2p,4712346,0,0,4712346,0,,,4138833301,4143545647,rank202:F0,0,1785477744809248162,1785477748948081463,1785477748952793809
55,rank218:F0,compute,forward,0,218,13,10,218,218,13,13,0,warmup,315332753,315332753,0,0,0,1.7854777489640312e+18,1.785477749279364e+18,4143545647,4458878400,lane10:F0:s12->s13,4143545647,1785477744809248162,1785477748952793809,1785477749268126562
55,lane10:F1:s11->s12,pp_message,forward,1,-1,11,10,186,202,11,12,-1,p2p,4712346,0,0,4712346,0,,,4316850600,4321562946,rank186:F1,0,1785477744809248162,1785477749126098762,1785477749130811108
55,rank202:F1,compute,forward,1,202,12,10,202,202,12,12,1,warmup,307657483,307657483,0,0,0,1.785477749142113e+18,1.7854777494497705e+18,4321562946,4629220429,lane10:F1:s11->s12,182729645,1785477744809248162,1785477749130811108,1785477749438468591
55,lane10:F2:s10->s11,pp_message,forward,2,-1,10,10,170,186,10,11,-1,p2p,4712346,0,0,4712346,0,,,4329819300,4334531646,rank170:F2,0,1785477744809248162,1785477749139067462,1785477749143779808
55,rank186:F2,compute,forward,2,186,11,10,186,186,11,11,2,warmup,306128994,306128994,0,0,0,1.7854777491603128e+18,1.785477749466442e+18,4334531646,4640660640,lane10:F2:s10->s11,17681046,1785477744809248162,1785477749143779808,1785477749449908802
55,lane10:F3:s9->s10,pp_message,forward,3,-1,9,10,154,170,9,10,-1,p2p,4712346,0,0,4712346,0,,,4338599172,4343311518,rank154:F3,0,1785477744809248162,1785477749147847334,1785477749152559680
55,rank170:F3,compute,forward,3,170,10,10,170,170,10,10,3,warmup,454631467,454631467,0,0,0,1.78547774917407e+18,1.7854777496287014e+18,4343311518,4797942985,lane10:F3:s9->s10,13492218,1785477744809248162,1785477749152559680,1785477749607191147
55,lane10:F0:s13->s14,pp_message,forward,0,-1,13,10,218,234,13,14,-1,p2p,4712346,0,0,4712346,0,,,4458878400,4463590746,rank218:F0,0,1785477744809248162,1785477749268126562,1785477749272838908
55,rank234:F0,compute,forward,0,234,14,10,234,234,14,14,0,warmup,322139592,322139592,0,0,0,1.7854777492850993e+18,1.7854777496072387e+18,4463590746,4785730338,lane10:F0:s13->s14,4463590746,1785477744809248162,1785477749272838908,1785477749594978500
55,lane10:F1:s12->s13,pp_message,forward,1,-1,12,10,202,218,12,13,-1,p2p,4712346,0,0,4712346,0,,,4629220429,4633932775,rank202:F1,0,1785477744809248162,1785477749438468591,1785477749443180937
55,rank218:F1,compute,forward,1,218,13,10,218,218,13,13,1,warmup,460607794,460607794,0,0,0,1.7854777494550497e+18,1.7854777499156575e+18,4633932775,5094540569,lane10:F1:s12->s13,175054375,1785477744809248162,1785477749443180937,1785477749903788731
55,lane10:F2:s11->s12,pp_message,forward,2,-1,11,10,186,202,11,12,-1,p2p,4712346,0,0,4712346,0,,,4640660640,4645372986,rank186:F2,0,1785477744809248162,1785477749449908802,1785477749454621148
55,rank202:F2,compute,forward,2,202,12,10,202,202,12,12,2,warmup,308044191,308044191,0,0,0,1.7854777494716106e+18,1.785477749779655e+18,4645372986,4953417177,lane10:F2:s11->s12,16152557,1785477744809248162,1785477749454621148,1785477749762665339
55,lane10:F0:s14->s15,pp_message,forward,0,-1,14,10,234,250,14,15,-1,p2p,4712346,0,0,4712346,0,,,4785730338,4790442684,rank234:F0,0,1785477744809248162,1785477749594978500,1785477749599690846
55,rank250:F0,compute,forward,0,250,15,10,250,250,15,15,0,steady,197980919,197980919,0,0,0,1.7854777496131387e+18,1.7854777498111196e+18,4790442684,4988423603,lane10:F0:s14->s15,4790442684,1785477744809248162,1785477749599690846,1785477749797671765
55,lane10:F3:s10->s11,pp_message,forward,3,-1,10,10,170,186,10,11,-1,p2p,4712346,0,0,4712346,0,,,4797942985,4802655331,rank170:F3,0,1785477744809248162,1785477749607191147,1785477749611903493
55,rank186:F3,compute,forward,3,186,11,10,186,186,11,11,3,warmup,307130457,307130457,0,0,0,1.7854777496338048e+18,1.7854777499409352e+18,4802655331,5109785788,lane10:F3:s10->s11,161994691,1785477744809248162,1785477749611903493,1785477749919033950
55,lane10:F2:s12->s13,pp_message,forward,2,-1,12,10,202,218,12,13,-1,p2p,4712346,0,0,4712346,0,,,4953417177,4958129523,rank202:F2,0,1785477744809248162,1785477749762665339,1785477749767377685
55,rank250:B0,compute,backward,0,250,15,10,250,250,15,15,1,steady,386926326,386926326,0,0,0,1.78547774981133e+18,1.7854777501982564e+18,4988423603,5375349929,rank250:F0,0,1785477744809248162,1785477749797671765,1785477750184598091
55,lane10:F1:s13->s14,pp_message,forward,1,-1,13,10,218,234,13,14,-1,p2p,4712346,0,0,4712346,0,,,5094540569,5099252915,rank218:F1,0,1785477744809248162,1785477749903788731,1785477749908501077
55,rank218:F2,compute,forward,2,218,13,10,218,218,13,13,2,steady,310571127,310571127,0,0,0,1.7854777499261489e+18,1.78547775023672e+18,5099252915,5409824042,lane10:F1:s13->s14,4712346,1785477744809248162,1785477749908501077,1785477750219072204
55,rank234:F1,compute,forward,1,234,14,10,234,234,14,14,1,steady,312666834,312666834,0,0,0,1.785477749920811e+18,1.785477750233478e+18,5099252915,5411919749,lane10:F1:s13->s14,313522577,1785477744809248162,1785477749908501077,1785477750221167911
55,lane10:F3:s11->s12,pp_message,forward,3,-1,11,10,186,202,11,12,-1,p2p,4712346,0,0,4712346,0,,,5109785788,5114498134,rank186:F3,0,1785477744809248162,1785477749919033950,1785477749923746296
55,rank202:F3,compute,forward,3,202,12,10,202,202,12,12,3,steady,308240065,308240065,0,0,0,1.7854777499460882e+18,1.7854777502543283e+18,5114498134,5422738199,lane10:F3:s11->s12,161080957,1785477744809248162,1785477749923746296,1785477750231986361
55,lane10:B0:s15->s14,pp_message,backward,0,-1,15,10,250,234,15,14,-1,p2p,98176190,0,0,4712346,93463844,,,5375349929,5473526119,rank250:B0,0,1785477744809248162,1785477750184598091,1785477750282774281
55,lane10:F2:s13->s14,pp_message,forward,2,-1,13,10,218,234,13,14,-1,p2p,4712346,0,0,4712346,0,,,5409824042,5414536388,rank218:F2,0,1785477744809248162,1785477750219072204,1785477750223784550
55,lane10:F1:s14->s15,pp_message,forward,1,-1,14,10,234,250,14,15,-1,p2p,4712346,0,0,4712346,0,,,5411919749,5416632095,rank234:F1,0,1785477744809248162,1785477750221167911,1785477750225880257
55,lane10:F3:s12->s13,pp_message,forward,3,-1,12,10,202,218,12,13,-1,p2p,4712346,0,0,4712346,0,,,5422738199,5427450545,rank202:F3,0,1785477744809248162,1785477750231986361,1785477750236698707
55,rank234:B0,compute,backward,0,234,14,10,234,234,14,14,2,steady,681115848,681115848,0,0,0,1.785477750297707e+18,1.785477750978823e+18,5473526119,6154641967,lane10:B0:s15->s14,61606370,1785477744809248162,1785477750282774281,1785477750963890129
55,rank250:F1,compute,forward,1,250,15,10,250,250,15,15,2,steady,191752023,191752023,0,0,0,1.7854777502975657e+18,1.7854777504893176e+18,5473526119,5665278142,lane10:B0:s15->s14,98176190,1785477744809248162,1785477750282774281,1785477750474526304
55,rank250:B1,compute,backward,1,250,15,10,250,250,15,15,3,steady,373379850,373379850,0,0,0,1.785477750489483e+18,1.7854777508628628e+18,5665278142,6038657992,rank250:F1,0,1785477744809248162,1785477750474526304,1785477750847906154
55,lane10:B1:s15->s14,pp_message,backward,1,-1,15,10,250,234,15,14,-1,p2p,98176190,0,0,4712346,93463844,,,6038657992,6136834182,rank250:B1,0,1785477744809248162,1785477750847906154,1785477750946082344
55,lane10:B0:s14->s13,pp_message,backward,0,-1,14,10,234,218,14,13,-1,p2p,98176190,0,0,4712346,93463844,,,6154641967,6252818157,rank234:B0,0,1785477744809248162,1785477750963890129,1785477751062066319
55,rank218:B0,compute,backward,0,218,13,10,218,218,13,13,3,steady,689420254,689420254,0,0,0,1.7854777510775693e+18,1.7854777517669896e+18,6252818157,6942238411,lane10:B0:s14->s13,842994115,1785477744809248162,1785477751062066319,1785477751751486573
55,rank234:F2,compute,forward,2,234,14,10,234,234,14,14,3,steady,316950578,316950578,0,0,0,1.7854777510773015e+18,1.7854777513942523e+18,6252818157,6569768735,lane10:B0:s14->s13,98176190,1785477744809248162,1785477751062066319,1785477751379016897
55,lane10:F2:s14->s15,pp_message,forward,2,-1,14,10,234,250,14,15,-1,p2p,4712346,0,0,4712346,0,,,6569768735,6574481081,rank234:F2,0,1785477744809248162,1785477751379016897,1785477751383729243
55,rank234:B1,compute,backward,1,234,14,10,234,234,14,14,4,steady,691402230,691402230,0,0,0,1.7854777514001969e+18,1.785477752091599e+18,6574481081,7265883311,lane10:F2:s14->s15,4712346,1785477744809248162,1785477751383729243,1785477752075131473
55,rank250:F2,compute,forward,2,250,15,10,250,250,15,15,4,steady,194300412,194300412,0,0,0,1.7854777514001585e+18,1.785477751594459e+18,6574481081,6768781493,lane10:F2:s14->s15,535823089,1785477744809248162,1785477751383729243,1785477751578029655
55,rank250:B2,compute,backward,2,250,15,10,250,250,15,15,5,steady,366277618,366277618,0,0,0,1.78547775159463e+18,1.7854777519609075e+18,6768781493,7135059111,rank250:F2,0,1785477744809248162,1785477751578029655,1785477751944307273
55,lane10:B0:s13->s12,pp_message,backward,0,-1,13,10,218,202,13,12,-1,p2p,98176190,0,0,4712346,93463844,,,6942238411,7040414601,rank218:B0,0,1785477744809248162,1785477751751486573,1785477751849662763
55,rank202:B0,compute,backward,0,202,12,10,202,202,12,12,4,steady,685766884,685766884,0,0,0,1.7854777518655867e+18,1.7854777525513533e+18,7040414601,7726181485,lane10:B0:s13->s12,1617676402,1785477744809248162,1785477751849662763,1785477752535429647
55,rank218:F3,compute,forward,3,218,13,10,218,218,13,13,4,steady,315435973,315435973,0,0,0,1.7854777518652908e+18,1.7854777521807268e+18,7040414601,7355850574,lane10:B0:s13->s12,98176190,1785477744809248162,1785477751849662763,1785477752165098736
55,lane10:B2:s15->s14,pp_message,backward,2,-1,15,10,250,234,15,14,-1,p2p,98176190,0,0,4712346,93463844,,,7135059111,7233235301,rank250:B2,0,1785477744809248162,1785477751944307273,1785477752042483463
55,lane10:B1:s14->s13,pp_message,backward,1,-1,14,10,234,218,14,13,-1,p2p,98176190,0,0,4712346,93463844,,,7265883311,7364059501,rank234:B1,0,1785477744809248162,1785477752075131473,1785477752173307663
55,lane10:F3:s13->s14,pp_message,forward,3,-1,13,10,218,234,13,14,-1,p2p,4712346,0,0,4712346,0,,,7355850574,7360562920,rank218:F3,0,1785477744809248162,1785477752165098736,1785477752169811082
55,rank218:B1,compute,backward,1,218,13,10,218,218,13,13,5,steady,698981459,698981459,0,0,0,1.7854777521902433e+18,1.785477752889225e+18,7364059501,8063040960,lane10:B1:s14->s13,8208927,1785477744809248162,1785477752173307663,1785477752872289122
55,rank234:F3,compute,forward,3,234,14,10,234,234,14,14,5,steady,328731015,328731015,0,0,0,1.785477752190275e+18,1.7854777525190062e+18,7364059501,7692790516,lane10:B1:s14->s13,98176190,1785477744809248162,1785477752173307663,1785477752502038678
55,lane10:F3:s14->s15,pp_message,forward,3,-1,14,10,234,250,14,15,-1,p2p,4712346,0,0,4712346,0,,,7692790516,7697502862,rank234:F3,0,1785477744809248162,1785477752502038678,1785477752506751024
55,rank234:B2,compute,backward,2,234,14,10,234,234,14,14,6,steady,725548917,725548917,0,0,0,1.7854777525251167e+18,1.7854777532506655e+18,7697502862,8423051779,lane10:F3:s14->s15,4712346,1785477744809248162,1785477752506751024,1785477753232299941
55,rank250:F3,compute,forward,3,250,15,10,250,250,15,15,6,steady,192898352,192898352,0,0,0,1.785477752525143e+18,1.7854777527180416e+18,7697502862,7890401214,lane10:F3:s14->s15,562443751,1785477744809248162,1785477752506751024,1785477752699649376
55,lane10:B0:s12->s11,pp_message,backward,0,-1,12,10,202,186,12,11,-1,p2p,98176190,0,0,4712346,93463844,,,7726181485,7824357675,rank202:B0,0,1785477744809248162,1785477752535429647,1785477752633605837
55,rank186:B0,compute,backward,0,186,11,10,186,186,11,11,4,cooldown,677521918,677521918,0,0,0,1.7854777526492613e+18,1.7854777533267832e+18,7824357675,8501879593,lane10:B0:s12->s11,2714571887,1785477744809248162,1785477752633605837,1785477753311127755
55,rank250:B3,compute,backward,3,250,15,10,250,250,15,15,7,steady,366160568,366160568,0,0,0,1.7854777527182702e+18,1.7854777530844306e+18,7890401214,8256561782,rank250:F3,0,1785477744809248162,1785477752699649376,1785477753065809944
55,lane10:B1:s13->s12,pp_message,backward,1,-1,13,10,218,202,13,12,-1,p2p,98176190,0,0,4712346,93463844,,,8063040960,8161217150,rank218:B1,0,1785477744809248162,1785477752872289122,1785477752970465312
55,rank202:B1,compute,backward,1,202,12,10,202,202,12,12,5,cooldown,683143695,683143695,0,0,0,1.7854777529875978e+18,1.7854777536707415e+18,8161217150,8844360845,lane10:B1:s13->s12,435035665,1785477744809248162,1785477752970465312,1785477753653609007
55,lane10:B3:s15->s14,pp_message,backward,3,-1,15,10,250,234,15,14,-1,p2p,98176190,0,0,4712346,93463844,,,8256561782,8354737972,rank250:B3,0,1785477744809248162,1785477753065809944,1785477753163986134
55,lane10:B2:s14->s13,pp_message,backward,2,-1,14,10,234,218,14,13,-1,p2p,98176190,0,0,4712346,93463844,,,8423051779,8521227969,rank234:B2,0,1785477744809248162,1785477753232299941,1785477753330476131
55,lane10:B0:s11->s10,pp_message,backward,0,-1,11,10,186,170,11,10,-1,p2p,98176190,0,0,4712346,93463844,,,8501879593,8600055783,rank186:B0,0,1785477744809248162,1785477753311127755,1785477753409303945
55,rank218:B2,compute,backward,2,218,13,10,218,218,13,13,6,cooldown,683170897,683170897,0,0,0,1.7854777533491244e+18,1.7854777540322952e+18,8521227969,9204398866,lane10:B2:s14->s13,458187009,1785477744809248162,1785477753330476131,1785477754013647028
55,rank234:B3,compute,backward,3,234,14,10,234,234,14,14,7,cooldown,695657846,695657846,0,0,0,1.78547775335436e+18,1.785477754050018e+18,8521227969,9216885815,lane10:B2:s14->s13,98176190,1785477744809248162,1785477753330476131,1785477754026133977
55,rank170:B0,compute,backward,0,170,10,10,170,170,10,10,4,cooldown,688318476,688318476,0,0,0,1.785477753425047e+18,1.7854777541133655e+18,8600055783,9288374259,lane10:B0:s11->s10,3802112798,1785477744809248162,1785477753409303945,1785477754097622421
55,lane10:B1:s12->s11,pp_message,backward,1,-1,12,10,202,186,12,11,-1,p2p,98176190,0,0,4712346,93463844,,,8844360845,8942537035,rank202:B1,0,1785477744809248162,1785477753653609007,1785477753751785197
55,rank186:B1,compute,backward,1,186,11,10,186,186,11,11,5,cooldown,677031129,677031129,0,0,0,1.7854777537682235e+18,1.7854777544452544e+18,8942537035,9619568164,lane10:B1:s12->s11,440657442,1785477744809248162,1785477753751785197,1785477754428816326
55,lane10:B2:s13->s12,pp_message,backward,2,-1,13,10,218,202,13,12,-1,p2p,98176190,0,0,4712346,93463844,,,9204398866,9302575056,rank218:B2,0,1785477744809248162,1785477754013647028,1785477754111823218
55,lane10:B3:s14->s13,pp_message,backward,3,-1,14,10,234,218,14,13,-1,p2p,98176190,0,0,4712346,93463844,,,9216885815,9315062005,rank234:B3,0,1785477744809248162,1785477754026133977,1785477754124310167
55,lane10:B0:s10->s9,pp_message,backward,0,-1,10,10,170,154,10,9,-1,p2p,98176190,0,0,4712346,93463844,,,9288374259,9386550449,rank170:B0,0,1785477744809248162,1785477754097622421,1785477754195798611
55,rank202:B2,compute,backward,2,202,12,10,202,202,12,12,6,cooldown,677960209,677960209,0,0,0,1.785477754130719e+18,1.7854777548086792e+18,9302575056,9980535265,lane10:B2:s13->s12,458214211,1785477744809248162,1785477754111823218,1785477754789783427
55,rank218:B3,compute,backward,3,218,13,10,218,218,13,13,7,cooldown,681798588,681798588,0,0,0,1.785477754149139e+18,1.7854777548309376e+18,9315062005,9996860593,lane10:B3:s14->s13,110663139,1785477744809248162,1785477754124310167,1785477754806108755
55,rank154:B0,compute,backward,0,154,9,10,154,154,9,9,4,cooldown,709221745,709221745,0,0,0,1.785477754212798e+18,1.7854777549220198e+18,9386550449,10095772194,lane10:B0:s10->s9,5047951277,1785477744809248162,1785477754195798611,1785477754905020356
55,lane10:B1:s11->s10,pp_message,backward,1,-1,11,10,186,170,11,10,-1,p2p,98176190,0,0,4712346,93463844,,,9619568164,9717744354,rank186:B1,0,1785477744809248162,1785477754428816326,1785477754526992516
55,rank170:B1,compute,backward,1,170,10,10,170,170,10,10,5,cooldown,684770174,684770174,0,0,0,1.785477754543613e+18,1.785477755228383e+18,9717744354,10402514528,lane10:B1:s11->s10,429370095,1785477744809248162,1785477754526992516,1785477755211762690
55,lane10:B2:s12->s11,pp_message,backward,2,-1,12,10,202,186,12,11,-1,p2p,98176190,0,0,4712346,93463844,,,9980535265,10078711455,rank202:B2,0,1785477744809248162,1785477754789783427,1785477754887959617
55,lane10:B3:s13->s12,pp_message,backward,3,-1,13,10,218,202,13,12,-1,p2p,98176190,0,0,4712346,93463844,,,9996860593,10095036783,rank218:B3,0,1785477744809248162,1785477754806108755,1785477754904284945
55,rank186:B2,compute,backward,2,186,11,10,186,186,11,11,6,cooldown,679467110,679467110,0,0,0,1.7854777549060948e+18,1.7854777555855619e+18,10078711455,10758178565,lane10:B2:s12->s11,459143291,1785477744809248162,1785477754887959617,1785477755567426727
55,rank202:B3,compute,backward,3,202,12,10,202,202,12,12,7,cooldown,676025926,676025926,0,0,0,1.7854777549290706e+18,1.7854777556050967e+18,10095036783,10771062709,lane10:B3:s13->s12,114501518,1785477744809248162,1785477754904284945,1785477755580310871
55,lane10:B0:s9->s8,pp_message,backward,0,-1,9,10,154,138,9,8,-1,p2p,98176190,0,0,4712346,93463844,,,10095772194,10193948384,rank154:B0,0,1785477744809248162,1785477754905020356,1785477755003196546
55,rank138:B0,compute,backward,0,138,8,10,138,138,8,8,4,cooldown,721161324,721161324,0,0,0,1.7854777550207017e+18,1.7854777557418632e+18,10193948384,10915109708,lane10:B0:s9->s8,6183083511,1785477744809248162,1785477755003196546,1785477755724357870
55,lane10:B1:s10->s9,pp_message,backward,1,-1,10,10,170,154,10,9,-1,p2p,98176190,0,0,4712346,93463844,,,10402514528,10500690718,rank170:B1,0,1785477744809248162,1785477755211762690,1785477755309938880
55,rank154:B1,compute,backward,1,154,9,10,154,154,9,9,5,cooldown,713514736,713514736,0,0,0,1.7854777553272911e+18,1.785477756040806e+18,10500690718,11214205454,lane10:B1:s10->s9,404918524,1785477744809248162,1785477755309938880,1785477756023453616
55,lane10:B2:s11->s10,pp_message,backward,2,-1,11,10,186,170,11,10,-1,p2p,98176190,0,0,4712346,93463844,,,10758178565,10856354755,rank186:B2,0,1785477744809248162,1785477755567426727,1785477755665602917
55,lane10:B3:s12->s11,pp_message,backward,3,-1,12,10,202,186,12,11,-1,p2p,98176190,0,0,4712346,93463844,,,10771062709,10869238899,rank202:B3,0,1785477744809248162,1785477755580310871,1785477755678487061
55,rank170:B2,compute,backward,2,170,10,10,170,170,10,10,6,cooldown,683311274,683311274,0,0,0,1.7854777556824146e+18,1.785477756365726e+18,10856354755,11539666029,lane10:B2:s11->s10,453840227,1785477744809248162,1785477755665602917,1785477756348914191
55,rank186:B3,compute,backward,3,186,11,10,186,186,11,11,7,cooldown,686539734,686539734,0,0,0,1.7854777557028995e+18,1.7854777563894392e+18,10869238899,11555778633,lane10:B3:s12->s11,111060334,1785477744809248162,1785477755678487061,1785477756365026795
55,lane10:B0:s8->s7,pp_message,backward,0,-1,8,10,138,122,8,7,-1,p2p,98176190,0,0,4712346,93463844,,,10915109708,11013285898,rank138:B0,0,1785477744809248162,1785477755724357870,1785477755822534060
55,rank122:B0,compute,backward,0,122,7,10,122,122,7,7,4,cooldown,684917433,684917433,0,0,0,1.7854777558397404e+18,1.785477756524658e+18,11013285898,11698203331,lane10:B0:s8->s7,7317113385,1785477744809248162,1785477755822534060,1785477756507451493
55,lane10:B1:s9->s8,pp_message,backward,1,-1,9,10,154,138,9,8,-1,p2p,98176190,0,0,4712346,93463844,,,11214205454,11312381644,rank154:B1,0,1785477744809248162,1785477756023453616,1785477756121629806
55,rank138:B1,compute,backward,1,138,8,10,138,138,8,8,5,cooldown,714030524,714030524,0,0,0,1.7854777561387697e+18,1.7854777568528003e+18,11312381644,12026412168,lane10:B1:s9->s8,397271936,1785477744809248162,1785477756121629806,1785477756835660330
55,lane10:B2:s10->s9,pp_message,backward,2,-1,10,10,170,154,10,9,-1,p2p,98176190,0,0,4712346,93463844,,,11539666029,11637842219,rank170:B2,0,1785477744809248162,1785477756348914191,1785477756447090381
55,lane10:B3:s11->s10,pp_message,backward,3,-1,11,10,186,170,11,10,-1,p2p,98176190,0,0,4712346,93463844,,,11555778633,11653954823,rank186:B3,0,1785477744809248162,1785477756365026795,1785477756463202985
55,rank154:B2,compute,backward,2,154,9,10,154,154,9,9,6,cooldown,704304647,704304647,0,0,0,1.7854777564640381e+18,1.7854777571683428e+18,11637842219,12342146866,lane10:B2:s10->s9,423636765,1785477744809248162,1785477756447090381,1785477757151395028
55,rank170:B3,compute,backward,3,170,10,10,170,170,10,10,7,cooldown,684456849,684456849,0,0,0,1.7854777564865446e+18,1.7854777571710013e+18,11653954823,12338411672,lane10:B3:s11->s10,114288794,1785477744809248162,1785477756463202985,1785477757147659834
55,lane10:B0:s7->s6,pp_message,backward,0,-1,7,10,122,106,7,6,-1,p2p,98176190,0,0,4712346,93463844,,,11698203331,11796379521,rank122:B0,0,1785477744809248162,1785477756507451493,1785477756605627683
55,rank106:B0,compute,backward,0,106,6,10,106,106,6,6,4,cooldown,699525963,699525963,0,0,0,1.7854777566222354e+18,1.7854777573217613e+18,11796379521,12495905484,lane10:B0:s7->s6,8414239596,1785477744809248162,1785477756605627683,1785477757305153646
55,lane10:B1:s8->s7,pp_message,backward,1,-1,8,10,138,122,8,7,-1,p2p,98176190,0,0,4712346,93463844,,,12026412168,12124588358,rank138:B1,0,1785477744809248162,1785477756835660330,1785477756933836520
55,rank122:B1,compute,backward,1,122,7,10,122,122,7,7,5,cooldown,686679392,686679392,0,0,0,1.7854777569499405e+18,1.78547775763662e+18,12124588358,12811267750,lane10:B1:s8->s7,426385027,1785477744809248162,1785477756933836520,1785477757620515912
55,lane10:B3:s10->s9,pp_message,backward,3,-1,10,10,170,154,10,9,-1,p2p,98176190,0,0,4712346,93463844,,,12338411672,12436587862,rank170:B3,0,1785477744809248162,1785477757147659834,1785477757245836024
55,lane10:B2:s9->s8,pp_message,backward,2,-1,9,10,154,138,9,8,-1,p2p,98176190,0,0,4712346,93463844,,,12342146866,12440323056,rank154:B2,0,1785477744809248162,1785477757151395028,1785477757249571218
55,rank138:B2,compute,backward,2,138,8,10,138,138,8,8,6,cooldown,692789298,692789298,0,0,0,1.7854777572666752e+18,1.7854777579594647e+18,12440323056,13133112354,lane10:B2:s9->s8,413910888,1785477744809248162,1785477757249571218,1785477757942360516
55,rank154:B3,compute,backward,3,154,9,10,154,154,9,9,7,cooldown,717132519,717132519,0,0,0,1.7854777572718894e+18,1.7854777579890217e+18,12440323056,13157455575,lane10:B2:s9->s8,98176190,1785477744809248162,1785477757249571218,1785477757966703737
55,lane10:B0:s6->s5,pp_message,backward,0,-1,6,10,106,90,6,5,-1,p2p,98176190,0,0,4712346,93463844,,,12495905484,12594081674,rank106:B0,0,1785477744809248162,1785477757305153646,1785477757403329836
55,rank90:B0,compute,backward,0,90,5,10,90,90,5,5,4,cooldown,689502178,689502178,0,0,0,1.7854777574197286e+18,1.7854777581092308e+18,12594081674,13283583852,lane10:B0:s6->s5,9551815663,1785477744809248162,1785477757403329836,1785477758092832014
55,lane10:B1:s7->s6,pp_message,backward,1,-1,7,10,122,106,7,6,-1,p2p,98176190,0,0,4712346,93463844,,,12811267750,12909443940,rank122:B1,0,1785477744809248162,1785477757620515912,1785477757718692102
55,rank106:B1,compute,backward,1,106,6,10,106,106,6,6,5,cooldown,695506614,695506614,0,0,0,1.7854777577345377e+18,1.7854777584300444e+18,12909443940,13604950554,lane10:B1:s7->s6,413538456,1785477744809248162,1785477757718692102,1785477758414198716
55,lane10:B2:s8->s7,pp_message,backward,2,-1,8,10,138,122,8,7,-1,p2p,98176190,0,0,4712346,93463844,,,13133112354,13231288544,rank138:B2,0,1785477744809248162,1785477757942360516,1785477758040536706
55,lane10:B3:s9->s8,pp_message,backward,3,-1,9,10,154,138,9,8,-1,p2p,98176190,0,0,4712346,93463844,,,13157455575,13255631765,rank154:B3,0,1785477744809248162,1785477757966703737,1785477758064879927
55,rank122:B2,compute,backward,2,122,7,10,122,122,7,7,6,cooldown,686133827,686133827,0,0,0,1.785477758057666e+18,1.7854777587437998e+18,13231288544,13917422371,lane10:B2:s8->s7,420020794,1785477744809248162,1785477758040536706,1785477758726670533
55,rank138:B3,compute,backward,3,138,8,10,138,138,8,8,7,cooldown,722261752,722261752,0,0,0,1.7854777580866982e+18,1.78547775880896e+18,13255631765,13977893517,lane10:B3:s9->s8,122519411,1785477744809248162,1785477758064879927,1785477758787141679
55,lane10:B0:s5->s4,pp_message,backward,0,-1,5,10,90,74,5,4,-1,p2p,98176190,0,0,4712346,93463844,,,13283583852,13381760042,rank90:B0,0,1785477744809248162,1785477758092832014,1785477758191008204
55,rank74:B0,compute,backward,0,74,4,10,74,74,4,4,4,cooldown,702540184,702540184,0,0,0,1.7854777582088143e+18,1.7854777589113546e+18,13381760042,14084300226,lane10:B0:s5->s4,10779989419,1785477744809248162,1785477758191008204,1785477758893548388
55,lane10:B1:s6->s5,pp_message,backward,1,-1,6,10,106,90,6,5,-1,p2p,98176190,0,0,4712346,93463844,,,13604950554,13703126744,rank106:B1,0,1785477744809248162,1785477758414198716,1785477758512374906
55,rank90:B1,compute,backward,1,90,5,10,90,90,5,5,5,cooldown,687483546,687483546,0,0,0,1.7854777585288637e+18,1.7854777592163474e+18,13703126744,14390610290,lane10:B1:s6->s5,419542892,1785477744809248162,1785477758512374906,1785477759199858452
55,lane10:B2:s7->s6,pp_message,backward,2,-1,7,10,122,106,7,6,-1,p2p,98176190,0,0,4712346,93463844,,,13917422371,14015598561,rank122:B2,0,1785477744809248162,1785477758726670533,1785477758824846723
55,lane10:B3:s8->s7,pp_message,backward,3,-1,8,10,138,122,8,7,-1,p2p,98176190,0,0,4712346,93463844,,,13977893517,14076069707,rank138:B3,0,1785477744809248162,1785477758787141679,1785477758885317869
55,rank106:B2,compute,backward,2,106,6,10,106,106,6,6,6,cooldown,696565000,696565000,0,0,0,1.785477758841674e+18,1.7854777595382392e+18,14015598561,14712163561,lane10:B2:s7->s6,410648007,1785477744809248162,1785477758824846723,1785477759521411723
55,rank122:B3,compute,backward,3,122,7,10,122,122,7,7,7,cooldown,681843370,681843370,0,0,0,1.7854777589068273e+18,1.7854777595886705e+18,14076069707,14757913077,lane10:B3:s8->s7,158647336,1785477744809248162,1785477758885317869,1785477759567161239
55,lane10:B0:s4->s3,pp_message,backward,0,-1,4,10,74,58,4,3,-1,p2p,98176190,0,0,4712346,93463844,,,14084300226,14182476416,rank74:B0,0,1785477744809248162,1785477758893548388,1785477758991724578
55,rank58:B0,compute,backward,0,58,3,10,58,58,3,3,4,cooldown,725177196,725177196,0,0,0,1.7854777590088435e+18,1.7854777597340206e+18,14182476416,14907653612,lane10:B0:s4->s3,11903435478,1785477744809248162,1785477758991724578,1785477759716901774
55,lane10:B1:s5->s4,pp_message,backward,1,-1,5,10,90,74,5,4,-1,p2p,98176190,0,0,4712346,93463844,,,14390610290,14488786480,rank90:B1,0,1785477744809248162,1785477759199858452,1785477759298034642
55,rank74:B1,compute,backward,1,74,4,10,74,74,4,4,5,cooldown,698975655,698975655,0,0,0,1.78547775931477e+18,1.7854777600137457e+18,14488786480,15187762135,lane10:B1:s5->s4,404486254,1785477744809248162,1785477759298034642,1785477759997010297
55,lane10:B2:s6->s5,pp_message,backward,2,-1,6,10,106,90,6,5,-1,p2p,98176190,0,0,4712346,93463844,,,14712163561,14810339751,rank106:B2,0,1785477744809248162,1785477759521411723,1785477759619587913
55,lane10:B3:s7->s6,pp_message,backward,3,-1,7,10,122,106,7,6,-1,p2p,98176190,0,0,4712346,93463844,,,14757913077,14856089267,rank122:B3,0,1785477744809248162,1785477759567161239,1785477759665337429
55,rank90:B2,compute,backward,2,90,5,10,90,90,5,5,6,cooldown,688470639,688470639,0,0,0,1.7854777596369777e+18,1.7854777603254484e+18,14810339751,15498810390,lane10:B2:s6->s5,419729461,1785477744809248162,1785477759619587913,1785477760308058552
55,rank106:B3,compute,backward,3,106,6,10,106,106,6,6,7,cooldown,696358587,696358587,0,0,0,1.7854777596867868e+18,1.7854777603831455e+18,14856089267,15552447854,lane10:B3:s7->s6,143925706,1785477744809248162,1785477759665337429,1785477760361696016
55,lane10:B0:s3->s2,pp_message,backward,0,-1,3,10,58,42,3,2,-1,p2p,98176190,0,0,4712346,93463844,,,14907653612,15005829802,rank58:B0,0,1785477744809248162,1785477759716901774,1785477759815077964
55,rank42:B0,compute,backward,0,42,2,10,42,42,2,2,4,cooldown,706039766,706039766,0,0,0,1.7854777598326438e+18,1.7854777605386836e+18,15005829802,15711869568,lane10:B0:s3->s2,13153177229,1785477744809248162,1785477759815077964,1785477760521117730
55,lane10:B1:s4->s3,pp_message,backward,1,-1,4,10,74,58,4,3,-1,p2p,98176190,0,0,4712346,93463844,,,15187762135,15285938325,rank74:B1,0,1785477744809248162,1785477759997010297,1785477760095186487
55,rank58:B1,compute,backward,1,58,3,10,58,58,3,3,5,cooldown,697544256,697544256,0,0,0,1.7854777601125376e+18,1.7854777608100818e+18,15285938325,15983482581,lane10:B1:s4->s3,378284713,1785477744809248162,1785477760095186487,1785477760792730743
55,lane10:B2:s5->s4,pp_message,backward,2,-1,5,10,90,74,5,4,-1,p2p,98176190,0,0,4712346,93463844,,,15498810390,15596986580,rank90:B2,0,1785477744809248162,1785477760308058552,1785477760406234742
55,lane10:B3:s6->s5,pp_message,backward,3,-1,6,10,106,90,6,5,-1,p2p,98176190,0,0,4712346,93463844,,,15552447854,15650624044,rank106:B3,0,1785477744809248162,1785477760361696016,1785477760459872206
55,rank74:B2,compute,backward,2,74,4,10,74,74,4,4,6,cooldown,700026138,700026138,0,0,0,1.7854777604236298e+18,1.785477761123656e+18,15596986580,16297012718,lane10:B2:s5->s4,409224445,1785477744809248162,1785477760406234742,1785477761106260880
55,rank90:B3,compute,backward,3,90,5,10,90,90,5,5,7,cooldown,688401845,688401845,0,0,0,1.7854777604818468e+18,1.7854777611702484e+18,15650624044,16339025889,lane10:B3:s6->s5,151813654,1785477744809248162,1785477760459872206,1785477761148274051
55,lane10:B0:s2->s1,pp_message,backward,0,-1,2,10,42,26,2,1,-1,p2p,98176190,0,0,4712346,93463844,,,15711869568,15810045758,rank42:B0,0,1785477744809248162,1785477760521117730,1785477760619293920
55,rank26:B0,compute,backward,0,26,1,10,26,26,1,1,4,cooldown,724412871,724412871,0,0,0,1.7854777606371205e+18,1.7854777613615334e+18,15810045758,16534458629,lane10:B0:s2->s1,14315484564,1785477744809248162,1785477760619293920,1785477761343706791
55,lane10:B1:s3->s2,pp_message,backward,1,-1,3,10,58,42,3,2,-1,p2p,98176190,0,0,4712346,93463844,,,15983482581,16081658771,rank58:B1,0,1785477744809248162,1785477760792730743,1785477760890906933
55,rank42:B1,compute,backward,1,42,2,10,42,42,2,2,5,cooldown,759121404,759121404,0,0,0,1.7854777609080056e+18,1.785477761667127e+18,16081658771,16840780175,lane10:B1:s3->s2,369789203,1785477744809248162,1785477760890906933,1785477761650028337
55,lane10:B2:s4->s3,pp_message,backward,2,-1,4,10,74,58,4,3,-1,p2p,98176190,0,0,4712346,93463844,,,16297012718,16395188908,rank74:B2,0,1785477744809248162,1785477761106260880,1785477761204437070
55,lane10:B3:s5->s4,pp_message,backward,3,-1,5,10,90,74,5,4,-1,p2p,98176190,0,0,4712346,93463844,,,16339025889,16437202079,rank90:B3,0,1785477744809248162,1785477761148274051,1785477761246450241
55,rank58:B2,compute,backward,2,58,3,10,58,58,3,3,6,cooldown,693095897,693095897,0,0,0,1.78547776122234e+18,1.785477761915436e+18,16395188908,17088284805,lane10:B2:s4->s3,411706327,1785477744809248162,1785477761204437070,1785477761897532967
55,rank74:B3,compute,backward,3,74,4,10,74,74,4,4,7,cooldown,699399631,699399631,0,0,0,1.7854777612683116e+18,1.785477761967711e+18,16437202079,17136601710,lane10:B3:s5->s4,140189361,1785477744809248162,1785477761246450241,1785477761945849872
55,lane10:B0:s1->s0,pp_message,backward,0,-1,1,10,26,10,1,0,-1,p2p,98176190,0,0,4712346,93463844,,,16534458629,16632634819,rank26:B0,0,1785477744809248162,1785477761343706791,1785477761441882981
55,rank10:B0,compute,backward,0,10,0,10,10,10,0,0,4,cooldown,411240161,411240161,0,0,0,1.78547776146073e+18,1.78547776187197e+18,16632634819,17043874980,lane10:B0:s1->s0,15966693774,1785477744809248162,1785477761441882981,1785477761853123142
55,lane10:B1:s2->s1,pp_message,backward,1,-1,2,10,42,26,2,1,-1,p2p,98176190,0,0,4712346,93463844,,,16840780175,16938956365,rank42:B1,0,1785477744809248162,1785477761650028337,1785477761748204527
55,rank26:B1,compute,backward,1,26,1,10,26,26,1,1,5,cooldown,727195464,727195464,0,0,0,1.785477761765388e+18,1.7854777624925837e+18,16938956365,17666151829,lane10:B1:s2->s1,404497736,1785477744809248162,1785477761748204527,1785477762475399991
55,lane10:B2:s3->s2,pp_message,backward,2,-1,3,10,58,42,3,2,-1,p2p,98176190,0,0,4712346,93463844,,,17088284805,17186460995,rank58:B2,0,1785477744809248162,1785477761897532967,1785477761995709157
55,lane10:B3:s4->s3,pp_message,backward,3,-1,4,10,74,58,4,3,-1,p2p,98176190,0,0,4712346,93463844,,,17136601710,17234777900,rank74:B3,0,1785477744809248162,1785477761945849872,1785477762044026062
55,rank42:B2,compute,backward,2,42,2,10,42,42,2,2,6,cooldown,710198626,710198626,0,0,0,1.785477762012629e+18,1.7854777627228278e+18,17186460995,17896659621,lane10:B2:s3->s2,345680820,1785477744809248162,1785477761995709157,1785477762705907783
55,rank58:B3,compute,backward,3,58,3,10,58,58,3,3,7,cooldown,693128984,693128984,0,0,0,1.7854777620661181e+18,1.785477762759247e+18,17234777900,17927906884,lane10:B3:s4->s3,146493095,1785477744809248162,1785477762044026062,1785477762737155046
55,lane10:B1:s1->s0,pp_message,backward,1,-1,1,10,26,10,1,0,-1,p2p,98176190,0,0,4712346,93463844,,,17666151829,17764328019,rank26:B1,0,1785477744809248162,1785477762475399991,1785477762573576181
55,rank10:B1,compute,backward,1,10,0,10,10,10,0,0,5,cooldown,414986065,414986065,0,0,0,1.7854777625911421e+18,1.7854777630061284e+18,17764328019,18179314084,lane10:B1:s1->s0,720453039,1785477744809248162,1785477762573576181,1785477762988562246
55,lane10:B2:s2->s1,pp_message,backward,2,-1,2,10,42,26,2,1,-1,p2p,98176190,0,0,4712346,93463844,,,17896659621,17994835811,rank42:B2,0,1785477744809248162,1785477762705907783,1785477762804083973
55,lane10:B3:s3->s2,pp_message,backward,3,-1,3,10,58,42,3,2,-1,p2p,98176190,0,0,4712346,93463844,,,17927906884,18026083074,rank58:B3,0,1785477744809248162,1785477762737155046,1785477762835331236
55,rank26:B2,compute,backward,2,26,1,10,26,26,1,1,6,cooldown,723662166,723662166,0,0,0,1.785477762821629e+18,1.7854777635452913e+18,17994835811,18718497977,lane10:B2:s2->s1,328683982,1785477744809248162,1785477762804083973,1785477763527746139
55,rank42:B3,compute,backward,3,42,2,10,42,42,2,2,7,cooldown,705302073,705302073,0,0,0,1.7854777628566664e+18,1.7854777635619684e+18,18026083074,18731385147,lane10:B3:s3->s2,129423453,1785477744809248162,1785477762835331236,1785477763540633309
55,lane10:B2:s1->s0,pp_message,backward,2,-1,1,10,26,10,1,0,-1,p2p,98176190,0,0,4712346,93463844,,,18718497977,18816674167,rank26:B2,0,1785477744809248162,1785477763527746139,1785477763625922329
55,lane10:B3:s2->s1,pp_message,backward,3,-1,2,10,42,26,2,1,-1,p2p,98176190,0,0,4712346,93463844,,,18731385147,18829561337,rank42:B3,0,1785477744809248162,1785477763540633309,1785477763638809499
55,rank10:B2,compute,backward,2,10,0,10,10,10,0,0,6,cooldown,409507841,409507841,0,0,0,1.7854777636436265e+18,1.7854777640531343e+18,18816674167,19226182008,lane10:B2:s1->s0,637360083,1785477744809248162,1785477763625922329,1785477764035430170
55,rank26:B3,compute,backward,3,26,1,10,26,26,1,1,7,cooldown,726471052,726471052,0,0,0,1.785477763660669e+18,1.7854777643871398e+18,18829561337,19556032389,lane10:B3:s2->s1,111063360,1785477744809248162,1785477763638809499,1785477764365280551
55,lane10:B3:s1->s0,pp_message,backward,3,-1,1,10,26,10,1,0,-1,p2p,98176190,0,0,4712346,93463844,,,19556032389,19654208579,rank26:B3,0,1785477744809248162,1785477764365280551,1785477764463456741
55,rank10:B3,compute,backward,3,10,0,10,10,10,0,0,7,cooldown,407761912,407761912,0,0,0,1.7854777644855613e+18,1.7854777648933233e+18,19654208579,20061970491,lane10:B3:s1->s0,428026571,1785477744809248162,1785477764463456741,1785477764871218653
55,rank11:F0,compute,forward,0,11,0,11,11,11,0,0,0,warmup,160245950,160245950,0,0,0,1.785477744809005e+18,1.785477744969251e+18,0,160245950,,0,1785477744809005006,1785477744809005006,1785477744969250956
55,lane11:F0:s0->s1,pp_message,forward,0,-1,0,11,11,27,0,1,-1,p2p,4712346,0,0,4712346,0,,,160245950,164958296,rank11:F0,0,1785477744809005006,1785477744969250956,1785477744973963302
55,rank11:F1,compute,forward,1,11,0,11,11,11,0,0,1,warmup,158282884,158282884,0,0,0,1.7854777449745539e+18,1.7854777451328366e+18,164958296,323241180,lane11:F0:s0->s1,4712346,1785477744809005006,1785477744973963302,1785477745132246186
55,rank27:F0,compute,forward,0,27,1,11,27,27,1,1,0,warmup,323583333,323583333,0,0,0,1.7854777449745137e+18,1.7854777452980972e+18,164958296,488541629,lane11:F0:s0->s1,164958296,1785477744809005006,1785477744973963302,1785477745297546635
55,lane11:F1:s0->s1,pp_message,forward,1,-1,0,11,11,27,0,1,-1,p2p,4712346,0,0,4712346,0,,,323241180,327953526,rank11:F1,0,1785477744809005006,1785477745132246186,1785477745136958532
55,rank11:F2,compute,forward,2,11,0,11,11,11,0,0,2,warmup,158111983,158111983,0,0,0,1.7854777453085146e+18,1.7854777454666266e+18,327953526,486065509,lane11:F1:s0->s1,4712346,1785477744809005006,1785477745136958532,1785477745295070515
55,lane11:F2:s0->s1,pp_message,forward,2,-1,0,11,11,27,0,1,-1,p2p,4712346,0,0,4712346,0,,,486065509,490777855,rank11:F2,0,1785477744809005006,1785477745295070515,1785477745299782861
55,lane11:F0:s1->s2,pp_message,forward,0,-1,1,11,27,43,1,2,-1,p2p,4712346,0,0,4712346,0,,,488541629,493253975,rank27:F0,0,1785477744809005006,1785477745297546635,1785477745302258981
55,rank11:F3,compute,forward,3,11,0,11,11,11,0,0,3,warmup,177960407,177960407,0,0,0,1.785477745663141e+18,1.7854777458411013e+18,490777855,668738262,lane11:F2:s0->s1,4712346,1785477744809005006,1785477745299782861,1785477745477743268
55,rank27:F1,compute,forward,1,27,1,11,27,27,1,1,1,warmup,327854114,327854114,0,0,0,1.785477745308339e+18,1.785477745636193e+18,493253975,821108089,lane11:F0:s1->s2,4712346,1785477744809005006,1785477745302258981,1785477745630113095
55,rank43:F0,compute,forward,0,43,2,11,43,43,2,2,0,warmup,344447227,344447227,0,0,0,1.7854777453031936e+18,1.7854777456476408e+18,493253975,837701202,lane11:F0:s1->s2,493253975,1785477744809005006,1785477745302258981,1785477745646706208
55,lane11:F3:s0->s1,pp_message,forward,3,-1,0,11,11,27,0,1,-1,p2p,4712346,0,0,4712346,0,,,668738262,673450608,rank11:F3,0,1785477744809005006,1785477745477743268,1785477745482455614
55,lane11:F1:s1->s2,pp_message,forward,1,-1,1,11,27,43,1,2,-1,p2p,4712346,0,0,4712346,0,,,821108089,825820435,rank27:F1,0,1785477744809005006,1785477745630113095,1785477745634825441
55,rank27:F2,compute,forward,2,27,1,11,27,27,1,1,2,warmup,342418790,342418790,0,0,0,1.7854777456630065e+18,1.7854777460054252e+18,825820435,1168239225,lane11:F1:s1->s2,4712346,1785477744809005006,1785477745634825441,1785477745977244231
55,lane11:F0:s2->s3,pp_message,forward,0,-1,2,11,43,59,2,3,-1,p2p,4712346,0,0,4712346,0,,,837701202,842413548,rank43:F0,0,1785477744809005006,1785477745646706208,1785477745651418554
55,rank43:F1,compute,forward,1,43,2,11,43,43,2,2,1,warmup,336810023,336810023,0,0,0,1.7854777456578243e+18,1.7854777459946342e+18,842413548,1179223571,lane11:F0:s2->s3,4712346,1785477744809005006,1785477745651418554,1785477745988228577
55,rank59:F0,compute,forward,0,59,3,11,59,59,3,3,0,warmup,407655668,407655668,0,0,0,1.7854777456528445e+18,1.7854777460605e+18,842413548,1250069216,lane11:F0:s2->s3,842413548,1785477744809005006,1785477745651418554,1785477746059074222
55,lane11:F2:s1->s2,pp_message,forward,2,-1,1,11,27,43,1,2,-1,p2p,4712346,0,0,4712346,0,,,1168239225,1172951571,rank27:F2,0,1785477744809005006,1785477745977244231,1785477745981956577
55,rank27:F3,compute,forward,3,27,1,11,27,27,1,1,3,warmup,326155704,326155704,0,0,0,1.785477746081003e+18,1.7854777464071588e+18,1172951571,1499107275,lane11:F2:s1->s2,4712346,1785477744809005006,1785477745981956577,1785477746308112281
55,lane11:F1:s2->s3,pp_message,forward,1,-1,2,11,43,59,2,3,-1,p2p,4712346,0,0,4712346,0,,,1179223571,1183935917,rank43:F1,0,1785477744809005006,1785477745988228577,1785477745992940923
55,rank43:F2,compute,forward,2,43,2,11,43,43,2,2,2,warmup,319937965,319937965,0,0,0,1.7854777460758244e+18,1.7854777463957624e+18,1183935917,1503873882,lane11:F1:s2->s3,4712346,1785477744809005006,1785477745992940923,1785477746312878888
55,lane11:F0:s3->s4,pp_message,forward,0,-1,3,11,59,75,3,4,-1,p2p,4712346,0,0,4712346,0,,,1250069216,1254781562,rank59:F0,0,1785477744809005006,1785477746059074222,1785477746063786568
55,rank59:F1,compute,forward,1,59,3,11,59,59,3,3,1,warmup,352800051,352800051,0,0,0,1.7854777460706373e+18,1.7854777464234373e+18,1254781562,1607581613,lane11:F0:s3->s4,4712346,1785477744809005006,1785477746063786568,1785477746416586619
55,rank75:F0,compute,forward,0,75,4,11,75,75,4,4,0,warmup,318532599,318532599,0,0,0,1.7854777460657856e+18,1.7854777463843182e+18,1254781562,1573314161,lane11:F0:s3->s4,1254781562,1785477744809005006,1785477746063786568,1785477746382319167
55,lane11:F3:s1->s2,pp_message,forward,3,-1,1,11,27,43,1,2,-1,p2p,4712346,0,0,4712346,0,,,1499107275,1503819621,rank27:F3,0,1785477744809005006,1785477746308112281,1785477746312824627
55,lane11:F2:s2->s3,pp_message,forward,2,-1,2,11,43,59,2,3,-1,p2p,4712346,0,0,4712346,0,,,1503873882,1508586228,rank43:F2,0,1785477744809005006,1785477746312878888,1785477746317591234
55,rank43:F3,compute,forward,3,43,2,11,43,43,2,2,3,warmup,346840231,346840231,0,0,0,1.785477746438703e+18,1.7854777467855434e+18,1508586228,1855426459,lane11:F2:s2->s3,4712346,1785477744809005006,1785477746317591234,1785477746664431465
55,lane11:F0:s4->s5,pp_message,forward,0,-1,4,11,75,91,4,5,-1,p2p,4712346,0,0,4712346,0,,,1573314161,1578026507,rank75:F0,0,1785477744809005006,1785477746382319167,1785477746387031513
55,rank91:F0,compute,forward,0,91,5,11,91,91,5,5,0,warmup,314831443,314831443,0,0,0,1.7854777463899034e+18,1.7854777467047347e+18,1578026507,1892857950,lane11:F0:s4->s5,1578026507,1785477744809005006,1785477746387031513,1785477746701862956
55,lane11:F1:s3->s4,pp_message,forward,1,-1,3,11,59,75,3,4,-1,p2p,4712346,0,0,4712346,0,,,1607581613,1612293959,rank59:F1,0,1785477744809005006,1785477746416586619,1785477746421298965
55,rank59:F2,compute,forward,2,59,3,11,59,59,3,3,2,warmup,337458513,337458513,0,0,0,1.7854777464335939e+18,1.7854777467710523e+18,1612293959,1949752472,lane11:F1:s3->s4,4712346,1785477744809005006,1785477746421298965,1785477746758757478
55,rank75:F1,compute,forward,1,75,4,11,75,75,4,4,1,warmup,318157683,318157683,0,0,0,1.7854777464285002e+18,1.7854777467466578e+18,1612293959,1930451642,lane11:F1:s3->s4,38979798,1785477744809005006,1785477746421298965,1785477746739456648
55,lane11:F3:s2->s3,pp_message,forward,3,-1,2,11,43,59,2,3,-1,p2p,4712346,0,0,4712346,0,,,1855426459,1860138805,rank43:F3,0,1785477744809005006,1785477746664431465,1785477746669143811
55,lane11:F0:s5->s6,pp_message,forward,0,-1,5,11,91,107,5,6,-1,p2p,4712346,0,0,4712346,0,,,1892857950,1897570296,rank91:F0,0,1785477744809005006,1785477746701862956,1785477746706575302
55,rank107:F0,compute,forward,0,107,6,11,107,107,6,6,0,warmup,315552852,315552852,0,0,0,1.7854777467109978e+18,1.7854777470265505e+18,1897570296,2213123148,lane11:F0:s5->s6,1897570296,1785477744809005006,1785477746706575302,1785477747022128154
55,lane11:F1:s4->s5,pp_message,forward,1,-1,4,11,75,91,4,5,-1,p2p,4712346,0,0,4712346,0,,,1930451642,1935163988,rank75:F1,0,1785477744809005006,1785477746739456648,1785477746744168994
55,rank91:F1,compute,forward,1,91,5,11,91,91,5,5,1,warmup,461454409,461454409,0,0,0,1.7854777467518697e+18,1.785477747213324e+18,1935163988,2396618397,lane11:F1:s4->s5,42306038,1785477744809005006,1785477746744168994,1785477747205623403
55,lane11:F2:s3->s4,pp_message,forward,2,-1,3,11,59,75,3,4,-1,p2p,4712346,0,0,4712346,0,,,1949752472,1954464818,rank59:F2,0,1785477744809005006,1785477746758757478,1785477746763469824
55,rank59:F3,compute,forward,3,59,3,11,59,59,3,3,3,warmup,325766938,325766938,0,0,0,1.7854777467906665e+18,1.7854777471164334e+18,1954464818,2280231756,lane11:F2:s3->s4,4712346,1785477744809005006,1785477746763469824,1785477747089236762
55,rank75:F2,compute,forward,2,75,4,11,75,75,4,4,2,warmup,316997699,316997699,0,0,0,1.785477746776259e+18,1.785477747093257e+18,1954464818,2271462517,lane11:F2:s3->s4,24013176,1785477744809005006,1785477746763469824,1785477747080467523
55,lane11:F0:s6->s7,pp_message,forward,0,-1,6,11,107,123,6,7,-1,p2p,4712346,0,0,4712346,0,,,2213123148,2217835494,rank107:F0,0,1785477744809005006,1785477747022128154,1785477747026840500
55,rank123:F0,compute,forward,0,123,7,11,123,123,7,7,0,warmup,321956926,321956926,0,0,0,1.7854777470327107e+18,1.7854777473546675e+18,2217835494,2539792420,lane11:F0:s6->s7,2217835494,1785477744809005006,1785477747026840500,1785477747348797426
55,lane11:F2:s4->s5,pp_message,forward,2,-1,4,11,75,91,4,5,-1,p2p,4712346,0,0,4712346,0,,,2271462517,2276174863,rank75:F2,0,1785477744809005006,1785477747080467523,1785477747085179869
55,lane11:F3:s3->s4,pp_message,forward,3,-1,3,11,59,75,3,4,-1,p2p,4712346,0,0,4712346,0,,,2280231756,2284944102,rank59:F3,0,1785477744809005006,1785477747089236762,1785477747093949108
55,rank75:F3,compute,forward,3,75,4,11,75,75,4,4,3,warmup,329163041,329163041,0,0,0,1.7854777472295844e+18,1.7854777475587474e+18,2284944102,2614107143,lane11:F3:s3->s4,13481585,1785477744809005006,1785477747093949108,1785477747423112149
55,lane11:F1:s5->s6,pp_message,forward,1,-1,5,11,91,107,5,6,-1,p2p,4712346,0,0,4712346,0,,,2396618397,2401330743,rank91:F1,0,1785477744809005006,1785477747205623403,1785477747210335749
55,rank107:F1,compute,forward,1,107,6,11,107,107,6,6,1,warmup,327015744,327015744,0,0,0,1.7854777472192906e+18,1.7854777475463066e+18,2401330743,2728346487,lane11:F1:s5->s6,188207595,1785477744809005006,1785477747210335749,1785477747537351493
55,rank91:F2,compute,forward,2,91,5,11,91,91,5,5,2,warmup,323878746,323878746,0,0,0,1.785477747224343e+18,1.785477747548222e+18,2401330743,2725209489,lane11:F1:s5->s6,4712346,1785477744809005006,1785477747210335749,1785477747534214495
55,lane11:F0:s7->s8,pp_message,forward,0,-1,7,11,123,139,7,8,-1,p2p,4712346,0,0,4712346,0,,,2539792420,2544504766,rank123:F0,0,1785477744809005006,1785477747348797426,1785477747353509772
55,rank139:F0,compute,forward,0,139,8,11,139,139,8,8,0,warmup,315314906,315314906,0,0,0,1.785477747360112e+18,1.785477747675427e+18,2544504766,2859819672,lane11:F0:s7->s8,2544504766,1785477744809005006,1785477747353509772,1785477747668824678
55,lane11:F3:s4->s5,pp_message,forward,3,-1,4,11,75,91,4,5,-1,p2p,4712346,0,0,4712346,0,,,2614107143,2618819489,rank75:F3,0,1785477744809005006,1785477747423112149,1785477747427824495
55,lane11:F2:s5->s6,pp_message,forward,2,-1,5,11,91,107,5,6,-1,p2p,4712346,0,0,4712346,0,,,2725209489,2729921835,rank91:F2,0,1785477744809005006,1785477747534214495,1785477747538926841
55,lane11:F1:s6->s7,pp_message,forward,1,-1,6,11,107,123,6,7,-1,p2p,4712346,0,0,4712346,0,,,2728346487,2733058833,rank107:F1,0,1785477744809005006,1785477747537351493,1785477747542063839
55,rank91:F3,compute,forward,3,91,5,11,91,91,5,5,3,warmup,312190549,312190549,0,0,0,1.7854777475640768e+18,1.7854777478762673e+18,2729921835,3042112384,lane11:F2:s5->s6,4712346,1785477744809005006,1785477747538926841,1785477747851117390
55,rank107:F2,compute,forward,2,107,6,11,107,107,6,6,2,warmup,328521916,328521916,0,0,0,1.785477747558262e+18,1.785477747886784e+18,2733058833,3061580749,lane11:F1:s6->s7,4712346,1785477744809005006,1785477747542063839,1785477747870585755
55,rank123:F1,compute,forward,1,123,7,11,123,123,7,7,1,warmup,310445969,310445969,0,0,0,1.7854777475522703e+18,1.7854777478627162e+18,2733058833,3043504802,lane11:F1:s6->s7,193266413,1785477744809005006,1785477747542063839,1785477747852509808
55,lane11:F0:s8->s9,pp_message,forward,0,-1,8,11,139,155,8,9,-1,p2p,4712346,0,0,4712346,0,,,2859819672,2864532018,rank139:F0,0,1785477744809005006,1785477747668824678,1785477747673537024
55,rank155:F0,compute,forward,0,155,9,11,155,155,9,9,0,warmup,321586567,321586567,0,0,0,1.7854777476815337e+18,1.78547774800312e+18,2864532018,3186118585,lane11:F0:s8->s9,2864532018,1785477744809005006,1785477747673537024,1785477747995123591
55,lane11:F3:s5->s6,pp_message,forward,3,-1,5,11,91,107,5,6,-1,p2p,4712346,0,0,4712346,0,,,3042112384,3046824730,rank91:F3,0,1785477744809005006,1785477747851117390,1785477747855829736
55,lane11:F1:s7->s8,pp_message,forward,1,-1,7,11,123,139,7,8,-1,p2p,4712346,0,0,4712346,0,,,3043504802,3048217148,rank123:F1,0,1785477744809005006,1785477747852509808,1785477747857222154
55,rank139:F1,compute,forward,1,139,8,11,139,139,8,8,1,warmup,317004415,317004415,0,0,0,1.7854777478679255e+18,1.7854777481849298e+18,3048217148,3365221563,lane11:F1:s7->s8,188397476,1785477744809005006,1785477747857222154,1785477748174226569
55,lane11:F2:s6->s7,pp_message,forward,2,-1,6,11,107,123,6,7,-1,p2p,4712346,0,0,4712346,0,,,3061580749,3066293095,rank107:F2,0,1785477744809005006,1785477747870585755,1785477747875298101
55,rank107:F3,compute,forward,3,107,6,11,107,107,6,6,3,warmup,313229184,313229184,0,0,0,1.7854777478984315e+18,1.7854777482116605e+18,3066293095,3379522279,lane11:F2:s6->s7,4712346,1785477744809005006,1785477747875298101,1785477748188527285
55,rank123:F2,compute,forward,2,123,7,11,123,123,7,7,2,warmup,308896136,308896136,0,0,0,1.7854777478925842e+18,1.7854777482014802e+18,3066293095,3375189231,lane11:F2:s6->s7,22788293,1785477744809005006,1785477747875298101,1785477748184194237
55,lane11:F0:s9->s10,pp_message,forward,0,-1,9,11,155,171,9,10,-1,p2p,4712346,0,0,4712346,0,,,3186118585,3190830931,rank155:F0,0,1785477744809005006,1785477747995123591,1785477747999835937
55,rank171:F0,compute,forward,0,171,10,11,171,171,10,10,0,warmup,313253034,313253034,0,0,0,1.785477748008488e+18,1.785477748321741e+18,3190830931,3504083965,lane11:F0:s9->s10,3190830931,1785477744809005006,1785477747999835937,1785477748313088971
55,lane11:F1:s8->s9,pp_message,forward,1,-1,8,11,139,155,8,9,-1,p2p,4712346,0,0,4712346,0,,,3365221563,3369933909,rank139:F1,0,1785477744809005006,1785477748174226569,1785477748178938915
55,rank155:F1,compute,forward,1,155,9,11,155,155,9,9,1,warmup,317276181,317276181,0,0,0,1.7854777481900785e+18,1.7854777485073546e+18,3369933909,3687210090,lane11:F1:s8->s9,183815324,1785477744809005006,1785477748178938915,1785477748496215096
55,lane11:F2:s7->s8,pp_message,forward,2,-1,7,11,123,139,7,8,-1,p2p,4712346,0,0,4712346,0,,,3375189231,3379901577,rank123:F2,0,1785477744809005006,1785477748184194237,1785477748188906583
55,lane11:F3:s6->s7,pp_message,forward,3,-1,6,11,107,123,6,7,-1,p2p,4712346,0,0,4712346,0,,,3379522279,3384234625,rank107:F3,0,1785477744809005006,1785477748188527285,1785477748193239631
55,rank139:F2,compute,forward,2,139,8,11,139,139,8,8,2,warmup,311837462,311837462,0,0,0,1.7854777482067817e+18,1.7854777485186191e+18,3379901577,3691739039,lane11:F2:s7->s8,14680014,1785477744809005006,1785477748188906583,1785477748500744045
55,rank123:F3,compute,forward,3,123,7,11,123,123,7,7,3,warmup,308657781,308657781,0,0,0,1.7854777482174607e+18,1.7854777485261187e+18,3384234625,3692892406,lane11:F3:s6->s7,9045394,1785477744809005006,1785477748193239631,1785477748501897412
55,lane11:F0:s10->s11,pp_message,forward,0,-1,10,11,171,187,10,11,-1,p2p,4712346,0,0,4712346,0,,,3504083965,3508796311,rank171:F0,0,1785477744809005006,1785477748313088971,1785477748317801317
55,rank187:F0,compute,forward,0,187,11,11,187,187,11,11,0,warmup,312447000,312447000,0,0,0,1.785477748327848e+18,1.785477748640295e+18,3508796311,3821243311,lane11:F0:s10->s11,3508796311,1785477744809005006,1785477748317801317,1785477748630248317
55,lane11:F1:s9->s10,pp_message,forward,1,-1,9,11,155,171,9,10,-1,p2p,4712346,0,0,4712346,0,,,3687210090,3691922436,rank155:F1,0,1785477744809005006,1785477748496215096,1785477748500927442
55,lane11:F2:s8->s9,pp_message,forward,2,-1,8,11,139,155,8,9,-1,p2p,4712346,0,0,4712346,0,,,3691739039,3696451385,rank139:F2,0,1785477744809005006,1785477748500744045,1785477748505456391
55,rank171:F1,compute,forward,1,171,10,11,171,171,10,10,1,warmup,310844056,310844056,0,0,0,1.785477748512396e+18,1.7854777488232402e+18,3691922436,4002766492,lane11:F1:s9->s10,187838471,1785477744809005006,1785477748500927442,1785477748811771498
55,lane11:F3:s7->s8,pp_message,forward,3,-1,7,11,123,139,7,8,-1,p2p,4712346,0,0,4712346,0,,,3692892406,3697604752,rank123:F3,0,1785477744809005006,1785477748501897412,1785477748506609758
55,rank155:F2,compute,forward,2,155,9,11,155,155,9,9,2,warmup,316320704,316320704,0,0,0,1.785477748523655e+18,1.7854777488399757e+18,3696451385,4012772089,lane11:F2:s8->s9,9241295,1785477744809005006,1785477748505456391,1785477748821777095
55,rank139:F3,compute,forward,3,139,8,11,139,139,8,8,3,warmup,309909640,309909640,0,0,0,1.7854777485313073e+18,1.785477748841217e+18,3697604752,4007514392,lane11:F3:s7->s8,5865713,1785477744809005006,1785477748506609758,1785477748816519398
55,lane11:F0:s11->s12,pp_message,forward,0,-1,11,11,187,203,11,12,-1,p2p,4712346,0,0,4712346,0,,,3821243311,3825955657,rank187:F0,0,1785477744809005006,1785477748630248317,1785477748634960663
55,rank203:F0,compute,forward,0,203,12,11,203,203,12,12,0,warmup,311875093,311875093,0,0,0,1.7854777486463844e+18,1.7854777489582597e+18,3825955657,4137830750,lane11:F0:s11->s12,3825955657,1785477744809005006,1785477748634960663,1785477748946835756
55,lane11:F1:s10->s11,pp_message,forward,1,-1,10,11,171,187,10,11,-1,p2p,4712346,0,0,4712346,0,,,4002766492,4007478838,rank171:F1,0,1785477744809005006,1785477748811771498,1785477748816483844
55,rank187:F1,compute,forward,1,187,11,11,187,187,11,11,1,warmup,307629223,307629223,0,0,0,1.7854777488292431e+18,1.7854777491368722e+18,4007478838,4315108061,lane11:F1:s10->s11,186235527,1785477744809005006,1785477748816483844,1785477749124113067
55,lane11:F3:s8->s9,pp_message,forward,3,-1,8,11,139,155,8,9,-1,p2p,4712346,0,0,4712346,0,,,4007514392,4012226738,rank139:F3,0,1785477744809005006,1785477748816519398,1785477748821231744
55,lane11:F2:s9->s10,pp_message,forward,2,-1,9,11,155,171,9,10,-1,p2p,4712346,0,0,4712346,0,,,4012772089,4017484435,rank155:F2,0,1785477744809005006,1785477748821777095,1785477748826489441
55,rank155:F3,compute,forward,3,155,9,11,155,155,9,9,3,warmup,319110119,319110119,0,0,0,1.7854777488499487e+18,1.7854777491690588e+18,4017484435,4336594554,lane11:F2:s9->s10,4712346,1785477744809005006,1785477748826489441,1785477749145599560
55,rank171:F2,compute,forward,2,171,10,11,171,171,10,10,2,warmup,310285304,310285304,0,0,0,1.7854777488449554e+18,1.7854777491552407e+18,4017484435,4327769739,lane11:F2:s9->s10,14717943,1785477744809005006,1785477748826489441,1785477749136774745
55,lane11:F0:s12->s13,pp_message,forward,0,-1,12,11,203,219,12,13,-1,p2p,4712346,0,0,4712346,0,,,4137830750,4142543096,rank203:F0,0,1785477744809005006,1785477748946835756,1785477748951548102
55,rank219:F0,compute,forward,0,219,13,11,219,219,13,13,0,warmup,315006533,315006533,0,0,0,1.785477748964294e+18,1.7854777492793004e+18,4142543096,4457549629,lane11:F0:s12->s13,4142543096,1785477744809005006,1785477748951548102,1785477749266554635
55,lane11:F1:s11->s12,pp_message,forward,1,-1,11,11,187,203,11,12,-1,p2p,4712346,0,0,4712346,0,,,4315108061,4319820407,rank187:F1,0,1785477744809005006,1785477749124113067,1785477749128825413
55,rank203:F1,compute,forward,1,203,12,11,203,203,12,12,1,warmup,307810299,307810299,0,0,0,1.7854777491420495e+18,1.7854777494498598e+18,4319820407,4627630706,lane11:F1:s11->s12,181989657,1785477744809005006,1785477749128825413,1785477749436635712
55,lane11:F2:s10->s11,pp_message,forward,2,-1,10,11,171,187,10,11,-1,p2p,4712346,0,0,4712346,0,,,4327769739,4332482085,rank171:F2,0,1785477744809005006,1785477749136774745,1785477749141487091
55,rank187:F2,compute,forward,2,187,11,11,187,187,11,11,2,warmup,306046875,306046875,0,0,0,1.7854777491603228e+18,1.7854777494663698e+18,4332482085,4638528960,lane11:F2:s10->s11,17374024,1785477744809005006,1785477749141487091,1785477749447533966
55,lane11:F3:s9->s10,pp_message,forward,3,-1,9,11,155,171,9,10,-1,p2p,4712346,0,0,4712346,0,,,4336594554,4341306900,rank155:F3,0,1785477744809005006,1785477749145599560,1785477749150311906
55,rank171:F3,compute,forward,3,171,10,11,171,171,10,10,3,warmup,454869017,454869017,0,0,0,1.7854777491740431e+18,1.785477749628912e+18,4341306900,4796175917,lane11:F3:s9->s10,13537161,1785477744809005006,1785477749150311906,1785477749605180923
55,lane11:F0:s13->s14,pp_message,forward,0,-1,13,11,219,235,13,14,-1,p2p,4712346,0,0,4712346,0,,,4457549629,4462261975,rank219:F0,0,1785477744809005006,1785477749266554635,1785477749271266981
55,rank235:F0,compute,forward,0,235,14,11,235,235,14,14,0,warmup,322129315,322129315,0,0,0,1.7854777492851067e+18,1.7854777496072358e+18,4462261975,4784391290,lane11:F0:s13->s14,4462261975,1785477744809005006,1785477749271266981,1785477749593396296
55,lane11:F1:s12->s13,pp_message,forward,1,-1,12,11,203,219,12,13,-1,p2p,4712346,0,0,4712346,0,,,4627630706,4632343052,rank203:F1,0,1785477744809005006,1785477749436635712,1785477749441348058
55,rank219:F1,compute,forward,1,219,13,11,219,219,13,13,1,warmup,460896633,460896633,0,0,0,1.7854777494547162e+18,1.7854777499156127e+18,4632343052,5093239685,lane11:F1:s12->s13,174793423,1785477744809005006,1785477749441348058,1785477749902244691
55,lane11:F2:s11->s12,pp_message,forward,2,-1,11,11,187,203,11,12,-1,p2p,4712346,0,0,4712346,0,,,4638528960,4643241306,rank187:F2,0,1785477744809005006,1785477749447533966,1785477749452246312
55,rank203:F2,compute,forward,2,203,12,11,203,203,12,12,2,warmup,308193960,308193960,0,0,0,1.7854777494714929e+18,1.785477749779687e+18,4643241306,4951435266,lane11:F2:s11->s12,15610600,1785477744809005006,1785477749452246312,1785477749760440272
55,lane11:F0:s14->s15,pp_message,forward,0,-1,14,11,235,251,14,15,-1,p2p,4712346,0,0,4712346,0,,,4784391290,4789103636,rank235:F0,0,1785477744809005006,1785477749593396296,1785477749598108642
55,rank251:F0,compute,forward,0,251,15,11,251,251,15,15,0,steady,197840142,197840142,0,0,0,1.7854777496132216e+18,1.7854777498110618e+18,4789103636,4986943778,lane11:F0:s14->s15,4789103636,1785477744809005006,1785477749598108642,1785477749795948784
55,lane11:F3:s10->s11,pp_message,forward,3,-1,10,11,171,187,10,11,-1,p2p,4712346,0,0,4712346,0,,,4796175917,4800888263,rank171:F3,0,1785477744809005006,1785477749605180923,1785477749609893269
55,rank187:F3,compute,forward,3,187,11,11,187,187,11,11,3,warmup,306725536,306725536,0,0,0,1.785477749634152e+18,1.7854777499408773e+18,4800888263,5107613799,lane11:F3:s10->s11,162359303,1785477744809005006,1785477749609893269,1785477749916618805
55,lane11:F2:s12->s13,pp_message,forward,2,-1,12,11,203,219,12,13,-1,p2p,4712346,0,0,4712346,0,,,4951435266,4956147612,rank203:F2,0,1785477744809005006,1785477749760440272,1785477749765152618
55,rank251:B0,compute,backward,0,251,15,11,251,251,15,15,1,steady,388055203,388055203,0,0,0,1.78547774981122e+18,1.785477750199275e+18,4986943778,5374998981,rank251:F0,0,1785477744809005006,1785477749795948784,1785477750184003987
55,lane11:F1:s13->s14,pp_message,forward,1,-1,13,11,219,235,13,14,-1,p2p,4712346,0,0,4712346,0,,,5093239685,5097952031,rank219:F1,0,1785477744809005006,1785477749902244691,1785477749906957037
55,rank219:F2,compute,forward,2,219,13,11,219,219,13,13,2,steady,310727737,310727737,0,0,0,1.7854777499257964e+18,1.785477750236524e+18,5097952031,5408679768,lane11:F1:s13->s14,4712346,1785477744809005006,1785477749906957037,1785477750217684774
55,rank235:F1,compute,forward,1,235,14,11,235,235,14,14,1,steady,312704561,312704561,0,0,0,1.785477749920804e+18,1.7854777502335086e+18,5097952031,5410656592,lane11:F1:s13->s14,313560741,1785477744809005006,1785477749906957037,1785477750219661598
55,lane11:F3:s11->s12,pp_message,forward,3,-1,11,11,187,203,11,12,-1,p2p,4712346,0,0,4712346,0,,,5107613799,5112326145,rank187:F3,0,1785477744809005006,1785477749916618805,1785477749921331151
55,rank203:F3,compute,forward,3,203,12,11,203,203,12,12,3,steady,308376427,308376427,0,0,0,1.7854777499460416e+18,1.785477750254418e+18,5112326145,5420702572,lane11:F3:s11->s12,160890879,1785477744809005006,1785477749921331151,1785477750229707578
55,lane11:B0:s15->s14,pp_message,backward,0,-1,15,11,251,235,15,14,-1,p2p,98176190,0,0,4712346,93463844,,,5374998981,5473175171,rank251:B0,0,1785477744809005006,1785477750184003987,1785477750282180177
55,lane11:F2:s13->s14,pp_message,forward,2,-1,13,11,219,235,13,14,-1,p2p,4712346,0,0,4712346,0,,,5408679768,5413392114,rank219:F2,0,1785477744809005006,1785477750217684774,1785477750222397120
55,lane11:F1:s14->s15,pp_message,forward,1,-1,14,11,235,251,14,15,-1,p2p,4712346,0,0,4712346,0,,,5410656592,5415368938,rank235:F1,0,1785477744809005006,1785477750219661598,1785477750224373944
55,lane11:F3:s12->s13,pp_message,forward,3,-1,12,11,203,219,12,13,-1,p2p,4712346,0,0,4712346,0,,,5420702572,5425414918,rank203:F3,0,1785477744809005006,1785477750229707578,1785477750234419924
55,rank235:B0,compute,backward,0,235,14,11,235,235,14,14,2,steady,682970482,682970482,0,0,0,1.7854777502976174e+18,1.785477750980588e+18,5473175171,6156145653,lane11:B0:s15->s14,62518579,1785477744809005006,1785477750282180177,1785477750965150659
55,rank251:F1,compute,forward,1,251,15,11,251,251,15,15,2,steady,191919173,191919173,0,0,0,1.7854777502974897e+18,1.7854777504894088e+18,5473175171,5665094344,lane11:B0:s15->s14,98176190,1785477744809005006,1785477750282180177,1785477750474099350
55,rank251:B1,compute,backward,1,251,15,11,251,251,15,15,3,steady,374265886,374265886,0,0,0,1.785477750489601e+18,1.785477750863867e+18,5665094344,6039360230,rank251:F1,0,1785477744809005006,1785477750474099350,1785477750848365236
55,lane11:B1:s15->s14,pp_message,backward,1,-1,15,11,251,235,15,14,-1,p2p,98176190,0,0,4712346,93463844,,,6039360230,6137536420,rank251:B1,0,1785477744809005006,1785477750848365236,1785477750946541426
55,lane11:B0:s14->s13,pp_message,backward,0,-1,14,11,235,219,14,13,-1,p2p,98176190,0,0,4712346,93463844,,,6156145653,6254321843,rank235:B0,0,1785477744809005006,1785477750965150659,1785477751063326849
55,rank219:B0,compute,backward,0,219,13,11,219,219,13,13,3,steady,689045107,689045107,0,0,0,1.7854777510774157e+18,1.7854777517664607e+18,6254321843,6943366950,lane11:B0:s14->s13,845642075,1785477744809005006,1785477751063326849,1785477751752371956
55,rank235:F2,compute,forward,2,235,14,11,235,235,14,14,3,steady,316971327,316971327,0,0,0,1.785477751077138e+18,1.7854777513941094e+18,6254321843,6571293170,lane11:B0:s14->s13,98176190,1785477744809005006,1785477751063326849,1785477751380298176
55,lane11:F2:s14->s15,pp_message,forward,2,-1,14,11,235,251,14,15,-1,p2p,4712346,0,0,4712346,0,,,6571293170,6576005516,rank235:F2,0,1785477744809005006,1785477751380298176,1785477751385010522
55,rank235:B1,compute,backward,1,235,14,11,235,235,14,14,4,steady,693074944,693074944,0,0,0,1.7854777514000013e+18,1.7854777520930762e+18,6576005516,7269080460,lane11:F2:s14->s15,4712346,1785477744809005006,1785477751385010522,1785477752078085466
55,rank251:F2,compute,forward,2,251,15,11,251,251,15,15,4,steady,194484795,194484795,0,0,0,1.7854777513999644e+18,1.7854777515944492e+18,6576005516,6770490311,lane11:F2:s14->s15,536645286,1785477744809005006,1785477751385010522,1785477751579495317
55,rank251:B2,compute,backward,2,251,15,11,251,251,15,15,5,steady,368910025,368910025,0,0,0,1.785477751594615e+18,1.785477751963525e+18,6770490311,7139400336,rank251:F2,0,1785477744809005006,1785477751579495317,1785477751948405342
55,lane11:B0:s13->s12,pp_message,backward,0,-1,13,11,219,203,13,12,-1,p2p,98176190,0,0,4712346,93463844,,,6943366950,7041543140,rank219:B0,0,1785477744809005006,1785477751752371956,1785477751850548146
55,rank203:B0,compute,backward,0,203,12,11,203,203,12,12,4,steady,687020202,687020202,0,0,0,1.7854777518655306e+18,1.7854777525525507e+18,7041543140,7728563342,lane11:B0:s13->s12,1620840568,1785477744809005006,1785477751850548146,1785477752537568348
55,rank219:F3,compute,forward,3,219,13,11,219,219,13,13,4,steady,315417279,315417279,0,0,0,1.7854777518652616e+18,1.7854777521806787e+18,7041543140,7356960419,lane11:B0:s13->s12,98176190,1785477744809005006,1785477751850548146,1785477752165965425
55,lane11:B2:s15->s14,pp_message,backward,2,-1,15,11,251,235,15,14,-1,p2p,98176190,0,0,4712346,93463844,,,7139400336,7237576526,rank251:B2,0,1785477744809005006,1785477751948405342,1785477752046581532
55,lane11:B1:s14->s13,pp_message,backward,1,-1,14,11,235,219,14,13,-1,p2p,98176190,0,0,4712346,93463844,,,7269080460,7367256650,rank235:B1,0,1785477744809005006,1785477752078085466,1785477752176261656
55,lane11:F3:s13->s14,pp_message,forward,3,-1,13,11,219,235,13,14,-1,p2p,4712346,0,0,4712346,0,,,7356960419,7361672765,rank219:F3,0,1785477744809005006,1785477752165965425,1785477752170677771
55,rank219:B1,compute,backward,1,219,13,11,219,219,13,13,5,steady,698791307,698791307,0,0,0,1.785477752190294e+18,1.7854777528890852e+18,7367256650,8066047957,lane11:B1:s14->s13,10296231,1785477744809005006,1785477752176261656,1785477752875052963
55,rank235:F3,compute,forward,3,235,14,11,235,235,14,14,5,steady,328566822,328566822,0,0,0,1.785477752190288e+18,1.7854777525188547e+18,7367256650,7695823472,lane11:B1:s14->s13,98176190,1785477744809005006,1785477752176261656,1785477752504828478
55,lane11:F3:s14->s15,pp_message,forward,3,-1,14,11,235,251,14,15,-1,p2p,4712346,0,0,4712346,0,,,7695823472,7700535818,rank235:F3,0,1785477744809005006,1785477752504828478,1785477752509540824
55,rank235:B2,compute,backward,2,235,14,11,235,235,14,14,6,steady,727284147,727284147,0,0,0,1.7854777525259092e+18,1.7854777532531935e+18,7700535818,8427819965,lane11:F3:s14->s15,4712346,1785477744809005006,1785477752509540824,1785477753236824971
55,rank251:F3,compute,forward,3,251,15,11,251,251,15,15,6,steady,192109454,192109454,0,0,0,1.7854777525258593e+18,1.785477752717969e+18,7700535818,7892645272,lane11:F3:s14->s15,561135482,1785477744809005006,1785477752509540824,1785477752701650278
55,lane11:B0:s12->s11,pp_message,backward,0,-1,12,11,203,187,12,11,-1,p2p,98176190,0,0,4712346,93463844,,,7728563342,7826739532,rank203:B0,0,1785477744809005006,1785477752537568348,1785477752635744538
55,rank187:B0,compute,backward,0,187,11,11,187,187,11,11,4,cooldown,677669298,677669298,0,0,0,1.7854777526492677e+18,1.785477753326937e+18,7826739532,8504408830,lane11:B0:s12->s11,2719125733,1785477744809005006,1785477752635744538,1785477753313413836
55,rank251:B3,compute,backward,3,251,15,11,251,251,15,15,7,steady,368542308,368542308,0,0,0,1.7854777527181427e+18,1.785477753086685e+18,7892645272,8261187580,rank251:F3,0,1785477744809005006,1785477752701650278,1785477753070192586
55,lane11:B1:s13->s12,pp_message,backward,1,-1,13,11,219,203,13,12,-1,p2p,98176190,0,0,4712346,93463844,,,8066047957,8164224147,rank219:B1,0,1785477744809005006,1785477752875052963,1785477752973229153
55,rank203:B1,compute,backward,1,203,12,11,203,203,12,12,5,cooldown,683525351,683525351,0,0,0,1.7854777529875674e+18,1.7854777536710927e+18,8164224147,8847749498,lane11:B1:s13->s12,435660805,1785477744809005006,1785477752973229153,1785477753656754504
55,lane11:B3:s15->s14,pp_message,backward,3,-1,15,11,251,235,15,14,-1,p2p,98176190,0,0,4712346,93463844,,,8261187580,8359363770,rank251:B3,0,1785477744809005006,1785477753070192586,1785477753168368776
55,lane11:B2:s14->s13,pp_message,backward,2,-1,14,11,235,219,14,13,-1,p2p,98176190,0,0,4712346,93463844,,,8427819965,8525996155,rank235:B2,0,1785477744809005006,1785477753236824971,1785477753335001161
55,lane11:B0:s11->s10,pp_message,backward,0,-1,11,11,187,171,11,10,-1,p2p,98176190,0,0,4712346,93463844,,,8504408830,8602585020,rank187:B0,0,1785477744809005006,1785477753313413836,1785477753411590026
55,rank219:B2,compute,backward,2,219,13,11,219,219,13,13,6,cooldown,683263762,683263762,0,0,0,1.7854777533491387e+18,1.7854777540324024e+18,8525996155,9209259917,lane11:B2:s14->s13,459948198,1785477744809005006,1785477753335001161,1785477754018264923
55,rank235:B3,compute,backward,3,235,14,11,235,235,14,14,7,cooldown,697450983,697450983,0,0,0,1.7854777533545623e+18,1.7854777540520133e+18,8525996155,9223447138,lane11:B2:s14->s13,98176190,1785477744809005006,1785477753335001161,1785477754032452144
55,rank171:B0,compute,backward,0,171,10,11,171,171,10,10,4,cooldown,688670625,688670625,0,0,0,1.7854777534256443e+18,1.785477754114315e+18,8602585020,9291255645,lane11:B0:s11->s10,3806409103,1785477744809005006,1785477753411590026,1785477754100260651
55,lane11:B1:s12->s11,pp_message,backward,1,-1,12,11,203,187,12,11,-1,p2p,98176190,0,0,4712346,93463844,,,8847749498,8945925688,rank203:B1,0,1785477744809005006,1785477753656754504,1785477753754930694
55,rank187:B1,compute,backward,1,187,11,11,187,187,11,11,5,cooldown,677700850,677700850,0,0,0,1.785477753767745e+18,1.785477754445446e+18,8945925688,9623626538,lane11:B1:s12->s11,441516858,1785477744809005006,1785477753754930694,1785477754432631544
55,lane11:B2:s13->s12,pp_message,backward,2,-1,13,11,219,203,13,12,-1,p2p,98176190,0,0,4712346,93463844,,,9209259917,9307436107,rank219:B2,0,1785477744809005006,1785477754018264923,1785477754116441113
55,lane11:B3:s14->s13,pp_message,backward,3,-1,14,11,235,219,14,13,-1,p2p,98176190,0,0,4712346,93463844,,,9223447138,9321623328,rank235:B3,0,1785477744809005006,1785477754032452144,1785477754130628334
55,lane11:B0:s10->s9,pp_message,backward,0,-1,10,11,171,155,10,9,-1,p2p,98176190,0,0,4712346,93463844,,,9291255645,9389431835,rank171:B0,0,1785477744809005006,1785477754100260651,1785477754198436841
55,rank203:B2,compute,backward,2,203,12,11,203,203,12,12,6,cooldown,678116598,678116598,0,0,0,1.7854777541306342e+18,1.7854777548087508e+18,9307436107,9985552705,lane11:B2:s13->s12,459686609,1785477744809005006,1785477754116441113,1785477754794557711
55,rank219:B3,compute,backward,3,219,13,11,219,219,13,13,7,cooldown,682231303,682231303,0,0,0,1.7854777541490138e+18,1.785477754831245e+18,9321623328,10003854631,lane11:B3:s14->s13,112363411,1785477744809005006,1785477754130628334,1785477754812859637
55,rank155:B0,compute,backward,0,155,9,11,155,155,9,9,4,cooldown,709482380,709482380,0,0,0,1.7854777542123674e+18,1.7854777549218496e+18,9389431835,10098914215,lane11:B0:s10->s9,5052837281,1785477744809005006,1785477754198436841,1785477754907919221
55,lane11:B1:s11->s10,pp_message,backward,1,-1,11,11,187,171,11,10,-1,p2p,98176190,0,0,4712346,93463844,,,9623626538,9721802728,rank187:B1,0,1785477744809005006,1785477754432631544,1785477754530807734
55,rank171:B1,compute,backward,1,171,10,11,171,171,10,10,5,cooldown,686102266,686102266,0,0,0,1.7854777545435446e+18,1.7854777552296468e+18,9721802728,10407904994,lane11:B1:s11->s10,430547083,1785477744809005006,1785477754530807734,1785477755216910000
55,lane11:B2:s12->s11,pp_message,backward,2,-1,12,11,203,187,12,11,-1,p2p,98176190,0,0,4712346,93463844,,,9985552705,10083728895,rank203:B2,0,1785477744809005006,1785477754794557711,1785477754892733901
55,lane11:B3:s13->s12,pp_message,backward,3,-1,13,11,219,203,13,12,-1,p2p,98176190,0,0,4712346,93463844,,,10003854631,10102030821,rank219:B3,0,1785477744809005006,1785477754812859637,1785477754911035827
55,rank187:B2,compute,backward,2,187,11,11,187,187,11,11,6,cooldown,678703440,678703440,0,0,0,1.785477754906021e+18,1.7854777555847245e+18,10083728895,10762432335,lane11:B2:s12->s11,460102357,1785477744809005006,1785477754892733901,1785477755571437341
55,lane11:B0:s9->s8,pp_message,backward,0,-1,9,11,155,139,9,8,-1,p2p,98176190,0,0,4712346,93463844,,,10098914215,10197090405,rank155:B0,0,1785477744809005006,1785477754907919221,1785477755006095411
55,rank203:B3,compute,backward,3,203,12,11,203,203,12,12,7,cooldown,676861835,676861835,0,0,0,1.7854777549290158e+18,1.7854777556058778e+18,10102030821,10778892656,lane11:B3:s13->s12,116478116,1785477744809005006,1785477754911035827,1785477755587897662
55,rank139:B0,compute,backward,0,139,8,11,139,139,8,8,4,cooldown,720318193,720318193,0,0,0,1.7854777550201777e+18,1.785477755740496e+18,10197090405,10917408598,lane11:B0:s9->s8,6189576013,1785477744809005006,1785477755006095411,1785477755726413604
55,lane11:B1:s10->s9,pp_message,backward,1,-1,10,11,171,155,10,9,-1,p2p,98176190,0,0,4712346,93463844,,,10407904994,10506081184,rank171:B1,0,1785477744809005006,1785477755216910000,1785477755315086190
55,rank155:B1,compute,backward,1,155,9,11,155,155,9,9,5,cooldown,712663860,712663860,0,0,0,1.7854777553271818e+18,1.7854777560398456e+18,10506081184,11218745044,lane11:B1:s10->s9,407166969,1785477744809005006,1785477755315086190,1785477756027750050
55,lane11:B2:s11->s10,pp_message,backward,2,-1,11,11,187,171,11,10,-1,p2p,98176190,0,0,4712346,93463844,,,10762432335,10860608525,rank187:B2,0,1785477744809005006,1785477755571437341,1785477755669613531
55,lane11:B3:s12->s11,pp_message,backward,3,-1,12,11,203,187,12,11,-1,p2p,98176190,0,0,4712346,93463844,,,10778892656,10877068846,rank203:B3,0,1785477744809005006,1785477755587897662,1785477755686073852
55,rank171:B2,compute,backward,2,171,10,11,171,171,10,10,6,cooldown,684247250,684247250,0,0,0,1.785477755682584e+18,1.785477756366831e+18,10860608525,11544855775,lane11:B2:s11->s10,452703531,1785477744809005006,1785477755669613531,1785477756353860781
55,rank187:B3,compute,backward,3,187,11,11,187,187,11,11,7,cooldown,685785333,685785333,0,0,0,1.7854777557026693e+18,1.7854777563884547e+18,10877068846,11562854179,lane11:B3:s12->s11,114636511,1785477744809005006,1785477755686073852,1785477756371859185
55,lane11:B0:s8->s7,pp_message,backward,0,-1,8,11,139,123,8,7,-1,p2p,98176190,0,0,4712346,93463844,,,10917408598,11015584788,rank139:B0,0,1785477744809005006,1785477755726413604,1785477755824589794
55,rank123:B0,compute,backward,0,123,7,11,123,123,7,7,4,cooldown,684523733,684523733,0,0,0,1.785477755839851e+18,1.7854777565243748e+18,11015584788,11700108521,lane11:B0:s8->s7,7322692382,1785477744809005006,1785477755824589794,1785477756509113527
55,lane11:B1:s9->s8,pp_message,backward,1,-1,9,11,155,139,9,8,-1,p2p,98176190,0,0,4712346,93463844,,,11218745044,11316921234,rank155:B1,0,1785477744809005006,1785477756027750050,1785477756125926240
55,rank139:B1,compute,backward,1,139,8,11,139,139,8,8,5,cooldown,712983215,712983215,0,0,0,1.785477756138724e+18,1.7854777568517074e+18,11316921234,12029904449,lane11:B1:s9->s8,399512636,1785477744809005006,1785477756125926240,1785477756838909455
55,lane11:B2:s10->s9,pp_message,backward,2,-1,10,11,171,155,10,9,-1,p2p,98176190,0,0,4712346,93463844,,,11544855775,11643031965,rank171:B2,0,1785477744809005006,1785477756353860781,1785477756452036971
55,lane11:B3:s11->s10,pp_message,backward,3,-1,11,11,187,171,11,10,-1,p2p,98176190,0,0,4712346,93463844,,,11562854179,11661030369,rank187:B3,0,1785477744809005006,1785477756371859185,1785477756470035375
55,rank155:B2,compute,backward,2,155,9,11,155,155,9,9,6,cooldown,703435491,703435491,0,0,0,1.7854777564644675e+18,1.7854777571679027e+18,11643031965,12346467456,lane11:B2:s10->s9,424286921,1785477744809005006,1785477756452036971,1785477757155472462
55,rank171:B3,compute,backward,3,171,10,11,171,171,10,10,7,cooldown,685368038,685368038,0,0,0,1.7854777564866765e+18,1.7854777571720445e+18,11661030369,12346398407,lane11:B3:s11->s10,116174594,1785477744809005006,1785477756470035375,1785477757155403413
55,lane11:B0:s7->s6,pp_message,backward,0,-1,7,11,123,107,7,6,-1,p2p,98176190,0,0,4712346,93463844,,,11700108521,11798284711,rank123:B0,0,1785477744809005006,1785477756509113527,1785477756607289717
55,rank107:B0,compute,backward,0,107,6,11,107,107,6,6,4,cooldown,697540155,697540155,0,0,0,1.7854777566227354e+18,1.7854777573202757e+18,11798284711,12495824866,lane11:B0:s7->s6,8418762432,1785477744809005006,1785477756607289717,1785477757304829872
55,lane11:B1:s8->s7,pp_message,backward,1,-1,8,11,139,123,8,7,-1,p2p,98176190,0,0,4712346,93463844,,,12029904449,12128080639,rank139:B1,0,1785477744809005006,1785477756838909455,1785477756937085645
55,rank123:B1,compute,backward,1,123,7,11,123,123,7,7,5,cooldown,687479505,687479505,0,0,0,1.7854777569495905e+18,1.78547775763707e+18,12128080639,12815560144,lane11:B1:s8->s7,427972118,1785477744809005006,1785477756937085645,1785477757624565150
55,lane11:B3:s10->s9,pp_message,backward,3,-1,10,11,171,155,10,9,-1,p2p,98176190,0,0,4712346,93463844,,,12346398407,12444574597,rank171:B3,0,1785477744809005006,1785477757155403413,1785477757253579603
55,lane11:B2:s9->s8,pp_message,backward,2,-1,9,11,155,139,9,8,-1,p2p,98176190,0,0,4712346,93463844,,,12346467456,12444643646,rank155:B2,0,1785477744809005006,1785477757155472462,1785477757253648652
55,rank139:B2,compute,backward,2,139,8,11,139,139,8,8,6,cooldown,692544828,692544828,0,0,0,1.785477757266866e+18,1.7854777579594107e+18,12444643646,13137188474,lane11:B2:s9->s8,414739197,1785477744809005006,1785477757253648652,1785477757946193480
55,rank155:B3,compute,backward,3,155,9,11,155,155,9,9,7,cooldown,715913193,715913193,0,0,0,1.785477757272251e+18,1.785477757988164e+18,12444643646,13160556839,lane11:B2:s9->s8,98176190,1785477744809005006,1785477757253648652,1785477757969561845
55,lane11:B0:s6->s5,pp_message,backward,0,-1,6,11,107,91,6,5,-1,p2p,98176190,0,0,4712346,93463844,,,12495824866,12594001056,rank107:B0,0,1785477744809005006,1785477757304829872,1785477757403006062
55,rank91:B0,compute,backward,0,91,5,11,91,91,5,5,4,cooldown,690072675,690072675,0,0,0,1.7854777574190991e+18,1.7854777581091717e+18,12594001056,13284073731,lane11:B0:s6->s5,9551888672,1785477744809005006,1785477757403006062,1785477758093078737
55,lane11:B1:s7->s6,pp_message,backward,1,-1,7,11,123,107,7,6,-1,p2p,98176190,0,0,4712346,93463844,,,12815560144,12913736334,rank123:B1,0,1785477744809005006,1785477757624565150,1785477757722741340
55,rank107:B1,compute,backward,1,107,6,11,107,107,6,6,5,cooldown,694904241,694904241,0,0,0,1.7854777577351685e+18,1.7854777584300728e+18,12913736334,13608640575,lane11:B1:s7->s6,417911468,1785477744809005006,1785477757722741340,1785477758417645581
55,lane11:B2:s8->s7,pp_message,backward,2,-1,8,11,139,123,8,7,-1,p2p,98176190,0,0,4712346,93463844,,,13137188474,13235364664,rank139:B2,0,1785477744809005006,1785477757946193480,1785477758044369670
55,lane11:B3:s9->s8,pp_message,backward,3,-1,9,11,155,139,9,8,-1,p2p,98176190,0,0,4712346,93463844,,,13160556839,13258733029,rank155:B3,0,1785477744809005006,1785477757969561845,1785477758067738035
55,rank123:B2,compute,backward,2,123,7,11,123,123,7,7,6,cooldown,686708382,686708382,0,0,0,1.7854777580573125e+18,1.785477758744021e+18,13235364664,13922073046,lane11:B2:s8->s7,419804520,1785477744809005006,1785477758044369670,1785477758731078052
55,rank139:B3,compute,backward,3,139,8,11,139,139,8,8,7,cooldown,722192164,722192164,0,0,0,1.7854777580867392e+18,1.7854777588089313e+18,13258733029,13980925193,lane11:B3:s9->s8,121544555,1785477744809005006,1785477758067738035,1785477758789930199
55,lane11:B0:s5->s4,pp_message,backward,0,-1,5,11,91,75,5,4,-1,p2p,98176190,0,0,4712346,93463844,,,13284073731,13382249921,rank91:B0,0,1785477744809005006,1785477758093078737,1785477758191254927
55,rank75:B0,compute,backward,0,75,4,11,75,75,4,4,4,cooldown,701766665,701766665,0,0,0,1.785477758207966e+18,1.7854777589097326e+18,13382249921,14084016586,lane11:B0:s5->s4,10768142778,1785477744809005006,1785477758191254927,1785477758893021592
55,lane11:B1:s6->s5,pp_message,backward,1,-1,6,11,107,91,6,5,-1,p2p,98176190,0,0,4712346,93463844,,,13608640575,13706816765,rank107:B1,0,1785477744809005006,1785477758417645581,1785477758515821771
55,rank91:B1,compute,backward,1,91,5,11,91,91,5,5,5,cooldown,687383671,687383671,0,0,0,1.7854777585286966e+18,1.7854777592160801e+18,13706816765,14394200436,lane11:B1:s6->s5,422743034,1785477744809005006,1785477758515821771,1785477759203205442
55,lane11:B2:s7->s6,pp_message,backward,2,-1,7,11,123,107,7,6,-1,p2p,98176190,0,0,4712346,93463844,,,13922073046,14020249236,rank123:B2,0,1785477744809005006,1785477758731078052,1785477758829254242
55,lane11:B3:s8->s7,pp_message,backward,3,-1,8,11,139,123,8,7,-1,p2p,98176190,0,0,4712346,93463844,,,13980925193,14079101383,rank139:B3,0,1785477744809005006,1785477758789930199,1785477758888106389
55,rank107:B2,compute,backward,2,107,6,11,107,107,6,6,6,cooldown,696032077,696032077,0,0,0,1.7854777588419817e+18,1.7854777595380137e+18,14020249236,14716281313,lane11:B2:s7->s6,411608661,1785477744809005006,1785477758829254242,1785477759525286319
55,rank123:B3,compute,backward,3,123,7,11,123,123,7,7,7,cooldown,681615631,681615631,0,0,0,1.7854777589074824e+18,1.785477759589098e+18,14079101383,14760717014,lane11:B3:s8->s7,157028337,1785477744809005006,1785477758888106389,1785477759569722020
55,lane11:B0:s4->s3,pp_message,backward,0,-1,4,11,75,59,4,3,-1,p2p,98176190,0,0,4712346,93463844,,,14084016586,14182192776,rank75:B0,0,1785477744809005006,1785477758893021592,1785477758991197782
55,rank59:B0,compute,backward,0,59,3,11,59,59,3,3,4,cooldown,725382308,725382308,0,0,0,1.785477759009027e+18,1.7854777597344095e+18,14182192776,14907575084,lane11:B0:s4->s3,11901961020,1785477744809005006,1785477758991197782,1785477759716580090
55,lane11:B1:s5->s4,pp_message,backward,1,-1,5,11,91,75,5,4,-1,p2p,98176190,0,0,4712346,93463844,,,14394200436,14492376626,rank91:B1,0,1785477744809005006,1785477759203205442,1785477759301381632
55,rank75:B1,compute,backward,1,75,4,11,75,75,4,4,5,cooldown,699047139,699047139,0,0,0,1.7854777593149379e+18,1.785477760013985e+18,14492376626,15191423765,lane11:B1:s5->s4,408360040,1785477744809005006,1785477759301381632,1785477760000428771
55,lane11:B2:s6->s5,pp_message,backward,2,-1,6,11,107,91,6,5,-1,p2p,98176190,0,0,4712346,93463844,,,14716281313,14814457503,rank107:B2,0,1785477744809005006,1785477759525286319,1785477759623462509
55,lane11:B3:s7->s6,pp_message,backward,3,-1,7,11,123,107,7,6,-1,p2p,98176190,0,0,4712346,93463844,,,14760717014,14858893204,rank123:B3,0,1785477744809005006,1785477759569722020,1785477759667898210
55,rank91:B2,compute,backward,2,91,5,11,91,91,5,5,6,cooldown,688065164,688065164,0,0,0,1.7854777596371123e+18,1.7854777603251776e+18,14814457503,15502522667,lane11:B2:s6->s5,420257067,1785477744809005006,1785477759623462509,1785477760311527673
55,rank107:B3,compute,backward,3,107,6,11,107,107,6,6,7,cooldown,695602276,695602276,0,0,0,1.785477759687667e+18,1.785477760383269e+18,14858893204,15554495480,lane11:B3:s7->s6,142611891,1785477744809005006,1785477759667898210,1785477760363500486
55,lane11:B0:s3->s2,pp_message,backward,0,-1,3,11,59,43,3,2,-1,p2p,98176190,0,0,4712346,93463844,,,14907575084,15005751274,rank59:B0,0,1785477744809005006,1785477759716580090,1785477759814756280
55,rank43:B0,compute,backward,0,43,2,11,43,43,2,2,4,cooldown,706848719,706848719,0,0,0,1.7854777598326108e+18,1.7854777605394596e+18,15005751274,15712599993,lane11:B0:s3->s2,13150324815,1785477744809005006,1785477759814756280,1785477760521604999
55,lane11:B1:s4->s3,pp_message,backward,1,-1,4,11,75,59,4,3,-1,p2p,98176190,0,0,4712346,93463844,,,15191423765,15289599955,rank75:B1,0,1785477744809005006,1785477760000428771,1785477760098604961
55,rank59:B1,compute,backward,1,59,3,11,59,59,3,3,5,cooldown,697703621,697703621,0,0,0,1.7854777601125128e+18,1.7854777608102164e+18,15289599955,15987303576,lane11:B1:s4->s3,382024871,1785477744809005006,1785477760098604961,1785477760796308582
55,lane11:B2:s5->s4,pp_message,backward,2,-1,5,11,91,75,5,4,-1,p2p,98176190,0,0,4712346,93463844,,,15502522667,15600698857,rank91:B2,0,1785477744809005006,1785477760311527673,1785477760409703863
55,lane11:B3:s6->s5,pp_message,backward,3,-1,6,11,107,91,6,5,-1,p2p,98176190,0,0,4712346,93463844,,,15554495480,15652671670,rank107:B3,0,1785477744809005006,1785477760363500486,1785477760461676676
55,rank75:B2,compute,backward,2,75,4,11,75,75,4,4,6,cooldown,700397786,700397786,0,0,0,1.7854777604237553e+18,1.785477761124153e+18,15600698857,16301096643,lane11:B2:s5->s4,409275092,1785477744809005006,1785477760409703863,1785477761110101649
55,rank91:B3,compute,backward,3,91,5,11,91,91,5,5,7,cooldown,688299508,688299508,0,0,0,1.7854777604818296e+18,1.7854777611701292e+18,15652671670,16340971178,lane11:B3:s6->s5,150149003,1785477744809005006,1785477760461676676,1785477761149976184
55,lane11:B0:s2->s1,pp_message,backward,0,-1,2,11,43,27,2,1,-1,p2p,98176190,0,0,4712346,93463844,,,15712599993,15810776183,rank43:B0,0,1785477744809005006,1785477760521604999,1785477760619781189
55,rank27:B0,compute,backward,0,27,1,11,27,27,1,1,4,cooldown,724693727,724693727,0,0,0,1.7854777606370212e+18,1.785477761361715e+18,15810776183,16535469910,lane11:B0:s2->s1,14311668908,1785477744809005006,1785477760619781189,1785477761344474916
55,lane11:B1:s3->s2,pp_message,backward,1,-1,3,11,59,43,3,2,-1,p2p,98176190,0,0,4712346,93463844,,,15987303576,16085479766,rank59:B1,0,1785477744809005006,1785477760796308582,1785477760894484772
55,rank43:B1,compute,backward,1,43,2,11,43,43,2,2,5,cooldown,761199404,761199404,0,0,0,1.7854777609080023e+18,1.7854777616692017e+18,16085479766,16846679170,lane11:B1:s3->s2,372879773,1785477744809005006,1785477760894484772,1785477761655684176
55,lane11:B2:s4->s3,pp_message,backward,2,-1,4,11,75,59,4,3,-1,p2p,98176190,0,0,4712346,93463844,,,16301096643,16399272833,rank75:B2,0,1785477744809005006,1785477761110101649,1785477761208277839
55,lane11:B3:s5->s4,pp_message,backward,3,-1,5,11,91,75,5,4,-1,p2p,98176190,0,0,4712346,93463844,,,16340971178,16439147368,rank91:B3,0,1785477744809005006,1785477761149976184,1785477761248152374
55,rank59:B2,compute,backward,2,59,3,11,59,59,3,3,6,cooldown,692393476,692393476,0,0,0,1.7854777612226235e+18,1.785477761915017e+18,16399272833,17091666309,lane11:B2:s4->s3,411969257,1785477744809005006,1785477761208277839,1785477761900671315
55,rank75:B3,compute,backward,3,75,4,11,75,75,4,4,7,cooldown,699414142,699414142,0,0,0,1.7854777612682196e+18,1.7854777619676337e+18,16439147368,17138561510,lane11:B3:s5->s4,138050725,1785477744809005006,1785477761248152374,1785477761947566516
55,lane11:B0:s1->s0,pp_message,backward,0,-1,1,11,27,11,1,0,-1,p2p,98176190,0,0,4712346,93463844,,,16535469910,16633646100,rank27:B0,0,1785477744809005006,1785477761344474916,1785477761442651106
55,rank11:B0,compute,backward,0,11,0,11,11,11,0,0,4,cooldown,410821842,410821842,0,0,0,1.7854777614612314e+18,1.7854777618720532e+18,16633646100,17044467942,lane11:B0:s1->s0,15964907838,1785477744809005006,1785477761442651106,1785477761853472948
55,lane11:B1:s2->s1,pp_message,backward,1,-1,2,11,43,27,2,1,-1,p2p,98176190,0,0,4712346,93463844,,,16846679170,16944855360,rank43:B1,0,1785477744809005006,1785477761655684176,1785477761753860366
55,rank27:B1,compute,backward,1,27,1,11,27,27,1,1,5,cooldown,727591987,727591987,0,0,0,1.785477761765693e+18,1.7854777624932849e+18,16944855360,17672447347,lane11:B1:s2->s1,409385450,1785477744809005006,1785477761753860366,1785477762481452353
55,lane11:B2:s3->s2,pp_message,backward,2,-1,3,11,59,43,3,2,-1,p2p,98176190,0,0,4712346,93463844,,,17091666309,17189842499,rank59:B2,0,1785477744809005006,1785477761900671315,1785477761998847505
55,lane11:B3:s4->s3,pp_message,backward,3,-1,4,11,75,59,4,3,-1,p2p,98176190,0,0,4712346,93463844,,,17138561510,17236737700,rank75:B3,0,1785477744809005006,1785477761947566516,1785477762045742706
55,rank43:B2,compute,backward,2,43,2,11,43,43,2,2,6,cooldown,709189352,709189352,0,0,0,1.7854777620127798e+18,1.7854777627219692e+18,17189842499,17899031851,lane11:B2:s3->s2,343163329,1785477744809005006,1785477761998847505,1785477762708036857
55,rank59:B3,compute,backward,3,59,3,11,59,59,3,3,7,cooldown,692452250,692452250,0,0,0,1.7854777620661699e+18,1.7854777627586222e+18,17236737700,17929189950,lane11:B3:s4->s3,145071391,1785477744809005006,1785477762045742706,1785477762738194956
55,lane11:B1:s1->s0,pp_message,backward,1,-1,1,11,27,11,1,0,-1,p2p,98176190,0,0,4712346,93463844,,,17672447347,17770623537,rank27:B1,0,1785477744809005006,1785477762481452353,1785477762579628543
55,rank11:B1,compute,backward,1,11,0,11,11,11,0,0,5,cooldown,414670747,414670747,0,0,0,1.7854777625911567e+18,1.7854777630058276e+18,17770623537,18185294284,lane11:B1:s1->s0,726155595,1785477744809005006,1785477762579628543,1785477762994299290
55,lane11:B2:s2->s1,pp_message,backward,2,-1,2,11,43,27,2,1,-1,p2p,98176190,0,0,4712346,93463844,,,17899031851,17997208041,rank43:B2,0,1785477744809005006,1785477762708036857,1785477762806213047
55,lane11:B3:s3->s2,pp_message,backward,3,-1,3,11,59,43,3,2,-1,p2p,98176190,0,0,4712346,93463844,,,17929189950,18027366140,rank59:B3,0,1785477744809005006,1785477762738194956,1785477762836371146
55,rank27:B2,compute,backward,2,27,1,11,27,27,1,1,6,cooldown,724136540,724136540,0,0,0,1.7854777628211704e+18,1.7854777635453071e+18,17997208041,18721344581,lane11:B2:s2->s1,324760694,1785477744809005006,1785477762806213047,1785477763530349587
55,rank43:B3,compute,backward,3,43,2,11,43,43,2,2,7,cooldown,705596229,705596229,0,0,0,1.7854777628571041e+18,1.7854777635627003e+18,18027366140,18732962369,lane11:B3:s3->s2,128334289,1785477744809005006,1785477762836371146,1785477763541967375
55,lane11:B2:s1->s0,pp_message,backward,2,-1,1,11,27,11,1,0,-1,p2p,98176190,0,0,4712346,93463844,,,18721344581,18819520771,rank27:B2,0,1785477744809005006,1785477763530349587,1785477763628525777
55,lane11:B3:s2->s1,pp_message,backward,3,-1,2,11,43,27,2,1,-1,p2p,98176190,0,0,4712346,93463844,,,18732962369,18831138559,rank43:B3,0,1785477744809005006,1785477763541967375,1785477763640143565
55,rank11:B2,compute,backward,2,11,0,11,11,11,0,0,6,cooldown,409634467,409634467,0,0,0,1.7854777636434557e+18,1.7854777640530903e+18,18819520771,19229155238,lane11:B2:s1->s0,634226487,1785477744809005006,1785477763628525777,1785477764038160244
55,rank27:B3,compute,backward,3,27,1,11,27,27,1,1,7,cooldown,726252567,726252567,0,0,0,1.7854777636607094e+18,1.785477764386962e+18,18831138559,19557391126,lane11:B3:s2->s1,109793978,1785477744809005006,1785477763640143565,1785477764366396132
55,lane11:B3:s1->s0,pp_message,backward,3,-1,1,11,27,11,1,0,-1,p2p,98176190,0,0,4712346,93463844,,,19557391126,19655567316,rank27:B3,0,1785477744809005006,1785477764366396132,1785477764464572322
55,rank11:B3,compute,backward,3,11,0,11,11,11,0,0,7,cooldown,408348665,408348665,0,0,0,1.7854777644851863e+18,1.785477764893535e+18,19655567316,20063915981,lane11:B3:s1->s0,426412078,1785477744809005006,1785477764464572322,1785477764872920987
55,rank12:F0,compute,forward,0,12,0,12,12,12,0,0,0,warmup,160160220,160160220,0,0,0,1.785477744809229e+18,1.7854777449693893e+18,0,160160220,,0,1785477744809228982,1785477744809228982,1785477744969389202
55,lane12:F0:s0->s1,pp_message,forward,0,-1,0,12,12,28,0,1,-1,p2p,4712346,0,0,4712346,0,,,160160220,164872566,rank12:F0,0,1785477744809228982,1785477744969389202,1785477744974101548
55,rank12:F1,compute,forward,1,12,0,12,12,12,0,0,1,warmup,158277210,158277210,0,0,0,1.785477744974603e+18,1.7854777451328804e+18,164872566,323149776,lane12:F0:s0->s1,4712346,1785477744809228982,1785477744974101548,1785477745132378758
55,rank28:F0,compute,forward,0,28,1,12,28,28,1,1,0,warmup,325335869,325335869,0,0,0,1.7854777449745434e+18,1.7854777452998792e+18,164872566,490208435,lane12:F0:s0->s1,164872566,1785477744809228982,1785477744974101548,1785477745299437417
55,lane12:F1:s0->s1,pp_message,forward,1,-1,0,12,12,28,0,1,-1,p2p,4712346,0,0,4712346,0,,,323149776,327862122,rank12:F1,0,1785477744809228982,1785477745132378758,1785477745137091104
55,rank12:F2,compute,forward,2,12,0,12,12,12,0,0,2,warmup,156763033,156763033,0,0,0,1.7854777453101988e+18,1.7854777454669617e+18,327862122,484625155,lane12:F1:s0->s1,4712346,1785477744809228982,1785477745137091104,1785477745293854137
55,lane12:F2:s0->s1,pp_message,forward,2,-1,0,12,12,28,0,1,-1,p2p,4712346,0,0,4712346,0,,,484625155,489337501,rank12:F2,0,1785477744809228982,1785477745293854137,1785477745298566483
55,rank12:F3,compute,forward,3,12,0,12,12,12,0,0,3,warmup,178019216,178019216,0,0,0,1.7854777456632056e+18,1.785477745841225e+18,489337501,667356717,lane12:F2:s0->s1,4712346,1785477744809228982,1785477745298566483,1785477745476585699
55,lane12:F0:s1->s2,pp_message,forward,0,-1,1,12,28,44,1,2,-1,p2p,4712346,0,0,4712346,0,,,490208435,494920781,rank28:F0,0,1785477744809228982,1785477745299437417,1785477745304149763
55,rank28:F1,compute,forward,1,28,1,12,28,28,1,1,1,warmup,326161143,326161143,0,0,0,1.7854777453100567e+18,1.7854777456362179e+18,494920781,821081924,lane12:F0:s1->s2,4712346,1785477744809228982,1785477745304149763,1785477745630310906
55,rank44:F0,compute,forward,0,44,2,12,44,44,2,2,0,warmup,342805226,342805226,0,0,0,1.78547774530497e+18,1.7854777456477752e+18,494920781,837726007,lane12:F0:s1->s2,494920781,1785477744809228982,1785477745304149763,1785477745646954989
55,lane12:F3:s0->s1,pp_message,forward,3,-1,0,12,12,28,0,1,-1,p2p,4712346,0,0,4712346,0,,,667356717,672069063,rank12:F3,0,1785477744809228982,1785477745476585699,1785477745481298045
55,lane12:F1:s1->s2,pp_message,forward,1,-1,1,12,28,44,1,2,-1,p2p,4712346,0,0,4712346,0,,,821081924,825794270,rank28:F1,0,1785477744809228982,1785477745630310906,1785477745635023252
55,rank28:F2,compute,forward,2,28,1,12,28,28,1,1,2,warmup,342366164,342366164,0,0,0,1.7854777456631258e+18,1.7854777460054917e+18,825794270,1168160434,lane12:F1:s1->s2,4712346,1785477744809228982,1785477745635023252,1785477745977389416
55,lane12:F0:s2->s3,pp_message,forward,0,-1,2,12,44,60,2,3,-1,p2p,4712346,0,0,4712346,0,,,837726007,842438353,rank44:F0,0,1785477744809228982,1785477745646954989,1785477745651667335
55,rank44:F1,compute,forward,1,44,2,12,44,44,2,2,1,warmup,336815772,336815772,0,0,0,1.7854777456578865e+18,1.785477745994702e+18,842438353,1179254125,lane12:F0:s2->s3,4712346,1785477744809228982,1785477745651667335,1785477745988483107
55,rank60:F0,compute,forward,0,60,3,12,60,60,3,3,0,warmup,407593160,407593160,0,0,0,1.7854777456529938e+18,1.7854777460605868e+18,842438353,1250031513,lane12:F0:s2->s3,842438353,1785477744809228982,1785477745651667335,1785477746059260495
55,lane12:F2:s1->s2,pp_message,forward,2,-1,1,12,28,44,1,2,-1,p2p,4712346,0,0,4712346,0,,,1168160434,1172872780,rank28:F2,0,1785477744809228982,1785477745977389416,1785477745982101762
55,rank28:F3,compute,forward,3,28,1,12,28,28,1,1,3,warmup,325970817,325970817,0,0,0,1.7854777460811945e+18,1.7854777464071654e+18,1172872780,1498843597,lane12:F2:s1->s2,4712346,1785477744809228982,1785477745982101762,1785477746308072579
55,lane12:F1:s2->s3,pp_message,forward,1,-1,2,12,44,60,2,3,-1,p2p,4712346,0,0,4712346,0,,,1179254125,1183966471,rank44:F1,0,1785477744809228982,1785477745988483107,1785477745993195453
55,rank44:F2,compute,forward,2,44,2,12,44,44,2,2,2,warmup,319828751,319828751,0,0,0,1.7854777460759846e+18,1.7854777463958134e+18,1183966471,1503795222,lane12:F1:s2->s3,4712346,1785477744809228982,1785477745993195453,1785477746313024204
55,lane12:F0:s3->s4,pp_message,forward,0,-1,3,12,60,76,3,4,-1,p2p,4712346,0,0,4712346,0,,,1250031513,1254743859,rank60:F0,0,1785477744809228982,1785477746059260495,1785477746063972841
55,rank60:F1,compute,forward,1,60,3,12,60,60,3,3,1,warmup,352757531,352757531,0,0,0,1.7854777460707174e+18,1.785477746423475e+18,1254743859,1607501390,lane12:F0:s3->s4,4712346,1785477744809228982,1785477746063972841,1785477746416730372
55,rank76:F0,compute,forward,0,76,4,12,76,76,4,4,0,warmup,318501727,318501727,0,0,0,1.7854777460657884e+18,1.78547774638429e+18,1254743859,1573245586,lane12:F0:s3->s4,1254743859,1785477744809228982,1785477746063972841,1785477746382474568
55,lane12:F3:s1->s2,pp_message,forward,3,-1,1,12,28,44,1,2,-1,p2p,4712346,0,0,4712346,0,,,1498843597,1503555943,rank28:F3,0,1785477744809228982,1785477746308072579,1785477746312784925
55,lane12:F2:s2->s3,pp_message,forward,2,-1,2,12,44,60,2,3,-1,p2p,4712346,0,0,4712346,0,,,1503795222,1508507568,rank44:F2,0,1785477744809228982,1785477746313024204,1785477746317736550
55,rank44:F3,compute,forward,3,44,2,12,44,44,2,2,3,warmup,346895336,346895336,0,0,0,1.7854777464386934e+18,1.7854777467855887e+18,1508507568,1855402904,lane12:F2:s2->s3,4712346,1785477744809228982,1785477746317736550,1785477746664631886
55,lane12:F0:s4->s5,pp_message,forward,0,-1,4,12,76,92,4,5,-1,p2p,4712346,0,0,4712346,0,,,1573245586,1577957932,rank76:F0,0,1785477744809228982,1785477746382474568,1785477746387186914
55,rank92:F0,compute,forward,0,92,5,12,92,92,5,5,0,warmup,314839086,314839086,0,0,0,1.785477746389829e+18,1.7854777467046682e+18,1577957932,1892797018,lane12:F0:s4->s5,1577957932,1785477744809228982,1785477746387186914,1785477746702026000
55,lane12:F1:s3->s4,pp_message,forward,1,-1,3,12,60,76,3,4,-1,p2p,4712346,0,0,4712346,0,,,1607501390,1612213736,rank60:F1,0,1785477744809228982,1785477746416730372,1785477746421442718
55,rank60:F2,compute,forward,2,60,3,12,60,60,3,3,2,warmup,337635667,337635667,0,0,0,1.7854777464335882e+18,1.7854777467712238e+18,1612213736,1949849403,lane12:F1:s3->s4,4712346,1785477744809228982,1785477746421442718,1785477746759078385
55,rank76:F1,compute,forward,1,76,4,12,76,76,4,4,1,warmup,318155308,318155308,0,0,0,1.785477746428481e+18,1.7854777467466363e+18,1612213736,1930369044,lane12:F1:s3->s4,38968150,1785477744809228982,1785477746421442718,1785477746739598026
55,lane12:F3:s2->s3,pp_message,forward,3,-1,2,12,44,60,2,3,-1,p2p,4712346,0,0,4712346,0,,,1855402904,1860115250,rank44:F3,0,1785477744809228982,1785477746664631886,1785477746669344232
55,lane12:F0:s5->s6,pp_message,forward,0,-1,5,12,92,108,5,6,-1,p2p,4712346,0,0,4712346,0,,,1892797018,1897509364,rank92:F0,0,1785477744809228982,1785477746702026000,1785477746706738346
55,rank108:F0,compute,forward,0,108,6,12,108,108,6,6,0,warmup,316333429,316333429,0,0,0,1.7854777467102436e+18,1.7854777470265772e+18,1897509364,2213842793,lane12:F0:s5->s6,1897509364,1785477744809228982,1785477746706738346,1785477747023071775
55,lane12:F1:s4->s5,pp_message,forward,1,-1,4,12,76,92,4,5,-1,p2p,4712346,0,0,4712346,0,,,1930369044,1935081390,rank76:F1,0,1785477744809228982,1785477746739598026,1785477746744310372
55,rank92:F1,compute,forward,1,92,5,12,92,92,5,5,1,warmup,461498463,461498463,0,0,0,1.7854777467518003e+18,1.7854777472132987e+18,1935081390,2396579853,lane12:F1:s4->s5,42284372,1785477744809228982,1785477746744310372,1785477747205808835
55,lane12:F2:s3->s4,pp_message,forward,2,-1,3,12,60,76,3,4,-1,p2p,4712346,0,0,4712346,0,,,1949849403,1954561749,rank60:F2,0,1785477744809228982,1785477746759078385,1785477746763790731
55,rank60:F3,compute,forward,3,60,3,12,60,60,3,3,3,warmup,325822748,325822748,0,0,0,1.7854777467906972e+18,1.78547774711652e+18,1954561749,2280384497,lane12:F2:s3->s4,4712346,1785477744809228982,1785477746763790731,1785477747089613479
55,rank76:F2,compute,forward,2,76,4,12,76,76,4,4,2,warmup,316987264,316987264,0,0,0,1.785477746776338e+18,1.7854777470933253e+18,1954561749,2271549013,lane12:F2:s3->s4,24192705,1785477744809228982,1785477746763790731,1785477747080777995
55,lane12:F0:s6->s7,pp_message,forward,0,-1,6,12,108,124,6,7,-1,p2p,4712346,0,0,4712346,0,,,2213842793,2218555139,rank108:F0,0,1785477744809228982,1785477747023071775,1785477747027784121
55,rank124:F0,compute,forward,0,124,7,12,124,124,7,7,0,warmup,322461923,322461923,0,0,0,1.7854777470321912e+18,1.7854777473546532e+18,2218555139,2541017062,lane12:F0:s6->s7,2218555139,1785477744809228982,1785477747027784121,1785477747350246044
55,lane12:F2:s4->s5,pp_message,forward,2,-1,4,12,76,92,4,5,-1,p2p,4712346,0,0,4712346,0,,,2271549013,2276261359,rank76:F2,0,1785477744809228982,1785477747080777995,1785477747085490341
55,lane12:F3:s3->s4,pp_message,forward,3,-1,3,12,60,76,3,4,-1,p2p,4712346,0,0,4712346,0,,,2280384497,2285096843,rank60:F3,0,1785477744809228982,1785477747089613479,1785477747094325825
55,rank76:F3,compute,forward,3,76,4,12,76,76,4,4,3,warmup,329980616,329980616,0,0,0,1.7854777472288568e+18,1.7854777475588372e+18,2285096843,2615077459,lane12:F3:s3->s4,13547830,1785477744809228982,1785477747094325825,1785477747424306441
55,lane12:F1:s5->s6,pp_message,forward,1,-1,5,12,92,108,5,6,-1,p2p,4712346,0,0,4712346,0,,,2396579853,2401292199,rank92:F1,0,1785477744809228982,1785477747205808835,1785477747210521181
55,rank108:F1,compute,forward,1,108,6,12,108,108,6,6,1,warmup,327871056,327871056,0,0,0,1.7854777472183596e+18,1.7854777475462308e+18,2401292199,2729163255,lane12:F1:s5->s6,187449406,1785477744809228982,1785477747210521181,1785477747538392237
55,rank92:F2,compute,forward,2,92,5,12,92,92,5,5,2,warmup,324420883,324420883,0,0,0,1.7854777472234929e+18,1.7854777475479137e+18,2401292199,2725713082,lane12:F1:s5->s6,4712346,1785477744809228982,1785477747210521181,1785477747534942064
55,lane12:F0:s7->s8,pp_message,forward,0,-1,7,12,124,140,7,8,-1,p2p,4712346,0,0,4712346,0,,,2541017062,2545729408,rank124:F0,0,1785477744809228982,1785477747350246044,1785477747354958390
55,rank140:F0,compute,forward,0,140,8,12,140,140,8,8,0,warmup,315288256,315288256,0,0,0,1.785477747360017e+18,1.7854777476753052e+18,2545729408,2861017664,lane12:F0:s7->s8,2545729408,1785477744809228982,1785477747354958390,1785477747670246646
55,lane12:F3:s4->s5,pp_message,forward,3,-1,4,12,76,92,4,5,-1,p2p,4712346,0,0,4712346,0,,,2615077459,2619789805,rank76:F3,0,1785477744809228982,1785477747424306441,1785477747429018787
55,lane12:F2:s5->s6,pp_message,forward,2,-1,5,12,92,108,5,6,-1,p2p,4712346,0,0,4712346,0,,,2725713082,2730425428,rank92:F2,0,1785477744809228982,1785477747534942064,1785477747539654410
55,lane12:F1:s6->s7,pp_message,forward,1,-1,6,12,108,124,6,7,-1,p2p,4712346,0,0,4712346,0,,,2729163255,2733875601,rank108:F1,0,1785477744809228982,1785477747538392237,1785477747543104583
55,rank92:F3,compute,forward,3,92,5,12,92,92,5,5,3,warmup,312213237,312213237,0,0,0,1.785477747564055e+18,1.7854777478762683e+18,2730425428,3042638665,lane12:F2:s5->s6,4712346,1785477744809228982,1785477747539654410,1785477747851867647
55,rank108:F2,compute,forward,2,108,6,12,108,108,6,6,2,warmup,330262705,330262705,0,0,0,1.7854777475565202e+18,1.785477747886783e+18,2733875601,3064138306,lane12:F1:s6->s7,4712346,1785477744809228982,1785477747543104583,1785477747873367288
55,rank124:F1,compute,forward,1,124,7,12,124,124,7,7,1,warmup,311265856,311265856,0,0,0,1.7854777475515041e+18,1.78547774786277e+18,2733875601,3045141457,lane12:F1:s6->s7,192858539,1785477744809228982,1785477747543104583,1785477747854370439
55,lane12:F0:s8->s9,pp_message,forward,0,-1,8,12,140,156,8,9,-1,p2p,4712346,0,0,4712346,0,,,2861017664,2865730010,rank140:F0,0,1785477744809228982,1785477747670246646,1785477747674958992
55,rank156:F0,compute,forward,0,156,9,12,156,156,9,9,0,warmup,322466166,322466166,0,0,0,1.7854777476805809e+18,1.785477748003047e+18,2865730010,3188196176,lane12:F0:s8->s9,2865730010,1785477744809228982,1785477747674958992,1785477747997425158
55,lane12:F3:s5->s6,pp_message,forward,3,-1,5,12,92,108,5,6,-1,p2p,4712346,0,0,4712346,0,,,3042638665,3047351011,rank92:F3,0,1785477744809228982,1785477747851867647,1785477747856579993
55,lane12:F1:s7->s8,pp_message,forward,1,-1,7,12,124,140,7,8,-1,p2p,4712346,0,0,4712346,0,,,3045141457,3049853803,rank124:F1,0,1785477744809228982,1785477747854370439,1785477747859082785
55,rank140:F1,compute,forward,1,140,8,12,140,140,8,8,1,warmup,316818750,316818750,0,0,0,1.785477747867856e+18,1.7854777481846748e+18,3049853803,3366672553,lane12:F1:s7->s8,188836139,1785477744809228982,1785477747859082785,1785477748175901535
55,lane12:F2:s6->s7,pp_message,forward,2,-1,6,12,108,124,6,7,-1,p2p,4712346,0,0,4712346,0,,,3064138306,3068850652,rank108:F2,0,1785477744809228982,1785477747873367288,1785477747878079634
55,rank108:F3,compute,forward,3,108,6,12,108,108,6,6,3,warmup,314501502,314501502,0,0,0,1.7854777478969482e+18,1.7854777482114496e+18,3068850652,3383352154,lane12:F2:s6->s7,4712346,1785477744809228982,1785477747878079634,1785477748192581136
55,rank124:F2,compute,forward,2,124,7,12,124,124,7,7,2,warmup,309500905,309500905,0,0,0,1.785477747891955e+18,1.7854777482014559e+18,3068850652,3378351557,lane12:F2:s6->s7,23709195,1785477744809228982,1785477747878079634,1785477748187580539
55,lane12:F0:s9->s10,pp_message,forward,0,-1,9,12,156,172,9,10,-1,p2p,4712346,0,0,4712346,0,,,3188196176,3192908522,rank156:F0,0,1785477744809228982,1785477747997425158,1785477748002137504
55,rank172:F0,compute,forward,0,172,10,12,172,172,10,10,0,warmup,313280350,313280350,0,0,0,1.7854777480085038e+18,1.785477748321784e+18,3192908522,3506188872,lane12:F0:s9->s10,3192908522,1785477744809228982,1785477748002137504,1785477748315417854
55,lane12:F1:s8->s9,pp_message,forward,1,-1,8,12,140,156,8,9,-1,p2p,4712346,0,0,4712346,0,,,3366672553,3371384899,rank140:F1,0,1785477744809228982,1785477748175901535,1785477748180613881
55,rank156:F1,compute,forward,1,156,9,12,156,156,9,9,1,warmup,317479327,317479327,0,0,0,1.7854777481898015e+18,1.785477748507281e+18,3371384899,3688864226,lane12:F1:s8->s9,183188723,1785477744809228982,1785477748180613881,1785477748498093208
55,lane12:F2:s7->s8,pp_message,forward,2,-1,7,12,124,140,7,8,-1,p2p,4712346,0,0,4712346,0,,,3378351557,3383063903,rank124:F2,0,1785477744809228982,1785477748187580539,1785477748192292885
55,rank140:F2,compute,forward,2,140,8,12,140,140,8,8,2,warmup,311835665,311835665,0,0,0,1.785477748206549e+18,1.7854777485183846e+18,3383063903,3694899568,lane12:F2:s7->s8,16391350,1785477744809228982,1785477748192292885,1785477748504128550
55,lane12:F3:s6->s7,pp_message,forward,3,-1,6,12,108,124,6,7,-1,p2p,4712346,0,0,4712346,0,,,3383352154,3388064500,rank108:F3,0,1785477744809228982,1785477748192581136,1785477748197293482
55,rank124:F3,compute,forward,3,124,7,12,124,124,7,7,3,warmup,309506916,309506916,0,0,0,1.785477748216611e+18,1.785477748526118e+18,3388064500,3697571416,lane12:F3:s6->s7,9712943,1785477744809228982,1785477748197293482,1785477748506800398
55,lane12:F0:s10->s11,pp_message,forward,0,-1,10,12,172,188,10,11,-1,p2p,4712346,0,0,4712346,0,,,3506188872,3510901218,rank172:F0,0,1785477744809228982,1785477748315417854,1785477748320130200
55,rank188:F0,compute,forward,0,188,11,12,188,188,11,11,0,warmup,312516403,312516403,0,0,0,1.7854777483279178e+18,1.7854777486404344e+18,3510901218,3823417621,lane12:F0:s10->s11,3510901218,1785477744809228982,1785477748320130200,1785477748632646603
55,lane12:F1:s9->s10,pp_message,forward,1,-1,9,12,156,172,9,10,-1,p2p,4712346,0,0,4712346,0,,,3688864226,3693576572,rank156:F1,0,1785477744809228982,1785477748498093208,1785477748502805554
55,rank172:F1,compute,forward,1,172,10,12,172,172,10,10,1,warmup,310624427,310624427,0,0,0,1.785477748512464e+18,1.785477748823088e+18,3693576572,4004200999,lane12:F1:s9->s10,187387700,1785477744809228982,1785477748502805554,1785477748813429981
55,lane12:F2:s8->s9,pp_message,forward,2,-1,8,12,140,156,8,9,-1,p2p,4712346,0,0,4712346,0,,,3694899568,3699611914,rank140:F2,0,1785477744809228982,1785477748504128550,1785477748508840896
55,lane12:F3:s7->s8,pp_message,forward,3,-1,7,12,124,140,7,8,-1,p2p,4712346,0,0,4712346,0,,,3697571416,3702283762,rank124:F3,0,1785477744809228982,1785477748506800398,1785477748511512744
55,rank156:F2,compute,forward,2,156,9,12,156,156,9,9,2,warmup,316462344,316462344,0,0,0,1.785477748523494e+18,1.7854777488399562e+18,3699611914,4016074258,lane12:F2:s8->s9,10747688,1785477744809228982,1785477748508840896,1785477748825303240
55,rank140:F3,compute,forward,3,140,8,12,140,140,8,8,3,warmup,309947027,309947027,0,0,0,1.7854777485311895e+18,1.7854777488411366e+18,3702283762,4012230789,lane12:F3:s7->s8,7384194,1785477744809228982,1785477748511512744,1785477748821459771
55,lane12:F0:s11->s12,pp_message,forward,0,-1,11,12,188,204,11,12,-1,p2p,4712346,0,0,4712346,0,,,3823417621,3828129967,rank188:F0,0,1785477744809228982,1785477748632646603,1785477748637358949
55,rank204:F0,compute,forward,0,204,12,12,204,204,12,12,0,warmup,312249350,312249350,0,0,0,1.7854777486459292e+18,1.7854777489581786e+18,3828129967,4140379317,lane12:F0:s11->s12,3828129967,1785477744809228982,1785477748637358949,1785477748949608299
55,lane12:F1:s10->s11,pp_message,forward,1,-1,10,12,172,188,10,11,-1,p2p,4712346,0,0,4712346,0,,,4004200999,4008913345,rank172:F1,0,1785477744809228982,1785477748813429981,1785477748818142327
55,rank188:F1,compute,forward,1,188,11,12,188,188,11,11,1,warmup,308601433,308601433,0,0,0,1.785477748828237e+18,1.7854777491368384e+18,4008913345,4317514778,lane12:F1:s10->s11,185495724,1785477744809228982,1785477748818142327,1785477749126743760
55,lane12:F3:s8->s9,pp_message,forward,3,-1,8,12,140,156,8,9,-1,p2p,4712346,0,0,4712346,0,,,4012230789,4016943135,rank140:F3,0,1785477744809228982,1785477748821459771,1785477748826172117
55,lane12:F2:s9->s10,pp_message,forward,2,-1,9,12,156,172,9,10,-1,p2p,4712346,0,0,4712346,0,,,4016074258,4020786604,rank156:F2,0,1785477744809228982,1785477748825303240,1785477748830015586
55,rank156:F3,compute,forward,3,156,9,12,156,156,9,9,3,warmup,319198191,319198191,0,0,0,1.7854777488500114e+18,1.7854777491692096e+18,4020786604,4339984795,lane12:F2:s9->s10,4712346,1785477744809228982,1785477748830015586,1785477749149213777
55,rank172:F2,compute,forward,2,172,10,12,172,172,10,10,2,warmup,310034940,310034940,0,0,0,1.7854777488451402e+18,1.7854777491551752e+18,4020786604,4330821544,lane12:F2:s9->s10,16585605,1785477744809228982,1785477748830015586,1785477749140050526
55,lane12:F0:s12->s13,pp_message,forward,0,-1,12,12,204,220,12,13,-1,p2p,4712346,0,0,4712346,0,,,4140379317,4145091663,rank204:F0,0,1785477744809228982,1785477748949608299,1785477748954320645
55,rank220:F0,compute,forward,0,220,13,12,220,220,13,13,0,warmup,315693795,315693795,0,0,0,1.7854777489636224e+18,1.7854777492793162e+18,4145091663,4460785458,lane12:F0:s12->s13,4145091663,1785477744809228982,1785477748954320645,1785477749270014440
55,lane12:F1:s11->s12,pp_message,forward,1,-1,11,12,188,204,11,12,-1,p2p,4712346,0,0,4712346,0,,,4317514778,4322227124,rank188:F1,0,1785477744809228982,1785477749126743760,1785477749131456106
55,rank204:F1,compute,forward,1,204,12,12,204,204,12,12,1,warmup,307899339,307899339,0,0,0,1.7854777491419794e+18,1.7854777494498788e+18,4322227124,4630126463,lane12:F1:s11->s12,181847807,1785477744809228982,1785477749131456106,1785477749439355445
55,lane12:F2:s10->s11,pp_message,forward,2,-1,10,12,172,188,10,11,-1,p2p,4712346,0,0,4712346,0,,,4330821544,4335533890,rank172:F2,0,1785477744809228982,1785477749140050526,1785477749144762872
55,rank188:F2,compute,forward,2,188,11,12,188,188,11,11,2,warmup,306205688,306205688,0,0,0,1.7854777491602737e+18,1.7854777494664794e+18,4335533890,4641739578,lane12:F2:s10->s11,18019112,1785477744809228982,1785477749144762872,1785477749450968560
55,lane12:F3:s9->s10,pp_message,forward,3,-1,9,12,156,172,9,10,-1,p2p,4712346,0,0,4712346,0,,,4339984795,4344697141,rank156:F3,0,1785477744809228982,1785477749149213777,1785477749153926123
55,rank172:F3,compute,forward,3,172,10,12,172,172,10,10,3,warmup,454579731,454579731,0,0,0,1.7854777491744105e+18,1.7854777496289902e+18,4344697141,4799276872,lane12:F3:s9->s10,13875597,1785477744809228982,1785477749153926123,1785477749608505854
55,lane12:F0:s13->s14,pp_message,forward,0,-1,13,12,220,236,13,14,-1,p2p,4712346,0,0,4712346,0,,,4460785458,4465497804,rank220:F0,0,1785477744809228982,1785477749270014440,1785477749274726786
55,rank236:F0,compute,forward,0,236,14,12,236,236,14,14,0,warmup,321749939,321749939,0,0,0,1.7854777492856008e+18,1.7854777496073505e+18,4465497804,4787247743,lane12:F0:s13->s14,4465497804,1785477744809228982,1785477749274726786,1785477749596476725
55,lane12:F1:s12->s13,pp_message,forward,1,-1,12,12,204,220,12,13,-1,p2p,4712346,0,0,4712346,0,,,4630126463,4634838809,rank204:F1,0,1785477744809228982,1785477749439355445,1785477749444067791
55,rank220:F1,compute,forward,1,220,13,12,220,220,13,13,1,warmup,460751888,460751888,0,0,0,1.785477749454891e+18,1.785477749915643e+18,4634838809,5095590697,lane12:F1:s12->s13,174053351,1785477744809228982,1785477749444067791,1785477749904819679
55,lane12:F2:s11->s12,pp_message,forward,2,-1,11,12,188,204,11,12,-1,p2p,4712346,0,0,4712346,0,,,4641739578,4646451924,rank188:F2,0,1785477744809228982,1785477749450968560,1785477749455680906
55,rank204:F2,compute,forward,2,204,12,12,204,204,12,12,2,warmup,308100407,308100407,0,0,0,1.7854777494715878e+18,1.7854777497796882e+18,4646451924,4954552331,lane12:F2:s11->s12,16325461,1785477744809228982,1785477749455680906,1785477749763781313
55,lane12:F0:s14->s15,pp_message,forward,0,-1,14,12,236,252,14,15,-1,p2p,4712346,0,0,4712346,0,,,4787247743,4791960089,rank236:F0,0,1785477744809228982,1785477749596476725,1785477749601189071
55,rank252:F0,compute,forward,0,252,15,12,252,252,15,15,0,steady,196235428,196235428,0,0,0,1.7854777496131325e+18,1.785477749809368e+18,4791960089,4988195517,lane12:F0:s14->s15,4791960089,1785477744809228982,1785477749601189071,1785477749797424499
55,lane12:F3:s10->s11,pp_message,forward,3,-1,10,12,172,188,10,11,-1,p2p,4712346,0,0,4712346,0,,,4799276872,4803989218,rank172:F3,0,1785477744809228982,1785477749608505854,1785477749613218200
55,rank188:F3,compute,forward,3,188,11,12,188,188,11,11,3,warmup,306678991,306678991,0,0,0,1.7854777496341678e+18,1.7854777499408468e+18,4803989218,5110668209,lane12:F3:s10->s11,162249640,1785477744809228982,1785477749613218200,1785477749919897191
55,lane12:F2:s12->s13,pp_message,forward,2,-1,12,12,204,220,12,13,-1,p2p,4712346,0,0,4712346,0,,,4954552331,4959264677,rank204:F2,0,1785477744809228982,1785477749763781313,1785477749768493659
55,rank252:B0,compute,backward,0,252,15,12,252,252,15,15,1,steady,387393905,387393905,0,0,0,1.7854777498095145e+18,1.7854777501969083e+18,4988195517,5375589422,rank252:F0,0,1785477744809228982,1785477749797424499,1785477750184818404
55,lane12:F1:s13->s14,pp_message,forward,1,-1,13,12,220,236,13,14,-1,p2p,4712346,0,0,4712346,0,,,5095590697,5100303043,rank220:F1,0,1785477744809228982,1785477749904819679,1785477749909532025
55,rank220:F2,compute,forward,2,220,13,12,220,220,13,13,2,steady,310717045,310717045,0,0,0,1.785477749925815e+18,1.785477750236532e+18,5100303043,5411020088,lane12:F1:s13->s14,4712346,1785477744809228982,1785477749909532025,1785477750220249070
55,rank236:F1,compute,forward,1,236,14,12,236,236,14,14,1,steady,312605951,312605951,0,0,0,1.785477749920818e+18,1.785477750233424e+18,5100303043,5412908994,lane12:F1:s13->s14,313055300,1785477744809228982,1785477749909532025,1785477750222137976
55,lane12:F3:s11->s12,pp_message,forward,3,-1,11,12,188,204,11,12,-1,p2p,4712346,0,0,4712346,0,,,5110668209,5115380555,rank188:F3,0,1785477744809228982,1785477749919897191,1785477749924609537
55,rank204:F3,compute,forward,3,204,12,12,204,204,12,12,3,steady,308454619,308454619,0,0,0,1.7854777499459343e+18,1.785477750254389e+18,5115380555,5423835174,lane12:F3:s11->s12,160828224,1785477744809228982,1785477749924609537,1785477750233064156
55,lane12:B0:s15->s14,pp_message,backward,0,-1,15,12,252,236,15,14,-1,p2p,98176190,0,0,4712346,93463844,,,5375589422,5473765612,rank252:B0,0,1785477744809228982,1785477750184818404,1785477750282994594
55,lane12:F2:s13->s14,pp_message,forward,2,-1,13,12,220,236,13,14,-1,p2p,4712346,0,0,4712346,0,,,5411020088,5415732434,rank220:F2,0,1785477744809228982,1785477750220249070,1785477750224961416
55,lane12:F1:s14->s15,pp_message,forward,1,-1,14,12,236,252,14,15,-1,p2p,4712346,0,0,4712346,0,,,5412908994,5417621340,rank236:F1,0,1785477744809228982,1785477750222137976,1785477750226850322
55,lane12:F3:s12->s13,pp_message,forward,3,-1,12,12,204,220,12,13,-1,p2p,4712346,0,0,4712346,0,,,5423835174,5428547520,rank204:F3,0,1785477744809228982,1785477750233064156,1785477750237776502
55,rank236:B0,compute,backward,0,236,14,12,236,236,14,14,2,steady,681359573,681359573,0,0,0,1.785477750297438e+18,1.7854777509787976e+18,5473765612,6155125185,lane12:B0:s15->s14,60856618,1785477744809228982,1785477750282994594,1785477750964354167
55,rank252:F1,compute,forward,1,252,15,12,252,252,15,15,2,steady,192456409,192456409,0,0,0,1.7854777502973376e+18,1.785477750489794e+18,5473765612,5666222021,lane12:B0:s15->s14,98176190,1785477744809228982,1785477750282994594,1785477750475451003
55,rank252:B1,compute,backward,1,252,15,12,252,252,15,15,3,steady,371626197,371626197,0,0,0,1.7854777504899597e+18,1.785477750861586e+18,5666222021,6037848218,rank252:F1,0,1785477744809228982,1785477750475451003,1785477750847077200
55,lane12:B1:s15->s14,pp_message,backward,1,-1,15,12,252,236,15,14,-1,p2p,98176190,0,0,4712346,93463844,,,6037848218,6136024408,rank252:B1,0,1785477744809228982,1785477750847077200,1785477750945253390
55,lane12:B0:s14->s13,pp_message,backward,0,-1,14,12,236,220,14,13,-1,p2p,98176190,0,0,4712346,93463844,,,6155125185,6253301375,rank236:B0,0,1785477744809228982,1785477750964354167,1785477751062530357
55,rank220:B0,compute,backward,0,220,13,12,220,220,13,13,3,steady,689098768,689098768,0,0,0,1.785477751077462e+18,1.7854777517665608e+18,6253301375,6942400143,lane12:B0:s14->s13,842281287,1785477744809228982,1785477751062530357,1785477751751629125
55,rank236:F2,compute,forward,2,236,14,12,236,236,14,14,3,steady,316992400,316992400,0,0,0,1.7854777510771617e+18,1.7854777513941542e+18,6253301375,6570293775,lane12:B0:s14->s13,98176190,1785477744809228982,1785477751062530357,1785477751379522757
55,lane12:F2:s14->s15,pp_message,forward,2,-1,14,12,236,252,14,15,-1,p2p,4712346,0,0,4712346,0,,,6570293775,6575006121,rank236:F2,0,1785477744809228982,1785477751379522757,1785477751384235103
55,rank236:B1,compute,backward,1,236,14,12,236,236,14,14,4,steady,691620001,691620001,0,0,0,1.785477751400173e+18,1.785477752091793e+18,6575006121,7266626122,lane12:F2:s14->s15,4712346,1785477744809228982,1785477751384235103,1785477752075855104
55,rank252:F2,compute,forward,2,252,15,12,252,252,15,15,4,steady,194819495,194819495,0,0,0,1.785477751400118e+18,1.7854777515949376e+18,6575006121,6769825616,lane12:F2:s14->s15,537157903,1785477744809228982,1785477751384235103,1785477751579054598
55,rank252:B2,compute,backward,2,252,15,12,252,252,15,15,5,steady,365868337,365868337,0,0,0,1.7854777515950938e+18,1.785477751960962e+18,6769825616,7135693953,rank252:F2,0,1785477744809228982,1785477751579054598,1785477751944922935
55,lane12:B0:s13->s12,pp_message,backward,0,-1,13,12,220,204,13,12,-1,p2p,98176190,0,0,4712346,93463844,,,6942400143,7040576333,rank220:B0,0,1785477744809228982,1785477751751629125,1785477751849805315
55,rank204:B0,compute,backward,0,204,12,12,204,204,12,12,4,steady,685969653,685969653,0,0,0,1.7854777518653755e+18,1.7854777525513452e+18,7040576333,7726545986,lane12:B0:s13->s12,1616741159,1785477744809228982,1785477751849805315,1785477752535774968
55,rank220:F3,compute,forward,3,220,13,12,220,220,13,13,4,steady,316097651,316097651,0,0,0,1.785477751864639e+18,1.7854777521807368e+18,7040576333,7356673984,lane12:B0:s13->s12,98176190,1785477744809228982,1785477751849805315,1785477752165902966
55,lane12:B2:s15->s14,pp_message,backward,2,-1,15,12,252,236,15,14,-1,p2p,98176190,0,0,4712346,93463844,,,7135693953,7233870143,rank252:B2,0,1785477744809228982,1785477751944922935,1785477752043099125
55,lane12:B1:s14->s13,pp_message,backward,1,-1,14,12,236,220,14,13,-1,p2p,98176190,0,0,4712346,93463844,,,7266626122,7364802312,rank236:B1,0,1785477744809228982,1785477752075855104,1785477752174031294
55,lane12:F3:s13->s14,pp_message,forward,3,-1,13,12,220,236,13,14,-1,p2p,4712346,0,0,4712346,0,,,7356673984,7361386330,rank220:F3,0,1785477744809228982,1785477752165902966,1785477752170615312
55,rank220:B1,compute,backward,1,220,13,12,220,220,13,13,5,steady,698948205,698948205,0,0,0,1.7854777521900849e+18,1.7854777528890332e+18,7364802312,8063750517,lane12:B1:s14->s13,8128328,1785477744809228982,1785477752174031294,1785477752872979499
55,rank236:F3,compute,forward,3,236,14,12,236,236,14,14,5,steady,329009009,329009009,0,0,0,1.7854777521901184e+18,1.7854777525191273e+18,7364802312,7693811321,lane12:B1:s14->s13,98176190,1785477744809228982,1785477752174031294,1785477752503040303
55,lane12:F3:s14->s15,pp_message,forward,3,-1,14,12,236,252,14,15,-1,p2p,4712346,0,0,4712346,0,,,7693811321,7698523667,rank236:F3,0,1785477744809228982,1785477752503040303,1785477752507752649
55,rank236:B2,compute,backward,2,236,14,12,236,236,14,14,6,steady,727095598,727095598,0,0,0,1.7854777525252306e+18,1.7854777532523261e+18,7698523667,8425619265,lane12:F3:s14->s15,4712346,1785477744809228982,1785477752507752649,1785477753234848247
55,rank252:F3,compute,forward,3,252,15,12,252,252,15,15,6,steady,193391480,193391480,0,0,0,1.7854777525251873e+18,1.785477752718579e+18,7698523667,7891915147,lane12:F3:s14->s15,562829714,1785477744809228982,1785477752507752649,1785477752701144129
55,lane12:B0:s12->s11,pp_message,backward,0,-1,12,12,204,188,12,11,-1,p2p,98176190,0,0,4712346,93463844,,,7726545986,7824722176,rank204:B0,0,1785477744809228982,1785477752535774968,1785477752633951158
55,rank188:B0,compute,backward,0,188,11,12,188,188,11,11,4,cooldown,677650343,677650343,0,0,0,1.7854777526489823e+18,1.7854777533266327e+18,7824722176,8502372519,lane12:B0:s12->s11,2714053967,1785477744809228982,1785477752633951158,1785477753311601501
55,rank252:B3,compute,backward,3,252,15,12,252,252,15,15,7,steady,365457532,365457532,0,0,0,1.7854777527187507e+18,1.7854777530842084e+18,7891915147,8257372679,rank252:F3,0,1785477744809228982,1785477752701144129,1785477753066601661
55,lane12:B1:s13->s12,pp_message,backward,1,-1,13,12,220,204,13,12,-1,p2p,98176190,0,0,4712346,93463844,,,8063750517,8161926707,rank220:B1,0,1785477744809228982,1785477752872979499,1785477752971155689
55,rank204:B1,compute,backward,1,204,12,12,204,204,12,12,5,cooldown,683168504,683168504,0,0,0,1.7854777529873756e+18,1.7854777536705441e+18,8161926707,8845095211,lane12:B1:s13->s12,435380721,1785477744809228982,1785477752971155689,1785477753654324193
55,lane12:B3:s15->s14,pp_message,backward,3,-1,15,12,252,236,15,14,-1,p2p,98176190,0,0,4712346,93463844,,,8257372679,8355548869,rank252:B3,0,1785477744809228982,1785477753066601661,1785477753164777851
55,lane12:B2:s14->s13,pp_message,backward,2,-1,14,12,236,220,14,13,-1,p2p,98176190,0,0,4712346,93463844,,,8425619265,8523795455,rank236:B2,0,1785477744809228982,1785477753234848247,1785477753333024437
55,lane12:B0:s11->s10,pp_message,backward,0,-1,11,12,188,172,11,10,-1,p2p,98176190,0,0,4712346,93463844,,,8502372519,8600548709,rank188:B0,0,1785477744809228982,1785477753311601501,1785477753409777691
55,rank220:B2,compute,backward,2,220,13,12,220,220,13,13,6,cooldown,682578413,682578413,0,0,0,1.7854777533495206e+18,1.785477754032099e+18,8523795455,9206373868,lane12:B2:s14->s13,460044938,1785477744809228982,1785477753333024437,1785477754015602850
55,rank236:B3,compute,backward,3,236,14,12,236,236,14,14,7,cooldown,694523799,694523799,0,0,0,1.7854777533550093e+18,1.7854777540495332e+18,8523795455,9218319254,lane12:B2:s14->s13,98176190,1785477744809228982,1785477753333024437,1785477754027548236
55,rank172:B0,compute,backward,0,172,10,12,172,172,10,10,4,cooldown,688982718,688982718,0,0,0,1.7854777534245522e+18,1.785477754113535e+18,8600548709,9289531427,lane12:B0:s11->s10,3801271837,1785477744809228982,1785477753409777691,1785477754098760409
55,lane12:B1:s12->s11,pp_message,backward,1,-1,12,12,204,188,12,11,-1,p2p,98176190,0,0,4712346,93463844,,,8845095211,8943271401,rank204:B1,0,1785477744809228982,1785477753654324193,1785477753752500383
55,rank188:B1,compute,backward,1,188,11,12,188,188,11,11,5,cooldown,677036826,677036826,0,0,0,1.7854777537680842e+18,1.785477754445121e+18,8943271401,9620308227,lane12:B1:s12->s11,440898882,1785477744809228982,1785477753752500383,1785477754429537209
55,lane12:B2:s13->s12,pp_message,backward,2,-1,13,12,220,204,13,12,-1,p2p,98176190,0,0,4712346,93463844,,,9206373868,9304550058,rank220:B2,0,1785477744809228982,1785477754015602850,1785477754113779040
55,lane12:B3:s14->s13,pp_message,backward,3,-1,14,12,236,220,14,13,-1,p2p,98176190,0,0,4712346,93463844,,,9218319254,9316495444,rank236:B3,0,1785477744809228982,1785477754027548236,1785477754125724426
55,lane12:B0:s10->s9,pp_message,backward,0,-1,10,12,172,156,10,9,-1,p2p,98176190,0,0,4712346,93463844,,,9289531427,9387707617,rank172:B0,0,1785477744809228982,1785477754098760409,1785477754196936599
55,rank204:B2,compute,backward,2,204,12,12,204,204,12,12,6,cooldown,678287830,678287830,0,0,0,1.7854777541301448e+18,1.7854777548084326e+18,9304550058,9982837888,lane12:B2:s13->s12,459454847,1785477744809228982,1785477754113779040,1785477754792066870
55,rank220:B3,compute,backward,3,220,13,12,220,220,13,13,7,cooldown,682351258,682351258,0,0,0,1.7854777541481833e+18,1.7854777548305344e+18,9316495444,9998846702,lane12:B3:s14->s13,110121576,1785477744809228982,1785477754125724426,1785477754808075684
55,rank156:B0,compute,backward,0,156,9,12,156,156,9,9,4,cooldown,708875734,708875734,0,0,0,1.7854777542130145e+18,1.78547775492189e+18,9387707617,10096583351,lane12:B0:s10->s9,5047722822,1785477744809228982,1785477754196936599,1785477754905812333
55,lane12:B1:s11->s10,pp_message,backward,1,-1,11,12,188,172,11,10,-1,p2p,98176190,0,0,4712346,93463844,,,9620308227,9718484417,rank188:B1,0,1785477744809228982,1785477754429537209,1785477754527713399
55,rank172:B1,compute,backward,1,172,10,12,172,172,10,10,5,cooldown,685819935,685819935,0,0,0,1.7854777545431404e+18,1.7854777552289603e+18,9718484417,10404304352,lane12:B1:s11->s10,428952990,1785477744809228982,1785477754527713399,1785477755213533334
55,lane12:B2:s12->s11,pp_message,backward,2,-1,12,12,204,188,12,11,-1,p2p,98176190,0,0,4712346,93463844,,,9982837888,10081014078,rank204:B2,0,1785477744809228982,1785477754792066870,1785477754890243060
55,lane12:B3:s13->s12,pp_message,backward,3,-1,13,12,220,204,13,12,-1,p2p,98176190,0,0,4712346,93463844,,,9998846702,10097022892,rank220:B3,0,1785477744809228982,1785477754808075684,1785477754906251874
55,rank188:B2,compute,backward,2,188,11,12,188,188,11,11,6,cooldown,679325022,679325022,0,0,0,1.7854777549050092e+18,1.785477755584334e+18,10081014078,10760339100,lane12:B2:s12->s11,460705851,1785477744809228982,1785477754890243060,1785477755569568082
55,lane12:B0:s9->s8,pp_message,backward,0,-1,9,12,156,140,9,8,-1,p2p,98176190,0,0,4712346,93463844,,,10096583351,10194759541,rank156:B0,0,1785477744809228982,1785477754905812333,1785477755003988523
55,rank204:B3,compute,backward,3,204,12,12,204,204,12,12,7,cooldown,675519296,675519296,0,0,0,1.785477754929162e+18,1.7854777556046812e+18,10097022892,10772542188,lane12:B3:s13->s12,114185004,1785477744809228982,1785477754906251874,1785477755581771170
55,rank140:B0,compute,backward,0,140,8,12,140,140,8,8,4,cooldown,719834814,719834814,0,0,0,1.7854777550212168e+18,1.7854777557410516e+18,10194759541,10914594355,lane12:B0:s9->s8,6182528752,1785477744809228982,1785477755003988523,1785477755723823337
55,lane12:B1:s10->s9,pp_message,backward,1,-1,10,12,172,156,10,9,-1,p2p,98176190,0,0,4712346,93463844,,,10404304352,10502480542,rank172:B1,0,1785477744809228982,1785477755213533334,1785477755311709524
55,rank156:B1,compute,backward,1,156,9,12,156,156,9,9,5,cooldown,713243832,713243832,0,0,0,1.7854777553272812e+18,1.785477756040525e+18,10502480542,11215724374,lane12:B1:s10->s9,405897191,1785477744809228982,1785477755311709524,1785477756024953356
55,lane12:B2:s11->s10,pp_message,backward,2,-1,11,12,188,172,11,10,-1,p2p,98176190,0,0,4712346,93463844,,,10760339100,10858515290,rank188:B2,0,1785477744809228982,1785477755569568082,1785477755667744272
55,lane12:B3:s12->s11,pp_message,backward,3,-1,12,12,204,188,12,11,-1,p2p,98176190,0,0,4712346,93463844,,,10772542188,10870718378,rank204:B3,0,1785477744809228982,1785477755581771170,1785477755679947360
55,rank172:B2,compute,backward,2,172,10,12,172,172,10,10,6,cooldown,683997860,683997860,0,0,0,1.7854777556820772e+18,1.785477756366075e+18,10858515290,11542513150,lane12:B2:s11->s10,454210938,1785477744809228982,1785477755667744272,1785477756351742132
55,rank188:B3,compute,backward,3,188,11,12,188,188,11,11,7,cooldown,686296890,686296890,0,0,0,1.7854777557017254e+18,1.7854777563880223e+18,10870718378,11557015268,lane12:B3:s12->s11,110379278,1785477744809228982,1785477755679947360,1785477756366244250
55,lane12:B0:s8->s7,pp_message,backward,0,-1,8,12,140,124,8,7,-1,p2p,98176190,0,0,4712346,93463844,,,10914594355,11012770545,rank140:B0,0,1785477744809228982,1785477755723823337,1785477755821999527
55,rank124:B0,compute,backward,0,124,7,12,124,124,7,7,4,cooldown,685003644,685003644,0,0,0,1.7854777558385057e+18,1.7854777565235095e+18,11012770545,11697774189,lane12:B0:s8->s7,7315199129,1785477744809228982,1785477755821999527,1785477756507003171
55,lane12:B1:s9->s8,pp_message,backward,1,-1,9,12,156,140,9,8,-1,p2p,98176190,0,0,4712346,93463844,,,11215724374,11313900564,rank156:B1,0,1785477744809228982,1785477756024953356,1785477756123129546
55,rank140:B1,compute,backward,1,140,8,12,140,140,8,8,5,cooldown,713538870,713538870,0,0,0,1.7854777561380746e+18,1.7854777568516134e+18,11313900564,12027439434,lane12:B1:s9->s8,399306209,1785477744809228982,1785477756123129546,1785477756836668416
55,lane12:B2:s10->s9,pp_message,backward,2,-1,10,12,172,156,10,9,-1,p2p,98176190,0,0,4712346,93463844,,,11542513150,11640689340,rank172:B2,0,1785477744809228982,1785477756351742132,1785477756449918322
55,lane12:B3:s11->s10,pp_message,backward,3,-1,11,12,188,172,11,10,-1,p2p,98176190,0,0,4712346,93463844,,,11557015268,11655191458,rank188:B3,0,1785477744809228982,1785477756366244250,1785477756464420440
55,rank156:B2,compute,backward,2,156,9,12,156,156,9,9,6,cooldown,703310360,703310360,0,0,0,1.7854777564648271e+18,1.7854777571681375e+18,11640689340,12343999700,lane12:B2:s10->s9,424964966,1785477744809228982,1785477756449918322,1785477757153228682
55,rank172:B3,compute,backward,3,172,10,12,172,172,10,10,7,cooldown,685320249,685320249,0,0,0,1.7854777564857295e+18,1.7854777571710497e+18,11655191458,12340511707,lane12:B3:s11->s10,112678308,1785477744809228982,1785477756464420440,1785477757149740689
55,lane12:B0:s7->s6,pp_message,backward,0,-1,7,12,124,108,7,6,-1,p2p,98176190,0,0,4712346,93463844,,,11697774189,11795950379,rank124:B0,0,1785477744809228982,1785477756507003171,1785477756605179361
55,rank108:B0,compute,backward,0,108,6,12,108,108,6,6,4,cooldown,698710716,698710716,0,0,0,1.785477756621819e+18,1.7854777573205297e+18,11795950379,12494661095,lane12:B0:s7->s6,8412598225,1785477744809228982,1785477756605179361,1785477757303890077
55,lane12:B1:s8->s7,pp_message,backward,1,-1,8,12,140,124,8,7,-1,p2p,98176190,0,0,4712346,93463844,,,12027439434,12125615624,rank140:B1,0,1785477744809228982,1785477756836668416,1785477756934844606
55,rank124:B1,compute,backward,1,124,7,12,124,124,7,7,5,cooldown,686500638,686500638,0,0,0,1.7854777569499284e+18,1.785477757636429e+18,12125615624,12812116262,lane12:B1:s8->s7,427841435,1785477744809228982,1785477756934844606,1785477757621345244
55,lane12:B3:s10->s9,pp_message,backward,3,-1,10,12,172,156,10,9,-1,p2p,98176190,0,0,4712346,93463844,,,12340511707,12438687897,rank172:B3,0,1785477744809228982,1785477757149740689,1785477757247916879
55,lane12:B2:s9->s8,pp_message,backward,2,-1,9,12,156,140,9,8,-1,p2p,98176190,0,0,4712346,93463844,,,12343999700,12442175890,rank156:B2,0,1785477744809228982,1785477757153228682,1785477757251404872
55,rank140:B2,compute,backward,2,140,8,12,140,140,8,8,6,cooldown,693021654,693021654,0,0,0,1.7854777572666908e+18,1.7854777579597125e+18,12442175890,13135197544,lane12:B2:s9->s8,414736456,1785477744809228982,1785477757251404872,1785477757944426526
55,rank156:B3,compute,backward,3,156,9,12,156,156,9,9,7,cooldown,716384206,716384206,0,0,0,1.7854777572722248e+18,1.785477757988609e+18,12442175890,13158560096,lane12:B2:s9->s8,98176190,1785477744809228982,1785477757251404872,1785477757967789078
55,lane12:B0:s6->s5,pp_message,backward,0,-1,6,12,108,92,6,5,-1,p2p,98176190,0,0,4712346,93463844,,,12494661095,12592837285,rank108:B0,0,1785477744809228982,1785477757303890077,1785477757402066267
55,rank92:B0,compute,backward,0,92,5,12,92,92,5,5,4,cooldown,690283615,690283615,0,0,0,1.785477757419338e+18,1.7854777581096215e+18,12592837285,13283120900,lane12:B0:s6->s5,9550198620,1785477744809228982,1785477757402066267,1785477758092349882
55,lane12:B1:s7->s6,pp_message,backward,1,-1,7,12,124,108,7,6,-1,p2p,98176190,0,0,4712346,93463844,,,12812116262,12910292452,rank124:B1,0,1785477744809228982,1785477757621345244,1785477757719521434
55,rank108:B1,compute,backward,1,108,6,12,108,108,6,6,5,cooldown,695280602,695280602,0,0,0,1.7854777577347523e+18,1.785477758430033e+18,12910292452,13605573054,lane12:B1:s7->s6,415631357,1785477744809228982,1785477757719521434,1785477758414802036
55,lane12:B2:s8->s7,pp_message,backward,2,-1,8,12,140,124,8,7,-1,p2p,98176190,0,0,4712346,93463844,,,13135197544,13233373734,rank140:B2,0,1785477744809228982,1785477757944426526,1785477758042602716
55,lane12:B3:s9->s8,pp_message,backward,3,-1,9,12,156,140,9,8,-1,p2p,98176190,0,0,4712346,93463844,,,13158560096,13256736286,rank156:B3,0,1785477744809228982,1785477757967789078,1785477758065965268
55,rank124:B2,compute,backward,2,124,7,12,124,124,7,7,6,cooldown,684891552,684891552,0,0,0,1.7854777580584745e+18,1.7854777587433661e+18,13233373734,13918265286,lane12:B2:s8->s7,421257472,1785477744809228982,1785477758042602716,1785477758727494268
55,rank140:B3,compute,backward,3,140,8,12,140,140,8,8,7,cooldown,722182411,722182411,0,0,0,1.7854777580865723e+18,1.7854777588087547e+18,13256736286,13978918697,lane12:B3:s9->s8,121538742,1785477744809228982,1785477758065965268,1785477758788147679
55,lane12:B0:s5->s4,pp_message,backward,0,-1,5,12,92,76,5,4,-1,p2p,98176190,0,0,4712346,93463844,,,13283120900,13381297090,rank92:B0,0,1785477744809228982,1785477758092349882,1785477758190526072
55,rank76:B0,compute,backward,0,76,4,12,76,76,4,4,4,cooldown,700842797,700842797,0,0,0,1.7854777582090478e+18,1.7854777589098906e+18,13381297090,14082139887,lane12:B0:s5->s4,10766219631,1785477744809228982,1785477758190526072,1785477758891368869
55,lane12:B1:s6->s5,pp_message,backward,1,-1,6,12,108,92,6,5,-1,p2p,98176190,0,0,4712346,93463844,,,13605573054,13703749244,rank108:B1,0,1785477744809228982,1785477758414802036,1785477758512978226
55,rank92:B1,compute,backward,1,92,5,12,92,92,5,5,5,cooldown,687891845,687891845,0,0,0,1.7854777585284557e+18,1.7854777592163474e+18,13703749244,14391641089,lane12:B1:s6->s5,420628344,1785477744809228982,1785477758512978226,1785477759200870071
55,lane12:B2:s7->s6,pp_message,backward,2,-1,7,12,124,108,7,6,-1,p2p,98176190,0,0,4712346,93463844,,,13918265286,14016441476,rank124:B2,0,1785477744809228982,1785477758727494268,1785477758825670458
55,lane12:B3:s8->s7,pp_message,backward,3,-1,8,12,140,124,8,7,-1,p2p,98176190,0,0,4712346,93463844,,,13978918697,14077094887,rank140:B3,0,1785477744809228982,1785477758788147679,1785477758886323869
55,rank108:B2,compute,backward,2,108,6,12,108,108,6,6,6,cooldown,695970799,695970799,0,0,0,1.7854777588418552e+18,1.7854777595378258e+18,14016441476,14712412275,lane12:B2:s7->s6,410868422,1785477744809228982,1785477758825670458,1785477759521641257
55,rank124:B3,compute,backward,3,124,7,12,124,124,7,7,7,cooldown,681146092,681146092,0,0,0,1.785477758907222e+18,1.7854777595883681e+18,14077094887,14758240979,lane12:B3:s8->s7,158829601,1785477744809228982,1785477758886323869,1785477759567469961
55,lane12:B0:s4->s3,pp_message,backward,0,-1,4,12,76,60,4,3,-1,p2p,98176190,0,0,4712346,93463844,,,14082139887,14180316077,rank76:B0,0,1785477744809228982,1785477758891368869,1785477758989545059
55,rank60:B0,compute,backward,0,60,3,12,60,60,3,3,4,cooldown,723688901,723688901,0,0,0,1.7854777590099884e+18,1.7854777597336773e+18,14180316077,14904004978,lane12:B0:s4->s3,11899931580,1785477744809228982,1785477758989545059,1785477759713233960
55,lane12:B1:s5->s4,pp_message,backward,1,-1,5,12,92,76,5,4,-1,p2p,98176190,0,0,4712346,93463844,,,14391641089,14489817279,rank92:B1,0,1785477744809228982,1785477759200870071,1785477759299046261
55,rank76:B1,compute,backward,1,76,4,12,76,76,4,4,5,cooldown,699458878,699458878,0,0,0,1.7854777593146327e+18,1.7854777600140918e+18,14489817279,15189276157,lane12:B1:s5->s4,407677392,1785477744809228982,1785477759299046261,1785477759998505139
55,lane12:B2:s6->s5,pp_message,backward,2,-1,6,12,108,92,6,5,-1,p2p,98176190,0,0,4712346,93463844,,,14712412275,14810588465,rank108:B2,0,1785477744809228982,1785477759521641257,1785477759619817447
55,lane12:B3:s7->s6,pp_message,backward,3,-1,7,12,124,108,7,6,-1,p2p,98176190,0,0,4712346,93463844,,,14758240979,14856417169,rank124:B3,0,1785477744809228982,1785477759567469961,1785477759665646151
55,rank92:B2,compute,backward,2,92,5,12,92,92,5,5,6,cooldown,688636855,688636855,0,0,0,1.7854777596366492e+18,1.785477760325286e+18,14810588465,15499225320,lane12:B2:s6->s5,418947376,1785477744809228982,1785477759619817447,1785477760308454302
55,rank108:B3,compute,backward,3,108,6,12,108,108,6,6,7,cooldown,697147592,697147592,0,0,0,1.7854777596863954e+18,1.785477760383543e+18,14856417169,15553564761,lane12:B3:s7->s6,144004894,1785477744809228982,1785477759665646151,1785477760362793743
55,lane12:B0:s3->s2,pp_message,backward,0,-1,3,12,60,44,3,2,-1,p2p,98176190,0,0,4712346,93463844,,,14904004978,15002181168,rank60:B0,0,1785477744809228982,1785477759713233960,1785477759811410150
55,rank44:B0,compute,backward,0,44,2,12,44,44,2,2,4,cooldown,705234864,705234864,0,0,0,1.7854777598334764e+18,1.785477760538711e+18,15002181168,15707416032,lane12:B0:s3->s2,13146778264,1785477744809228982,1785477759811410150,1785477760516645014
55,lane12:B1:s4->s3,pp_message,backward,1,-1,4,12,76,60,4,3,-1,p2p,98176190,0,0,4712346,93463844,,,15189276157,15287452347,rank76:B1,0,1785477744809228982,1785477759998505139,1785477760096681329
55,rank60:B1,compute,backward,1,60,3,12,60,60,3,3,5,cooldown,697279193,697279193,0,0,0,1.7854777601128317e+18,1.785477760810111e+18,15287452347,15984731540,lane12:B1:s4->s3,383447369,1785477744809228982,1785477760096681329,1785477760793960522
55,lane12:B2:s5->s4,pp_message,backward,2,-1,5,12,92,76,5,4,-1,p2p,98176190,0,0,4712346,93463844,,,15499225320,15597401510,rank92:B2,0,1785477744809228982,1785477760308454302,1785477760406630492
55,lane12:B3:s6->s5,pp_message,backward,3,-1,6,12,108,92,6,5,-1,p2p,98176190,0,0,4712346,93463844,,,15553564761,15651740951,rank108:B3,0,1785477744809228982,1785477760362793743,1785477760460969933
55,rank76:B2,compute,backward,2,76,4,12,76,76,4,4,6,cooldown,699397782,699397782,0,0,0,1.7854777604243064e+18,1.7854777611237043e+18,15597401510,16296799292,lane12:B2:s5->s4,408125353,1785477744809228982,1785477760406630492,1785477761106028274
55,rank92:B3,compute,backward,3,92,5,12,92,92,5,5,7,cooldown,687256763,687256763,0,0,0,1.7854777604828116e+18,1.7854777611700685e+18,15651740951,16338997714,lane12:B3:s6->s5,152515631,1785477744809228982,1785477760460969933,1785477761148226696
55,lane12:B0:s2->s1,pp_message,backward,0,-1,2,12,44,28,2,1,-1,p2p,98176190,0,0,4712346,93463844,,,15707416032,15805592222,rank44:B0,0,1785477744809228982,1785477760516645014,1785477760614821204
55,rank28:B0,compute,backward,0,28,1,12,28,28,1,1,4,cooldown,725187602,725187602,0,0,0,1.7854777606380027e+18,1.7854777613631903e+18,15805592222,16530779824,lane12:B0:s2->s1,14306748625,1785477744809228982,1785477760614821204,1785477761340008806
55,lane12:B1:s3->s2,pp_message,backward,1,-1,3,12,60,44,3,2,-1,p2p,98176190,0,0,4712346,93463844,,,15984731540,16082907730,rank60:B1,0,1785477744809228982,1785477760793960522,1785477760892136712
55,rank44:B1,compute,backward,1,44,2,12,44,44,2,2,5,cooldown,759784360,759784360,0,0,0,1.7854777609077742e+18,1.7854777616675584e+18,16082907730,16842692090,lane12:B1:s3->s2,375491698,1785477744809228982,1785477760892136712,1785477761651921072
55,lane12:B2:s4->s3,pp_message,backward,2,-1,4,12,76,60,4,3,-1,p2p,98176190,0,0,4712346,93463844,,,16296799292,16394975482,rank76:B2,0,1785477744809228982,1785477761106028274,1785477761204204464
55,lane12:B3:s5->s4,pp_message,backward,3,-1,5,12,92,76,5,4,-1,p2p,98176190,0,0,4712346,93463844,,,16338997714,16437173904,rank92:B3,0,1785477744809228982,1785477761148226696,1785477761246402886
55,rank60:B2,compute,backward,2,60,3,12,60,60,3,3,6,cooldown,694405186,694405186,0,0,0,1.785477761222717e+18,1.785477761917122e+18,16394975482,17089380668,lane12:B2:s4->s3,410243942,1785477744809228982,1785477761204204464,1785477761898609650
55,rank76:B3,compute,backward,3,76,4,12,76,76,4,4,7,cooldown,699063389,699063389,0,0,0,1.7854777612689295e+18,1.7854777619679928e+18,16437173904,17136237293,lane12:B3:s5->s4,140374612,1785477744809228982,1785477761246402886,1785477761945466275
55,lane12:B0:s1->s0,pp_message,backward,0,-1,1,12,28,12,1,0,-1,p2p,98176190,0,0,4712346,93463844,,,16530779824,16628956014,rank28:B0,0,1785477744809228982,1785477761340008806,1785477761438184996
55,rank12:B0,compute,backward,0,12,0,12,12,12,0,0,4,cooldown,409406600,409406600,0,0,0,1.7854777614614267e+18,1.7854777618708332e+18,16628956014,17038362614,lane12:B0:s1->s0,15961599297,1785477744809228982,1785477761438184996,1785477761847591596
55,lane12:B1:s2->s1,pp_message,backward,1,-1,2,12,44,28,2,1,-1,p2p,98176190,0,0,4712346,93463844,,,16842692090,16940868280,rank44:B1,0,1785477744809228982,1785477761651921072,1785477761750097262
55,rank28:B1,compute,backward,1,28,1,12,28,28,1,1,5,cooldown,728226771,728226771,0,0,0,1.7854777617653117e+18,1.7854777624935386e+18,16940868280,17669095051,lane12:B1:s2->s1,410088456,1785477744809228982,1785477761750097262,1785477762478324033
55,lane12:B2:s3->s2,pp_message,backward,2,-1,3,12,60,44,3,2,-1,p2p,98176190,0,0,4712346,93463844,,,17089380668,17187556858,rank60:B2,0,1785477744809228982,1785477761898609650,1785477761996785840
55,lane12:B3:s4->s3,pp_message,backward,3,-1,4,12,76,60,4,3,-1,p2p,98176190,0,0,4712346,93463844,,,17136237293,17234413483,rank76:B3,0,1785477744809228982,1785477761945466275,1785477762043642465
55,rank44:B2,compute,backward,2,44,2,12,44,44,2,2,6,cooldown,709556755,709556755,0,0,0,1.7854777620136138e+18,1.7854777627231706e+18,17187556858,17897113613,lane12:B2:s3->s2,344864768,1785477744809228982,1785477761996785840,1785477762706342595
55,rank60:B3,compute,backward,3,60,3,12,60,60,3,3,7,cooldown,693511345,693511345,0,0,0,1.7854777620664218e+18,1.7854777627599332e+18,17234413483,17927924828,lane12:B3:s4->s3,145032815,1785477744809228982,1785477762043642465,1785477762737153810
55,lane12:B1:s1->s0,pp_message,backward,1,-1,1,12,28,12,1,0,-1,p2p,98176190,0,0,4712346,93463844,,,17669095051,17767271241,rank28:B1,0,1785477744809228982,1785477762478324033,1785477762576500223
55,rank12:B1,compute,backward,1,12,0,12,12,12,0,0,5,cooldown,415816026,415816026,0,0,0,1.78547776259003e+18,1.785477763005846e+18,17767271241,18183087267,lane12:B1:s1->s0,728908627,1785477744809228982,1785477762576500223,1785477762992316249
55,lane12:B2:s2->s1,pp_message,backward,2,-1,2,12,44,28,2,1,-1,p2p,98176190,0,0,4712346,93463844,,,17897113613,17995289803,rank44:B2,0,1785477744809228982,1785477762706342595,1785477762804518785
55,lane12:B3:s3->s2,pp_message,backward,3,-1,3,12,60,44,3,2,-1,p2p,98176190,0,0,4712346,93463844,,,17927924828,18026101018,rank60:B3,0,1785477744809228982,1785477762737153810,1785477762835330000
55,rank28:B2,compute,backward,2,28,1,12,28,28,1,1,6,cooldown,724322416,724322416,0,0,0,1.7854777628208883e+18,1.785477763545211e+18,17995289803,18719612219,lane12:B2:s2->s1,326194752,1785477744809228982,1785477762804518785,1785477763528841201
55,rank44:B3,compute,backward,3,44,2,12,44,44,2,2,7,cooldown,705855503,705855503,0,0,0,1.7854777628569144e+18,1.78547776356277e+18,18026101018,18731956521,lane12:B3:s3->s2,128987405,1785477744809228982,1785477762835330000,1785477763541185503
55,lane12:B2:s1->s0,pp_message,backward,2,-1,1,12,28,12,1,0,-1,p2p,98176190,0,0,4712346,93463844,,,18719612219,18817788409,rank28:B2,0,1785477744809228982,1785477763528841201,1785477763627017391
55,lane12:B3:s2->s1,pp_message,backward,3,-1,2,12,44,28,2,1,-1,p2p,98176190,0,0,4712346,93463844,,,18731956521,18830132711,rank44:B3,0,1785477744809228982,1785477763541185503,1785477763639361693
55,rank12:B2,compute,backward,2,12,0,12,12,12,0,0,6,cooldown,408284985,408284985,0,0,0,1.7854777636432174e+18,1.7854777640515023e+18,18817788409,19226073394,lane12:B2:s1->s0,634701142,1785477744809228982,1785477763627017391,1785477764035302376
55,rank28:B3,compute,backward,3,28,1,12,28,28,1,1,7,cooldown,726042320,726042320,0,0,0,1.785477763660886e+18,1.7854777643869284e+18,18830132711,19556175031,lane12:B3:s2->s1,110520492,1785477744809228982,1785477763639361693,1785477764365404013
55,lane12:B3:s1->s0,pp_message,backward,3,-1,1,12,28,12,1,0,-1,p2p,98176190,0,0,4712346,93463844,,,19556175031,19654351221,rank28:B3,0,1785477744809228982,1785477764365404013,1785477764463580203
55,rank12:B3,compute,backward,3,12,0,12,12,12,0,0,7,cooldown,408071061,408071061,0,0,0,1.7854777644850516e+18,1.7854777648931228e+18,19654351221,20062422282,lane12:B3:s1->s0,428277827,1785477744809228982,1785477764463580203,1785477764871651264
55,rank13:F0,compute,forward,0,13,0,13,13,13,0,0,0,warmup,160766814,160766814,0,0,0,1.7854777448083366e+18,1.7854777449691034e+18,0,160766814,,0,1785477744808336642,1785477744808336642,1785477744969103456
55,lane13:F0:s0->s1,pp_message,forward,0,-1,0,13,13,29,0,1,-1,p2p,4712346,0,0,4712346,0,,,160766814,165479160,rank13:F0,0,1785477744808336642,1785477744969103456,1785477744973815802
55,rank13:F1,compute,forward,1,13,0,13,13,13,0,0,1,warmup,158544883,158544883,0,0,0,1.7854777449743852e+18,1.78547774513293e+18,165479160,324024043,lane13:F0:s0->s1,4712346,1785477744808336642,1785477744973815802,1785477745132360685
55,rank29:F0,compute,forward,0,29,1,13,29,29,1,1,0,warmup,323975327,323975327,0,0,0,1.785477744974334e+18,1.785477745298309e+18,165479160,489454487,lane13:F0:s0->s1,165479160,1785477744808336642,1785477744973815802,1785477745297791129
55,lane13:F1:s0->s1,pp_message,forward,1,-1,0,13,13,29,0,1,-1,p2p,4712346,0,0,4712346,0,,,324024043,328736389,rank13:F1,0,1785477744808336642,1785477745132360685,1785477745137073031
55,rank13:F2,compute,forward,2,13,0,13,13,13,0,0,2,warmup,158329108,158329108,0,0,0,1.7854777453085985e+18,1.7854777454669276e+18,328736389,487065497,lane13:F1:s0->s1,4712346,1785477744808336642,1785477745137073031,1785477745295402139
55,lane13:F2:s0->s1,pp_message,forward,2,-1,0,13,13,29,0,1,-1,p2p,4712346,0,0,4712346,0,,,487065497,491777843,rank13:F2,0,1785477744808336642,1785477745295402139,1785477745300114485
55,lane13:F0:s1->s2,pp_message,forward,0,-1,1,13,29,45,1,2,-1,p2p,4712346,0,0,4712346,0,,,489454487,494166833,rank29:F0,0,1785477744808336642,1785477745297791129,1785477745302503475
55,rank13:F3,compute,forward,3,13,0,13,13,13,0,0,3,warmup,178047924,178047924,0,0,0,1.7854777456632317e+18,1.7854777458412795e+18,491777843,669825767,lane13:F2:s0->s1,4712346,1785477744808336642,1785477745300114485,1785477745478162409
55,rank29:F1,compute,forward,1,29,1,13,29,29,1,1,1,warmup,327687224,327687224,0,0,0,1.7854777453085307e+18,1.785477745636218e+18,494166833,821854057,lane13:F0:s1->s2,4712346,1785477744808336642,1785477745302503475,1785477745630190699
55,rank45:F0,compute,forward,0,45,2,13,45,45,2,2,0,warmup,344249216,344249216,0,0,0,1.7854777453034683e+18,1.7854777456477176e+18,494166833,838416049,lane13:F0:s1->s2,494166833,1785477744808336642,1785477745302503475,1785477745646752691
55,lane13:F3:s0->s1,pp_message,forward,3,-1,0,13,13,29,0,1,-1,p2p,4712346,0,0,4712346,0,,,669825767,674538113,rank13:F3,0,1785477744808336642,1785477745478162409,1785477745482874755
55,lane13:F1:s1->s2,pp_message,forward,1,-1,1,13,29,45,1,2,-1,p2p,4712346,0,0,4712346,0,,,821854057,826566403,rank29:F1,0,1785477744808336642,1785477745630190699,1785477745634903045
55,rank29:F2,compute,forward,2,29,1,13,29,29,1,1,2,warmup,342398096,342398096,0,0,0,1.7854777456631616e+18,1.7854777460055596e+18,826566403,1168964499,lane13:F1:s1->s2,4712346,1785477744808336642,1785477745634903045,1785477745977301141
55,lane13:F0:s2->s3,pp_message,forward,0,-1,2,13,45,61,2,3,-1,p2p,4712346,0,0,4712346,0,,,838416049,843128395,rank45:F0,0,1785477744808336642,1785477745646752691,1785477745651465037
55,rank45:F1,compute,forward,1,45,2,13,45,45,2,2,1,warmup,336700852,336700852,0,0,0,1.7854777456579517e+18,1.7854777459946527e+18,843128395,1179829247,lane13:F0:s2->s3,4712346,1785477744808336642,1785477745651465037,1785477745988165889
55,rank61:F0,compute,forward,0,61,3,13,61,61,3,3,0,warmup,407340540,407340540,0,0,0,1.7854777456530396e+18,1.7854777460603802e+18,843128395,1250468935,lane13:F0:s2->s3,843128395,1785477744808336642,1785477745651465037,1785477746058805577
55,lane13:F2:s1->s2,pp_message,forward,2,-1,1,13,29,45,1,2,-1,p2p,4712346,0,0,4712346,0,,,1168964499,1173676845,rank29:F2,0,1785477744808336642,1785477745977301141,1785477745982013487
55,rank29:F3,compute,forward,3,29,1,13,29,29,1,1,3,warmup,326074928,326074928,0,0,0,1.7854777460809308e+18,1.785477746407006e+18,1173676845,1499751773,lane13:F2:s1->s2,4712346,1785477744808336642,1785477745982013487,1785477746308088415
55,lane13:F1:s2->s3,pp_message,forward,1,-1,2,13,45,61,2,3,-1,p2p,4712346,0,0,4712346,0,,,1179829247,1184541593,rank45:F1,0,1785477744808336642,1785477745988165889,1785477745992878235
55,rank45:F2,compute,forward,2,45,2,13,45,45,2,2,2,warmup,320534369,320534369,0,0,0,1.7854777460757655e+18,1.7854777463963e+18,1184541593,1505075962,lane13:F1:s2->s3,4712346,1785477744808336642,1785477745992878235,1785477746313412604
55,lane13:F0:s3->s4,pp_message,forward,0,-1,3,13,61,77,3,4,-1,p2p,4712346,0,0,4712346,0,,,1250468935,1255181281,rank61:F0,0,1785477744808336642,1785477746058805577,1785477746063517923
55,rank61:F1,compute,forward,1,61,3,13,61,61,3,3,1,warmup,352990249,352990249,0,0,0,1.785477746070462e+18,1.7854777464234522e+18,1255181281,1608171530,lane13:F0:s3->s4,4712346,1785477744808336642,1785477746063517923,1785477746416508172
55,rank77:F0,compute,forward,0,77,4,13,77,77,4,4,0,warmup,318761681,318761681,0,0,0,1.7854777460655683e+18,1.78547774638433e+18,1255181281,1573942962,lane13:F0:s3->s4,1255181281,1785477744808336642,1785477746063517923,1785477746382279604
55,lane13:F3:s1->s2,pp_message,forward,3,-1,1,13,29,45,1,2,-1,p2p,4712346,0,0,4712346,0,,,1499751773,1504464119,rank29:F3,0,1785477744808336642,1785477746308088415,1785477746312800761
55,lane13:F2:s2->s3,pp_message,forward,2,-1,2,13,45,61,2,3,-1,p2p,4712346,0,0,4712346,0,,,1505075962,1509788308,rank45:F2,0,1785477744808336642,1785477746313412604,1785477746318124950
55,rank45:F3,compute,forward,3,45,2,13,45,45,2,2,3,warmup,347051594,347051594,0,0,0,1.785477746438766e+18,1.7854777467858176e+18,1509788308,1856839902,lane13:F2:s2->s3,4712346,1785477744808336642,1785477746318124950,1785477746665176544
55,lane13:F0:s4->s5,pp_message,forward,0,-1,4,13,77,93,4,5,-1,p2p,4712346,0,0,4712346,0,,,1573942962,1578655308,rank77:F0,0,1785477744808336642,1785477746382279604,1785477746386991950
55,rank93:F0,compute,forward,0,93,5,13,93,93,5,5,0,warmup,314765406,314765406,0,0,0,1.7854777463899794e+18,1.7854777467047447e+18,1578655308,1893420714,lane13:F0:s4->s5,1578655308,1785477744808336642,1785477746386991950,1785477746701757356
55,lane13:F1:s3->s4,pp_message,forward,1,-1,3,13,61,77,3,4,-1,p2p,4712346,0,0,4712346,0,,,1608171530,1612883876,rank61:F1,0,1785477744808336642,1785477746416508172,1785477746421220518
55,rank61:F2,compute,forward,2,61,3,13,61,61,3,3,2,warmup,337763932,337763932,0,0,0,1.78547774643363e+18,1.785477746771394e+18,1612883876,1950647808,lane13:F1:s3->s4,4712346,1785477744808336642,1785477746421220518,1785477746758984450
55,rank77:F1,compute,forward,1,77,4,13,77,77,4,4,1,warmup,318179646,318179646,0,0,0,1.7854777464284452e+18,1.785477746746625e+18,1612883876,1931063522,lane13:F1:s3->s4,38940914,1785477744808336642,1785477746421220518,1785477746739400164
55,lane13:F3:s2->s3,pp_message,forward,3,-1,2,13,45,61,2,3,-1,p2p,4712346,0,0,4712346,0,,,1856839902,1861552248,rank45:F3,0,1785477744808336642,1785477746665176544,1785477746669888890
55,lane13:F0:s5->s6,pp_message,forward,0,-1,5,13,93,109,5,6,-1,p2p,4712346,0,0,4712346,0,,,1893420714,1898133060,rank93:F0,0,1785477744808336642,1785477746701757356,1785477746706469702
55,rank109:F0,compute,forward,0,109,6,13,109,109,6,6,0,warmup,316382040,316382040,0,0,0,1.7854777467102088e+18,1.785477747026591e+18,1898133060,2214515100,lane13:F0:s5->s6,1898133060,1785477744808336642,1785477746706469702,1785477747022851742
55,lane13:F1:s4->s5,pp_message,forward,1,-1,4,13,77,93,4,5,-1,p2p,4712346,0,0,4712346,0,,,1931063522,1935775868,rank77:F1,0,1785477744808336642,1785477746739400164,1785477746744112510
55,rank93:F1,compute,forward,1,93,5,13,93,93,5,5,1,warmup,461458290,461458290,0,0,0,1.7854777467519188e+18,1.7854777472133773e+18,1935775868,2397234158,lane13:F1:s4->s5,42355154,1785477744808336642,1785477746744112510,1785477747205570800
55,lane13:F2:s3->s4,pp_message,forward,2,-1,3,13,61,77,3,4,-1,p2p,4712346,0,0,4712346,0,,,1950647808,1955360154,rank61:F2,0,1785477744808336642,1785477746758984450,1785477746763696796
55,rank61:F3,compute,forward,3,61,3,13,61,61,3,3,3,warmup,325401629,325401629,0,0,0,1.7854777467911212e+18,1.7854777471165228e+18,1955360154,2280761783,lane13:F2:s3->s4,4712346,1785477744808336642,1785477746763696796,1785477747089098425
55,rank77:F2,compute,forward,2,77,4,13,77,77,4,4,2,warmup,317008531,317008531,0,0,0,1.7854777467763822e+18,1.7854777470933906e+18,1955360154,2272368685,lane13:F2:s3->s4,24296632,1785477744808336642,1785477746763696796,1785477747080705327
55,lane13:F0:s6->s7,pp_message,forward,0,-1,6,13,109,125,6,7,-1,p2p,4712346,0,0,4712346,0,,,2214515100,2219227446,rank109:F0,0,1785477744808336642,1785477747022851742,1785477747027564088
55,rank125:F0,compute,forward,0,125,7,13,125,125,7,7,0,warmup,322378398,322378398,0,0,0,1.7854777470322988e+18,1.7854777473546772e+18,2219227446,2541605844,lane13:F0:s6->s7,2219227446,1785477744808336642,1785477747027564088,1785477747349942486
55,lane13:F2:s4->s5,pp_message,forward,2,-1,4,13,77,93,4,5,-1,p2p,4712346,0,0,4712346,0,,,2272368685,2277081031,rank77:F2,0,1785477744808336642,1785477747080705327,1785477747085417673
55,lane13:F3:s3->s4,pp_message,forward,3,-1,3,13,61,77,3,4,-1,p2p,4712346,0,0,4712346,0,,,2280761783,2285474129,rank61:F3,0,1785477744808336642,1785477747089098425,1785477747093810771
55,rank77:F3,compute,forward,3,77,4,13,77,77,4,4,3,warmup,329958146,329958146,0,0,0,1.7854777472288177e+18,1.7854777475587758e+18,2285474129,2615432275,lane13:F3:s3->s4,13105444,1785477744808336642,1785477747093810771,1785477747423768917
55,lane13:F1:s5->s6,pp_message,forward,1,-1,5,13,93,109,5,6,-1,p2p,4712346,0,0,4712346,0,,,2397234158,2401946504,rank93:F1,0,1785477744808336642,1785477747205570800,1785477747210283146
55,rank109:F1,compute,forward,1,109,6,13,109,109,6,6,1,warmup,327815435,327815435,0,0,0,1.7854777472184456e+18,1.785477747546261e+18,2401946504,2729761939,lane13:F1:s5->s6,187431404,1785477744808336642,1785477747210283146,1785477747538098581
55,rank93:F2,compute,forward,2,93,5,13,93,93,5,5,2,warmup,324295327,324295327,0,0,0,1.7854777472236897e+18,1.785477747547985e+18,2401946504,2726241831,lane13:F1:s5->s6,4712346,1785477744808336642,1785477747210283146,1785477747534578473
55,lane13:F0:s7->s8,pp_message,forward,0,-1,7,13,125,141,7,8,-1,p2p,4712346,0,0,4712346,0,,,2541605844,2546318190,rank125:F0,0,1785477744808336642,1785477747349942486,1785477747354654832
55,rank141:F0,compute,forward,0,141,8,13,141,141,8,8,0,warmup,314676537,314676537,0,0,0,1.7854777473605844e+18,1.785477747675261e+18,2546318190,2860994727,lane13:F0:s7->s8,2546318190,1785477744808336642,1785477747354654832,1785477747669331369
55,lane13:F3:s4->s5,pp_message,forward,3,-1,4,13,77,93,4,5,-1,p2p,4712346,0,0,4712346,0,,,2615432275,2620144621,rank77:F3,0,1785477744808336642,1785477747423768917,1785477747428481263
55,lane13:F2:s5->s6,pp_message,forward,2,-1,5,13,93,109,5,6,-1,p2p,4712346,0,0,4712346,0,,,2726241831,2730954177,rank93:F2,0,1785477744808336642,1785477747534578473,1785477747539290819
55,lane13:F1:s6->s7,pp_message,forward,1,-1,6,13,109,125,6,7,-1,p2p,4712346,0,0,4712346,0,,,2729761939,2734474285,rank109:F1,0,1785477744808336642,1785477747538098581,1785477747542810927
55,rank93:F3,compute,forward,3,93,5,13,93,93,5,5,3,warmup,312222420,312222420,0,0,0,1.785477747564081e+18,1.7854777478763034e+18,2730954177,3043176597,lane13:F2:s5->s6,4712346,1785477744808336642,1785477747539290819,1785477747851513239
55,rank109:F2,compute,forward,2,109,6,13,109,109,6,6,2,warmup,330083902,330083902,0,0,0,1.7854777475567444e+18,1.7854777478868283e+18,2734474285,3064558187,lane13:F1:s6->s7,4712346,1785477744808336642,1785477747542810927,1785477747872894829
55,rank125:F1,compute,forward,1,125,7,13,125,125,7,7,1,warmup,311250136,311250136,0,0,0,1.7854777475515428e+18,1.785477747862793e+18,2734474285,3045724421,lane13:F1:s6->s7,192868441,1785477744808336642,1785477747542810927,1785477747854061063
55,lane13:F0:s8->s9,pp_message,forward,0,-1,8,13,141,157,8,9,-1,p2p,4712346,0,0,4712346,0,,,2860994727,2865707073,rank141:F0,0,1785477744808336642,1785477747669331369,1785477747674043715
55,rank157:F0,compute,forward,0,157,9,13,157,157,9,9,0,warmup,322405901,322405901,0,0,0,1.7854777476806653e+18,1.7854777480030715e+18,2865707073,3188112974,lane13:F0:s8->s9,2865707073,1785477744808336642,1785477747674043715,1785477747996449616
55,lane13:F3:s5->s6,pp_message,forward,3,-1,5,13,93,109,5,6,-1,p2p,4712346,0,0,4712346,0,,,3043176597,3047888943,rank93:F3,0,1785477744808336642,1785477747851513239,1785477747856225585
55,lane13:F1:s7->s8,pp_message,forward,1,-1,7,13,125,141,7,8,-1,p2p,4712346,0,0,4712346,0,,,3045724421,3050436767,rank125:F1,0,1785477744808336642,1785477747854061063,1785477747858773409
55,rank141:F1,compute,forward,1,141,8,13,141,141,8,8,1,warmup,316605427,316605427,0,0,0,1.78547774786788e+18,1.7854777481844854e+18,3050436767,3367042194,lane13:F1:s7->s8,189442040,1785477744808336642,1785477747858773409,1785477748175378836
55,lane13:F2:s6->s7,pp_message,forward,2,-1,6,13,109,125,6,7,-1,p2p,4712346,0,0,4712346,0,,,3064558187,3069270533,rank109:F2,0,1785477744808336642,1785477747872894829,1785477747877607175
55,rank109:F3,compute,forward,3,109,6,13,109,109,6,6,3,warmup,314040619,314040619,0,0,0,1.785477747897398e+18,1.7854777482114388e+18,3069270533,3383311152,lane13:F2:s6->s7,4712346,1785477744808336642,1785477747877607175,1785477748191647794
55,rank125:F2,compute,forward,2,125,7,13,125,125,7,7,2,warmup,309298557,309298557,0,0,0,1.785477747892105e+18,1.7854777482014034e+18,3069270533,3378569090,lane13:F2:s6->s7,23546112,1785477744808336642,1785477747877607175,1785477748186905732
55,lane13:F0:s9->s10,pp_message,forward,0,-1,9,13,157,173,9,10,-1,p2p,4712346,0,0,4712346,0,,,3188112974,3192825320,rank157:F0,0,1785477744808336642,1785477747996449616,1785477748001161962
55,rank173:F0,compute,forward,0,173,10,13,173,173,10,10,0,warmup,313307742,313307742,0,0,0,1.7854777480085852e+18,1.7854777483218929e+18,3192825320,3506133062,lane13:F0:s9->s10,3192825320,1785477744808336642,1785477748001161962,1785477748314469704
55,lane13:F1:s8->s9,pp_message,forward,1,-1,8,13,141,157,8,9,-1,p2p,4712346,0,0,4712346,0,,,3367042194,3371754540,rank141:F1,0,1785477744808336642,1785477748175378836,1785477748180091182
55,rank157:F1,compute,forward,1,157,9,13,157,157,9,9,1,warmup,317649044,317649044,0,0,0,1.7854777481895826e+18,1.7854777485072315e+18,3371754540,3689403584,lane13:F1:s8->s9,183641566,1785477744808336642,1785477748180091182,1785477748497740226
55,lane13:F2:s7->s8,pp_message,forward,2,-1,7,13,125,141,7,8,-1,p2p,4712346,0,0,4712346,0,,,3378569090,3383281436,rank125:F2,0,1785477744808336642,1785477748186905732,1785477748191618078
55,rank141:F2,compute,forward,2,141,8,13,141,141,8,8,2,warmup,311817662,311817662,0,0,0,1.7854777482064074e+18,1.785477748518225e+18,3383281436,3695099098,lane13:F2:s7->s8,16239242,1785477744808336642,1785477748191618078,1785477748503435740
55,lane13:F3:s6->s7,pp_message,forward,3,-1,6,13,109,125,6,7,-1,p2p,4712346,0,0,4712346,0,,,3383311152,3388023498,rank109:F3,0,1785477744808336642,1785477748191647794,1785477748196360140
55,rank125:F3,compute,forward,3,125,7,13,125,125,7,7,3,warmup,309462037,309462037,0,0,0,1.7854777482166449e+18,1.785477748526107e+18,3388023498,3697485535,lane13:F3:s6->s7,9454408,1785477744808336642,1785477748196360140,1785477748505822177
55,lane13:F0:s10->s11,pp_message,forward,0,-1,10,13,173,189,10,11,-1,p2p,4712346,0,0,4712346,0,,,3506133062,3510845408,rank173:F0,0,1785477744808336642,1785477748314469704,1785477748319182050
55,rank189:F0,compute,forward,0,189,11,13,189,189,11,11,0,warmup,312210102,312210102,0,0,0,1.7854777483282007e+18,1.7854777486404106e+18,3510845408,3823055510,lane13:F0:s10->s11,3510845408,1785477744808336642,1785477748319182050,1785477748631392152
55,lane13:F1:s9->s10,pp_message,forward,1,-1,9,13,157,173,9,10,-1,p2p,4712346,0,0,4712346,0,,,3689403584,3694115930,rank157:F1,0,1785477744808336642,1785477748497740226,1785477748502452572
55,rank173:F1,compute,forward,1,173,10,13,173,173,10,10,1,warmup,310751872,310751872,0,0,0,1.785477748512452e+18,1.7854777488232038e+18,3694115930,4004867802,lane13:F1:s9->s10,187982868,1785477744808336642,1785477748502452572,1785477748813204444
55,lane13:F2:s8->s9,pp_message,forward,2,-1,8,13,141,157,8,9,-1,p2p,4712346,0,0,4712346,0,,,3695099098,3699811444,rank141:F2,0,1785477744808336642,1785477748503435740,1785477748508148086
55,lane13:F3:s7->s8,pp_message,forward,3,-1,7,13,125,141,7,8,-1,p2p,4712346,0,0,4712346,0,,,3697485535,3702197881,rank125:F3,0,1785477744808336642,1785477748505822177,1785477748510534523
55,rank157:F2,compute,forward,2,157,9,13,157,157,9,9,2,warmup,316649914,316649914,0,0,0,1.7854777485232883e+18,1.7854777488399383e+18,3699811444,4016461358,lane13:F2:s8->s9,10407860,1785477744808336642,1785477748508148086,1785477748824798000
55,rank141:F3,compute,forward,3,141,8,13,141,141,8,8,3,warmup,310008151,310008151,0,0,0,1.785477748531063e+18,1.785477748841071e+18,3702197881,4012206032,lane13:F3:s7->s8,7098783,1785477744808336642,1785477748510534523,1785477748820542674
55,lane13:F0:s11->s12,pp_message,forward,0,-1,11,13,189,205,11,12,-1,p2p,4712346,0,0,4712346,0,,,3823055510,3827767856,rank189:F0,0,1785477744808336642,1785477748631392152,1785477748636104498
55,rank205:F0,compute,forward,0,205,12,13,205,205,12,12,0,warmup,311821981,311821981,0,0,0,1.78547774864634e+18,1.785477748958162e+18,3827767856,4139589837,lane13:F0:s11->s12,3827767856,1785477744808336642,1785477748636104498,1785477748947926479
55,lane13:F1:s10->s11,pp_message,forward,1,-1,10,13,173,189,10,11,-1,p2p,4712346,0,0,4712346,0,,,4004867802,4009580148,rank173:F1,0,1785477744808336642,1785477748813204444,1785477748817916790
55,rank189:F1,compute,forward,1,189,11,13,189,189,11,11,1,warmup,308639685,308639685,0,0,0,1.7854777488282895e+18,1.7854777491369293e+18,4009580148,4318219833,lane13:F1:s10->s11,186524638,1785477744808336642,1785477748817916790,1785477749126556475
55,lane13:F3:s8->s9,pp_message,forward,3,-1,8,13,141,157,8,9,-1,p2p,4712346,0,0,4712346,0,,,4012206032,4016918378,rank141:F3,0,1785477744808336642,1785477748820542674,1785477748825255020
55,lane13:F2:s9->s10,pp_message,forward,2,-1,9,13,157,173,9,10,-1,p2p,4712346,0,0,4712346,0,,,4016461358,4021173704,rank157:F2,0,1785477744808336642,1785477748824798000,1785477748829510346
55,rank157:F3,compute,forward,3,157,9,13,157,157,9,9,3,warmup,318877502,318877502,0,0,0,1.7854777488501563e+18,1.7854777491690337e+18,4021173704,4340051206,lane13:F2:s9->s10,4712346,1785477744808336642,1785477748829510346,1785477749148387848
55,rank173:F2,compute,forward,2,173,10,13,173,173,10,10,2,warmup,310057539,310057539,0,0,0,1.785477748845134e+18,1.7854777491551916e+18,4021173704,4331231243,lane13:F2:s9->s10,16305902,1785477744808336642,1785477748829510346,1785477749139567885
55,lane13:F0:s12->s13,pp_message,forward,0,-1,12,13,205,221,12,13,-1,p2p,4712346,0,0,4712346,0,,,4139589837,4144302183,rank205:F0,0,1785477744808336642,1785477748947926479,1785477748952638825
55,rank221:F0,compute,forward,0,221,13,13,221,221,13,13,0,warmup,315573035,315573035,0,0,0,1.7854777489637921e+18,1.785477749279365e+18,4144302183,4459875218,lane13:F0:s12->s13,4144302183,1785477744808336642,1785477748952638825,1785477749268211860
55,lane13:F1:s11->s12,pp_message,forward,1,-1,11,13,189,205,11,12,-1,p2p,4712346,0,0,4712346,0,,,4318219833,4322932179,rank189:F1,0,1785477744808336642,1785477749126556475,1785477749131268821
55,rank205:F1,compute,forward,1,205,12,13,205,205,12,12,1,warmup,307991479,307991479,0,0,0,1.785477749141961e+18,1.7854777494499525e+18,4322932179,4630923658,lane13:F1:s11->s12,183342342,1785477744808336642,1785477749131268821,1785477749439260300
55,lane13:F2:s10->s11,pp_message,forward,2,-1,10,13,173,189,10,11,-1,p2p,4712346,0,0,4712346,0,,,4331231243,4335943589,rank173:F2,0,1785477744808336642,1785477749139567885,1785477749144280231
55,rank189:F2,compute,forward,2,189,11,13,189,189,11,11,2,warmup,306146015,306146015,0,0,0,1.7854777491604014e+18,1.7854777494665475e+18,4335943589,4642089604,lane13:F2:s10->s11,17723756,1785477744808336642,1785477749144280231,1785477749450426246
55,lane13:F3:s9->s10,pp_message,forward,3,-1,9,13,157,173,9,10,-1,p2p,4712346,0,0,4712346,0,,,4340051206,4344763552,rank157:F3,0,1785477744808336642,1785477749148387848,1785477749153100194
55,rank173:F3,compute,forward,3,173,10,13,173,173,10,10,3,warmup,454628701,454628701,0,0,0,1.7854777491742303e+18,1.785477749628859e+18,4344763552,4799392253,lane13:F3:s9->s10,13532309,1785477744808336642,1785477749153100194,1785477749607728895
55,lane13:F0:s13->s14,pp_message,forward,0,-1,13,13,221,237,13,14,-1,p2p,4712346,0,0,4712346,0,,,4459875218,4464587564,rank221:F0,0,1785477744808336642,1785477749268211860,1785477749272924206
55,rank237:F0,compute,forward,0,237,14,13,237,237,14,14,0,warmup,322402741,322402741,0,0,0,1.7854777492850688e+18,1.7854777496074716e+18,4464587564,4786990305,lane13:F0:s13->s14,4464587564,1785477744808336642,1785477749272924206,1785477749595326947
55,lane13:F1:s12->s13,pp_message,forward,1,-1,12,13,205,221,12,13,-1,p2p,4712346,0,0,4712346,0,,,4630923658,4635636004,rank205:F1,0,1785477744808336642,1785477749439260300,1785477749443972646
55,rank221:F1,compute,forward,1,221,13,13,221,221,13,13,1,warmup,460442473,460442473,0,0,0,1.7854777494551565e+18,1.785477749915599e+18,4635636004,5096078477,lane13:F1:s12->s13,175760786,1785477744808336642,1785477749443972646,1785477749904415119
55,lane13:F2:s11->s12,pp_message,forward,2,-1,11,13,189,205,11,12,-1,p2p,4712346,0,0,4712346,0,,,4642089604,4646801950,rank189:F2,0,1785477744808336642,1785477749450426246,1785477749455138592
55,rank205:F2,compute,forward,2,205,12,13,205,205,12,12,2,warmup,308038988,308038988,0,0,0,1.7854777494715843e+18,1.7854777497796232e+18,4646801950,4954840938,lane13:F2:s11->s12,15878292,1785477744808336642,1785477749455138592,1785477749763177580
55,lane13:F0:s14->s15,pp_message,forward,0,-1,14,13,237,253,14,15,-1,p2p,4712346,0,0,4712346,0,,,4786990305,4791702651,rank237:F0,0,1785477744808336642,1785477749595326947,1785477749600039293
55,rank253:F0,compute,forward,0,253,15,13,253,253,15,15,0,steady,196088762,196088762,0,0,0,1.7854777496131853e+18,1.785477749809274e+18,4791702651,4987791413,lane13:F0:s14->s15,4791702651,1785477744808336642,1785477749600039293,1785477749796128055
55,lane13:F3:s10->s11,pp_message,forward,3,-1,10,13,173,189,10,11,-1,p2p,4712346,0,0,4712346,0,,,4799392253,4804104599,rank173:F3,0,1785477744808336642,1785477749607728895,1785477749612441241
55,rank189:F3,compute,forward,3,189,11,13,189,189,11,11,3,warmup,306851604,306851604,0,0,0,1.7854777496341517e+18,1.7854777499410033e+18,4804104599,5110956203,lane13:F3:s10->s11,162014995,1785477744808336642,1785477749612441241,1785477749919292845
55,lane13:F2:s12->s13,pp_message,forward,2,-1,12,13,205,221,12,13,-1,p2p,4712346,0,0,4712346,0,,,4954840938,4959553284,rank205:F2,0,1785477744808336642,1785477749763177580,1785477749767889926
55,rank253:B0,compute,backward,0,253,15,13,253,253,15,15,1,steady,387699565,387699565,0,0,0,1.78547774980941e+18,1.7854777501971098e+18,4987791413,5375490978,rank253:F0,0,1785477744808336642,1785477749796128055,1785477750183827620
55,lane13:F1:s13->s14,pp_message,forward,1,-1,13,13,221,237,13,14,-1,p2p,4712346,0,0,4712346,0,,,5096078477,5100790823,rank221:F1,0,1785477744808336642,1785477749904415119,1785477749909127465
55,rank221:F2,compute,forward,2,221,13,13,221,221,13,13,2,steady,310510269,310510269,0,0,0,1.785477749926071e+18,1.7854777502365814e+18,5100790823,5411301092,lane13:F1:s13->s14,4712346,1785477744808336642,1785477749909127465,1785477750219637734
55,rank237:F1,compute,forward,1,237,14,13,237,237,14,14,1,steady,312665959,312665959,0,0,0,1.7854777499208438e+18,1.78547775023351e+18,5100790823,5413456782,lane13:F1:s13->s14,313800518,1785477744808336642,1785477749909127465,1785477750221793424
55,lane13:F3:s11->s12,pp_message,forward,3,-1,11,13,189,205,11,12,-1,p2p,4712346,0,0,4712346,0,,,5110956203,5115668549,rank189:F3,0,1785477744808336642,1785477749919292845,1785477749924005191
55,rank205:F3,compute,forward,3,205,12,13,205,205,12,12,3,steady,308324591,308324591,0,0,0,1.7854777499460237e+18,1.7854777502543483e+18,5115668549,5423993140,lane13:F3:s11->s12,160827611,1785477744808336642,1785477749924005191,1785477750232329782
55,lane13:B0:s15->s14,pp_message,backward,0,-1,15,13,253,237,15,14,-1,p2p,98176190,0,0,4712346,93463844,,,5375490978,5473667168,rank253:B0,0,1785477744808336642,1785477750183827620,1785477750282003810
55,lane13:F2:s13->s14,pp_message,forward,2,-1,13,13,221,237,13,14,-1,p2p,4712346,0,0,4712346,0,,,5411301092,5416013438,rank221:F2,0,1785477744808336642,1785477750219637734,1785477750224350080
55,lane13:F1:s14->s15,pp_message,forward,1,-1,14,13,237,253,14,15,-1,p2p,4712346,0,0,4712346,0,,,5413456782,5418169128,rank237:F1,0,1785477744808336642,1785477750221793424,1785477750226505770
55,lane13:F3:s12->s13,pp_message,forward,3,-1,12,13,205,221,12,13,-1,p2p,4712346,0,0,4712346,0,,,5423993140,5428705486,rank205:F3,0,1785477744808336642,1785477750232329782,1785477750237042128
55,rank237:B0,compute,backward,0,237,14,13,237,237,14,14,2,steady,681375114,681375114,0,0,0,1.7854777502977341e+18,1.7854777509791094e+18,5473667168,6155042282,lane13:B0:s15->s14,60210386,1785477744808336642,1785477750282003810,1785477750963378924
55,rank253:F1,compute,forward,1,253,15,13,253,253,15,15,2,steady,192113017,192113017,0,0,0,1.7854777502975903e+18,1.7854777504897034e+18,5473667168,5665780185,lane13:B0:s15->s14,98176190,1785477744808336642,1785477750282003810,1785477750474116827
55,rank253:B1,compute,backward,1,253,15,13,253,253,15,15,3,steady,371399011,371399011,0,0,0,1.785477750489865e+18,1.785477750861264e+18,5665780185,6037179196,rank253:F1,0,1785477744808336642,1785477750474116827,1785477750845515838
55,lane13:B1:s15->s14,pp_message,backward,1,-1,15,13,253,237,15,14,-1,p2p,98176190,0,0,4712346,93463844,,,6037179196,6135355386,rank253:B1,0,1785477744808336642,1785477750845515838,1785477750943692028
55,lane13:B0:s14->s13,pp_message,backward,0,-1,14,13,237,221,14,13,-1,p2p,98176190,0,0,4712346,93463844,,,6155042282,6253218472,rank237:B0,0,1785477744808336642,1785477750963378924,1785477751061555114
55,rank221:B0,compute,backward,0,221,13,13,221,221,13,13,3,steady,689777955,689777955,0,0,0,1.785477751077357e+18,1.785477751767135e+18,6253218472,6942996427,lane13:B0:s14->s13,841917380,1785477744808336642,1785477751061555114,1785477751751333069
55,rank237:F2,compute,forward,2,237,14,13,237,237,14,14,3,steady,317223489,317223489,0,0,0,1.7854777510770245e+18,1.7854777513942482e+18,6253218472,6570441961,lane13:B0:s14->s13,98176190,1785477744808336642,1785477751061555114,1785477751378778603
55,lane13:F2:s14->s15,pp_message,forward,2,-1,14,13,237,253,14,15,-1,p2p,4712346,0,0,4712346,0,,,6570441961,6575154307,rank237:F2,0,1785477744808336642,1785477751378778603,1785477751383490949
55,rank237:B1,compute,backward,1,237,14,13,237,237,14,14,4,steady,691758119,691758119,0,0,0,1.7854777514001044e+18,1.7854777520918625e+18,6575154307,7266912426,lane13:F2:s14->s15,4712346,1785477744808336642,1785477751383490949,1785477752075249068
55,rank253:F2,compute,forward,2,253,15,13,253,253,15,15,4,steady,194785120,194785120,0,0,0,1.785477751400043e+18,1.785477751594828e+18,6575154307,6769939427,lane13:F2:s14->s15,537975111,1785477744808336642,1785477751383490949,1785477751578276069
55,rank253:B2,compute,backward,2,253,15,13,253,253,15,15,5,steady,366541747,366541747,0,0,0,1.785477751595005e+18,1.7854777519615465e+18,6769939427,7136481174,rank253:F2,0,1785477744808336642,1785477751578276069,1785477751944817816
55,lane13:B0:s13->s12,pp_message,backward,0,-1,13,13,221,205,13,12,-1,p2p,98176190,0,0,4712346,93463844,,,6942996427,7041172617,rank221:B0,0,1785477744808336642,1785477751751333069,1785477751849509259
55,rank205:B0,compute,backward,0,205,12,13,205,205,12,12,4,steady,686531084,686531084,0,0,0,1.7854777518648443e+18,1.7854777525513754e+18,7041172617,7727703701,lane13:B0:s13->s12,1617179477,1785477744808336642,1785477751849509259,1785477752536040343
55,rank221:F3,compute,forward,3,221,13,13,221,221,13,13,4,steady,316337908,316337908,0,0,0,1.7854777518645486e+18,1.7854777521808865e+18,7041172617,7357510525,lane13:B0:s13->s12,98176190,1785477744808336642,1785477751849509259,1785477752165847167
55,lane13:B2:s15->s14,pp_message,backward,2,-1,15,13,253,237,15,14,-1,p2p,98176190,0,0,4712346,93463844,,,7136481174,7234657364,rank253:B2,0,1785477744808336642,1785477751944817816,1785477752042994006
55,lane13:B1:s14->s13,pp_message,backward,1,-1,14,13,237,221,14,13,-1,p2p,98176190,0,0,4712346,93463844,,,7266912426,7365088616,rank237:B1,0,1785477744808336642,1785477752075249068,1785477752173425258
55,lane13:F3:s13->s14,pp_message,forward,3,-1,13,13,221,237,13,14,-1,p2p,4712346,0,0,4712346,0,,,7357510525,7362222871,rank221:F3,0,1785477744808336642,1785477752165847167,1785477752170559513
55,rank221:B1,compute,backward,1,221,13,13,221,221,13,13,5,steady,700809959,700809959,0,0,0,1.7854777521898289e+18,1.7854777528906388e+18,7365088616,8065898575,lane13:B1:s14->s13,7578091,1785477744808336642,1785477752173425258,1785477752874235217
55,rank237:F3,compute,forward,3,237,14,13,237,237,14,14,5,steady,329296724,329296724,0,0,0,1.785477752189819e+18,1.7854777525191158e+18,7365088616,7694385340,lane13:B1:s14->s13,98176190,1785477744808336642,1785477752173425258,1785477752502721982
55,lane13:F3:s14->s15,pp_message,forward,3,-1,14,13,237,253,14,15,-1,p2p,4712346,0,0,4712346,0,,,7694385340,7699097686,rank237:F3,0,1785477744808336642,1785477752502721982,1785477752507434328
55,rank237:B2,compute,backward,2,237,14,13,237,237,14,14,6,steady,726279422,726279422,0,0,0,1.785477752525217e+18,1.7854777532514964e+18,7699097686,8425377108,lane13:F3:s14->s15,4712346,1785477744808336642,1785477752507434328,1785477753233713750
55,rank253:F3,compute,forward,3,253,15,13,253,253,15,15,6,steady,193430255,193430255,0,0,0,1.785477752525169e+18,1.7854777527185992e+18,7699097686,7892527941,lane13:F3:s14->s15,562616512,1785477744808336642,1785477752507434328,1785477752700864583
55,lane13:B0:s12->s11,pp_message,backward,0,-1,12,13,205,189,12,11,-1,p2p,98176190,0,0,4712346,93463844,,,7727703701,7825879891,rank205:B0,0,1785477744808336642,1785477752536040343,1785477752634216533
55,rank189:B0,compute,backward,0,189,11,13,189,189,11,11,4,cooldown,677721290,677721290,0,0,0,1.7854777526493612e+18,1.7854777533270825e+18,7825879891,8503601181,lane13:B0:s12->s11,2714923688,1785477744808336642,1785477752634216533,1785477753311937823
55,rank253:B3,compute,backward,3,253,15,13,253,253,15,15,7,steady,365633302,365633302,0,0,0,1.7854777527188457e+18,1.7854777530844792e+18,7892527941,8258161243,rank253:F3,0,1785477744808336642,1785477752700864583,1785477753066497885
55,lane13:B1:s13->s12,pp_message,backward,1,-1,13,13,221,205,13,12,-1,p2p,98176190,0,0,4712346,93463844,,,8065898575,8164074765,rank221:B1,0,1785477744808336642,1785477752874235217,1785477752972411407
55,rank205:B1,compute,backward,1,205,12,13,205,205,12,12,5,cooldown,683067864,683067864,0,0,0,1.7854777529874107e+18,1.7854777536704786e+18,8164074765,8847142629,lane13:B1:s13->s12,436371064,1785477744808336642,1785477752972411407,1785477753655479271
55,lane13:B3:s15->s14,pp_message,backward,3,-1,15,13,253,237,15,14,-1,p2p,98176190,0,0,4712346,93463844,,,8258161243,8356337433,rank253:B3,0,1785477744808336642,1785477753066497885,1785477753164674075
55,lane13:B2:s14->s13,pp_message,backward,2,-1,14,13,237,221,14,13,-1,p2p,98176190,0,0,4712346,93463844,,,8425377108,8523553298,rank237:B2,0,1785477744808336642,1785477753233713750,1785477753331889940
55,lane13:B0:s11->s10,pp_message,backward,0,-1,11,13,189,173,11,10,-1,p2p,98176190,0,0,4712346,93463844,,,8503601181,8601777371,rank189:B0,0,1785477744808336642,1785477753311937823,1785477753410114013
55,rank221:B2,compute,backward,2,221,13,13,221,221,13,13,6,cooldown,682090335,682090335,0,0,0,1.7854777533500406e+18,1.7854777540321308e+18,8523553298,9205643633,lane13:B2:s14->s13,457654723,1785477744808336642,1785477753331889940,1785477754013980275
55,rank237:B3,compute,backward,3,237,14,13,237,237,14,14,7,cooldown,695430399,695430399,0,0,0,1.7854777533556145e+18,1.7854777540510449e+18,8523553298,9218983697,lane13:B2:s14->s13,98176190,1785477744808336642,1785477753331889940,1785477754027320339
55,rank173:B0,compute,backward,0,173,10,13,173,173,10,10,4,cooldown,689582015,689582015,0,0,0,1.7854777534243254e+18,1.7854777541139075e+18,8601777371,9291359386,lane13:B0:s11->s10,3802385118,1785477744808336642,1785477753410114013,1785477754099696028
55,lane13:B1:s12->s11,pp_message,backward,1,-1,12,13,205,189,12,11,-1,p2p,98176190,0,0,4712346,93463844,,,8847142629,8945318819,rank205:B1,0,1785477744808336642,1785477753655479271,1785477753753655461
55,rank189:B1,compute,backward,1,189,11,13,189,189,11,11,5,cooldown,677561300,677561300,0,0,0,1.78547775376807e+18,1.7854777544456312e+18,8945318819,9622880119,lane13:B1:s12->s11,441717638,1785477744808336642,1785477753753655461,1785477754431216761
55,lane13:B2:s13->s12,pp_message,backward,2,-1,13,13,221,205,13,12,-1,p2p,98176190,0,0,4712346,93463844,,,9205643633,9303819823,rank221:B2,0,1785477744808336642,1785477754013980275,1785477754112156465
55,lane13:B3:s14->s13,pp_message,backward,3,-1,14,13,237,221,14,13,-1,p2p,98176190,0,0,4712346,93463844,,,9218983697,9317159887,rank237:B3,0,1785477744808336642,1785477754027320339,1785477754125496529
55,lane13:B0:s10->s9,pp_message,backward,0,-1,10,13,173,157,10,9,-1,p2p,98176190,0,0,4712346,93463844,,,9291359386,9389535576,rank173:B0,0,1785477744808336642,1785477754099696028,1785477754197872218
55,rank205:B2,compute,backward,2,205,12,13,205,205,12,12,6,cooldown,677808269,677808269,0,0,0,1.7854777541301763e+18,1.7854777548079846e+18,9303819823,9981628092,lane13:B2:s13->s12,456677194,1785477744808336642,1785477754112156465,1785477754789964734
55,rank221:B3,compute,backward,3,221,13,13,221,221,13,13,7,cooldown,682953053,682953053,0,0,0,1.7854777541478902e+18,1.7854777548308434e+18,9317159887,10000112940,lane13:B3:s14->s13,111516254,1785477744808336642,1785477754125496529,1785477754808449582
55,rank157:B0,compute,backward,0,157,9,13,157,157,9,9,4,cooldown,709975374,709975374,0,0,0,1.7854777542123763e+18,1.7854777549223516e+18,9389535576,10099510950,lane13:B0:s10->s9,5049484370,1785477744808336642,1785477754197872218,1785477754907847592
55,lane13:B1:s11->s10,pp_message,backward,1,-1,11,13,189,173,11,10,-1,p2p,98176190,0,0,4712346,93463844,,,9622880119,9721056309,rank189:B1,0,1785477744808336642,1785477754431216761,1785477754529392951
55,rank173:B1,compute,backward,1,173,10,13,173,173,10,10,5,cooldown,686152366,686152366,0,0,0,1.7854777545429012e+18,1.7854777552290537e+18,9721056309,10407208675,lane13:B1:s11->s10,429696923,1785477744808336642,1785477754529392951,1785477755215545317
55,lane13:B2:s12->s11,pp_message,backward,2,-1,12,13,205,189,12,11,-1,p2p,98176190,0,0,4712346,93463844,,,9981628092,10079804282,rank205:B2,0,1785477744808336642,1785477754789964734,1785477754888140924
55,lane13:B3:s13->s12,pp_message,backward,3,-1,13,13,221,205,13,12,-1,p2p,98176190,0,0,4712346,93463844,,,10000112940,10098289130,rank221:B3,0,1785477744808336642,1785477754808449582,1785477754906625772
55,rank189:B2,compute,backward,2,189,11,13,189,189,11,11,6,cooldown,679772130,679772130,0,0,0,1.7854777549049016e+18,1.7854777555846738e+18,10079804282,10759576412,lane13:B2:s12->s11,456924163,1785477744808336642,1785477754888140924,1785477755567913054
55,rank205:B3,compute,backward,3,205,12,13,205,205,12,12,7,cooldown,675546804,675546804,0,0,0,1.7854777549290977e+18,1.7854777556046444e+18,10098289130,10773835934,lane13:B3:s13->s12,116661038,1785477744808336642,1785477754906625772,1785477755582172576
55,lane13:B0:s9->s8,pp_message,backward,0,-1,9,13,157,141,9,8,-1,p2p,98176190,0,0,4712346,93463844,,,10099510950,10197687140,rank157:B0,0,1785477744808336642,1785477754907847592,1785477755006023782
55,rank141:B0,compute,backward,0,141,8,13,141,141,8,8,4,cooldown,718986390,718986390,0,0,0,1.785477755021506e+18,1.7854777557404925e+18,10197687140,10916673530,lane13:B0:s9->s8,6185481108,1785477744808336642,1785477755006023782,1785477755725010172
55,lane13:B1:s10->s9,pp_message,backward,1,-1,10,13,173,157,10,9,-1,p2p,98176190,0,0,4712346,93463844,,,10407208675,10505384865,rank173:B1,0,1785477744808336642,1785477755215545317,1785477755313721507
55,rank157:B1,compute,backward,1,157,9,13,157,157,9,9,5,cooldown,712862646,712862646,0,0,0,1.7854777553275008e+18,1.7854777560403635e+18,10505384865,11218247511,lane13:B1:s10->s9,405873915,1785477744808336642,1785477755313721507,1785477756026584153
55,lane13:B2:s11->s10,pp_message,backward,2,-1,11,13,189,173,11,10,-1,p2p,98176190,0,0,4712346,93463844,,,10759576412,10857752602,rank189:B2,0,1785477744808336642,1785477755567913054,1785477755666089244
55,lane13:B3:s12->s11,pp_message,backward,3,-1,12,13,205,189,12,11,-1,p2p,98176190,0,0,4712346,93463844,,,10773835934,10872012124,rank205:B3,0,1785477744808336642,1785477755582172576,1785477755680348766
55,rank173:B2,compute,backward,2,173,10,13,173,173,10,10,6,cooldown,683194027,683194027,0,0,0,1.7854777556825925e+18,1.7854777563657866e+18,10857752602,11540946629,lane13:B2:s11->s10,450543927,1785477744808336642,1785477755666089244,1785477756349283271
55,rank189:B3,compute,backward,3,189,11,13,189,189,11,11,7,cooldown,686251978,686251978,0,0,0,1.7854777557019648e+18,1.7854777563882168e+18,10872012124,11558264102,lane13:B3:s12->s11,112435712,1785477744808336642,1785477755680348766,1785477756366600744
55,lane13:B0:s8->s7,pp_message,backward,0,-1,8,13,141,125,8,7,-1,p2p,98176190,0,0,4712346,93463844,,,10916673530,11014849720,rank141:B0,0,1785477744808336642,1785477755725010172,1785477755823186362
55,rank125:B0,compute,backward,0,125,7,13,125,125,7,7,4,cooldown,685465241,685465241,0,0,0,1.7854777558384143e+18,1.7854777565238797e+18,11014849720,11700314961,lane13:B0:s8->s7,7317364185,1785477744808336642,1785477755823186362,1785477756508651603
55,lane13:B1:s9->s8,pp_message,backward,1,-1,9,13,157,141,9,8,-1,p2p,98176190,0,0,4712346,93463844,,,11218247511,11316423701,rank157:B1,0,1785477744808336642,1785477756026584153,1785477756124760343
55,rank141:B1,compute,backward,1,141,8,13,141,141,8,8,5,cooldown,713056401,713056401,0,0,0,1.785477756138627e+18,1.7854777568516836e+18,11316423701,12029480102,lane13:B1:s9->s8,399750171,1785477744808336642,1785477756124760343,1785477756837816744
55,lane13:B2:s10->s9,pp_message,backward,2,-1,10,13,173,157,10,9,-1,p2p,98176190,0,0,4712346,93463844,,,11540946629,11639122819,rank173:B2,0,1785477744808336642,1785477756349283271,1785477756447459461
55,lane13:B3:s11->s10,pp_message,backward,3,-1,11,13,189,173,11,10,-1,p2p,98176190,0,0,4712346,93463844,,,11558264102,11656440292,rank189:B3,0,1785477744808336642,1785477756366600744,1785477756464776934
55,rank157:B2,compute,backward,2,157,9,13,157,157,9,9,6,cooldown,703479199,703479199,0,0,0,1.785477756465061e+18,1.7854777571685404e+18,11639122819,12342602018,lane13:B2:s10->s9,420875308,1785477744808336642,1785477756447459461,1785477757150938660
55,rank173:B3,compute,backward,3,173,10,13,173,173,10,10,7,cooldown,685383931,685383931,0,0,0,1.785477756486038e+18,1.785477757171422e+18,11656440292,12341824223,lane13:B3:s11->s10,115493663,1785477744808336642,1785477756464776934,1785477757150160865
55,lane13:B0:s7->s6,pp_message,backward,0,-1,7,13,125,109,7,6,-1,p2p,98176190,0,0,4712346,93463844,,,11700314961,11798491151,rank125:B0,0,1785477744808336642,1785477756508651603,1785477756606827793
55,rank109:B0,compute,backward,0,109,6,13,109,109,6,6,4,cooldown,699476460,699476460,0,0,0,1.7854777566217838e+18,1.7854777573212603e+18,11798491151,12497967611,lane13:B0:s7->s6,8415179999,1785477744808336642,1785477756606827793,1785477757306304253
55,lane13:B1:s8->s7,pp_message,backward,1,-1,8,13,141,125,8,7,-1,p2p,98176190,0,0,4712346,93463844,,,12029480102,12127656292,rank141:B1,0,1785477744808336642,1785477756837816744,1785477756935992934
55,rank125:B1,compute,backward,1,125,7,13,125,125,7,7,5,cooldown,686644696,686644696,0,0,0,1.785477756949854e+18,1.7854777576364987e+18,12127656292,12814300988,lane13:B1:s8->s7,427341331,1785477744808336642,1785477756935992934,1785477757622637630
55,lane13:B3:s10->s9,pp_message,backward,3,-1,10,13,173,157,10,9,-1,p2p,98176190,0,0,4712346,93463844,,,12341824223,12440000413,rank173:B3,0,1785477744808336642,1785477757150160865,1785477757248337055
55,lane13:B2:s9->s8,pp_message,backward,2,-1,9,13,157,141,9,8,-1,p2p,98176190,0,0,4712346,93463844,,,12342602018,12440778208,rank157:B2,0,1785477744808336642,1785477757150938660,1785477757249114850
55,rank141:B2,compute,backward,2,141,8,13,141,141,8,8,6,cooldown,692631663,692631663,0,0,0,1.7854777572668716e+18,1.7854777579595034e+18,12440778208,13133409871,lane13:B2:s9->s8,411298106,1785477744808336642,1785477757249114850,1785477757941746513
55,rank157:B3,compute,backward,3,157,9,13,157,157,9,9,7,cooldown,717045243,717045243,0,0,0,1.7854777572722442e+18,1.7854777579892895e+18,12440778208,13157823451,lane13:B2:s9->s8,98176190,1785477744808336642,1785477757249114850,1785477757966160093
55,lane13:B0:s6->s5,pp_message,backward,0,-1,6,13,109,93,6,5,-1,p2p,98176190,0,0,4712346,93463844,,,12497967611,12596143801,rank109:B0,0,1785477744808336642,1785477757306304253,1785477757404480443
55,rank93:B0,compute,backward,0,93,5,13,93,93,5,5,4,cooldown,690166674,690166674,0,0,0,1.7854777574192084e+18,1.785477758109375e+18,12596143801,13286310475,lane13:B0:s6->s5,9552967204,1785477744808336642,1785477757404480443,1785477758094647117
55,lane13:B1:s7->s6,pp_message,backward,1,-1,7,13,125,109,7,6,-1,p2p,98176190,0,0,4712346,93463844,,,12814300988,12912477178,rank125:B1,0,1785477744808336642,1785477757622637630,1785477757720813820
55,rank109:B1,compute,backward,1,109,6,13,109,109,6,6,5,cooldown,694516079,694516079,0,0,0,1.7854777577348344e+18,1.7854777584293504e+18,12912477178,13606993257,lane13:B1:s7->s6,414509567,1785477744808336642,1785477757720813820,1785477758415329899
55,lane13:B2:s8->s7,pp_message,backward,2,-1,8,13,141,125,8,7,-1,p2p,98176190,0,0,4712346,93463844,,,13133409871,13231586061,rank141:B2,0,1785477744808336642,1785477757941746513,1785477758039922703
55,lane13:B3:s9->s8,pp_message,backward,3,-1,9,13,157,141,9,8,-1,p2p,98176190,0,0,4712346,93463844,,,13157823451,13255999641,rank157:B3,0,1785477744808336642,1785477757966160093,1785477758064336283
55,rank125:B2,compute,backward,2,125,7,13,125,125,7,7,6,cooldown,684924140,684924140,0,0,0,1.7854777580586534e+18,1.7854777587435776e+18,13231586061,13916510201,lane13:B2:s8->s7,417285073,1785477744808336642,1785477758039922703,1785477758724846843
55,rank141:B3,compute,backward,3,141,8,13,141,141,8,8,7,cooldown,722371574,722371574,0,0,0,1.785477758086847e+18,1.7854777588092186e+18,13255999641,13978371215,lane13:B3:s9->s8,122589770,1785477744808336642,1785477758064336283,1785477758786707857
55,lane13:B0:s5->s4,pp_message,backward,0,-1,5,13,93,77,5,4,-1,p2p,98176190,0,0,4712346,93463844,,,13286310475,13384486665,rank93:B0,0,1785477744808336642,1785477758094647117,1785477758192823307
55,rank77:B0,compute,backward,0,77,4,13,77,77,4,4,4,cooldown,701051416,701051416,0,0,0,1.7854777582091187e+18,1.78547775891017e+18,13384486665,14085538081,lane13:B0:s5->s4,10769054390,1785477744808336642,1785477758192823307,1785477758893874723
55,lane13:B1:s6->s5,pp_message,backward,1,-1,6,13,109,93,6,5,-1,p2p,98176190,0,0,4712346,93463844,,,13606993257,13705169447,rank109:B1,0,1785477744808336642,1785477758415329899,1785477758513506089
55,rank93:B1,compute,backward,1,93,5,13,93,93,5,5,5,cooldown,687903794,687903794,0,0,0,1.785477758528484e+18,1.785477759216388e+18,13705169447,14393073241,lane13:B1:s6->s5,418858972,1785477744808336642,1785477758513506089,1785477759201409883
55,lane13:B2:s7->s6,pp_message,backward,2,-1,7,13,125,109,7,6,-1,p2p,98176190,0,0,4712346,93463844,,,13916510201,14014686391,rank125:B2,0,1785477744808336642,1785477758724846843,1785477758823023033
55,lane13:B3:s8->s7,pp_message,backward,3,-1,8,13,141,125,8,7,-1,p2p,98176190,0,0,4712346,93463844,,,13978371215,14076547405,rank141:B3,0,1785477744808336642,1785477758786707857,1785477758884884047
55,rank109:B2,compute,backward,2,109,6,13,109,109,6,6,6,cooldown,698392747,698392747,0,0,0,1.7854777588419e+18,1.7854777595402926e+18,14014686391,14713079138,lane13:B2:s7->s6,407693134,1785477744808336642,1785477758823023033,1785477759521415780
55,rank125:B3,compute,backward,3,125,7,13,125,125,7,7,7,cooldown,681224621,681224621,0,0,0,1.7854777589072202e+18,1.7854777595884447e+18,14076547405,14757772026,lane13:B3:s8->s7,160037204,1785477744808336642,1785477758884884047,1785477759566108668
55,lane13:B0:s4->s3,pp_message,backward,0,-1,4,13,77,61,4,3,-1,p2p,98176190,0,0,4712346,93463844,,,14085538081,14183714271,rank77:B0,0,1785477744808336642,1785477758893874723,1785477758992050913
55,rank61:B0,compute,backward,0,61,3,13,61,61,3,3,4,cooldown,727483165,727483165,0,0,0,1.7854777590097887e+18,1.7854777597372718e+18,14183714271,14911197436,lane13:B0:s4->s3,11902952488,1785477744808336642,1785477758992050913,1785477759719534078
55,lane13:B1:s5->s4,pp_message,backward,1,-1,5,13,93,77,5,4,-1,p2p,98176190,0,0,4712346,93463844,,,14393073241,14491249431,rank93:B1,0,1785477744808336642,1785477759201409883,1785477759299586073
55,rank77:B1,compute,backward,1,77,4,13,77,77,4,4,5,cooldown,699543064,699543064,0,0,0,1.7854777593147725e+18,1.7854777600143155e+18,14491249431,15190792495,lane13:B1:s5->s4,405711350,1785477744808336642,1785477759299586073,1785477759999129137
55,lane13:B2:s6->s5,pp_message,backward,2,-1,6,13,109,93,6,5,-1,p2p,98176190,0,0,4712346,93463844,,,14713079138,14811255328,rank109:B2,0,1785477744808336642,1785477759521415780,1785477759619591970
55,lane13:B3:s7->s6,pp_message,backward,3,-1,7,13,125,109,7,6,-1,p2p,98176190,0,0,4712346,93463844,,,14757772026,14855948216,rank125:B3,0,1785477744808336642,1785477759566108668,1785477759664284858
55,rank93:B2,compute,backward,2,93,5,13,93,93,5,5,6,cooldown,688858763,688858763,0,0,0,1.785477759636751e+18,1.7854777603256097e+18,14811255328,15500114091,lane13:B2:s6->s5,418182087,1785477744808336642,1785477759619591970,1785477760308450733
55,rank109:B3,compute,backward,3,109,6,13,109,109,6,6,7,cooldown,698570179,698570179,0,0,0,1.7854777596863132e+18,1.7854777603848835e+18,14855948216,15554518395,lane13:B3:s7->s6,142869078,1785477744808336642,1785477759664284858,1785477760362855037
55,lane13:B0:s3->s2,pp_message,backward,0,-1,3,13,61,45,3,2,-1,p2p,98176190,0,0,4712346,93463844,,,14911197436,15009373626,rank61:B0,0,1785477744808336642,1785477759719534078,1785477759817710268
55,rank45:B0,compute,backward,0,45,2,13,45,45,2,2,4,cooldown,705350314,705350314,0,0,0,1.7854777598330117e+18,1.7854777605383619e+18,15009373626,15714723940,lane13:B0:s3->s2,13152533724,1785477744808336642,1785477759817710268,1785477760523060582
55,lane13:B1:s4->s3,pp_message,backward,1,-1,4,13,77,61,4,3,-1,p2p,98176190,0,0,4712346,93463844,,,15190792495,15288968685,rank77:B1,0,1785477744808336642,1785477759999129137,1785477760097305327
55,rank61:B1,compute,backward,1,61,3,13,61,61,3,3,5,cooldown,696942813,696942813,0,0,0,1.78547776011271e+18,1.7854777608096527e+18,15288968685,15985911498,lane13:B1:s4->s3,377771249,1785477744808336642,1785477760097305327,1785477760794248140
55,lane13:B2:s5->s4,pp_message,backward,2,-1,5,13,93,77,5,4,-1,p2p,98176190,0,0,4712346,93463844,,,15500114091,15598290281,rank93:B2,0,1785477744808336642,1785477760308450733,1785477760406626923
55,lane13:B3:s6->s5,pp_message,backward,3,-1,6,13,109,93,6,5,-1,p2p,98176190,0,0,4712346,93463844,,,15554518395,15652694585,rank109:B3,0,1785477744808336642,1785477760362855037,1785477760461031227
55,rank77:B2,compute,backward,2,77,4,13,77,77,4,4,6,cooldown,700051515,700051515,0,0,0,1.7854777604238085e+18,1.78547776112386e+18,15598290281,16298341796,lane13:B2:s5->s4,407497786,1785477744808336642,1785477760406626923,1785477761106678438
55,rank93:B3,compute,backward,3,93,5,13,93,93,5,5,7,cooldown,687964257,687964257,0,0,0,1.7854777604821158e+18,1.78547776117008e+18,15652694585,16340658842,lane13:B3:s6->s5,152580494,1785477744808336642,1785477760461031227,1785477761148995484
55,lane13:B0:s2->s1,pp_message,backward,0,-1,2,13,45,29,2,1,-1,p2p,98176190,0,0,4712346,93463844,,,15714723940,15812900130,rank45:B0,0,1785477744808336642,1785477760523060582,1785477760621236772
55,rank29:B0,compute,backward,0,29,1,13,29,29,1,1,4,cooldown,724799343,724799343,0,0,0,1.7854777606377943e+18,1.7854777613625935e+18,15812900130,16537699473,lane13:B0:s2->s1,14313148357,1785477744808336642,1785477760621236772,1785477761346036115
55,lane13:B1:s3->s2,pp_message,backward,1,-1,3,13,61,45,3,2,-1,p2p,98176190,0,0,4712346,93463844,,,15985911498,16084087688,rank61:B1,0,1785477744808336642,1785477760794248140,1785477760892424330
55,rank45:B1,compute,backward,1,45,2,13,45,45,2,2,5,cooldown,759336132,759336132,0,0,0,1.7854777609075328e+18,1.785477761666869e+18,16084087688,16843423820,lane13:B1:s3->s2,369363748,1785477744808336642,1785477760892424330,1785477761651760462
55,lane13:B2:s4->s3,pp_message,backward,2,-1,4,13,77,61,4,3,-1,p2p,98176190,0,0,4712346,93463844,,,16298341796,16396517986,rank77:B2,0,1785477744808336642,1785477761106678438,1785477761204854628
55,lane13:B3:s5->s4,pp_message,backward,3,-1,5,13,93,77,5,4,-1,p2p,98176190,0,0,4712346,93463844,,,16340658842,16438835032,rank93:B3,0,1785477744808336642,1785477761148995484,1785477761247171674
55,rank61:B2,compute,backward,2,61,3,13,61,61,3,3,6,cooldown,692358910,692358910,0,0,0,1.7854777612228987e+18,1.7854777619152576e+18,16396517986,17088876896,lane13:B2:s4->s3,410606488,1785477744808336642,1785477761204854628,1785477761897213538
55,rank77:B3,compute,backward,3,77,4,13,77,77,4,4,7,cooldown,699337874,699337874,0,0,0,1.785477761268613e+18,1.785477761967951e+18,16438835032,17138172906,lane13:B3:s5->s4,140493236,1785477744808336642,1785477761247171674,1785477761946509548
55,lane13:B0:s1->s0,pp_message,backward,0,-1,1,13,29,13,1,0,-1,p2p,98176190,0,0,4712346,93463844,,,16537699473,16635875663,rank29:B0,0,1785477744808336642,1785477761346036115,1785477761444212305
55,rank13:B0,compute,backward,0,13,0,13,13,13,0,0,4,cooldown,409440048,409440048,0,0,0,1.7854777614613696e+18,1.7854777618708096e+18,16635875663,17045315711,lane13:B0:s1->s0,15966049896,1785477744808336642,1785477761444212305,1785477761853652353
55,lane13:B1:s2->s1,pp_message,backward,1,-1,2,13,45,29,2,1,-1,p2p,98176190,0,0,4712346,93463844,,,16843423820,16941600010,rank45:B1,0,1785477744808336642,1785477761651760462,1785477761749936652
55,rank29:B1,compute,backward,1,29,1,13,29,29,1,1,5,cooldown,727135113,727135113,0,0,0,1.7854777617657231e+18,1.7854777624928584e+18,16941600010,17668735123,lane13:B1:s2->s1,403900537,1785477744808336642,1785477761749936652,1785477762477071765
55,lane13:B2:s3->s2,pp_message,backward,2,-1,3,13,61,45,3,2,-1,p2p,98176190,0,0,4712346,93463844,,,17088876896,17187053086,rank61:B2,0,1785477744808336642,1785477761897213538,1785477761995389728
55,lane13:B3:s4->s3,pp_message,backward,3,-1,4,13,77,61,4,3,-1,p2p,98176190,0,0,4712346,93463844,,,17138172906,17236349096,rank77:B3,0,1785477744808336642,1785477761946509548,1785477762044685738
55,rank45:B2,compute,backward,2,45,2,13,45,45,2,2,6,cooldown,709282157,709282157,0,0,0,1.7854777620132913e+18,1.7854777627225733e+18,17187053086,17896335243,lane13:B2:s3->s2,343629266,1785477744808336642,1785477761995389728,1785477762704671885
55,rank61:B3,compute,backward,3,61,3,13,61,61,3,3,7,cooldown,692687292,692687292,0,0,0,1.7854777620661834e+18,1.7854777627588708e+18,17236349096,17929036388,lane13:B3:s4->s3,147472200,1785477744808336642,1785477762044685738,1785477762737373030
55,lane13:B1:s1->s0,pp_message,backward,1,-1,1,13,29,13,1,0,-1,p2p,98176190,0,0,4712346,93463844,,,17668735123,17766911313,rank29:B1,0,1785477744808336642,1785477762477071765,1785477762575247955
55,rank13:B1,compute,backward,1,13,0,13,13,13,0,0,5,cooldown,416184190,416184190,0,0,0,1.7854777625897324e+18,1.7854777630059164e+18,17766911313,18183095503,lane13:B1:s1->s0,721595602,1785477744808336642,1785477762575247955,1785477762991432145
55,lane13:B2:s2->s1,pp_message,backward,2,-1,2,13,45,29,2,1,-1,p2p,98176190,0,0,4712346,93463844,,,17896335243,17994511433,rank45:B2,0,1785477744808336642,1785477762704671885,1785477762802848075
55,lane13:B3:s3->s2,pp_message,backward,3,-1,3,13,61,45,3,2,-1,p2p,98176190,0,0,4712346,93463844,,,17929036388,18027212578,rank61:B3,0,1785477744808336642,1785477762737373030,1785477762835549220
55,rank29:B2,compute,backward,2,29,1,13,29,29,1,1,6,cooldown,725091849,725091849,0,0,0,1.785477762820866e+18,1.785477763545958e+18,17994511433,18719603282,lane13:B2:s2->s1,325776310,1785477744808336642,1785477762802848075,1785477763527939924
55,rank45:B3,compute,backward,3,45,2,13,45,45,2,2,7,cooldown,704805367,704805367,0,0,0,1.7854777628570606e+18,1.785477763561866e+18,18027212578,18732017945,lane13:B3:s3->s2,130877335,1785477744808336642,1785477762835549220,1785477763540354587
55,lane13:B2:s1->s0,pp_message,backward,2,-1,1,13,29,13,1,0,-1,p2p,98176190,0,0,4712346,93463844,,,18719603282,18817779472,rank29:B2,0,1785477744808336642,1785477763527939924,1785477763626116114
55,lane13:B3:s2->s1,pp_message,backward,3,-1,2,13,45,29,2,1,-1,p2p,98176190,0,0,4712346,93463844,,,18732017945,18830194135,rank45:B3,0,1785477744808336642,1785477763540354587,1785477763638530777
55,rank13:B2,compute,backward,2,13,0,13,13,13,0,0,6,cooldown,407961485,407961485,0,0,0,1.7854777636434058e+18,1.7854777640513674e+18,18817779472,19225740957,lane13:B2:s1->s0,634683969,1785477744808336642,1785477763626116114,1785477764034077599
55,rank29:B3,compute,backward,3,29,1,13,29,29,1,1,7,cooldown,726413918,726413918,0,0,0,1.785477763661267e+18,1.7854777643876808e+18,18830194135,19556608053,lane13:B3:s2->s1,110590853,1785477744808336642,1785477763638530777,1785477764364944695
55,lane13:B3:s1->s0,pp_message,backward,3,-1,1,13,29,13,1,0,-1,p2p,98176190,0,0,4712346,93463844,,,19556608053,19654784243,rank29:B3,0,1785477744808336642,1785477764364944695,1785477764463120885
55,rank13:B3,compute,backward,3,13,0,13,13,13,0,0,7,cooldown,407560606,407560606,0,0,0,1.7854777644853532e+18,1.785477764892914e+18,19654784243,20062344849,lane13:B3:s1->s0,429043286,1785477744808336642,1785477764463120885,1785477764870681491
55,rank14:F0,compute,forward,0,14,0,14,14,14,0,0,0,warmup,160510483,160510483,0,0,0,1.785477744808877e+18,1.7854777449693875e+18,0,160510483,,0,1785477744808877140,1785477744808877140,1785477744969387623
55,lane14:F0:s0->s1,pp_message,forward,0,-1,0,14,14,30,0,1,-1,p2p,4712346,0,0,4712346,0,,,160510483,165222829,rank14:F0,0,1785477744808877140,1785477744969387623,1785477744974099969
55,rank14:F1,compute,forward,1,14,0,14,14,14,0,0,1,warmup,158341954,158341954,0,0,0,1.7854777449746977e+18,1.7854777451330399e+18,165222829,323564783,lane14:F0:s0->s1,4712346,1785477744808877140,1785477744974099969,1785477745132441923
55,rank30:F0,compute,forward,0,30,1,14,30,30,1,1,0,warmup,323694294,323694294,0,0,0,1.785477744974623e+18,1.7854777452983173e+18,165222829,488917123,lane14:F0:s0->s1,165222829,1785477744808877140,1785477744974099969,1785477745297794263
55,lane14:F1:s0->s1,pp_message,forward,1,-1,0,14,14,30,0,1,-1,p2p,4712346,0,0,4712346,0,,,323564783,328277129,rank14:F1,0,1785477744808877140,1785477745132441923,1785477745137154269
55,rank14:F2,compute,forward,2,14,0,14,14,14,0,0,2,warmup,158144393,158144393,0,0,0,1.7854777453087437e+18,1.785477745466888e+18,328277129,486421522,lane14:F1:s0->s1,4712346,1785477744808877140,1785477745137154269,1785477745295298662
55,lane14:F2:s0->s1,pp_message,forward,2,-1,0,14,14,30,0,1,-1,p2p,4712346,0,0,4712346,0,,,486421522,491133868,rank14:F2,0,1785477744808877140,1785477745295298662,1785477745300011008
55,lane14:F0:s1->s2,pp_message,forward,0,-1,1,14,30,46,1,2,-1,p2p,4712346,0,0,4712346,0,,,488917123,493629469,rank30:F0,0,1785477744808877140,1785477745297794263,1785477745302506609
55,rank14:F3,compute,forward,3,14,0,14,14,14,0,0,3,warmup,178130089,178130089,0,0,0,1.7854777456632532e+18,1.7854777458413834e+18,491133868,669263957,lane14:F2:s0->s1,4712346,1785477744808877140,1785477745300011008,1785477745478141097
55,rank30:F1,compute,forward,1,30,1,14,30,30,1,1,1,warmup,327495287,327495287,0,0,0,1.7854777453086559e+18,1.785477745636151e+18,493629469,821124756,lane14:F0:s1->s2,4712346,1785477744808877140,1785477745302506609,1785477745630001896
55,rank46:F0,compute,forward,0,46,2,14,46,46,2,2,0,warmup,344253596,344253596,0,0,0,1.785477745303503e+18,1.7854777456477568e+18,493629469,837883065,lane14:F0:s1->s2,493629469,1785477744808877140,1785477745302506609,1785477745646760205
55,lane14:F3:s0->s1,pp_message,forward,3,-1,0,14,14,30,0,1,-1,p2p,4712346,0,0,4712346,0,,,669263957,673976303,rank14:F3,0,1785477744808877140,1785477745478141097,1785477745482853443
55,lane14:F1:s1->s2,pp_message,forward,1,-1,1,14,30,46,1,2,-1,p2p,4712346,0,0,4712346,0,,,821124756,825837102,rank30:F1,0,1785477744808877140,1785477745630001896,1785477745634714242
55,rank30:F2,compute,forward,2,30,1,14,30,30,1,1,2,warmup,342348735,342348735,0,0,0,1.7854777456631562e+18,1.785477746005505e+18,825837102,1168185837,lane14:F1:s1->s2,4712346,1785477744808877140,1785477745634714242,1785477745977062977
55,lane14:F0:s2->s3,pp_message,forward,0,-1,2,14,46,62,2,3,-1,p2p,4712346,0,0,4712346,0,,,837883065,842595411,rank46:F0,0,1785477744808877140,1785477745646760205,1785477745651472551
55,rank46:F1,compute,forward,1,46,2,14,46,46,2,2,1,warmup,336631974,336631974,0,0,0,1.7854777456579635e+18,1.7854777459945956e+18,842595411,1179227385,lane14:F0:s2->s3,4712346,1785477744808877140,1785477745651472551,1785477745988104525
55,rank62:F0,compute,forward,0,62,3,14,62,62,3,3,0,warmup,407397044,407397044,0,0,0,1.7854777456530852e+18,1.785477746060482e+18,842595411,1249992455,lane14:F0:s2->s3,842595411,1785477744808877140,1785477745651472551,1785477746058869595
55,lane14:F2:s1->s2,pp_message,forward,2,-1,1,14,30,46,1,2,-1,p2p,4712346,0,0,4712346,0,,,1168185837,1172898183,rank30:F2,0,1785477744808877140,1785477745977062977,1785477745981775323
55,rank30:F3,compute,forward,3,30,1,14,30,30,1,1,3,warmup,325993802,325993802,0,0,0,1.7854777460811492e+18,1.785477746407143e+18,1172898183,1498891985,lane14:F2:s1->s2,4712346,1785477744808877140,1785477745981775323,1785477746307769125
55,lane14:F1:s2->s3,pp_message,forward,1,-1,2,14,46,62,2,3,-1,p2p,4712346,0,0,4712346,0,,,1179227385,1183939731,rank46:F1,0,1785477744808877140,1785477745988104525,1785477745992816871
55,rank46:F2,compute,forward,2,46,2,14,46,46,2,2,2,warmup,320034246,320034246,0,0,0,1.7854777460759363e+18,1.7854777463959706e+18,1183939731,1503973977,lane14:F1:s2->s3,4712346,1785477744808877140,1785477745992816871,1785477746312851117
55,lane14:F0:s3->s4,pp_message,forward,0,-1,3,14,62,78,3,4,-1,p2p,4712346,0,0,4712346,0,,,1249992455,1254704801,rank62:F0,0,1785477744808877140,1785477746058869595,1785477746063581941
55,rank62:F1,compute,forward,1,62,3,14,62,62,3,3,1,warmup,352766507,352766507,0,0,0,1.7854777460707658e+18,1.7854777464235323e+18,1254704801,1607471308,lane14:F0:s3->s4,4712346,1785477744808877140,1785477746063581941,1785477746416348448
55,rank78:F0,compute,forward,0,78,4,14,78,78,4,4,0,warmup,318209726,318209726,0,0,0,1.7854777460661747e+18,1.7854777463843845e+18,1254704801,1572914527,lane14:F0:s3->s4,1254704801,1785477744808877140,1785477746063581941,1785477746381791667
55,lane14:F3:s1->s2,pp_message,forward,3,-1,1,14,30,46,1,2,-1,p2p,4712346,0,0,4712346,0,,,1498891985,1503604331,rank30:F3,0,1785477744808877140,1785477746307769125,1785477746312481471
55,lane14:F2:s2->s3,pp_message,forward,2,-1,2,14,46,62,2,3,-1,p2p,4712346,0,0,4712346,0,,,1503973977,1508686323,rank46:F2,0,1785477744808877140,1785477746312851117,1785477746317563463
55,rank46:F3,compute,forward,3,46,2,14,46,46,2,2,3,warmup,346572618,346572618,0,0,0,1.7854777464389885e+18,1.7854777467855613e+18,1508686323,1855258941,lane14:F2:s2->s3,4712346,1785477744808877140,1785477746317563463,1785477746664136081
55,lane14:F0:s4->s5,pp_message,forward,0,-1,4,14,78,94,4,5,-1,p2p,4712346,0,0,4712346,0,,,1572914527,1577626873,rank78:F0,0,1785477744808877140,1785477746381791667,1785477746386504013
55,rank94:F0,compute,forward,0,94,5,14,94,94,5,5,0,warmup,314811905,314811905,0,0,0,1.7854777463899044e+18,1.7854777467047163e+18,1577626873,1892438778,lane14:F0:s4->s5,1577626873,1785477744808877140,1785477746386504013,1785477746701315918
55,lane14:F1:s3->s4,pp_message,forward,1,-1,3,14,62,78,3,4,-1,p2p,4712346,0,0,4712346,0,,,1607471308,1612183654,rank62:F1,0,1785477744808877140,1785477746416348448,1785477746421060794
55,rank62:F2,compute,forward,2,62,3,14,62,62,3,3,2,warmup,337332374,337332374,0,0,0,1.7854777464337966e+18,1.7854777467711288e+18,1612183654,1949516028,lane14:F1:s3->s4,4712346,1785477744808877140,1785477746421060794,1785477746758393168
55,rank78:F1,compute,forward,1,78,4,14,78,78,4,4,1,warmup,317947360,317947360,0,0,0,1.785477746428646e+18,1.7854777467465933e+18,1612183654,1930131014,lane14:F1:s3->s4,39269127,1785477744808877140,1785477746421060794,1785477746739008154
55,lane14:F3:s2->s3,pp_message,forward,3,-1,2,14,46,62,2,3,-1,p2p,4712346,0,0,4712346,0,,,1855258941,1859971287,rank46:F3,0,1785477744808877140,1785477746664136081,1785477746668848427
55,lane14:F0:s5->s6,pp_message,forward,0,-1,5,14,94,110,5,6,-1,p2p,4712346,0,0,4712346,0,,,1892438778,1897151124,rank94:F0,0,1785477744808877140,1785477746701315918,1785477746706028264
55,rank110:F0,compute,forward,0,110,6,14,110,110,6,6,0,warmup,316261167,316261167,0,0,0,1.7854777467103877e+18,1.7854777470266488e+18,1897151124,2213412291,lane14:F0:s5->s6,1897151124,1785477744808877140,1785477746706028264,1785477747022289431
55,lane14:F1:s4->s5,pp_message,forward,1,-1,4,14,78,94,4,5,-1,p2p,4712346,0,0,4712346,0,,,1930131014,1934843360,rank78:F1,0,1785477744808877140,1785477746739008154,1785477746743720500
55,rank94:F1,compute,forward,1,94,5,14,94,94,5,5,1,warmup,461530140,461530140,0,0,0,1.7854777467517678e+18,1.785477747213298e+18,1934843360,2396373500,lane14:F1:s4->s5,42404582,1785477744808877140,1785477746743720500,1785477747205250640
55,lane14:F2:s3->s4,pp_message,forward,2,-1,3,14,62,78,3,4,-1,p2p,4712346,0,0,4712346,0,,,1949516028,1954228374,rank62:F2,0,1785477744808877140,1785477746758393168,1785477746763105514
55,rank62:F3,compute,forward,3,62,3,14,62,62,3,3,3,warmup,325745302,325745302,0,0,0,1.7854777467907228e+18,1.785477747116468e+18,1954228374,2279973676,lane14:F2:s3->s4,4712346,1785477744808877140,1785477746763105514,1785477747088850816
55,rank78:F2,compute,forward,2,78,4,14,78,78,4,4,2,warmup,317145458,317145458,0,0,0,1.7854777467762524e+18,1.7854777470933978e+18,1954228374,2271373832,lane14:F2:s3->s4,24097360,1785477744808877140,1785477746763105514,1785477747080250972
55,lane14:F0:s6->s7,pp_message,forward,0,-1,6,14,110,126,6,7,-1,p2p,4712346,0,0,4712346,0,,,2213412291,2218124637,rank110:F0,0,1785477744808877140,1785477747022289431,1785477747027001777
55,rank126:F0,compute,forward,0,126,7,14,126,126,7,7,0,warmup,321332356,321332356,0,0,0,1.7854777470333356e+18,1.7854777473546678e+18,2218124637,2539456993,lane14:F0:s6->s7,2218124637,1785477744808877140,1785477747027001777,1785477747348334133
55,lane14:F2:s4->s5,pp_message,forward,2,-1,4,14,78,94,4,5,-1,p2p,4712346,0,0,4712346,0,,,2271373832,2276086178,rank78:F2,0,1785477744808877140,1785477747080250972,1785477747084963318
55,lane14:F3:s3->s4,pp_message,forward,3,-1,3,14,62,78,3,4,-1,p2p,4712346,0,0,4712346,0,,,2279973676,2284686022,rank62:F3,0,1785477744808877140,1785477747088850816,1785477747093563162
55,rank78:F3,compute,forward,3,78,4,14,78,78,4,4,3,warmup,330106474,330106474,0,0,0,1.785477747228649e+18,1.7854777475587556e+18,2284686022,2614792496,lane14:F3:s3->s4,13312190,1785477744808877140,1785477747093563162,1785477747423669636
55,lane14:F1:s5->s6,pp_message,forward,1,-1,5,14,94,110,5,6,-1,p2p,4712346,0,0,4712346,0,,,2396373500,2401085846,rank94:F1,0,1785477744808877140,1785477747205250640,1785477747209962986
55,rank110:F1,compute,forward,1,110,6,14,110,110,6,6,1,warmup,327894372,327894372,0,0,0,1.7854777472183813e+18,1.7854777475462756e+18,2401085846,2728980218,lane14:F1:s5->s6,187673555,1785477744808877140,1785477747209962986,1785477747537857358
55,rank94:F2,compute,forward,2,94,5,14,94,94,5,5,2,warmup,324451574,324451574,0,0,0,1.7854777472234468e+18,1.7854777475478984e+18,2401085846,2725537420,lane14:F1:s5->s6,4712346,1785477744808877140,1785477747209962986,1785477747534414560
55,lane14:F0:s7->s8,pp_message,forward,0,-1,7,14,126,142,7,8,-1,p2p,4712346,0,0,4712346,0,,,2539456993,2544169339,rank126:F0,0,1785477744808877140,1785477747348334133,1785477747353046479
55,rank142:F0,compute,forward,0,142,8,14,142,142,8,8,0,warmup,314837215,314837215,0,0,0,1.7854777473603036e+18,1.7854777476751406e+18,2544169339,2859006554,lane14:F0:s7->s8,2544169339,1785477744808877140,1785477747353046479,1785477747667883694
55,lane14:F3:s4->s5,pp_message,forward,3,-1,4,14,78,94,4,5,-1,p2p,4712346,0,0,4712346,0,,,2614792496,2619504842,rank78:F3,0,1785477744808877140,1785477747423669636,1785477747428381982
55,lane14:F2:s5->s6,pp_message,forward,2,-1,5,14,94,110,5,6,-1,p2p,4712346,0,0,4712346,0,,,2725537420,2730249766,rank94:F2,0,1785477744808877140,1785477747534414560,1785477747539126906
55,lane14:F1:s6->s7,pp_message,forward,1,-1,6,14,110,126,6,7,-1,p2p,4712346,0,0,4712346,0,,,2728980218,2733692564,rank110:F1,0,1785477744808877140,1785477747537857358,1785477747542569704
55,rank94:F3,compute,forward,3,94,5,14,94,94,5,5,3,warmup,312334358,312334358,0,0,0,1.785477747563942e+18,1.7854777478762762e+18,2730249766,3042584124,lane14:F2:s5->s6,4712346,1785477744808877140,1785477747539126906,1785477747851461264
55,rank110:F2,compute,forward,2,110,6,14,110,110,6,6,2,warmup,329687536,329687536,0,0,0,1.7854777475570988e+18,1.7854777478867863e+18,2733692564,3063380100,lane14:F1:s6->s7,4712346,1785477744808877140,1785477747542569704,1785477747872257240
55,rank126:F1,compute,forward,1,126,7,14,126,126,7,7,1,warmup,310700507,310700507,0,0,0,1.7854777475521915e+18,1.785477747862892e+18,2733692564,3044393071,lane14:F1:s6->s7,194235571,1785477744808877140,1785477747542569704,1785477747853270211
55,lane14:F0:s8->s9,pp_message,forward,0,-1,8,14,142,158,8,9,-1,p2p,4712346,0,0,4712346,0,,,2859006554,2863718900,rank142:F0,0,1785477744808877140,1785477747667883694,1785477747672596040
55,rank158:F0,compute,forward,0,158,9,14,158,158,9,9,0,warmup,322320835,322320835,0,0,0,1.7854777476807258e+18,1.7854777480030467e+18,2863718900,3186039735,lane14:F0:s8->s9,2863718900,1785477744808877140,1785477747672596040,1785477747994916875
55,lane14:F3:s5->s6,pp_message,forward,3,-1,5,14,94,110,5,6,-1,p2p,4712346,0,0,4712346,0,,,3042584124,3047296470,rank94:F3,0,1785477744808877140,1785477747851461264,1785477747856173610
55,lane14:F1:s7->s8,pp_message,forward,1,-1,7,14,126,142,7,8,-1,p2p,4712346,0,0,4712346,0,,,3044393071,3049105417,rank126:F1,0,1785477744808877140,1785477747853270211,1785477747857982557
55,rank142:F1,compute,forward,1,142,8,14,142,142,8,8,1,warmup,316075390,316075390,0,0,0,1.7854777478684849e+18,1.7854777481845604e+18,3049105417,3365180807,lane14:F1:s7->s8,190098863,1785477744808877140,1785477747857982557,1785477748174057947
55,lane14:F2:s6->s7,pp_message,forward,2,-1,6,14,110,126,6,7,-1,p2p,4712346,0,0,4712346,0,,,3063380100,3068092446,rank110:F2,0,1785477744808877140,1785477747872257240,1785477747876969586
55,rank110:F3,compute,forward,3,110,6,14,110,110,6,6,3,warmup,313921430,313921430,0,0,0,1.7854777478975675e+18,1.785477748211489e+18,3068092446,3382013876,lane14:F2:s6->s7,4712346,1785477744808877140,1785477747876969586,1785477748190891016
55,rank126:F2,compute,forward,2,126,7,14,126,126,7,7,2,warmup,308677660,308677660,0,0,0,1.7854777478927263e+18,1.785477748201404e+18,3068092446,3376770106,lane14:F2:s6->s7,23699375,1785477744808877140,1785477747876969586,1785477748185647246
55,lane14:F0:s9->s10,pp_message,forward,0,-1,9,14,158,174,9,10,-1,p2p,4712346,0,0,4712346,0,,,3186039735,3190752081,rank158:F0,0,1785477744808877140,1785477747994916875,1785477747999629221
55,rank174:F0,compute,forward,0,174,10,14,174,174,10,10,0,warmup,313407168,313407168,0,0,0,1.785477748008351e+18,1.7854777483217582e+18,3190752081,3504159249,lane14:F0:s9->s10,3190752081,1785477744808877140,1785477747999629221,1785477748313036389
55,lane14:F1:s8->s9,pp_message,forward,1,-1,8,14,142,158,8,9,-1,p2p,4712346,0,0,4712346,0,,,3365180807,3369893153,rank142:F1,0,1785477744808877140,1785477748174057947,1785477748178770293
55,rank158:F1,compute,forward,1,158,9,14,158,158,9,9,1,warmup,317454127,317454127,0,0,0,1.785477748189737e+18,1.7854777485071913e+18,3369893153,3687347280,lane14:F1:s8->s9,183853418,1785477744808877140,1785477748178770293,1785477748496224420
55,lane14:F2:s7->s8,pp_message,forward,2,-1,7,14,126,142,7,8,-1,p2p,4712346,0,0,4712346,0,,,3376770106,3381482452,rank126:F2,0,1785477744808877140,1785477748185647246,1785477748190359592
55,rank142:F2,compute,forward,2,142,8,14,142,142,8,8,2,warmup,311237832,311237832,0,0,0,1.7854777482070042e+18,1.785477748518242e+18,3381482452,3692720284,lane14:F2:s7->s8,16301645,1785477744808877140,1785477748190359592,1785477748501597424
55,lane14:F3:s6->s7,pp_message,forward,3,-1,6,14,110,126,6,7,-1,p2p,4712346,0,0,4712346,0,,,3382013876,3386726222,rank110:F3,0,1785477744808877140,1785477748190891016,1785477748195603362
55,rank126:F3,compute,forward,3,126,7,14,126,126,7,7,3,warmup,308735040,308735040,0,0,0,1.7854777482173742e+18,1.7854777485261092e+18,3386726222,3695461262,lane14:F3:s6->s7,9956116,1785477744808877140,1785477748195603362,1785477748504338402
55,lane14:F0:s10->s11,pp_message,forward,0,-1,10,14,174,190,10,11,-1,p2p,4712346,0,0,4712346,0,,,3504159249,3508871595,rank174:F0,0,1785477744808877140,1785477748313036389,1785477748317748735
55,rank190:F0,compute,forward,0,190,11,14,190,190,11,11,0,warmup,312271694,312271694,0,0,0,1.7854777483280714e+18,1.785477748640343e+18,3508871595,3821143289,lane14:F0:s10->s11,3508871595,1785477744808877140,1785477748317748735,1785477748630020429
55,lane14:F1:s9->s10,pp_message,forward,1,-1,9,14,158,174,9,10,-1,p2p,4712346,0,0,4712346,0,,,3687347280,3692059626,rank158:F1,0,1785477744808877140,1785477748496224420,1785477748500936766
55,rank174:F1,compute,forward,1,174,10,14,174,174,10,10,1,warmup,310844854,310844854,0,0,0,1.7854777485121418e+18,1.7854777488229868e+18,3692059626,4002904480,lane14:F1:s9->s10,187900377,1785477744808877140,1785477748500936766,1785477748811781620
55,lane14:F2:s8->s9,pp_message,forward,2,-1,8,14,142,158,8,9,-1,p2p,4712346,0,0,4712346,0,,,3692720284,3697432630,rank142:F2,0,1785477744808877140,1785477748501597424,1785477748506309770
55,lane14:F3:s7->s8,pp_message,forward,3,-1,7,14,126,142,7,8,-1,p2p,4712346,0,0,4712346,0,,,3695461262,3700173608,rank126:F3,0,1785477744808877140,1785477748504338402,1785477748509050748
55,rank158:F2,compute,forward,2,158,9,14,158,158,9,9,2,warmup,316706613,316706613,0,0,0,1.7854777485233142e+18,1.7854777488400207e+18,3697432630,4014139243,lane14:F2:s8->s9,10085350,1785477744808877140,1785477748506309770,1785477748823016383
55,rank142:F3,compute,forward,3,142,8,14,142,142,8,8,3,warmup,309904959,309904959,0,0,0,1.7854777485311043e+18,1.7854777488410094e+18,3700173608,4010078567,lane14:F3:s7->s8,7453324,1785477744808877140,1785477748509050748,1785477748818955707
55,lane14:F0:s11->s12,pp_message,forward,0,-1,11,14,190,206,11,12,-1,p2p,4712346,0,0,4712346,0,,,3821143289,3825855635,rank190:F0,0,1785477744808877140,1785477748630020429,1785477748634732775
55,rank206:F0,compute,forward,0,206,12,14,206,206,12,12,0,warmup,312402044,312402044,0,0,0,1.7854777486458094e+18,1.7854777489582113e+18,3825855635,4138257679,lane14:F0:s11->s12,3825855635,1785477744808877140,1785477748634732775,1785477748947134819
55,lane14:F1:s10->s11,pp_message,forward,1,-1,10,14,174,190,10,11,-1,p2p,4712346,0,0,4712346,0,,,4002904480,4007616826,rank174:F1,0,1785477744808877140,1785477748811781620,1785477748816493966
55,rank190:F1,compute,forward,1,190,11,14,190,190,11,11,1,warmup,308722761,308722761,0,0,0,1.7854777488281633e+18,1.785477749136886e+18,4007616826,4316339587,lane14:F1:s10->s11,186473537,1785477744808877140,1785477748816493966,1785477749125216727
55,lane14:F3:s8->s9,pp_message,forward,3,-1,8,14,142,158,8,9,-1,p2p,4712346,0,0,4712346,0,,,4010078567,4014790913,rank142:F3,0,1785477744808877140,1785477748818955707,1785477748823668053
55,lane14:F2:s9->s10,pp_message,forward,2,-1,9,14,158,174,9,10,-1,p2p,4712346,0,0,4712346,0,,,4014139243,4018851589,rank158:F2,0,1785477744808877140,1785477748823016383,1785477748827728729
55,rank158:F3,compute,forward,3,158,9,14,158,158,9,9,3,warmup,319060408,319060408,0,0,0,1.7854777488501105e+18,1.7854777491691707e+18,4018851589,4337911997,lane14:F2:s9->s10,4712346,1785477744808877140,1785477748827728729,1785477749146789137
55,rank174:F2,compute,forward,2,174,10,14,174,174,10,10,2,warmup,310094681,310094681,0,0,0,1.785477748845032e+18,1.7854777491551265e+18,4018851589,4328946270,lane14:F2:s9->s10,15947109,1785477744808877140,1785477748827728729,1785477749137823410
55,lane14:F0:s12->s13,pp_message,forward,0,-1,12,14,206,222,12,13,-1,p2p,4712346,0,0,4712346,0,,,4138257679,4142970025,rank206:F0,0,1785477744808877140,1785477748947134819,1785477748951847165
55,rank222:F0,compute,forward,0,222,13,14,222,222,13,13,0,warmup,315476885,315476885,0,0,0,1.7854777489639468e+18,1.7854777492794237e+18,4142970025,4458446910,lane14:F0:s12->s13,4142970025,1785477744808877140,1785477748951847165,1785477749267324050
55,lane14:F1:s11->s12,pp_message,forward,1,-1,11,14,190,206,11,12,-1,p2p,4712346,0,0,4712346,0,,,4316339587,4321051933,rank190:F1,0,1785477744808877140,1785477749125216727,1785477749129929073
55,rank206:F1,compute,forward,1,206,12,14,206,206,12,12,1,warmup,308040192,308040192,0,0,0,1.7854777491418888e+18,1.785477749449929e+18,4321051933,4629092125,lane14:F1:s11->s12,182794254,1785477744808877140,1785477749129929073,1785477749437969265
55,lane14:F2:s10->s11,pp_message,forward,2,-1,10,14,174,190,10,11,-1,p2p,4712346,0,0,4712346,0,,,4328946270,4333658616,rank174:F2,0,1785477744808877140,1785477749137823410,1785477749142535756
55,rank190:F2,compute,forward,2,190,11,14,190,190,11,11,2,warmup,306205764,306205764,0,0,0,1.7854777491603308e+18,1.7854777494665367e+18,4333658616,4639864380,lane14:F2:s10->s11,17319029,1785477744808877140,1785477749142535756,1785477749448741520
55,lane14:F3:s9->s10,pp_message,forward,3,-1,9,14,158,174,9,10,-1,p2p,4712346,0,0,4712346,0,,,4337911997,4342624343,rank158:F3,0,1785477744808877140,1785477749146789137,1785477749151501483
55,rank174:F3,compute,forward,3,174,10,14,174,174,10,10,3,warmup,454080435,454080435,0,0,0,1.785477749174279e+18,1.7854777496283594e+18,4342624343,4796704778,lane14:F3:s9->s10,13678073,1785477744808877140,1785477749151501483,1785477749605581918
55,lane14:F0:s13->s14,pp_message,forward,0,-1,13,14,222,238,13,14,-1,p2p,4712346,0,0,4712346,0,,,4458446910,4463159256,rank222:F0,0,1785477744808877140,1785477749267324050,1785477749272036396
55,rank238:F0,compute,forward,0,238,14,14,238,238,14,14,0,warmup,321508849,321508849,0,0,0,1.785477749285934e+18,1.785477749607443e+18,4463159256,4784668105,lane14:F0:s13->s14,4463159256,1785477744808877140,1785477749272036396,1785477749593545245
55,lane14:F1:s12->s13,pp_message,forward,1,-1,12,14,206,222,12,13,-1,p2p,4712346,0,0,4712346,0,,,4629092125,4633804471,rank206:F1,0,1785477744808877140,1785477749437969265,1785477749442681611
55,rank222:F1,compute,forward,1,222,13,14,222,222,13,13,1,warmup,460711936,460711936,0,0,0,1.7854777494549814e+18,1.7854777499156933e+18,4633804471,5094516407,lane14:F1:s12->s13,175357561,1785477744808877140,1785477749442681611,1785477749903393547
55,lane14:F2:s11->s12,pp_message,forward,2,-1,11,14,190,206,11,12,-1,p2p,4712346,0,0,4712346,0,,,4639864380,4644576726,rank190:F2,0,1785477744808877140,1785477749448741520,1785477749453453866
55,rank206:F2,compute,forward,2,206,12,14,206,206,12,12,2,warmup,308217546,308217546,0,0,0,1.785477749471539e+18,1.7854777497797563e+18,4644576726,4952794272,lane14:F2:s11->s12,15484601,1785477744808877140,1785477749453453866,1785477749761671412
55,lane14:F0:s14->s15,pp_message,forward,0,-1,14,14,238,254,14,15,-1,p2p,4712346,0,0,4712346,0,,,4784668105,4789380451,rank238:F0,0,1785477744808877140,1785477749593545245,1785477749598257591
55,rank254:F0,compute,forward,0,254,15,14,254,254,15,15,0,steady,195728118,195728118,0,0,0,1.7854777496132595e+18,1.7854777498089876e+18,4789380451,4985108569,lane14:F0:s14->s15,4789380451,1785477744808877140,1785477749598257591,1785477749793985709
55,lane14:F3:s10->s11,pp_message,forward,3,-1,10,14,174,190,10,11,-1,p2p,4712346,0,0,4712346,0,,,4796704778,4801417124,rank174:F3,0,1785477744808877140,1785477749605581918,1785477749610294264
55,rank190:F3,compute,forward,3,190,11,14,190,190,11,11,3,warmup,307430662,307430662,0,0,0,1.78547774963359e+18,1.7854777499410207e+18,4801417124,5108847786,lane14:F3:s10->s11,161552744,1785477744808877140,1785477749610294264,1785477749917724926
55,lane14:F2:s12->s13,pp_message,forward,2,-1,12,14,206,222,12,13,-1,p2p,4712346,0,0,4712346,0,,,4952794272,4957506618,rank206:F2,0,1785477744808877140,1785477749761671412,1785477749766383758
55,rank254:B0,compute,backward,0,254,15,14,254,254,15,15,1,steady,387904825,387904825,0,0,0,1.785477749809142e+18,1.7854777501970468e+18,4985108569,5373013394,rank254:F0,0,1785477744808877140,1785477749793985709,1785477750181890534
55,lane14:F1:s13->s14,pp_message,forward,1,-1,13,14,222,238,13,14,-1,p2p,4712346,0,0,4712346,0,,,5094516407,5099228753,rank222:F1,0,1785477744808877140,1785477749903393547,1785477749908105893
55,rank222:F2,compute,forward,2,222,13,14,222,222,13,13,2,steady,310623791,310623791,0,0,0,1.7854777499259635e+18,1.7854777502365875e+18,5099228753,5409852544,lane14:F1:s13->s14,4712346,1785477744808877140,1785477749908105893,1785477750218729684
55,rank238:F1,compute,forward,1,238,14,14,238,238,14,14,1,steady,312666686,312666686,0,0,0,1.785477749921016e+18,1.7854777502336827e+18,5099228753,5411895439,lane14:F1:s13->s14,314560648,1785477744808877140,1785477749908105893,1785477750220772579
55,lane14:F3:s11->s12,pp_message,forward,3,-1,11,14,190,206,11,12,-1,p2p,4712346,0,0,4712346,0,,,5108847786,5113560132,rank190:F3,0,1785477744808877140,1785477749917724926,1785477749922437272
55,rank206:F3,compute,forward,3,206,12,14,206,206,12,12,3,steady,308465318,308465318,0,0,0,1.7854777499459553e+18,1.7854777502544207e+18,5113560132,5422025450,lane14:F3:s11->s12,160765860,1785477744808877140,1785477749922437272,1785477750230902590
55,lane14:B0:s15->s14,pp_message,backward,0,-1,15,14,254,238,15,14,-1,p2p,98176190,0,0,4712346,93463844,,,5373013394,5471189584,rank254:B0,0,1785477744808877140,1785477750181890534,1785477750280066724
55,lane14:F2:s13->s14,pp_message,forward,2,-1,13,14,222,238,13,14,-1,p2p,4712346,0,0,4712346,0,,,5409852544,5414564890,rank222:F2,0,1785477744808877140,1785477750218729684,1785477750223442030
55,lane14:F1:s14->s15,pp_message,forward,1,-1,14,14,238,254,14,15,-1,p2p,4712346,0,0,4712346,0,,,5411895439,5416607785,rank238:F1,0,1785477744808877140,1785477750220772579,1785477750225484925
55,lane14:F3:s12->s13,pp_message,forward,3,-1,12,14,206,222,12,13,-1,p2p,4712346,0,0,4712346,0,,,5422025450,5426737796,rank206:F3,0,1785477744808877140,1785477750230902590,1785477750235614936
55,rank238:B0,compute,backward,0,238,14,14,238,238,14,14,2,steady,679994220,679994220,0,0,0,1.7854777502982595e+18,1.7854777509782536e+18,5471189584,6151183804,lane14:B0:s15->s14,59294145,1785477744808877140,1785477750280066724,1785477750960060944
55,rank254:F1,compute,forward,1,254,15,14,254,254,15,15,2,steady,192035916,192035916,0,0,0,1.7854777502981594e+18,1.7854777504901952e+18,5471189584,5663225500,lane14:B0:s15->s14,98176190,1785477744808877140,1785477750280066724,1785477750472102640
55,rank254:B1,compute,backward,1,254,15,14,254,254,15,15,3,steady,371217516,371217516,0,0,0,1.7854777504903619e+18,1.7854777508615793e+18,5663225500,6034443016,rank254:F1,0,1785477744808877140,1785477750472102640,1785477750843320156
55,lane14:B1:s15->s14,pp_message,backward,1,-1,15,14,254,238,15,14,-1,p2p,98176190,0,0,4712346,93463844,,,6034443016,6132619206,rank254:B1,0,1785477744808877140,1785477750843320156,1785477750941496346
55,lane14:B0:s14->s13,pp_message,backward,0,-1,14,14,238,222,14,13,-1,p2p,98176190,0,0,4712346,93463844,,,6151183804,6249359994,rank238:B0,0,1785477744808877140,1785477750960060944,1785477751058237134
55,rank222:B0,compute,backward,0,222,13,14,222,222,13,13,3,steady,689906646,689906646,0,0,0,1.7854777510790085e+18,1.7854777517689152e+18,6249359994,6939266640,lane14:B0:s14->s13,839507450,1785477744808877140,1785477751058237134,1785477751748143780
55,rank238:F2,compute,forward,2,238,14,14,238,238,14,14,3,steady,315644171,315644171,0,0,0,1.7854777510787008e+18,1.785477751394345e+18,6249359994,6565004165,lane14:B0:s14->s13,98176190,1785477744808877140,1785477751058237134,1785477751373881305
55,lane14:F2:s14->s15,pp_message,forward,2,-1,14,14,238,254,14,15,-1,p2p,4712346,0,0,4712346,0,,,6565004165,6569716511,rank238:F2,0,1785477744808877140,1785477751373881305,1785477751378593651
55,rank238:B1,compute,backward,1,238,14,14,238,238,14,14,4,steady,691906812,691906812,0,0,0,1.7854777514003256e+18,1.7854777520922324e+18,6569716511,7261623323,lane14:F2:s14->s15,4712346,1785477744808877140,1785477751378593651,1785477752070500463
55,rank254:F2,compute,forward,2,254,15,14,254,254,15,15,4,steady,195546062,195546062,0,0,0,1.785477751400258e+18,1.7854777515958042e+18,6569716511,6765262573,lane14:F2:s14->s15,535273495,1785477744808877140,1785477751378593651,1785477751574139713
55,rank254:B2,compute,backward,2,254,15,14,254,254,15,15,5,steady,365094917,365094917,0,0,0,1.785477751595962e+18,1.785477751961057e+18,6765262573,7130357490,rank254:F2,0,1785477744808877140,1785477751574139713,1785477751939234630
55,lane14:B0:s13->s12,pp_message,backward,0,-1,13,14,222,206,13,12,-1,p2p,98176190,0,0,4712346,93463844,,,6939266640,7037442830,rank222:B0,0,1785477744808877140,1785477751748143780,1785477751846319970
55,rank206:B0,compute,backward,0,206,12,14,206,206,12,12,4,steady,685844119,685844119,0,0,0,1.7854777518662e+18,1.785477752552044e+18,7037442830,7723286949,lane14:B0:s13->s12,1615417380,1785477744808877140,1785477751846319970,1785477752532164089
55,rank222:F3,compute,forward,3,222,13,14,222,222,13,13,4,steady,315071224,315071224,0,0,0,1.785477751865987e+18,1.7854777521810583e+18,7037442830,7352514054,lane14:B0:s13->s12,98176190,1785477744808877140,1785477751846319970,1785477752161391194
55,lane14:B2:s15->s14,pp_message,backward,2,-1,15,14,254,238,15,14,-1,p2p,98176190,0,0,4712346,93463844,,,7130357490,7228533680,rank254:B2,0,1785477744808877140,1785477751939234630,1785477752037410820
55,lane14:B1:s14->s13,pp_message,backward,1,-1,14,14,238,222,14,13,-1,p2p,98176190,0,0,4712346,93463844,,,7261623323,7359799513,rank238:B1,0,1785477744808877140,1785477752070500463,1785477752168676653
55,lane14:F3:s13->s14,pp_message,forward,3,-1,13,14,222,238,13,14,-1,p2p,4712346,0,0,4712346,0,,,7352514054,7357226400,rank222:F3,0,1785477744808877140,1785477752161391194,1785477752166103540
55,rank222:B1,compute,backward,1,222,13,14,222,222,13,13,5,steady,698101760,698101760,0,0,0,1.785477752191202e+18,1.7854777528893038e+18,7359799513,8057901273,lane14:B1:s14->s13,7285459,1785477744808877140,1785477752168676653,1785477752866778413
55,rank238:F3,compute,forward,3,238,14,14,238,238,14,14,5,steady,328032229,328032229,0,0,0,1.7854777521910287e+18,1.785477752519061e+18,7359799513,7687831742,lane14:B1:s14->s13,98176190,1785477744808877140,1785477752168676653,1785477752496708882
55,lane14:F3:s14->s15,pp_message,forward,3,-1,14,14,238,254,14,15,-1,p2p,4712346,0,0,4712346,0,,,7687831742,7692544088,rank238:F3,0,1785477744808877140,1785477752496708882,1785477752501421228
55,rank238:B2,compute,backward,2,238,14,14,238,238,14,14,6,steady,727629628,727629628,0,0,0,1.7854777525250473e+18,1.7854777532526769e+18,7692544088,8420173716,lane14:F3:s14->s15,4712346,1785477744808877140,1785477752501421228,1785477753229050856
55,rank254:F3,compute,forward,3,254,15,14,254,254,15,15,6,steady,193265510,193265510,0,0,0,1.785477752525033e+18,1.7854777527182984e+18,7692544088,7885809598,lane14:F3:s14->s15,562186598,1785477744808877140,1785477752501421228,1785477752694686738
55,lane14:B0:s12->s11,pp_message,backward,0,-1,12,14,206,190,12,11,-1,p2p,98176190,0,0,4712346,93463844,,,7723286949,7821463139,rank206:B0,0,1785477744808877140,1785477752532164089,1785477752630340279
55,rank190:B0,compute,backward,0,190,11,14,190,190,11,11,4,cooldown,676770274,676770274,0,0,0,1.78547775265004e+18,1.7854777533268104e+18,7821463139,8498233413,lane14:B0:s12->s11,2712615353,1785477744808877140,1785477752630340279,1785477753307110553
55,rank254:B3,compute,backward,3,254,15,14,254,254,15,15,7,steady,366153112,366153112,0,0,0,1.7854777527184714e+18,1.7854777530846244e+18,7885809598,8251962710,rank254:F3,0,1785477744808877140,1785477752694686738,1785477753060839850
55,lane14:B1:s13->s12,pp_message,backward,1,-1,13,14,222,206,13,12,-1,p2p,98176190,0,0,4712346,93463844,,,8057901273,8156077463,rank222:B1,0,1785477744808877140,1785477752866778413,1785477752964954603
55,rank206:B1,compute,backward,1,206,12,14,206,206,12,12,5,cooldown,681846694,681846694,0,0,0,1.785477752988916e+18,1.7854777536707628e+18,8156077463,8837924157,lane14:B1:s13->s12,432790514,1785477744808877140,1785477752964954603,1785477753646801297
55,lane14:B3:s15->s14,pp_message,backward,3,-1,15,14,254,238,15,14,-1,p2p,98176190,0,0,4712346,93463844,,,8251962710,8350138900,rank254:B3,0,1785477744808877140,1785477753060839850,1785477753159016040
55,lane14:B2:s14->s13,pp_message,backward,2,-1,14,14,238,222,14,13,-1,p2p,98176190,0,0,4712346,93463844,,,8420173716,8518349906,rank238:B2,0,1785477744808877140,1785477753229050856,1785477753327227046
55,lane14:B0:s11->s10,pp_message,backward,0,-1,11,14,190,174,11,10,-1,p2p,98176190,0,0,4712346,93463844,,,8498233413,8596409603,rank190:B0,0,1785477744808877140,1785477753307110553,1785477753405286743
55,rank222:B2,compute,backward,2,222,13,14,222,222,13,13,6,cooldown,681869504,681869504,0,0,0,1.7854777533502746e+18,1.7854777540321441e+18,8518349906,9200219410,lane14:B2:s14->s13,460448633,1785477744808877140,1785477753327227046,1785477754009096550
55,rank238:B3,compute,backward,3,238,14,14,238,238,14,14,7,cooldown,693780286,693780286,0,0,0,1.785477753355852e+18,1.7854777540496323e+18,8518349906,9212130192,lane14:B2:s14->s13,98176190,1785477744808877140,1785477753327227046,1785477754021007332
55,rank174:B0,compute,backward,0,174,10,14,174,174,10,10,4,cooldown,688760200,688760200,0,0,0,1.7854777534246853e+18,1.7854777541134456e+18,8596409603,9285169803,lane14:B0:s11->s10,3799704825,1785477744808877140,1785477753405286743,1785477754094046943
55,lane14:B1:s12->s11,pp_message,backward,1,-1,12,14,206,190,12,11,-1,p2p,98176190,0,0,4712346,93463844,,,8837924157,8936100347,rank206:B1,0,1785477744808877140,1785477753646801297,1785477753744977487
55,rank190:B1,compute,backward,1,190,11,14,190,190,11,11,5,cooldown,676442807,676442807,0,0,0,1.7854777537688865e+18,1.7854777544453294e+18,8936100347,9612543154,lane14:B1:s12->s11,437866934,1785477744808877140,1785477753744977487,1785477754421420294
55,lane14:B2:s13->s12,pp_message,backward,2,-1,13,14,222,206,13,12,-1,p2p,98176190,0,0,4712346,93463844,,,9200219410,9298395600,rank222:B2,0,1785477744808877140,1785477754009096550,1785477754107272740
55,lane14:B3:s14->s13,pp_message,backward,3,-1,14,14,238,222,14,13,-1,p2p,98176190,0,0,4712346,93463844,,,9212130192,9310306382,rank238:B3,0,1785477744808877140,1785477754021007332,1785477754119183522
55,lane14:B0:s10->s9,pp_message,backward,0,-1,10,14,174,158,10,9,-1,p2p,98176190,0,0,4712346,93463844,,,9285169803,9383345993,rank174:B0,0,1785477744808877140,1785477754094046943,1785477754192223133
55,rank206:B2,compute,backward,2,206,12,14,206,206,12,12,6,cooldown,678250152,678250152,0,0,0,1.7854777541308326e+18,1.7854777548090826e+18,9298395600,9976645752,lane14:B2:s13->s12,460471443,1785477744808877140,1785477754107272740,1785477754785522892
55,rank222:B3,compute,backward,3,222,13,14,222,222,13,13,7,cooldown,682161686,682161686,0,0,0,1.7854777541487944e+18,1.785477754830956e+18,9310306382,9992468068,lane14:B3:s14->s13,110086972,1785477744808877140,1785477754119183522,1785477754801345208
55,rank158:B0,compute,backward,0,158,9,14,158,158,9,9,4,cooldown,707508501,707508501,0,0,0,1.7854777542137065e+18,1.785477754921215e+18,9383345993,10090854494,lane14:B0:s10->s9,5045433996,1785477744808877140,1785477754192223133,1785477754899731634
55,lane14:B1:s11->s10,pp_message,backward,1,-1,11,14,190,174,11,10,-1,p2p,98176190,0,0,4712346,93463844,,,9612543154,9710719344,rank190:B1,0,1785477744808877140,1785477754421420294,1785477754519596484
55,rank174:B1,compute,backward,1,174,10,14,174,174,10,10,5,cooldown,685255416,685255416,0,0,0,1.7854777545436262e+18,1.7854777552288817e+18,9710719344,10395974760,lane14:B1:s11->s10,425549541,1785477744808877140,1785477754519596484,1785477755204851900
55,lane14:B2:s12->s11,pp_message,backward,2,-1,12,14,206,190,12,11,-1,p2p,98176190,0,0,4712346,93463844,,,9976645752,10074821942,rank206:B2,0,1785477744808877140,1785477754785522892,1785477754883699082
55,lane14:B3:s13->s12,pp_message,backward,3,-1,13,14,222,206,13,12,-1,p2p,98176190,0,0,4712346,93463844,,,9992468068,10090644258,rank222:B3,0,1785477744808877140,1785477754801345208,1785477754899521398
55,rank190:B2,compute,backward,2,190,11,14,190,190,11,11,6,cooldown,679095180,679095180,0,0,0,1.7854777549064026e+18,1.7854777555854979e+18,10074821942,10753917122,lane14:B2:s12->s11,462278788,1785477744808877140,1785477754883699082,1785477755562794262
55,rank206:B3,compute,backward,3,206,12,14,206,206,12,12,7,cooldown,677396032,677396032,0,0,0,1.7854777549286996e+18,1.785477755606096e+18,10090644258,10768040290,lane14:B3:s13->s12,113998506,1785477744808877140,1785477754899521398,1785477755576917430
55,lane14:B0:s9->s8,pp_message,backward,0,-1,9,14,158,142,9,8,-1,p2p,98176190,0,0,4712346,93463844,,,10090854494,10189030684,rank158:B0,0,1785477744808877140,1785477754899731634,1785477754997907824
55,rank142:B0,compute,backward,0,142,8,14,142,142,8,8,4,cooldown,719525004,719525004,0,0,0,1.78547775502086e+18,1.7854777557403848e+18,10189030684,10908555688,lane14:B0:s9->s8,6178952117,1785477744808877140,1785477754997907824,1785477755717432828
55,lane14:B1:s10->s9,pp_message,backward,1,-1,10,14,174,158,10,9,-1,p2p,98176190,0,0,4712346,93463844,,,10395974760,10494150950,rank174:B1,0,1785477744808877140,1785477755204851900,1785477755303028090
55,rank158:B1,compute,backward,1,158,9,14,158,158,9,9,5,cooldown,712193065,712193065,0,0,0,1.785477755327599e+18,1.785477756039792e+18,10494150950,11206344015,lane14:B1:s10->s9,403296456,1785477744808877140,1785477755303028090,1785477756015221155
55,lane14:B2:s11->s10,pp_message,backward,2,-1,11,14,190,174,11,10,-1,p2p,98176190,0,0,4712346,93463844,,,10753917122,10852093312,rank190:B2,0,1785477744808877140,1785477755562794262,1785477755660970452
55,lane14:B3:s12->s11,pp_message,backward,3,-1,12,14,206,190,12,11,-1,p2p,98176190,0,0,4712346,93463844,,,10768040290,10866216480,rank206:B3,0,1785477744808877140,1785477755576917430,1785477755675093620
55,rank174:B2,compute,backward,2,174,10,14,174,174,10,10,6,cooldown,683404350,683404350,0,0,0,1.7854777556828137e+18,1.7854777563662182e+18,10852093312,11535497662,lane14:B2:s11->s10,456118552,1785477744808877140,1785477755660970452,1785477756344374802
55,rank190:B3,compute,backward,3,190,11,14,190,190,11,11,7,cooldown,686193264,686193264,0,0,0,1.7854777557029821e+18,1.7854777563891753e+18,10866216480,11552409744,lane14:B3:s12->s11,112299358,1785477744808877140,1785477755675093620,1785477756361286884
55,lane14:B0:s8->s7,pp_message,backward,0,-1,8,14,142,126,8,7,-1,p2p,98176190,0,0,4712346,93463844,,,10908555688,11006731878,rank142:B0,0,1785477744808877140,1785477755717432828,1785477755815609018
55,rank126:B0,compute,backward,0,126,7,14,126,126,7,7,4,cooldown,682767420,682767420,0,0,0,1.7854777558413788e+18,1.7854777565241464e+18,11006731878,11689499298,lane14:B0:s8->s7,7311270616,1785477744808877140,1785477755815609018,1785477756498376438
55,lane14:B1:s9->s8,pp_message,backward,1,-1,9,14,158,142,9,8,-1,p2p,98176190,0,0,4712346,93463844,,,11206344015,11304520205,rank158:B1,0,1785477744808877140,1785477756015221155,1785477756113397345
55,rank142:B1,compute,backward,1,142,8,14,142,142,8,8,5,cooldown,711931211,711931211,0,0,0,1.7854777561396306e+18,1.7854777568515617e+18,11304520205,12016451416,lane14:B1:s9->s8,395964517,1785477744808877140,1785477756113397345,1785477756825328556
55,lane14:B2:s10->s9,pp_message,backward,2,-1,10,14,174,158,10,9,-1,p2p,98176190,0,0,4712346,93463844,,,11535497662,11633673852,rank174:B2,0,1785477744808877140,1785477756344374802,1785477756442550992
55,lane14:B3:s11->s10,pp_message,backward,3,-1,11,14,190,174,11,10,-1,p2p,98176190,0,0,4712346,93463844,,,11552409744,11650585934,rank190:B3,0,1785477744808877140,1785477756361286884,1785477756459463074
55,rank158:B2,compute,backward,2,158,9,14,158,158,9,9,6,cooldown,702277902,702277902,0,0,0,1.7854777564652682e+18,1.785477757167546e+18,11633673852,12335951754,lane14:B2:s10->s9,427329837,1785477744808877140,1785477756442550992,1785477757144828894
55,rank174:B3,compute,backward,3,174,10,14,174,174,10,10,7,cooldown,684000826,684000826,0,0,0,1.785477756487323e+18,1.7854777571713236e+18,11650585934,12334586760,lane14:B3:s11->s10,115088272,1785477744808877140,1785477756459463074,1785477757143463900
55,lane14:B0:s7->s6,pp_message,backward,0,-1,7,14,126,110,7,6,-1,p2p,98176190,0,0,4712346,93463844,,,11689499298,11787675488,rank126:B0,0,1785477744808877140,1785477756498376438,1785477756596552628
55,rank110:B0,compute,backward,0,110,6,14,110,110,6,6,4,cooldown,697597437,697597437,0,0,0,1.7854777566234614e+18,1.7854777573210588e+18,11787675488,12485272925,lane14:B0:s7->s6,8405661612,1785477744808877140,1785477756596552628,1785477757294150065
55,lane14:B1:s8->s7,pp_message,backward,1,-1,8,14,142,126,8,7,-1,p2p,98176190,0,0,4712346,93463844,,,12016451416,12114627606,rank142:B1,0,1785477744808877140,1785477756825328556,1785477756923504746
55,rank126:B1,compute,backward,1,126,7,14,126,126,7,7,5,cooldown,686338505,686338505,0,0,0,1.7854777569505915e+18,1.7854777576369298e+18,12114627606,12800966111,lane14:B1:s8->s7,425128308,1785477744808877140,1785477756923504746,1785477757609843251
55,lane14:B3:s10->s9,pp_message,backward,3,-1,10,14,174,158,10,9,-1,p2p,98176190,0,0,4712346,93463844,,,12334586760,12432762950,rank174:B3,0,1785477744808877140,1785477757143463900,1785477757241640090
55,lane14:B2:s9->s8,pp_message,backward,2,-1,9,14,158,142,9,8,-1,p2p,98176190,0,0,4712346,93463844,,,12335951754,12434127944,rank158:B2,0,1785477744808877140,1785477757144828894,1785477757243005084
55,rank142:B2,compute,backward,2,142,8,14,142,142,8,8,6,cooldown,693232370,693232370,0,0,0,1.785477757266207e+18,1.7854777579594394e+18,12434127944,13127360314,lane14:B2:s9->s8,417676528,1785477744808877140,1785477757243005084,1785477757936237454
55,rank158:B3,compute,backward,3,158,9,14,158,158,9,9,7,cooldown,716975022,716975022,0,0,0,1.7854777572713997e+18,1.7854777579883748e+18,12434127944,13151102966,lane14:B2:s9->s8,98176190,1785477744808877140,1785477757243005084,1785477757959980106
55,lane14:B0:s6->s5,pp_message,backward,0,-1,6,14,110,94,6,5,-1,p2p,98176190,0,0,4712346,93463844,,,12485272925,12583449115,rank110:B0,0,1785477744808877140,1785477757294150065,1785477757392326255
55,rank94:B0,compute,backward,0,94,5,14,94,94,5,5,4,cooldown,689275016,689275016,0,0,0,1.78547775742005e+18,1.785477758109325e+18,12583449115,13272724131,lane14:B0:s6->s5,9540864991,1785477744808877140,1785477757392326255,1785477758081601271
55,lane14:B1:s7->s6,pp_message,backward,1,-1,7,14,126,110,7,6,-1,p2p,98176190,0,0,4712346,93463844,,,12800966111,12899142301,rank126:B1,0,1785477744808877140,1785477757609843251,1785477757708019441
55,rank110:B1,compute,backward,1,110,6,14,110,110,6,6,5,cooldown,694596096,694596096,0,0,0,1.7854777577354936e+18,1.7854777584300897e+18,12899142301,13593738397,lane14:B1:s7->s6,413869376,1785477744808877140,1785477757708019441,1785477758402615537
55,lane14:B2:s8->s7,pp_message,backward,2,-1,8,14,142,126,8,7,-1,p2p,98176190,0,0,4712346,93463844,,,13127360314,13225536504,rank142:B2,0,1785477744808877140,1785477757936237454,1785477758034413644
55,lane14:B3:s9->s8,pp_message,backward,3,-1,9,14,158,142,9,8,-1,p2p,98176190,0,0,4712346,93463844,,,13151102966,13249279156,rank158:B3,0,1785477744808877140,1785477757959980106,1785477758058156296
55,rank126:B2,compute,backward,2,126,7,14,126,126,7,7,6,cooldown,685846622,685846622,0,0,0,1.7854777580581033e+18,1.78547775874395e+18,13225536504,13911383126,lane14:B2:s8->s7,424570393,1785477744808877140,1785477758034413644,1785477758720260266
55,rank142:B3,compute,backward,3,142,8,14,142,142,8,8,7,cooldown,721229866,721229866,0,0,0,1.785477758087489e+18,1.7854777588087188e+18,13249279156,13970509022,lane14:B3:s9->s8,121918842,1785477744808877140,1785477758058156296,1785477758779386162
55,lane14:B0:s5->s4,pp_message,backward,0,-1,5,14,94,78,5,4,-1,p2p,98176190,0,0,4712346,93463844,,,13272724131,13370900321,rank94:B0,0,1785477744808877140,1785477758081601271,1785477758179777461
55,rank78:B0,compute,backward,0,78,4,14,78,78,4,4,4,cooldown,700402529,700402529,0,0,0,1.7854777582099986e+18,1.785477758910401e+18,13370900321,14071302850,lane14:B0:s5->s4,10756107825,1785477744808877140,1785477758179777461,1785477758880179990
55,lane14:B1:s6->s5,pp_message,backward,1,-1,6,14,110,94,6,5,-1,p2p,98176190,0,0,4712346,93463844,,,13593738397,13691914587,rank110:B1,0,1785477744808877140,1785477758402615537,1785477758500791727
55,rank94:B1,compute,backward,1,94,5,14,94,94,5,5,5,cooldown,687122480,687122480,0,0,0,1.7854777585291592e+18,1.7854777592162816e+18,13691914587,14379037067,lane14:B1:s6->s5,419190456,1785477744808877140,1785477758500791727,1785477759187914207
55,lane14:B2:s7->s6,pp_message,backward,2,-1,7,14,126,110,7,6,-1,p2p,98176190,0,0,4712346,93463844,,,13911383126,14009559316,rank126:B2,0,1785477744808877140,1785477758720260266,1785477758818436456
55,lane14:B3:s8->s7,pp_message,backward,3,-1,8,14,142,126,8,7,-1,p2p,98176190,0,0,4712346,93463844,,,13970509022,14068685212,rank142:B3,0,1785477744808877140,1785477758779386162,1785477758877562352
55,rank110:B2,compute,backward,2,110,6,14,110,110,6,6,6,cooldown,696358477,696358477,0,0,0,1.785477758842417e+18,1.7854777595387753e+18,14009559316,14705917793,lane14:B2:s7->s6,415820919,1785477744808877140,1785477758818436456,1785477759514794933
55,rank126:B3,compute,backward,3,126,7,14,126,126,7,7,7,cooldown,680551079,680551079,0,0,0,1.7854777589085064e+18,1.7854777595890575e+18,14068685212,14749236291,lane14:B3:s8->s7,157302086,1785477744808877140,1785477758877562352,1785477759558113431
55,lane14:B0:s4->s3,pp_message,backward,0,-1,4,14,78,62,4,3,-1,p2p,98176190,0,0,4712346,93463844,,,14071302850,14169479040,rank78:B0,0,1785477744808877140,1785477758880179990,1785477758978356180
55,rank62:B0,compute,backward,0,62,3,14,62,62,3,3,4,cooldown,724177627,724177627,0,0,0,1.7854777590098568e+18,1.7854777597340344e+18,14169479040,14893656667,lane14:B0:s4->s3,11889505364,1785477744808877140,1785477758978356180,1785477759702533807
55,lane14:B1:s5->s4,pp_message,backward,1,-1,5,14,94,78,5,4,-1,p2p,98176190,0,0,4712346,93463844,,,14379037067,14477213257,rank94:B1,0,1785477744808877140,1785477759187914207,1785477759286090397
55,rank78:B1,compute,backward,1,78,4,14,78,78,4,4,5,cooldown,698868461,698868461,0,0,0,1.7854777593157133e+18,1.7854777600145815e+18,14477213257,15176081718,lane14:B1:s5->s4,405910407,1785477744808877140,1785477759286090397,1785477759984958858
55,lane14:B2:s6->s5,pp_message,backward,2,-1,6,14,110,94,6,5,-1,p2p,98176190,0,0,4712346,93463844,,,14705917793,14804093983,rank110:B2,0,1785477744808877140,1785477759514794933,1785477759612971123
55,lane14:B3:s7->s6,pp_message,backward,3,-1,7,14,126,110,7,6,-1,p2p,98176190,0,0,4712346,93463844,,,14749236291,14847412481,rank126:B3,0,1785477744808877140,1785477759558113431,1785477759656289621
55,rank94:B2,compute,backward,2,94,5,14,94,94,5,5,6,cooldown,687673486,687673486,0,0,0,1.7854777596375296e+18,1.7854777603252032e+18,14804093983,15491767469,lane14:B2:s6->s5,425056916,1785477744808877140,1785477759612971123,1785477760300644609
55,rank110:B3,compute,backward,3,110,6,14,110,110,6,6,7,cooldown,696612023,696612023,0,0,0,1.7854777596872507e+18,1.7854777603838628e+18,14847412481,15544024504,lane14:B3:s7->s6,141494688,1785477744808877140,1785477759656289621,1785477760352901644
55,lane14:B0:s3->s2,pp_message,backward,0,-1,3,14,62,46,3,2,-1,p2p,98176190,0,0,4712346,93463844,,,14893656667,14991832857,rank62:B0,0,1785477744808877140,1785477759702533807,1785477759800709997
55,rank46:B0,compute,backward,0,46,2,14,46,46,2,2,4,cooldown,704734916,704734916,0,0,0,1.7854777598337928e+18,1.7854777605385277e+18,14991832857,15696567773,lane14:B0:s3->s2,13136573916,1785477744808877140,1785477759800709997,1785477760505444913
55,lane14:B1:s4->s3,pp_message,backward,1,-1,4,14,78,62,4,3,-1,p2p,98176190,0,0,4712346,93463844,,,15176081718,15274257908,rank78:B1,0,1785477744808877140,1785477759984958858,1785477760083135048
55,rank62:B1,compute,backward,1,62,3,14,62,62,3,3,5,cooldown,696567072,696567072,0,0,0,1.7854777601133604e+18,1.7854777608099277e+18,15274257908,15970824980,lane14:B1:s4->s3,380601241,1785477744808877140,1785477760083135048,1785477760779702120
55,lane14:B2:s5->s4,pp_message,backward,2,-1,5,14,94,78,5,4,-1,p2p,98176190,0,0,4712346,93463844,,,15491767469,15589943659,rank94:B2,0,1785477744808877140,1785477760300644609,1785477760398820799
55,lane14:B3:s6->s5,pp_message,backward,3,-1,6,14,110,94,6,5,-1,p2p,98176190,0,0,4712346,93463844,,,15544024504,15642200694,rank110:B3,0,1785477744808877140,1785477760352901644,1785477760451077834
55,rank78:B2,compute,backward,2,78,4,14,78,78,4,4,6,cooldown,700631201,700631201,0,0,0,1.7854777604236657e+18,1.7854777611242967e+18,15589943659,16290574860,lane14:B2:s5->s4,413861941,1785477744808877140,1785477760398820799,1785477761099452000
55,rank94:B3,compute,backward,3,94,5,14,94,94,5,5,7,cooldown,687809133,687809133,0,0,0,1.785477760482915e+18,1.785477761170724e+18,15642200694,16330009827,lane14:B3:s6->s5,150433225,1785477744808877140,1785477760451077834,1785477761138886967
55,lane14:B0:s2->s1,pp_message,backward,0,-1,2,14,46,30,2,1,-1,p2p,98176190,0,0,4712346,93463844,,,15696567773,15794743963,rank46:B0,0,1785477744808877140,1785477760505444913,1785477760603621103
55,rank30:B0,compute,backward,0,30,1,14,30,30,1,1,4,cooldown,724024929,724024929,0,0,0,1.785477760638294e+18,1.785477761362319e+18,15794743963,16518768892,lane14:B0:s2->s1,14295851978,1785477744808877140,1785477760603621103,1785477761327646032
55,lane14:B1:s3->s2,pp_message,backward,1,-1,3,14,62,46,3,2,-1,p2p,98176190,0,0,4712346,93463844,,,15970824980,16069001170,rank62:B1,0,1785477744808877140,1785477760779702120,1785477760877878310
55,rank46:B1,compute,backward,1,46,2,14,46,46,2,2,5,cooldown,759298745,759298745,0,0,0,1.785477760908215e+18,1.7854777616675139e+18,16069001170,16828299915,lane14:B1:s3->s2,372433397,1785477744808877140,1785477760877878310,1785477761637177055
55,lane14:B2:s4->s3,pp_message,backward,2,-1,4,14,78,62,4,3,-1,p2p,98176190,0,0,4712346,93463844,,,16290574860,16388751050,rank78:B2,0,1785477744808877140,1785477761099452000,1785477761197628190
55,lane14:B3:s5->s4,pp_message,backward,3,-1,5,14,94,78,5,4,-1,p2p,98176190,0,0,4712346,93463844,,,16330009827,16428186017,rank94:B3,0,1785477744808877140,1785477761138886967,1785477761237063157
55,rank62:B2,compute,backward,2,62,3,14,62,62,3,3,6,cooldown,692513288,692513288,0,0,0,1.785477761223425e+18,1.7854777619159383e+18,16388751050,17081264338,lane14:B2:s4->s3,417926070,1785477744808877140,1785477761197628190,1785477761890141478
55,rank78:B3,compute,backward,3,78,4,14,78,78,4,4,7,cooldown,699257808,699257808,0,0,0,1.785477761268747e+18,1.7854777619680049e+18,16428186017,17127443825,lane14:B3:s5->s4,137611157,1785477744808877140,1785477761237063157,1785477761936320965
55,lane14:B0:s1->s0,pp_message,backward,0,-1,1,14,30,14,1,0,-1,p2p,98176190,0,0,4712346,93463844,,,16518768892,16616945082,rank30:B0,0,1785477744808877140,1785477761327646032,1785477761425822222
55,rank14:B0,compute,backward,0,14,0,14,14,14,0,0,4,cooldown,409091216,409091216,0,0,0,1.785477761461736e+18,1.785477761870827e+18,16616945082,17026036298,lane14:B0:s1->s0,15947681125,1785477744808877140,1785477761425822222,1785477761834913438
55,lane14:B1:s2->s1,pp_message,backward,1,-1,2,14,46,30,2,1,-1,p2p,98176190,0,0,4712346,93463844,,,16828299915,16926476105,rank46:B1,0,1785477744808877140,1785477761637177055,1785477761735353245
55,rank30:B1,compute,backward,1,30,1,14,30,30,1,1,5,cooldown,727277032,727277032,0,0,0,1.7854777617652872e+18,1.7854777624925642e+18,16926476105,17653753137,lane14:B1:s2->s1,407707213,1785477744808877140,1785477761735353245,1785477762462630277
55,lane14:B2:s3->s2,pp_message,backward,2,-1,3,14,62,46,3,2,-1,p2p,98176190,0,0,4712346,93463844,,,17081264338,17179440528,rank62:B2,0,1785477744808877140,1785477761890141478,1785477761988317668
55,lane14:B3:s4->s3,pp_message,backward,3,-1,4,14,78,62,4,3,-1,p2p,98176190,0,0,4712346,93463844,,,17127443825,17225620015,rank78:B3,0,1785477744808877140,1785477761936320965,1785477762034497155
55,rank46:B2,compute,backward,2,46,2,14,46,46,2,2,6,cooldown,707772770,707772770,0,0,0,1.785477762014343e+18,1.7854777627221158e+18,17179440528,17887213298,lane14:B2:s3->s2,351140613,1785477744808877140,1785477761988317668,1785477762696090438
55,rank62:B3,compute,backward,3,62,3,14,62,62,3,3,7,cooldown,692622446,692622446,0,0,0,1.785477762066435e+18,1.7854777627590574e+18,17225620015,17918242461,lane14:B3:s4->s3,144355677,1785477744808877140,1785477762034497155,1785477762727119601
55,lane14:B1:s1->s0,pp_message,backward,1,-1,1,14,30,14,1,0,-1,p2p,98176190,0,0,4712346,93463844,,,17653753137,17751929327,rank30:B1,0,1785477744808877140,1785477762462630277,1785477762560806467
55,rank14:B1,compute,backward,1,14,0,14,14,14,0,0,5,cooldown,415018310,415018310,0,0,0,1.7854777625915418e+18,1.7854777630065603e+18,17751929327,18166947637,lane14:B1:s1->s0,725893029,1785477744808877140,1785477762560806467,1785477762975824777
55,lane14:B2:s2->s1,pp_message,backward,2,-1,2,14,46,30,2,1,-1,p2p,98176190,0,0,4712346,93463844,,,17887213298,17985389488,rank46:B2,0,1785477744808877140,1785477762696090438,1785477762794266628
55,lane14:B3:s3->s2,pp_message,backward,3,-1,3,14,62,46,3,2,-1,p2p,98176190,0,0,4712346,93463844,,,17918242461,18016418651,rank62:B3,0,1785477744808877140,1785477762727119601,1785477762825295791
55,rank30:B2,compute,backward,2,30,1,14,30,30,1,1,6,cooldown,723975230,723975230,0,0,0,1.7854777628216456e+18,1.7854777635456207e+18,17985389488,18709364718,lane14:B2:s2->s1,331636351,1785477744808877140,1785477762794266628,1785477763518241858
55,rank46:B3,compute,backward,3,46,2,14,46,46,2,2,7,cooldown,705172212,705172212,0,0,0,1.7854777628572378e+18,1.7854777635624097e+18,18016418651,18721590863,lane14:B3:s3->s2,129205353,1785477744808877140,1785477762825295791,1785477763530468003
55,lane14:B2:s1->s0,pp_message,backward,2,-1,1,14,30,14,1,0,-1,p2p,98176190,0,0,4712346,93463844,,,18709364718,18807540908,rank30:B2,0,1785477744808877140,1785477763518241858,1785477763616418048
55,lane14:B3:s2->s1,pp_message,backward,3,-1,2,14,46,30,2,1,-1,p2p,98176190,0,0,4712346,93463844,,,18721590863,18819767053,rank46:B3,0,1785477744808877140,1785477763530468003,1785477763628644193
55,rank14:B2,compute,backward,2,14,0,14,14,14,0,0,6,cooldown,408994674,408994674,0,0,0,1.7854777636439944e+18,1.7854777640529892e+18,18807540908,19216535582,lane14:B2:s1->s0,640593271,1785477744808877140,1785477763616418048,1785477764025412722
55,rank30:B3,compute,backward,3,30,1,14,30,30,1,1,7,cooldown,726383803,726383803,0,0,0,1.7854777636610437e+18,1.7854777643874276e+18,18819767053,19546150856,lane14:B3:s2->s1,110402335,1785477744808877140,1785477763628644193,1785477764355027996
55,lane14:B3:s1->s0,pp_message,backward,3,-1,1,14,30,14,1,0,-1,p2p,98176190,0,0,4712346,93463844,,,19546150856,19644327046,rank30:B3,0,1785477744808877140,1785477764355027996,1785477764453204186
55,rank14:B3,compute,backward,3,14,0,14,14,14,0,0,7,cooldown,408363529,408363529,0,0,0,1.785477764486403e+18,1.7854777648947666e+18,19644327046,20052690575,lane14:B3:s1->s0,427791464,1785477744808877140,1785477764453204186,1785477764861567715
55,rank15:F0,compute,forward,0,15,0,15,15,15,0,0,0,warmup,160262362,160262362,0,0,0,1.7854777448091543e+18,1.7854777449694167e+18,0,160262362,,0,1785477744809154297,1785477744809154297,1785477744969416659
55,lane15:F0:s0->s1,pp_message,forward,0,-1,0,15,15,31,0,1,-1,p2p,4712346,0,0,4712346,0,,,160262362,164974708,rank15:F0,0,1785477744809154297,1785477744969416659,1785477744974129005
55,rank15:F1,compute,forward,1,15,0,15,15,15,0,0,1,warmup,157631343,157631343,0,0,0,1.7854777449753935e+18,1.7854777451330248e+18,164974708,322606051,lane15:F0:s0->s1,4712346,1785477744809154297,1785477744974129005,1785477745131760348
55,rank31:F0,compute,forward,0,31,1,15,31,31,1,1,0,warmup,322851890,322851890,0,0,0,1.7854777449753702e+18,1.785477745298222e+18,164974708,487826598,lane15:F0:s0->s1,164974708,1785477744809154297,1785477744974129005,1785477745296980895
55,lane15:F1:s0->s1,pp_message,forward,1,-1,0,15,15,31,0,1,-1,p2p,4712346,0,0,4712346,0,,,322606051,327318397,rank15:F1,0,1785477744809154297,1785477745131760348,1785477745136472694
55,rank15:F2,compute,forward,2,15,0,15,15,15,0,0,2,warmup,157128677,157128677,0,0,0,1.7854777453098301e+18,1.7854777454669588e+18,327318397,484447074,lane15:F1:s0->s1,4712346,1785477744809154297,1785477745136472694,1785477745293601371
55,lane15:F2:s0->s1,pp_message,forward,2,-1,0,15,15,31,0,1,-1,p2p,4712346,0,0,4712346,0,,,484447074,489159420,rank15:F2,0,1785477744809154297,1785477745293601371,1785477745298313717
55,lane15:F0:s1->s2,pp_message,forward,0,-1,1,15,31,47,1,2,-1,p2p,4712346,0,0,4712346,0,,,487826598,492538944,rank31:F0,0,1785477744809154297,1785477745296980895,1785477745301693241
55,rank15:F3,compute,forward,3,15,0,15,15,15,0,0,3,warmup,176327004,176327004,0,0,0,1.7854777456650342e+18,1.7854777458413614e+18,489159420,665486424,lane15:F2:s0->s1,4712346,1785477744809154297,1785477745298313717,1785477745474640721
55,rank31:F1,compute,forward,1,31,1,15,31,31,1,1,1,warmup,326367804,326367804,0,0,0,1.7854777453097364e+18,1.7854777456361042e+18,492538944,818906748,lane15:F0:s1->s2,4712346,1785477744809154297,1785477745301693241,1785477745628061045
55,rank47:F0,compute,forward,0,47,2,15,47,47,2,2,0,warmup,343723051,343723051,0,0,0,1.7854777453040648e+18,1.7854777456477878e+18,492538944,836261995,lane15:F0:s1->s2,492538944,1785477744809154297,1785477745301693241,1785477745645416292
55,lane15:F3:s0->s1,pp_message,forward,3,-1,0,15,15,31,0,1,-1,p2p,4712346,0,0,4712346,0,,,665486424,670198770,rank15:F3,0,1785477744809154297,1785477745474640721,1785477745479353067
55,lane15:F1:s1->s2,pp_message,forward,1,-1,1,15,31,47,1,2,-1,p2p,4712346,0,0,4712346,0,,,818906748,823619094,rank31:F1,0,1785477744809154297,1785477745628061045,1785477745632773391
55,rank31:F2,compute,forward,2,31,1,15,31,31,1,1,2,warmup,340586585,340586585,0,0,0,1.7854777456648666e+18,1.7854777460054533e+18,823619094,1164205679,lane15:F1:s1->s2,4712346,1785477744809154297,1785477745632773391,1785477745973359976
55,lane15:F0:s2->s3,pp_message,forward,0,-1,2,15,47,63,2,3,-1,p2p,4712346,0,0,4712346,0,,,836261995,840974341,rank47:F0,0,1785477744809154297,1785477745645416292,1785477745650128638
55,rank47:F1,compute,forward,1,47,2,15,47,47,2,2,1,warmup,335519137,335519137,0,0,0,1.7854777456590354e+18,1.7854777459945544e+18,840974341,1176493478,lane15:F0:s2->s3,4712346,1785477744809154297,1785477745650128638,1785477745985647775
55,rank63:F0,compute,forward,0,63,3,15,63,63,3,3,0,warmup,407335434,407335434,0,0,0,1.785477745653218e+18,1.7854777460605535e+18,840974341,1248309775,lane15:F0:s2->s3,840974341,1785477744809154297,1785477745650128638,1785477746057464072
55,lane15:F2:s1->s2,pp_message,forward,2,-1,1,15,31,47,1,2,-1,p2p,4712346,0,0,4712346,0,,,1164205679,1168918025,rank31:F2,0,1785477744809154297,1785477745973359976,1785477745978072322
55,rank31:F3,compute,forward,3,31,1,15,31,31,1,1,3,warmup,323879473,323879473,0,0,0,1.7854777460832497e+18,1.7854777464071293e+18,1168918025,1492797498,lane15:F2:s1->s2,4712346,1785477744809154297,1785477745978072322,1785477746301951795
55,lane15:F1:s2->s3,pp_message,forward,1,-1,2,15,47,63,2,3,-1,p2p,4712346,0,0,4712346,0,,,1176493478,1181205824,rank47:F1,0,1785477744809154297,1785477745985647775,1785477745990360121
55,rank47:F2,compute,forward,2,47,2,15,47,47,2,2,2,warmup,318570530,318570530,0,0,0,1.7854777460772726e+18,1.785477746395843e+18,1181205824,1499776354,lane15:F1:s2->s3,4712346,1785477744809154297,1785477745990360121,1785477746308930651
55,lane15:F0:s3->s4,pp_message,forward,0,-1,3,15,63,79,3,4,-1,p2p,4712346,0,0,4712346,0,,,1248309775,1253022121,rank63:F0,0,1785477744809154297,1785477746057464072,1785477746062176418
55,rank63:F1,compute,forward,1,63,3,15,63,63,3,3,1,warmup,352268259,352268259,0,0,0,1.785477746071274e+18,1.7854777464235423e+18,1253022121,1605290380,lane15:F0:s3->s4,4712346,1785477744809154297,1785477746062176418,1785477746414444677
55,rank79:F0,compute,forward,0,79,4,15,79,79,4,4,0,warmup,318076540,318076540,0,0,0,1.7854777460663096e+18,1.7854777463843863e+18,1253022121,1571098661,lane15:F0:s3->s4,1253022121,1785477744809154297,1785477746062176418,1785477746380252958
55,lane15:F3:s1->s2,pp_message,forward,3,-1,1,15,31,47,1,2,-1,p2p,4712346,0,0,4712346,0,,,1492797498,1497509844,rank31:F3,0,1785477744809154297,1785477746301951795,1785477746306664141
55,lane15:F2:s2->s3,pp_message,forward,2,-1,2,15,47,63,2,3,-1,p2p,4712346,0,0,4712346,0,,,1499776354,1504488700,rank47:F2,0,1785477744809154297,1785477746308930651,1785477746313642997
55,rank47:F3,compute,forward,3,47,2,15,47,47,2,2,3,warmup,345570266,345570266,0,0,0,1.7854777464399823e+18,1.7854777467855524e+18,1504488700,1850058966,lane15:F2:s2->s3,4712346,1785477744809154297,1785477746313642997,1785477746659213263
55,lane15:F0:s4->s5,pp_message,forward,0,-1,4,15,79,95,4,5,-1,p2p,4712346,0,0,4712346,0,,,1571098661,1575811007,rank79:F0,0,1785477744809154297,1785477746380252958,1785477746384965304
55,rank95:F0,compute,forward,0,95,5,15,95,95,5,5,0,warmup,314724129,314724129,0,0,0,1.7854777463899942e+18,1.7854777467047183e+18,1575811007,1890535136,lane15:F0:s4->s5,1575811007,1785477744809154297,1785477746384965304,1785477746699689433
55,lane15:F1:s3->s4,pp_message,forward,1,-1,3,15,63,79,3,4,-1,p2p,4712346,0,0,4712346,0,,,1605290380,1610002726,rank63:F1,0,1785477744809154297,1785477746414444677,1785477746419157023
55,rank63:F2,compute,forward,2,63,3,15,63,63,3,3,2,warmup,336898821,336898821,0,0,0,1.7854777464343222e+18,1.785477746771221e+18,1610002726,1946901547,lane15:F1:s3->s4,4712346,1785477744809154297,1785477746419157023,1785477746756055844
55,rank79:F1,compute,forward,1,79,4,15,79,79,4,4,1,warmup,317653605,317653605,0,0,0,1.7854777464289618e+18,1.7854777467466156e+18,1610002726,1927656331,lane15:F1:s3->s4,38904065,1785477744809154297,1785477746419157023,1785477746736810628
55,lane15:F3:s2->s3,pp_message,forward,3,-1,2,15,47,63,2,3,-1,p2p,4712346,0,0,4712346,0,,,1850058966,1854771312,rank47:F3,0,1785477744809154297,1785477746659213263,1785477746663925609
55,lane15:F0:s5->s6,pp_message,forward,0,-1,5,15,95,111,5,6,-1,p2p,4712346,0,0,4712346,0,,,1890535136,1895247482,rank95:F0,0,1785477744809154297,1785477746699689433,1785477746704401779
55,rank111:F0,compute,forward,0,111,6,15,111,111,6,6,0,warmup,315797311,315797311,0,0,0,1.7854777467109197e+18,1.7854777470267172e+18,1895247482,2211044793,lane15:F0:s5->s6,1895247482,1785477744809154297,1785477746704401779,1785477747020199090
55,lane15:F1:s4->s5,pp_message,forward,1,-1,4,15,79,95,4,5,-1,p2p,4712346,0,0,4712346,0,,,1927656331,1932368677,rank79:F1,0,1785477744809154297,1785477746736810628,1785477746741522974
55,rank95:F1,compute,forward,1,95,5,15,95,95,5,5,1,warmup,461514238,461514238,0,0,0,1.7854777467518413e+18,1.7854777472133555e+18,1932368677,2393882915,lane15:F1:s4->s5,41833541,1785477744809154297,1785477746741522974,1785477747203037212
55,lane15:F2:s3->s4,pp_message,forward,2,-1,3,15,63,79,3,4,-1,p2p,4712346,0,0,4712346,0,,,1946901547,1951613893,rank63:F2,0,1785477744809154297,1785477746756055844,1785477746760768190
55,rank63:F3,compute,forward,3,63,3,15,63,63,3,3,3,warmup,325639331,325639331,0,0,0,1.7854777467909852e+18,1.7854777471166244e+18,1951613893,2277253224,lane15:F2:s3->s4,4712346,1785477744809154297,1785477746760768190,1785477747086407521
55,rank79:F2,compute,forward,2,79,4,15,79,79,4,4,2,warmup,316766493,316766493,0,0,0,1.7854777467766484e+18,1.785477747093415e+18,1951613893,2268380386,lane15:F2:s3->s4,23957562,1785477744809154297,1785477746760768190,1785477747077534683
55,lane15:F0:s6->s7,pp_message,forward,0,-1,6,15,111,127,6,7,-1,p2p,4712346,0,0,4712346,0,,,2211044793,2215757139,rank111:F0,0,1785477744809154297,1785477747020199090,1785477747024911436
55,rank127:F0,compute,forward,0,127,7,15,127,127,7,7,0,warmup,321555590,321555590,0,0,0,1.785477747033008e+18,1.7854777473545636e+18,2215757139,2537312729,lane15:F0:s6->s7,2215757139,1785477744809154297,1785477747024911436,1785477747346467026
55,lane15:F2:s4->s5,pp_message,forward,2,-1,4,15,79,95,4,5,-1,p2p,4712346,0,0,4712346,0,,,2268380386,2273092732,rank79:F2,0,1785477744809154297,1785477747077534683,1785477747082247029
55,lane15:F3:s3->s4,pp_message,forward,3,-1,3,15,63,79,3,4,-1,p2p,4712346,0,0,4712346,0,,,2277253224,2281965570,rank63:F3,0,1785477744809154297,1785477747086407521,1785477747091119867
55,rank79:F3,compute,forward,3,79,4,15,79,79,4,4,3,warmup,329343561,329343561,0,0,0,1.785477747229306e+18,1.7854777475586496e+18,2281965570,2611309131,lane15:F3:s3->s4,13585184,1785477744809154297,1785477747091119867,1785477747420463428
55,lane15:F1:s5->s6,pp_message,forward,1,-1,5,15,95,111,5,6,-1,p2p,4712346,0,0,4712346,0,,,2393882915,2398595261,rank95:F1,0,1785477744809154297,1785477747203037212,1785477747207749558
55,rank111:F1,compute,forward,1,111,6,15,111,111,6,6,1,warmup,327869218,327869218,0,0,0,1.7854777472184128e+18,1.785477747546282e+18,2398595261,2726464479,lane15:F1:s5->s6,187550468,1785477744809154297,1785477747207749558,1785477747535618776
55,rank95:F2,compute,forward,2,95,5,15,95,95,5,5,2,warmup,324213373,324213373,0,0,0,1.7854777472236675e+18,1.785477747547881e+18,2398595261,2722808634,lane15:F1:s5->s6,4712346,1785477744809154297,1785477747207749558,1785477747531962931
55,lane15:F0:s7->s8,pp_message,forward,0,-1,7,15,127,143,7,8,-1,p2p,4712346,0,0,4712346,0,,,2537312729,2542025075,rank127:F0,0,1785477744809154297,1785477747346467026,1785477747351179372
55,rank143:F0,compute,forward,0,143,8,15,143,143,8,8,0,warmup,315308065,315308065,0,0,0,1.785477747359928e+18,1.785477747675236e+18,2542025075,2857333140,lane15:F0:s7->s8,2542025075,1785477744809154297,1785477747351179372,1785477747666487437
55,lane15:F3:s4->s5,pp_message,forward,3,-1,4,15,79,95,4,5,-1,p2p,4712346,0,0,4712346,0,,,2611309131,2616021477,rank79:F3,0,1785477744809154297,1785477747420463428,1785477747425175774
55,lane15:F2:s5->s6,pp_message,forward,2,-1,5,15,95,111,5,6,-1,p2p,4712346,0,0,4712346,0,,,2722808634,2727520980,rank95:F2,0,1785477744809154297,1785477747531962931,1785477747536675277
55,lane15:F1:s6->s7,pp_message,forward,1,-1,6,15,111,127,6,7,-1,p2p,4712346,0,0,4712346,0,,,2726464479,2731176825,rank111:F1,0,1785477744809154297,1785477747535618776,1785477747540331122
55,rank95:F3,compute,forward,3,95,5,15,95,95,5,5,3,warmup,312359856,312359856,0,0,0,1.7854777475639324e+18,1.785477747876292e+18,2727520980,3039880836,lane15:F2:s5->s6,4712346,1785477744809154297,1785477747536675277,1785477747849035133
55,rank111:F2,compute,forward,2,111,6,15,111,111,6,6,2,warmup,328981700,328981700,0,0,0,1.7854777475577638e+18,1.7854777478867456e+18,2731176825,3060158525,lane15:F1:s6->s7,4712346,1785477744809154297,1785477747540331122,1785477747869312822
55,rank127:F1,compute,forward,1,127,7,15,127,127,7,7,1,warmup,311435498,311435498,0,0,0,1.7854777475513597e+18,1.7854777478627953e+18,2731176825,3042612323,lane15:F1:s6->s7,193864096,1785477744809154297,1785477747540331122,1785477747851766620
55,lane15:F0:s8->s9,pp_message,forward,0,-1,8,15,143,159,8,9,-1,p2p,4712346,0,0,4712346,0,,,2857333140,2862045486,rank143:F0,0,1785477744809154297,1785477747666487437,1785477747671199783
55,rank159:F0,compute,forward,0,159,9,15,159,159,9,9,0,warmup,322528616,322528616,0,0,0,1.78547774768063e+18,1.7854777480031585e+18,2862045486,3184574102,lane15:F0:s8->s9,2862045486,1785477744809154297,1785477747671199783,1785477747993728399
55,lane15:F3:s5->s6,pp_message,forward,3,-1,5,15,95,111,5,6,-1,p2p,4712346,0,0,4712346,0,,,3039880836,3044593182,rank95:F3,0,1785477744809154297,1785477747849035133,1785477747853747479
55,lane15:F1:s7->s8,pp_message,forward,1,-1,7,15,127,143,7,8,-1,p2p,4712346,0,0,4712346,0,,,3042612323,3047324669,rank127:F1,0,1785477744809154297,1785477747851766620,1785477747856478966
55,rank143:F1,compute,forward,1,143,8,15,143,143,8,8,1,warmup,316625631,316625631,0,0,0,1.7854777478679442e+18,1.7854777481845699e+18,3047324669,3363950300,lane15:F1:s7->s8,189991529,1785477744809154297,1785477747856478966,1785477748173104597
55,lane15:F2:s6->s7,pp_message,forward,2,-1,6,15,111,127,6,7,-1,p2p,4712346,0,0,4712346,0,,,3060158525,3064870871,rank111:F2,0,1785477744809154297,1785477747869312822,1785477747874025168
55,rank111:F3,compute,forward,3,111,6,15,111,111,6,6,3,warmup,314872069,314872069,0,0,0,1.785477747896735e+18,1.785477748211607e+18,3064870871,3379742940,lane15:F2:s6->s7,4712346,1785477744809154297,1785477747874025168,1785477748188897237
55,rank127:F2,compute,forward,2,127,7,15,127,127,7,7,2,warmup,309724665,309724665,0,0,0,1.785477747891682e+18,1.7854777482014067e+18,3064870871,3374595536,lane15:F2:s6->s7,22258548,1785477744809154297,1785477747874025168,1785477748183749833
55,lane15:F0:s9->s10,pp_message,forward,0,-1,9,15,159,175,9,10,-1,p2p,4712346,0,0,4712346,0,,,3184574102,3189286448,rank159:F0,0,1785477744809154297,1785477747993728399,1785477747998440745
55,rank175:F0,compute,forward,0,175,10,15,175,175,10,10,0,warmup,313176201,313176201,0,0,0,1.7854777480086533e+18,1.7854777483218296e+18,3189286448,3502462649,lane15:F0:s9->s10,3189286448,1785477744809154297,1785477747998440745,1785477748311616946
55,lane15:F1:s8->s9,pp_message,forward,1,-1,8,15,143,159,8,9,-1,p2p,4712346,0,0,4712346,0,,,3363950300,3368662646,rank143:F1,0,1785477744809154297,1785477748173104597,1785477748177816943
55,rank159:F1,compute,forward,1,159,9,15,159,159,9,9,1,warmup,317641482,317641482,0,0,0,1.7854777481897838e+18,1.7854777485074253e+18,3368662646,3686304128,lane15:F1:s8->s9,184088544,1785477744809154297,1785477748177816943,1785477748495458425
55,lane15:F2:s7->s8,pp_message,forward,2,-1,7,15,127,143,7,8,-1,p2p,4712346,0,0,4712346,0,,,3374595536,3379307882,rank127:F2,0,1785477744809154297,1785477748183749833,1785477748188462179
55,rank143:F2,compute,forward,2,143,8,15,143,143,8,8,2,warmup,311658329,311658329,0,0,0,1.7854777482065528e+18,1.7854777485182113e+18,3379307882,3690966211,lane15:F2:s7->s8,15357582,1785477744809154297,1785477748188462179,1785477748500120508
55,lane15:F3:s6->s7,pp_message,forward,3,-1,6,15,111,127,6,7,-1,p2p,4712346,0,0,4712346,0,,,3379742940,3384455286,rank111:F3,0,1785477744809154297,1785477748188897237,1785477748193609583
55,rank127:F3,compute,forward,3,127,7,15,127,127,7,7,3,warmup,309433983,309433983,0,0,0,1.785477748216691e+18,1.7854777485261248e+18,3384455286,3693889269,lane15:F3:s6->s7,9859750,1785477744809154297,1785477748193609583,1785477748503043566
55,lane15:F0:s10->s11,pp_message,forward,0,-1,10,15,175,191,10,11,-1,p2p,4712346,0,0,4712346,0,,,3502462649,3507174995,rank175:F0,0,1785477744809154297,1785477748311616946,1785477748316329292
55,rank191:F0,compute,forward,0,191,11,15,191,191,11,11,0,warmup,313044528,313044528,0,0,0,1.7854777483274117e+18,1.7854777486404562e+18,3507174995,3820219523,lane15:F0:s10->s11,3507174995,1785477744809154297,1785477748316329292,1785477748629373820
55,lane15:F1:s9->s10,pp_message,forward,1,-1,9,15,159,175,9,10,-1,p2p,4712346,0,0,4712346,0,,,3686304128,3691016474,rank159:F1,0,1785477744809154297,1785477748495458425,1785477748500170771
55,lane15:F2:s8->s9,pp_message,forward,2,-1,8,15,143,159,8,9,-1,p2p,4712346,0,0,4712346,0,,,3690966211,3695678557,rank143:F2,0,1785477744809154297,1785477748500120508,1785477748504832854
55,rank175:F1,compute,forward,1,175,10,15,175,175,10,10,1,warmup,310357504,310357504,0,0,0,1.7854777485126415e+18,1.785477748822999e+18,3691016474,4001373978,lane15:F1:s9->s10,188553825,1785477744809154297,1785477748500170771,1785477748810528275
55,lane15:F3:s7->s8,pp_message,forward,3,-1,7,15,127,143,7,8,-1,p2p,4712346,0,0,4712346,0,,,3693889269,3698601615,rank127:F3,0,1785477744809154297,1785477748503043566,1785477748507755912
55,rank159:F2,compute,forward,2,159,9,15,159,159,9,9,2,warmup,316723275,316723275,0,0,0,1.785477748523415e+18,1.7854777488401382e+18,3695678557,4012401832,lane15:F2:s8->s9,9374429,1785477744809154297,1785477748504832854,1785477748821556129
55,rank143:F3,compute,forward,3,143,8,15,143,143,8,8,3,warmup,309815552,309815552,0,0,0,1.7854777485312778e+18,1.7854777488410934e+18,3698601615,4008417167,lane15:F3:s7->s8,7635404,1785477744809154297,1785477748507755912,1785477748817571464
55,lane15:F0:s11->s12,pp_message,forward,0,-1,11,15,191,207,11,12,-1,p2p,4712346,0,0,4712346,0,,,3820219523,3824931869,rank191:F0,0,1785477744809154297,1785477748629373820,1785477748634086166
55,rank207:F0,compute,forward,0,207,12,15,207,207,12,12,0,warmup,311624708,311624708,0,0,0,1.785477748646597e+18,1.7854777489582218e+18,3824931869,4136556577,lane15:F0:s11->s12,3824931869,1785477744809154297,1785477748634086166,1785477748945710874
55,lane15:F1:s10->s11,pp_message,forward,1,-1,10,15,175,191,10,11,-1,p2p,4712346,0,0,4712346,0,,,4001373978,4006086324,rank175:F1,0,1785477744809154297,1785477748810528275,1785477748815240621
55,rank191:F1,compute,forward,1,191,11,15,191,191,11,11,1,warmup,308761683,308761683,0,0,0,1.7854777488281252e+18,1.785477749136887e+18,4006086324,4314848007,lane15:F1:s10->s11,185866801,1785477744809154297,1785477748815240621,1785477749124002304
55,lane15:F3:s8->s9,pp_message,forward,3,-1,8,15,143,159,8,9,-1,p2p,4712346,0,0,4712346,0,,,4008417167,4013129513,rank143:F3,0,1785477744809154297,1785477748817571464,1785477748822283810
55,lane15:F2:s9->s10,pp_message,forward,2,-1,9,15,159,175,9,10,-1,p2p,4712346,0,0,4712346,0,,,4012401832,4017114178,rank159:F2,0,1785477744809154297,1785477748821556129,1785477748826268475
55,rank159:F3,compute,forward,3,159,9,15,159,159,9,9,3,warmup,318657020,318657020,0,0,0,1.7854777488505285e+18,1.7854777491691855e+18,4017114178,4335771198,lane15:F2:s9->s10,4712346,1785477744809154297,1785477748826268475,1785477749144925495
55,rank175:F2,compute,forward,2,175,10,15,175,175,10,10,2,warmup,309828820,309828820,0,0,0,1.7854777488453396e+18,1.7854777491551685e+18,4017114178,4326942998,lane15:F2:s9->s10,15740200,1785477744809154297,1785477748826268475,1785477749136097295
55,lane15:F0:s12->s13,pp_message,forward,0,-1,12,15,207,223,12,13,-1,p2p,4712346,0,0,4712346,0,,,4136556577,4141268923,rank207:F0,0,1785477744809154297,1785477748945710874,1785477748950423220
55,rank223:F0,compute,forward,0,223,13,15,223,223,13,13,0,warmup,314933020,314933020,0,0,0,1.7854777489644564e+18,1.7854777492793894e+18,4141268923,4456201943,lane15:F0:s12->s13,4141268923,1785477744809154297,1785477748950423220,1785477749265356240
55,lane15:F1:s11->s12,pp_message,forward,1,-1,11,15,191,207,11,12,-1,p2p,4712346,0,0,4712346,0,,,4314848007,4319560353,rank191:F1,0,1785477744809154297,1785477749124002304,1785477749128714650
55,rank207:F1,compute,forward,1,207,12,15,207,207,12,12,1,warmup,307713419,307713419,0,0,0,1.7854777491420838e+18,1.7854777494497974e+18,4319560353,4627273772,lane15:F1:s11->s12,183003776,1785477744809154297,1785477749128714650,1785477749436428069
55,lane15:F2:s10->s11,pp_message,forward,2,-1,10,15,175,191,10,11,-1,p2p,4712346,0,0,4712346,0,,,4326942998,4331655344,rank175:F2,0,1785477744809154297,1785477749136097295,1785477749140809641
55,rank191:F2,compute,forward,2,191,11,15,191,191,11,11,2,warmup,306246838,306246838,0,0,0,1.7854777491603156e+18,1.7854777494665626e+18,4331655344,4637902182,lane15:F2:s10->s11,16807337,1785477744809154297,1785477749140809641,1785477749447056479
55,lane15:F3:s9->s10,pp_message,forward,3,-1,9,15,159,175,9,10,-1,p2p,4712346,0,0,4712346,0,,,4335771198,4340483544,rank159:F3,0,1785477744809154297,1785477749144925495,1785477749149637841
55,rank175:F3,compute,forward,3,175,10,15,175,175,10,10,3,warmup,454716029,454716029,0,0,0,1.785477749174346e+18,1.7854777496290621e+18,4340483544,4795199573,lane15:F3:s9->s10,13540546,1785477744809154297,1785477749149637841,1785477749604353870
55,lane15:F0:s13->s14,pp_message,forward,0,-1,13,15,223,239,13,14,-1,p2p,4712346,0,0,4712346,0,,,4456201943,4460914289,rank223:F0,0,1785477744809154297,1785477749265356240,1785477749270068586
55,rank239:F0,compute,forward,0,239,14,15,239,239,14,14,0,warmup,322171374,322171374,0,0,0,1.7854777492852275e+18,1.785477749607399e+18,4460914289,4783085663,lane15:F0:s13->s14,4460914289,1785477744809154297,1785477749270068586,1785477749592239960
55,lane15:F1:s12->s13,pp_message,forward,1,-1,12,15,207,223,12,13,-1,p2p,4712346,0,0,4712346,0,,,4627273772,4631986118,rank207:F1,0,1785477744809154297,1785477749436428069,1785477749441140415
55,rank223:F1,compute,forward,1,223,13,15,223,223,13,13,1,warmup,460593482,460593482,0,0,0,1.7854777494549827e+18,1.785477749915576e+18,4631986118,5092579600,lane15:F1:s12->s13,175784175,1785477744809154297,1785477749441140415,1785477749901733897
55,lane15:F2:s11->s12,pp_message,forward,2,-1,11,15,191,207,11,12,-1,p2p,4712346,0,0,4712346,0,,,4637902182,4642614528,rank191:F2,0,1785477744809154297,1785477749447056479,1785477749451768825
55,rank207:F2,compute,forward,2,207,12,15,207,207,12,12,2,warmup,307920960,307920960,0,0,0,1.7854777494717427e+18,1.7854777497796636e+18,4642614528,4950535488,lane15:F2:s11->s12,15340756,1785477744809154297,1785477749451768825,1785477749759689785
55,lane15:F0:s14->s15,pp_message,forward,0,-1,14,15,239,255,14,15,-1,p2p,4712346,0,0,4712346,0,,,4783085663,4787798009,rank239:F0,0,1785477744809154297,1785477749592239960,1785477749596952306
55,rank255:F0,compute,forward,0,255,15,15,255,255,15,15,0,steady,195836738,195836738,0,0,0,1.7854777496130998e+18,1.7854777498089364e+18,4787798009,4983634747,lane15:F0:s14->s15,4787798009,1785477744809154297,1785477749596952306,1785477749792789044
55,lane15:F3:s10->s11,pp_message,forward,3,-1,10,15,175,191,10,11,-1,p2p,4712346,0,0,4712346,0,,,4795199573,4799911919,rank175:F3,0,1785477744809154297,1785477749604353870,1785477749609066216
55,rank191:F3,compute,forward,3,191,11,15,191,191,11,11,3,warmup,306825094,306825094,0,0,0,1.7854777496342781e+18,1.785477749941103e+18,4799911919,5106737013,lane15:F3:s10->s11,162009737,1785477744809154297,1785477749609066216,1785477749915891310
55,lane15:F2:s12->s13,pp_message,forward,2,-1,12,15,207,223,12,13,-1,p2p,4712346,0,0,4712346,0,,,4950535488,4955247834,rank207:F2,0,1785477744809154297,1785477749759689785,1785477749764402131
55,rank255:B0,compute,backward,0,255,15,15,255,255,15,15,1,steady,389954613,389954613,0,0,0,1.7854777498090836e+18,1.7854777501990382e+18,4983634747,5373589360,rank255:F0,0,1785477744809154297,1785477749792789044,1785477750182743657
55,lane15:F1:s13->s14,pp_message,forward,1,-1,13,15,223,239,13,14,-1,p2p,4712346,0,0,4712346,0,,,5092579600,5097291946,rank223:F1,0,1785477744809154297,1785477749901733897,1785477749906446243
55,rank223:F2,compute,forward,2,223,13,15,223,223,13,13,2,steady,310631207,310631207,0,0,0,1.7854777499259003e+18,1.7854777502365317e+18,5097291946,5407923153,lane15:F1:s13->s14,4712346,1785477744809154297,1785477749906446243,1785477750217077450
55,rank239:F1,compute,forward,1,239,14,15,239,239,14,14,1,steady,312739803,312739803,0,0,0,1.7854777499207562e+18,1.785477750233496e+18,5097291946,5410031749,lane15:F1:s13->s14,314206283,1785477744809154297,1785477749906446243,1785477750219186046
55,lane15:F3:s11->s12,pp_message,forward,3,-1,11,15,191,207,11,12,-1,p2p,4712346,0,0,4712346,0,,,5106737013,5111449359,rank191:F3,0,1785477744809154297,1785477749915891310,1785477749920603656
55,rank207:F3,compute,forward,3,207,12,15,207,207,12,12,3,steady,308063534,308063534,0,0,0,1.7854777499462418e+18,1.7854777502543053e+18,5111449359,5419512893,lane15:F3:s11->s12,160913871,1785477744809154297,1785477749920603656,1785477750228667190
55,lane15:B0:s15->s14,pp_message,backward,0,-1,15,15,255,239,15,14,-1,p2p,98176190,0,0,4712346,93463844,,,5373589360,5471765550,rank255:B0,0,1785477744809154297,1785477750182743657,1785477750280919847
55,lane15:F2:s13->s14,pp_message,forward,2,-1,13,15,223,239,13,14,-1,p2p,4712346,0,0,4712346,0,,,5407923153,5412635499,rank223:F2,0,1785477744809154297,1785477750217077450,1785477750221789796
55,lane15:F1:s14->s15,pp_message,forward,1,-1,14,15,239,255,14,15,-1,p2p,4712346,0,0,4712346,0,,,5410031749,5414744095,rank239:F1,0,1785477744809154297,1785477750219186046,1785477750223898392
55,lane15:F3:s12->s13,pp_message,forward,3,-1,12,15,207,223,12,13,-1,p2p,4712346,0,0,4712346,0,,,5419512893,5424225239,rank207:F3,0,1785477744809154297,1785477750228667190,1785477750233379536
55,rank239:B0,compute,backward,0,239,14,15,239,239,14,14,2,steady,682229730,682229730,0,0,0,1.7854777502982093e+18,1.785477750980439e+18,5471765550,6153995280,lane15:B0:s15->s14,61733801,1785477744809154297,1785477750280919847,1785477750963149577
55,rank255:F1,compute,forward,1,255,15,15,255,255,15,15,2,steady,192118650,192118650,0,0,0,1.7854777502980977e+18,1.7854777504902162e+18,5471765550,5663884200,lane15:B0:s15->s14,98176190,1785477744809154297,1785477750280919847,1785477750473038497
55,rank255:B1,compute,backward,1,255,15,15,255,255,15,15,3,steady,371177917,371177917,0,0,0,1.7854777504903956e+18,1.7854777508615736e+18,5663884200,6035062117,rank255:F1,0,1785477744809154297,1785477750473038497,1785477750844216414
55,lane15:B1:s15->s14,pp_message,backward,1,-1,15,15,255,239,15,14,-1,p2p,98176190,0,0,4712346,93463844,,,6035062117,6133238307,rank255:B1,0,1785477744809154297,1785477750844216414,1785477750942392604
55,lane15:B0:s14->s13,pp_message,backward,0,-1,14,15,239,223,14,13,-1,p2p,98176190,0,0,4712346,93463844,,,6153995280,6252171470,rank239:B0,0,1785477744809154297,1785477750963149577,1785477751061325767
55,rank223:B0,compute,backward,0,223,13,15,223,223,13,13,3,steady,690836582,690836582,0,0,0,1.785477751077655e+18,1.7854777517684918e+18,6252171470,6943008052,lane15:B0:s14->s13,844248317,1785477744809154297,1785477751061325767,1785477751752162349
55,rank239:F2,compute,forward,2,239,14,15,239,239,14,14,3,steady,316623267,316623267,0,0,0,1.7854777510775588e+18,1.7854777513941821e+18,6252171470,6568794737,lane15:B0:s14->s13,98176190,1785477744809154297,1785477751061325767,1785477751377949034
55,lane15:F2:s14->s15,pp_message,forward,2,-1,14,15,239,255,14,15,-1,p2p,4712346,0,0,4712346,0,,,6568794737,6573507083,rank239:F2,0,1785477744809154297,1785477751377949034,1785477751382661380
55,rank239:B1,compute,backward,1,239,14,15,239,239,14,14,4,steady,691404636,691404636,0,0,0,1.7854777514001096e+18,1.785477752091514e+18,6573507083,7264911719,lane15:F2:s14->s15,4712346,1785477744809154297,1785477751382661380,1785477752074066016
55,rank255:F2,compute,forward,2,255,15,15,255,255,15,15,4,steady,195846010,195846010,0,0,0,1.7854777514000686e+18,1.7854777515959148e+18,6573507083,6769353093,lane15:F2:s14->s15,538444966,1785477744809154297,1785477751382661380,1785477751578507390
55,rank255:B2,compute,backward,2,255,15,15,255,255,15,15,5,steady,365537551,365537551,0,0,0,1.7854777515960832e+18,1.7854777519616207e+18,6769353093,7134890644,rank255:F2,0,1785477744809154297,1785477751578507390,1785477751944044941
55,lane15:B0:s13->s12,pp_message,backward,0,-1,13,15,223,207,13,12,-1,p2p,98176190,0,0,4712346,93463844,,,6943008052,7041184242,rank223:B0,0,1785477744809154297,1785477751752162349,1785477751850338539
55,rank207:B0,compute,backward,0,207,12,15,207,207,12,12,4,steady,686961719,686961719,0,0,0,1.785477751866207e+18,1.785477752553169e+18,7041184242,7728145961,lane15:B0:s13->s12,1621671349,1785477744809154297,1785477751850338539,1785477752537300258
55,rank223:F3,compute,forward,3,223,13,15,223,223,13,13,4,steady,314796484,314796484,0,0,0,1.7854777518659185e+18,1.785477752180715e+18,7041184242,7355980726,lane15:B0:s13->s12,98176190,1785477744809154297,1785477751850338539,1785477752165135023
55,lane15:B2:s15->s14,pp_message,backward,2,-1,15,15,255,239,15,14,-1,p2p,98176190,0,0,4712346,93463844,,,7134890644,7233066834,rank255:B2,0,1785477744809154297,1785477751944044941,1785477752042221131
55,lane15:B1:s14->s13,pp_message,backward,1,-1,14,15,239,223,14,13,-1,p2p,98176190,0,0,4712346,93463844,,,7264911719,7363087909,rank239:B1,0,1785477744809154297,1785477752074066016,1785477752172242206
55,lane15:F3:s13->s14,pp_message,forward,3,-1,13,15,223,239,13,14,-1,p2p,4712346,0,0,4712346,0,,,7355980726,7360693072,rank223:F3,0,1785477744809154297,1785477752165135023,1785477752169847369
55,rank223:B1,compute,backward,1,223,13,15,223,223,13,13,5,steady,698321086,698321086,0,0,0,1.7854777521911288e+18,1.78547775288945e+18,7363087909,8061408995,lane15:B1:s14->s13,7107183,1785477744809154297,1785477752172242206,1785477752870563292
55,rank239:F3,compute,forward,3,239,14,15,239,239,14,14,5,steady,327861038,327861038,0,0,0,1.7854777521910984e+18,1.7854777525189594e+18,7363087909,7690948947,lane15:B1:s14->s13,98176190,1785477744809154297,1785477752172242206,1785477752500103244
55,lane15:F3:s14->s15,pp_message,forward,3,-1,14,15,239,255,14,15,-1,p2p,4712346,0,0,4712346,0,,,7690948947,7695661293,rank239:F3,0,1785477744809154297,1785477752500103244,1785477752504815590
55,rank239:B2,compute,backward,2,239,14,15,239,239,14,14,6,steady,725379181,725379181,0,0,0,1.7854777525249162e+18,1.7854777532502953e+18,7695661293,8421040474,lane15:F3:s14->s15,4712346,1785477744809154297,1785477752504815590,1785477753230194771
55,rank255:F3,compute,forward,3,255,15,15,255,255,15,15,6,steady,193688579,193688579,0,0,0,1.7854777525248397e+18,1.7854777527185283e+18,7695661293,7889349872,lane15:F3:s14->s15,560770649,1785477744809154297,1785477752504815590,1785477752698504169
55,lane15:B0:s12->s11,pp_message,backward,0,-1,12,15,207,191,12,11,-1,p2p,98176190,0,0,4712346,93463844,,,7728145961,7826322151,rank207:B0,0,1785477744809154297,1785477752537300258,1785477752635476448
55,rank191:B0,compute,backward,0,191,11,15,191,191,11,11,4,cooldown,677301252,677301252,0,0,0,1.785477752649906e+18,1.7854777533272072e+18,7826322151,8503623403,lane15:B0:s12->s11,2719585138,1785477744809154297,1785477752635476448,1785477753312777700
55,rank255:B3,compute,backward,3,255,15,15,255,255,15,15,7,steady,365444317,365444317,0,0,0,1.7854777527187986e+18,1.785477753084243e+18,7889349872,8254794189,rank255:F3,0,1785477744809154297,1785477752698504169,1785477753063948486
55,lane15:B1:s13->s12,pp_message,backward,1,-1,13,15,223,207,13,12,-1,p2p,98176190,0,0,4712346,93463844,,,8061408995,8159585185,rank223:B1,0,1785477744809154297,1785477752870563292,1785477752968739482
55,rank207:B1,compute,backward,1,207,12,15,207,207,12,12,5,cooldown,682232262,682232262,0,0,0,1.7854777529884838e+18,1.785477753670716e+18,8159585185,8841817447,lane15:B1:s13->s12,431439224,1785477744809154297,1785477752968739482,1785477753650971744
55,lane15:B3:s15->s14,pp_message,backward,3,-1,15,15,255,239,15,14,-1,p2p,98176190,0,0,4712346,93463844,,,8254794189,8352970379,rank255:B3,0,1785477744809154297,1785477753063948486,1785477753162124676
55,lane15:B2:s14->s13,pp_message,backward,2,-1,14,15,239,223,14,13,-1,p2p,98176190,0,0,4712346,93463844,,,8421040474,8519216664,rank239:B2,0,1785477744809154297,1785477753230194771,1785477753328370961
55,lane15:B0:s11->s10,pp_message,backward,0,-1,11,15,191,175,11,10,-1,p2p,98176190,0,0,4712346,93463844,,,8503623403,8601799593,rank191:B0,0,1785477744809154297,1785477753312777700,1785477753410953890
55,rank223:B2,compute,backward,2,223,13,15,223,223,13,13,6,cooldown,682294226,682294226,0,0,0,1.785477753349788e+18,1.7854777540320822e+18,8519216664,9201510890,lane15:B2:s14->s13,457807669,1785477744809154297,1785477753328370961,1785477754010665187
55,rank239:B3,compute,backward,3,239,14,15,239,239,14,14,7,cooldown,693777856,693777856,0,0,0,1.7854777533552865e+18,1.7854777540490644e+18,8519216664,9212994520,lane15:B2:s14->s13,98176190,1785477744809154297,1785477753328370961,1785477754022148817
55,rank175:B0,compute,backward,0,175,10,15,175,175,10,10,4,cooldown,688447081,688447081,0,0,0,1.78547775342498e+18,1.7854777541134272e+18,8601799593,9290246674,lane15:B0:s11->s10,3806600020,1785477744809154297,1785477753410953890,1785477754099400971
55,lane15:B1:s12->s11,pp_message,backward,1,-1,12,15,207,191,12,11,-1,p2p,98176190,0,0,4712346,93463844,,,8841817447,8939993637,rank207:B1,0,1785477744809154297,1785477753650971744,1785477753749147934
55,rank191:B1,compute,backward,1,191,11,15,191,191,11,11,5,cooldown,676396488,676396488,0,0,0,1.7854777537693327e+18,1.7854777544457293e+18,8939993637,9616390125,lane15:B1:s12->s11,436370234,1785477744809154297,1785477753749147934,1785477754425544422
55,lane15:B2:s13->s12,pp_message,backward,2,-1,13,15,223,207,13,12,-1,p2p,98176190,0,0,4712346,93463844,,,9201510890,9299687080,rank223:B2,0,1785477744809154297,1785477754010665187,1785477754108841377
55,lane15:B3:s14->s13,pp_message,backward,3,-1,14,15,239,223,14,13,-1,p2p,98176190,0,0,4712346,93463844,,,9212994520,9311170710,rank239:B3,0,1785477744809154297,1785477754022148817,1785477754120325007
55,lane15:B0:s10->s9,pp_message,backward,0,-1,10,15,175,159,10,9,-1,p2p,98176190,0,0,4712346,93463844,,,9290246674,9388422864,rank175:B0,0,1785477744809154297,1785477754099400971,1785477754197577161
55,rank207:B2,compute,backward,2,207,12,15,207,207,12,12,6,cooldown,677432828,677432828,0,0,0,1.7854777541309053e+18,1.7854777548083382e+18,9299687080,9977119908,lane15:B2:s13->s12,457869633,1785477744809154297,1785477754108841377,1785477754786274205
55,rank223:B3,compute,backward,3,223,13,15,223,223,13,13,7,cooldown,681924487,681924487,0,0,0,1.785477754148872e+18,1.7854777548307963e+18,9311170710,9993095197,lane15:B3:s14->s13,109659820,1785477744809154297,1785477754120325007,1785477754802249494
55,rank159:B0,compute,backward,0,159,9,15,159,159,9,9,4,cooldown,708465458,708465458,0,0,0,1.7854777542129876e+18,1.785477754921453e+18,9388422864,10096888322,lane15:B0:s10->s9,5052651666,1785477744809154297,1785477754197577161,1785477754906042619
55,lane15:B1:s11->s10,pp_message,backward,1,-1,11,15,191,175,11,10,-1,p2p,98176190,0,0,4712346,93463844,,,9616390125,9714566315,rank191:B1,0,1785477744809154297,1785477754425544422,1785477754523720612
55,rank175:B1,compute,backward,1,175,10,15,175,175,10,10,5,cooldown,685644426,685644426,0,0,0,1.7854777545436838e+18,1.7854777552293284e+18,9714566315,10400210741,lane15:B1:s11->s10,424319641,1785477744809154297,1785477754523720612,1785477755209365038
55,lane15:B2:s12->s11,pp_message,backward,2,-1,12,15,207,191,12,11,-1,p2p,98176190,0,0,4712346,93463844,,,9977119908,10075296098,rank207:B2,0,1785477744809154297,1785477754786274205,1785477754884450395
55,lane15:B3:s13->s12,pp_message,backward,3,-1,13,15,223,207,13,12,-1,p2p,98176190,0,0,4712346,93463844,,,9993095197,10091271387,rank223:B3,0,1785477744809154297,1785477754802249494,1785477754900425684
55,rank191:B2,compute,backward,2,191,11,15,191,191,11,11,6,cooldown,678344231,678344231,0,0,0,1.785477754906594e+18,1.7854777555849382e+18,10075296098,10753640329,lane15:B2:s12->s11,458905973,1785477744809154297,1785477754884450395,1785477755562794626
55,rank207:B3,compute,backward,3,207,12,15,207,207,12,12,7,cooldown,675971109,675971109,0,0,0,1.7854777549286792e+18,1.7854777556046502e+18,10091271387,10767242496,lane15:B3:s13->s12,114151479,1785477744809154297,1785477754900425684,1785477755576396793
55,lane15:B0:s9->s8,pp_message,backward,0,-1,9,15,159,143,9,8,-1,p2p,98176190,0,0,4712346,93463844,,,10096888322,10195064512,rank159:B0,0,1785477744809154297,1785477754906042619,1785477755004218809
55,rank143:B0,compute,backward,0,143,8,15,143,143,8,8,4,cooldown,719837740,719837740,0,0,0,1.7854777550207852e+18,1.7854777557406228e+18,10195064512,10914902252,lane15:B0:s9->s8,6186647345,1785477744809154297,1785477755004218809,1785477755724056549
55,lane15:B1:s10->s9,pp_message,backward,1,-1,10,15,175,159,10,9,-1,p2p,98176190,0,0,4712346,93463844,,,10400210741,10498386931,rank175:B1,0,1785477744809154297,1785477755209365038,1785477755307541228
55,rank159:B1,compute,backward,1,159,9,15,159,159,9,9,5,cooldown,712739674,712739674,0,0,0,1.7854777553275592e+18,1.7854777560402988e+18,10498386931,11211126605,lane15:B1:s10->s9,401498609,1785477744809154297,1785477755307541228,1785477756020280902
55,lane15:B2:s11->s10,pp_message,backward,2,-1,11,15,191,175,11,10,-1,p2p,98176190,0,0,4712346,93463844,,,10753640329,10851816519,rank191:B2,0,1785477744809154297,1785477755562794626,1785477755660970816
55,lane15:B3:s12->s11,pp_message,backward,3,-1,12,15,207,191,12,11,-1,p2p,98176190,0,0,4712346,93463844,,,10767242496,10865418686,rank207:B3,0,1785477744809154297,1785477755576396793,1785477755674572983
55,rank175:B2,compute,backward,2,175,10,15,175,175,10,10,6,cooldown,683881861,683881861,0,0,0,1.7854777556825472e+18,1.785477756366429e+18,10851816519,11535698380,lane15:B2:s11->s10,451605778,1785477744809154297,1785477755660970816,1785477756344852677
55,rank191:B3,compute,backward,3,191,11,15,191,191,11,11,7,cooldown,684894676,684894676,0,0,0,1.7854777557034726e+18,1.7854777563883674e+18,10865418686,11550313362,lane15:B3:s12->s11,111778357,1785477744809154297,1785477755674572983,1785477756359467659
55,lane15:B0:s8->s7,pp_message,backward,0,-1,8,15,143,127,8,7,-1,p2p,98176190,0,0,4712346,93463844,,,10914902252,11013078442,rank143:B0,0,1785477744809154297,1785477755724056549,1785477755822232739
55,rank127:B0,compute,backward,0,127,7,15,127,127,7,7,4,cooldown,683308209,683308209,0,0,0,1.7854777558402578e+18,1.7854777565235658e+18,11013078442,11696386651,lane15:B0:s8->s7,7319189173,1785477744809154297,1785477755822232739,1785477756505540948
55,lane15:B1:s9->s8,pp_message,backward,1,-1,9,15,159,143,9,8,-1,p2p,98176190,0,0,4712346,93463844,,,11211126605,11309302795,rank159:B1,0,1785477744809154297,1785477756020280902,1785477756118457092
55,rank143:B1,compute,backward,1,143,8,15,143,143,8,8,5,cooldown,711899431,711899431,0,0,0,1.7854777561399201e+18,1.7854777568518195e+18,11309302795,12021202226,lane15:B1:s9->s8,394400543,1785477744809154297,1785477756118457092,1785477756830356523
55,lane15:B2:s10->s9,pp_message,backward,2,-1,10,15,175,159,10,9,-1,p2p,98176190,0,0,4712346,93463844,,,11535698380,11633874570,rank175:B2,0,1785477744809154297,1785477756344852677,1785477756443028867
55,lane15:B3:s11->s10,pp_message,backward,3,-1,11,15,191,175,11,10,-1,p2p,98176190,0,0,4712346,93463844,,,11550313362,11648489552,rank191:B3,0,1785477744809154297,1785477756359467659,1785477756457643849
55,rank159:B2,compute,backward,2,159,9,15,159,159,9,9,6,cooldown,702751714,702751714,0,0,0,1.785477756465215e+18,1.7854777571679667e+18,11633874570,12336626284,lane15:B2:s10->s9,422747965,1785477744809154297,1785477756443028867,1785477757145780581
55,rank175:B3,compute,backward,3,175,10,15,175,175,10,10,7,cooldown,683509159,683509159,0,0,0,1.7854777564873874e+18,1.7854777571708966e+18,11648489552,12331998711,lane15:B3:s11->s10,112791172,1785477744809154297,1785477756457643849,1785477757141153008
55,lane15:B0:s7->s6,pp_message,backward,0,-1,7,15,127,111,7,6,-1,p2p,98176190,0,0,4712346,93463844,,,11696386651,11794562841,rank127:B0,0,1785477744809154297,1785477756505540948,1785477756603717138
55,rank111:B0,compute,backward,0,111,6,15,111,111,6,6,4,cooldown,696710321,696710321,0,0,0,1.7854777566231913e+18,1.7854777573199017e+18,11794562841,12491273162,lane15:B0:s7->s6,8414819901,1785477744809154297,1785477756603717138,1785477757300427459
55,lane15:B1:s8->s7,pp_message,backward,1,-1,8,15,143,127,8,7,-1,p2p,98176190,0,0,4712346,93463844,,,12021202226,12119378416,rank143:B1,0,1785477744809154297,1785477756830356523,1785477756928532713
55,rank127:B1,compute,backward,1,127,7,15,127,127,7,7,5,cooldown,685878677,685878677,0,0,0,1.7854777569504443e+18,1.785477757636323e+18,12119378416,12805257093,lane15:B1:s8->s7,422991765,1785477744809154297,1785477756928532713,1785477757614411390
55,lane15:B3:s10->s9,pp_message,backward,3,-1,10,15,175,159,10,9,-1,p2p,98176190,0,0,4712346,93463844,,,12331998711,12430174901,rank175:B3,0,1785477744809154297,1785477757141153008,1785477757239329198
55,lane15:B2:s9->s8,pp_message,backward,2,-1,9,15,159,143,9,8,-1,p2p,98176190,0,0,4712346,93463844,,,12336626284,12434802474,rank159:B2,0,1785477744809154297,1785477757145780581,1785477757243956771
55,rank143:B2,compute,backward,2,143,8,15,143,143,8,8,6,cooldown,693232807,693232807,0,0,0,1.7854777572663798e+18,1.7854777579596127e+18,12434802474,13128035281,lane15:B2:s9->s8,413600248,1785477744809154297,1785477757243956771,1785477757937189578
55,rank159:B3,compute,backward,3,159,9,15,159,159,9,9,7,cooldown,716670781,716670781,0,0,0,1.7854777572716718e+18,1.7854777579883425e+18,12434802474,13151473255,lane15:B2:s9->s8,98176190,1785477744809154297,1785477757243956771,1785477757960627552
55,lane15:B0:s6->s5,pp_message,backward,0,-1,6,15,111,95,6,5,-1,p2p,98176190,0,0,4712346,93463844,,,12491273162,12589449352,rank111:B0,0,1785477744809154297,1785477757300427459,1785477757398603649
55,rank95:B0,compute,backward,0,95,5,15,95,95,5,5,4,cooldown,689593224,689593224,0,0,0,1.7854777574194563e+18,1.7854777581090496e+18,12589449352,13279042576,lane15:B0:s6->s5,9549568516,1785477744809154297,1785477757398603649,1785477758088196873
55,lane15:B1:s7->s6,pp_message,backward,1,-1,7,15,127,111,7,6,-1,p2p,98176190,0,0,4712346,93463844,,,12805257093,12903433283,rank127:B1,0,1785477744809154297,1785477757614411390,1785477757712587580
55,rank111:B1,compute,backward,1,111,6,15,111,111,6,6,5,cooldown,695754720,695754720,0,0,0,1.7854777577358513e+18,1.7854777584316058e+18,12903433283,13599188003,lane15:B1:s7->s6,412160121,1785477744809154297,1785477757712587580,1785477758408342300
55,lane15:B2:s8->s7,pp_message,backward,2,-1,8,15,143,127,8,7,-1,p2p,98176190,0,0,4712346,93463844,,,13128035281,13226211471,rank143:B2,0,1785477744809154297,1785477757937189578,1785477758035365768
55,lane15:B3:s9->s8,pp_message,backward,3,-1,9,15,159,143,9,8,-1,p2p,98176190,0,0,4712346,93463844,,,13151473255,13249649445,rank159:B3,0,1785477744809154297,1785477757960627552,1785477758058803742
55,rank127:B2,compute,backward,2,127,7,15,127,127,7,7,6,cooldown,685474096,685474096,0,0,0,1.7854777580578363e+18,1.7854777587433103e+18,13226211471,13911685567,lane15:B2:s8->s7,420954378,1785477744809154297,1785477758035365768,1785477758720839864
55,rank143:B3,compute,backward,3,143,8,15,143,143,8,8,7,cooldown,721776638,721776638,0,0,0,1.7854777580873004e+18,1.785477758809077e+18,13249649445,13971426083,lane15:B3:s9->s8,121614164,1785477744809154297,1785477758058803742,1785477758780580380
55,lane15:B0:s5->s4,pp_message,backward,0,-1,5,15,95,79,5,4,-1,p2p,98176190,0,0,4712346,93463844,,,13279042576,13377218766,rank95:B0,0,1785477744809154297,1785477758088196873,1785477758186373063
55,rank79:B0,compute,backward,0,79,4,15,79,79,4,4,4,cooldown,700388894,700388894,0,0,0,1.785477758209577e+18,1.785477758909966e+18,13377218766,14077607660,lane15:B0:s5->s4,10765909635,1785477744809154297,1785477758186373063,1785477758886761957
55,lane15:B1:s6->s5,pp_message,backward,1,-1,6,15,111,95,6,5,-1,p2p,98176190,0,0,4712346,93463844,,,13599188003,13697364193,rank111:B1,0,1785477744809154297,1785477758408342300,1785477758506518490
55,rank95:B1,compute,backward,1,95,5,15,95,95,5,5,5,cooldown,687078599,687078599,0,0,0,1.7854777585292954e+18,1.785477759216374e+18,13697364193,14384442792,lane15:B1:s6->s5,418321617,1785477744809154297,1785477758506518490,1785477759193597089
55,lane15:B2:s7->s6,pp_message,backward,2,-1,7,15,127,111,7,6,-1,p2p,98176190,0,0,4712346,93463844,,,13911685567,14009861757,rank127:B2,0,1785477744809154297,1785477758720839864,1785477758819016054
55,lane15:B3:s8->s7,pp_message,backward,3,-1,8,15,143,127,8,7,-1,p2p,98176190,0,0,4712346,93463844,,,13971426083,14069602273,rank143:B3,0,1785477744809154297,1785477758780580380,1785477758878756570
55,rank111:B2,compute,backward,2,111,6,15,111,111,6,6,6,cooldown,697520017,697520017,0,0,0,1.7854777588426066e+18,1.7854777595401267e+18,14009861757,14707381774,lane15:B2:s7->s6,410673754,1785477744809154297,1785477758819016054,1785477759516536071
55,rank127:B3,compute,backward,3,127,7,15,127,127,7,7,7,cooldown,679996866,679996866,0,0,0,1.7854777589085376e+18,1.7854777595885345e+18,14069602273,14749599139,lane15:B3:s8->s7,157916706,1785477744809154297,1785477758878756570,1785477759558753436
55,lane15:B0:s4->s3,pp_message,backward,0,-1,4,15,79,63,4,3,-1,p2p,98176190,0,0,4712346,93463844,,,14077607660,14175783850,rank79:B0,0,1785477744809154297,1785477758886761957,1785477758984938147
55,rank63:B0,compute,backward,0,63,3,15,63,63,3,3,4,cooldown,724779119,724779119,0,0,0,1.7854777590093064e+18,1.7854777597340854e+18,14175783850,14900562969,lane15:B0:s4->s3,11898530626,1785477744809154297,1785477758984938147,1785477759709717266
55,lane15:B1:s5->s4,pp_message,backward,1,-1,5,15,95,79,5,4,-1,p2p,98176190,0,0,4712346,93463844,,,14384442792,14482618982,rank95:B1,0,1785477744809154297,1785477759193597089,1785477759291773279
55,rank79:B1,compute,backward,1,79,4,15,79,79,4,4,5,cooldown,698879019,698879019,0,0,0,1.7854777593153705e+18,1.7854777600142495e+18,14482618982,15181498001,lane15:B1:s5->s4,405011322,1785477744809154297,1785477759291773279,1785477759990652298
55,lane15:B2:s6->s5,pp_message,backward,2,-1,6,15,111,95,6,5,-1,p2p,98176190,0,0,4712346,93463844,,,14707381774,14805557964,rank111:B2,0,1785477744809154297,1785477759516536071,1785477759614712261
55,lane15:B3:s7->s6,pp_message,backward,3,-1,7,15,127,111,7,6,-1,p2p,98176190,0,0,4712346,93463844,,,14749599139,14847775329,rank127:B3,0,1785477744809154297,1785477759558753436,1785477759656929626
55,rank95:B2,compute,backward,2,95,5,15,95,95,5,5,6,cooldown,687857813,687857813,0,0,0,1.7854777596374339e+18,1.7854777603252918e+18,14805557964,15493415777,lane15:B2:s6->s5,421115172,1785477744809154297,1785477759614712261,1785477760302570074
55,rank111:B3,compute,backward,3,111,6,15,111,111,6,6,7,cooldown,697517332,697517332,0,0,0,1.7854777596876977e+18,1.7854777603852152e+18,14847775329,15545292661,lane15:B3:s7->s6,140393555,1785477744809154297,1785477759656929626,1785477760354446958
55,lane15:B0:s3->s2,pp_message,backward,0,-1,3,15,63,47,3,2,-1,p2p,98176190,0,0,4712346,93463844,,,14900562969,14998739159,rank63:B0,0,1785477744809154297,1785477759709717266,1785477759807893456
55,rank47:B0,compute,backward,0,47,2,15,47,47,2,2,4,cooldown,704756501,704756501,0,0,0,1.7854777598337482e+18,1.7854777605385047e+18,14998739159,15703495660,lane15:B0:s3->s2,13148680193,1785477744809154297,1785477759807893456,1785477760512649957
55,lane15:B1:s4->s3,pp_message,backward,1,-1,4,15,79,63,4,3,-1,p2p,98176190,0,0,4712346,93463844,,,15181498001,15279674191,rank79:B1,0,1785477744809154297,1785477759990652298,1785477760088828488
55,rank63:B1,compute,backward,1,63,3,15,63,63,3,3,5,cooldown,696601969,696601969,0,0,0,1.7854777601133156e+18,1.7854777608099177e+18,15279674191,15976276160,lane15:B1:s4->s3,379111222,1785477744809154297,1785477760088828488,1785477760785430457
55,lane15:B2:s5->s4,pp_message,backward,2,-1,5,15,95,79,5,4,-1,p2p,98176190,0,0,4712346,93463844,,,15493415777,15591591967,rank95:B2,0,1785477744809154297,1785477760302570074,1785477760400746264
55,lane15:B3:s6->s5,pp_message,backward,3,-1,6,15,111,95,6,5,-1,p2p,98176190,0,0,4712346,93463844,,,15545292661,15643468851,rank111:B3,0,1785477744809154297,1785477760354446958,1785477760452623148
55,rank79:B2,compute,backward,2,79,4,15,79,79,4,4,6,cooldown,700455090,700455090,0,0,0,1.7854777604236977e+18,1.7854777611241528e+18,15591591967,16292047057,lane15:B2:s5->s4,410093966,1785477744809154297,1785477760400746264,1785477761101201354
55,rank95:B3,compute,backward,3,95,5,15,95,95,5,5,7,cooldown,686911919,686911919,0,0,0,1.7854777604832335e+18,1.7854777611701455e+18,15643468851,16330380770,lane15:B3:s6->s5,150053074,1785477744809154297,1785477760452623148,1785477761139535067
55,lane15:B0:s2->s1,pp_message,backward,0,-1,2,15,47,31,2,1,-1,p2p,98176190,0,0,4712346,93463844,,,15703495660,15801671850,rank47:B0,0,1785477744809154297,1785477760512649957,1785477760610826147
55,rank31:B0,compute,backward,0,31,1,15,31,31,1,1,4,cooldown,722742326,722742326,0,0,0,1.7854777606388206e+18,1.785477761361563e+18,15801671850,16524414176,lane15:B0:s2->s1,14308874352,1785477744809154297,1785477760610826147,1785477761333568473
55,lane15:B1:s3->s2,pp_message,backward,1,-1,3,15,63,47,3,2,-1,p2p,98176190,0,0,4712346,93463844,,,15976276160,16074452350,rank63:B1,0,1785477744809154297,1785477760785430457,1785477760883606647
55,rank47:B1,compute,backward,1,47,2,15,47,47,2,2,5,cooldown,758514063,758514063,0,0,0,1.7854777609082422e+18,1.7854777616667564e+18,16074452350,16832966413,lane15:B1:s3->s2,370956690,1785477744809154297,1785477760883606647,1785477761642120710
55,lane15:B2:s4->s3,pp_message,backward,2,-1,4,15,79,63,4,3,-1,p2p,98176190,0,0,4712346,93463844,,,16292047057,16390223247,rank79:B2,0,1785477744809154297,1785477761101201354,1785477761199377544
55,lane15:B3:s5->s4,pp_message,backward,3,-1,5,15,95,79,5,4,-1,p2p,98176190,0,0,4712346,93463844,,,16330380770,16428556960,rank95:B3,0,1785477744809154297,1785477761139535067,1785477761237711257
55,rank63:B2,compute,backward,2,63,3,15,63,63,3,3,6,cooldown,692361837,692361837,0,0,0,1.7854777612232481e+18,1.7854777619156099e+18,16390223247,17082585084,lane15:B2:s4->s3,413947087,1785477744809154297,1785477761199377544,1785477761891739381
55,rank79:B3,compute,backward,3,79,4,15,79,79,4,4,7,cooldown,700346835,700346835,0,0,0,1.7854777612685197e+18,1.7854777619688666e+18,16428556960,17128903795,lane15:B3:s5->s4,136509903,1785477744809154297,1785477761237711257,1785477761938058092
55,lane15:B0:s1->s0,pp_message,backward,0,-1,1,15,31,15,1,0,-1,p2p,98176190,0,0,4712346,93463844,,,16524414176,16622590366,rank31:B0,0,1785477744809154297,1785477761333568473,1785477761431744663
55,rank15:B0,compute,backward,0,15,0,15,15,15,0,0,4,cooldown,409230380,409230380,0,0,0,1.7854777614614958e+18,1.7854777618707261e+18,16622590366,17031820746,lane15:B0:s1->s0,15957103942,1785477744809154297,1785477761431744663,1785477761840975043
55,lane15:B1:s2->s1,pp_message,backward,1,-1,2,15,47,31,2,1,-1,p2p,98176190,0,0,4712346,93463844,,,16832966413,16931142603,rank47:B1,0,1785477744809154297,1785477761642120710,1785477761740296900
55,rank31:B1,compute,backward,1,31,1,15,31,31,1,1,5,cooldown,725954529,725954529,0,0,0,1.785477761765817e+18,1.7854777624917716e+18,16931142603,17657097132,lane15:B1:s2->s1,406728427,1785477744809154297,1785477761740296900,1785477762466251429
55,lane15:B2:s3->s2,pp_message,backward,2,-1,3,15,63,47,3,2,-1,p2p,98176190,0,0,4712346,93463844,,,17082585084,17180761274,rank63:B2,0,1785477744809154297,1785477761891739381,1785477761989915571
55,lane15:B3:s4->s3,pp_message,backward,3,-1,4,15,79,63,4,3,-1,p2p,98176190,0,0,4712346,93463844,,,17128903795,17227079985,rank79:B3,0,1785477744809154297,1785477761938058092,1785477762036234282
55,rank47:B2,compute,backward,2,47,2,15,47,47,2,2,6,cooldown,708123079,708123079,0,0,0,1.785477762014089e+18,1.7854777627222118e+18,17180761274,17888884353,lane15:B2:s3->s2,347794861,1785477744809154297,1785477761989915571,1785477762698038650
55,rank63:B3,compute,backward,3,63,3,15,63,63,3,3,7,cooldown,692214009,692214009,0,0,0,1.7854777620668083e+18,1.7854777627590223e+18,17227079985,17919293994,lane15:B3:s4->s3,144494901,1785477744809154297,1785477762036234282,1785477762728448291
55,lane15:B1:s1->s0,pp_message,backward,1,-1,1,15,31,15,1,0,-1,p2p,98176190,0,0,4712346,93463844,,,17657097132,17755273322,rank31:B1,0,1785477744809154297,1785477762466251429,1785477762564427619
55,rank15:B1,compute,backward,1,15,0,15,15,15,0,0,5,cooldown,415305673,415305673,0,0,0,1.7854777625913572e+18,1.785477763006663e+18,17755273322,18170578995,lane15:B1:s1->s0,723452576,1785477744809154297,1785477762564427619,1785477762979733292
55,lane15:B2:s2->s1,pp_message,backward,2,-1,2,15,47,31,2,1,-1,p2p,98176190,0,0,4712346,93463844,,,17888884353,17987060543,rank47:B2,0,1785477744809154297,1785477762698038650,1785477762796214840
55,lane15:B3:s3->s2,pp_message,backward,3,-1,3,15,63,47,3,2,-1,p2p,98176190,0,0,4712346,93463844,,,17919293994,18017470184,rank63:B3,0,1785477744809154297,1785477762728448291,1785477762826624481
55,rank31:B2,compute,backward,2,31,1,15,31,31,1,1,6,cooldown,725017541,725017541,0,0,0,1.7854777628213187e+18,1.7854777635463363e+18,17987060543,18712078084,lane15:B2:s2->s1,329963411,1785477744809154297,1785477762796214840,1785477763521232381
55,rank47:B3,compute,backward,3,47,2,15,47,47,2,2,7,cooldown,704986549,704986549,0,0,0,1.7854777628571786e+18,1.785477763562165e+18,18017470184,18722456733,lane15:B3:s3->s2,128585831,1785477744809154297,1785477762826624481,1785477763531611030
55,lane15:B2:s1->s0,pp_message,backward,2,-1,1,15,31,15,1,0,-1,p2p,98176190,0,0,4712346,93463844,,,18712078084,18810254274,rank31:B2,0,1785477744809154297,1785477763521232381,1785477763619408571
55,lane15:B3:s2->s1,pp_message,backward,3,-1,2,15,47,31,2,1,-1,p2p,98176190,0,0,4712346,93463844,,,18722456733,18820632923,rank47:B3,0,1785477744809154297,1785477763531611030,1785477763629787220
55,rank15:B2,compute,backward,2,15,0,15,15,15,0,0,6,cooldown,409597141,409597141,0,0,0,1.7854777636437537e+18,1.7854777640533507e+18,18810254274,19219851415,lane15:B2:s1->s0,639675279,1785477744809154297,1785477763619408571,1785477764029005712
55,rank31:B3,compute,backward,3,31,1,15,31,31,1,1,7,cooldown,727660960,727660960,0,0,0,1.7854777636612598e+18,1.7854777643889208e+18,18820632923,19548293883,lane15:B3:s2->s1,108554839,1785477744809154297,1785477763629787220,1785477764357448180
55,lane15:B3:s1->s0,pp_message,backward,3,-1,1,15,31,15,1,0,-1,p2p,98176190,0,0,4712346,93463844,,,19548293883,19646470073,rank31:B3,0,1785477744809154297,1785477764357448180,1785477764455624370
55,rank15:B3,compute,backward,3,15,0,15,15,15,0,0,7,cooldown,408369476,408369476,0,0,0,1.785477764486534e+18,1.7854777648949033e+18,19646470073,20054839549,lane15:B3:s1->s0,426618658,1785477744809154297,1785477764455624370,1785477764863993846
