key_format,timing_component,timing_source,nodes,positive_compute_nodes
(empty),collective_max_join,v62_overlap_protocol,47136,0
(empty),pp_trace_wall,sealed_v54_pp,624,0
(empty),structural_operator_zero_cost,cost_carried_by_physical_slot_token,146432,0
(empty),tail_ag0_completion,sealed_v54_tail_collective,126,0
(empty),tail_ag1_completion,sealed_v54_tail_collective,126,0
(empty),tail_rank_release_delay,sealed_v54_rank_release,224,0
(empty),tail_rs_completion,sealed_v54_tail_collective,126,0
(empty),zero_duration_dependency,v631_explicit_barrier_structure,14,0
(empty),zero_duration_dependency,v63_dependency_structure,1,0
(empty),zero_duration_dependency,v66_optimizer_post_ag0_join,14,0
(empty),zero_duration_dependency,v6_structure,2087,0
B2B,program_order_zero_duration,backward_requires_activation_and_downstream_gradient,400,0
F2F,program_order_zero_duration,static_1f1b_blocking_pp_api,400,0
backward,physical_exposed_slot_clock,source256_trace_iterations_85_100_median,48,48
backward,physical_step_exit_clock,source256_trace_iterations_85_100_median,48,48
backward,physical_step_exit_clock,v61_physical_slot_active_union,624,0
compute_gap,physical_exposed_slot_clock,source256_exact_global_layer_compute_plus_local_gap,47088,38544
compute_overlap,physical_overlap_slot_clock,source256_exact_global_layer_compute_overlap,32352,32320
forward,physical_step_exit_clock,source256_trace_iterations_85_100_median,48,48
global_control_completion_tail,global_control_completion_tail,source256_tail_after_last_arrival_median,2,0
local_completion,local_collective_completion,source256_exact_global_layer_local_completion,47136,0
optimizer_ar0_to_ar1_compute,optimizer_ar0_to_ar1_compute,source256_optimizer_phase_segment_fraction,224,224
optimizer_post_ag0_compute,optimizer_post_ag0_compute,source256_optimizer_phase_segment_remainder,224,224
optimizer_pre_ag0_compute,optimizer_pre_ag0_compute,source256_optimizer_phase_segment_fraction,224,224
pp_gradient:receiver0:lane0:mb0,pp_trace_wall,source256_receiver_stage_lane_microbatch_gradient_wall_median,1,0
pp_gradient:receiver0:lane0:mb1,pp_trace_wall,source256_receiver_stage_lane_microbatch_gradient_wall_median,1,0
pp_gradient:receiver0:lane0:mb2,pp_trace_wall,source256_receiver_stage_lane_microbatch_gradient_wall_median,1,0
pp_gradient:receiver0:lane10:mb0,pp_trace_wall,source256_receiver_stage_lane_microbatch_gradient_wall_median,1,0
pp_gradient:receiver0:lane10:mb1,pp_trace_wall,source256_receiver_stage_lane_microbatch_gradient_wall_median,1,0
pp_gradient:receiver0:lane10:mb2,pp_trace_wall,source256_receiver_stage_lane_microbatch_gradient_wall_median,1,0
pp_gradient:receiver0:lane11:mb0,pp_trace_wall,source256_receiver_stage_lane_microbatch_gradient_wall_median,1,0
pp_gradient:receiver0:lane11:mb1,pp_trace_wall,source256_receiver_stage_lane_microbatch_gradient_wall_median,1,0
pp_gradient:receiver0:lane11:mb2,pp_trace_wall,source256_receiver_stage_lane_microbatch_gradient_wall_median,1,0
pp_gradient:receiver0:lane12:mb0,pp_trace_wall,source256_receiver_stage_lane_microbatch_gradient_wall_median,1,0
pp_gradient:receiver0:lane12:mb1,pp_trace_wall,source256_receiver_stage_lane_microbatch_gradient_wall_median,1,0
pp_gradient:receiver0:lane12:mb2,pp_trace_wall,source256_receiver_stage_lane_microbatch_gradient_wall_median,1,0
pp_gradient:receiver0:lane13:mb0,pp_trace_wall,source256_receiver_stage_lane_microbatch_gradient_wall_median,1,0
pp_gradient:receiver0:lane13:mb1,pp_trace_wall,source256_receiver_stage_lane_microbatch_gradient_wall_median,1,0
pp_gradient:receiver0:lane13:mb2,pp_trace_wall,source256_receiver_stage_lane_microbatch_gradient_wall_median,1,0
pp_gradient:receiver0:lane14:mb0,pp_trace_wall,source256_receiver_stage_lane_microbatch_gradient_wall_median,1,0
pp_gradient:receiver0:lane14:mb1,pp_trace_wall,source256_receiver_stage_lane_microbatch_gradient_wall_median,1,0
pp_gradient:receiver0:lane14:mb2,pp_trace_wall,source256_receiver_stage_lane_microbatch_gradient_wall_median,1,0
pp_gradient:receiver0:lane15:mb0,pp_trace_wall,source256_receiver_stage_lane_microbatch_gradient_wall_median,1,0
pp_gradient:receiver0:lane15:mb1,pp_trace_wall,source256_receiver_stage_lane_microbatch_gradient_wall_median,1,0
pp_gradient:receiver0:lane15:mb2,pp_trace_wall,source256_receiver_stage_lane_microbatch_gradient_wall_median,1,0
pp_gradient:receiver0:lane1:mb0,pp_trace_wall,source256_receiver_stage_lane_microbatch_gradient_wall_median,1,0
pp_gradient:receiver0:lane1:mb1,pp_trace_wall,source256_receiver_stage_lane_microbatch_gradient_wall_median,1,0
pp_gradient:receiver0:lane1:mb2,pp_trace_wall,source256_receiver_stage_lane_microbatch_gradient_wall_median,1,0
pp_gradient:receiver0:lane2:mb0,pp_trace_wall,source256_receiver_stage_lane_microbatch_gradient_wall_median,1,0
pp_gradient:receiver0:lane2:mb1,pp_trace_wall,source256_receiver_stage_lane_microbatch_gradient_wall_median,1,0
pp_gradient:receiver0:lane2:mb2,pp_trace_wall,source256_receiver_stage_lane_microbatch_gradient_wall_median,1,0
pp_gradient:receiver0:lane3:mb0,pp_trace_wall,source256_receiver_stage_lane_microbatch_gradient_wall_median,1,0
pp_gradient:receiver0:lane3:mb1,pp_trace_wall,source256_receiver_stage_lane_microbatch_gradient_wall_median,1,0
pp_gradient:receiver0:lane3:mb2,pp_trace_wall,source256_receiver_stage_lane_microbatch_gradient_wall_median,1,0
pp_gradient:receiver0:lane4:mb0,pp_trace_wall,source256_receiver_stage_lane_microbatch_gradient_wall_median,1,0
pp_gradient:receiver0:lane4:mb1,pp_trace_wall,source256_receiver_stage_lane_microbatch_gradient_wall_median,1,0
pp_gradient:receiver0:lane4:mb2,pp_trace_wall,source256_receiver_stage_lane_microbatch_gradient_wall_median,1,0
pp_gradient:receiver0:lane5:mb0,pp_trace_wall,source256_receiver_stage_lane_microbatch_gradient_wall_median,1,0
pp_gradient:receiver0:lane5:mb1,pp_trace_wall,source256_receiver_stage_lane_microbatch_gradient_wall_median,1,0
pp_gradient:receiver0:lane5:mb2,pp_trace_wall,source256_receiver_stage_lane_microbatch_gradient_wall_median,1,0
pp_gradient:receiver0:lane6:mb0,pp_trace_wall,source256_receiver_stage_lane_microbatch_gradient_wall_median,1,0
pp_gradient:receiver0:lane6:mb1,pp_trace_wall,source256_receiver_stage_lane_microbatch_gradient_wall_median,1,0
pp_gradient:receiver0:lane6:mb2,pp_trace_wall,source256_receiver_stage_lane_microbatch_gradient_wall_median,1,0
pp_gradient:receiver0:lane7:mb0,pp_trace_wall,source256_receiver_stage_lane_microbatch_gradient_wall_median,1,0
pp_gradient:receiver0:lane7:mb1,pp_trace_wall,source256_receiver_stage_lane_microbatch_gradient_wall_median,1,0
pp_gradient:receiver0:lane7:mb2,pp_trace_wall,source256_receiver_stage_lane_microbatch_gradient_wall_median,1,0
pp_gradient:receiver0:lane8:mb0,pp_trace_wall,source256_receiver_stage_lane_microbatch_gradient_wall_median,1,0
pp_gradient:receiver0:lane8:mb1,pp_trace_wall,source256_receiver_stage_lane_microbatch_gradient_wall_median,1,0
pp_gradient:receiver0:lane8:mb2,pp_trace_wall,source256_receiver_stage_lane_microbatch_gradient_wall_median,1,0
pp_gradient:receiver0:lane9:mb0,pp_trace_wall,source256_receiver_stage_lane_microbatch_gradient_wall_median,1,0
pp_gradient:receiver0:lane9:mb1,pp_trace_wall,source256_receiver_stage_lane_microbatch_gradient_wall_median,1,0
pp_gradient:receiver0:lane9:mb2,pp_trace_wall,source256_receiver_stage_lane_microbatch_gradient_wall_median,1,0
pp_gradient:receiver10:lane0:mb0,pp_trace_wall,source256_receiver_stage_lane_microbatch_gradient_wall_median,1,0
pp_gradient:receiver10:lane0:mb1,pp_trace_wall,source256_receiver_stage_lane_microbatch_gradient_wall_median,1,0
pp_gradient:receiver10:lane0:mb2,pp_trace_wall,source256_receiver_stage_lane_microbatch_gradient_wall_median,1,0
pp_gradient:receiver10:lane10:mb0,pp_trace_wall,source256_receiver_stage_lane_microbatch_gradient_wall_median,1,0
pp_gradient:receiver10:lane10:mb1,pp_trace_wall,source256_receiver_stage_lane_microbatch_gradient_wall_median,1,0
pp_gradient:receiver10:lane10:mb2,pp_trace_wall,source256_receiver_stage_lane_microbatch_gradient_wall_median,1,0
pp_gradient:receiver10:lane11:mb0,pp_trace_wall,source256_receiver_stage_lane_microbatch_gradient_wall_median,1,0
pp_gradient:receiver10:lane11:mb1,pp_trace_wall,source256_receiver_stage_lane_microbatch_gradient_wall_median,1,0
pp_gradient:receiver10:lane11:mb2,pp_trace_wall,source256_receiver_stage_lane_microbatch_gradient_wall_median,1,0
pp_gradient:receiver10:lane12:mb0,pp_trace_wall,source256_receiver_stage_lane_microbatch_gradient_wall_median,1,0
pp_gradient:receiver10:lane12:mb1,pp_trace_wall,source256_receiver_stage_lane_microbatch_gradient_wall_median,1,0
pp_gradient:receiver10:lane12:mb2,pp_trace_wall,source256_receiver_stage_lane_microbatch_gradient_wall_median,1,0
pp_gradient:receiver10:lane13:mb0,pp_trace_wall,source256_receiver_stage_lane_microbatch_gradient_wall_median,1,0
pp_gradient:receiver10:lane13:mb1,pp_trace_wall,source256_receiver_stage_lane_microbatch_gradient_wall_median,1,0
pp_gradient:receiver10:lane13:mb2,pp_trace_wall,source256_receiver_stage_lane_microbatch_gradient_wall_median,1,0
pp_gradient:receiver10:lane14:mb0,pp_trace_wall,source256_receiver_stage_lane_microbatch_gradient_wall_median,1,0
pp_gradient:receiver10:lane14:mb1,pp_trace_wall,source256_receiver_stage_lane_microbatch_gradient_wall_median,1,0
pp_gradient:receiver10:lane14:mb2,pp_trace_wall,source256_receiver_stage_lane_microbatch_gradient_wall_median,1,0
pp_gradient:receiver10:lane15:mb0,pp_trace_wall,source256_receiver_stage_lane_microbatch_gradient_wall_median,1,0
pp_gradient:receiver10:lane15:mb1,pp_trace_wall,source256_receiver_stage_lane_microbatch_gradient_wall_median,1,0
pp_gradient:receiver10:lane15:mb2,pp_trace_wall,source256_receiver_stage_lane_microbatch_gradient_wall_median,1,0
pp_gradient:receiver10:lane1:mb0,pp_trace_wall,source256_receiver_stage_lane_microbatch_gradient_wall_median,1,0
pp_gradient:receiver10:lane1:mb1,pp_trace_wall,source256_receiver_stage_lane_microbatch_gradient_wall_median,1,0
pp_gradient:receiver10:lane1:mb2,pp_trace_wall,source256_receiver_stage_lane_microbatch_gradient_wall_median,1,0
pp_gradient:receiver10:lane2:mb0,pp_trace_wall,source256_receiver_stage_lane_microbatch_gradient_wall_median,1,0
pp_gradient:receiver10:lane2:mb1,pp_trace_wall,source256_receiver_stage_lane_microbatch_gradient_wall_median,1,0
pp_gradient:receiver10:lane2:mb2,pp_trace_wall,source256_receiver_stage_lane_microbatch_gradient_wall_median,1,0
pp_gradient:receiver10:lane3:mb0,pp_trace_wall,source256_receiver_stage_lane_microbatch_gradient_wall_median,1,0
pp_gradient:receiver10:lane3:mb1,pp_trace_wall,source256_receiver_stage_lane_microbatch_gradient_wall_median,1,0
pp_gradient:receiver10:lane3:mb2,pp_trace_wall,source256_receiver_stage_lane_microbatch_gradient_wall_median,1,0
pp_gradient:receiver10:lane4:mb0,pp_trace_wall,source256_receiver_stage_lane_microbatch_gradient_wall_median,1,0
pp_gradient:receiver10:lane4:mb1,pp_trace_wall,source256_receiver_stage_lane_microbatch_gradient_wall_median,1,0
pp_gradient:receiver10:lane4:mb2,pp_trace_wall,source256_receiver_stage_lane_microbatch_gradient_wall_median,1,0
pp_gradient:receiver10:lane5:mb0,pp_trace_wall,source256_receiver_stage_lane_microbatch_gradient_wall_median,1,0
pp_gradient:receiver10:lane5:mb1,pp_trace_wall,source256_receiver_stage_lane_microbatch_gradient_wall_median,1,0
pp_gradient:receiver10:lane5:mb2,pp_trace_wall,source256_receiver_stage_lane_microbatch_gradient_wall_median,1,0
pp_gradient:receiver10:lane6:mb0,pp_trace_wall,source256_receiver_stage_lane_microbatch_gradient_wall_median,1,0
pp_gradient:receiver10:lane6:mb1,pp_trace_wall,source256_receiver_stage_lane_microbatch_gradient_wall_median,1,0
pp_gradient:receiver10:lane6:mb2,pp_trace_wall,source256_receiver_stage_lane_microbatch_gradient_wall_median,1,0
pp_gradient:receiver10:lane7:mb0,pp_trace_wall,source256_receiver_stage_lane_microbatch_gradient_wall_median,1,0
pp_gradient:receiver10:lane7:mb1,pp_trace_wall,source256_receiver_stage_lane_microbatch_gradient_wall_median,1,0
pp_gradient:receiver10:lane7:mb2,pp_trace_wall,source256_receiver_stage_lane_microbatch_gradient_wall_median,1,0
pp_gradient:receiver10:lane8:mb0,pp_trace_wall,source256_receiver_stage_lane_microbatch_gradient_wall_median,1,0
pp_gradient:receiver10:lane8:mb1,pp_trace_wall,source256_receiver_stage_lane_microbatch_gradient_wall_median,1,0
pp_gradient:receiver10:lane8:mb2,pp_trace_wall,source256_receiver_stage_lane_microbatch_gradient_wall_median,1,0
pp_gradient:receiver10:lane9:mb0,pp_trace_wall,source256_receiver_stage_lane_microbatch_gradient_wall_median,1,0
pp_gradient:receiver10:lane9:mb1,pp_trace_wall,source256_receiver_stage_lane_microbatch_gradient_wall_median,1,0
pp_gradient:receiver10:lane9:mb2,pp_trace_wall,source256_receiver_stage_lane_microbatch_gradient_wall_median,1,0
pp_gradient:receiver12:lane0:mb0,pp_trace_wall,source256_receiver_stage_lane_microbatch_gradient_wall_median,1,0
pp_gradient:receiver12:lane0:mb1,pp_trace_wall,source256_receiver_stage_lane_microbatch_gradient_wall_median,1,0
pp_gradient:receiver12:lane0:mb2,pp_trace_wall,source256_receiver_stage_lane_microbatch_gradient_wall_median,1,0
pp_gradient:receiver12:lane10:mb0,pp_trace_wall,source256_receiver_stage_lane_microbatch_gradient_wall_median,1,0
pp_gradient:receiver12:lane10:mb1,pp_trace_wall,source256_receiver_stage_lane_microbatch_gradient_wall_median,1,0
pp_gradient:receiver12:lane10:mb2,pp_trace_wall,source256_receiver_stage_lane_microbatch_gradient_wall_median,1,0
pp_gradient:receiver12:lane11:mb0,pp_trace_wall,source256_receiver_stage_lane_microbatch_gradient_wall_median,1,0
pp_gradient:receiver12:lane11:mb1,pp_trace_wall,source256_receiver_stage_lane_microbatch_gradient_wall_median,1,0
pp_gradient:receiver12:lane11:mb2,pp_trace_wall,source256_receiver_stage_lane_microbatch_gradient_wall_median,1,0
pp_gradient:receiver12:lane12:mb0,pp_trace_wall,source256_receiver_stage_lane_microbatch_gradient_wall_median,1,0
pp_gradient:receiver12:lane12:mb1,pp_trace_wall,source256_receiver_stage_lane_microbatch_gradient_wall_median,1,0
pp_gradient:receiver12:lane12:mb2,pp_trace_wall,source256_receiver_stage_lane_microbatch_gradient_wall_median,1,0
pp_gradient:receiver12:lane13:mb0,pp_trace_wall,source256_receiver_stage_lane_microbatch_gradient_wall_median,1,0
pp_gradient:receiver12:lane13:mb1,pp_trace_wall,source256_receiver_stage_lane_microbatch_gradient_wall_median,1,0
pp_gradient:receiver12:lane13:mb2,pp_trace_wall,source256_receiver_stage_lane_microbatch_gradient_wall_median,1,0
pp_gradient:receiver12:lane14:mb0,pp_trace_wall,source256_receiver_stage_lane_microbatch_gradient_wall_median,1,0
pp_gradient:receiver12:lane14:mb1,pp_trace_wall,source256_receiver_stage_lane_microbatch_gradient_wall_median,1,0
pp_gradient:receiver12:lane14:mb2,pp_trace_wall,source256_receiver_stage_lane_microbatch_gradient_wall_median,1,0
pp_gradient:receiver12:lane15:mb0,pp_trace_wall,source256_receiver_stage_lane_microbatch_gradient_wall_median,1,0
pp_gradient:receiver12:lane15:mb1,pp_trace_wall,source256_receiver_stage_lane_microbatch_gradient_wall_median,1,0
pp_gradient:receiver12:lane15:mb2,pp_trace_wall,source256_receiver_stage_lane_microbatch_gradient_wall_median,1,0
pp_gradient:receiver12:lane1:mb0,pp_trace_wall,source256_receiver_stage_lane_microbatch_gradient_wall_median,1,0
pp_gradient:receiver12:lane1:mb1,pp_trace_wall,source256_receiver_stage_lane_microbatch_gradient_wall_median,1,0
pp_gradient:receiver12:lane1:mb2,pp_trace_wall,source256_receiver_stage_lane_microbatch_gradient_wall_median,1,0
pp_gradient:receiver12:lane2:mb0,pp_trace_wall,source256_receiver_stage_lane_microbatch_gradient_wall_median,1,0
pp_gradient:receiver12:lane2:mb1,pp_trace_wall,source256_receiver_stage_lane_microbatch_gradient_wall_median,1,0
pp_gradient:receiver12:lane2:mb2,pp_trace_wall,source256_receiver_stage_lane_microbatch_gradient_wall_median,1,0
pp_gradient:receiver12:lane3:mb0,pp_trace_wall,source256_receiver_stage_lane_microbatch_gradient_wall_median,1,0
pp_gradient:receiver12:lane3:mb1,pp_trace_wall,source256_receiver_stage_lane_microbatch_gradient_wall_median,1,0
pp_gradient:receiver12:lane3:mb2,pp_trace_wall,source256_receiver_stage_lane_microbatch_gradient_wall_median,1,0
pp_gradient:receiver12:lane4:mb0,pp_trace_wall,source256_receiver_stage_lane_microbatch_gradient_wall_median,1,0
pp_gradient:receiver12:lane4:mb1,pp_trace_wall,source256_receiver_stage_lane_microbatch_gradient_wall_median,1,0
pp_gradient:receiver12:lane4:mb2,pp_trace_wall,source256_receiver_stage_lane_microbatch_gradient_wall_median,1,0
pp_gradient:receiver12:lane5:mb0,pp_trace_wall,source256_receiver_stage_lane_microbatch_gradient_wall_median,1,0
pp_gradient:receiver12:lane5:mb1,pp_trace_wall,source256_receiver_stage_lane_microbatch_gradient_wall_median,1,0
pp_gradient:receiver12:lane5:mb2,pp_trace_wall,source256_receiver_stage_lane_microbatch_gradient_wall_median,1,0
pp_gradient:receiver12:lane6:mb0,pp_trace_wall,source256_receiver_stage_lane_microbatch_gradient_wall_median,1,0
pp_gradient:receiver12:lane6:mb1,pp_trace_wall,source256_receiver_stage_lane_microbatch_gradient_wall_median,1,0
pp_gradient:receiver12:lane6:mb2,pp_trace_wall,source256_receiver_stage_lane_microbatch_gradient_wall_median,1,0
pp_gradient:receiver12:lane7:mb0,pp_trace_wall,source256_receiver_stage_lane_microbatch_gradient_wall_median,1,0
pp_gradient:receiver12:lane7:mb1,pp_trace_wall,source256_receiver_stage_lane_microbatch_gradient_wall_median,1,0
pp_gradient:receiver12:lane7:mb2,pp_trace_wall,source256_receiver_stage_lane_microbatch_gradient_wall_median,1,0
pp_gradient:receiver12:lane8:mb0,pp_trace_wall,source256_receiver_stage_lane_microbatch_gradient_wall_median,1,0
pp_gradient:receiver12:lane8:mb1,pp_trace_wall,source256_receiver_stage_lane_microbatch_gradient_wall_median,1,0
pp_gradient:receiver12:lane8:mb2,pp_trace_wall,source256_receiver_stage_lane_microbatch_gradient_wall_median,1,0
pp_gradient:receiver12:lane9:mb0,pp_trace_wall,source256_receiver_stage_lane_microbatch_gradient_wall_median,1,0
pp_gradient:receiver12:lane9:mb1,pp_trace_wall,source256_receiver_stage_lane_microbatch_gradient_wall_median,1,0
pp_gradient:receiver12:lane9:mb2,pp_trace_wall,source256_receiver_stage_lane_microbatch_gradient_wall_median,1,0
pp_gradient:receiver13:lane0:mb0,pp_trace_wall,source256_receiver_stage_lane_microbatch_gradient_wall_median,1,0
pp_gradient:receiver13:lane0:mb1,pp_trace_wall,source256_receiver_stage_lane_microbatch_gradient_wall_median,1,0
pp_gradient:receiver13:lane0:mb2,pp_trace_wall,source256_receiver_stage_lane_microbatch_gradient_wall_median,1,0
pp_gradient:receiver13:lane10:mb0,pp_trace_wall,source256_receiver_stage_lane_microbatch_gradient_wall_median,1,0
pp_gradient:receiver13:lane10:mb1,pp_trace_wall,source256_receiver_stage_lane_microbatch_gradient_wall_median,1,0
pp_gradient:receiver13:lane10:mb2,pp_trace_wall,source256_receiver_stage_lane_microbatch_gradient_wall_median,1,0
pp_gradient:receiver13:lane11:mb0,pp_trace_wall,source256_receiver_stage_lane_microbatch_gradient_wall_median,1,0
pp_gradient:receiver13:lane11:mb1,pp_trace_wall,source256_receiver_stage_lane_microbatch_gradient_wall_median,1,0
pp_gradient:receiver13:lane11:mb2,pp_trace_wall,source256_receiver_stage_lane_microbatch_gradient_wall_median,1,0
pp_gradient:receiver13:lane12:mb0,pp_trace_wall,source256_receiver_stage_lane_microbatch_gradient_wall_median,1,0
pp_gradient:receiver13:lane12:mb1,pp_trace_wall,source256_receiver_stage_lane_microbatch_gradient_wall_median,1,0
pp_gradient:receiver13:lane12:mb2,pp_trace_wall,source256_receiver_stage_lane_microbatch_gradient_wall_median,1,0
pp_gradient:receiver13:lane13:mb0,pp_trace_wall,source256_receiver_stage_lane_microbatch_gradient_wall_median,1,0
pp_gradient:receiver13:lane13:mb1,pp_trace_wall,source256_receiver_stage_lane_microbatch_gradient_wall_median,1,0
pp_gradient:receiver13:lane13:mb2,pp_trace_wall,source256_receiver_stage_lane_microbatch_gradient_wall_median,1,0
pp_gradient:receiver13:lane14:mb0,pp_trace_wall,source256_receiver_stage_lane_microbatch_gradient_wall_median,1,0
pp_gradient:receiver13:lane14:mb1,pp_trace_wall,source256_receiver_stage_lane_microbatch_gradient_wall_median,1,0
pp_gradient:receiver13:lane14:mb2,pp_trace_wall,source256_receiver_stage_lane_microbatch_gradient_wall_median,1,0
pp_gradient:receiver13:lane15:mb0,pp_trace_wall,source256_receiver_stage_lane_microbatch_gradient_wall_median,1,0
pp_gradient:receiver13:lane15:mb1,pp_trace_wall,source256_receiver_stage_lane_microbatch_gradient_wall_median,1,0
pp_gradient:receiver13:lane15:mb2,pp_trace_wall,source256_receiver_stage_lane_microbatch_gradient_wall_median,1,0
pp_gradient:receiver13:lane1:mb0,pp_trace_wall,source256_receiver_stage_lane_microbatch_gradient_wall_median,1,0
pp_gradient:receiver13:lane1:mb1,pp_trace_wall,source256_receiver_stage_lane_microbatch_gradient_wall_median,1,0
pp_gradient:receiver13:lane1:mb2,pp_trace_wall,source256_receiver_stage_lane_microbatch_gradient_wall_median,1,0
pp_gradient:receiver13:lane2:mb0,pp_trace_wall,source256_receiver_stage_lane_microbatch_gradient_wall_median,1,0
pp_gradient:receiver13:lane2:mb1,pp_trace_wall,source256_receiver_stage_lane_microbatch_gradient_wall_median,1,0
pp_gradient:receiver13:lane2:mb2,pp_trace_wall,source256_receiver_stage_lane_microbatch_gradient_wall_median,1,0
pp_gradient:receiver13:lane3:mb0,pp_trace_wall,source256_receiver_stage_lane_microbatch_gradient_wall_median,1,0
pp_gradient:receiver13:lane3:mb1,pp_trace_wall,source256_receiver_stage_lane_microbatch_gradient_wall_median,1,0
pp_gradient:receiver13:lane3:mb2,pp_trace_wall,source256_receiver_stage_lane_microbatch_gradient_wall_median,1,0
pp_gradient:receiver13:lane4:mb0,pp_trace_wall,source256_receiver_stage_lane_microbatch_gradient_wall_median,1,0
pp_gradient:receiver13:lane4:mb1,pp_trace_wall,source256_receiver_stage_lane_microbatch_gradient_wall_median,1,0
pp_gradient:receiver13:lane4:mb2,pp_trace_wall,source256_receiver_stage_lane_microbatch_gradient_wall_median,1,0
pp_gradient:receiver13:lane5:mb0,pp_trace_wall,source256_receiver_stage_lane_microbatch_gradient_wall_median,1,0
pp_gradient:receiver13:lane5:mb1,pp_trace_wall,source256_receiver_stage_lane_microbatch_gradient_wall_median,1,0
pp_gradient:receiver13:lane5:mb2,pp_trace_wall,source256_receiver_stage_lane_microbatch_gradient_wall_median,1,0
pp_gradient:receiver13:lane6:mb0,pp_trace_wall,source256_receiver_stage_lane_microbatch_gradient_wall_median,1,0
pp_gradient:receiver13:lane6:mb1,pp_trace_wall,source256_receiver_stage_lane_microbatch_gradient_wall_median,1,0
pp_gradient:receiver13:lane6:mb2,pp_trace_wall,source256_receiver_stage_lane_microbatch_gradient_wall_median,1,0
pp_gradient:receiver13:lane7:mb0,pp_trace_wall,source256_receiver_stage_lane_microbatch_gradient_wall_median,1,0
pp_gradient:receiver13:lane7:mb1,pp_trace_wall,source256_receiver_stage_lane_microbatch_gradient_wall_median,1,0
pp_gradient:receiver13:lane7:mb2,pp_trace_wall,source256_receiver_stage_lane_microbatch_gradient_wall_median,1,0
pp_gradient:receiver13:lane8:mb0,pp_trace_wall,source256_receiver_stage_lane_microbatch_gradient_wall_median,1,0
pp_gradient:receiver13:lane8:mb1,pp_trace_wall,source256_receiver_stage_lane_microbatch_gradient_wall_median,1,0
pp_gradient:receiver13:lane8:mb2,pp_trace_wall,source256_receiver_stage_lane_microbatch_gradient_wall_median,1,0
pp_gradient:receiver13:lane9:mb0,pp_trace_wall,source256_receiver_stage_lane_microbatch_gradient_wall_median,1,0
pp_gradient:receiver13:lane9:mb1,pp_trace_wall,source256_receiver_stage_lane_microbatch_gradient_wall_median,1,0
pp_gradient:receiver13:lane9:mb2,pp_trace_wall,source256_receiver_stage_lane_microbatch_gradient_wall_median,1,0
pp_gradient:receiver14:lane0:mb0,pp_trace_wall,source256_receiver_stage_lane_microbatch_gradient_wall_median,1,0
pp_gradient:receiver14:lane0:mb1,pp_trace_wall,source256_receiver_stage_lane_microbatch_gradient_wall_median,1,0
pp_gradient:receiver14:lane0:mb2,pp_trace_wall,source256_receiver_stage_lane_microbatch_gradient_wall_median,1,0
pp_gradient:receiver14:lane10:mb0,pp_trace_wall,source256_receiver_stage_lane_microbatch_gradient_wall_median,1,0
pp_gradient:receiver14:lane10:mb1,pp_trace_wall,source256_receiver_stage_lane_microbatch_gradient_wall_median,1,0
pp_gradient:receiver14:lane10:mb2,pp_trace_wall,source256_receiver_stage_lane_microbatch_gradient_wall_median,1,0
pp_gradient:receiver14:lane11:mb0,pp_trace_wall,source256_receiver_stage_lane_microbatch_gradient_wall_median,1,0
pp_gradient:receiver14:lane11:mb1,pp_trace_wall,source256_receiver_stage_lane_microbatch_gradient_wall_median,1,0
pp_gradient:receiver14:lane11:mb2,pp_trace_wall,source256_receiver_stage_lane_microbatch_gradient_wall_median,1,0
pp_gradient:receiver14:lane12:mb0,pp_trace_wall,source256_receiver_stage_lane_microbatch_gradient_wall_median,1,0
pp_gradient:receiver14:lane12:mb1,pp_trace_wall,source256_receiver_stage_lane_microbatch_gradient_wall_median,1,0
pp_gradient:receiver14:lane12:mb2,pp_trace_wall,source256_receiver_stage_lane_microbatch_gradient_wall_median,1,0
pp_gradient:receiver14:lane13:mb0,pp_trace_wall,source256_receiver_stage_lane_microbatch_gradient_wall_median,1,0
pp_gradient:receiver14:lane13:mb1,pp_trace_wall,source256_receiver_stage_lane_microbatch_gradient_wall_median,1,0
pp_gradient:receiver14:lane13:mb2,pp_trace_wall,source256_receiver_stage_lane_microbatch_gradient_wall_median,1,0
pp_gradient:receiver14:lane14:mb0,pp_trace_wall,source256_receiver_stage_lane_microbatch_gradient_wall_median,1,0
pp_gradient:receiver14:lane14:mb1,pp_trace_wall,source256_receiver_stage_lane_microbatch_gradient_wall_median,1,0
pp_gradient:receiver14:lane14:mb2,pp_trace_wall,source256_receiver_stage_lane_microbatch_gradient_wall_median,1,0
pp_gradient:receiver14:lane15:mb0,pp_trace_wall,source256_receiver_stage_lane_microbatch_gradient_wall_median,1,0
pp_gradient:receiver14:lane15:mb1,pp_trace_wall,source256_receiver_stage_lane_microbatch_gradient_wall_median,1,0
pp_gradient:receiver14:lane15:mb2,pp_trace_wall,source256_receiver_stage_lane_microbatch_gradient_wall_median,1,0
pp_gradient:receiver14:lane1:mb0,pp_trace_wall,source256_receiver_stage_lane_microbatch_gradient_wall_median,1,0
pp_gradient:receiver14:lane1:mb1,pp_trace_wall,source256_receiver_stage_lane_microbatch_gradient_wall_median,1,0
pp_gradient:receiver14:lane1:mb2,pp_trace_wall,source256_receiver_stage_lane_microbatch_gradient_wall_median,1,0
pp_gradient:receiver14:lane2:mb0,pp_trace_wall,source256_receiver_stage_lane_microbatch_gradient_wall_median,1,0
pp_gradient:receiver14:lane2:mb1,pp_trace_wall,source256_receiver_stage_lane_microbatch_gradient_wall_median,1,0
pp_gradient:receiver14:lane2:mb2,pp_trace_wall,source256_receiver_stage_lane_microbatch_gradient_wall_median,1,0
pp_gradient:receiver14:lane3:mb0,pp_trace_wall,source256_receiver_stage_lane_microbatch_gradient_wall_median,1,0
pp_gradient:receiver14:lane3:mb1,pp_trace_wall,source256_receiver_stage_lane_microbatch_gradient_wall_median,1,0
pp_gradient:receiver14:lane3:mb2,pp_trace_wall,source256_receiver_stage_lane_microbatch_gradient_wall_median,1,0
pp_gradient:receiver14:lane4:mb0,pp_trace_wall,source256_receiver_stage_lane_microbatch_gradient_wall_median,1,0
pp_gradient:receiver14:lane4:mb1,pp_trace_wall,source256_receiver_stage_lane_microbatch_gradient_wall_median,1,0
pp_gradient:receiver14:lane4:mb2,pp_trace_wall,source256_receiver_stage_lane_microbatch_gradient_wall_median,1,0
pp_gradient:receiver14:lane5:mb0,pp_trace_wall,source256_receiver_stage_lane_microbatch_gradient_wall_median,1,0
pp_gradient:receiver14:lane5:mb1,pp_trace_wall,source256_receiver_stage_lane_microbatch_gradient_wall_median,1,0
pp_gradient:receiver14:lane5:mb2,pp_trace_wall,source256_receiver_stage_lane_microbatch_gradient_wall_median,1,0
pp_gradient:receiver14:lane6:mb0,pp_trace_wall,source256_receiver_stage_lane_microbatch_gradient_wall_median,1,0
pp_gradient:receiver14:lane6:mb1,pp_trace_wall,source256_receiver_stage_lane_microbatch_gradient_wall_median,1,0
pp_gradient:receiver14:lane6:mb2,pp_trace_wall,source256_receiver_stage_lane_microbatch_gradient_wall_median,1,0
pp_gradient:receiver14:lane7:mb0,pp_trace_wall,source256_receiver_stage_lane_microbatch_gradient_wall_median,1,0
pp_gradient:receiver14:lane7:mb1,pp_trace_wall,source256_receiver_stage_lane_microbatch_gradient_wall_median,1,0
pp_gradient:receiver14:lane7:mb2,pp_trace_wall,source256_receiver_stage_lane_microbatch_gradient_wall_median,1,0
pp_gradient:receiver14:lane8:mb0,pp_trace_wall,source256_receiver_stage_lane_microbatch_gradient_wall_median,1,0
pp_gradient:receiver14:lane8:mb1,pp_trace_wall,source256_receiver_stage_lane_microbatch_gradient_wall_median,1,0
pp_gradient:receiver14:lane8:mb2,pp_trace_wall,source256_receiver_stage_lane_microbatch_gradient_wall_median,1,0
pp_gradient:receiver14:lane9:mb0,pp_trace_wall,source256_receiver_stage_lane_microbatch_gradient_wall_median,1,0
pp_gradient:receiver14:lane9:mb1,pp_trace_wall,source256_receiver_stage_lane_microbatch_gradient_wall_median,1,0
pp_gradient:receiver14:lane9:mb2,pp_trace_wall,source256_receiver_stage_lane_microbatch_gradient_wall_median,1,0
pp_gradient:receiver1:lane0:mb0,pp_trace_wall,source256_receiver_stage_lane_microbatch_gradient_wall_median,1,0
pp_gradient:receiver1:lane0:mb1,pp_trace_wall,source256_receiver_stage_lane_microbatch_gradient_wall_median,1,0
pp_gradient:receiver1:lane0:mb2,pp_trace_wall,source256_receiver_stage_lane_microbatch_gradient_wall_median,1,0
pp_gradient:receiver1:lane10:mb0,pp_trace_wall,source256_receiver_stage_lane_microbatch_gradient_wall_median,1,0
pp_gradient:receiver1:lane10:mb1,pp_trace_wall,source256_receiver_stage_lane_microbatch_gradient_wall_median,1,0
pp_gradient:receiver1:lane10:mb2,pp_trace_wall,source256_receiver_stage_lane_microbatch_gradient_wall_median,1,0
pp_gradient:receiver1:lane11:mb0,pp_trace_wall,source256_receiver_stage_lane_microbatch_gradient_wall_median,1,0
pp_gradient:receiver1:lane11:mb1,pp_trace_wall,source256_receiver_stage_lane_microbatch_gradient_wall_median,1,0
pp_gradient:receiver1:lane11:mb2,pp_trace_wall,source256_receiver_stage_lane_microbatch_gradient_wall_median,1,0
pp_gradient:receiver1:lane12:mb0,pp_trace_wall,source256_receiver_stage_lane_microbatch_gradient_wall_median,1,0
pp_gradient:receiver1:lane12:mb1,pp_trace_wall,source256_receiver_stage_lane_microbatch_gradient_wall_median,1,0
pp_gradient:receiver1:lane12:mb2,pp_trace_wall,source256_receiver_stage_lane_microbatch_gradient_wall_median,1,0
pp_gradient:receiver1:lane13:mb0,pp_trace_wall,source256_receiver_stage_lane_microbatch_gradient_wall_median,1,0
pp_gradient:receiver1:lane13:mb1,pp_trace_wall,source256_receiver_stage_lane_microbatch_gradient_wall_median,1,0
pp_gradient:receiver1:lane13:mb2,pp_trace_wall,source256_receiver_stage_lane_microbatch_gradient_wall_median,1,0
pp_gradient:receiver1:lane14:mb0,pp_trace_wall,source256_receiver_stage_lane_microbatch_gradient_wall_median,1,0
pp_gradient:receiver1:lane14:mb1,pp_trace_wall,source256_receiver_stage_lane_microbatch_gradient_wall_median,1,0
pp_gradient:receiver1:lane14:mb2,pp_trace_wall,source256_receiver_stage_lane_microbatch_gradient_wall_median,1,0
pp_gradient:receiver1:lane15:mb0,pp_trace_wall,source256_receiver_stage_lane_microbatch_gradient_wall_median,1,0
pp_gradient:receiver1:lane15:mb1,pp_trace_wall,source256_receiver_stage_lane_microbatch_gradient_wall_median,1,0
pp_gradient:receiver1:lane15:mb2,pp_trace_wall,source256_receiver_stage_lane_microbatch_gradient_wall_median,1,0
pp_gradient:receiver1:lane1:mb0,pp_trace_wall,source256_receiver_stage_lane_microbatch_gradient_wall_median,1,0
pp_gradient:receiver1:lane1:mb1,pp_trace_wall,source256_receiver_stage_lane_microbatch_gradient_wall_median,1,0
pp_gradient:receiver1:lane1:mb2,pp_trace_wall,source256_receiver_stage_lane_microbatch_gradient_wall_median,1,0
pp_gradient:receiver1:lane2:mb0,pp_trace_wall,source256_receiver_stage_lane_microbatch_gradient_wall_median,1,0
pp_gradient:receiver1:lane2:mb1,pp_trace_wall,source256_receiver_stage_lane_microbatch_gradient_wall_median,1,0
pp_gradient:receiver1:lane2:mb2,pp_trace_wall,source256_receiver_stage_lane_microbatch_gradient_wall_median,1,0
pp_gradient:receiver1:lane3:mb0,pp_trace_wall,source256_receiver_stage_lane_microbatch_gradient_wall_median,1,0
pp_gradient:receiver1:lane3:mb1,pp_trace_wall,source256_receiver_stage_lane_microbatch_gradient_wall_median,1,0
pp_gradient:receiver1:lane3:mb2,pp_trace_wall,source256_receiver_stage_lane_microbatch_gradient_wall_median,1,0
pp_gradient:receiver1:lane4:mb0,pp_trace_wall,source256_receiver_stage_lane_microbatch_gradient_wall_median,1,0
pp_gradient:receiver1:lane4:mb1,pp_trace_wall,source256_receiver_stage_lane_microbatch_gradient_wall_median,1,0
pp_gradient:receiver1:lane4:mb2,pp_trace_wall,source256_receiver_stage_lane_microbatch_gradient_wall_median,1,0
pp_gradient:receiver1:lane5:mb0,pp_trace_wall,source256_receiver_stage_lane_microbatch_gradient_wall_median,1,0
pp_gradient:receiver1:lane5:mb1,pp_trace_wall,source256_receiver_stage_lane_microbatch_gradient_wall_median,1,0
pp_gradient:receiver1:lane5:mb2,pp_trace_wall,source256_receiver_stage_lane_microbatch_gradient_wall_median,1,0
pp_gradient:receiver1:lane6:mb0,pp_trace_wall,source256_receiver_stage_lane_microbatch_gradient_wall_median,1,0
pp_gradient:receiver1:lane6:mb1,pp_trace_wall,source256_receiver_stage_lane_microbatch_gradient_wall_median,1,0
pp_gradient:receiver1:lane6:mb2,pp_trace_wall,source256_receiver_stage_lane_microbatch_gradient_wall_median,1,0
pp_gradient:receiver1:lane7:mb0,pp_trace_wall,source256_receiver_stage_lane_microbatch_gradient_wall_median,1,0
pp_gradient:receiver1:lane7:mb1,pp_trace_wall,source256_receiver_stage_lane_microbatch_gradient_wall_median,1,0
pp_gradient:receiver1:lane7:mb2,pp_trace_wall,source256_receiver_stage_lane_microbatch_gradient_wall_median,1,0
pp_gradient:receiver1:lane8:mb0,pp_trace_wall,source256_receiver_stage_lane_microbatch_gradient_wall_median,1,0
pp_gradient:receiver1:lane8:mb1,pp_trace_wall,source256_receiver_stage_lane_microbatch_gradient_wall_median,1,0
pp_gradient:receiver1:lane8:mb2,pp_trace_wall,source256_receiver_stage_lane_microbatch_gradient_wall_median,1,0
pp_gradient:receiver1:lane9:mb0,pp_trace_wall,source256_receiver_stage_lane_microbatch_gradient_wall_median,1,0
pp_gradient:receiver1:lane9:mb1,pp_trace_wall,source256_receiver_stage_lane_microbatch_gradient_wall_median,1,0
pp_gradient:receiver1:lane9:mb2,pp_trace_wall,source256_receiver_stage_lane_microbatch_gradient_wall_median,1,0
pp_gradient:receiver2:lane0:mb0,pp_trace_wall,source256_receiver_stage_lane_microbatch_gradient_wall_median,1,0
pp_gradient:receiver2:lane0:mb1,pp_trace_wall,source256_receiver_stage_lane_microbatch_gradient_wall_median,1,0
pp_gradient:receiver2:lane0:mb2,pp_trace_wall,source256_receiver_stage_lane_microbatch_gradient_wall_median,1,0
pp_gradient:receiver2:lane10:mb0,pp_trace_wall,source256_receiver_stage_lane_microbatch_gradient_wall_median,1,0
pp_gradient:receiver2:lane10:mb1,pp_trace_wall,source256_receiver_stage_lane_microbatch_gradient_wall_median,1,0
pp_gradient:receiver2:lane10:mb2,pp_trace_wall,source256_receiver_stage_lane_microbatch_gradient_wall_median,1,0
pp_gradient:receiver2:lane11:mb0,pp_trace_wall,source256_receiver_stage_lane_microbatch_gradient_wall_median,1,0
pp_gradient:receiver2:lane11:mb1,pp_trace_wall,source256_receiver_stage_lane_microbatch_gradient_wall_median,1,0
pp_gradient:receiver2:lane11:mb2,pp_trace_wall,source256_receiver_stage_lane_microbatch_gradient_wall_median,1,0
pp_gradient:receiver2:lane12:mb0,pp_trace_wall,source256_receiver_stage_lane_microbatch_gradient_wall_median,1,0
pp_gradient:receiver2:lane12:mb1,pp_trace_wall,source256_receiver_stage_lane_microbatch_gradient_wall_median,1,0
pp_gradient:receiver2:lane12:mb2,pp_trace_wall,source256_receiver_stage_lane_microbatch_gradient_wall_median,1,0
pp_gradient:receiver2:lane13:mb0,pp_trace_wall,source256_receiver_stage_lane_microbatch_gradient_wall_median,1,0
pp_gradient:receiver2:lane13:mb1,pp_trace_wall,source256_receiver_stage_lane_microbatch_gradient_wall_median,1,0
pp_gradient:receiver2:lane13:mb2,pp_trace_wall,source256_receiver_stage_lane_microbatch_gradient_wall_median,1,0
pp_gradient:receiver2:lane14:mb0,pp_trace_wall,source256_receiver_stage_lane_microbatch_gradient_wall_median,1,0
pp_gradient:receiver2:lane14:mb1,pp_trace_wall,source256_receiver_stage_lane_microbatch_gradient_wall_median,1,0
pp_gradient:receiver2:lane14:mb2,pp_trace_wall,source256_receiver_stage_lane_microbatch_gradient_wall_median,1,0
pp_gradient:receiver2:lane15:mb0,pp_trace_wall,source256_receiver_stage_lane_microbatch_gradient_wall_median,1,0
pp_gradient:receiver2:lane15:mb1,pp_trace_wall,source256_receiver_stage_lane_microbatch_gradient_wall_median,1,0
pp_gradient:receiver2:lane15:mb2,pp_trace_wall,source256_receiver_stage_lane_microbatch_gradient_wall_median,1,0
pp_gradient:receiver2:lane1:mb0,pp_trace_wall,source256_receiver_stage_lane_microbatch_gradient_wall_median,1,0
pp_gradient:receiver2:lane1:mb1,pp_trace_wall,source256_receiver_stage_lane_microbatch_gradient_wall_median,1,0
pp_gradient:receiver2:lane1:mb2,pp_trace_wall,source256_receiver_stage_lane_microbatch_gradient_wall_median,1,0
pp_gradient:receiver2:lane2:mb0,pp_trace_wall,source256_receiver_stage_lane_microbatch_gradient_wall_median,1,0
pp_gradient:receiver2:lane2:mb1,pp_trace_wall,source256_receiver_stage_lane_microbatch_gradient_wall_median,1,0
pp_gradient:receiver2:lane2:mb2,pp_trace_wall,source256_receiver_stage_lane_microbatch_gradient_wall_median,1,0
pp_gradient:receiver2:lane3:mb0,pp_trace_wall,source256_receiver_stage_lane_microbatch_gradient_wall_median,1,0
pp_gradient:receiver2:lane3:mb1,pp_trace_wall,source256_receiver_stage_lane_microbatch_gradient_wall_median,1,0
pp_gradient:receiver2:lane3:mb2,pp_trace_wall,source256_receiver_stage_lane_microbatch_gradient_wall_median,1,0
pp_gradient:receiver2:lane4:mb0,pp_trace_wall,source256_receiver_stage_lane_microbatch_gradient_wall_median,1,0
pp_gradient:receiver2:lane4:mb1,pp_trace_wall,source256_receiver_stage_lane_microbatch_gradient_wall_median,1,0
pp_gradient:receiver2:lane4:mb2,pp_trace_wall,source256_receiver_stage_lane_microbatch_gradient_wall_median,1,0
pp_gradient:receiver2:lane5:mb0,pp_trace_wall,source256_receiver_stage_lane_microbatch_gradient_wall_median,1,0
pp_gradient:receiver2:lane5:mb1,pp_trace_wall,source256_receiver_stage_lane_microbatch_gradient_wall_median,1,0
pp_gradient:receiver2:lane5:mb2,pp_trace_wall,source256_receiver_stage_lane_microbatch_gradient_wall_median,1,0
pp_gradient:receiver2:lane6:mb0,pp_trace_wall,source256_receiver_stage_lane_microbatch_gradient_wall_median,1,0
pp_gradient:receiver2:lane6:mb1,pp_trace_wall,source256_receiver_stage_lane_microbatch_gradient_wall_median,1,0
pp_gradient:receiver2:lane6:mb2,pp_trace_wall,source256_receiver_stage_lane_microbatch_gradient_wall_median,1,0
pp_gradient:receiver2:lane7:mb0,pp_trace_wall,source256_receiver_stage_lane_microbatch_gradient_wall_median,1,0
pp_gradient:receiver2:lane7:mb1,pp_trace_wall,source256_receiver_stage_lane_microbatch_gradient_wall_median,1,0
pp_gradient:receiver2:lane7:mb2,pp_trace_wall,source256_receiver_stage_lane_microbatch_gradient_wall_median,1,0
pp_gradient:receiver2:lane8:mb0,pp_trace_wall,source256_receiver_stage_lane_microbatch_gradient_wall_median,1,0
pp_gradient:receiver2:lane8:mb1,pp_trace_wall,source256_receiver_stage_lane_microbatch_gradient_wall_median,1,0
pp_gradient:receiver2:lane8:mb2,pp_trace_wall,source256_receiver_stage_lane_microbatch_gradient_wall_median,1,0
pp_gradient:receiver2:lane9:mb0,pp_trace_wall,source256_receiver_stage_lane_microbatch_gradient_wall_median,1,0
pp_gradient:receiver2:lane9:mb1,pp_trace_wall,source256_receiver_stage_lane_microbatch_gradient_wall_median,1,0
pp_gradient:receiver2:lane9:mb2,pp_trace_wall,source256_receiver_stage_lane_microbatch_gradient_wall_median,1,0
pp_gradient:receiver3:lane0:mb0,pp_trace_wall,source256_receiver_stage_lane_microbatch_gradient_wall_median,1,0
pp_gradient:receiver3:lane0:mb1,pp_trace_wall,source256_receiver_stage_lane_microbatch_gradient_wall_median,1,0
pp_gradient:receiver3:lane0:mb2,pp_trace_wall,source256_receiver_stage_lane_microbatch_gradient_wall_median,1,0
pp_gradient:receiver3:lane10:mb0,pp_trace_wall,source256_receiver_stage_lane_microbatch_gradient_wall_median,1,0
pp_gradient:receiver3:lane10:mb1,pp_trace_wall,source256_receiver_stage_lane_microbatch_gradient_wall_median,1,0
pp_gradient:receiver3:lane10:mb2,pp_trace_wall,source256_receiver_stage_lane_microbatch_gradient_wall_median,1,0
pp_gradient:receiver3:lane11:mb0,pp_trace_wall,source256_receiver_stage_lane_microbatch_gradient_wall_median,1,0
pp_gradient:receiver3:lane11:mb1,pp_trace_wall,source256_receiver_stage_lane_microbatch_gradient_wall_median,1,0
pp_gradient:receiver3:lane11:mb2,pp_trace_wall,source256_receiver_stage_lane_microbatch_gradient_wall_median,1,0
pp_gradient:receiver3:lane12:mb0,pp_trace_wall,source256_receiver_stage_lane_microbatch_gradient_wall_median,1,0
pp_gradient:receiver3:lane12:mb1,pp_trace_wall,source256_receiver_stage_lane_microbatch_gradient_wall_median,1,0
pp_gradient:receiver3:lane12:mb2,pp_trace_wall,source256_receiver_stage_lane_microbatch_gradient_wall_median,1,0
pp_gradient:receiver3:lane13:mb0,pp_trace_wall,source256_receiver_stage_lane_microbatch_gradient_wall_median,1,0
pp_gradient:receiver3:lane13:mb1,pp_trace_wall,source256_receiver_stage_lane_microbatch_gradient_wall_median,1,0
pp_gradient:receiver3:lane13:mb2,pp_trace_wall,source256_receiver_stage_lane_microbatch_gradient_wall_median,1,0
pp_gradient:receiver3:lane14:mb0,pp_trace_wall,source256_receiver_stage_lane_microbatch_gradient_wall_median,1,0
pp_gradient:receiver3:lane14:mb1,pp_trace_wall,source256_receiver_stage_lane_microbatch_gradient_wall_median,1,0
pp_gradient:receiver3:lane14:mb2,pp_trace_wall,source256_receiver_stage_lane_microbatch_gradient_wall_median,1,0
pp_gradient:receiver3:lane15:mb0,pp_trace_wall,source256_receiver_stage_lane_microbatch_gradient_wall_median,1,0
pp_gradient:receiver3:lane15:mb1,pp_trace_wall,source256_receiver_stage_lane_microbatch_gradient_wall_median,1,0
pp_gradient:receiver3:lane15:mb2,pp_trace_wall,source256_receiver_stage_lane_microbatch_gradient_wall_median,1,0
pp_gradient:receiver3:lane1:mb0,pp_trace_wall,source256_receiver_stage_lane_microbatch_gradient_wall_median,1,0
pp_gradient:receiver3:lane1:mb1,pp_trace_wall,source256_receiver_stage_lane_microbatch_gradient_wall_median,1,0
pp_gradient:receiver3:lane1:mb2,pp_trace_wall,source256_receiver_stage_lane_microbatch_gradient_wall_median,1,0
pp_gradient:receiver3:lane2:mb0,pp_trace_wall,source256_receiver_stage_lane_microbatch_gradient_wall_median,1,0
pp_gradient:receiver3:lane2:mb1,pp_trace_wall,source256_receiver_stage_lane_microbatch_gradient_wall_median,1,0
pp_gradient:receiver3:lane2:mb2,pp_trace_wall,source256_receiver_stage_lane_microbatch_gradient_wall_median,1,0
pp_gradient:receiver3:lane3:mb0,pp_trace_wall,source256_receiver_stage_lane_microbatch_gradient_wall_median,1,0
pp_gradient:receiver3:lane3:mb1,pp_trace_wall,source256_receiver_stage_lane_microbatch_gradient_wall_median,1,0
pp_gradient:receiver3:lane3:mb2,pp_trace_wall,source256_receiver_stage_lane_microbatch_gradient_wall_median,1,0
pp_gradient:receiver3:lane4:mb0,pp_trace_wall,source256_receiver_stage_lane_microbatch_gradient_wall_median,1,0
pp_gradient:receiver3:lane4:mb1,pp_trace_wall,source256_receiver_stage_lane_microbatch_gradient_wall_median,1,0
pp_gradient:receiver3:lane4:mb2,pp_trace_wall,source256_receiver_stage_lane_microbatch_gradient_wall_median,1,0
pp_gradient:receiver3:lane5:mb0,pp_trace_wall,source256_receiver_stage_lane_microbatch_gradient_wall_median,1,0
pp_gradient:receiver3:lane5:mb1,pp_trace_wall,source256_receiver_stage_lane_microbatch_gradient_wall_median,1,0
pp_gradient:receiver3:lane5:mb2,pp_trace_wall,source256_receiver_stage_lane_microbatch_gradient_wall_median,1,0
pp_gradient:receiver3:lane6:mb0,pp_trace_wall,source256_receiver_stage_lane_microbatch_gradient_wall_median,1,0
pp_gradient:receiver3:lane6:mb1,pp_trace_wall,source256_receiver_stage_lane_microbatch_gradient_wall_median,1,0
pp_gradient:receiver3:lane6:mb2,pp_trace_wall,source256_receiver_stage_lane_microbatch_gradient_wall_median,1,0
pp_gradient:receiver3:lane7:mb0,pp_trace_wall,source256_receiver_stage_lane_microbatch_gradient_wall_median,1,0
pp_gradient:receiver3:lane7:mb1,pp_trace_wall,source256_receiver_stage_lane_microbatch_gradient_wall_median,1,0
pp_gradient:receiver3:lane7:mb2,pp_trace_wall,source256_receiver_stage_lane_microbatch_gradient_wall_median,1,0
pp_gradient:receiver3:lane8:mb0,pp_trace_wall,source256_receiver_stage_lane_microbatch_gradient_wall_median,1,0
pp_gradient:receiver3:lane8:mb1,pp_trace_wall,source256_receiver_stage_lane_microbatch_gradient_wall_median,1,0
pp_gradient:receiver3:lane8:mb2,pp_trace_wall,source256_receiver_stage_lane_microbatch_gradient_wall_median,1,0
pp_gradient:receiver3:lane9:mb0,pp_trace_wall,source256_receiver_stage_lane_microbatch_gradient_wall_median,1,0
pp_gradient:receiver3:lane9:mb1,pp_trace_wall,source256_receiver_stage_lane_microbatch_gradient_wall_median,1,0
pp_gradient:receiver3:lane9:mb2,pp_trace_wall,source256_receiver_stage_lane_microbatch_gradient_wall_median,1,0
pp_gradient:receiver5:lane0:mb0,pp_trace_wall,source256_receiver_stage_lane_microbatch_gradient_wall_median,1,0
pp_gradient:receiver5:lane0:mb1,pp_trace_wall,source256_receiver_stage_lane_microbatch_gradient_wall_median,1,0
pp_gradient:receiver5:lane0:mb2,pp_trace_wall,source256_receiver_stage_lane_microbatch_gradient_wall_median,1,0
pp_gradient:receiver5:lane10:mb0,pp_trace_wall,source256_receiver_stage_lane_microbatch_gradient_wall_median,1,0
pp_gradient:receiver5:lane10:mb1,pp_trace_wall,source256_receiver_stage_lane_microbatch_gradient_wall_median,1,0
pp_gradient:receiver5:lane10:mb2,pp_trace_wall,source256_receiver_stage_lane_microbatch_gradient_wall_median,1,0
pp_gradient:receiver5:lane11:mb0,pp_trace_wall,source256_receiver_stage_lane_microbatch_gradient_wall_median,1,0
pp_gradient:receiver5:lane11:mb1,pp_trace_wall,source256_receiver_stage_lane_microbatch_gradient_wall_median,1,0
pp_gradient:receiver5:lane11:mb2,pp_trace_wall,source256_receiver_stage_lane_microbatch_gradient_wall_median,1,0
pp_gradient:receiver5:lane12:mb0,pp_trace_wall,source256_receiver_stage_lane_microbatch_gradient_wall_median,1,0
pp_gradient:receiver5:lane12:mb1,pp_trace_wall,source256_receiver_stage_lane_microbatch_gradient_wall_median,1,0
pp_gradient:receiver5:lane12:mb2,pp_trace_wall,source256_receiver_stage_lane_microbatch_gradient_wall_median,1,0
pp_gradient:receiver5:lane13:mb0,pp_trace_wall,source256_receiver_stage_lane_microbatch_gradient_wall_median,1,0
pp_gradient:receiver5:lane13:mb1,pp_trace_wall,source256_receiver_stage_lane_microbatch_gradient_wall_median,1,0
pp_gradient:receiver5:lane13:mb2,pp_trace_wall,source256_receiver_stage_lane_microbatch_gradient_wall_median,1,0
pp_gradient:receiver5:lane14:mb0,pp_trace_wall,source256_receiver_stage_lane_microbatch_gradient_wall_median,1,0
pp_gradient:receiver5:lane14:mb1,pp_trace_wall,source256_receiver_stage_lane_microbatch_gradient_wall_median,1,0
pp_gradient:receiver5:lane14:mb2,pp_trace_wall,source256_receiver_stage_lane_microbatch_gradient_wall_median,1,0
pp_gradient:receiver5:lane15:mb0,pp_trace_wall,source256_receiver_stage_lane_microbatch_gradient_wall_median,1,0
pp_gradient:receiver5:lane15:mb1,pp_trace_wall,source256_receiver_stage_lane_microbatch_gradient_wall_median,1,0
pp_gradient:receiver5:lane15:mb2,pp_trace_wall,source256_receiver_stage_lane_microbatch_gradient_wall_median,1,0
pp_gradient:receiver5:lane1:mb0,pp_trace_wall,source256_receiver_stage_lane_microbatch_gradient_wall_median,1,0
pp_gradient:receiver5:lane1:mb1,pp_trace_wall,source256_receiver_stage_lane_microbatch_gradient_wall_median,1,0
pp_gradient:receiver5:lane1:mb2,pp_trace_wall,source256_receiver_stage_lane_microbatch_gradient_wall_median,1,0
pp_gradient:receiver5:lane2:mb0,pp_trace_wall,source256_receiver_stage_lane_microbatch_gradient_wall_median,1,0
pp_gradient:receiver5:lane2:mb1,pp_trace_wall,source256_receiver_stage_lane_microbatch_gradient_wall_median,1,0
pp_gradient:receiver5:lane2:mb2,pp_trace_wall,source256_receiver_stage_lane_microbatch_gradient_wall_median,1,0
pp_gradient:receiver5:lane3:mb0,pp_trace_wall,source256_receiver_stage_lane_microbatch_gradient_wall_median,1,0
pp_gradient:receiver5:lane3:mb1,pp_trace_wall,source256_receiver_stage_lane_microbatch_gradient_wall_median,1,0
pp_gradient:receiver5:lane3:mb2,pp_trace_wall,source256_receiver_stage_lane_microbatch_gradient_wall_median,1,0
pp_gradient:receiver5:lane4:mb0,pp_trace_wall,source256_receiver_stage_lane_microbatch_gradient_wall_median,1,0
pp_gradient:receiver5:lane4:mb1,pp_trace_wall,source256_receiver_stage_lane_microbatch_gradient_wall_median,1,0
pp_gradient:receiver5:lane4:mb2,pp_trace_wall,source256_receiver_stage_lane_microbatch_gradient_wall_median,1,0
pp_gradient:receiver5:lane5:mb0,pp_trace_wall,source256_receiver_stage_lane_microbatch_gradient_wall_median,1,0
pp_gradient:receiver5:lane5:mb1,pp_trace_wall,source256_receiver_stage_lane_microbatch_gradient_wall_median,1,0
pp_gradient:receiver5:lane5:mb2,pp_trace_wall,source256_receiver_stage_lane_microbatch_gradient_wall_median,1,0
pp_gradient:receiver5:lane6:mb0,pp_trace_wall,source256_receiver_stage_lane_microbatch_gradient_wall_median,1,0
pp_gradient:receiver5:lane6:mb1,pp_trace_wall,source256_receiver_stage_lane_microbatch_gradient_wall_median,1,0
pp_gradient:receiver5:lane6:mb2,pp_trace_wall,source256_receiver_stage_lane_microbatch_gradient_wall_median,1,0
pp_gradient:receiver5:lane7:mb0,pp_trace_wall,source256_receiver_stage_lane_microbatch_gradient_wall_median,1,0
pp_gradient:receiver5:lane7:mb1,pp_trace_wall,source256_receiver_stage_lane_microbatch_gradient_wall_median,1,0
pp_gradient:receiver5:lane7:mb2,pp_trace_wall,source256_receiver_stage_lane_microbatch_gradient_wall_median,1,0
pp_gradient:receiver5:lane8:mb0,pp_trace_wall,source256_receiver_stage_lane_microbatch_gradient_wall_median,1,0
pp_gradient:receiver5:lane8:mb1,pp_trace_wall,source256_receiver_stage_lane_microbatch_gradient_wall_median,1,0
pp_gradient:receiver5:lane8:mb2,pp_trace_wall,source256_receiver_stage_lane_microbatch_gradient_wall_median,1,0
pp_gradient:receiver5:lane9:mb0,pp_trace_wall,source256_receiver_stage_lane_microbatch_gradient_wall_median,1,0
pp_gradient:receiver5:lane9:mb1,pp_trace_wall,source256_receiver_stage_lane_microbatch_gradient_wall_median,1,0
pp_gradient:receiver5:lane9:mb2,pp_trace_wall,source256_receiver_stage_lane_microbatch_gradient_wall_median,1,0
pp_gradient:receiver6:lane0:mb0,pp_trace_wall,source256_receiver_stage_lane_microbatch_gradient_wall_median,1,0
pp_gradient:receiver6:lane0:mb1,pp_trace_wall,source256_receiver_stage_lane_microbatch_gradient_wall_median,1,0
pp_gradient:receiver6:lane0:mb2,pp_trace_wall,source256_receiver_stage_lane_microbatch_gradient_wall_median,1,0
pp_gradient:receiver6:lane10:mb0,pp_trace_wall,source256_receiver_stage_lane_microbatch_gradient_wall_median,1,0
pp_gradient:receiver6:lane10:mb1,pp_trace_wall,source256_receiver_stage_lane_microbatch_gradient_wall_median,1,0
pp_gradient:receiver6:lane10:mb2,pp_trace_wall,source256_receiver_stage_lane_microbatch_gradient_wall_median,1,0
pp_gradient:receiver6:lane11:mb0,pp_trace_wall,source256_receiver_stage_lane_microbatch_gradient_wall_median,1,0
pp_gradient:receiver6:lane11:mb1,pp_trace_wall,source256_receiver_stage_lane_microbatch_gradient_wall_median,1,0
pp_gradient:receiver6:lane11:mb2,pp_trace_wall,source256_receiver_stage_lane_microbatch_gradient_wall_median,1,0
pp_gradient:receiver6:lane12:mb0,pp_trace_wall,source256_receiver_stage_lane_microbatch_gradient_wall_median,1,0
pp_gradient:receiver6:lane12:mb1,pp_trace_wall,source256_receiver_stage_lane_microbatch_gradient_wall_median,1,0
pp_gradient:receiver6:lane12:mb2,pp_trace_wall,source256_receiver_stage_lane_microbatch_gradient_wall_median,1,0
pp_gradient:receiver6:lane13:mb0,pp_trace_wall,source256_receiver_stage_lane_microbatch_gradient_wall_median,1,0
pp_gradient:receiver6:lane13:mb1,pp_trace_wall,source256_receiver_stage_lane_microbatch_gradient_wall_median,1,0
pp_gradient:receiver6:lane13:mb2,pp_trace_wall,source256_receiver_stage_lane_microbatch_gradient_wall_median,1,0
pp_gradient:receiver6:lane14:mb0,pp_trace_wall,source256_receiver_stage_lane_microbatch_gradient_wall_median,1,0
pp_gradient:receiver6:lane14:mb1,pp_trace_wall,source256_receiver_stage_lane_microbatch_gradient_wall_median,1,0
pp_gradient:receiver6:lane14:mb2,pp_trace_wall,source256_receiver_stage_lane_microbatch_gradient_wall_median,1,0
pp_gradient:receiver6:lane15:mb0,pp_trace_wall,source256_receiver_stage_lane_microbatch_gradient_wall_median,1,0
pp_gradient:receiver6:lane15:mb1,pp_trace_wall,source256_receiver_stage_lane_microbatch_gradient_wall_median,1,0
pp_gradient:receiver6:lane15:mb2,pp_trace_wall,source256_receiver_stage_lane_microbatch_gradient_wall_median,1,0
pp_gradient:receiver6:lane1:mb0,pp_trace_wall,source256_receiver_stage_lane_microbatch_gradient_wall_median,1,0
pp_gradient:receiver6:lane1:mb1,pp_trace_wall,source256_receiver_stage_lane_microbatch_gradient_wall_median,1,0
pp_gradient:receiver6:lane1:mb2,pp_trace_wall,source256_receiver_stage_lane_microbatch_gradient_wall_median,1,0
pp_gradient:receiver6:lane2:mb0,pp_trace_wall,source256_receiver_stage_lane_microbatch_gradient_wall_median,1,0
pp_gradient:receiver6:lane2:mb1,pp_trace_wall,source256_receiver_stage_lane_microbatch_gradient_wall_median,1,0
pp_gradient:receiver6:lane2:mb2,pp_trace_wall,source256_receiver_stage_lane_microbatch_gradient_wall_median,1,0
pp_gradient:receiver6:lane3:mb0,pp_trace_wall,source256_receiver_stage_lane_microbatch_gradient_wall_median,1,0
pp_gradient:receiver6:lane3:mb1,pp_trace_wall,source256_receiver_stage_lane_microbatch_gradient_wall_median,1,0
pp_gradient:receiver6:lane3:mb2,pp_trace_wall,source256_receiver_stage_lane_microbatch_gradient_wall_median,1,0
pp_gradient:receiver6:lane4:mb0,pp_trace_wall,source256_receiver_stage_lane_microbatch_gradient_wall_median,1,0
pp_gradient:receiver6:lane4:mb1,pp_trace_wall,source256_receiver_stage_lane_microbatch_gradient_wall_median,1,0
pp_gradient:receiver6:lane4:mb2,pp_trace_wall,source256_receiver_stage_lane_microbatch_gradient_wall_median,1,0
pp_gradient:receiver6:lane5:mb0,pp_trace_wall,source256_receiver_stage_lane_microbatch_gradient_wall_median,1,0
pp_gradient:receiver6:lane5:mb1,pp_trace_wall,source256_receiver_stage_lane_microbatch_gradient_wall_median,1,0
pp_gradient:receiver6:lane5:mb2,pp_trace_wall,source256_receiver_stage_lane_microbatch_gradient_wall_median,1,0
pp_gradient:receiver6:lane6:mb0,pp_trace_wall,source256_receiver_stage_lane_microbatch_gradient_wall_median,1,0
pp_gradient:receiver6:lane6:mb1,pp_trace_wall,source256_receiver_stage_lane_microbatch_gradient_wall_median,1,0
pp_gradient:receiver6:lane6:mb2,pp_trace_wall,source256_receiver_stage_lane_microbatch_gradient_wall_median,1,0
pp_gradient:receiver6:lane7:mb0,pp_trace_wall,source256_receiver_stage_lane_microbatch_gradient_wall_median,1,0
pp_gradient:receiver6:lane7:mb1,pp_trace_wall,source256_receiver_stage_lane_microbatch_gradient_wall_median,1,0
pp_gradient:receiver6:lane7:mb2,pp_trace_wall,source256_receiver_stage_lane_microbatch_gradient_wall_median,1,0
pp_gradient:receiver6:lane8:mb0,pp_trace_wall,source256_receiver_stage_lane_microbatch_gradient_wall_median,1,0
pp_gradient:receiver6:lane8:mb1,pp_trace_wall,source256_receiver_stage_lane_microbatch_gradient_wall_median,1,0
pp_gradient:receiver6:lane8:mb2,pp_trace_wall,source256_receiver_stage_lane_microbatch_gradient_wall_median,1,0
pp_gradient:receiver6:lane9:mb0,pp_trace_wall,source256_receiver_stage_lane_microbatch_gradient_wall_median,1,0
pp_gradient:receiver6:lane9:mb1,pp_trace_wall,source256_receiver_stage_lane_microbatch_gradient_wall_median,1,0
pp_gradient:receiver6:lane9:mb2,pp_trace_wall,source256_receiver_stage_lane_microbatch_gradient_wall_median,1,0
pp_gradient:receiver7:lane0:mb0,pp_trace_wall,source256_receiver_stage_lane_microbatch_gradient_wall_median,1,0
pp_gradient:receiver7:lane0:mb1,pp_trace_wall,source256_receiver_stage_lane_microbatch_gradient_wall_median,1,0
pp_gradient:receiver7:lane0:mb2,pp_trace_wall,source256_receiver_stage_lane_microbatch_gradient_wall_median,1,0
pp_gradient:receiver7:lane10:mb0,pp_trace_wall,source256_receiver_stage_lane_microbatch_gradient_wall_median,1,0
pp_gradient:receiver7:lane10:mb1,pp_trace_wall,source256_receiver_stage_lane_microbatch_gradient_wall_median,1,0
pp_gradient:receiver7:lane10:mb2,pp_trace_wall,source256_receiver_stage_lane_microbatch_gradient_wall_median,1,0
pp_gradient:receiver7:lane11:mb0,pp_trace_wall,source256_receiver_stage_lane_microbatch_gradient_wall_median,1,0
pp_gradient:receiver7:lane11:mb1,pp_trace_wall,source256_receiver_stage_lane_microbatch_gradient_wall_median,1,0
pp_gradient:receiver7:lane11:mb2,pp_trace_wall,source256_receiver_stage_lane_microbatch_gradient_wall_median,1,0
pp_gradient:receiver7:lane12:mb0,pp_trace_wall,source256_receiver_stage_lane_microbatch_gradient_wall_median,1,0
pp_gradient:receiver7:lane12:mb1,pp_trace_wall,source256_receiver_stage_lane_microbatch_gradient_wall_median,1,0
pp_gradient:receiver7:lane12:mb2,pp_trace_wall,source256_receiver_stage_lane_microbatch_gradient_wall_median,1,0
pp_gradient:receiver7:lane13:mb0,pp_trace_wall,source256_receiver_stage_lane_microbatch_gradient_wall_median,1,0
pp_gradient:receiver7:lane13:mb1,pp_trace_wall,source256_receiver_stage_lane_microbatch_gradient_wall_median,1,0
pp_gradient:receiver7:lane13:mb2,pp_trace_wall,source256_receiver_stage_lane_microbatch_gradient_wall_median,1,0
pp_gradient:receiver7:lane14:mb0,pp_trace_wall,source256_receiver_stage_lane_microbatch_gradient_wall_median,1,0
pp_gradient:receiver7:lane14:mb1,pp_trace_wall,source256_receiver_stage_lane_microbatch_gradient_wall_median,1,0
pp_gradient:receiver7:lane14:mb2,pp_trace_wall,source256_receiver_stage_lane_microbatch_gradient_wall_median,1,0
pp_gradient:receiver7:lane15:mb0,pp_trace_wall,source256_receiver_stage_lane_microbatch_gradient_wall_median,1,0
pp_gradient:receiver7:lane15:mb1,pp_trace_wall,source256_receiver_stage_lane_microbatch_gradient_wall_median,1,0
pp_gradient:receiver7:lane15:mb2,pp_trace_wall,source256_receiver_stage_lane_microbatch_gradient_wall_median,1,0
pp_gradient:receiver7:lane1:mb0,pp_trace_wall,source256_receiver_stage_lane_microbatch_gradient_wall_median,1,0
pp_gradient:receiver7:lane1:mb1,pp_trace_wall,source256_receiver_stage_lane_microbatch_gradient_wall_median,1,0
pp_gradient:receiver7:lane1:mb2,pp_trace_wall,source256_receiver_stage_lane_microbatch_gradient_wall_median,1,0
pp_gradient:receiver7:lane2:mb0,pp_trace_wall,source256_receiver_stage_lane_microbatch_gradient_wall_median,1,0
pp_gradient:receiver7:lane2:mb1,pp_trace_wall,source256_receiver_stage_lane_microbatch_gradient_wall_median,1,0
pp_gradient:receiver7:lane2:mb2,pp_trace_wall,source256_receiver_stage_lane_microbatch_gradient_wall_median,1,0
pp_gradient:receiver7:lane3:mb0,pp_trace_wall,source256_receiver_stage_lane_microbatch_gradient_wall_median,1,0
pp_gradient:receiver7:lane3:mb1,pp_trace_wall,source256_receiver_stage_lane_microbatch_gradient_wall_median,1,0
pp_gradient:receiver7:lane3:mb2,pp_trace_wall,source256_receiver_stage_lane_microbatch_gradient_wall_median,1,0
pp_gradient:receiver7:lane4:mb0,pp_trace_wall,source256_receiver_stage_lane_microbatch_gradient_wall_median,1,0
pp_gradient:receiver7:lane4:mb1,pp_trace_wall,source256_receiver_stage_lane_microbatch_gradient_wall_median,1,0
pp_gradient:receiver7:lane4:mb2,pp_trace_wall,source256_receiver_stage_lane_microbatch_gradient_wall_median,1,0
pp_gradient:receiver7:lane5:mb0,pp_trace_wall,source256_receiver_stage_lane_microbatch_gradient_wall_median,1,0
pp_gradient:receiver7:lane5:mb1,pp_trace_wall,source256_receiver_stage_lane_microbatch_gradient_wall_median,1,0
pp_gradient:receiver7:lane5:mb2,pp_trace_wall,source256_receiver_stage_lane_microbatch_gradient_wall_median,1,0
pp_gradient:receiver7:lane6:mb0,pp_trace_wall,source256_receiver_stage_lane_microbatch_gradient_wall_median,1,0
pp_gradient:receiver7:lane6:mb1,pp_trace_wall,source256_receiver_stage_lane_microbatch_gradient_wall_median,1,0
pp_gradient:receiver7:lane6:mb2,pp_trace_wall,source256_receiver_stage_lane_microbatch_gradient_wall_median,1,0
pp_gradient:receiver7:lane7:mb0,pp_trace_wall,source256_receiver_stage_lane_microbatch_gradient_wall_median,1,0
pp_gradient:receiver7:lane7:mb1,pp_trace_wall,source256_receiver_stage_lane_microbatch_gradient_wall_median,1,0
pp_gradient:receiver7:lane7:mb2,pp_trace_wall,source256_receiver_stage_lane_microbatch_gradient_wall_median,1,0
pp_gradient:receiver7:lane8:mb0,pp_trace_wall,source256_receiver_stage_lane_microbatch_gradient_wall_median,1,0
pp_gradient:receiver7:lane8:mb1,pp_trace_wall,source256_receiver_stage_lane_microbatch_gradient_wall_median,1,0
pp_gradient:receiver7:lane8:mb2,pp_trace_wall,source256_receiver_stage_lane_microbatch_gradient_wall_median,1,0
pp_gradient:receiver7:lane9:mb0,pp_trace_wall,source256_receiver_stage_lane_microbatch_gradient_wall_median,1,0
pp_gradient:receiver7:lane9:mb1,pp_trace_wall,source256_receiver_stage_lane_microbatch_gradient_wall_median,1,0
pp_gradient:receiver7:lane9:mb2,pp_trace_wall,source256_receiver_stage_lane_microbatch_gradient_wall_median,1,0
pp_gradient:receiver8:lane0:mb0,pp_trace_wall,source256_receiver_stage_lane_microbatch_gradient_wall_median,1,0
pp_gradient:receiver8:lane0:mb1,pp_trace_wall,source256_receiver_stage_lane_microbatch_gradient_wall_median,1,0
pp_gradient:receiver8:lane0:mb2,pp_trace_wall,source256_receiver_stage_lane_microbatch_gradient_wall_median,1,0
pp_gradient:receiver8:lane10:mb0,pp_trace_wall,source256_receiver_stage_lane_microbatch_gradient_wall_median,1,0
pp_gradient:receiver8:lane10:mb1,pp_trace_wall,source256_receiver_stage_lane_microbatch_gradient_wall_median,1,0
pp_gradient:receiver8:lane10:mb2,pp_trace_wall,source256_receiver_stage_lane_microbatch_gradient_wall_median,1,0
pp_gradient:receiver8:lane11:mb0,pp_trace_wall,source256_receiver_stage_lane_microbatch_gradient_wall_median,1,0
pp_gradient:receiver8:lane11:mb1,pp_trace_wall,source256_receiver_stage_lane_microbatch_gradient_wall_median,1,0
pp_gradient:receiver8:lane11:mb2,pp_trace_wall,source256_receiver_stage_lane_microbatch_gradient_wall_median,1,0
pp_gradient:receiver8:lane12:mb0,pp_trace_wall,source256_receiver_stage_lane_microbatch_gradient_wall_median,1,0
pp_gradient:receiver8:lane12:mb1,pp_trace_wall,source256_receiver_stage_lane_microbatch_gradient_wall_median,1,0
pp_gradient:receiver8:lane12:mb2,pp_trace_wall,source256_receiver_stage_lane_microbatch_gradient_wall_median,1,0
pp_gradient:receiver8:lane13:mb0,pp_trace_wall,source256_receiver_stage_lane_microbatch_gradient_wall_median,1,0
pp_gradient:receiver8:lane13:mb1,pp_trace_wall,source256_receiver_stage_lane_microbatch_gradient_wall_median,1,0
pp_gradient:receiver8:lane13:mb2,pp_trace_wall,source256_receiver_stage_lane_microbatch_gradient_wall_median,1,0
pp_gradient:receiver8:lane14:mb0,pp_trace_wall,source256_receiver_stage_lane_microbatch_gradient_wall_median,1,0
pp_gradient:receiver8:lane14:mb1,pp_trace_wall,source256_receiver_stage_lane_microbatch_gradient_wall_median,1,0
pp_gradient:receiver8:lane14:mb2,pp_trace_wall,source256_receiver_stage_lane_microbatch_gradient_wall_median,1,0
pp_gradient:receiver8:lane15:mb0,pp_trace_wall,source256_receiver_stage_lane_microbatch_gradient_wall_median,1,0
pp_gradient:receiver8:lane15:mb1,pp_trace_wall,source256_receiver_stage_lane_microbatch_gradient_wall_median,1,0
pp_gradient:receiver8:lane15:mb2,pp_trace_wall,source256_receiver_stage_lane_microbatch_gradient_wall_median,1,0
pp_gradient:receiver8:lane1:mb0,pp_trace_wall,source256_receiver_stage_lane_microbatch_gradient_wall_median,1,0
pp_gradient:receiver8:lane1:mb1,pp_trace_wall,source256_receiver_stage_lane_microbatch_gradient_wall_median,1,0
pp_gradient:receiver8:lane1:mb2,pp_trace_wall,source256_receiver_stage_lane_microbatch_gradient_wall_median,1,0
pp_gradient:receiver8:lane2:mb0,pp_trace_wall,source256_receiver_stage_lane_microbatch_gradient_wall_median,1,0
pp_gradient:receiver8:lane2:mb1,pp_trace_wall,source256_receiver_stage_lane_microbatch_gradient_wall_median,1,0
pp_gradient:receiver8:lane2:mb2,pp_trace_wall,source256_receiver_stage_lane_microbatch_gradient_wall_median,1,0
pp_gradient:receiver8:lane3:mb0,pp_trace_wall,source256_receiver_stage_lane_microbatch_gradient_wall_median,1,0
pp_gradient:receiver8:lane3:mb1,pp_trace_wall,source256_receiver_stage_lane_microbatch_gradient_wall_median,1,0
pp_gradient:receiver8:lane3:mb2,pp_trace_wall,source256_receiver_stage_lane_microbatch_gradient_wall_median,1,0
pp_gradient:receiver8:lane4:mb0,pp_trace_wall,source256_receiver_stage_lane_microbatch_gradient_wall_median,1,0
pp_gradient:receiver8:lane4:mb1,pp_trace_wall,source256_receiver_stage_lane_microbatch_gradient_wall_median,1,0
pp_gradient:receiver8:lane4:mb2,pp_trace_wall,source256_receiver_stage_lane_microbatch_gradient_wall_median,1,0
pp_gradient:receiver8:lane5:mb0,pp_trace_wall,source256_receiver_stage_lane_microbatch_gradient_wall_median,1,0
pp_gradient:receiver8:lane5:mb1,pp_trace_wall,source256_receiver_stage_lane_microbatch_gradient_wall_median,1,0
pp_gradient:receiver8:lane5:mb2,pp_trace_wall,source256_receiver_stage_lane_microbatch_gradient_wall_median,1,0
pp_gradient:receiver8:lane6:mb0,pp_trace_wall,source256_receiver_stage_lane_microbatch_gradient_wall_median,1,0
pp_gradient:receiver8:lane6:mb1,pp_trace_wall,source256_receiver_stage_lane_microbatch_gradient_wall_median,1,0
pp_gradient:receiver8:lane6:mb2,pp_trace_wall,source256_receiver_stage_lane_microbatch_gradient_wall_median,1,0
pp_gradient:receiver8:lane7:mb0,pp_trace_wall,source256_receiver_stage_lane_microbatch_gradient_wall_median,1,0
pp_gradient:receiver8:lane7:mb1,pp_trace_wall,source256_receiver_stage_lane_microbatch_gradient_wall_median,1,0
pp_gradient:receiver8:lane7:mb2,pp_trace_wall,source256_receiver_stage_lane_microbatch_gradient_wall_median,1,0
pp_gradient:receiver8:lane8:mb0,pp_trace_wall,source256_receiver_stage_lane_microbatch_gradient_wall_median,1,0
pp_gradient:receiver8:lane8:mb1,pp_trace_wall,source256_receiver_stage_lane_microbatch_gradient_wall_median,1,0
pp_gradient:receiver8:lane8:mb2,pp_trace_wall,source256_receiver_stage_lane_microbatch_gradient_wall_median,1,0
pp_gradient:receiver8:lane9:mb0,pp_trace_wall,source256_receiver_stage_lane_microbatch_gradient_wall_median,1,0
pp_gradient:receiver8:lane9:mb1,pp_trace_wall,source256_receiver_stage_lane_microbatch_gradient_wall_median,1,0
pp_gradient:receiver8:lane9:mb2,pp_trace_wall,source256_receiver_stage_lane_microbatch_gradient_wall_median,1,0
pp_gradient:receiver9:lane0:mb0,pp_trace_wall,source256_receiver_stage_lane_microbatch_gradient_wall_median,1,0
pp_gradient:receiver9:lane0:mb1,pp_trace_wall,source256_receiver_stage_lane_microbatch_gradient_wall_median,1,0
pp_gradient:receiver9:lane0:mb2,pp_trace_wall,source256_receiver_stage_lane_microbatch_gradient_wall_median,1,0
pp_gradient:receiver9:lane10:mb0,pp_trace_wall,source256_receiver_stage_lane_microbatch_gradient_wall_median,1,0
pp_gradient:receiver9:lane10:mb1,pp_trace_wall,source256_receiver_stage_lane_microbatch_gradient_wall_median,1,0
pp_gradient:receiver9:lane10:mb2,pp_trace_wall,source256_receiver_stage_lane_microbatch_gradient_wall_median,1,0
pp_gradient:receiver9:lane11:mb0,pp_trace_wall,source256_receiver_stage_lane_microbatch_gradient_wall_median,1,0
pp_gradient:receiver9:lane11:mb1,pp_trace_wall,source256_receiver_stage_lane_microbatch_gradient_wall_median,1,0
pp_gradient:receiver9:lane11:mb2,pp_trace_wall,source256_receiver_stage_lane_microbatch_gradient_wall_median,1,0
pp_gradient:receiver9:lane12:mb0,pp_trace_wall,source256_receiver_stage_lane_microbatch_gradient_wall_median,1,0
pp_gradient:receiver9:lane12:mb1,pp_trace_wall,source256_receiver_stage_lane_microbatch_gradient_wall_median,1,0
pp_gradient:receiver9:lane12:mb2,pp_trace_wall,source256_receiver_stage_lane_microbatch_gradient_wall_median,1,0
pp_gradient:receiver9:lane13:mb0,pp_trace_wall,source256_receiver_stage_lane_microbatch_gradient_wall_median,1,0
pp_gradient:receiver9:lane13:mb1,pp_trace_wall,source256_receiver_stage_lane_microbatch_gradient_wall_median,1,0
pp_gradient:receiver9:lane13:mb2,pp_trace_wall,source256_receiver_stage_lane_microbatch_gradient_wall_median,1,0
pp_gradient:receiver9:lane14:mb0,pp_trace_wall,source256_receiver_stage_lane_microbatch_gradient_wall_median,1,0
pp_gradient:receiver9:lane14:mb1,pp_trace_wall,source256_receiver_stage_lane_microbatch_gradient_wall_median,1,0
pp_gradient:receiver9:lane14:mb2,pp_trace_wall,source256_receiver_stage_lane_microbatch_gradient_wall_median,1,0
pp_gradient:receiver9:lane15:mb0,pp_trace_wall,source256_receiver_stage_lane_microbatch_gradient_wall_median,1,0
pp_gradient:receiver9:lane15:mb1,pp_trace_wall,source256_receiver_stage_lane_microbatch_gradient_wall_median,1,0
pp_gradient:receiver9:lane15:mb2,pp_trace_wall,source256_receiver_stage_lane_microbatch_gradient_wall_median,1,0
pp_gradient:receiver9:lane1:mb0,pp_trace_wall,source256_receiver_stage_lane_microbatch_gradient_wall_median,1,0
pp_gradient:receiver9:lane1:mb1,pp_trace_wall,source256_receiver_stage_lane_microbatch_gradient_wall_median,1,0
pp_gradient:receiver9:lane1:mb2,pp_trace_wall,source256_receiver_stage_lane_microbatch_gradient_wall_median,1,0
pp_gradient:receiver9:lane2:mb0,pp_trace_wall,source256_receiver_stage_lane_microbatch_gradient_wall_median,1,0
pp_gradient:receiver9:lane2:mb1,pp_trace_wall,source256_receiver_stage_lane_microbatch_gradient_wall_median,1,0
pp_gradient:receiver9:lane2:mb2,pp_trace_wall,source256_receiver_stage_lane_microbatch_gradient_wall_median,1,0
pp_gradient:receiver9:lane3:mb0,pp_trace_wall,source256_receiver_stage_lane_microbatch_gradient_wall_median,1,0
pp_gradient:receiver9:lane3:mb1,pp_trace_wall,source256_receiver_stage_lane_microbatch_gradient_wall_median,1,0
pp_gradient:receiver9:lane3:mb2,pp_trace_wall,source256_receiver_stage_lane_microbatch_gradient_wall_median,1,0
pp_gradient:receiver9:lane4:mb0,pp_trace_wall,source256_receiver_stage_lane_microbatch_gradient_wall_median,1,0
pp_gradient:receiver9:lane4:mb1,pp_trace_wall,source256_receiver_stage_lane_microbatch_gradient_wall_median,1,0
pp_gradient:receiver9:lane4:mb2,pp_trace_wall,source256_receiver_stage_lane_microbatch_gradient_wall_median,1,0
pp_gradient:receiver9:lane5:mb0,pp_trace_wall,source256_receiver_stage_lane_microbatch_gradient_wall_median,1,0
pp_gradient:receiver9:lane5:mb1,pp_trace_wall,source256_receiver_stage_lane_microbatch_gradient_wall_median,1,0
pp_gradient:receiver9:lane5:mb2,pp_trace_wall,source256_receiver_stage_lane_microbatch_gradient_wall_median,1,0
pp_gradient:receiver9:lane6:mb0,pp_trace_wall,source256_receiver_stage_lane_microbatch_gradient_wall_median,1,0
pp_gradient:receiver9:lane6:mb1,pp_trace_wall,source256_receiver_stage_lane_microbatch_gradient_wall_median,1,0
pp_gradient:receiver9:lane6:mb2,pp_trace_wall,source256_receiver_stage_lane_microbatch_gradient_wall_median,1,0
pp_gradient:receiver9:lane7:mb0,pp_trace_wall,source256_receiver_stage_lane_microbatch_gradient_wall_median,1,0
pp_gradient:receiver9:lane7:mb1,pp_trace_wall,source256_receiver_stage_lane_microbatch_gradient_wall_median,1,0
pp_gradient:receiver9:lane7:mb2,pp_trace_wall,source256_receiver_stage_lane_microbatch_gradient_wall_median,1,0
pp_gradient:receiver9:lane8:mb0,pp_trace_wall,source256_receiver_stage_lane_microbatch_gradient_wall_median,1,0
pp_gradient:receiver9:lane8:mb1,pp_trace_wall,source256_receiver_stage_lane_microbatch_gradient_wall_median,1,0
pp_gradient:receiver9:lane8:mb2,pp_trace_wall,source256_receiver_stage_lane_microbatch_gradient_wall_median,1,0
pp_gradient:receiver9:lane9:mb0,pp_trace_wall,source256_receiver_stage_lane_microbatch_gradient_wall_median,1,0
pp_gradient:receiver9:lane9:mb1,pp_trace_wall,source256_receiver_stage_lane_microbatch_gradient_wall_median,1,0
pp_gradient:receiver9:lane9:mb2,pp_trace_wall,source256_receiver_stage_lane_microbatch_gradient_wall_median,1,0
release:0:lane0:F2B:0,program_order_zero_duration,backward_requires_downstream_gradient,1,0
release:0:lane10:F2B:0,program_order_zero_duration,backward_requires_downstream_gradient,1,0
release:0:lane11:F2B:0,program_order_zero_duration,backward_requires_downstream_gradient,1,0
release:0:lane12:F2B:0,program_order_zero_duration,backward_requires_downstream_gradient,1,0
release:0:lane13:F2B:0,program_order_zero_duration,backward_requires_downstream_gradient,1,0
release:0:lane14:F2B:0,program_order_zero_duration,backward_requires_downstream_gradient,1,0
release:0:lane15:F2B:0,program_order_zero_duration,backward_requires_downstream_gradient,1,0
release:0:lane1:F2B:0,program_order_zero_duration,backward_requires_downstream_gradient,1,0
release:0:lane2:F2B:0,program_order_zero_duration,backward_requires_downstream_gradient,1,0
release:0:lane3:F2B:0,program_order_zero_duration,backward_requires_downstream_gradient,1,0
release:0:lane4:F2B:0,program_order_zero_duration,backward_requires_downstream_gradient,1,0
release:0:lane5:F2B:0,program_order_zero_duration,backward_requires_downstream_gradient,1,0
release:0:lane6:F2B:0,program_order_zero_duration,backward_requires_downstream_gradient,1,0
release:0:lane7:F2B:0,program_order_zero_duration,backward_requires_downstream_gradient,1,0
release:0:lane8:F2B:0,program_order_zero_duration,backward_requires_downstream_gradient,1,0
release:0:lane9:F2B:0,program_order_zero_duration,backward_requires_downstream_gradient,1,0
release:10:lane0:F2B:0,program_order_zero_duration,backward_requires_downstream_gradient,1,0
release:10:lane10:F2B:0,program_order_zero_duration,backward_requires_downstream_gradient,1,0
release:10:lane11:F2B:0,program_order_zero_duration,backward_requires_downstream_gradient,1,0
release:10:lane12:F2B:0,program_order_zero_duration,backward_requires_downstream_gradient,1,0
release:10:lane13:F2B:0,program_order_zero_duration,backward_requires_downstream_gradient,1,0
release:10:lane14:F2B:0,program_order_zero_duration,backward_requires_downstream_gradient,1,0
release:10:lane15:F2B:0,program_order_zero_duration,backward_requires_downstream_gradient,1,0
release:10:lane1:F2B:0,program_order_zero_duration,backward_requires_downstream_gradient,1,0
release:10:lane2:F2B:0,program_order_zero_duration,backward_requires_downstream_gradient,1,0
release:10:lane3:F2B:0,program_order_zero_duration,backward_requires_downstream_gradient,1,0
release:10:lane4:F2B:0,program_order_zero_duration,backward_requires_downstream_gradient,1,0
release:10:lane5:F2B:0,program_order_zero_duration,backward_requires_downstream_gradient,1,0
release:10:lane6:F2B:0,program_order_zero_duration,backward_requires_downstream_gradient,1,0
release:10:lane7:F2B:0,program_order_zero_duration,backward_requires_downstream_gradient,1,0
release:10:lane8:F2B:0,program_order_zero_duration,backward_requires_downstream_gradient,1,0
release:10:lane9:F2B:0,program_order_zero_duration,backward_requires_downstream_gradient,1,0
release:12:lane0:F2B:0,program_order_zero_duration,backward_requires_downstream_gradient,1,0
release:12:lane10:F2B:0,program_order_zero_duration,backward_requires_downstream_gradient,1,0
release:12:lane11:F2B:0,program_order_zero_duration,backward_requires_downstream_gradient,1,0
release:12:lane12:F2B:0,program_order_zero_duration,backward_requires_downstream_gradient,1,0
release:12:lane13:F2B:0,program_order_zero_duration,backward_requires_downstream_gradient,1,0
release:12:lane14:F2B:0,program_order_zero_duration,backward_requires_downstream_gradient,1,0
release:12:lane15:F2B:0,program_order_zero_duration,backward_requires_downstream_gradient,1,0
release:12:lane1:F2B:0,program_order_zero_duration,backward_requires_downstream_gradient,1,0
release:12:lane2:F2B:0,program_order_zero_duration,backward_requires_downstream_gradient,1,0
release:12:lane3:F2B:0,program_order_zero_duration,backward_requires_downstream_gradient,1,0
release:12:lane4:F2B:0,program_order_zero_duration,backward_requires_downstream_gradient,1,0
release:12:lane5:F2B:0,program_order_zero_duration,backward_requires_downstream_gradient,1,0
release:12:lane6:F2B:0,program_order_zero_duration,backward_requires_downstream_gradient,1,0
release:12:lane7:F2B:0,program_order_zero_duration,backward_requires_downstream_gradient,1,0
release:12:lane8:F2B:0,program_order_zero_duration,backward_requires_downstream_gradient,1,0
release:12:lane9:F2B:0,program_order_zero_duration,backward_requires_downstream_gradient,1,0
release:13:lane0:F2B:0,program_order_zero_duration,backward_requires_downstream_gradient,1,0
release:13:lane10:F2B:0,program_order_zero_duration,backward_requires_downstream_gradient,1,0
release:13:lane11:F2B:0,program_order_zero_duration,backward_requires_downstream_gradient,1,0
release:13:lane12:F2B:0,program_order_zero_duration,backward_requires_downstream_gradient,1,0
release:13:lane13:F2B:0,program_order_zero_duration,backward_requires_downstream_gradient,1,0
release:13:lane14:F2B:0,program_order_zero_duration,backward_requires_downstream_gradient,1,0
release:13:lane15:F2B:0,program_order_zero_duration,backward_requires_downstream_gradient,1,0
release:13:lane1:F2B:0,program_order_zero_duration,backward_requires_downstream_gradient,1,0
release:13:lane2:F2B:0,program_order_zero_duration,backward_requires_downstream_gradient,1,0
release:13:lane3:F2B:0,program_order_zero_duration,backward_requires_downstream_gradient,1,0
release:13:lane4:F2B:0,program_order_zero_duration,backward_requires_downstream_gradient,1,0
release:13:lane5:F2B:0,program_order_zero_duration,backward_requires_downstream_gradient,1,0
release:13:lane6:F2B:0,program_order_zero_duration,backward_requires_downstream_gradient,1,0
release:13:lane7:F2B:0,program_order_zero_duration,backward_requires_downstream_gradient,1,0
release:13:lane8:F2B:0,program_order_zero_duration,backward_requires_downstream_gradient,1,0
release:13:lane9:F2B:0,program_order_zero_duration,backward_requires_downstream_gradient,1,0
release:14:lane0:B2F:0,program_order_zero_duration,static_1f1b_blocking_pp_api,1,0
release:14:lane0:F2B:0,program_order_zero_duration,backward_requires_downstream_gradient,1,0
release:14:lane0:F2B:2,program_order_zero_duration,backward_requires_downstream_gradient,1,0
release:14:lane10:B2F:0,program_order_zero_duration,static_1f1b_blocking_pp_api,1,0
release:14:lane10:F2B:0,program_order_zero_duration,backward_requires_downstream_gradient,1,0
release:14:lane10:F2B:2,program_order_zero_duration,backward_requires_downstream_gradient,1,0
release:14:lane11:B2F:0,program_order_zero_duration,static_1f1b_blocking_pp_api,1,0
release:14:lane11:F2B:0,program_order_zero_duration,backward_requires_downstream_gradient,1,0
release:14:lane11:F2B:2,program_order_zero_duration,backward_requires_downstream_gradient,1,0
release:14:lane12:B2F:0,program_order_zero_duration,static_1f1b_blocking_pp_api,1,0
release:14:lane12:F2B:0,program_order_zero_duration,backward_requires_downstream_gradient,1,0
release:14:lane12:F2B:2,program_order_zero_duration,backward_requires_downstream_gradient,1,0
release:14:lane13:B2F:0,program_order_zero_duration,static_1f1b_blocking_pp_api,1,0
release:14:lane13:F2B:0,program_order_zero_duration,backward_requires_downstream_gradient,1,0
release:14:lane13:F2B:2,program_order_zero_duration,backward_requires_downstream_gradient,1,0
release:14:lane14:B2F:0,program_order_zero_duration,static_1f1b_blocking_pp_api,1,0
release:14:lane14:F2B:0,program_order_zero_duration,backward_requires_downstream_gradient,1,0
release:14:lane14:F2B:2,program_order_zero_duration,backward_requires_downstream_gradient,1,0
release:14:lane15:B2F:0,program_order_zero_duration,static_1f1b_blocking_pp_api,1,0
release:14:lane15:F2B:0,program_order_zero_duration,backward_requires_downstream_gradient,1,0
release:14:lane15:F2B:2,program_order_zero_duration,backward_requires_downstream_gradient,1,0
release:14:lane1:B2F:0,program_order_zero_duration,static_1f1b_blocking_pp_api,1,0
release:14:lane1:F2B:0,program_order_zero_duration,backward_requires_downstream_gradient,1,0
release:14:lane1:F2B:2,program_order_zero_duration,backward_requires_downstream_gradient,1,0
release:14:lane2:B2F:0,program_order_zero_duration,static_1f1b_blocking_pp_api,1,0
release:14:lane2:F2B:0,program_order_zero_duration,backward_requires_downstream_gradient,1,0
release:14:lane2:F2B:2,program_order_zero_duration,backward_requires_downstream_gradient,1,0
release:14:lane3:B2F:0,program_order_zero_duration,static_1f1b_blocking_pp_api,1,0
release:14:lane3:F2B:0,program_order_zero_duration,backward_requires_downstream_gradient,1,0
release:14:lane3:F2B:2,program_order_zero_duration,backward_requires_downstream_gradient,1,0
release:14:lane4:B2F:0,program_order_zero_duration,static_1f1b_blocking_pp_api,1,0
release:14:lane4:F2B:0,program_order_zero_duration,backward_requires_downstream_gradient,1,0
release:14:lane4:F2B:2,program_order_zero_duration,backward_requires_downstream_gradient,1,0
release:14:lane5:B2F:0,program_order_zero_duration,static_1f1b_blocking_pp_api,1,0
release:14:lane5:F2B:0,program_order_zero_duration,backward_requires_downstream_gradient,1,0
release:14:lane5:F2B:2,program_order_zero_duration,backward_requires_downstream_gradient,1,0
release:14:lane6:B2F:0,program_order_zero_duration,static_1f1b_blocking_pp_api,1,0
release:14:lane6:F2B:0,program_order_zero_duration,backward_requires_downstream_gradient,1,0
release:14:lane6:F2B:2,program_order_zero_duration,backward_requires_downstream_gradient,1,0
release:14:lane7:B2F:0,program_order_zero_duration,static_1f1b_blocking_pp_api,1,0
release:14:lane7:F2B:0,program_order_zero_duration,backward_requires_downstream_gradient,1,0
release:14:lane7:F2B:2,program_order_zero_duration,backward_requires_downstream_gradient,1,0
release:14:lane8:B2F:0,program_order_zero_duration,static_1f1b_blocking_pp_api,1,0
release:14:lane8:F2B:0,program_order_zero_duration,backward_requires_downstream_gradient,1,0
release:14:lane8:F2B:2,program_order_zero_duration,backward_requires_downstream_gradient,1,0
release:14:lane9:B2F:0,program_order_zero_duration,static_1f1b_blocking_pp_api,1,0
release:14:lane9:F2B:0,program_order_zero_duration,backward_requires_downstream_gradient,1,0
release:14:lane9:F2B:2,program_order_zero_duration,backward_requires_downstream_gradient,1,0
release:15:lane0:B2F:0,program_order_zero_duration,static_1f1b_blocking_pp_api,1,0
release:15:lane0:B2F:2,program_order_zero_duration,static_1f1b_blocking_pp_api,1,0
release:15:lane0:F2B:0,microbatch_release_software,source256_rank_transition_gap_median,1,0
release:15:lane0:F2B:2,microbatch_release_software,source256_rank_transition_gap_median,1,0
release:15:lane0:F2B:3,microbatch_release_software,source256_rank_transition_gap_median,1,0
release:15:lane10:B2F:0,program_order_zero_duration,static_1f1b_blocking_pp_api,1,0
release:15:lane10:B2F:2,program_order_zero_duration,static_1f1b_blocking_pp_api,1,0
release:15:lane10:F2B:0,microbatch_release_software,source256_rank_transition_gap_median,1,0
release:15:lane10:F2B:2,microbatch_release_software,source256_rank_transition_gap_median,1,0
release:15:lane10:F2B:3,microbatch_release_software,source256_rank_transition_gap_median,1,0
release:15:lane11:B2F:0,program_order_zero_duration,static_1f1b_blocking_pp_api,1,0
release:15:lane11:B2F:2,program_order_zero_duration,static_1f1b_blocking_pp_api,1,0
release:15:lane11:F2B:0,microbatch_release_software,source256_rank_transition_gap_median,1,0
release:15:lane11:F2B:2,microbatch_release_software,source256_rank_transition_gap_median,1,0
release:15:lane11:F2B:3,microbatch_release_software,source256_rank_transition_gap_median,1,0
release:15:lane12:B2F:0,program_order_zero_duration,static_1f1b_blocking_pp_api,1,0
release:15:lane12:B2F:2,program_order_zero_duration,static_1f1b_blocking_pp_api,1,0
release:15:lane12:F2B:0,microbatch_release_software,source256_rank_transition_gap_median,1,0
release:15:lane12:F2B:2,microbatch_release_software,source256_rank_transition_gap_median,1,0
release:15:lane12:F2B:3,microbatch_release_software,source256_rank_transition_gap_median,1,0
release:15:lane13:B2F:0,program_order_zero_duration,static_1f1b_blocking_pp_api,1,0
release:15:lane13:B2F:2,program_order_zero_duration,static_1f1b_blocking_pp_api,1,0
release:15:lane13:F2B:0,microbatch_release_software,source256_rank_transition_gap_median,1,0
release:15:lane13:F2B:2,microbatch_release_software,source256_rank_transition_gap_median,1,0
release:15:lane13:F2B:3,microbatch_release_software,source256_rank_transition_gap_median,1,0
release:15:lane14:B2F:0,program_order_zero_duration,static_1f1b_blocking_pp_api,1,0
release:15:lane14:B2F:2,program_order_zero_duration,static_1f1b_blocking_pp_api,1,0
release:15:lane14:F2B:0,microbatch_release_software,source256_rank_transition_gap_median,1,0
release:15:lane14:F2B:2,microbatch_release_software,source256_rank_transition_gap_median,1,0
release:15:lane14:F2B:3,microbatch_release_software,source256_rank_transition_gap_median,1,0
release:15:lane15:B2F:0,program_order_zero_duration,static_1f1b_blocking_pp_api,1,0
release:15:lane15:B2F:2,program_order_zero_duration,static_1f1b_blocking_pp_api,1,0
release:15:lane15:F2B:0,microbatch_release_software,source256_rank_transition_gap_median,1,0
release:15:lane15:F2B:2,microbatch_release_software,source256_rank_transition_gap_median,1,0
release:15:lane15:F2B:3,microbatch_release_software,source256_rank_transition_gap_median,1,0
release:15:lane1:B2F:0,program_order_zero_duration,static_1f1b_blocking_pp_api,1,0
release:15:lane1:B2F:2,program_order_zero_duration,static_1f1b_blocking_pp_api,1,0
release:15:lane1:F2B:0,microbatch_release_software,source256_rank_transition_gap_median,1,0
release:15:lane1:F2B:2,microbatch_release_software,source256_rank_transition_gap_median,1,0
release:15:lane1:F2B:3,microbatch_release_software,source256_rank_transition_gap_median,1,0
release:15:lane2:B2F:0,program_order_zero_duration,static_1f1b_blocking_pp_api,1,0
release:15:lane2:B2F:2,program_order_zero_duration,static_1f1b_blocking_pp_api,1,0
release:15:lane2:F2B:0,microbatch_release_software,source256_rank_transition_gap_median,1,0
release:15:lane2:F2B:2,microbatch_release_software,source256_rank_transition_gap_median,1,0
release:15:lane2:F2B:3,microbatch_release_software,source256_rank_transition_gap_median,1,0
release:15:lane3:B2F:0,program_order_zero_duration,static_1f1b_blocking_pp_api,1,0
release:15:lane3:B2F:2,program_order_zero_duration,static_1f1b_blocking_pp_api,1,0
release:15:lane3:F2B:0,microbatch_release_software,source256_rank_transition_gap_median,1,0
release:15:lane3:F2B:2,microbatch_release_software,source256_rank_transition_gap_median,1,0
release:15:lane3:F2B:3,microbatch_release_software,source256_rank_transition_gap_median,1,0
release:15:lane4:B2F:0,program_order_zero_duration,static_1f1b_blocking_pp_api,1,0
release:15:lane4:B2F:2,program_order_zero_duration,static_1f1b_blocking_pp_api,1,0
release:15:lane4:F2B:0,microbatch_release_software,source256_rank_transition_gap_median,1,0
release:15:lane4:F2B:2,microbatch_release_software,source256_rank_transition_gap_median,1,0
release:15:lane4:F2B:3,microbatch_release_software,source256_rank_transition_gap_median,1,0
release:15:lane5:B2F:0,program_order_zero_duration,static_1f1b_blocking_pp_api,1,0
release:15:lane5:B2F:2,program_order_zero_duration,static_1f1b_blocking_pp_api,1,0
release:15:lane5:F2B:0,microbatch_release_software,source256_rank_transition_gap_median,1,0
release:15:lane5:F2B:2,microbatch_release_software,source256_rank_transition_gap_median,1,0
release:15:lane5:F2B:3,microbatch_release_software,source256_rank_transition_gap_median,1,0
release:15:lane6:B2F:0,program_order_zero_duration,static_1f1b_blocking_pp_api,1,0
release:15:lane6:B2F:2,program_order_zero_duration,static_1f1b_blocking_pp_api,1,0
release:15:lane6:F2B:0,microbatch_release_software,source256_rank_transition_gap_median,1,0
release:15:lane6:F2B:2,microbatch_release_software,source256_rank_transition_gap_median,1,0
release:15:lane6:F2B:3,microbatch_release_software,source256_rank_transition_gap_median,1,0
release:15:lane7:B2F:0,program_order_zero_duration,static_1f1b_blocking_pp_api,1,0
release:15:lane7:B2F:2,program_order_zero_duration,static_1f1b_blocking_pp_api,1,0
release:15:lane7:F2B:0,microbatch_release_software,source256_rank_transition_gap_median,1,0
release:15:lane7:F2B:2,microbatch_release_software,source256_rank_transition_gap_median,1,0
release:15:lane7:F2B:3,microbatch_release_software,source256_rank_transition_gap_median,1,0
release:15:lane8:B2F:0,program_order_zero_duration,static_1f1b_blocking_pp_api,1,0
release:15:lane8:B2F:2,program_order_zero_duration,static_1f1b_blocking_pp_api,1,0
release:15:lane8:F2B:0,microbatch_release_software,source256_rank_transition_gap_median,1,0
release:15:lane8:F2B:2,microbatch_release_software,source256_rank_transition_gap_median,1,0
release:15:lane8:F2B:3,microbatch_release_software,source256_rank_transition_gap_median,1,0
release:15:lane9:B2F:0,program_order_zero_duration,static_1f1b_blocking_pp_api,1,0
release:15:lane9:B2F:2,program_order_zero_duration,static_1f1b_blocking_pp_api,1,0
release:15:lane9:F2B:0,microbatch_release_software,source256_rank_transition_gap_median,1,0
release:15:lane9:F2B:2,microbatch_release_software,source256_rank_transition_gap_median,1,0
release:15:lane9:F2B:3,microbatch_release_software,source256_rank_transition_gap_median,1,0
release:1:lane0:F2B:0,program_order_zero_duration,backward_requires_downstream_gradient,1,0
release:1:lane10:F2B:0,program_order_zero_duration,backward_requires_downstream_gradient,1,0
release:1:lane11:F2B:0,program_order_zero_duration,backward_requires_downstream_gradient,1,0
release:1:lane12:F2B:0,program_order_zero_duration,backward_requires_downstream_gradient,1,0
release:1:lane13:F2B:0,program_order_zero_duration,backward_requires_downstream_gradient,1,0
release:1:lane14:F2B:0,program_order_zero_duration,backward_requires_downstream_gradient,1,0
release:1:lane15:F2B:0,program_order_zero_duration,backward_requires_downstream_gradient,1,0
release:1:lane1:F2B:0,program_order_zero_duration,backward_requires_downstream_gradient,1,0
release:1:lane2:F2B:0,program_order_zero_duration,backward_requires_downstream_gradient,1,0
release:1:lane3:F2B:0,program_order_zero_duration,backward_requires_downstream_gradient,1,0
release:1:lane4:F2B:0,program_order_zero_duration,backward_requires_downstream_gradient,1,0
release:1:lane5:F2B:0,program_order_zero_duration,backward_requires_downstream_gradient,1,0
release:1:lane6:F2B:0,program_order_zero_duration,backward_requires_downstream_gradient,1,0
release:1:lane7:F2B:0,program_order_zero_duration,backward_requires_downstream_gradient,1,0
release:1:lane8:F2B:0,program_order_zero_duration,backward_requires_downstream_gradient,1,0
release:1:lane9:F2B:0,program_order_zero_duration,backward_requires_downstream_gradient,1,0
release:2:lane0:F2B:0,program_order_zero_duration,backward_requires_downstream_gradient,1,0
release:2:lane10:F2B:0,program_order_zero_duration,backward_requires_downstream_gradient,1,0
release:2:lane11:F2B:0,program_order_zero_duration,backward_requires_downstream_gradient,1,0
release:2:lane12:F2B:0,program_order_zero_duration,backward_requires_downstream_gradient,1,0
release:2:lane13:F2B:0,program_order_zero_duration,backward_requires_downstream_gradient,1,0
release:2:lane14:F2B:0,program_order_zero_duration,backward_requires_downstream_gradient,1,0
release:2:lane15:F2B:0,program_order_zero_duration,backward_requires_downstream_gradient,1,0
release:2:lane1:F2B:0,program_order_zero_duration,backward_requires_downstream_gradient,1,0
release:2:lane2:F2B:0,program_order_zero_duration,backward_requires_downstream_gradient,1,0
release:2:lane3:F2B:0,program_order_zero_duration,backward_requires_downstream_gradient,1,0
release:2:lane4:F2B:0,program_order_zero_duration,backward_requires_downstream_gradient,1,0
release:2:lane5:F2B:0,program_order_zero_duration,backward_requires_downstream_gradient,1,0
release:2:lane6:F2B:0,program_order_zero_duration,backward_requires_downstream_gradient,1,0
release:2:lane7:F2B:0,program_order_zero_duration,backward_requires_downstream_gradient,1,0
release:2:lane8:F2B:0,program_order_zero_duration,backward_requires_downstream_gradient,1,0
release:2:lane9:F2B:0,program_order_zero_duration,backward_requires_downstream_gradient,1,0
release:3:lane0:F2B:0,program_order_zero_duration,backward_requires_downstream_gradient,1,0
release:3:lane10:F2B:0,program_order_zero_duration,backward_requires_downstream_gradient,1,0
release:3:lane11:F2B:0,program_order_zero_duration,backward_requires_downstream_gradient,1,0
release:3:lane12:F2B:0,program_order_zero_duration,backward_requires_downstream_gradient,1,0
release:3:lane13:F2B:0,program_order_zero_duration,backward_requires_downstream_gradient,1,0
release:3:lane14:F2B:0,program_order_zero_duration,backward_requires_downstream_gradient,1,0
release:3:lane15:F2B:0,program_order_zero_duration,backward_requires_downstream_gradient,1,0
release:3:lane1:F2B:0,program_order_zero_duration,backward_requires_downstream_gradient,1,0
release:3:lane2:F2B:0,program_order_zero_duration,backward_requires_downstream_gradient,1,0
release:3:lane3:F2B:0,program_order_zero_duration,backward_requires_downstream_gradient,1,0
release:3:lane4:F2B:0,program_order_zero_duration,backward_requires_downstream_gradient,1,0
release:3:lane5:F2B:0,program_order_zero_duration,backward_requires_downstream_gradient,1,0
release:3:lane6:F2B:0,program_order_zero_duration,backward_requires_downstream_gradient,1,0
release:3:lane7:F2B:0,program_order_zero_duration,backward_requires_downstream_gradient,1,0
release:3:lane8:F2B:0,program_order_zero_duration,backward_requires_downstream_gradient,1,0
release:3:lane9:F2B:0,program_order_zero_duration,backward_requires_downstream_gradient,1,0
release:5:lane0:F2B:0,program_order_zero_duration,backward_requires_downstream_gradient,1,0
release:5:lane10:F2B:0,program_order_zero_duration,backward_requires_downstream_gradient,1,0
release:5:lane11:F2B:0,program_order_zero_duration,backward_requires_downstream_gradient,1,0
release:5:lane12:F2B:0,program_order_zero_duration,backward_requires_downstream_gradient,1,0
release:5:lane13:F2B:0,program_order_zero_duration,backward_requires_downstream_gradient,1,0
release:5:lane14:F2B:0,program_order_zero_duration,backward_requires_downstream_gradient,1,0
release:5:lane15:F2B:0,program_order_zero_duration,backward_requires_downstream_gradient,1,0
release:5:lane1:F2B:0,program_order_zero_duration,backward_requires_downstream_gradient,1,0
release:5:lane2:F2B:0,program_order_zero_duration,backward_requires_downstream_gradient,1,0
release:5:lane3:F2B:0,program_order_zero_duration,backward_requires_downstream_gradient,1,0
release:5:lane4:F2B:0,program_order_zero_duration,backward_requires_downstream_gradient,1,0
release:5:lane5:F2B:0,program_order_zero_duration,backward_requires_downstream_gradient,1,0
release:5:lane6:F2B:0,program_order_zero_duration,backward_requires_downstream_gradient,1,0
release:5:lane7:F2B:0,program_order_zero_duration,backward_requires_downstream_gradient,1,0
release:5:lane8:F2B:0,program_order_zero_duration,backward_requires_downstream_gradient,1,0
release:5:lane9:F2B:0,program_order_zero_duration,backward_requires_downstream_gradient,1,0
release:6:lane0:F2B:0,program_order_zero_duration,backward_requires_downstream_gradient,1,0
release:6:lane10:F2B:0,program_order_zero_duration,backward_requires_downstream_gradient,1,0
release:6:lane11:F2B:0,program_order_zero_duration,backward_requires_downstream_gradient,1,0
release:6:lane12:F2B:0,program_order_zero_duration,backward_requires_downstream_gradient,1,0
release:6:lane13:F2B:0,program_order_zero_duration,backward_requires_downstream_gradient,1,0
release:6:lane14:F2B:0,program_order_zero_duration,backward_requires_downstream_gradient,1,0
release:6:lane15:F2B:0,program_order_zero_duration,backward_requires_downstream_gradient,1,0
release:6:lane1:F2B:0,program_order_zero_duration,backward_requires_downstream_gradient,1,0
release:6:lane2:F2B:0,program_order_zero_duration,backward_requires_downstream_gradient,1,0
release:6:lane3:F2B:0,program_order_zero_duration,backward_requires_downstream_gradient,1,0
release:6:lane4:F2B:0,program_order_zero_duration,backward_requires_downstream_gradient,1,0
release:6:lane5:F2B:0,program_order_zero_duration,backward_requires_downstream_gradient,1,0
release:6:lane6:F2B:0,program_order_zero_duration,backward_requires_downstream_gradient,1,0
release:6:lane7:F2B:0,program_order_zero_duration,backward_requires_downstream_gradient,1,0
release:6:lane8:F2B:0,program_order_zero_duration,backward_requires_downstream_gradient,1,0
release:6:lane9:F2B:0,program_order_zero_duration,backward_requires_downstream_gradient,1,0
release:7:lane0:F2B:0,program_order_zero_duration,backward_requires_downstream_gradient,1,0
release:7:lane10:F2B:0,program_order_zero_duration,backward_requires_downstream_gradient,1,0
release:7:lane11:F2B:0,program_order_zero_duration,backward_requires_downstream_gradient,1,0
release:7:lane12:F2B:0,program_order_zero_duration,backward_requires_downstream_gradient,1,0
release:7:lane13:F2B:0,program_order_zero_duration,backward_requires_downstream_gradient,1,0
release:7:lane14:F2B:0,program_order_zero_duration,backward_requires_downstream_gradient,1,0
release:7:lane15:F2B:0,program_order_zero_duration,backward_requires_downstream_gradient,1,0
release:7:lane1:F2B:0,program_order_zero_duration,backward_requires_downstream_gradient,1,0
release:7:lane2:F2B:0,program_order_zero_duration,backward_requires_downstream_gradient,1,0
release:7:lane3:F2B:0,program_order_zero_duration,backward_requires_downstream_gradient,1,0
release:7:lane4:F2B:0,program_order_zero_duration,backward_requires_downstream_gradient,1,0
release:7:lane5:F2B:0,program_order_zero_duration,backward_requires_downstream_gradient,1,0
release:7:lane6:F2B:0,program_order_zero_duration,backward_requires_downstream_gradient,1,0
release:7:lane7:F2B:0,program_order_zero_duration,backward_requires_downstream_gradient,1,0
release:7:lane8:F2B:0,program_order_zero_duration,backward_requires_downstream_gradient,1,0
release:7:lane9:F2B:0,program_order_zero_duration,backward_requires_downstream_gradient,1,0
release:8:lane0:F2B:0,program_order_zero_duration,backward_requires_downstream_gradient,1,0
release:8:lane10:F2B:0,program_order_zero_duration,backward_requires_downstream_gradient,1,0
release:8:lane11:F2B:0,program_order_zero_duration,backward_requires_downstream_gradient,1,0
release:8:lane12:F2B:0,program_order_zero_duration,backward_requires_downstream_gradient,1,0
release:8:lane13:F2B:0,program_order_zero_duration,backward_requires_downstream_gradient,1,0
release:8:lane14:F2B:0,program_order_zero_duration,backward_requires_downstream_gradient,1,0
release:8:lane15:F2B:0,program_order_zero_duration,backward_requires_downstream_gradient,1,0
release:8:lane1:F2B:0,program_order_zero_duration,backward_requires_downstream_gradient,1,0
release:8:lane2:F2B:0,program_order_zero_duration,backward_requires_downstream_gradient,1,0
release:8:lane3:F2B:0,program_order_zero_duration,backward_requires_downstream_gradient,1,0
release:8:lane4:F2B:0,program_order_zero_duration,backward_requires_downstream_gradient,1,0
release:8:lane5:F2B:0,program_order_zero_duration,backward_requires_downstream_gradient,1,0
release:8:lane6:F2B:0,program_order_zero_duration,backward_requires_downstream_gradient,1,0
release:8:lane7:F2B:0,program_order_zero_duration,backward_requires_downstream_gradient,1,0
release:8:lane8:F2B:0,program_order_zero_duration,backward_requires_downstream_gradient,1,0
release:8:lane9:F2B:0,program_order_zero_duration,backward_requires_downstream_gradient,1,0
release:9:lane0:F2B:0,program_order_zero_duration,backward_requires_downstream_gradient,1,0
release:9:lane10:F2B:0,program_order_zero_duration,backward_requires_downstream_gradient,1,0
release:9:lane11:F2B:0,program_order_zero_duration,backward_requires_downstream_gradient,1,0
release:9:lane12:F2B:0,program_order_zero_duration,backward_requires_downstream_gradient,1,0
release:9:lane13:F2B:0,program_order_zero_duration,backward_requires_downstream_gradient,1,0
release:9:lane14:F2B:0,program_order_zero_duration,backward_requires_downstream_gradient,1,0
release:9:lane15:F2B:0,program_order_zero_duration,backward_requires_downstream_gradient,1,0
release:9:lane1:F2B:0,program_order_zero_duration,backward_requires_downstream_gradient,1,0
release:9:lane2:F2B:0,program_order_zero_duration,backward_requires_downstream_gradient,1,0
release:9:lane3:F2B:0,program_order_zero_duration,backward_requires_downstream_gradient,1,0
release:9:lane4:F2B:0,program_order_zero_duration,backward_requires_downstream_gradient,1,0
release:9:lane5:F2B:0,program_order_zero_duration,backward_requires_downstream_gradient,1,0
release:9:lane6:F2B:0,program_order_zero_duration,backward_requires_downstream_gradient,1,0
release:9:lane7:F2B:0,program_order_zero_duration,backward_requires_downstream_gradient,1,0
release:9:lane8:F2B:0,program_order_zero_duration,backward_requires_downstream_gradient,1,0
release:9:lane9:F2B:0,program_order_zero_duration,backward_requires_downstream_gradient,1,0
source256:iteration85:profiler_entry_to_phase,profiler_entry_to_first_phase,source256_iterations_85_100_entry_median,1,0
step_exit,physical_step_exit_clock,source256_exact_global_layer_step_exit,624,624
tail_dp_ag0_to_expert_dp_ag0_software,tail_dp_ag0_to_expert_dp_ag0_software,source256_rank_program_gap_median_nonnegative,112,0
tail_dp_ag1_to_expert_dp_ag1_software,tail_dp_ag1_to_expert_dp_ag1_software,source256_rank_program_gap_median_nonnegative,112,0
tail_dp_rs_to_expert_dp_rs_software,tail_dp_rs_to_expert_dp_rs_software,source256_rank_program_gap_median_nonnegative,224,0
zero_duration_dependency,zero_duration_dependency,v66_dependency_structure,1,0
