round,kind,end_ns,rank,start_ns,group_ready_ns,group_first_start_ns,observed_ranks,iteration,service_ns,pp_stage,group_size,group_key,group_end_ns,completion_advance_ns,behavior,arrival_wait_ns,payload_bytes,dependency,dependency_lag_ns,service_scale,predicted_start_ns,predicted_group_ready_ns,predicted_service_ns,predicted_group_end_ns,predicted_completion_advance_ns,predicted_end_ns
0,dp_ag0,1785477765038666530,0,1785477765026196977,1785477765026886772,1785477765026058723,16,55,11780520,0,16,dp_param_allgather:pg=1,1785477765038667292,762,dp_param_allgather,689795,148986880,world_rs_done,29520720,1.0,1785477763358591634,1785477763359281429,11780520,1785477763371061949,762,1785477763371061187
0,dp_ag0,1785477765038662688,1,1785477765026123080,1785477765026886772,1785477765026058723,16,55,11780520,0,16,dp_param_allgather:pg=1,1785477765038667292,4604,dp_param_allgather,763692,148986880,world_rs_done,29446823,1.0,1785477763358517737,1785477763359281429,11780520,1785477763371061949,4604,1785477763371057345
0,dp_ag0,1785477765038644455,2,1785477765026261014,1785477765026886772,1785477765026058723,16,55,11780520,0,16,dp_param_allgather:pg=1,1785477765038667292,22837,dp_param_allgather,625758,148986880,world_rs_done,29584757,1.0,1785477763358655671,1785477763359281429,11780520,1785477763371061949,22837,1785477763371039112
0,dp_ag0,1785477765038667292,3,1785477765026214680,1785477765026886772,1785477765026058723,16,55,11780520,0,16,dp_param_allgather:pg=1,1785477765038667292,0,dp_param_allgather,672092,148986880,world_rs_done,29538423,1.0,1785477763358609337,1785477763359281429,11780520,1785477763371061949,0,1785477763371061949
0,dp_ag0,1785477765038650458,4,1785477765026190070,1785477765026886772,1785477765026058723,16,55,11780520,0,16,dp_param_allgather:pg=1,1785477765038667292,16834,dp_param_allgather,696702,148986880,world_rs_done,29513813,1.0,1785477763358584727,1785477763359281429,11780520,1785477763371061949,16834,1785477763371045115
0,dp_ag0,1785477765038663478,5,1785477765026169079,1785477765026886772,1785477765026058723,16,55,11780520,0,16,dp_param_allgather:pg=1,1785477765038667292,3814,dp_param_allgather,717693,148986880,world_rs_done,29492822,1.0,1785477763358563736,1785477763359281429,11780520,1785477763371061949,3814,1785477763371058135
0,dp_ag0,1785477765038642957,6,1785477765026160944,1785477765026886772,1785477765026058723,16,55,11780520,0,16,dp_param_allgather:pg=1,1785477765038667292,24335,dp_param_allgather,725828,148986880,world_rs_done,29484687,1.0,1785477763358555601,1785477763359281429,11780520,1785477763371061949,24335,1785477763371037614
0,dp_ag0,1785477765038641866,7,1785477765026184668,1785477765026886772,1785477765026058723,16,55,11780520,0,16,dp_param_allgather:pg=1,1785477765038667292,25426,dp_param_allgather,702104,148986880,world_rs_done,29508411,1.0,1785477763358579325,1785477763359281429,11780520,1785477763371061949,25426,1785477763371036523
0,dp_ag0,1785477765038645138,8,1785477765026372156,1785477765026886772,1785477765026058723,16,55,11780520,0,16,dp_param_allgather:pg=1,1785477765038667292,22154,dp_param_allgather,514616,148986880,world_rs_done,29695899,1.0,1785477763358766813,1785477763359281429,11780520,1785477763371061949,22154,1785477763371039795
0,dp_ag0,1785477765038644614,9,1785477765026189513,1785477765026886772,1785477765026058723,16,55,11780520,0,16,dp_param_allgather:pg=1,1785477765038667292,22678,dp_param_allgather,697259,148986880,world_rs_done,29513256,1.0,1785477763358584170,1785477763359281429,11780520,1785477763371061949,22678,1785477763371039271
0,dp_ag0,1785477765038649146,10,1785477765026812673,1785477765026886772,1785477765026058723,16,55,11780520,0,16,dp_param_allgather:pg=1,1785477765038667292,18146,dp_param_allgather,74099,148986880,world_rs_done,30136416,1.0,1785477763359207330,1785477763359281429,11780520,1785477763371061949,18146,1785477763371043803
0,dp_ag0,1785477765038646083,11,1785477765026058723,1785477765026886772,1785477765026058723,16,55,11780520,0,16,dp_param_allgather:pg=1,1785477765038667292,21209,dp_param_allgather,828049,148986880,world_rs_done,29382466,1.0,1785477763358453380,1785477763359281429,11780520,1785477763371061949,21209,1785477763371040740
0,dp_ag0,1785477765038649739,12,1785477765026221855,1785477765026886772,1785477765026058723,16,55,11780520,0,16,dp_param_allgather:pg=1,1785477765038667292,17553,dp_param_allgather,664917,148986880,world_rs_done,29545598,1.0,1785477763358616512,1785477763359281429,11780520,1785477763371061949,17553,1785477763371044396
0,dp_ag0,1785477765038605768,13,1785477765026494659,1785477765026886772,1785477765026058723,16,55,11780520,0,16,dp_param_allgather:pg=1,1785477765038667292,61524,dp_param_allgather,392113,148986880,world_rs_done,29818402,1.0,1785477763358889316,1785477763359281429,11780520,1785477763371061949,61524,1785477763371000425
0,dp_ag0,1785477765038651383,14,1785477765026511418,1785477765026886772,1785477765026058723,16,55,11780520,0,16,dp_param_allgather:pg=1,1785477765038667292,15909,dp_param_allgather,375354,148986880,world_rs_done,29835161,1.0,1785477763358906075,1785477763359281429,11780520,1785477763371061949,15909,1785477763371046040
0,dp_ag0,1785477765038647609,15,1785477765026886772,1785477765026886772,1785477765026058723,16,55,11780520,0,16,dp_param_allgather:pg=1,1785477765038667292,19683,dp_param_allgather,0,148986880,world_rs_done,30210515,1.0,1785477763359281429,1785477763359281429,11780520,1785477763371061949,19683,1785477763371042266
1,dp_ag1,1785477765089457742,0,1785477765074848184,1785477765077909588,1785477765074595964,16,55,11548154,0,16,dp_param_allgather:pg=1,1785477765089457742,0,dp_param_allgather,3061404,148986880,same_rank_edp_ag0,22630339,1.0,1785477763407242841,1785477763410304245,11548154,1785477763421852399,0,1785477763421852399
1,dp_ag1,1785477765089456755,1,1785477765075717434,1785477765077909588,1785477765074595964,16,55,11548154,0,16,dp_param_allgather:pg=1,1785477765089457742,987,dp_param_allgather,2192154,148986880,same_rank_edp_ag0,22343911,1.0,1785477763408112091,1785477763410304245,11548154,1785477763421852399,987,1785477763421851412
1,dp_ag1,1785477765089417944,2,1785477765075102936,1785477765077909588,1785477765074595964,16,55,11548154,0,16,dp_param_allgather:pg=1,1785477765089457742,39798,dp_param_allgather,2806652,148986880,same_rank_edp_ag0,22719395,1.0,1785477763407497593,1785477763410304245,11548154,1785477763421852399,39798,1785477763421812601
1,dp_ag1,1785477765089457467,3,1785477765074595964,1785477765077909588,1785477765074595964,16,55,11548154,0,16,dp_param_allgather:pg=1,1785477765089457742,275,dp_param_allgather,3313624,148986880,same_rank_edp_ag0,22718616,1.0,1785477763406990621,1785477763410304245,11548154,1785477763421852399,275,1785477763421852124
1,dp_ag1,1785477765089456171,4,1785477765076950183,1785477765077909588,1785477765074595964,16,55,11548154,0,16,dp_param_allgather:pg=1,1785477765089457742,1571,dp_param_allgather,959405,148986880,same_rank_edp_ag0,22593330,1.0,1785477763409344840,1785477763410304245,11548154,1785477763421852399,1571,1785477763421850828
1,dp_ag1,1785477765089451716,5,1785477765075109231,1785477765077909588,1785477765074595964,16,55,11548154,0,16,dp_param_allgather:pg=1,1785477765089457742,6026,dp_param_allgather,2800357,148986880,same_rank_edp_ag0,22662870,1.0,1785477763407503888,1785477763410304245,11548154,1785477763421852399,6026,1785477763421846373
1,dp_ag1,1785477765089409813,6,1785477765075817595,1785477765077909588,1785477765074595964,16,55,11548154,0,16,dp_param_allgather:pg=1,1785477765089457742,47929,dp_param_allgather,2091993,148986880,same_rank_edp_ag0,22576176,1.0,1785477763408212252,1785477763410304245,11548154,1785477763421852399,47929,1785477763421804470
1,dp_ag1,1785477765089441983,7,1785477765074873418,1785477765077909588,1785477765074595964,16,55,11548154,0,16,dp_param_allgather:pg=1,1785477765089457742,15759,dp_param_allgather,3036170,148986880,same_rank_edp_ag0,22621150,1.0,1785477763407268075,1785477763410304245,11548154,1785477763421852399,15759,1785477763421836640
1,dp_ag1,1785477765089435228,8,1785477765075674084,1785477765077909588,1785477765074595964,16,55,11548154,0,16,dp_param_allgather:pg=1,1785477765089457742,22514,dp_param_allgather,2235504,148986880,same_rank_edp_ag0,23451482,1.0,1785477763408068741,1785477763410304245,11548154,1785477763421852399,22514,1785477763421829885
1,dp_ag1,1785477765089431502,9,1785477765077022722,1785477765077909588,1785477765074595964,16,55,11548154,0,16,dp_param_allgather:pg=1,1785477765089457742,26240,dp_param_allgather,886866,148986880,same_rank_edp_ag0,23637236,1.0,1785477763409417379,1785477763410304245,11548154,1785477763421852399,26240,1785477763421826159
1,dp_ag1,1785477765089442887,10,1785477765076162970,1785477765077909588,1785477765074595964,16,55,11548154,0,16,dp_param_allgather:pg=1,1785477765089457742,14855,dp_param_allgather,1746618,148986880,same_rank_edp_ag0,23803866,1.0,1785477763408557627,1785477763410304245,11548154,1785477763421852399,14855,1785477763421837544
1,dp_ag1,1785477765089430803,11,1785477765075490839,1785477765077909588,1785477765074595964,16,55,11548154,0,16,dp_param_allgather:pg=1,1785477765089457742,26939,dp_param_allgather,2418749,148986880,same_rank_edp_ag0,23612154,1.0,1785477763407885496,1785477763410304245,11548154,1785477763421852399,26939,1785477763421825460
1,dp_ag1,1785477765089442866,12,1785477765077909588,1785477765077909588,1785477765074595964,16,55,11548154,0,16,dp_param_allgather:pg=1,1785477765089457742,14876,dp_param_allgather,0,148986880,same_rank_edp_ag0,23552704,1.0,1785477763410304245,1785477763410304245,11548154,1785477763421852399,14876,1785477763421837523
1,dp_ag1,1785477765089395289,13,1785477765075970337,1785477765077909588,1785477765074595964,16,55,11548154,0,16,dp_param_allgather:pg=1,1785477765089457742,62453,dp_param_allgather,1939251,148986880,same_rank_edp_ag0,23517936,1.0,1785477763408364994,1785477763410304245,11548154,1785477763421852399,62453,1785477763421789946
1,dp_ag1,1785477765089440332,14,1785477765076841445,1785477765077909588,1785477765074595964,16,55,11548154,0,16,dp_param_allgather:pg=1,1785477765089457742,17410,dp_param_allgather,1068143,148986880,same_rank_edp_ag0,23599808,1.0,1785477763409236102,1785477763410304245,11548154,1785477763421852399,17410,1785477763421834989
1,dp_ag1,1785477765089442970,15,1785477765075871807,1785477765077909588,1785477765074595964,16,55,11548154,0,16,dp_param_allgather:pg=1,1785477765089457742,14772,dp_param_allgather,2037781,148986880,same_rank_edp_ag0,23621515,1.0,1785477763408266464,1785477763410304245,11548154,1785477763421852399,14772,1785477763421837627
0,dp_rs,1785477764935174221,0,1785477764789544563,1785477764911530568,1785477764788594100,16,55,23683428,0,16,dp_grad_reduce_scatter:pg=1,1785477764935213996,39775,dp_grad_reduce_scatter,121986005,4767580160,pp_frontier,0,1.0,1785477763078413982,1785477763243925225,23683428,1785477763267608653,39775,1785477763267568878
0,dp_rs,1785477764935153805,1,1785477764789733123,1785477764911530568,1785477764788594100,16,55,23683428,0,16,dp_grad_reduce_scatter:pg=1,1785477764935213996,60191,dp_grad_reduce_scatter,121797445,4767580160,pp_frontier,0,1.0,1785477763073520384,1785477763243925225,23683428,1785477763267608653,60191,1785477763267548462
0,dp_rs,1785477764935152670,2,1785477764789367105,1785477764911530568,1785477764788594100,16,55,23683428,0,16,dp_grad_reduce_scatter:pg=1,1785477764935213996,61326,dp_grad_reduce_scatter,122163463,4767580160,pp_frontier,0,1.0,1785477763081390035,1785477763243925225,23683428,1785477763267608653,61326,1785477763267547327
0,dp_rs,1785477764935160255,3,1785477764789484959,1785477764911530568,1785477764788594100,16,55,23683428,0,16,dp_grad_reduce_scatter:pg=1,1785477764935213996,53741,dp_grad_reduce_scatter,122045609,4767580160,pp_frontier,0,1.0,1785477763080084935,1785477763243925225,23683428,1785477763267608653,53741,1785477763267554912
0,dp_rs,1785477764935163788,4,1785477764788715384,1785477764911530568,1785477764788594100,16,55,23683428,0,16,dp_grad_reduce_scatter:pg=1,1785477764935213996,50208,dp_grad_reduce_scatter,122815184,4767580160,pp_frontier,0,1.0,1785477763086398120,1785477763243925225,23683428,1785477763267608653,50208,1785477763267558445
0,dp_rs,1785477764935213996,5,1785477764788594100,1785477764911530568,1785477764788594100,16,55,23683428,0,16,dp_grad_reduce_scatter:pg=1,1785477764935213996,0,dp_grad_reduce_scatter,122936468,4767580160,pp_frontier,0,1.0,1785477763088528490,1785477763243925225,23683428,1785477763267608653,0,1785477763267608653
0,dp_rs,1785477764935092758,6,1785477764789040579,1785477764911530568,1785477764788594100,16,55,23683428,0,16,dp_grad_reduce_scatter:pg=1,1785477764935213996,121238,dp_grad_reduce_scatter,122489989,4767580160,pp_frontier,0,1.0,1785477763076532274,1785477763243925225,23683428,1785477763267608653,121238,1785477763267487415
0,dp_rs,1785477764935157988,7,1785477764788968258,1785477764911530568,1785477764788594100,16,55,23683428,0,16,dp_grad_reduce_scatter:pg=1,1785477764935213996,56008,dp_grad_reduce_scatter,122562310,4767580160,pp_frontier,0,1.0,1785477763073851103,1785477763243925225,23683428,1785477763267608653,56008,1785477763267552645
0,dp_rs,1785477764935181073,8,1785477764911105030,1785477764911530568,1785477764788594100,16,55,23683428,0,16,dp_grad_reduce_scatter:pg=1,1785477764935213996,32923,dp_grad_reduce_scatter,425538,4767580160,pp_frontier,0,1.0,1785477763221594981,1785477763243925225,23683428,1785477763267608653,32923,1785477763267575730
0,dp_rs,1785477764935190469,9,1785477764910654349,1785477764911530568,1785477764788594100,16,55,23683428,0,16,dp_grad_reduce_scatter:pg=1,1785477764935213996,23527,dp_grad_reduce_scatter,876219,4767580160,pp_frontier,0,1.0,1785477763243925225,1785477763243925225,23683428,1785477763267608653,23527,1785477763267585126
0,dp_rs,1785477764935176779,10,1785477764909791349,1785477764911530568,1785477764788594100,16,55,23683428,0,16,dp_grad_reduce_scatter:pg=1,1785477764935213996,37217,dp_grad_reduce_scatter,1739219,4767580160,pp_frontier,0,1.0,1785477763241907259,1785477763243925225,23683428,1785477763267608653,37217,1785477763267571436
0,dp_rs,1785477764935192316,11,1785477764910284837,1785477764911530568,1785477764788594100,16,55,23683428,0,16,dp_grad_reduce_scatter:pg=1,1785477764935213996,21680,dp_grad_reduce_scatter,1245731,4767580160,pp_frontier,0,1.0,1785477763242979198,1785477763243925225,23683428,1785477763267608653,21680,1785477763267586973
0,dp_rs,1785477764935191325,12,1785477764909802355,1785477764911530568,1785477764788594100,16,55,23683428,0,16,dp_grad_reduce_scatter:pg=1,1785477764935213996,22671,dp_grad_reduce_scatter,1728213,4767580160,pp_frontier,0,1.0,1785477763243301185,1785477763243925225,23683428,1785477763267608653,22671,1785477763267585982
0,dp_rs,1785477764935125562,13,1785477764909363300,1785477764911530568,1785477764788594100,16,55,23683428,0,16,dp_grad_reduce_scatter:pg=1,1785477764935213996,88434,dp_grad_reduce_scatter,2167268,4767580160,pp_frontier,0,1.0,1785477763242747604,1785477763243925225,23683428,1785477763267608653,88434,1785477763267520219
0,dp_rs,1785477764935176839,14,1785477764911497271,1785477764911530568,1785477764788594100,16,55,23683428,0,16,dp_grad_reduce_scatter:pg=1,1785477764935213996,37157,dp_grad_reduce_scatter,33297,4767580160,pp_frontier,0,1.0,1785477763234831198,1785477763243925225,23683428,1785477763267608653,37157,1785477763267571496
0,dp_rs,1785477764935182842,15,1785477764911530568,1785477764911530568,1785477764788594100,16,55,23683428,0,16,dp_grad_reduce_scatter:pg=1,1785477764935213996,31154,dp_grad_reduce_scatter,0,4767580160,pp_frontier,0,1.0,1785477763234714262,1785477763243925225,23683428,1785477763267608653,31154,1785477763267577499
0,edp_ag0,1785477765052217845,0,1785477765038677050,1785477765038677050,1785477765038663018,2,55,13545552,0,2,expert_dp_param_allgather:pg=1043,1785477765052222602,4757,expert_dp_param_allgather,0,471859200,same_rank_dp_ag0,10520,1.0,1785477763371071707,1785477763371071707,13545552,1785477763384617259,4757,1785477763384612502
0,edp_ag0,1785477765052222602,8,1785477765038663018,1785477765038677050,1785477765038663018,2,55,13545552,0,2,expert_dp_param_allgather:pg=1043,1785477765052222602,0,expert_dp_param_allgather,14032,471859200,same_rank_dp_ag0,17880,1.0,1785477763371057675,1785477763371071707,13545552,1785477763384617259,0,1785477763384617259
0,edp_ag0,1785477765053373523,1,1785477765038698088,1785477765038698088,1785477765038655294,2,55,14687398,0,2,expert_dp_param_allgather:pg=1045,1785477765053385486,11963,expert_dp_param_allgather,0,471859200,same_rank_dp_ag0,35400,1.0,1785477763371092745,1785477763371092745,14687398,1785477763385780143,11963,1785477763385768180
0,edp_ag0,1785477765053385486,9,1785477765038655294,1785477765038698088,1785477765038655294,2,55,14687398,0,2,expert_dp_param_allgather:pg=1045,1785477765053385486,0,expert_dp_param_allgather,42794,471859200,same_rank_dp_ag0,10680,1.0,1785477763371049951,1785477763371092745,14687398,1785477763385780143,0,1785477763385780143
0,edp_ag0,1785477765052383541,2,1785477765038655535,1785477765038660266,1785477765038655535,2,55,13723275,0,2,expert_dp_param_allgather:pg=1047,1785477765052383541,0,expert_dp_param_allgather,4731,471859200,same_rank_dp_ag0,11080,1.0,1785477763371050192,1785477763371054923,13723275,1785477763384778198,0,1785477763384778198
0,edp_ag0,1785477765052359104,10,1785477765038660266,1785477765038660266,1785477765038655535,2,55,13723275,0,2,expert_dp_param_allgather:pg=1047,1785477765052383541,24437,expert_dp_param_allgather,0,471859200,same_rank_dp_ag0,11120,1.0,1785477763371054923,1785477763371054923,13723275,1785477763384778198,24437,1785477763384753761
0,edp_ag0,1785477765051877348,3,1785477765038678213,1785477765038678213,1785477765038656883,2,55,13200472,0,2,expert_dp_param_allgather:pg=1049,1785477765051878685,1337,expert_dp_param_allgather,0,471859200,same_rank_dp_ag0,10921,1.0,1785477763371072870,1785477763371072870,13200472,1785477763384273342,1337,1785477763384272005
0,edp_ag0,1785477765051878685,11,1785477765038656883,1785477765038678213,1785477765038656883,2,55,13200472,0,2,expert_dp_param_allgather:pg=1049,1785477765051878685,0,expert_dp_param_allgather,21330,471859200,same_rank_dp_ag0,10800,1.0,1785477763371051540,1785477763371072870,13200472,1785477763384273342,0,1785477763384273342
0,edp_ag0,1785477765054356853,4,1785477765038664498,1785477765038710179,1785477765038664498,2,55,15646705,0,2,expert_dp_param_allgather:pg=1051,1785477765054356884,31,expert_dp_param_allgather,45681,471859200,same_rank_dp_ag0,14040,1.0,1785477763371059155,1785477763371104836,15646705,1785477763386751541,31,1785477763386751510
0,edp_ag0,1785477765054356884,12,1785477765038710179,1785477765038710179,1785477765038664498,2,55,15646705,0,2,expert_dp_param_allgather:pg=1051,1785477765054356884,0,expert_dp_param_allgather,0,471859200,same_rank_dp_ag0,60440,1.0,1785477763371104836,1785477763371104836,15646705,1785477763386751541,0,1785477763386751541
0,edp_ag0,1785477765052446361,5,1785477765038675158,1785477765038675158,1785477765038616888,2,55,13777243,0,2,expert_dp_param_allgather:pg=1053,1785477765052452401,6040,expert_dp_param_allgather,0,471859200,same_rank_dp_ag0,11680,1.0,1785477763371069815,1785477763371069815,13777243,1785477763384847058,6040,1785477763384841018
0,edp_ag0,1785477765052452401,13,1785477765038616888,1785477765038675158,1785477765038616888,2,55,13777243,0,2,expert_dp_param_allgather:pg=1053,1785477765052452401,0,expert_dp_param_allgather,58270,471859200,same_rank_dp_ag0,11120,1.0,1785477763371011545,1785477763371069815,13777243,1785477763384847058,0,1785477763384847058
0,edp_ag0,1785477765053241419,6,1785477765038653837,1785477765038667583,1785477765038653837,2,55,14574054,0,2,expert_dp_param_allgather:pg=1055,1785477765053241637,218,expert_dp_param_allgather,13746,471859200,same_rank_dp_ag0,10880,1.0,1785477763371048494,1785477763371062240,14574054,1785477763385636294,218,1785477763385636076
0,edp_ag0,1785477765053241637,14,1785477765038667583,1785477765038667583,1785477765038653837,2,55,14574054,0,2,expert_dp_param_allgather:pg=1055,1785477765053241637,0,expert_dp_param_allgather,0,471859200,same_rank_dp_ag0,16200,1.0,1785477763371062240,1785477763371062240,14574054,1785477763385636294,0,1785477763385636294
0,edp_ag0,1785477765052252268,7,1785477765038652826,1785477765038658329,1785477765038652826,2,55,13593939,0,2,expert_dp_param_allgather:pg=1057,1785477765052252268,0,expert_dp_param_allgather,5503,471859200,same_rank_dp_ag0,10960,1.0,1785477763371047483,1785477763371052986,13593939,1785477763384646925,0,1785477763384646925
0,edp_ag0,1785477765052250292,15,1785477765038658329,1785477765038658329,1785477765038652826,2,55,13593939,0,2,expert_dp_param_allgather:pg=1057,1785477765052252268,1976,expert_dp_param_allgather,0,471859200,same_rank_dp_ag0,10720,1.0,1785477763371052986,1785477763371052986,13593939,1785477763384646925,1976,1785477763384644949
1,edp_ag1,1785477765102735576,0,1785477765089463702,1785477765089463702,1785477765089445428,2,55,13271874,0,2,expert_dp_param_allgather:pg=1043,1785477765102735576,0,expert_dp_param_allgather,0,471859200,same_rank_dp_ag1,5960,1.0,1785477763421858359,1785477763421858359,13271874,1785477763435130233,0,1785477763435130233
1,edp_ag1,1785477765102706372,8,1785477765089445428,1785477765089463702,1785477765089445428,2,55,13271874,0,2,expert_dp_param_allgather:pg=1043,1785477765102735576,29204,expert_dp_param_allgather,18274,471859200,same_rank_dp_ag1,10200,1.0,1785477763421840085,1785477763421858359,13271874,1785477763435130233,29204,1785477763435101029
1,edp_ag1,1785477765102707279,1,1785477765089461155,1785477765089461155,1785477765089442022,2,55,13250732,0,2,expert_dp_param_allgather:pg=1045,1785477765102711887,4608,expert_dp_param_allgather,0,471859200,same_rank_dp_ag1,4400,1.0,1785477763421855812,1785477763421855812,13250732,1785477763435106544,4608,1785477763435101936
1,edp_ag1,1785477765102711887,9,1785477765089442022,1785477765089461155,1785477765089442022,2,55,13250732,0,2,expert_dp_param_allgather:pg=1045,1785477765102711887,0,expert_dp_param_allgather,19133,471859200,same_rank_dp_ag1,10520,1.0,1785477763421836679,1785477763421855812,13250732,1785477763435106544,0,1785477763435106544
1,edp_ag1,1785477765104047913,2,1785477765089442784,1785477765089470407,1785477765089442784,2,55,14585920,0,2,expert_dp_param_allgather:pg=1047,1785477765104056327,8414,expert_dp_param_allgather,27623,471859200,same_rank_dp_ag1,24840,1.0,1785477763421837441,1785477763421865064,14585920,1785477763436450984,8414,1785477763436442570
1,edp_ag1,1785477765104056327,10,1785477765089470407,1785477765089470407,1785477765089442784,2,55,14585920,0,2,expert_dp_param_allgather:pg=1047,1785477765104056327,0,expert_dp_param_allgather,0,471859200,same_rank_dp_ag1,27520,1.0,1785477763421865064,1785477763421865064,14585920,1785477763436450984,0,1785477763436450984
1,edp_ag1,1785477765103394806,3,1785477765089462027,1785477765089462027,1785477765089443723,2,55,13932779,0,2,expert_dp_param_allgather:pg=1049,1785477765103394806,0,expert_dp_param_allgather,0,471859200,same_rank_dp_ag1,4560,1.0,1785477763421856684,1785477763421856684,13932779,1785477763435789463,0,1785477763435789463
1,edp_ag1,1785477765103374368,11,1785477765089443723,1785477765089462027,1785477765089443723,2,55,13932779,0,2,expert_dp_param_allgather:pg=1049,1785477765103394806,20438,expert_dp_param_allgather,18304,471859200,same_rank_dp_ag1,12920,1.0,1785477763421838380,1785477763421856684,13932779,1785477763435789463,20438,1785477763435769025
1,edp_ag1,1785477765105486486,4,1785477765089477491,1785477765089477491,1785477765089462626,2,55,16011923,0,2,expert_dp_param_allgather:pg=1051,1785477765105489414,2928,expert_dp_param_allgather,0,471859200,same_rank_dp_ag1,21320,1.0,1785477763421872148,1785477763421872148,16011923,1785477763437884071,2928,1785477763437881143
1,edp_ag1,1785477765105489414,12,1785477765089462626,1785477765089477491,1785477765089462626,2,55,16011923,0,2,expert_dp_param_allgather:pg=1051,1785477765105489414,0,expert_dp_param_allgather,14865,471859200,same_rank_dp_ag1,19760,1.0,1785477763421857283,1785477763421872148,16011923,1785477763437884071,0,1785477763437884071
1,edp_ag1,1785477765103146719,5,1785477765089505916,1785477765089505916,1785477765089404729,2,55,13644486,0,2,expert_dp_param_allgather:pg=1053,1785477765103150402,3683,expert_dp_param_allgather,0,471859200,same_rank_dp_ag1,54200,1.0,1785477763421900573,1785477763421900573,13644486,1785477763435545059,3683,1785477763435541376
1,edp_ag1,1785477765103150402,13,1785477765089404729,1785477765089505916,1785477765089404729,2,55,13644486,0,2,expert_dp_param_allgather:pg=1053,1785477765103150402,0,expert_dp_param_allgather,101187,471859200,same_rank_dp_ag1,9440,1.0,1785477763421799386,1785477763421900573,13644486,1785477763435545059,0,1785477763435545059
1,edp_ag1,1785477765102584469,6,1785477765089414293,1785477765089449412,1785477765089414293,2,55,13139929,0,2,expert_dp_param_allgather:pg=1055,1785477765102589341,4872,expert_dp_param_allgather,35119,471859200,same_rank_dp_ag1,4480,1.0,1785477763421808950,1785477763421844069,13139929,1785477763434983998,4872,1785477763434979126
1,edp_ag1,1785477765102589341,14,1785477765089449412,1785477765089449412,1785477765089414293,2,55,13139929,0,2,expert_dp_param_allgather:pg=1055,1785477765102589341,0,expert_dp_param_allgather,0,471859200,same_rank_dp_ag1,9080,1.0,1785477763421844069,1785477763421844069,13139929,1785477763434983998,0,1785477763434983998
1,edp_ag1,1785477765104106348,7,1785477765089455583,1785477765089455583,1785477765089452690,2,55,14650765,0,2,expert_dp_param_allgather:pg=1057,1785477765104106348,0,expert_dp_param_allgather,0,471859200,same_rank_dp_ag1,13600,1.0,1785477763421850240,1785477763421850240,14650765,1785477763436501005,0,1785477763436501005
1,edp_ag1,1785477765104064536,15,1785477765089452690,1785477765089455583,1785477765089452690,2,55,14650765,0,2,expert_dp_param_allgather:pg=1057,1785477765104106348,41812,expert_dp_param_allgather,2893,471859200,same_rank_dp_ag1,9720,1.0,1785477763421847347,1785477763421850240,14650765,1785477763436501005,41812,1785477763436459193
0,edp_rs,1785477764987992838,0,1785477764940002953,1785477764940002953,1785477764939933722,2,55,47989885,0,2,expert_dp_grad_reduce_scatter:pg=1043,1785477764987992838,0,expert_dp_grad_reduce_scatter,0,1887436800,same_rank_dp_rs,4828732,1.0,1785477763272397610,1785477763272397610,47989885,1785477763320387495,0,1785477763320387495
0,edp_rs,1785477764987950847,8,1785477764939933722,1785477764940002953,1785477764939933722,2,55,47989885,0,2,expert_dp_grad_reduce_scatter:pg=1043,1785477764987992838,41991,expert_dp_grad_reduce_scatter,69231,1887436800,same_rank_dp_rs,4752649,1.0,1785477763272328379,1785477763272397610,47989885,1785477763320387495,41991,1785477763320345504
0,edp_rs,1785477764995944614,1,1785477764940031096,1785477764940091653,1785477764940031096,2,55,55880993,0,2,expert_dp_grad_reduce_scatter:pg=1045,1785477764995972646,28032,expert_dp_grad_reduce_scatter,60557,1887436800,same_rank_dp_rs,4877291,1.0,1785477763272425753,1785477763272486310,55880993,1785477763328367303,28032,1785477763328339271
0,edp_rs,1785477764995972646,9,1785477764940091653,1785477764940091653,1785477764940031096,2,55,55880993,0,2,expert_dp_grad_reduce_scatter:pg=1045,1785477764995972646,0,expert_dp_grad_reduce_scatter,0,1887436800,same_rank_dp_rs,4901184,1.0,1785477763272486310,1785477763272486310,55880993,1785477763328367303,0,1785477763328367303
0,edp_rs,1785477764994172347,2,1785477764940033207,1785477764940050673,1785477764940033207,2,55,54121674,0,2,expert_dp_grad_reduce_scatter:pg=1047,1785477764994172347,0,expert_dp_grad_reduce_scatter,17466,1887436800,same_rank_dp_rs,4880537,1.0,1785477763272427864,1785477763272445330,54121674,1785477763326567004,0,1785477763326567004
0,edp_rs,1785477764994106143,10,1785477764940050673,1785477764940050673,1785477764940033207,2,55,54121674,0,2,expert_dp_grad_reduce_scatter:pg=1047,1785477764994172347,66204,expert_dp_grad_reduce_scatter,0,1887436800,same_rank_dp_rs,4873894,1.0,1785477763272445330,1785477763272445330,54121674,1785477763326567004,66204,1785477763326500800
0,edp_rs,1785477764996639155,3,1785477764939967555,1785477764940074491,1785477764939967555,2,55,56589619,0,2,expert_dp_grad_reduce_scatter:pg=1049,1785477764996664110,24955,expert_dp_grad_reduce_scatter,106936,1887436800,same_rank_dp_rs,4807300,1.0,1785477763272362212,1785477763272469148,56589619,1785477763329058767,24955,1785477763329033812
0,edp_rs,1785477764996664110,11,1785477764940074491,1785477764940074491,1785477764939967555,2,55,56589619,0,2,expert_dp_grad_reduce_scatter:pg=1049,1785477764996664110,0,expert_dp_grad_reduce_scatter,0,1887436800,same_rank_dp_rs,4882175,1.0,1785477763272469148,1785477763272469148,56589619,1785477763329058767,0,1785477763329058767
0,edp_rs,1785477764996644485,4,1785477764940077959,1785477764940142358,1785477764940077959,2,55,56533899,0,2,expert_dp_grad_reduce_scatter:pg=1051,1785477764996676257,31772,expert_dp_grad_reduce_scatter,64399,1887436800,same_rank_dp_rs,4914171,1.0,1785477763272472616,1785477763272537015,56533899,1785477763329070914,31772,1785477763329039142
0,edp_rs,1785477764996676257,12,1785477764940142358,1785477764940142358,1785477764940077959,2,55,56533899,0,2,expert_dp_grad_reduce_scatter:pg=1051,1785477764996676257,0,expert_dp_grad_reduce_scatter,0,1887436800,same_rank_dp_rs,4951033,1.0,1785477763272537015,1785477763272537015,56533899,1785477763329070914,0,1785477763329070914
0,edp_rs,1785477764994268100,5,1785477764939948811,1785477764939948811,1785477764939921013,2,55,54319289,0,2,expert_dp_grad_reduce_scatter:pg=1053,1785477764994268100,0,expert_dp_grad_reduce_scatter,0,1887436800,same_rank_dp_rs,4734815,1.0,1785477763272343468,1785477763272343468,54319289,1785477763326662757,0,1785477763326662757
0,edp_rs,1785477764994216622,13,1785477764939921013,1785477764939948811,1785477764939921013,2,55,54319289,0,2,expert_dp_grad_reduce_scatter:pg=1053,1785477764994268100,51478,expert_dp_grad_reduce_scatter,27798,1887436800,same_rank_dp_rs,4795451,1.0,1785477763272315670,1785477763272343468,54319289,1785477763326662757,51478,1785477763326611279
0,edp_rs,1785477764996484699,6,1785477764939992139,1785477764940057857,1785477764939992139,2,55,56448570,0,2,expert_dp_grad_reduce_scatter:pg=1055,1785477764996506427,21728,expert_dp_grad_reduce_scatter,65718,1887436800,same_rank_dp_rs,4899381,1.0,1785477763272386796,1785477763272452514,56448570,1785477763328901084,21728,1785477763328879356
0,edp_rs,1785477764996506427,14,1785477764940057857,1785477764940057857,1785477764939992139,2,55,56448570,0,2,expert_dp_grad_reduce_scatter:pg=1055,1785477764996506427,0,expert_dp_grad_reduce_scatter,0,1887436800,same_rank_dp_rs,4881018,1.0,1785477763272452514,1785477763272452514,56448570,1785477763328901084,0,1785477763328901084
0,edp_rs,1785477764988295071,7,1785477764939948843,1785477764940120618,1785477764939948843,2,55,48181352,0,2,expert_dp_grad_reduce_scatter:pg=1057,1785477764988301970,6899,expert_dp_grad_reduce_scatter,171775,1887436800,same_rank_dp_rs,4790855,1.0,1785477763272343500,1785477763272515275,48181352,1785477763320696627,6899,1785477763320689728
0,edp_rs,1785477764988301970,15,1785477764940120618,1785477764940120618,1785477764939948843,2,55,48181352,0,2,expert_dp_grad_reduce_scatter:pg=1057,1785477764988301970,0,expert_dp_grad_reduce_scatter,0,1887436800,same_rank_dp_rs,4937776,1.0,1785477763272515275,1785477763272515275,48181352,1785477763320696627,0,1785477763320696627
0,dp_ag0,1785477765034364609,16,1785477765025824330,1785477765026731264,1785477765025421845,16,55,7656217,1,16,dp_param_allgather:pg=3,1785477765034387481,22872,dp_param_allgather,906934,98621440,world_rs_done,29148073,1.0,1785477763358218987,1785477763359125921,7656217,1785477763366782138,22872,1785477763366759266
0,dp_ag0,1785477765034324746,17,1785477765025758470,1785477765026731264,1785477765025421845,16,55,7656217,1,16,dp_param_allgather:pg=3,1785477765034387481,62735,dp_param_allgather,972794,98621440,world_rs_done,29082213,1.0,1785477763358153127,1785477763359125921,7656217,1785477763366782138,62735,1785477763366719403
0,dp_ag0,1785477765034316036,18,1785477765025866628,1785477765026731264,1785477765025421845,16,55,7656217,1,16,dp_param_allgather:pg=3,1785477765034387481,71445,dp_param_allgather,864636,98621440,world_rs_done,29190371,1.0,1785477763358261285,1785477763359125921,7656217,1785477763366782138,71445,1785477763366710693
0,dp_ag0,1785477765034354173,19,1785477765026033673,1785477765026731264,1785477765025421845,16,55,7656217,1,16,dp_param_allgather:pg=3,1785477765034387481,33308,dp_param_allgather,697591,98621440,world_rs_done,29357416,1.0,1785477763358428330,1785477763359125921,7656217,1785477763366782138,33308,1785477763366748830
0,dp_ag0,1785477765034316750,20,1785477765025499108,1785477765026731264,1785477765025421845,16,55,7656217,1,16,dp_param_allgather:pg=3,1785477765034387481,70731,dp_param_allgather,1232156,98621440,world_rs_done,28822851,1.0,1785477763357893765,1785477763359125921,7656217,1785477763366782138,70731,1785477763366711407
0,dp_ag0,1785477765034348815,21,1785477765025715207,1785477765026731264,1785477765025421845,16,55,7656217,1,16,dp_param_allgather:pg=3,1785477765034387481,38666,dp_param_allgather,1016057,98621440,world_rs_done,29038950,1.0,1785477763358109864,1785477763359125921,7656217,1785477763366782138,38666,1785477763366743472
0,dp_ag0,1785477765034293837,22,1785477765026118034,1785477765026731264,1785477765025421845,16,55,7656217,1,16,dp_param_allgather:pg=3,1785477765034387481,93644,dp_param_allgather,613230,98621440,world_rs_done,29441777,1.0,1785477763358512691,1785477763359125921,7656217,1785477763366782138,93644,1785477763366688494
0,dp_ag0,1785477765034314328,23,1785477765026261057,1785477765026731264,1785477765025421845,16,55,7656217,1,16,dp_param_allgather:pg=3,1785477765034387481,73153,dp_param_allgather,470207,98621440,world_rs_done,29584800,1.0,1785477763358655714,1785477763359125921,7656217,1785477763366782138,73153,1785477763366708985
0,dp_ag0,1785477765034346864,24,1785477765025847752,1785477765026731264,1785477765025421845,16,55,7656217,1,16,dp_param_allgather:pg=3,1785477765034387481,40617,dp_param_allgather,883512,98621440,world_rs_done,29171495,1.0,1785477763358242409,1785477763359125921,7656217,1785477763366782138,40617,1785477763366741521
0,dp_ag0,1785477765034380175,25,1785477765025645040,1785477765026731264,1785477765025421845,16,55,7656217,1,16,dp_param_allgather:pg=3,1785477765034387481,7306,dp_param_allgather,1086224,98621440,world_rs_done,28968783,1.0,1785477763358039697,1785477763359125921,7656217,1785477763366782138,7306,1785477763366774832
0,dp_ag0,1785477765034387481,26,1785477765026731264,1785477765026731264,1785477765025421845,16,55,7656217,1,16,dp_param_allgather:pg=3,1785477765034387481,0,dp_param_allgather,0,98621440,world_rs_done,30055007,1.0,1785477763359125921,1785477763359125921,7656217,1785477763366782138,0,1785477763366782138
0,dp_ag0,1785477765034367033,27,1785477765025923519,1785477765026731264,1785477765025421845,16,55,7656217,1,16,dp_param_allgather:pg=3,1785477765034387481,20448,dp_param_allgather,807745,98621440,world_rs_done,29247262,1.0,1785477763358318176,1785477763359125921,7656217,1785477763366782138,20448,1785477763366761690
0,dp_ag0,1785477765034383120,28,1785477765025421845,1785477765026731264,1785477765025421845,16,55,7656217,1,16,dp_param_allgather:pg=3,1785477765034387481,4361,dp_param_allgather,1309419,98621440,world_rs_done,28745588,1.0,1785477763357816502,1785477763359125921,7656217,1785477763366782138,4361,1785477763366777777
0,dp_ag0,1785477765034284944,29,1785477765025755365,1785477765026731264,1785477765025421845,16,55,7656217,1,16,dp_param_allgather:pg=3,1785477765034387481,102537,dp_param_allgather,975899,98621440,world_rs_done,29079108,1.0,1785477763358150022,1785477763359125921,7656217,1785477763366782138,102537,1785477763366679601
0,dp_ag0,1785477765034385440,30,1785477765025902556,1785477765026731264,1785477765025421845,16,55,7656217,1,16,dp_param_allgather:pg=3,1785477765034387481,2041,dp_param_allgather,828708,98621440,world_rs_done,29226299,1.0,1785477763358297213,1785477763359125921,7656217,1785477763366782138,2041,1785477763366780097
0,dp_ag0,1785477765034381553,31,1785477765026100251,1785477765026731264,1785477765025421845,16,55,7656217,1,16,dp_param_allgather:pg=3,1785477765034387481,5928,dp_param_allgather,631013,98621440,world_rs_done,29423994,1.0,1785477763358494908,1785477763359125921,7656217,1785477763366782138,5928,1785477763366776210
1,dp_ag1,1785477765189133141,16,1785477765175001542,1785477765181842624,1785477765173108621,16,55,7325189,1,16,dp_param_allgather:pg=3,1785477765189167813,34672,dp_param_allgather,6841082,98621440,same_rank_edp_ag0,86088487,1.0,1785477763507396199,1785477763514237281,7325189,1785477763521562470,34672,1785477763521527798
1,dp_ag1,1785477765189165476,17,1785477765175254258,1785477765181842624,1785477765173108621,16,55,7325189,1,16,dp_param_allgather:pg=3,1785477765189167813,2337,dp_param_allgather,6588366,98621440,same_rank_edp_ag0,86886285,1.0,1785477763507648915,1785477763514237281,7325189,1785477763521562470,2337,1785477763521560133
1,dp_ag1,1785477765189159122,18,1785477765174491998,1785477765181842624,1785477765173108621,16,55,7325189,1,16,dp_param_allgather:pg=3,1785477765189167813,8691,dp_param_allgather,7350626,98621440,same_rank_edp_ag0,87522500,1.0,1785477763506886655,1785477763514237281,7325189,1785477763521562470,8691,1785477763521553779
1,dp_ag1,1785477765189136415,19,1785477765178220416,1785477765181842624,1785477765173108621,16,55,7325189,1,16,dp_param_allgather:pg=3,1785477765189167813,31398,dp_param_allgather,3622208,98621440,same_rank_edp_ag0,88175159,1.0,1785477763510615073,1785477763514237281,7325189,1785477763521562470,31398,1785477763521531072
1,dp_ag1,1785477765189167813,20,1785477765176529555,1785477765181842624,1785477765173108621,16,55,7325189,1,16,dp_param_allgather:pg=3,1785477765189167813,0,dp_param_allgather,5313069,98621440,same_rank_edp_ag0,87844924,1.0,1785477763508924212,1785477763514237281,7325189,1785477763521562470,0,1785477763521562470
1,dp_ag1,1785477765189061842,21,1785477765176049049,1785477765181842624,1785477765173108621,16,55,7325189,1,16,dp_param_allgather:pg=3,1785477765189167813,105971,dp_param_allgather,5793575,98621440,same_rank_edp_ag0,87456530,1.0,1785477763508443706,1785477763514237281,7325189,1785477763521562470,105971,1785477763521456499
1,dp_ag1,1785477765189152227,22,1785477765181842624,1785477765181842624,1785477765173108621,16,55,7325189,1,16,dp_param_allgather:pg=3,1785477765189167813,15586,dp_param_allgather,0,98621440,same_rank_edp_ag0,88506835,1.0,1785477763514237281,1785477763514237281,7325189,1785477763521562470,15586,1785477763521546884
1,dp_ag1,1785477765189162082,23,1785477765174353225,1785477765181842624,1785477765173108621,16,55,7325189,1,16,dp_param_allgather:pg=3,1785477765189167813,5731,dp_param_allgather,7489399,98621440,same_rank_edp_ag0,86704933,1.0,1785477763506747882,1785477763514237281,7325189,1785477763521562470,5731,1785477763521556739
1,dp_ag1,1785477765189135572,24,1785477765176311644,1785477765181842624,1785477765173108621,16,55,7325189,1,16,dp_param_allgather:pg=3,1785477765189167813,32241,dp_param_allgather,5530980,98621440,same_rank_edp_ag0,87444932,1.0,1785477763508706301,1785477763514237281,7325189,1785477763521562470,32241,1785477763521530229
1,dp_ag1,1785477765189098326,25,1785477765175914823,1785477765181842624,1785477765173108621,16,55,7325189,1,16,dp_param_allgather:pg=3,1785477765189167813,69487,dp_param_allgather,5927801,98621440,same_rank_edp_ag0,87475073,1.0,1785477763508309480,1785477763514237281,7325189,1785477763521562470,69487,1785477763521492983
1,dp_ag1,1785477765189112936,26,1785477765173108621,1785477765181842624,1785477765173108621,16,55,7325189,1,16,dp_param_allgather:pg=3,1785477765189167813,54877,dp_param_allgather,8734003,98621440,same_rank_edp_ag0,86182386,1.0,1785477763505503278,1785477763514237281,7325189,1785477763521562470,54877,1785477763521507593
1,dp_ag1,1785477765189108897,27,1785477765177759972,1785477765181842624,1785477765173108621,16,55,7325189,1,16,dp_param_allgather:pg=3,1785477765189167813,58916,dp_param_allgather,4082652,98621440,same_rank_edp_ag0,87697714,1.0,1785477763510154629,1785477763514237281,7325189,1785477763521562470,58916,1785477763521503554
1,dp_ag1,1785477765189103557,28,1785477765176240748,1785477765181842624,1785477765173108621,16,55,7325189,1,16,dp_param_allgather:pg=3,1785477765189167813,64256,dp_param_allgather,5601876,98621440,same_rank_edp_ag0,87543618,1.0,1785477763508635405,1785477763514237281,7325189,1785477763521562470,64256,1785477763521498214
1,dp_ag1,1785477765189133538,29,1785477765176137308,1785477765181842624,1785477765173108621,16,55,7325189,1,16,dp_param_allgather:pg=3,1785477765189167813,34275,dp_param_allgather,5705316,98621440,same_rank_edp_ag0,87485360,1.0,1785477763508531965,1785477763514237281,7325189,1785477763521562470,34275,1785477763521528195
1,dp_ag1,1785477765189094019,30,1785477765180179898,1785477765181842624,1785477765173108621,16,55,7325189,1,16,dp_param_allgather:pg=3,1785477765189167813,73794,dp_param_allgather,1662726,98621440,same_rank_edp_ag0,86860990,1.0,1785477763512574555,1785477763514237281,7325189,1785477763521562470,73794,1785477763521488676
1,dp_ag1,1785477765189104171,31,1785477765175231814,1785477765181842624,1785477765173108621,16,55,7325189,1,16,dp_param_allgather:pg=3,1785477765189167813,63642,dp_param_allgather,6610810,98621440,same_rank_edp_ag0,87627517,1.0,1785477763507626471,1785477763514237281,7325189,1785477763521562470,63642,1785477763521498828
0,dp_rs,1785477764511487711,16,1785477764375662000,1785477764495891676,1785477764374804854,16,55,15643335,1,16,dp_grad_reduce_scatter:pg=3,1785477764511535011,47300,dp_grad_reduce_scatter,120229676,3155886080,pp_frontier,0,1.0,1785477762757627598,1785477762920618452,15643335,1785477762936261787,47300,1785477762936214487
0,dp_rs,1785477764511481261,17,1785477764375545415,1785477764495891676,1785477764374804854,16,55,15643335,1,16,dp_grad_reduce_scatter:pg=3,1785477764511535011,53750,dp_grad_reduce_scatter,120346261,3155886080,pp_frontier,0,1.0,1785477762752521141,1785477762920618452,15643335,1785477762936261787,53750,1785477762936208037
0,dp_rs,1785477764511330577,18,1785477764375104210,1785477764495891676,1785477764374804854,16,55,15643335,1,16,dp_grad_reduce_scatter:pg=3,1785477764511535011,204434,dp_grad_reduce_scatter,120787466,3155886080,pp_frontier,0,1.0,1785477762760736463,1785477762920618452,15643335,1785477762936261787,204434,1785477762936057353
0,dp_rs,1785477764511493800,19,1785477764375834789,1785477764495891676,1785477764374804854,16,55,15643335,1,16,dp_grad_reduce_scatter:pg=3,1785477764511535011,41211,dp_grad_reduce_scatter,120056887,3155886080,pp_frontier,0,1.0,1785477762760190467,1785477762920618452,15643335,1785477762936261787,41211,1785477762936220576
0,dp_rs,1785477764511504368,20,1785477764374925690,1785477764495891676,1785477764374804854,16,55,15643335,1,16,dp_grad_reduce_scatter:pg=3,1785477764511535011,30643,dp_grad_reduce_scatter,120965986,3155886080,pp_frontier,0,1.0,1785477762765646064,1785477762920618452,15643335,1785477762936261787,30643,1785477762936231144
0,dp_rs,1785477764511467635,21,1785477764374804854,1785477764495891676,1785477764374804854,16,55,15643335,1,16,dp_grad_reduce_scatter:pg=3,1785477764511535011,67376,dp_grad_reduce_scatter,121086822,3155886080,pp_frontier,0,1.0,1785477762767978451,1785477762920618452,15643335,1785477762936261787,67376,1785477762936194411
0,dp_rs,1785477764511364174,22,1785477764376400000,1785477764495891676,1785477764374804854,16,55,15643335,1,16,dp_grad_reduce_scatter:pg=3,1785477764511535011,170837,dp_grad_reduce_scatter,119491676,3155886080,pp_frontier,0,1.0,1785477762758501859,1785477762920618452,15643335,1785477762936261787,170837,1785477762936090950
0,dp_rs,1785477764511506386,23,1785477764376254916,1785477764495891676,1785477764374804854,16,55,15643335,1,16,dp_grad_reduce_scatter:pg=3,1785477764511535011,28625,dp_grad_reduce_scatter,119636760,3155886080,pp_frontier,0,1.0,1785477762755369426,1785477762920618452,15643335,1785477762936261787,28625,1785477762936233162
0,dp_rs,1785477764511493593,24,1785477764495537813,1785477764495891676,1785477764374804854,16,55,15643335,1,16,dp_grad_reduce_scatter:pg=3,1785477764511535011,41418,dp_grad_reduce_scatter,353863,3155886080,pp_frontier,0,1.0,1785477762899500832,1785477762920618452,15643335,1785477762936261787,41418,1785477762936220369
0,dp_rs,1785477764511531103,25,1785477764495891676,1785477764495891676,1785477764374804854,16,55,15643335,1,16,dp_grad_reduce_scatter:pg=3,1785477764511535011,3908,dp_grad_reduce_scatter,0,3155886080,pp_frontier,0,1.0,1785477762920264932,1785477762920618452,15643335,1785477762936261787,3908,1785477762936257879
0,dp_rs,1785477764511535011,26,1785477764494707136,1785477764495891676,1785477764374804854,16,55,15643335,1,16,dp_grad_reduce_scatter:pg=3,1785477764511535011,0,dp_grad_reduce_scatter,1184540,3155886080,pp_frontier,0,1.0,1785477762920532213,1785477762920618452,15643335,1785477762936261787,0,1785477762936261787
0,dp_rs,1785477764511458427,27,1785477764493422956,1785477764495891676,1785477764374804854,16,55,15643335,1,16,dp_grad_reduce_scatter:pg=3,1785477764511535011,76584,dp_grad_reduce_scatter,2468720,3155886080,pp_frontier,0,1.0,1785477762919629353,1785477762920618452,15643335,1785477762936261787,76584,1785477762936185203
0,dp_rs,1785477764511513009,28,1785477764493708504,1785477764495891676,1785477764374804854,16,55,15643335,1,16,dp_grad_reduce_scatter:pg=3,1785477764511535011,22002,dp_grad_reduce_scatter,2183172,3155886080,pp_frontier,0,1.0,1785477762920618452,1785477762920618452,15643335,1785477762936261787,22002,1785477762936239785
0,dp_rs,1785477764511392902,29,1785477764493766302,1785477764495891676,1785477764374804854,16,55,15643335,1,16,dp_grad_reduce_scatter:pg=3,1785477764511535011,142109,dp_grad_reduce_scatter,2125374,3155886080,pp_frontier,0,1.0,1785477762920110675,1785477762920618452,15643335,1785477762936261787,142109,1785477762936119678
0,dp_rs,1785477764511518481,30,1785477764495365149,1785477764495891676,1785477764374804854,16,55,15643335,1,16,dp_grad_reduce_scatter:pg=3,1785477764511535011,16530,dp_grad_reduce_scatter,526527,3155886080,pp_frontier,0,1.0,1785477762912962288,1785477762920618452,15643335,1785477762936261787,16530,1785477762936245257
0,dp_rs,1785477764511503636,31,1785477764495277034,1785477764495891676,1785477764374804854,16,55,15643335,1,16,dp_grad_reduce_scatter:pg=3,1785477764511535011,31375,dp_grad_reduce_scatter,614642,3155886080,pp_frontier,0,1.0,1785477762911361533,1785477762920618452,15643335,1785477762936261787,31375,1785477762936230412
0,edp_ag0,1785477765088913055,16,1785477765034375290,1785477765034385545,1785477765034375290,2,55,54527510,1,2,expert_dp_param_allgather:pg=1059,1785477765088913055,0,expert_dp_param_allgather,10255,1887436800,same_rank_dp_ag0,10681,1.0,1785477763366769947,1785477763366780202,54527510,1785477763421307712,0,1785477763421307712
0,edp_ag0,1785477765088866712,24,1785477765034385545,1785477765034385545,1785477765034375290,2,55,54527510,1,2,expert_dp_param_allgather:pg=1059,1785477765088913055,46343,expert_dp_param_allgather,0,1887436800,same_rank_dp_ag0,38681,1.0,1785477763366780202,1785477763366780202,54527510,1785477763421307712,46343,1785477763421261369
0,edp_ag0,1785477765088367973,17,1785477765034356786,1785477765034390895,1785477765034356786,2,55,54048855,1,2,expert_dp_param_allgather:pg=1061,1785477765088439750,71777,expert_dp_param_allgather,34109,1887436800,same_rank_dp_ag0,32040,1.0,1785477763366751443,1785477763366785552,54048855,1785477763420834407,71777,1785477763420762630
0,edp_ag0,1785477765088439750,25,1785477765034390895,1785477765034390895,1785477765034356786,2,55,54048855,1,2,expert_dp_param_allgather:pg=1061,1785477765088439750,0,expert_dp_param_allgather,0,1887436800,same_rank_dp_ag0,10720,1.0,1785477763366785552,1785477763366785552,54048855,1785477763420834407,0,1785477763420834407
0,edp_ag0,1785477765086969498,18,1785477765034328876,1785477765034400841,1785477765034328876,2,55,52568657,1,2,expert_dp_param_allgather:pg=1063,1785477765086969498,0,expert_dp_param_allgather,71965,1887436800,same_rank_dp_ag0,12840,1.0,1785477763366723533,1785477763366795498,52568657,1785477763419364155,0,1785477763419364155
0,edp_ag0,1785477765086926235,26,1785477765034400841,1785477765034400841,1785477765034328876,2,55,52568657,1,2,expert_dp_param_allgather:pg=1063,1785477765086969498,43263,expert_dp_param_allgather,0,1887436800,same_rank_dp_ag0,13360,1.0,1785477763366795498,1785477763366795498,52568657,1785477763419364155,43263,1785477763419320892
0,edp_ag0,1785477765090045257,19,1785477765034365573,1785477765034392193,1785477765034365573,2,55,55670065,1,2,expert_dp_param_allgather:pg=1065,1785477765090062258,17001,expert_dp_param_allgather,26620,1887436800,same_rank_dp_ag0,11400,1.0,1785477763366760230,1785477763366786850,55670065,1785477763422456915,17001,1785477763422439914
0,edp_ag0,1785477765090062258,27,1785477765034392193,1785477765034392193,1785477765034365573,2,55,55670065,1,2,expert_dp_param_allgather:pg=1065,1785477765090062258,0,expert_dp_param_allgather,0,1887436800,same_rank_dp_ag0,25160,1.0,1785477763366786850,1785477763366786850,55670065,1785477763422456915,0,1785477763422456915
0,edp_ag0,1785477765088684631,20,1785477765034327461,1785477765034394760,1785477765034327461,2,55,54302370,1,2,expert_dp_param_allgather:pg=1067,1785477765088697130,12499,expert_dp_param_allgather,67299,1887436800,same_rank_dp_ag0,10711,1.0,1785477763366722118,1785477763366789417,54302370,1785477763421091787,12499,1785477763421079288
0,edp_ag0,1785477765088697130,28,1785477765034394760,1785477765034394760,1785477765034327461,2,55,54302370,1,2,expert_dp_param_allgather:pg=1067,1785477765088697130,0,expert_dp_param_allgather,0,1887436800,same_rank_dp_ag0,11640,1.0,1785477763366789417,1785477763366789417,54302370,1785477763421091787,0,1785477763421091787
0,edp_ag0,1785477765088592519,21,1785477765034386616,1785477765034386616,1785477765034296064,2,55,54265332,1,2,expert_dp_param_allgather:pg=1069,1785477765088651948,59429,expert_dp_param_allgather,0,1887436800,same_rank_dp_ag0,37801,1.0,1785477763366781273,1785477763366781273,54265332,1785477763421046605,59429,1785477763420987176
0,edp_ag0,1785477765088651948,29,1785477765034296064,1785477765034386616,1785477765034296064,2,55,54265332,1,2,expert_dp_param_allgather:pg=1069,1785477765088651948,0,expert_dp_param_allgather,90552,1887436800,same_rank_dp_ag0,11120,1.0,1785477763366690721,1785477763366781273,54265332,1785477763421046605,0,1785477763421046605
0,edp_ag0,1785477765093335789,22,1785477765034307326,1785477765034396120,1785477765034307326,2,55,58939669,1,2,expert_dp_param_allgather:pg=1071,1785477765093335789,0,expert_dp_param_allgather,88794,1887436800,same_rank_dp_ag0,13489,1.0,1785477763366701983,1785477763366790777,58939669,1785477763425730446,0,1785477763425730446
0,edp_ag0,1785477765093318908,30,1785477765034396120,1785477765034396120,1785477765034307326,2,55,58939669,1,2,expert_dp_param_allgather:pg=1071,1785477765093335789,16881,expert_dp_param_allgather,0,1887436800,same_rank_dp_ag0,10680,1.0,1785477763366790777,1785477763366790777,58939669,1785477763425730446,16881,1785477763425713565
0,edp_ag0,1785477765087648292,23,1785477765034371208,1785477765034400713,1785477765034371208,2,55,53247579,1,2,expert_dp_param_allgather:pg=1073,1785477765087648292,0,expert_dp_param_allgather,29505,1887436800,same_rank_dp_ag0,56880,1.0,1785477763366765865,1785477763366795370,53247579,1785477763420042949,0,1785477763420042949
0,edp_ag0,1785477765087604297,31,1785477765034400713,1785477765034400713,1785477765034371208,2,55,53247579,1,2,expert_dp_param_allgather:pg=1073,1785477765087648292,43995,expert_dp_param_allgather,0,1887436800,same_rank_dp_ag0,19160,1.0,1785477763366795370,1785477763366795370,53247579,1785477763420042949,43995,1785477763419998954
1,edp_ag1,1785477765247058593,16,1785477765189144261,1785477765189147172,1785477765189144261,2,55,57911421,1,2,expert_dp_param_allgather:pg=1059,1785477765247058593,0,expert_dp_param_allgather,2911,1887436800,same_rank_dp_ag1,11120,1.0,1785477763521538918,1785477763521541829,57911421,1785477763579453250,0,1785477763579453250
1,edp_ag1,1785477765247039072,24,1785477765189147172,1785477765189147172,1785477765189144261,2,55,57911421,1,2,expert_dp_param_allgather:pg=1059,1785477765247058593,19521,expert_dp_param_allgather,0,1887436800,same_rank_dp_ag1,11600,1.0,1785477763521541829,1785477763521541829,57911421,1785477763579453250,19521,1785477763579433729
1,edp_ag1,1785477765241407576,17,1785477765189176196,1785477765189176196,1785477765189109126,2,55,52231380,1,2,expert_dp_param_allgather:pg=1061,1785477765241407576,0,expert_dp_param_allgather,0,1887436800,same_rank_dp_ag1,10720,1.0,1785477763521570853,1785477763521570853,52231380,1785477763573802233,0,1785477763573802233
1,edp_ag1,1785477765241382057,25,1785477765189109126,1785477765189176196,1785477765189109126,2,55,52231380,1,2,expert_dp_param_allgather:pg=1061,1785477765241407576,25519,expert_dp_param_allgather,67070,1887436800,same_rank_dp_ag1,10800,1.0,1785477763521503783,1785477763521570853,52231380,1785477763573802233,25519,1785477763573776714
1,edp_ag1,1785477765242674468,18,1785477765189171482,1785477765189171482,1785477765189146896,2,55,53502986,1,2,expert_dp_param_allgather:pg=1063,1785477765242674468,0,expert_dp_param_allgather,0,1887436800,same_rank_dp_ag1,12360,1.0,1785477763521566139,1785477763521566139,53502986,1785477763575069125,0,1785477763575069125
1,edp_ag1,1785477765242600972,26,1785477765189146896,1785477765189171482,1785477765189146896,2,55,53502986,1,2,expert_dp_param_allgather:pg=1063,1785477765242674468,73496,expert_dp_param_allgather,24586,1887436800,same_rank_dp_ag1,33960,1.0,1785477763521541553,1785477763521566139,53502986,1785477763575069125,73496,1785477763574995629
1,edp_ag1,1785477765243642090,19,1785477765189200055,1785477765189200055,1785477765189131497,2,55,54463943,1,2,expert_dp_param_allgather:pg=1065,1785477765243663998,21908,expert_dp_param_allgather,0,1887436800,same_rank_dp_ag1,63640,1.0,1785477763521594712,1785477763521594712,54463943,1785477763576058655,21908,1785477763576036747
1,edp_ag1,1785477765243663998,27,1785477765189131497,1785477765189200055,1785477765189131497,2,55,54463943,1,2,expert_dp_param_allgather:pg=1065,1785477765243663998,0,expert_dp_param_allgather,68558,1887436800,same_rank_dp_ag1,22600,1.0,1785477763521526154,1785477763521594712,54463943,1785477763576058655,0,1785477763576058655
1,edp_ag1,1785477765244220106,20,1785477765189179253,1785477765189179253,1785477765189114197,2,55,55040853,1,2,expert_dp_param_allgather:pg=1067,1785477765244220106,0,expert_dp_param_allgather,0,1887436800,same_rank_dp_ag1,11440,1.0,1785477763521573910,1785477763521573910,55040853,1785477763576614763,0,1785477763576614763
1,edp_ag1,1785477765244197770,28,1785477765189114197,1785477765189179253,1785477765189114197,2,55,55040853,1,2,expert_dp_param_allgather:pg=1067,1785477765244220106,22336,expert_dp_param_allgather,65056,1887436800,same_rank_dp_ag1,10640,1.0,1785477763521508854,1785477763521573910,55040853,1785477763576614763,22336,1785477763576592427
1,edp_ag1,1785477765241719097,21,1785477765189091362,1785477765189180618,1785477765189091362,2,55,52538479,1,2,expert_dp_param_allgather:pg=1069,1785477765241719097,0,expert_dp_param_allgather,89256,1887436800,same_rank_dp_ag1,29520,1.0,1785477763521486019,1785477763521575275,52538479,1785477763574113754,0,1785477763574113754
1,edp_ag1,1785477765241702018,29,1785477765189180618,1785477765189180618,1785477765189091362,2,55,52538479,1,2,expert_dp_param_allgather:pg=1069,1785477765241719097,17079,expert_dp_param_allgather,0,1887436800,same_rank_dp_ag1,47080,1.0,1785477763521575275,1785477763521575275,52538479,1785477763574113754,17079,1785477763574096675
1,edp_ag1,1785477765243903729,22,1785477765189164067,1785477765189164067,1785477765189109579,2,55,54739662,1,2,expert_dp_param_allgather:pg=1071,1785477765243903729,0,expert_dp_param_allgather,0,1887436800,same_rank_dp_ag1,11840,1.0,1785477763521558724,1785477763521558724,54739662,1785477763576298386,0,1785477763576298386
1,edp_ag1,1785477765243861826,30,1785477765189109579,1785477765189164067,1785477765189109579,2,55,54739662,1,2,expert_dp_param_allgather:pg=1071,1785477765243903729,41903,expert_dp_param_allgather,54488,1887436800,same_rank_dp_ag1,15560,1.0,1785477763521504236,1785477763521558724,54739662,1785477763576298386,41903,1785477763576256483
1,edp_ag1,1785477765241531123,23,1785477765189201482,1785477765189201482,1785477765189115851,2,55,52382991,1,2,expert_dp_param_allgather:pg=1073,1785477765241584473,53350,expert_dp_param_allgather,0,1887436800,same_rank_dp_ag1,39400,1.0,1785477763521596139,1785477763521596139,52382991,1785477763573979130,53350,1785477763573925780
1,edp_ag1,1785477765241584473,31,1785477765189115851,1785477765189201482,1785477765189115851,2,55,52382991,1,2,expert_dp_param_allgather:pg=1073,1785477765241584473,0,expert_dp_param_allgather,85631,1887436800,same_rank_dp_ag1,11680,1.0,1785477763521510508,1785477763521596139,52382991,1785477763573979130,0,1785477763573979130
0,edp_rs,1785477764737726003,16,1785477764528970694,1785477764528970694,1785477764528831299,2,55,208755309,1,2,expert_dp_grad_reduce_scatter:pg=1059,1785477764737726003,0,expert_dp_grad_reduce_scatter,0,7549747200,same_rank_dp_rs,17482983,1.0,1785477762953697470,1785477762953697470,208755309,1785477763162452779,0,1785477763162452779
0,edp_rs,1785477764737651688,24,1785477764528831299,1785477764528970694,1785477764528831299,2,55,208755309,1,2,expert_dp_grad_reduce_scatter:pg=1059,1785477764737726003,74315,expert_dp_grad_reduce_scatter,139395,7549747200,same_rank_dp_rs,17337706,1.0,1785477762953558075,1785477762953697470,208755309,1785477763162452779,74315,1785477763162378464
0,edp_rs,1785477764741462778,17,1785477764529219254,1785477764529219254,1785477764529061534,2,55,212243524,1,2,expert_dp_grad_reduce_scatter:pg=1061,1785477764741462778,0,expert_dp_grad_reduce_scatter,0,7549747200,same_rank_dp_rs,17737993,1.0,1785477762953946030,1785477762953946030,212243524,1785477763166189554,0,1785477763166189554
0,edp_rs,1785477764741406146,25,1785477764529061534,1785477764529219254,1785477764529061534,2,55,212243524,1,2,expert_dp_grad_reduce_scatter:pg=1061,1785477764741462778,56632,expert_dp_grad_reduce_scatter,157720,7549747200,same_rank_dp_rs,17530431,1.0,1785477762953788310,1785477762953946030,212243524,1785477763166189554,56632,1785477763166132922
0,edp_rs,1785477764739656191,18,1785477764529045827,1785477764529045827,1785477764528894927,2,55,210610364,1,2,expert_dp_grad_reduce_scatter:pg=1063,1785477764739656191,0,expert_dp_grad_reduce_scatter,0,7549747200,same_rank_dp_rs,17715250,1.0,1785477762953772603,1785477762953772603,210610364,1785477763164382967,0,1785477763164382967
0,edp_rs,1785477764739579244,26,1785477764528894927,1785477764529045827,1785477764528894927,2,55,210610364,1,2,expert_dp_grad_reduce_scatter:pg=1063,1785477764739656191,76947,expert_dp_grad_reduce_scatter,150900,7549747200,same_rank_dp_rs,17359916,1.0,1785477762953621703,1785477762953772603,210610364,1785477763164382967,76947,1785477763164306020
0,edp_rs,1785477764737348977,19,1785477764529084206,1785477764529084206,1785477764529059096,2,55,208340031,1,2,expert_dp_grad_reduce_scatter:pg=1065,1785477764737424237,75260,expert_dp_grad_reduce_scatter,0,7549747200,same_rank_dp_rs,17590406,1.0,1785477762953810982,1785477762953810982,208340031,1785477763162151013,75260,1785477763162075753
0,edp_rs,1785477764737424237,27,1785477764529059096,1785477764529084206,1785477764529059096,2,55,208340031,1,2,expert_dp_grad_reduce_scatter:pg=1065,1785477764737424237,0,expert_dp_grad_reduce_scatter,25110,7549747200,same_rank_dp_rs,17600669,1.0,1785477762953785872,1785477762953810982,208340031,1785477763162151013,0,1785477763162151013
0,edp_rs,1785477764741496474,20,1785477764529277143,1785477764529277143,1785477764528898832,2,55,212219331,1,2,expert_dp_grad_reduce_scatter:pg=1067,1785477764741496474,0,expert_dp_grad_reduce_scatter,0,7549747200,same_rank_dp_rs,17772775,1.0,1785477762954003919,1785477762954003919,212219331,1785477763166223250,0,1785477763166223250
0,edp_rs,1785477764741443809,28,1785477764528898832,1785477764529277143,1785477764528898832,2,55,212219331,1,2,expert_dp_grad_reduce_scatter:pg=1067,1785477764741496474,52665,expert_dp_grad_reduce_scatter,378311,7549747200,same_rank_dp_rs,17385823,1.0,1785477762953625608,1785477762954003919,212219331,1785477763166223250,52665,1785477763166170585
0,edp_rs,1785477764736490720,21,1785477764528965175,1785477764528972222,1785477764528965175,2,55,207590190,1,2,expert_dp_grad_reduce_scatter:pg=1069,1785477764736562412,71692,expert_dp_grad_reduce_scatter,7047,7549747200,same_rank_dp_rs,17497540,1.0,1785477762953691951,1785477762953698998,207590190,1785477763161289188,71692,1785477763161217496
0,edp_rs,1785477764736562412,29,1785477764528972222,1785477764528972222,1785477764528965175,2,55,207590190,1,2,expert_dp_grad_reduce_scatter:pg=1069,1785477764736562412,0,expert_dp_grad_reduce_scatter,0,7549747200,same_rank_dp_rs,17579320,1.0,1785477762953698998,1785477762953698998,207590190,1785477763161289188,0,1785477763161289188
0,edp_rs,1785477764744185408,22,1785477764528950047,1785477764529473165,1785477764528950047,2,55,214761093,1,2,expert_dp_grad_reduce_scatter:pg=1071,1785477764744234258,48850,expert_dp_grad_reduce_scatter,523118,7549747200,same_rank_dp_rs,17585873,1.0,1785477762953676823,1785477762954199941,214761093,1785477763168961034,48850,1785477763168912184
0,edp_rs,1785477764744234258,30,1785477764529473165,1785477764529473165,1785477764528950047,2,55,214761093,1,2,expert_dp_grad_reduce_scatter:pg=1071,1785477764744234258,0,expert_dp_grad_reduce_scatter,0,7549747200,same_rank_dp_rs,17954684,1.0,1785477762954199941,1785477762954199941,214761093,1785477763168961034,0,1785477763168961034
0,edp_rs,1785477764738651189,23,1785477764529316858,1785477764529316858,1785477764529193761,2,55,209334331,1,2,expert_dp_grad_reduce_scatter:pg=1073,1785477764738651189,0,expert_dp_grad_reduce_scatter,0,7549747200,same_rank_dp_rs,17810472,1.0,1785477762954043634,1785477762954043634,209334331,1785477763163377965,0,1785477763163377965
0,edp_rs,1785477764738571303,31,1785477764529193761,1785477764529316858,1785477764529193761,2,55,209334331,1,2,expert_dp_grad_reduce_scatter:pg=1073,1785477764738651189,79886,expert_dp_grad_reduce_scatter,123097,7549747200,same_rank_dp_rs,17690125,1.0,1785477762953920537,1785477762954043634,209334331,1785477763163377965,79886,1785477763163298079
0,dp_ag0,1785477765034181047,32,1785477765025531550,1785477765026724641,1785477765025502132,16,55,7466595,2,16,dp_param_allgather:pg=5,1785477765034191236,10189,dp_param_allgather,1193091,98621440,world_rs_done,28855293,1.0,1785477763357926207,1785477763359119298,7466595,1785477763366585893,10189,1785477763366575704
0,dp_ag0,1785477765034173312,33,1785477765025801925,1785477765026724641,1785477765025502132,16,55,7466595,2,16,dp_param_allgather:pg=5,1785477765034191236,17924,dp_param_allgather,922716,98621440,world_rs_done,29125668,1.0,1785477763358196582,1785477763359119298,7466595,1785477763366585893,17924,1785477763366567969
0,dp_ag0,1785477765034184501,34,1785477765025640263,1785477765026724641,1785477765025502132,16,55,7466595,2,16,dp_param_allgather:pg=5,1785477765034191236,6735,dp_param_allgather,1084378,98621440,world_rs_done,28964006,1.0,1785477763358034920,1785477763359119298,7466595,1785477763366585893,6735,1785477763366579158
0,dp_ag0,1785477765034191236,35,1785477765026724641,1785477765026724641,1785477765025502132,16,55,7466595,2,16,dp_param_allgather:pg=5,1785477765034191236,0,dp_param_allgather,0,98621440,world_rs_done,30048384,1.0,1785477763359119298,1785477763359119298,7466595,1785477763366585893,0,1785477763366585893
0,dp_ag0,1785477765034188276,36,1785477765026068726,1785477765026724641,1785477765025502132,16,55,7466595,2,16,dp_param_allgather:pg=5,1785477765034191236,2960,dp_param_allgather,655915,98621440,world_rs_done,29392469,1.0,1785477763358463383,1785477763359119298,7466595,1785477763366585893,2960,1785477763366582933
0,dp_ag0,1785477765034174983,37,1785477765025665679,1785477765026724641,1785477765025502132,16,55,7466595,2,16,dp_param_allgather:pg=5,1785477765034191236,16253,dp_param_allgather,1058962,98621440,world_rs_done,28989422,1.0,1785477763358060336,1785477763359119298,7466595,1785477763366585893,16253,1785477763366569640
0,dp_ag0,1785477765034190996,38,1785477765025670272,1785477765026724641,1785477765025502132,16,55,7466595,2,16,dp_param_allgather:pg=5,1785477765034191236,240,dp_param_allgather,1054369,98621440,world_rs_done,28994015,1.0,1785477763358064929,1785477763359119298,7466595,1785477763366585893,240,1785477763366585653
0,dp_ag0,1785477765034131250,39,1785477765025746433,1785477765026724641,1785477765025502132,16,55,7466595,2,16,dp_param_allgather:pg=5,1785477765034191236,59986,dp_param_allgather,978208,98621440,world_rs_done,29070176,1.0,1785477763358141090,1785477763359119298,7466595,1785477763366585893,59986,1785477763366525907
0,dp_ag0,1785477765034156756,40,1785477765025502132,1785477765026724641,1785477765025502132,16,55,7466595,2,16,dp_param_allgather:pg=5,1785477765034191236,34480,dp_param_allgather,1222509,98621440,world_rs_done,28825875,1.0,1785477763357896789,1785477763359119298,7466595,1785477763366585893,34480,1785477763366551413
0,dp_ag0,1785477765034151255,41,1785477765025691460,1785477765026724641,1785477765025502132,16,55,7466595,2,16,dp_param_allgather:pg=5,1785477765034191236,39981,dp_param_allgather,1033181,98621440,world_rs_done,29015203,1.0,1785477763358086117,1785477763359119298,7466595,1785477763366585893,39981,1785477763366545912
0,dp_ag0,1785477765034088619,42,1785477765025741069,1785477765026724641,1785477765025502132,16,55,7466595,2,16,dp_param_allgather:pg=5,1785477765034191236,102617,dp_param_allgather,983572,98621440,world_rs_done,29064812,1.0,1785477763358135726,1785477763359119298,7466595,1785477763366585893,102617,1785477763366483276
0,dp_ag0,1785477765034083955,43,1785477765026238101,1785477765026724641,1785477765025502132,16,55,7466595,2,16,dp_param_allgather:pg=5,1785477765034191236,107281,dp_param_allgather,486540,98621440,world_rs_done,29561844,1.0,1785477763358632758,1785477763359119298,7466595,1785477763366585893,107281,1785477763366478612
0,dp_ag0,1785477765034098909,44,1785477765025760176,1785477765026724641,1785477765025502132,16,55,7466595,2,16,dp_param_allgather:pg=5,1785477765034191236,92327,dp_param_allgather,964465,98621440,world_rs_done,29083919,1.0,1785477763358154833,1785477763359119298,7466595,1785477763366585893,92327,1785477763366493566
0,dp_ag0,1785477765034143655,45,1785477765025677877,1785477765026724641,1785477765025502132,16,55,7466595,2,16,dp_param_allgather:pg=5,1785477765034191236,47581,dp_param_allgather,1046764,98621440,world_rs_done,29001620,1.0,1785477763358072534,1785477763359119298,7466595,1785477763366585893,47581,1785477763366538312
0,dp_ag0,1785477765034145216,46,1785477765025847221,1785477765026724641,1785477765025502132,16,55,7466595,2,16,dp_param_allgather:pg=5,1785477765034191236,46020,dp_param_allgather,877420,98621440,world_rs_done,29170964,1.0,1785477763358241878,1785477763359119298,7466595,1785477763366585893,46020,1785477763366539873
0,dp_ag0,1785477765034149634,47,1785477765026116647,1785477765026724641,1785477765025502132,16,55,7466595,2,16,dp_param_allgather:pg=5,1785477765034191236,41602,dp_param_allgather,607994,98621440,world_rs_done,29440390,1.0,1785477763358511304,1785477763359119298,7466595,1785477763366585893,41602,1785477763366544291
1,dp_ag1,1785477765188162025,32,1785477765174971399,1785477765180593132,1785477765174971399,16,55,7632194,2,16,dp_param_allgather:pg=5,1785477765188225326,63301,dp_param_allgather,5621733,98621440,same_rank_edp_ag0,86355847,1.0,1785477763507366056,1785477763512987789,7632194,1785477763520619983,63301,1785477763520556682
1,dp_ag1,1785477765188220283,33,1785477765176722687,1785477765180593132,1785477765174971399,16,55,7632194,2,16,dp_param_allgather:pg=5,1785477765188225326,5043,dp_param_allgather,3870445,98621440,same_rank_edp_ag0,88111281,1.0,1785477763509117344,1785477763512987789,7632194,1785477763520619983,5043,1785477763520614940
1,dp_ag1,1785477765188159661,34,1785477765176151248,1785477765180593132,1785477765174971399,16,55,7632194,2,16,dp_param_allgather:pg=5,1785477765188225326,65665,dp_param_allgather,4441884,98621440,same_rank_edp_ag0,87424866,1.0,1785477763508545905,1785477763512987789,7632194,1785477763520619983,65665,1785477763520554318
1,dp_ag1,1785477765188157675,35,1785477765180204798,1785477765180593132,1785477765174971399,16,55,7632194,2,16,dp_param_allgather:pg=5,1785477765188225326,67651,dp_param_allgather,388334,98621440,same_rank_edp_ag0,87360088,1.0,1785477763512599455,1785477763512987789,7632194,1785477763520619983,67651,1785477763520552332
1,dp_ag1,1785477765188165609,36,1785477765176810983,1785477765180593132,1785477765174971399,16,55,7632194,2,16,dp_param_allgather:pg=5,1785477765188225326,59717,dp_param_allgather,3782149,98621440,same_rank_edp_ag0,87816973,1.0,1785477763509205640,1785477763512987789,7632194,1785477763520619983,59717,1785477763520560266
1,dp_ag1,1785477765188213750,37,1785477765180565369,1785477765180593132,1785477765174971399,16,55,7632194,2,16,dp_param_allgather:pg=5,1785477765188225326,11576,dp_param_allgather,27763,98621440,same_rank_edp_ag0,88053036,1.0,1785477763512960026,1785477763512987789,7632194,1785477763520619983,11576,1785477763520608407
1,dp_ag1,1785477765188201991,38,1785477765178652703,1785477765180593132,1785477765174971399,16,55,7632194,2,16,dp_param_allgather:pg=5,1785477765188225326,23335,dp_param_allgather,1940429,98621440,same_rank_edp_ag0,88582927,1.0,1785477763511047360,1785477763512987789,7632194,1785477763520619983,23335,1785477763520596648
1,dp_ag1,1785477765188225326,39,1785477765175280900,1785477765180593132,1785477765174971399,16,55,7632194,2,16,dp_param_allgather:pg=5,1785477765188225326,0,dp_param_allgather,5312232,98621440,same_rank_edp_ag0,87602895,1.0,1785477763507675557,1785477763512987789,7632194,1785477763520619983,0,1785477763520619983
1,dp_ag1,1785477765188209261,40,1785477765176406524,1785477765180593132,1785477765174971399,16,55,7632194,2,16,dp_param_allgather:pg=5,1785477765188225326,16065,dp_param_allgather,4186608,98621440,same_rank_edp_ag0,87888352,1.0,1785477763508801181,1785477763512987789,7632194,1785477763520619983,16065,1785477763520603918
1,dp_ag1,1785477765188178292,41,1785477765175873578,1785477765180593132,1785477765174971399,16,55,7632194,2,16,dp_param_allgather:pg=5,1785477765188225326,47034,dp_param_allgather,4719554,98621440,same_rank_edp_ag0,87327272,1.0,1785477763508268235,1785477763512987789,7632194,1785477763520619983,47034,1785477763520572949
1,dp_ag1,1785477765188213276,42,1785477765176357367,1785477765180593132,1785477765174971399,16,55,7632194,2,16,dp_param_allgather:pg=5,1785477765188225326,12050,dp_param_allgather,4235765,98621440,same_rank_edp_ag0,87614635,1.0,1785477763508752024,1785477763512987789,7632194,1785477763520619983,12050,1785477763520607933
1,dp_ag1,1785477765188207385,43,1785477765180593132,1785477765180593132,1785477765174971399,16,55,7632194,2,16,dp_param_allgather:pg=5,1785477765188225326,17941,dp_param_allgather,0,98621440,same_rank_edp_ag0,87802314,1.0,1785477763512987789,1785477763512987789,7632194,1785477763520619983,17941,1785477763520602042
1,dp_ag1,1785477765188212745,44,1785477765175571765,1785477765180593132,1785477765174971399,16,55,7632194,2,16,dp_param_allgather:pg=5,1785477765188225326,12581,dp_param_allgather,5021367,98621440,same_rank_edp_ag0,86589972,1.0,1785477763507966422,1785477763512987789,7632194,1785477763520619983,12581,1785477763520607402
1,dp_ag1,1785477765188189936,45,1785477765180540396,1785477765180593132,1785477765174971399,16,55,7632194,2,16,dp_param_allgather:pg=5,1785477765188225326,35390,dp_param_allgather,52736,98621440,same_rank_edp_ag0,87953572,1.0,1785477763512935053,1785477763512987789,7632194,1785477763520619983,35390,1785477763520584593
1,dp_ag1,1785477765188215896,46,1785477765177539171,1785477765180593132,1785477765174971399,16,55,7632194,2,16,dp_param_allgather:pg=5,1785477765188225326,9430,dp_param_allgather,3053961,98621440,same_rank_edp_ag0,87524803,1.0,1785477763509933828,1785477763512987789,7632194,1785477763520619983,9430,1785477763520610553
1,dp_ag1,1785477765188160784,47,1785477765175738724,1785477765180593132,1785477765174971399,16,55,7632194,2,16,dp_param_allgather:pg=5,1785477765188225326,64542,dp_param_allgather,4854408,98621440,same_rank_edp_ag0,87995057,1.0,1785477763508133381,1785477763512987789,7632194,1785477763520619983,64542,1785477763520555441
0,dp_rs,1785477763685237669,32,1785477763554181538,1785477763669752962,1785477763552431370,16,55,15533962,2,16,dp_grad_reduce_scatter:pg=5,1785477763685286924,49255,dp_grad_reduce_scatter,115571424,3155886080,pp_frontier,0,1.0,1785477762030968648,1785477762190785940,15533962,1785477762206319902,49255,1785477762206270647
0,dp_rs,1785477763685178526,33,1785477763553956732,1785477763669752962,1785477763552431370,16,55,15533962,2,16,dp_grad_reduce_scatter:pg=5,1785477763685286924,108398,dp_grad_reduce_scatter,115796230,3155886080,pp_frontier,0,1.0,1785477762025012564,1785477762190785940,15533962,1785477762206319902,108398,1785477762206211504
0,dp_rs,1785477763685284556,34,1785477763553952293,1785477763669752962,1785477763552431370,16,55,15533962,2,16,dp_grad_reduce_scatter:pg=5,1785477763685286924,2368,dp_grad_reduce_scatter,115800669,3155886080,pp_frontier,0,1.0,1785477762034830944,1785477762190785940,15533962,1785477762206319902,2368,1785477762206317534
0,dp_rs,1785477763685223291,35,1785477763554588307,1785477763669752962,1785477763552431370,16,55,15533962,2,16,dp_grad_reduce_scatter:pg=5,1785477763685286924,63633,dp_grad_reduce_scatter,115164655,3155886080,pp_frontier,0,1.0,1785477762032515089,1785477762190785940,15533962,1785477762206319902,63633,1785477762206256269
0,dp_rs,1785477763685255689,36,1785477763552431370,1785477763669752962,1785477763552431370,16,55,15533962,2,16,dp_grad_reduce_scatter:pg=5,1785477763685286924,31235,dp_grad_reduce_scatter,117321592,3155886080,pp_frontier,0,1.0,1785477762033994994,1785477762190785940,15533962,1785477762206319902,31235,1785477762206288667
0,dp_rs,1785477763685168157,37,1785477763552720635,1785477763669752962,1785477763552431370,16,55,15533962,2,16,dp_grad_reduce_scatter:pg=5,1785477763685286924,118767,dp_grad_reduce_scatter,117032327,3155886080,pp_frontier,0,1.0,1785477762038374336,1785477762190785940,15533962,1785477762206319902,118767,1785477762206201135
0,dp_rs,1785477763685170479,38,1785477763554431598,1785477763669752962,1785477763552431370,16,55,15533962,2,16,dp_grad_reduce_scatter:pg=5,1785477763685286924,116445,dp_grad_reduce_scatter,115321364,3155886080,pp_frontier,0,1.0,1785477762031694126,1785477762190785940,15533962,1785477762206319902,116445,1785477762206203457
0,dp_rs,1785477763685286924,39,1785477763554226171,1785477763669752962,1785477763552431370,16,55,15533962,2,16,dp_grad_reduce_scatter:pg=5,1785477763685286924,0,dp_grad_reduce_scatter,115526791,3155886080,pp_frontier,0,1.0,1785477762027106657,1785477762190785940,15533962,1785477762206319902,0,1785477762206319902
0,dp_rs,1785477763685251681,40,1785477763668506713,1785477763669752962,1785477763552431370,16,55,15533962,2,16,dp_grad_reduce_scatter:pg=5,1785477763685286924,35243,dp_grad_reduce_scatter,1246249,3155886080,pp_frontier,0,1.0,1785477762165971101,1785477762190785940,15533962,1785477762206319902,35243,1785477762206284659
0,dp_rs,1785477763685262537,41,1785477763669016426,1785477763669752962,1785477763552431370,16,55,15533962,2,16,dp_grad_reduce_scatter:pg=5,1785477763685286924,24387,dp_grad_reduce_scatter,736536,3155886080,pp_frontier,0,1.0,1785477762185983694,1785477762190785940,15533962,1785477762206319902,24387,1785477762206295515
0,dp_rs,1785477763685237388,42,1785477763668759045,1785477763669752962,1785477763552431370,16,55,15533962,2,16,dp_grad_reduce_scatter:pg=5,1785477763685286924,49536,dp_grad_reduce_scatter,993917,3155886080,pp_frontier,0,1.0,1785477762188572306,1785477762190785940,15533962,1785477762206319902,49536,1785477762206270366
0,dp_rs,1785477763685273045,43,1785477763668845457,1785477763669752962,1785477763552431370,16,55,15533962,2,16,dp_grad_reduce_scatter:pg=5,1785477763685286924,13879,dp_grad_reduce_scatter,907505,3155886080,pp_frontier,0,1.0,1785477762188348524,1785477762190785940,15533962,1785477762206319902,13879,1785477762206306023
0,dp_rs,1785477763685207151,44,1785477763669281489,1785477763669752962,1785477763552431370,16,55,15533962,2,16,dp_grad_reduce_scatter:pg=5,1785477763685286924,79773,dp_grad_reduce_scatter,471473,3155886080,pp_frontier,0,1.0,1785477762189595223,1785477762190785940,15533962,1785477762206319902,79773,1785477762206240129
0,dp_rs,1785477763685256880,45,1785477763669752962,1785477763669752962,1785477763552431370,16,55,15533962,2,16,dp_grad_reduce_scatter:pg=5,1785477763685286924,30044,dp_grad_reduce_scatter,0,3155886080,pp_frontier,0,1.0,1785477762190785940,1785477762190785940,15533962,1785477762206319902,30044,1785477762206289858
0,dp_rs,1785477763685258214,46,1785477763669084477,1785477763669752962,1785477763552431370,16,55,15533962,2,16,dp_grad_reduce_scatter:pg=5,1785477763685286924,28710,dp_grad_reduce_scatter,668485,3155886080,pp_frontier,0,1.0,1785477762180603169,1785477762190785940,15533962,1785477762206319902,28710,1785477762206291192
0,dp_rs,1785477763685233614,47,1785477763669414636,1785477763669752962,1785477763552431370,16,55,15533962,2,16,dp_grad_reduce_scatter:pg=5,1785477763685286924,53310,dp_grad_reduce_scatter,338326,3155886080,pp_frontier,0,1.0,1785477762179881439,1785477762190785940,15533962,1785477762206319902,53310,1785477762206266592
0,edp_ag0,1785477765088615552,32,1785477765034191927,1785477765034232476,1785477765034191927,2,55,54383076,2,2,expert_dp_param_allgather:pg=1075,1785477765088615552,0,expert_dp_param_allgather,40549,1887436800,same_rank_dp_ag0,10880,1.0,1785477763366586584,1785477763366627133,54383076,1785477763421010209,0,1785477763421010209
0,edp_ag0,1785477765088518172,40,1785477765034232476,1785477765034232476,1785477765034191927,2,55,54383076,2,2,expert_dp_param_allgather:pg=1075,1785477765088615552,97380,expert_dp_param_allgather,0,1887436800,same_rank_dp_ag0,75720,1.0,1785477763366627133,1785477763366627133,54383076,1785477763421010209,97380,1785477763420912829
0,edp_ag0,1785477765088611406,33,1785477765034184632,1785477765034184632,1785477765034173855,2,55,54426774,2,2,expert_dp_param_allgather:pg=1077,1785477765088611406,0,expert_dp_param_allgather,0,1887436800,same_rank_dp_ag0,11320,1.0,1785477763366579289,1785477763366579289,54426774,1785477763421006063,0,1785477763421006063
0,edp_ag0,1785477765088546306,41,1785477765034173855,1785477765034184632,1785477765034173855,2,55,54426774,2,2,expert_dp_param_allgather:pg=1077,1785477765088611406,65100,expert_dp_param_allgather,10777,1887436800,same_rank_dp_ag0,22600,1.0,1785477763366568512,1785477763366579289,54426774,1785477763421006063,65100,1785477763420940963
0,edp_ag0,1785477765088726382,34,1785477765034217741,1785477765034217741,1785477765034099264,2,55,54524991,2,2,expert_dp_param_allgather:pg=1079,1785477765088742732,16350,expert_dp_param_allgather,0,1887436800,same_rank_dp_ag0,33240,1.0,1785477763366612398,1785477763366612398,54524991,1785477763421137389,16350,1785477763421121039
0,edp_ag0,1785477765088742732,42,1785477765034099264,1785477765034217741,1785477765034099264,2,55,54524991,2,2,expert_dp_param_allgather:pg=1079,1785477765088742732,0,expert_dp_param_allgather,118477,1887436800,same_rank_dp_ag0,10645,1.0,1785477763366493921,1785477763366612398,54524991,1785477763421137389,0,1785477763421137389
0,edp_ag0,1785477765092844710,35,1785477765034207036,1785477765034207036,1785477765034115075,2,55,58637674,2,2,expert_dp_param_allgather:pg=1081,1785477765092844710,0,expert_dp_param_allgather,0,1887436800,same_rank_dp_ag0,15800,1.0,1785477763366601693,1785477763366601693,58637674,1785477763425239367,0,1785477763425239367
0,edp_ag0,1785477765092790818,43,1785477765034115075,1785477765034207036,1785477765034115075,2,55,58637674,2,2,expert_dp_param_allgather:pg=1081,1785477765092844710,53892,expert_dp_param_allgather,91961,1887436800,same_rank_dp_ag0,31120,1.0,1785477763366509732,1785477763366601693,58637674,1785477763425239367,53892,1785477763425185475
0,edp_ag0,1785477765088994010,36,1785477765034198836,1785477765034198836,1785477765034109629,2,55,54795174,2,2,expert_dp_param_allgather:pg=1083,1785477765088994010,0,expert_dp_param_allgather,0,1887436800,same_rank_dp_ag0,10560,1.0,1785477763366593493,1785477763366593493,54795174,1785477763421388667,0,1785477763421388667
0,edp_ag0,1785477765088981793,44,1785477765034109629,1785477765034198836,1785477765034109629,2,55,54795174,2,2,expert_dp_param_allgather:pg=1083,1785477765088994010,12217,expert_dp_param_allgather,89207,1887436800,same_rank_dp_ag0,10720,1.0,1785477763366504286,1785477763366593493,54795174,1785477763421388667,12217,1785477763421376450
0,edp_ag0,1785477765092512333,37,1785477765034186977,1785477765034229495,1785477765034186977,2,55,58357329,2,2,expert_dp_param_allgather:pg=1085,1785477765092586824,74491,expert_dp_param_allgather,42518,1887436800,same_rank_dp_ag0,11994,1.0,1785477763366581634,1785477763366624152,58357329,1785477763424981481,74491,1785477763424906990
0,edp_ag0,1785477765092586824,45,1785477765034229495,1785477765034229495,1785477765034186977,2,55,58357329,2,2,expert_dp_param_allgather:pg=1085,1785477765092586824,0,expert_dp_param_allgather,0,1887436800,same_rank_dp_ag0,85840,1.0,1785477763366624152,1785477763366624152,58357329,1785477763424981481,0,1785477763424981481
0,edp_ag0,1785477765090069776,38,1785477765034201614,1785477765034201614,1785477765034156816,2,55,55868162,2,2,expert_dp_param_allgather:pg=1087,1785477765090069776,0,expert_dp_param_allgather,0,1887436800,same_rank_dp_ag0,10618,1.0,1785477763366596271,1785477763366596271,55868162,1785477763422464433,0,1785477763422464433
0,edp_ag0,1785477765090014368,46,1785477765034156816,1785477765034201614,1785477765034156816,2,55,55868162,2,2,expert_dp_param_allgather:pg=1087,1785477765090069776,55408,expert_dp_param_allgather,44798,1887436800,same_rank_dp_ag0,11600,1.0,1785477763366551473,1785477763366596271,55868162,1785477763422464433,55408,1785477763422409025
0,edp_ag0,1785477765087678005,39,1785477765034147698,1785477765034168354,1785477765034147698,2,55,53575313,2,2,expert_dp_param_allgather:pg=1089,1785477765087743667,65662,expert_dp_param_allgather,20656,1887436800,same_rank_dp_ag0,16448,1.0,1785477763366542355,1785477763366563011,53575313,1785477763420138324,65662,1785477763420072662
0,edp_ag0,1785477765087743667,47,1785477765034168354,1785477765034168354,1785477765034147698,2,55,53575313,2,2,expert_dp_param_allgather:pg=1089,1785477765087743667,0,expert_dp_param_allgather,0,1887436800,same_rank_dp_ag0,18720,1.0,1785477763366563011,1785477763366563011,53575313,1785477763420138324,0,1785477763420138324
1,edp_ag1,1785477765242700611,32,1785477765188173025,1785477765188222301,1785477765188173025,2,55,54499976,2,2,expert_dp_param_allgather:pg=1075,1785477765242722277,21666,expert_dp_param_allgather,49276,1887436800,same_rank_dp_ag1,11000,1.0,1785477763520567682,1785477763520616958,54499976,1785477763575116934,21666,1785477763575095268
1,edp_ag1,1785477765242722277,40,1785477765188222301,1785477765188222301,1785477765188173025,2,55,54499976,2,2,expert_dp_param_allgather:pg=1075,1785477765242722277,0,expert_dp_param_allgather,0,1887436800,same_rank_dp_ag1,13040,1.0,1785477763520616958,1785477763520616958,54499976,1785477763575116934,0,1785477763575116934
1,edp_ag1,1785477765241373893,33,1785477765188230883,1785477765188230883,1785477765188189452,2,55,53182380,2,2,expert_dp_param_allgather:pg=1077,1785477765241413263,39370,expert_dp_param_allgather,0,1887436800,same_rank_dp_ag1,10600,1.0,1785477763520625540,1785477763520625540,53182380,1785477763573807920,39370,1785477763573768550
1,edp_ag1,1785477765241413263,41,1785477765188189452,1785477765188230883,1785477765188189452,2,55,53182380,2,2,expert_dp_param_allgather:pg=1077,1785477765241413263,0,expert_dp_param_allgather,41431,1887436800,same_rank_dp_ag1,11160,1.0,1785477763520584109,1785477763520625540,53182380,1785477763573807920,0,1785477763573807920
1,edp_ag1,1785477765241991299,34,1785477765188170581,1785477765188261436,1785477765188170581,2,55,53758108,2,2,expert_dp_param_allgather:pg=1079,1785477765242019544,28245,expert_dp_param_allgather,90855,1887436800,same_rank_dp_ag1,10920,1.0,1785477763520565238,1785477763520656093,53758108,1785477763574414201,28245,1785477763574385956
1,edp_ag1,1785477765242019544,42,1785477765188261436,1785477765188261436,1785477765188170581,2,55,53758108,2,2,expert_dp_param_allgather:pg=1079,1785477765242019544,0,expert_dp_param_allgather,0,1887436800,same_rank_dp_ag1,48160,1.0,1785477763520656093,1785477763520656093,53758108,1785477763574414201,0,1785477763574414201
1,edp_ag1,1785477765240399799,35,1785477765188168555,1785477765188271706,1785477765188168555,2,55,52128093,2,2,expert_dp_param_allgather:pg=1081,1785477765240399799,0,expert_dp_param_allgather,103151,1887436800,same_rank_dp_ag1,10880,1.0,1785477763520563212,1785477763520666363,52128093,1785477763572794456,0,1785477763572794456
1,edp_ag1,1785477765240399757,43,1785477765188271706,1785477765188271706,1785477765188168555,2,55,52128093,2,2,expert_dp_param_allgather:pg=1081,1785477765240399799,42,expert_dp_param_allgather,0,1887436800,same_rank_dp_ag1,64321,1.0,1785477763520666363,1785477763520666363,52128093,1785477763572794456,42,1785477763572794414
1,edp_ag1,1785477765242088144,36,1785477765188176329,1785477765188246354,1785477765188176329,2,55,53841790,2,2,expert_dp_param_allgather:pg=1083,1785477765242088144,0,expert_dp_param_allgather,70025,1887436800,same_rank_dp_ag1,10720,1.0,1785477763520570986,1785477763520641011,53841790,1785477763574482801,0,1785477763574482801
1,edp_ag1,1785477765242014891,44,1785477765188246354,1785477765188246354,1785477765188176329,2,55,53841790,2,2,expert_dp_param_allgather:pg=1083,1785477765242088144,73253,expert_dp_param_allgather,0,1887436800,same_rank_dp_ag1,33609,1.0,1785477763520641011,1785477763520641011,53841790,1785477763574482801,73253,1785477763574409548
1,edp_ag1,1785477765241502533,37,1785477765188270230,1785477765188270230,1785477765188204616,2,55,53232303,2,2,expert_dp_param_allgather:pg=1085,1785477765241502533,0,expert_dp_param_allgather,0,1887436800,same_rank_dp_ag1,56480,1.0,1785477763520664887,1785477763520664887,53232303,1785477763573897190,0,1785477763573897190
1,edp_ag1,1785477765241496038,45,1785477765188204616,1785477765188270230,1785477765188204616,2,55,53232303,2,2,expert_dp_param_allgather:pg=1085,1785477765241502533,6495,expert_dp_param_allgather,65614,1887436800,same_rank_dp_ag1,14680,1.0,1785477763520599273,1785477763520664887,53232303,1785477763573897190,6495,1785477763573890695
1,edp_ag1,1785477765240319975,38,1785477765188214031,1785477765188271296,1785477765188214031,2,55,52048679,2,2,expert_dp_param_allgather:pg=1087,1785477765240319975,0,expert_dp_param_allgather,57265,1887436800,same_rank_dp_ag1,12040,1.0,1785477763520608688,1785477763520665953,52048679,1785477763572714632,0,1785477763572714632
1,edp_ag1,1785477765240262232,46,1785477765188271296,1785477765188271296,1785477765188214031,2,55,52048679,2,2,expert_dp_param_allgather:pg=1087,1785477765240319975,57743,expert_dp_param_allgather,0,1887436800,same_rank_dp_ag1,55400,1.0,1785477763520665953,1785477763520665953,52048679,1785477763572714632,57743,1785477763572656889
1,edp_ag1,1785477765244398838,39,1785477765188243206,1785477765188243206,1785477765188172304,2,55,56216966,2,2,expert_dp_param_allgather:pg=1089,1785477765244460172,61334,expert_dp_param_allgather,0,1887436800,same_rank_dp_ag1,17880,1.0,1785477763520637863,1785477763520637863,56216966,1785477763576854829,61334,1785477763576793495
1,edp_ag1,1785477765244460172,47,1785477765188172304,1785477765188243206,1785477765188172304,2,55,56216966,2,2,expert_dp_param_allgather:pg=1089,1785477765244460172,0,expert_dp_param_allgather,70902,1887436800,same_rank_dp_ag1,11520,1.0,1785477763520566961,1785477763520637863,56216966,1785477763576854829,0,1785477763576854829
0,edp_rs,1785477763905895886,32,1785477763702676726,1785477763702784677,1785477763702676726,2,55,203111209,2,2,expert_dp_grad_reduce_scatter:pg=1075,1785477763905895886,0,expert_dp_grad_reduce_scatter,107951,7549747200,same_rank_dp_rs,17439057,1.0,1785477762223709704,1785477762223817655,203111209,1785477762426928864,0,1785477762426928864
0,edp_rs,1785477763905828516,40,1785477763702784677,1785477763702784677,1785477763702676726,2,55,203111209,2,2,expert_dp_grad_reduce_scatter:pg=1075,1785477763905895886,67370,expert_dp_grad_reduce_scatter,0,7549747200,same_rank_dp_rs,17532996,1.0,1785477762223817655,1785477762223817655,203111209,1785477762426928864,67370,1785477762426861494
0,edp_rs,1785477763914267744,33,1785477763702776971,1785477763702908767,1785477763702776971,2,55,211358977,2,2,expert_dp_grad_reduce_scatter:pg=1077,1785477763914267744,0,expert_dp_grad_reduce_scatter,131796,7549747200,same_rank_dp_rs,17598445,1.0,1785477762223809949,1785477762223941745,211358977,1785477762435300722,0,1785477762435300722
0,edp_rs,1785477763914208453,41,1785477763702908767,1785477763702908767,1785477763702776971,2,55,211358977,2,2,expert_dp_grad_reduce_scatter:pg=1077,1785477763914267744,59291,expert_dp_grad_reduce_scatter,0,7549747200,same_rank_dp_rs,17646230,1.0,1785477762223941745,1785477762223941745,211358977,1785477762435300722,59291,1785477762435241431
0,edp_rs,1785477763913081088,34,1785477763702987235,1785477763702987235,1785477763702872569,2,55,210134472,2,2,expert_dp_grad_reduce_scatter:pg=1079,1785477763913121707,40619,expert_dp_grad_reduce_scatter,0,7549747200,same_rank_dp_rs,17702679,1.0,1785477762224020213,1785477762224020213,210134472,1785477762434154685,40619,1785477762434114066
0,edp_rs,1785477763913121707,42,1785477763702872569,1785477763702987235,1785477763702872569,2,55,210134472,2,2,expert_dp_grad_reduce_scatter:pg=1079,1785477763913121707,0,expert_dp_grad_reduce_scatter,114666,7549747200,same_rank_dp_rs,17635181,1.0,1785477762223905547,1785477762224020213,210134472,1785477762434154685,0,1785477762434154685
0,edp_rs,1785477763914302146,35,1785477763702835016,1785477763702950435,1785477763702835016,2,55,211427685,2,2,expert_dp_grad_reduce_scatter:pg=1081,1785477763914378120,75974,expert_dp_grad_reduce_scatter,115419,7549747200,same_rank_dp_rs,17611725,1.0,1785477762223867994,1785477762223983413,211427685,1785477762435411098,75974,1785477762435335124
0,edp_rs,1785477763914378120,43,1785477763702950435,1785477763702950435,1785477763702835016,2,55,211427685,2,2,expert_dp_grad_reduce_scatter:pg=1081,1785477763914378120,0,expert_dp_grad_reduce_scatter,0,7549747200,same_rank_dp_rs,17677390,1.0,1785477762223983413,1785477762223983413,211427685,1785477762435411098,0,1785477762435411098
0,edp_rs,1785477763913354680,36,1785477763702861193,1785477763703271336,1785477763702861193,2,55,210131049,2,2,expert_dp_grad_reduce_scatter:pg=1083,1785477763913402385,47705,expert_dp_grad_reduce_scatter,410143,7549747200,same_rank_dp_rs,17605504,1.0,1785477762223894171,1785477762224304314,210131049,1785477762434435363,47705,1785477762434387658
0,edp_rs,1785477763913402385,44,1785477763703271336,1785477763703271336,1785477763702861193,2,55,210131049,2,2,expert_dp_grad_reduce_scatter:pg=1083,1785477763913402385,0,expert_dp_grad_reduce_scatter,0,7549747200,same_rank_dp_rs,18064185,1.0,1785477762224304314,1785477762224304314,210131049,1785477762434435363,0,1785477762434435363
0,edp_rs,1785477763915451587,37,1785477763702920446,1785477763703009968,1785477763702920446,2,55,212441619,2,2,expert_dp_grad_reduce_scatter:pg=1085,1785477763915451587,0,expert_dp_grad_reduce_scatter,89522,7549747200,same_rank_dp_rs,17752289,1.0,1785477762223953424,1785477762224042946,212441619,1785477762436484565,0,1785477762436484565
0,edp_rs,1785477763915387642,45,1785477763703009968,1785477763703009968,1785477763702920446,2,55,212441619,2,2,expert_dp_grad_reduce_scatter:pg=1085,1785477763915451587,63945,expert_dp_grad_reduce_scatter,0,7549747200,same_rank_dp_rs,17753088,1.0,1785477762224042946,1785477762224042946,212441619,1785477762436484565,63945,1785477762436420620
0,edp_rs,1785477763911848259,38,1785477763702787491,1785477763702787491,1785477763702765509,2,55,209060768,2,2,expert_dp_grad_reduce_scatter:pg=1087,1785477763911848259,0,expert_dp_grad_reduce_scatter,0,7549747200,same_rank_dp_rs,17617012,1.0,1785477762223820469,1785477762223820469,209060768,1785477762432881237,0,1785477762432881237
0,edp_rs,1785477763911771295,46,1785477763702765509,1785477763702787491,1785477763702765509,2,55,209060768,2,2,expert_dp_grad_reduce_scatter:pg=1087,1785477763911848259,76964,expert_dp_grad_reduce_scatter,21982,7549747200,same_rank_dp_rs,17507295,1.0,1785477762223798487,1785477762223820469,209060768,1785477762432881237,76964,1785477762432804273
0,edp_rs,1785477763913749840,39,1785477763702871761,1785477763702871761,1785477763702788888,2,55,210952936,2,2,expert_dp_grad_reduce_scatter:pg=1089,1785477763913824697,74857,expert_dp_grad_reduce_scatter,0,7549747200,same_rank_dp_rs,17584837,1.0,1785477762223904739,1785477762223904739,210952936,1785477762434857675,74857,1785477762434782818
0,edp_rs,1785477763913824697,47,1785477763702788888,1785477763702871761,1785477763702788888,2,55,210952936,2,2,expert_dp_grad_reduce_scatter:pg=1089,1785477763913824697,0,expert_dp_grad_reduce_scatter,82873,7549747200,same_rank_dp_rs,17555274,1.0,1785477762223821866,1785477762223904739,210952936,1785477762434857675,0,1785477762434857675
0,dp_ag0,1785477765034471495,48,1785477765025453197,1785477765027023381,1785477765025299474,16,55,7502805,3,16,dp_param_allgather:pg=7,1785477765034526186,54691,dp_param_allgather,1570184,98621440,world_rs_done,28776940,1.0,1785477763357847854,1785477763359418038,7502805,1785477763366920843,54691,1785477763366866152
0,dp_ag0,1785477765034482621,49,1785477765025696553,1785477765027023381,1785477765025299474,16,55,7502805,3,16,dp_param_allgather:pg=7,1785477765034526186,43565,dp_param_allgather,1326828,98621440,world_rs_done,29020296,1.0,1785477763358091210,1785477763359418038,7502805,1785477763366920843,43565,1785477763366877278
0,dp_ag0,1785477765034486317,50,1785477765026150193,1785477765027023381,1785477765025299474,16,55,7502805,3,16,dp_param_allgather:pg=7,1785477765034526186,39869,dp_param_allgather,873188,98621440,world_rs_done,29473936,1.0,1785477763358544850,1785477763359418038,7502805,1785477763366920843,39869,1785477763366880974
0,dp_ag0,1785477765034474990,51,1785477765026142686,1785477765027023381,1785477765025299474,16,55,7502805,3,16,dp_param_allgather:pg=7,1785477765034526186,51196,dp_param_allgather,880695,98621440,world_rs_done,29466429,1.0,1785477763358537343,1785477763359418038,7502805,1785477763366920843,51196,1785477763366869647
0,dp_ag0,1785477765034480174,52,1785477765025704912,1785477765027023381,1785477765025299474,16,55,7502805,3,16,dp_param_allgather:pg=7,1785477765034526186,46012,dp_param_allgather,1318469,98621440,world_rs_done,29028655,1.0,1785477763358099569,1785477763359418038,7502805,1785477763366920843,46012,1785477763366874831
0,dp_ag0,1785477765034441708,53,1785477765025568254,1785477765027023381,1785477765025299474,16,55,7502805,3,16,dp_param_allgather:pg=7,1785477765034526186,84478,dp_param_allgather,1455127,98621440,world_rs_done,28891997,1.0,1785477763357962911,1785477763359418038,7502805,1785477763366920843,84478,1785477763366836365
0,dp_ag0,1785477765034487327,54,1785477765025299474,1785477765027023381,1785477765025299474,16,55,7502805,3,16,dp_param_allgather:pg=7,1785477765034526186,38859,dp_param_allgather,1723907,98621440,world_rs_done,28623217,1.0,1785477763357694131,1785477763359418038,7502805,1785477763366920843,38859,1785477763366881984
0,dp_ag0,1785477765034482903,55,1785477765027023381,1785477765027023381,1785477765025299474,16,55,7502805,3,16,dp_param_allgather:pg=7,1785477765034526186,43283,dp_param_allgather,0,98621440,world_rs_done,30347124,1.0,1785477763359418038,1785477763359418038,7502805,1785477763366920843,43283,1785477763366877560
0,dp_ag0,1785477765034517726,56,1785477765025578314,1785477765027023381,1785477765025299474,16,55,7502805,3,16,dp_param_allgather:pg=7,1785477765034526186,8460,dp_param_allgather,1445067,98621440,world_rs_done,28902057,1.0,1785477763357972971,1785477763359418038,7502805,1785477763366920843,8460,1785477763366912383
0,dp_ag0,1785477765034512787,57,1785477765025665473,1785477765027023381,1785477765025299474,16,55,7502805,3,16,dp_param_allgather:pg=7,1785477765034526186,13399,dp_param_allgather,1357908,98621440,world_rs_done,28989216,1.0,1785477763358060130,1785477763359418038,7502805,1785477763366920843,13399,1785477763366907444
0,dp_ag0,1785477765034466446,58,1785477765025536958,1785477765027023381,1785477765025299474,16,55,7502805,3,16,dp_param_allgather:pg=7,1785477765034526186,59740,dp_param_allgather,1486423,98621440,world_rs_done,28860701,1.0,1785477763357931615,1785477763359418038,7502805,1785477763366920843,59740,1785477763366861103
0,dp_ag0,1785477765034516231,59,1785477765025922058,1785477765027023381,1785477765025299474,16,55,7502805,3,16,dp_param_allgather:pg=7,1785477765034526186,9955,dp_param_allgather,1101323,98621440,world_rs_done,29245801,1.0,1785477763358316715,1785477763359418038,7502805,1785477763366920843,9955,1785477763366910888
0,dp_ag0,1785477765034494181,60,1785477765025429075,1785477765027023381,1785477765025299474,16,55,7502805,3,16,dp_param_allgather:pg=7,1785477765034526186,32005,dp_param_allgather,1594306,98621440,world_rs_done,28752818,1.0,1785477763357823732,1785477763359418038,7502805,1785477763366920843,32005,1785477763366888838
0,dp_ag0,1785477765034526186,61,1785477765025621027,1785477765027023381,1785477765025299474,16,55,7502805,3,16,dp_param_allgather:pg=7,1785477765034526186,0,dp_param_allgather,1402354,98621440,world_rs_done,28944770,1.0,1785477763358015684,1785477763359418038,7502805,1785477763366920843,0,1785477763366920843
0,dp_ag0,1785477765034455914,62,1785477765025795926,1785477765027023381,1785477765025299474,16,55,7502805,3,16,dp_param_allgather:pg=7,1785477765034526186,70272,dp_param_allgather,1227455,98621440,world_rs_done,29119669,1.0,1785477763358190583,1785477763359418038,7502805,1785477763366920843,70272,1785477763366850571
0,dp_ag0,1785477765034471814,63,1785477765025859404,1785477765027023381,1785477765025299474,16,55,7502805,3,16,dp_param_allgather:pg=7,1785477765034526186,54372,dp_param_allgather,1163977,98621440,world_rs_done,29183147,1.0,1785477763358254061,1785477763359418038,7502805,1785477763366920843,54372,1785477763366866471
1,dp_ag1,1785477765192007919,48,1785477765176243437,1785477765184697436,1785477765174883871,16,55,7374107,3,16,dp_param_allgather:pg=7,1785477765192071543,63624,dp_param_allgather,8453999,98621440,same_rank_edp_ag0,88069910,1.0,1785477763508638094,1785477763517092093,7374107,1785477763524466200,63624,1785477763524402576
1,dp_ag1,1785477765192019511,49,1785477765183831129,1785477765184697436,1785477765174883871,16,55,7374107,3,16,dp_param_allgather:pg=7,1785477765192071543,52032,dp_param_allgather,866307,98621440,same_rank_edp_ag0,87434514,1.0,1785477763516225786,1785477763517092093,7374107,1785477763524466200,52032,1785477763524414168
1,dp_ag1,1785477765192005874,50,1785477765175583466,1785477765184697436,1785477765174883871,16,55,7374107,3,16,dp_param_allgather:pg=7,1785477765192071543,65669,dp_param_allgather,9113970,98621440,same_rank_edp_ag0,87212443,1.0,1785477763507978123,1785477763517092093,7374107,1785477763524466200,65669,1785477763524400531
1,dp_ag1,1785477765192023197,51,1785477765175401270,1785477765184697436,1785477765174883871,16,55,7374107,3,16,dp_param_allgather:pg=7,1785477765192071543,48346,dp_param_allgather,9296166,98621440,same_rank_edp_ag0,87039807,1.0,1785477763507795927,1785477763517092093,7374107,1785477763524466200,48346,1785477763524417854
1,dp_ag1,1785477765191981433,52,1785477765175444313,1785477765184697436,1785477765174883871,16,55,7374107,3,16,dp_param_allgather:pg=7,1785477765192071543,90110,dp_param_allgather,9253123,98621440,same_rank_edp_ag0,87075970,1.0,1785477763507838970,1785477763517092093,7374107,1785477763524466200,90110,1785477763524376090
1,dp_ag1,1785477765192015408,53,1785477765184697436,1785477765184697436,1785477765174883871,16,55,7374107,3,16,dp_param_allgather:pg=7,1785477765192071543,56135,dp_param_allgather,0,98621440,same_rank_edp_ag0,87825905,1.0,1785477763517092093,1785477763517092093,7374107,1785477763524466200,56135,1785477763524410065
1,dp_ag1,1785477765192023146,54,1785477765176440807,1785477765184697436,1785477765174883871,16,55,7374107,3,16,dp_param_allgather:pg=7,1785477765192071543,48397,dp_param_allgather,8256629,98621440,same_rank_edp_ag0,87840232,1.0,1785477763508835464,1785477763517092093,7374107,1785477763524466200,48397,1785477763524417803
1,dp_ag1,1785477765192028050,55,1785477765174883871,1785477765184697436,1785477765174883871,16,55,7374107,3,16,dp_param_allgather:pg=7,1785477765192071543,43493,dp_param_allgather,9813565,98621440,same_rank_edp_ag0,86863579,1.0,1785477763507278528,1785477763517092093,7374107,1785477763524466200,43493,1785477763524422707
1,dp_ag1,1785477765192069515,56,1785477765175604771,1785477765184697436,1785477765174883871,16,55,7374107,3,16,dp_param_allgather:pg=7,1785477765192071543,2028,dp_param_allgather,9092665,98621440,same_rank_edp_ag0,87327927,1.0,1785477763507999428,1785477763517092093,7374107,1785477763524466200,2028,1785477763524464172
1,dp_ag1,1785477765192041443,57,1785477765183291329,1785477765184697436,1785477765174883871,16,55,7374107,3,16,dp_param_allgather:pg=7,1785477765192071543,30100,dp_param_allgather,1406107,98621440,same_rank_edp_ag0,86838023,1.0,1785477763515685986,1785477763517092093,7374107,1785477763524466200,30100,1785477763524436100
1,dp_ag1,1785477765192071543,58,1785477765176240137,1785477765184697436,1785477765174883871,16,55,7374107,3,16,dp_param_allgather:pg=7,1785477765192071543,0,dp_param_allgather,8457299,98621440,same_rank_edp_ag0,87859318,1.0,1785477763508634794,1785477763517092093,7374107,1785477763524466200,0,1785477763524466200
1,dp_ag1,1785477765192034163,59,1785477765176464547,1785477765184697436,1785477765174883871,16,55,7374107,3,16,dp_param_allgather:pg=7,1785477765192071543,37380,dp_param_allgather,8232889,98621440,same_rank_edp_ag0,88107064,1.0,1785477763508859204,1785477763517092093,7374107,1785477763524466200,37380,1785477763524428820
1,dp_ag1,1785477765192046748,60,1785477765177057465,1785477765184697436,1785477765174883871,16,55,7374107,3,16,dp_param_allgather:pg=7,1785477765192071543,24795,dp_param_allgather,7639971,98621440,same_rank_edp_ag0,88615491,1.0,1785477763509452122,1785477763517092093,7374107,1785477763524466200,24795,1785477763524441405
1,dp_ag1,1785477765192059076,61,1785477765183568678,1785477765184697436,1785477765174883871,16,55,7374107,3,16,dp_param_allgather:pg=7,1785477765192071543,12467,dp_param_allgather,1128758,98621440,same_rank_edp_ag0,86659784,1.0,1785477763515963335,1785477763517092093,7374107,1785477763524466200,12467,1785477763524453733
1,dp_ag1,1785477765192023969,62,1785477765175691793,1785477765184697436,1785477765174883871,16,55,7374107,3,16,dp_param_allgather:pg=7,1785477765192071543,47574,dp_param_allgather,9005643,98621440,same_rank_edp_ag0,86956116,1.0,1785477763508086450,1785477763517092093,7374107,1785477763524466200,47574,1785477763524418626
1,dp_ag1,1785477765192016932,63,1785477765175368755,1785477765184697436,1785477765174883871,16,55,7374107,3,16,dp_param_allgather:pg=7,1785477765192071543,54611,dp_param_allgather,9328681,98621440,same_rank_edp_ag0,87315269,1.0,1785477763507763412,1785477763517092093,7374107,1785477763524466200,54611,1785477763524411589
0,dp_rs,1785477762881595397,48,1785477762735531346,1785477762865729728,1785477762734479230,16,55,15965557,3,16,dp_grad_reduce_scatter:pg=7,1785477762881695285,99888,dp_grad_reduce_scatter,130198382,3155886080,pp_frontier,0,1.0,1785477761305670093,1785477761480240077,15965557,1785477761496205634,99888,1785477761496105746
0,dp_rs,1785477762881592936,49,1785477762735572265,1785477762865729728,1785477762734479230,16,55,15965557,3,16,dp_grad_reduce_scatter:pg=7,1785477762881695285,102349,dp_grad_reduce_scatter,130157463,3155886080,pp_frontier,0,1.0,1785477761300256251,1785477761480240077,15965557,1785477761496205634,102349,1785477761496103285
0,dp_rs,1785477762881610281,50,1785477762734581494,1785477762865729728,1785477762734479230,16,55,15965557,3,16,dp_grad_reduce_scatter:pg=7,1785477762881695285,85004,dp_grad_reduce_scatter,131148234,3155886080,pp_frontier,0,1.0,1785477761308581519,1785477761480240077,15965557,1785477761496205634,85004,1785477761496120630
0,dp_rs,1785477762881622932,51,1785477762734479230,1785477762865729728,1785477762734479230,16,55,15965557,3,16,dp_grad_reduce_scatter:pg=7,1785477762881695285,72353,dp_grad_reduce_scatter,131250498,3155886080,pp_frontier,0,1.0,1785477761306219278,1785477761480240077,15965557,1785477761496205634,72353,1785477761496133281
0,dp_rs,1785477762881572315,52,1785477762735132739,1785477762865729728,1785477762734479230,16,55,15965557,3,16,dp_grad_reduce_scatter:pg=7,1785477762881695285,122970,dp_grad_reduce_scatter,130596989,3155886080,pp_frontier,0,1.0,1785477761310625140,1785477761480240077,15965557,1785477761496205634,122970,1785477761496082664
0,dp_rs,1785477762881579934,53,1785477762735180370,1785477762865729728,1785477762734479230,16,55,15965557,3,16,dp_grad_reduce_scatter:pg=7,1785477762881695285,115351,dp_grad_reduce_scatter,130549358,3155886080,pp_frontier,0,1.0,1785477761313388988,1785477761480240077,15965557,1785477761496205634,115351,1785477761496090283
0,dp_rs,1785477762881613402,54,1785477762735053334,1785477762865729728,1785477762734479230,16,55,15965557,3,16,dp_grad_reduce_scatter:pg=7,1785477762881695285,81883,dp_grad_reduce_scatter,130676394,3155886080,pp_frontier,0,1.0,1785477761305290916,1785477761480240077,15965557,1785477761496205634,81883,1785477761496123751
0,dp_rs,1785477762881600792,55,1785477762735767405,1785477762865729728,1785477762734479230,16,55,15965557,3,16,dp_grad_reduce_scatter:pg=7,1785477762881695285,94493,dp_grad_reduce_scatter,129962323,3155886080,pp_frontier,0,1.0,1785477761302206147,1785477761480240077,15965557,1785477761496205634,94493,1785477761496111141
0,dp_rs,1785477762881575118,56,1785477762865079135,1785477762865729728,1785477762734479230,16,55,15965557,3,16,dp_grad_reduce_scatter:pg=7,1785477762881695285,120167,dp_grad_reduce_scatter,650593,3155886080,pp_frontier,0,1.0,1785477761454734337,1785477761480240077,15965557,1785477761496205634,120167,1785477761496085467
0,dp_rs,1785477762881695285,57,1785477762864964857,1785477762865729728,1785477762734479230,16,55,15965557,3,16,dp_grad_reduce_scatter:pg=7,1785477762881695285,0,dp_grad_reduce_scatter,764871,3155886080,pp_frontier,0,1.0,1785477761475293478,1785477761480240077,15965557,1785477761496205634,0,1785477761496205634
0,dp_rs,1785477762881644425,58,1785477762865018299,1785477762865729728,1785477762734479230,16,55,15965557,3,16,dp_grad_reduce_scatter:pg=7,1785477762881695285,50860,dp_grad_reduce_scatter,711429,3155886080,pp_frontier,0,1.0,1785477761477538416,1785477761480240077,15965557,1785477761496205634,50860,1785477761496154774
0,dp_rs,1785477762881605444,59,1785477762865412785,1785477762865729728,1785477762734479230,16,55,15965557,3,16,dp_grad_reduce_scatter:pg=7,1785477762881695285,89841,dp_grad_reduce_scatter,316943,3155886080,pp_frontier,0,1.0,1785477761478685482,1785477761480240077,15965557,1785477761496205634,89841,1785477761496115793
0,dp_rs,1785477762881642468,60,1785477762865537383,1785477762865729728,1785477762734479230,16,55,15965557,3,16,dp_grad_reduce_scatter:pg=7,1785477762881695285,52817,dp_grad_reduce_scatter,192345,3155886080,pp_frontier,0,1.0,1785477761478119929,1785477761480240077,15965557,1785477761496205634,52817,1785477761496152817
0,dp_rs,1785477762881605087,61,1785477762865729728,1785477762865729728,1785477762734479230,16,55,15965557,3,16,dp_grad_reduce_scatter:pg=7,1785477762881695285,90198,dp_grad_reduce_scatter,0,3155886080,pp_frontier,0,1.0,1785477761480240077,1785477761480240077,15965557,1785477761496205634,90198,1785477761496115436
0,dp_rs,1785477762881690918,62,1785477762865611416,1785477762865729728,1785477762734479230,16,55,15965557,3,16,dp_grad_reduce_scatter:pg=7,1785477762881695285,4367,dp_grad_reduce_scatter,118312,3155886080,pp_frontier,0,1.0,1785477761470597962,1785477761480240077,15965557,1785477761496205634,4367,1785477761496201267
0,dp_rs,1785477762881620684,63,1785477762865667312,1785477762865729728,1785477762734479230,16,55,15965557,3,16,dp_grad_reduce_scatter:pg=7,1785477762881695285,74601,dp_grad_reduce_scatter,62416,3155886080,pp_frontier,0,1.0,1785477761469578117,1785477761480240077,15965557,1785477761496205634,74601,1785477761496131033
0,edp_ag0,1785477765088173527,48,1785477765034482095,1785477765034577567,1785477765034482095,2,55,53699277,3,2,expert_dp_param_allgather:pg=1091,1785477765088276844,103317,expert_dp_param_allgather,95472,1887436800,same_rank_dp_ag0,10600,1.0,1785477763366876752,1785477763366972224,53699277,1785477763420671501,103317,1785477763420568184
0,edp_ag0,1785477765088276844,56,1785477765034577567,1785477765034577567,1785477765034482095,2,55,53699277,3,2,expert_dp_param_allgather:pg=1091,1785477765088276844,0,expert_dp_param_allgather,0,1887436800,same_rank_dp_ag0,59841,1.0,1785477763366972224,1785477763366972224,53699277,1785477763420671501,0,1785477763420671501
0,edp_ag0,1785477765096396615,49,1785477765034493141,1785477765034523347,1785477765034493141,2,55,61929959,3,2,expert_dp_param_allgather:pg=1093,1785477765096453306,56691,expert_dp_param_allgather,30206,1887436800,same_rank_dp_ag0,10520,1.0,1785477763366887798,1785477763366918004,61929959,1785477763428847963,56691,1785477763428791272
0,edp_ag0,1785477765096453306,57,1785477765034523347,1785477765034523347,1785477765034493141,2,55,61929959,3,2,expert_dp_param_allgather:pg=1093,1785477765096453306,0,expert_dp_param_allgather,0,1887436800,same_rank_dp_ag0,10560,1.0,1785477763366918004,1785477763366918004,61929959,1785477763428847963,0,1785477763428847963
0,edp_ag0,1785477765088371023,50,1785477765034533717,1785477765034533717,1785477765034512806,2,55,53847102,3,2,expert_dp_param_allgather:pg=1095,1785477765088380819,9796,expert_dp_param_allgather,0,1887436800,same_rank_dp_ag0,47400,1.0,1785477763366928374,1785477763366928374,53847102,1785477763420775476,9796,1785477763420765680
0,edp_ag0,1785477765088380819,58,1785477765034512806,1785477765034533717,1785477765034512806,2,55,53847102,3,2,expert_dp_param_allgather:pg=1095,1785477765088380819,0,expert_dp_param_allgather,20911,1887436800,same_rank_dp_ag0,46360,1.0,1785477763366907463,1785477763366928374,53847102,1785477763420775476,0,1785477763420775476
0,edp_ag0,1785477765088361463,51,1785477765034513750,1785477765034527031,1785477765034513750,2,55,53834432,3,2,expert_dp_param_allgather:pg=1097,1785477765088361463,0,expert_dp_param_allgather,13281,1887436800,same_rank_dp_ag0,38760,1.0,1785477763366908407,1785477763366921688,53834432,1785477763420756120,0,1785477763420756120
0,edp_ag0,1785477765088357483,59,1785477765034527031,1785477765034527031,1785477765034513750,2,55,53834432,3,2,expert_dp_param_allgather:pg=1097,1785477765088361463,3980,expert_dp_param_allgather,0,1887436800,same_rank_dp_ag0,10800,1.0,1785477763366921688,1785477763366921688,53834432,1785477763420756120,3980,1785477763420752140
0,edp_ag0,1785477765088368343,52,1785477765034490814,1785477765034505381,1785477765034490814,2,55,53936593,3,2,expert_dp_param_allgather:pg=1099,1785477765088441974,73631,expert_dp_param_allgather,14567,1887436800,same_rank_dp_ag0,10640,1.0,1785477763366885471,1785477763366900038,53936593,1785477763420836631,73631,1785477763420763000
0,edp_ag0,1785477765088441974,60,1785477765034505381,1785477765034505381,1785477765034490814,2,55,53936593,3,2,expert_dp_param_allgather:pg=1099,1785477765088441974,0,expert_dp_param_allgather,0,1887436800,same_rank_dp_ag0,11200,1.0,1785477763366900038,1785477763366900038,53936593,1785477763420836631,0,1785477763420836631
0,edp_ag0,1785477765096871531,53,1785477765034517109,1785477765034541026,1785477765034517109,2,55,62367868,3,2,expert_dp_param_allgather:pg=1101,1785477765096908894,37363,expert_dp_param_allgather,23917,1887436800,same_rank_dp_ag0,75401,1.0,1785477763366911766,1785477763366935683,62367868,1785477763429303551,37363,1785477763429266188
0,edp_ag0,1785477765096908894,61,1785477765034541026,1785477765034541026,1785477765034517109,2,55,62367868,3,2,expert_dp_param_allgather:pg=1101,1785477765096908894,0,expert_dp_param_allgather,0,1887436800,same_rank_dp_ag0,14840,1.0,1785477763366935683,1785477763366935683,62367868,1785477763429303551,0,1785477763429303551
0,edp_ag0,1785477765088600575,54,1785477765034497827,1785477765034516874,1785477765034497827,2,55,54218803,3,2,expert_dp_param_allgather:pg=1103,1785477765088735677,135102,expert_dp_param_allgather,19047,1887436800,same_rank_dp_ag0,10500,1.0,1785477763366892484,1785477763366911531,54218803,1785477763421130334,135102,1785477763420995232
0,edp_ag0,1785477765088735677,62,1785477765034516874,1785477765034516874,1785477765034497827,2,55,54218803,3,2,expert_dp_param_allgather:pg=1103,1785477765088735677,0,expert_dp_param_allgather,0,1887436800,same_rank_dp_ag0,60960,1.0,1785477763366911531,1785477763366911531,54218803,1785477763421130334,0,1785477763421130334
0,edp_ag0,1785477765088020292,55,1785477765034497624,1785477765034497624,1785477765034482734,2,55,53555862,3,2,expert_dp_param_allgather:pg=1105,1785477765088053486,33194,expert_dp_param_allgather,0,1887436800,same_rank_dp_ag0,14721,1.0,1785477763366892281,1785477763366892281,53555862,1785477763420448143,33194,1785477763420414949
0,edp_ag0,1785477765088053486,63,1785477765034482734,1785477765034497624,1785477765034482734,2,55,53555862,3,2,expert_dp_param_allgather:pg=1105,1785477765088053486,0,expert_dp_param_allgather,14890,1887436800,same_rank_dp_ag0,10920,1.0,1785477763366877391,1785477763366892281,53555862,1785477763420448143,0,1785477763420448143
1,edp_ag1,1785477765244548994,48,1785477765192042999,1785477765192131235,1785477765192042999,2,55,52525356,3,2,expert_dp_param_allgather:pg=1091,1785477765244656591,107597,expert_dp_param_allgather,88236,1887436800,same_rank_dp_ag1,35080,1.0,1785477763524437656,1785477763524525892,52525356,1785477763577051248,107597,1785477763576943651
1,edp_ag1,1785477765244656591,56,1785477765192131235,1785477765192131235,1785477765192042999,2,55,52525356,3,2,expert_dp_param_allgather:pg=1091,1785477765244656591,0,expert_dp_param_allgather,0,1887436800,same_rank_dp_ag1,61720,1.0,1785477763524525892,1785477763524525892,52525356,1785477763577051248,0,1785477763577051248
1,edp_ag1,1785477765253871520,49,1785477765192030231,1785477765192061923,1785477765192030231,2,55,61845159,3,2,expert_dp_param_allgather:pg=1093,1785477765253907082,35562,expert_dp_param_allgather,31692,1887436800,same_rank_dp_ag1,10720,1.0,1785477763524424888,1785477763524456580,61845159,1785477763586301739,35562,1785477763586266177
1,edp_ag1,1785477765253907082,57,1785477765192061923,1785477765192061923,1785477765192030231,2,55,61845159,3,2,expert_dp_param_allgather:pg=1093,1785477765253907082,0,expert_dp_param_allgather,0,1887436800,same_rank_dp_ag1,20480,1.0,1785477763524456580,1785477763524456580,61845159,1785477763586301739,0,1785477763586301739
1,edp_ag1,1785477765244968300,50,1785477765192019914,1785477765192105343,1785477765192019914,2,55,52957848,3,2,expert_dp_param_allgather:pg=1095,1785477765245063191,94891,expert_dp_param_allgather,85429,1887436800,same_rank_dp_ag1,14040,1.0,1785477763524414571,1785477763524500000,52957848,1785477763577457848,94891,1785477763577362957
1,edp_ag1,1785477765245063191,58,1785477765192105343,1785477765192105343,1785477765192019914,2,55,52957848,3,2,expert_dp_param_allgather:pg=1095,1785477765245063191,0,expert_dp_param_allgather,0,1887436800,same_rank_dp_ag1,33800,1.0,1785477763524500000,1785477763524500000,52957848,1785477763577457848,0,1785477763577457848
1,edp_ag1,1785477765244312905,51,1785477765192035317,1785477765192046203,1785477765192035317,2,55,52266702,3,2,expert_dp_param_allgather:pg=1097,1785477765244312905,0,expert_dp_param_allgather,10886,1887436800,same_rank_dp_ag1,12120,1.0,1785477763524429974,1785477763524440860,52266702,1785477763576707562,0,1785477763576707562
1,edp_ag1,1785477765244307325,59,1785477765192046203,1785477765192046203,1785477765192035317,2,55,52266702,3,2,expert_dp_param_allgather:pg=1097,1785477765244312905,5580,expert_dp_param_allgather,0,1887436800,same_rank_dp_ag1,12040,1.0,1785477763524440860,1785477763524440860,52266702,1785477763576707562,5580,1785477763576701982
1,edp_ag1,1785477765246151996,52,1785477765192002670,1785477765192057908,1785477765192002670,2,55,54127914,3,2,expert_dp_param_allgather:pg=1099,1785477765246185822,33826,expert_dp_param_allgather,55238,1887436800,same_rank_dp_ag1,21237,1.0,1785477763524397327,1785477763524452565,54127914,1785477763578580479,33826,1785477763578546653
1,edp_ag1,1785477765246185822,60,1785477765192057908,1785477765192057908,1785477765192002670,2,55,54127914,3,2,expert_dp_param_allgather:pg=1099,1785477765246185822,0,expert_dp_param_allgather,0,1887436800,same_rank_dp_ag1,11160,1.0,1785477763524452565,1785477763524452565,54127914,1785477763578580479,0,1785477763578580479
1,edp_ag1,1785477765253972951,53,1785477765192114489,1785477765192114489,1785477765192080076,2,55,61964376,3,2,expert_dp_param_allgather:pg=1101,1785477765254078865,105914,expert_dp_param_allgather,0,1887436800,same_rank_dp_ag1,99081,1.0,1785477763524509146,1785477763524509146,61964376,1785477763586473522,105914,1785477763586367608
1,edp_ag1,1785477765254078865,61,1785477765192080076,1785477765192114489,1785477765192080076,2,55,61964376,3,2,expert_dp_param_allgather:pg=1101,1785477765254078865,0,expert_dp_param_allgather,34413,1887436800,same_rank_dp_ag1,21000,1.0,1785477763524474733,1785477763524509146,61964376,1785477763586473522,0,1785477763586473522
1,edp_ag1,1785477765244158772,54,1785477765192141866,1785477765192141866,1785477765192034649,2,55,52018789,3,2,expert_dp_param_allgather:pg=1103,1785477765244160655,1883,expert_dp_param_allgather,0,1887436800,same_rank_dp_ag1,118720,1.0,1785477763524536523,1785477763524536523,52018789,1785477763576555312,1883,1785477763576553429
1,edp_ag1,1785477765244160655,62,1785477765192034649,1785477765192141866,1785477765192034649,2,55,52018789,3,2,expert_dp_param_allgather:pg=1103,1785477765244160655,0,expert_dp_param_allgather,107217,1887436800,same_rank_dp_ag1,10680,1.0,1785477763524429306,1785477763524536523,52018789,1785477763576555312,0,1785477763576555312
1,edp_ag1,1785477765244096830,55,1785477765192081530,1785477765192081530,1785477765192028772,2,55,52102186,3,2,expert_dp_param_allgather:pg=1105,1785477765244183716,86886,expert_dp_param_allgather,0,1887436800,same_rank_dp_ag1,53480,1.0,1785477763524476187,1785477763524476187,52102186,1785477763576578373,86886,1785477763576491487
1,edp_ag1,1785477765244183716,63,1785477765192028772,1785477765192081530,1785477765192028772,2,55,52102186,3,2,expert_dp_param_allgather:pg=1105,1785477765244183716,0,expert_dp_param_allgather,52758,1887436800,same_rank_dp_ag1,11840,1.0,1785477763524423429,1785477763524476187,52102186,1785477763576578373,0,1785477763576578373
0,edp_rs,1785477763107268657,48,1785477762899480154,1785477762899480154,1785477762898932824,2,55,207884051,3,2,expert_dp_grad_reduce_scatter:pg=1091,1785477763107364205,95548,expert_dp_grad_reduce_scatter,0,7549747200,same_rank_dp_rs,17884757,1.0,1785477761513990503,1785477761513990503,207884051,1785477761721874554,95548,1785477761721779006
0,edp_rs,1785477763107364205,56,1785477762898932824,1785477762899480154,1785477762898932824,2,55,207884051,3,2,expert_dp_grad_reduce_scatter:pg=1091,1785477763107364205,0,expert_dp_grad_reduce_scatter,547330,7549747200,same_rank_dp_rs,17357706,1.0,1785477761513443173,1785477761513990503,207884051,1785477761721874554,0,1785477761721874554
0,edp_rs,1785477763117133972,49,1785477762899309546,1785477762899451553,1785477762899309546,2,55,217788206,3,2,expert_dp_grad_reduce_scatter:pg=1093,1785477763117239759,105787,expert_dp_grad_reduce_scatter,142007,7549747200,same_rank_dp_rs,17716610,1.0,1785477761513819895,1785477761513961902,217788206,1785477761731750108,105787,1785477761731644321
0,edp_rs,1785477763117239759,57,1785477762899451553,1785477762899451553,1785477762899309546,2,55,217788206,3,2,expert_dp_grad_reduce_scatter:pg=1093,1785477763117239759,0,expert_dp_grad_reduce_scatter,0,7549747200,same_rank_dp_rs,17756268,1.0,1785477761513961902,1785477761513961902,217788206,1785477761731750108,0,1785477761731750108
0,edp_rs,1785477763107528151,50,1785477762899354749,1785477762899707959,1785477762899354749,2,55,207899235,3,2,expert_dp_grad_reduce_scatter:pg=1095,1785477763107607194,79043,expert_dp_grad_reduce_scatter,353210,7549747200,same_rank_dp_rs,17744468,1.0,1785477761513865098,1785477761514218308,207899235,1785477761722117543,79043,1785477761722038500
0,edp_rs,1785477763107607194,58,1785477762899707959,1785477762899707959,1785477762899354749,2,55,207899235,3,2,expert_dp_grad_reduce_scatter:pg=1095,1785477763107607194,0,expert_dp_grad_reduce_scatter,0,7549747200,same_rank_dp_rs,18063534,1.0,1785477761514218308,1785477761514218308,207899235,1785477761722117543,0,1785477761722117543
0,edp_rs,1785477763125738154,51,1785477762899512664,1785477762899512664,1785477762899246872,2,55,226358556,3,2,expert_dp_grad_reduce_scatter:pg=1097,1785477763125871220,133066,expert_dp_grad_reduce_scatter,0,7549747200,same_rank_dp_rs,17889732,1.0,1785477761514023013,1785477761514023013,226358556,1785477761740381569,133066,1785477761740248503
0,edp_rs,1785477763125871220,59,1785477762899246872,1785477762899512664,1785477762899246872,2,55,226358556,3,2,expert_dp_grad_reduce_scatter:pg=1097,1785477763125871220,0,expert_dp_grad_reduce_scatter,265792,7549747200,same_rank_dp_rs,17641428,1.0,1785477761513757221,1785477761514023013,226358556,1785477761740381569,0,1785477761740381569
0,edp_rs,1785477763107750073,52,1785477762899428835,1785477762899428835,1785477762899264677,2,55,208459147,3,2,expert_dp_grad_reduce_scatter:pg=1099,1785477763107887982,137909,expert_dp_grad_reduce_scatter,0,7549747200,same_rank_dp_rs,17856520,1.0,1785477761513939184,1785477761513939184,208459147,1785477761722398331,137909,1785477761722260422
0,edp_rs,1785477763107887982,60,1785477762899264677,1785477762899428835,1785477762899264677,2,55,208459147,3,2,expert_dp_grad_reduce_scatter:pg=1099,1785477763107887982,0,expert_dp_grad_reduce_scatter,164158,7549747200,same_rank_dp_rs,17622209,1.0,1785477761513775026,1785477761513939184,208459147,1785477761722398331,0,1785477761722398331
0,edp_rs,1785477763108808672,53,1785477762899553764,1785477762899618726,1785477762899553764,2,55,209255669,3,2,expert_dp_grad_reduce_scatter:pg=1101,1785477763108874395,65723,expert_dp_grad_reduce_scatter,64962,7549747200,same_rank_dp_rs,17973830,1.0,1785477761514064113,1785477761514129075,209255669,1785477761723384744,65723,1785477761723319021
0,edp_rs,1785477763108874395,61,1785477762899618726,1785477762899618726,1785477762899553764,2,55,209255669,3,2,expert_dp_grad_reduce_scatter:pg=1101,1785477763108874395,0,expert_dp_grad_reduce_scatter,0,7549747200,same_rank_dp_rs,18013639,1.0,1785477761514129075,1785477761514129075,209255669,1785477761723384744,0,1785477761723384744
0,edp_rs,1785477763107129846,54,1785477762899239382,1785477762899239382,1785477762899155619,2,55,208008527,3,2,expert_dp_grad_reduce_scatter:pg=1103,1785477763107247909,118063,expert_dp_grad_reduce_scatter,0,7549747200,same_rank_dp_rs,17625980,1.0,1785477761513749731,1785477761513749731,208008527,1785477761721758258,118063,1785477761721640195
0,edp_rs,1785477763107247909,62,1785477762899155619,1785477762899239382,1785477762899155619,2,55,208008527,3,2,expert_dp_grad_reduce_scatter:pg=1103,1785477763107247909,0,expert_dp_grad_reduce_scatter,83763,7549747200,same_rank_dp_rs,17464701,1.0,1785477761513665968,1785477761513749731,208008527,1785477761721758258,0,1785477761721758258
0,edp_rs,1785477763111893217,55,1785477762900035776,1785477762900035776,1785477762899245226,2,55,211979041,3,2,expert_dp_grad_reduce_scatter:pg=1105,1785477763112014817,121600,expert_dp_grad_reduce_scatter,0,7549747200,same_rank_dp_rs,18434984,1.0,1785477761514546125,1785477761514546125,211979041,1785477761726525166,121600,1785477761726403566
0,edp_rs,1785477763112014817,63,1785477762899245226,1785477762900035776,1785477762899245226,2,55,211979041,3,2,expert_dp_grad_reduce_scatter:pg=1105,1785477763112014817,0,expert_dp_grad_reduce_scatter,790550,7549747200,same_rank_dp_rs,17624542,1.0,1785477761513755575,1785477761514546125,211979041,1785477761726525166,0,1785477761726525166
0,dp_ag0,1785477765033770987,64,1785477765025631686,1785477765026338702,1785477765025299355,16,55,7515972,4,16,dp_param_allgather:pg=9,1785477765033854674,83687,dp_param_allgather,707016,98621440,world_rs_done,28955429,1.0,1785477763358026343,1785477763358733359,7515972,1785477763366249331,83687,1785477763366165644
0,dp_ag0,1785477765033852140,65,1785477765025299355,1785477765026338702,1785477765025299355,16,55,7515972,4,16,dp_param_allgather:pg=9,1785477765033854674,2534,dp_param_allgather,1039347,98621440,world_rs_done,28623098,1.0,1785477763357694012,1785477763358733359,7515972,1785477763366249331,2534,1785477763366246797
0,dp_ag0,1785477765033854674,66,1785477765025328818,1785477765026338702,1785477765025299355,16,55,7515972,4,16,dp_param_allgather:pg=9,1785477765033854674,0,dp_param_allgather,1009884,98621440,world_rs_done,28652561,1.0,1785477763357723475,1785477763358733359,7515972,1785477763366249331,0,1785477763366249331
0,dp_ag0,1785477765033801266,67,1785477765025969981,1785477765026338702,1785477765025299355,16,55,7515972,4,16,dp_param_allgather:pg=9,1785477765033854674,53408,dp_param_allgather,368721,98621440,world_rs_done,29293724,1.0,1785477763358364638,1785477763358733359,7515972,1785477763366249331,53408,1785477763366195923
0,dp_ag0,1785477765033852510,68,1785477765025468926,1785477765026338702,1785477765025299355,16,55,7515972,4,16,dp_param_allgather:pg=9,1785477765033854674,2164,dp_param_allgather,869776,98621440,world_rs_done,28792669,1.0,1785477763357863583,1785477763358733359,7515972,1785477763366249331,2164,1785477763366247167
0,dp_ag0,1785477765033776607,69,1785477765025506100,1785477765026338702,1785477765025299355,16,55,7515972,4,16,dp_param_allgather:pg=9,1785477765033854674,78067,dp_param_allgather,832602,98621440,world_rs_done,28829843,1.0,1785477763357900757,1785477763358733359,7515972,1785477763366249331,78067,1785477763366171264
0,dp_ag0,1785477765033844825,70,1785477765025429373,1785477765026338702,1785477765025299355,16,55,7515972,4,16,dp_param_allgather:pg=9,1785477765033854674,9849,dp_param_allgather,909329,98621440,world_rs_done,28753116,1.0,1785477763357824030,1785477763358733359,7515972,1785477763366249331,9849,1785477763366239482
0,dp_ag0,1785477765033849663,71,1785477765026338702,1785477765026338702,1785477765025299355,16,55,7515972,4,16,dp_param_allgather:pg=9,1785477765033854674,5011,dp_param_allgather,0,98621440,world_rs_done,29662445,1.0,1785477763358733359,1785477763358733359,7515972,1785477763366249331,5011,1785477763366244320
0,dp_ag0,1785477765033787720,72,1785477765025448846,1785477765026338702,1785477765025299355,16,55,7515972,4,16,dp_param_allgather:pg=9,1785477765033854674,66954,dp_param_allgather,889856,98621440,world_rs_done,28772589,1.0,1785477763357843503,1785477763358733359,7515972,1785477763366249331,66954,1785477763366182377
0,dp_ag0,1785477765033779075,73,1785477765025813610,1785477765026338702,1785477765025299355,16,55,7515972,4,16,dp_param_allgather:pg=9,1785477765033854674,75599,dp_param_allgather,525092,98621440,world_rs_done,29137353,1.0,1785477763358208267,1785477763358733359,7515972,1785477763366249331,75599,1785477763366173732
0,dp_ag0,1785477765033736319,74,1785477765025632269,1785477765026338702,1785477765025299355,16,55,7515972,4,16,dp_param_allgather:pg=9,1785477765033854674,118355,dp_param_allgather,706433,98621440,world_rs_done,28956012,1.0,1785477763358026926,1785477763358733359,7515972,1785477763366249331,118355,1785477763366130976
0,dp_ag0,1785477765033785257,75,1785477765025752804,1785477765026338702,1785477765025299355,16,55,7515972,4,16,dp_param_allgather:pg=9,1785477765033854674,69417,dp_param_allgather,585898,98621440,world_rs_done,29076547,1.0,1785477763358147461,1785477763358733359,7515972,1785477763366249331,69417,1785477763366179914
0,dp_ag0,1785477765033769086,76,1785477765025508984,1785477765026338702,1785477765025299355,16,55,7515972,4,16,dp_param_allgather:pg=9,1785477765033854674,85588,dp_param_allgather,829718,98621440,world_rs_done,28832727,1.0,1785477763357903641,1785477763358733359,7515972,1785477763366249331,85588,1785477763366163743
0,dp_ag0,1785477765033785088,77,1785477765025601797,1785477765026338702,1785477765025299355,16,55,7515972,4,16,dp_param_allgather:pg=9,1785477765033854674,69586,dp_param_allgather,736905,98621440,world_rs_done,28925540,1.0,1785477763357996454,1785477763358733359,7515972,1785477763366249331,69586,1785477763366179745
0,dp_ag0,1785477765033740968,78,1785477765025727967,1785477765026338702,1785477765025299355,16,55,7515972,4,16,dp_param_allgather:pg=9,1785477765033854674,113706,dp_param_allgather,610735,98621440,world_rs_done,29051710,1.0,1785477763358122624,1785477763358733359,7515972,1785477763366249331,113706,1785477763366135625
0,dp_ag0,1785477765033737543,79,1785477765025827936,1785477765026338702,1785477765025299355,16,55,7515972,4,16,dp_param_allgather:pg=9,1785477765033854674,117131,dp_param_allgather,510766,98621440,world_rs_done,29151679,1.0,1785477763358222593,1785477763358733359,7515972,1785477763366249331,117131,1785477763366132200
1,dp_ag1,1785477765190688775,64,1785477765173563296,1785477765183362497,1785477765173077044,16,55,7365353,4,16,dp_param_allgather:pg=9,1785477765190727850,39075,dp_param_allgather,9799201,98621440,same_rank_edp_ag0,87190394,1.0,1785477763505957953,1785477763515757154,7365353,1785477763523122507,39075,1785477763523083432
1,dp_ag1,1785477765190653659,65,1785477765173231491,1785477765183362497,1785477765173077044,16,55,7365353,4,16,dp_param_allgather:pg=9,1785477765190727850,74191,dp_param_allgather,10131006,98621440,same_rank_edp_ag0,87069039,1.0,1785477763505626148,1785477763515757154,7365353,1785477763523122507,74191,1785477763523048316
1,dp_ag1,1785477765190645017,66,1785477765175060184,1785477765183362497,1785477765173077044,16,55,7365353,4,16,dp_param_allgather:pg=9,1785477765190727850,82833,dp_param_allgather,8302313,98621440,same_rank_edp_ag0,87533105,1.0,1785477763507454841,1785477763515757154,7365353,1785477763523122507,82833,1785477763523039674
1,dp_ag1,1785477765190726698,67,1785477765176304808,1785477765183362497,1785477765173077044,16,55,7365353,4,16,dp_param_allgather:pg=9,1785477765190727850,1152,dp_param_allgather,7057689,98621440,same_rank_edp_ag0,86924222,1.0,1785477763508699465,1785477763515757154,7365353,1785477763523122507,1152,1785477763523121355
1,dp_ag1,1785477765190641818,68,1785477765174717888,1785477765183362497,1785477765173077044,16,55,7365353,4,16,dp_param_allgather:pg=9,1785477765190727850,86032,dp_param_allgather,8644609,98621440,same_rank_edp_ag0,87204278,1.0,1785477763507112545,1785477763515757154,7365353,1785477763523122507,86032,1785477763523036475
1,dp_ag1,1785477765190727850,69,1785477765182589702,1785477765183362497,1785477765173077044,16,55,7365353,4,16,dp_param_allgather:pg=9,1785477765190727850,0,dp_param_allgather,772795,98621440,same_rank_edp_ag0,86732789,1.0,1785477763514984359,1785477763515757154,7365353,1785477763523122507,0,1785477763523122507
1,dp_ag1,1785477765190722301,70,1785477765176088281,1785477765183362497,1785477765173077044,16,55,7365353,4,16,dp_param_allgather:pg=9,1785477765190727850,5549,dp_param_allgather,7274216,98621440,same_rank_edp_ag0,87273860,1.0,1785477763508482938,1785477763515757154,7365353,1785477763523122507,5549,1785477763523116958
1,dp_ag1,1785477765190719930,71,1785477765173077044,1785477765183362497,1785477765173077044,16,55,7365353,4,16,dp_param_allgather:pg=9,1785477765190727850,7920,dp_param_allgather,10285453,98621440,same_rank_edp_ag0,86075012,1.0,1785477763505471701,1785477763515757154,7365353,1785477763523122507,7920,1785477763523114587
1,dp_ag1,1785477765190686168,72,1785477765173854417,1785477765183362497,1785477765173077044,16,55,7365353,4,16,dp_param_allgather:pg=9,1785477765190727850,41682,dp_param_allgather,9508080,98621440,same_rank_edp_ag0,87469865,1.0,1785477763506249074,1785477763515757154,7365353,1785477763523122507,41682,1785477763523080825
1,dp_ag1,1785477765190686313,73,1785477765174677661,1785477765183362497,1785477765173077044,16,55,7365353,4,16,dp_param_allgather:pg=9,1785477765190727850,41537,dp_param_allgather,8684836,98621440,same_rank_edp_ag0,88509012,1.0,1785477763507072318,1785477763515757154,7365353,1785477763523122507,41537,1785477763523080970
1,dp_ag1,1785477765190686953,74,1785477765175690374,1785477765183362497,1785477765173077044,16,55,7365353,4,16,dp_param_allgather:pg=9,1785477765190727850,40897,dp_param_allgather,7672123,98621440,same_rank_edp_ag0,88187709,1.0,1785477763508085031,1785477763515757154,7365353,1785477763523122507,40897,1785477763523081610
1,dp_ag1,1785477765190680929,75,1785477765177330401,1785477765183362497,1785477765173077044,16,55,7365353,4,16,dp_param_allgather:pg=9,1785477765190727850,46921,dp_param_allgather,6032096,98621440,same_rank_edp_ag0,87965379,1.0,1785477763509725058,1785477763515757154,7365353,1785477763523122507,46921,1785477763523075586
1,dp_ag1,1785477765190684817,76,1785477765175179662,1785477765183362497,1785477765173077044,16,55,7365353,4,16,dp_param_allgather:pg=9,1785477765190727850,43033,dp_param_allgather,8182835,98621440,same_rank_edp_ag0,87797176,1.0,1785477763507574319,1785477763515757154,7365353,1785477763523122507,43033,1785477763523079474
1,dp_ag1,1785477765190694182,77,1785477765183362497,1785477765183362497,1785477765173077044,16,55,7365353,4,16,dp_param_allgather:pg=9,1785477765190727850,33668,dp_param_allgather,0,98621440,same_rank_edp_ag0,87492984,1.0,1785477763515757154,1785477763515757154,7365353,1785477763523122507,33668,1785477763523088839
1,dp_ag1,1785477765190605590,78,1785477765176718708,1785477765183362497,1785477765173077044,16,55,7365353,4,16,dp_param_allgather:pg=9,1785477765190727850,122260,dp_param_allgather,6643789,98621440,same_rank_edp_ag0,87979852,1.0,1785477763509113365,1785477763515757154,7365353,1785477763523122507,122260,1785477763523000247
1,dp_ag1,1785477765190696510,79,1785477765173419880,1785477765183362497,1785477765173077044,16,55,7365353,4,16,dp_param_allgather:pg=9,1785477765190727850,31340,dp_param_allgather,9942617,98621440,same_rank_edp_ag0,86508312,1.0,1785477763505814537,1785477763515757154,7365353,1785477763523122507,31340,1785477763523091167
0,dp_rs,1785477762090748803,64,1785477761918737806,1785477762075080914,1785477761918236118,16,55,15684063,4,16,dp_grad_reduce_scatter:pg=9,1785477762090764977,16174,dp_grad_reduce_scatter,156343108,3155886080,pp_frontier,0,1.0,1785477760580861780,1785477760782395035,15684063,1785477760798079098,16174,1785477760798062924
0,dp_rs,1785477762090663648,65,1785477761918543286,1785477762075080914,1785477761918236118,16,55,15684063,4,16,dp_grad_reduce_scatter:pg=9,1785477762090764977,101329,dp_grad_reduce_scatter,156537628,3155886080,pp_frontier,0,1.0,1785477760576508238,1785477760782395035,15684063,1785477760798079098,101329,1785477760797977769
0,dp_rs,1785477762090627726,66,1785477761918511228,1785477762075080914,1785477761918236118,16,55,15684063,4,16,dp_grad_reduce_scatter:pg=9,1785477762090764977,137251,dp_grad_reduce_scatter,156569686,3155886080,pp_frontier,0,1.0,1785477760586163760,1785477760782395035,15684063,1785477760798079098,137251,1785477760797941847
0,dp_rs,1785477762090695275,67,1785477761918891866,1785477762075080914,1785477761918236118,16,55,15684063,4,16,dp_grad_reduce_scatter:pg=9,1785477762090764977,69702,dp_grad_reduce_scatter,156189048,3155886080,pp_frontier,0,1.0,1785477760584127434,1785477760782395035,15684063,1785477760798079098,69702,1785477760798009396
0,dp_rs,1785477762090679047,68,1785477761918360591,1785477762075080914,1785477761918236118,16,55,15684063,4,16,dp_grad_reduce_scatter:pg=9,1785477762090764977,85930,dp_grad_reduce_scatter,156720323,3155886080,pp_frontier,0,1.0,1785477760587768898,1785477760782395035,15684063,1785477760798079098,85930,1785477760797993168
0,dp_rs,1785477762090731289,69,1785477761918236118,1785477762075080914,1785477761918236118,16,55,15684063,4,16,dp_grad_reduce_scatter:pg=9,1785477762090764977,33688,dp_grad_reduce_scatter,156844796,3155886080,pp_frontier,0,1.0,1785477760589192238,1785477760782395035,15684063,1785477760798079098,33688,1785477760798045410
0,dp_rs,1785477762090639220,70,1785477761920085473,1785477762075080914,1785477761918236118,16,55,15684063,4,16,dp_grad_reduce_scatter:pg=9,1785477762090764977,125757,dp_grad_reduce_scatter,154995441,3155886080,pp_frontier,0,1.0,1785477760585124474,1785477760782395035,15684063,1785477760798079098,125757,1785477760797953341
0,dp_rs,1785477762090764977,71,1785477761919784541,1785477762075080914,1785477761918236118,16,55,15684063,4,16,dp_grad_reduce_scatter:pg=9,1785477762090764977,0,dp_grad_reduce_scatter,155296373,3155886080,pp_frontier,0,1.0,1785477760581065906,1785477760782395035,15684063,1785477760798079098,0,1785477760798079098
0,dp_rs,1785477762090727613,72,1785477762075080914,1785477762075080914,1785477761918236118,16,55,15684063,4,16,dp_grad_reduce_scatter:pg=9,1785477762090764977,37364,dp_grad_reduce_scatter,0,3155886080,pp_frontier,0,1.0,1785477760758222878,1785477760782395035,15684063,1785477760798079098,37364,1785477760798041734
0,dp_rs,1785477762090741548,73,1785477762074882617,1785477762075080914,1785477761918236118,16,55,15684063,4,16,dp_grad_reduce_scatter:pg=9,1785477762090764977,23429,dp_grad_reduce_scatter,198297,3155886080,pp_frontier,0,1.0,1785477760778561854,1785477760782395035,15684063,1785477760798079098,23429,1785477760798055669
0,dp_rs,1785477762090745600,74,1785477762074427238,1785477762075080914,1785477761918236118,16,55,15684063,4,16,dp_grad_reduce_scatter:pg=9,1785477762090764977,19377,dp_grad_reduce_scatter,653676,3155886080,pp_frontier,0,1.0,1785477760780642019,1785477760782395035,15684063,1785477760798079098,19377,1785477760798059721
0,dp_rs,1785477762090687990,75,1785477762074192120,1785477762075080914,1785477761918236118,16,55,15684063,4,16,dp_grad_reduce_scatter:pg=9,1785477762090764977,76987,dp_grad_reduce_scatter,888794,3155886080,pp_frontier,0,1.0,1785477760781288715,1785477760782395035,15684063,1785477760798079098,76987,1785477760798002111
0,dp_rs,1785477762090620708,76,1785477762074724190,1785477762075080914,1785477761918236118,16,55,15684063,4,16,dp_grad_reduce_scatter:pg=9,1785477762090764977,144269,dp_grad_reduce_scatter,356724,3155886080,pp_frontier,0,1.0,1785477760781023313,1785477760782395035,15684063,1785477760798079098,144269,1785477760797934829
0,dp_rs,1785477762090637684,77,1785477762074364583,1785477762075080914,1785477761918236118,16,55,15684063,4,16,dp_grad_reduce_scatter:pg=9,1785477762090764977,127293,dp_grad_reduce_scatter,716331,3155886080,pp_frontier,0,1.0,1785477760782395035,1785477760782395035,15684063,1785477760798079098,127293,1785477760797951805
0,dp_rs,1785477762090701054,78,1785477762074523852,1785477762075080914,1785477761918236118,16,55,15684063,4,16,dp_grad_reduce_scatter:pg=9,1785477762090764977,63923,dp_grad_reduce_scatter,557062,3155886080,pp_frontier,0,1.0,1785477760773228132,1785477760782395035,15684063,1785477760798079098,63923,1785477760798015175
0,dp_rs,1785477762090649151,79,1785477762074855817,1785477762075080914,1785477761918236118,16,55,15684063,4,16,dp_grad_reduce_scatter:pg=9,1785477762090764977,115826,dp_grad_reduce_scatter,225097,3155886080,pp_frontier,0,1.0,1785477760771995937,1785477760782395035,15684063,1785477760798079098,115826,1785477760797963272
0,edp_ag0,1785477765086372902,64,1785477765033856786,1785477765033856786,1785477765033798280,2,55,52527766,4,2,expert_dp_param_allgather:pg=1107,1785477765086384552,11650,expert_dp_param_allgather,0,1887436800,same_rank_dp_ag0,85799,1.0,1785477763366251443,1785477763366251443,52527766,1785477763418779209,11650,1785477763418767559
0,edp_ag0,1785477765086384552,72,1785477765033798280,1785477765033856786,1785477765033798280,2,55,52527766,4,2,expert_dp_param_allgather:pg=1107,1785477765086384552,0,expert_dp_param_allgather,58506,1887436800,same_rank_dp_ag0,10560,1.0,1785477763366192937,1785477763366251443,52527766,1785477763418779209,0,1785477763418779209
0,edp_ag0,1785477765086162452,65,1785477765033862468,1785477765033862468,1785477765033790316,2,55,52306181,4,2,expert_dp_param_allgather:pg=1109,1785477765086168649,6197,expert_dp_param_allgather,0,1887436800,same_rank_dp_ag0,10328,1.0,1785477763366257125,1785477763366257125,52306181,1785477763418563306,6197,1785477763418557109
0,edp_ag0,1785477765086168649,73,1785477765033790316,1785477765033862468,1785477765033790316,2,55,52306181,4,2,expert_dp_param_allgather:pg=1109,1785477765086168649,0,expert_dp_param_allgather,72152,1887436800,same_rank_dp_ag0,11241,1.0,1785477763366184973,1785477763366257125,52306181,1785477763418563306,0,1785477763418563306
0,edp_ag0,1785477765087527079,66,1785477765033867806,1785477765033867806,1785477765033773879,2,55,53659273,4,2,expert_dp_param_allgather:pg=1111,1785477765087527079,0,expert_dp_param_allgather,0,1887436800,same_rank_dp_ag0,13132,1.0,1785477763366262463,1785477763366262463,53659273,1785477763419921736,0,1785477763419921736
0,edp_ag0,1785477765087502665,74,1785477765033773879,1785477765033867806,1785477765033773879,2,55,53659273,4,2,expert_dp_param_allgather:pg=1111,1785477765087527079,24414,expert_dp_param_allgather,93927,1887436800,same_rank_dp_ag0,37560,1.0,1785477763366168536,1785477763366262463,53659273,1785477763419921736,24414,1785477763419897322
0,edp_ag0,1785477765089380586,67,1785477765033812266,1785477765033841897,1785477765033812266,2,55,55538689,4,2,expert_dp_param_allgather:pg=1113,1785477765089380586,0,expert_dp_param_allgather,29631,1887436800,same_rank_dp_ag0,11000,1.0,1785477763366206923,1785477763366236554,55538689,1785477763421775243,0,1785477763421775243
0,edp_ag0,1785477765089365022,75,1785477765033841897,1785477765033841897,1785477765033812266,2,55,55538689,4,2,expert_dp_param_allgather:pg=1113,1785477765089380586,15564,expert_dp_param_allgather,0,1887436800,same_rank_dp_ag0,56640,1.0,1785477763366236554,1785477763366236554,55538689,1785477763421775243,15564,1785477763421759679
0,edp_ag0,1785477765087513610,68,1785477765033911470,1785477765033911470,1785477765033779286,2,55,53602140,4,2,expert_dp_param_allgather:pg=1115,1785477765087513610,0,expert_dp_param_allgather,0,1887436800,same_rank_dp_ag0,58960,1.0,1785477763366306127,1785477763366306127,53602140,1785477763419908267,0,1785477763419908267
0,edp_ag0,1785477765087382486,76,1785477765033779286,1785477765033911470,1785477765033779286,2,55,53602140,4,2,expert_dp_param_allgather:pg=1115,1785477765087513610,131124,expert_dp_param_allgather,132184,1887436800,same_rank_dp_ag0,10200,1.0,1785477763366173943,1785477763366306127,53602140,1785477763419908267,131124,1785477763419777143
0,edp_ag0,1785477765095856913,69,1785477765033788567,1785477765033798408,1785477765033788567,2,55,62071105,4,2,expert_dp_param_allgather:pg=1117,1785477765095869513,12600,expert_dp_param_allgather,9841,1887436800,same_rank_dp_ag0,11960,1.0,1785477763366183224,1785477763366193065,62071105,1785477763428264170,12600,1785477763428251570
0,edp_ag0,1785477765095869513,77,1785477765033798408,1785477765033798408,1785477765033788567,2,55,62071105,4,2,expert_dp_param_allgather:pg=1117,1785477765095869513,0,expert_dp_param_allgather,0,1887436800,same_rank_dp_ag0,13320,1.0,1785477763366193065,1785477763366193065,62071105,1785477763428264170,0,1785477763428264170
0,edp_ag0,1785477765088814421,70,1785477765033868465,1785477765033868465,1785477765033753408,2,55,54945956,4,2,expert_dp_param_allgather:pg=1119,1785477765088814421,0,expert_dp_param_allgather,0,1887436800,same_rank_dp_ag0,23640,1.0,1785477763366263122,1785477763366263122,54945956,1785477763421209078,0,1785477763421209078
0,edp_ag0,1785477765088738856,78,1785477765033753408,1785477765033868465,1785477765033753408,2,55,54945956,4,2,expert_dp_param_allgather:pg=1119,1785477765088814421,75565,expert_dp_param_allgather,115057,1887436800,same_rank_dp_ag0,12440,1.0,1785477763366148065,1785477763366263122,54945956,1785477763421209078,75565,1785477763421133513
0,edp_ag0,1785477765087002032,71,1785477765033863423,1785477765033863423,1785477765033750783,2,55,53138609,4,2,expert_dp_param_allgather:pg=1121,1785477765087002032,0,expert_dp_param_allgather,0,1887436800,same_rank_dp_ag0,13760,1.0,1785477763366258080,1785477763366258080,53138609,1785477763419396689,0,1785477763419396689
0,edp_ag0,1785477765086911568,79,1785477765033750783,1785477765033863423,1785477765033750783,2,55,53138609,4,2,expert_dp_param_allgather:pg=1121,1785477765087002032,90464,expert_dp_param_allgather,112640,1887436800,same_rank_dp_ag0,13240,1.0,1785477763366145440,1785477763366258080,53138609,1785477763419396689,90464,1785477763419306225
1,edp_ag1,1785477765244436368,64,1785477765190700095,1785477765190724128,1785477765190700095,2,55,53712240,4,2,expert_dp_param_allgather:pg=1107,1785477765244436368,0,expert_dp_param_allgather,24033,1887436800,same_rank_dp_ag1,11320,1.0,1785477763523094752,1785477763523118785,53712240,1785477763576831025,0,1785477763576831025
1,edp_ag1,1785477765244374369,72,1785477765190724128,1785477765190724128,1785477765190700095,2,55,53712240,4,2,expert_dp_param_allgather:pg=1107,1785477765244436368,61999,expert_dp_param_allgather,0,1887436800,same_rank_dp_ag1,37960,1.0,1785477763523118785,1785477763523118785,53712240,1785477763576831025,61999,1785477763576769026
1,edp_ag1,1785477765244386760,65,1785477765190714579,1785477765190714579,1785477765190709691,2,55,53672181,4,2,expert_dp_param_allgather:pg=1109,1785477765244386760,0,expert_dp_param_allgather,0,1887436800,same_rank_dp_ag1,60920,1.0,1785477763523109236,1785477763523109236,53672181,1785477763576781417,0,1785477763576781417
1,edp_ag1,1785477765244365443,73,1785477765190709691,1785477765190714579,1785477765190709691,2,55,53672181,4,2,expert_dp_param_allgather:pg=1109,1785477765244386760,21317,expert_dp_param_allgather,4888,1887436800,same_rank_dp_ag1,23378,1.0,1785477763523104348,1785477763523109236,53672181,1785477763576781417,21317,1785477763576760100
1,edp_ag1,1785477765242616647,66,1785477765190679177,1785477765190697593,1785477765190679177,2,55,51919054,4,2,expert_dp_param_allgather:pg=1111,1785477765242616647,0,expert_dp_param_allgather,18416,1887436800,same_rank_dp_ag1,34160,1.0,1785477763523073834,1785477763523092250,51919054,1785477763575011304,0,1785477763575011304
1,edp_ag1,1785477765242584657,74,1785477765190697593,1785477765190697593,1785477765190679177,2,55,51919054,4,2,expert_dp_param_allgather:pg=1111,1785477765242616647,31990,expert_dp_param_allgather,0,1887436800,same_rank_dp_ag1,10640,1.0,1785477763523092250,1785477763523092250,51919054,1785477763575011304,31990,1785477763574979314
1,edp_ag1,1785477765244374016,67,1785477765190738938,1785477765190738938,1785477765190691489,2,55,53666704,4,2,expert_dp_param_allgather:pg=1113,1785477765244405642,31626,expert_dp_param_allgather,0,1887436800,same_rank_dp_ag1,12240,1.0,1785477763523133595,1785477763523133595,53666704,1785477763576800299,31626,1785477763576768673
1,edp_ag1,1785477765244405642,75,1785477765190691489,1785477765190738938,1785477765190691489,2,55,53666704,4,2,expert_dp_param_allgather:pg=1113,1785477765244405642,0,expert_dp_param_allgather,47449,1887436800,same_rank_dp_ag1,10560,1.0,1785477763523086146,1785477763523133595,53666704,1785477763576800299,0,1785477763576800299
1,edp_ag1,1785477765244161159,68,1785477765190652818,1785477765190706418,1785477765190652818,2,55,53454741,4,2,expert_dp_param_allgather:pg=1115,1785477765244161159,0,expert_dp_param_allgather,53600,1887436800,same_rank_dp_ag1,11000,1.0,1785477763523047475,1785477763523101075,53454741,1785477763576555816,0,1785477763576555816
1,edp_ag1,1785477765244074416,76,1785477765190706418,1785477765190706418,1785477765190652818,2,55,53454741,4,2,expert_dp_param_allgather:pg=1115,1785477765244161159,86743,expert_dp_param_allgather,0,1887436800,same_rank_dp_ag1,21601,1.0,1785477763523101075,1785477763523101075,53454741,1785477763576555816,86743,1785477763576469073
1,edp_ag1,1785477765242691852,69,1785477765190738610,1785477765190738610,1785477765190706223,2,55,51963615,4,2,expert_dp_param_allgather:pg=1117,1785477765242702225,10373,expert_dp_param_allgather,0,1887436800,same_rank_dp_ag1,10760,1.0,1785477763523133267,1785477763523133267,51963615,1785477763575096882,10373,1785477763575086509
1,edp_ag1,1785477765242702225,77,1785477765190706223,1785477765190738610,1785477765190706223,2,55,51963615,4,2,expert_dp_param_allgather:pg=1117,1785477765242702225,0,expert_dp_param_allgather,32387,1887436800,same_rank_dp_ag1,12041,1.0,1785477763523100880,1785477763523133267,51963615,1785477763575096882,0,1785477763575096882
1,edp_ag1,1785477765243567652,70,1785477765190732941,1785477765190732941,1785477765190616350,2,55,52834711,4,2,expert_dp_param_allgather:pg=1119,1785477765243567652,0,expert_dp_param_allgather,0,1887436800,same_rank_dp_ag1,10640,1.0,1785477763523127598,1785477763523127598,52834711,1785477763575962309,0,1785477763575962309
1,edp_ag1,1785477765243514598,78,1785477765190616350,1785477765190732941,1785477765190616350,2,55,52834711,4,2,expert_dp_param_allgather:pg=1119,1785477765243567652,53054,expert_dp_param_allgather,116591,1887436800,same_rank_dp_ag1,10760,1.0,1785477763523011007,1785477763523127598,52834711,1785477763575962309,53054,1785477763575909255
1,edp_ag1,1785477765241686664,71,1785477765190731170,1785477765190731170,1785477765190707350,2,55,50966661,4,2,expert_dp_param_allgather:pg=1121,1785477765241697831,11167,expert_dp_param_allgather,0,1887436800,same_rank_dp_ag1,11240,1.0,1785477763523125827,1785477763523125827,50966661,1785477763574092488,11167,1785477763574081321
1,edp_ag1,1785477765241697831,79,1785477765190707350,1785477765190731170,1785477765190707350,2,55,50966661,4,2,expert_dp_param_allgather:pg=1121,1785477765241697831,0,expert_dp_param_allgather,23820,1887436800,same_rank_dp_ag1,10840,1.0,1785477763523102007,1785477763523125827,50966661,1785477763574092488,0,1785477763574092488
0,edp_rs,1785477762312615963,64,1785477762108154642,1785477762108154642,1785477762108108410,2,55,204461321,4,2,expert_dp_grad_reduce_scatter:pg=1107,1785477762312615963,0,expert_dp_grad_reduce_scatter,0,7549747200,same_rank_dp_rs,17405839,1.0,1785477760815468763,1785477760815468763,204461321,1785477761019930084,0,1785477761019930084
0,edp_rs,1785477762312556711,72,1785477762108108410,1785477762108154642,1785477762108108410,2,55,204461321,4,2,expert_dp_grad_reduce_scatter:pg=1107,1785477762312615963,59252,expert_dp_grad_reduce_scatter,46232,7549747200,same_rank_dp_rs,17380797,1.0,1785477760815422531,1785477760815468763,204461321,1785477761019930084,59252,1785477761019870832
0,edp_rs,1785477762299242910,65,1785477762107990460,1785477762108440984,1785477762107990460,2,55,190801926,4,2,expert_dp_grad_reduce_scatter:pg=1109,1785477762299242910,0,expert_dp_grad_reduce_scatter,450524,7549747200,same_rank_dp_rs,17326812,1.0,1785477760815304581,1785477760815755105,190801926,1785477761006557031,0,1785477761006557031
0,edp_rs,1785477762299117562,73,1785477762108440984,1785477762108440984,1785477762107990460,2,55,190801926,4,2,expert_dp_grad_reduce_scatter:pg=1109,1785477762299242910,125348,expert_dp_grad_reduce_scatter,0,7549747200,same_rank_dp_rs,17699436,1.0,1785477760815755105,1785477760815755105,190801926,1785477761006557031,125348,1785477761006431683
0,edp_rs,1785477762315656728,66,1785477762107958400,1785477762108347216,1785477762107958400,2,55,207309512,4,2,expert_dp_grad_reduce_scatter:pg=1111,1785477762315656728,0,expert_dp_grad_reduce_scatter,388816,7549747200,same_rank_dp_rs,17330674,1.0,1785477760815272521,1785477760815661337,207309512,1785477761022970849,0,1785477761022970849
0,edp_rs,1785477762315545356,74,1785477762108347216,1785477762108347216,1785477762107958400,2,55,207309512,4,2,expert_dp_grad_reduce_scatter:pg=1111,1785477762315656728,111372,expert_dp_grad_reduce_scatter,0,7549747200,same_rank_dp_rs,17601616,1.0,1785477760815661337,1785477760815661337,207309512,1785477761022970849,111372,1785477761022859477
0,edp_rs,1785477762316070135,67,1785477762108247255,1785477762110150440,1785477762108247255,2,55,205919695,4,2,expert_dp_grad_reduce_scatter:pg=1113,1785477762316070135,0,expert_dp_grad_reduce_scatter,1903185,7549747200,same_rank_dp_rs,17551980,1.0,1785477760815561376,1785477760817464561,205919695,1785477761023384256,0,1785477761023384256
0,edp_rs,1785477762315943546,75,1785477762110150440,1785477762110150440,1785477762108247255,2,55,205919695,4,2,expert_dp_grad_reduce_scatter:pg=1113,1785477762316070135,126589,expert_dp_grad_reduce_scatter,0,7549747200,same_rank_dp_rs,19462450,1.0,1785477760817464561,1785477760817464561,205919695,1785477761023384256,126589,1785477761023257667
0,edp_rs,1785477762322375084,68,1785477762108292724,1785477762108292724,1785477762108224454,2,55,214082360,4,2,expert_dp_grad_reduce_scatter:pg=1115,1785477762322375084,0,expert_dp_grad_reduce_scatter,0,7549747200,same_rank_dp_rs,17613677,1.0,1785477760815606845,1785477760815606845,214082360,1785477761029689205,0,1785477761029689205
0,edp_rs,1785477762322277866,76,1785477762108224454,1785477762108292724,1785477762108224454,2,55,214082360,4,2,expert_dp_grad_reduce_scatter:pg=1115,1785477762322375084,97218,expert_dp_grad_reduce_scatter,68270,7549747200,same_rank_dp_rs,17603746,1.0,1785477760815538575,1785477760815606845,214082360,1785477761029689205,97218,1785477761029591987
0,edp_rs,1785477762315897890,69,1785477762108109763,1785477762108339156,1785477762108109763,2,55,207587252,4,2,expert_dp_grad_reduce_scatter:pg=1117,1785477762315926408,28518,expert_dp_grad_reduce_scatter,229393,7549747200,same_rank_dp_rs,17378474,1.0,1785477760815423884,1785477760815653277,207587252,1785477761023240529,28518,1785477761023212011
0,edp_rs,1785477762315926408,77,1785477762108339156,1785477762108339156,1785477762108109763,2,55,207587252,4,2,expert_dp_grad_reduce_scatter:pg=1117,1785477762315926408,0,expert_dp_grad_reduce_scatter,0,7549747200,same_rank_dp_rs,17701472,1.0,1785477760815653277,1785477760815653277,207587252,1785477761023240529,0,1785477761023240529
0,edp_rs,1785477762298021015,70,1785477762107919443,1785477762108416087,1785477762107919443,2,55,189604928,4,2,expert_dp_grad_reduce_scatter:pg=1119,1785477762298021015,0,expert_dp_grad_reduce_scatter,496644,7549747200,same_rank_dp_rs,17280223,1.0,1785477760815233564,1785477760815730208,189604928,1785477761005335136,0,1785477761005335136
0,edp_rs,1785477762298019545,78,1785477762108416087,1785477762108416087,1785477762107919443,2,55,189604928,4,2,expert_dp_grad_reduce_scatter:pg=1119,1785477762298021015,1470,expert_dp_grad_reduce_scatter,0,7549747200,same_rank_dp_rs,17715033,1.0,1785477760815730208,1785477760815730208,189604928,1785477761005335136,1470,1785477761005333666
0,edp_rs,1785477762328445587,71,1785477762108238101,1785477762108238101,1785477762108204985,2,55,220207486,4,2,expert_dp_grad_reduce_scatter:pg=1121,1785477762328445587,0,expert_dp_grad_reduce_scatter,0,7549747200,same_rank_dp_rs,17473124,1.0,1785477760815552222,1785477760815552222,220207486,1785477761035759708,0,1785477761035759708
0,edp_rs,1785477762328391157,79,1785477762108204985,1785477762108238101,1785477762108204985,2,55,220207486,4,2,expert_dp_grad_reduce_scatter:pg=1121,1785477762328445587,54430,expert_dp_grad_reduce_scatter,33116,7549747200,same_rank_dp_rs,17555834,1.0,1785477760815519106,1785477760815552222,220207486,1785477761035759708,54430,1785477761035705278
0,dp_ag0,1785477765034135271,80,1785477765025243347,1785477765026369266,1785477765025243347,16,55,7821976,5,16,dp_param_allgather:pg=11,1785477765034191242,55971,dp_param_allgather,1125919,98621440,world_rs_done,28567090,1.0,1785477763357638004,1785477763358763923,7821976,1785477763366585899,55971,1785477763366529928
0,dp_ag0,1785477765034123778,81,1785477765025573682,1785477765026369266,1785477765025243347,16,55,7821976,5,16,dp_param_allgather:pg=11,1785477765034191242,67464,dp_param_allgather,795584,98621440,world_rs_done,28897425,1.0,1785477763357968339,1785477763358763923,7821976,1785477763366585899,67464,1785477763366518435
0,dp_ag0,1785477765034082604,82,1785477765025719806,1785477765026369266,1785477765025243347,16,55,7821976,5,16,dp_param_allgather:pg=11,1785477765034191242,108638,dp_param_allgather,649460,98621440,world_rs_done,29043549,1.0,1785477763358114463,1785477763358763923,7821976,1785477763366585899,108638,1785477763366477261
0,dp_ag0,1785477765034132066,83,1785477765026016538,1785477765026369266,1785477765025243347,16,55,7821976,5,16,dp_param_allgather:pg=11,1785477765034191242,59176,dp_param_allgather,352728,98621440,world_rs_done,29340281,1.0,1785477763358411195,1785477763358763923,7821976,1785477763366585899,59176,1785477763366526723
0,dp_ag0,1785477765034117431,84,1785477765025420175,1785477765026369266,1785477765025243347,16,55,7821976,5,16,dp_param_allgather:pg=11,1785477765034191242,73811,dp_param_allgather,949091,98621440,world_rs_done,28743918,1.0,1785477763357814832,1785477763358763923,7821976,1785477763366585899,73811,1785477763366512088
0,dp_ag0,1785477765034118103,85,1785477765025484451,1785477765026369266,1785477765025243347,16,55,7821976,5,16,dp_param_allgather:pg=11,1785477765034191242,73139,dp_param_allgather,884815,98621440,world_rs_done,28808194,1.0,1785477763357879108,1785477763358763923,7821976,1785477763366585899,73139,1785477763366512760
0,dp_ag0,1785477765034080572,86,1785477765025632327,1785477765026369266,1785477765025243347,16,55,7821976,5,16,dp_param_allgather:pg=11,1785477765034191242,110670,dp_param_allgather,736939,98621440,world_rs_done,28956070,1.0,1785477763358026984,1785477763358763923,7821976,1785477763366585899,110670,1785477763366475229
0,dp_ag0,1785477765034083183,87,1785477765026080516,1785477765026369266,1785477765025243347,16,55,7821976,5,16,dp_param_allgather:pg=11,1785477765034191242,108059,dp_param_allgather,288750,98621440,world_rs_done,29404259,1.0,1785477763358475173,1785477763358763923,7821976,1785477763366585899,108059,1785477763366477840
0,dp_ag0,1785477765034165298,88,1785477765025483012,1785477765026369266,1785477765025243347,16,55,7821976,5,16,dp_param_allgather:pg=11,1785477765034191242,25944,dp_param_allgather,886254,98621440,world_rs_done,28806755,1.0,1785477763357877669,1785477763358763923,7821976,1785477763366585899,25944,1785477763366559955
0,dp_ag0,1785477765034191242,89,1785477765026273407,1785477765026369266,1785477765025243347,16,55,7821976,5,16,dp_param_allgather:pg=11,1785477765034191242,0,dp_param_allgather,95859,98621440,world_rs_done,29597150,1.0,1785477763358668064,1785477763358763923,7821976,1785477763366585899,0,1785477763366585899
0,dp_ag0,1785477765034182152,90,1785477765025893179,1785477765026369266,1785477765025243347,16,55,7821976,5,16,dp_param_allgather:pg=11,1785477765034191242,9090,dp_param_allgather,476087,98621440,world_rs_done,29216922,1.0,1785477763358287836,1785477763358763923,7821976,1785477763366585899,9090,1785477763366576809
0,dp_ag0,1785477765034165672,91,1785477765025828333,1785477765026369266,1785477765025243347,16,55,7821976,5,16,dp_param_allgather:pg=11,1785477765034191242,25570,dp_param_allgather,540933,98621440,world_rs_done,29152076,1.0,1785477763358222990,1785477763358763923,7821976,1785477763366585899,25570,1785477763366560329
0,dp_ag0,1785477765034187363,92,1785477765026258707,1785477765026369266,1785477765025243347,16,55,7821976,5,16,dp_param_allgather:pg=11,1785477765034191242,3879,dp_param_allgather,110559,98621440,world_rs_done,29582450,1.0,1785477763358653364,1785477763358763923,7821976,1785477763366585899,3879,1785477763366582020
0,dp_ag0,1785477765034163956,93,1785477765025497867,1785477765026369266,1785477765025243347,16,55,7821976,5,16,dp_param_allgather:pg=11,1785477765034191242,27286,dp_param_allgather,871399,98621440,world_rs_done,28821610,1.0,1785477763357892524,1785477763358763923,7821976,1785477763366585899,27286,1785477763366558613
0,dp_ag0,1785477765034184817,94,1785477765026179792,1785477765026369266,1785477765025243347,16,55,7821976,5,16,dp_param_allgather:pg=11,1785477765034191242,6425,dp_param_allgather,189474,98621440,world_rs_done,29503535,1.0,1785477763358574449,1785477763358763923,7821976,1785477763366585899,6425,1785477763366579474
0,dp_ag0,1785477765034190879,95,1785477765026369266,1785477765026369266,1785477765025243347,16,55,7821976,5,16,dp_param_allgather:pg=11,1785477765034191242,363,dp_param_allgather,0,98621440,world_rs_done,29693009,1.0,1785477763358763923,1785477763358763923,7821976,1785477763366585899,363,1785477763366585536
1,dp_ag1,1785477765187790631,80,1785477765175172805,1785477765180362162,1785477765173296235,16,55,7501902,5,16,dp_param_allgather:pg=11,1785477765187864064,73433,dp_param_allgather,5189357,98621440,same_rank_edp_ag0,87181635,1.0,1785477763507567462,1785477763512756819,7501902,1785477763520258721,73433,1785477763520185288
1,dp_ag1,1785477765187756657,81,1785477765176847848,1785477765180362162,1785477765173296235,16,55,7501902,5,16,dp_param_allgather:pg=11,1785477765187864064,107407,dp_param_allgather,3514314,98621440,same_rank_edp_ag0,87493269,1.0,1785477763509242505,1785477763512756819,7501902,1785477763520258721,107407,1785477763520151314
1,dp_ag1,1785477765187708433,82,1785477765176023875,1785477765180362162,1785477765173296235,16,55,7501902,5,16,dp_param_allgather:pg=11,1785477765187864064,155631,dp_param_allgather,4338287,98621440,same_rank_edp_ag0,88172085,1.0,1785477763508418532,1785477763512756819,7501902,1785477763520258721,155631,1785477763520103090
1,dp_ag1,1785477765187774529,83,1785477765176219976,1785477765180362162,1785477765173296235,16,55,7501902,5,16,dp_param_allgather:pg=11,1785477765187864064,89535,dp_param_allgather,4142186,98621440,same_rank_edp_ag0,87763648,1.0,1785477763508614633,1785477763512756819,7501902,1785477763520258721,89535,1785477763520169186
1,dp_ag1,1785477765187731560,84,1785477765173753213,1785477765180362162,1785477765173296235,16,55,7501902,5,16,dp_param_allgather:pg=11,1785477765187864064,132504,dp_param_allgather,6608949,98621440,same_rank_edp_ag0,87624244,1.0,1785477763506147870,1785477763512756819,7501902,1785477763520258721,132504,1785477763520126217
1,dp_ag1,1785477765187794228,85,1785477765175674355,1785477765180362162,1785477765173296235,16,55,7501902,5,16,dp_param_allgather:pg=11,1785477765187864064,69836,dp_param_allgather,4687807,98621440,same_rank_edp_ag0,87235685,1.0,1785477763508069012,1785477763512756819,7501902,1785477763520258721,69836,1785477763520188885
1,dp_ag1,1785477765187700553,86,1785477765174623327,1785477765180362162,1785477765173296235,16,55,7501902,5,16,dp_param_allgather:pg=11,1785477765187864064,163511,dp_param_allgather,5738835,98621440,same_rank_edp_ag0,87295738,1.0,1785477763507017984,1785477763512756819,7501902,1785477763520258721,163511,1785477763520095210
1,dp_ag1,1785477765187691099,87,1785477765178510147,1785477765180362162,1785477765173296235,16,55,7501902,5,16,dp_param_allgather:pg=11,1785477765187864064,172965,dp_param_allgather,1852015,98621440,same_rank_edp_ag0,86087484,1.0,1785477763510904804,1785477763512756819,7501902,1785477763520258721,172965,1785477763520085756
1,dp_ag1,1785477765187811850,88,1785477765175816081,1785477765180362162,1785477765173296235,16,55,7501902,5,16,dp_param_allgather:pg=11,1785477765187864064,52214,dp_param_allgather,4546081,98621440,same_rank_edp_ag0,87818344,1.0,1785477763508210738,1785477763512756819,7501902,1785477763520258721,52214,1785477763520206507
1,dp_ag1,1785477765187831347,89,1785477765177367422,1785477765180362162,1785477765173296235,16,55,7501902,5,16,dp_param_allgather:pg=11,1785477765187864064,32717,dp_param_allgather,2994740,98621440,same_rank_edp_ag0,88005102,1.0,1785477763509762079,1785477763512756819,7501902,1785477763520258721,32717,1785477763520226004
1,dp_ag1,1785477765187853463,90,1785477765175771365,1785477765180362162,1785477765173296235,16,55,7501902,5,16,dp_param_allgather:pg=11,1785477765187864064,10601,dp_param_allgather,4590797,98621440,same_rank_edp_ag0,87881733,1.0,1785477763508166022,1785477763512756819,7501902,1785477763520258721,10601,1785477763520248120
1,dp_ag1,1785477765187816455,91,1785477765176329550,1785477765180362162,1785477765173296235,16,55,7501902,5,16,dp_param_allgather:pg=11,1785477765187864064,47609,dp_param_allgather,4032612,98621440,same_rank_edp_ag0,87811557,1.0,1785477763508724207,1785477763512756819,7501902,1785477763520258721,47609,1785477763520211112
1,dp_ag1,1785477765187833783,92,1785477765173296235,1785477765180362162,1785477765173296235,16,55,7501902,5,16,dp_param_allgather:pg=11,1785477765187864064,30281,dp_param_allgather,7065927,98621440,same_rank_edp_ag0,87141171,1.0,1785477763505690892,1785477763512756819,7501902,1785477763520258721,30281,1785477763520228440
1,dp_ag1,1785477765187775391,93,1785477765176572460,1785477765180362162,1785477765173296235,16,55,7501902,5,16,dp_param_allgather:pg=11,1785477765187864064,88673,dp_param_allgather,3789702,98621440,same_rank_edp_ag0,88009209,1.0,1785477763508967117,1785477763512756819,7501902,1785477763520258721,88673,1785477763520170048
1,dp_ag1,1785477765187864064,94,1785477765175716466,1785477765180362162,1785477765173296235,16,55,7501902,5,16,dp_param_allgather:pg=11,1785477765187864064,0,dp_param_allgather,4645696,98621440,same_rank_edp_ag0,88283200,1.0,1785477763508111123,1785477763512756819,7501902,1785477763520258721,0,1785477763520258721
1,dp_ag1,1785477765187858614,95,1785477765180362162,1785477765180362162,1785477765173296235,16,55,7501902,5,16,dp_param_allgather:pg=11,1785477765187864064,5450,dp_param_allgather,0,98621440,same_rank_edp_ag0,87860426,1.0,1785477763512756819,1785477763512756819,7501902,1785477763520258721,5450,1785477763520253271
0,dp_rs,1785477761292837528,80,1785477761099146055,1785477761277103348,1785477761095609523,16,55,15795660,5,16,dp_grad_reduce_scatter:pg=11,1785477761292899008,61480,dp_grad_reduce_scatter,177957293,3155886080,pp_frontier,0,1.0,1785477759856617678,1785477760078580039,15795660,1785477760094375699,61480,1785477760094314219
0,dp_rs,1785477761292808267,81,1785477761096977652,1785477761277103348,1785477761095609523,16,55,15795660,5,16,dp_grad_reduce_scatter:pg=11,1785477761292899008,90741,dp_grad_reduce_scatter,180125696,3155886080,pp_frontier,0,1.0,1785477759849684661,1785477760078580039,15795660,1785477760094375699,90741,1785477760094284958
0,dp_rs,1785477761292724544,82,1785477761096308060,1785477761277103348,1785477761095609523,16,55,15795660,5,16,dp_grad_reduce_scatter:pg=11,1785477761292899008,174464,dp_grad_reduce_scatter,180795288,3155886080,pp_frontier,0,1.0,1785477759857446422,1785477760078580039,15795660,1785477760094375699,174464,1785477760094201235
0,dp_rs,1785477761292844424,83,1785477761096860220,1785477761277103348,1785477761095609523,16,55,15795660,5,16,dp_grad_reduce_scatter:pg=11,1785477761292899008,54584,dp_grad_reduce_scatter,180243128,3155886080,pp_frontier,0,1.0,1785477759854432406,1785477760078580039,15795660,1785477760094375699,54584,1785477760094321115
0,dp_rs,1785477761292840122,84,1785477761095825794,1785477761277103348,1785477761095609523,16,55,15795660,5,16,dp_grad_reduce_scatter:pg=11,1785477761292899008,58886,dp_grad_reduce_scatter,181277554,3155886080,pp_frontier,0,1.0,1785477759858708725,1785477760078580039,15795660,1785477760094375699,58886,1785477760094316813
0,dp_rs,1785477761292877873,85,1785477761095609523,1785477761277103348,1785477761095609523,16,55,15795660,5,16,dp_grad_reduce_scatter:pg=11,1785477761292899008,21135,dp_grad_reduce_scatter,181493825,3155886080,pp_frontier,0,1.0,1785477759859895960,1785477760078580039,15795660,1785477760094375699,21135,1785477760094354564
0,dp_rs,1785477761292723863,86,1785477761096248624,1785477761277103348,1785477761095609523,16,55,15795660,5,16,dp_grad_reduce_scatter:pg=11,1785477761292899008,175145,dp_grad_reduce_scatter,180854724,3155886080,pp_frontier,0,1.0,1785477759855521466,1785477760078580039,15795660,1785477760094375699,175145,1785477760094200554
0,dp_rs,1785477761292819663,87,1785477761096867170,1785477761277103348,1785477761095609523,16,55,15795660,5,16,dp_grad_reduce_scatter:pg=11,1785477761292899008,79345,dp_grad_reduce_scatter,180236178,3155886080,pp_frontier,0,1.0,1785477759852100494,1785477760078580039,15795660,1785477760094375699,79345,1785477760094296354
0,dp_rs,1785477761292843331,88,1785477761276804757,1785477761277103348,1785477761095609523,16,55,15795660,5,16,dp_grad_reduce_scatter:pg=11,1785477761292899008,55677,dp_grad_reduce_scatter,298591,3155886080,pp_frontier,0,1.0,1785477760053914682,1785477760078580039,15795660,1785477760094375699,55677,1785477760094320022
0,dp_rs,1785477761292899008,89,1785477761276993300,1785477761277103348,1785477761095609523,16,55,15795660,5,16,dp_grad_reduce_scatter:pg=11,1785477761292899008,0,dp_grad_reduce_scatter,110048,3155886080,pp_frontier,0,1.0,1785477760073299587,1785477760078580039,15795660,1785477760094375699,0,1785477760094375699
0,dp_rs,1785477761292871602,90,1785477761276703618,1785477761277103348,1785477761095609523,16,55,15795660,5,16,dp_grad_reduce_scatter:pg=11,1785477761292899008,27406,dp_grad_reduce_scatter,399730,3155886080,pp_frontier,0,1.0,1785477760076268966,1785477760078580039,15795660,1785477760094375699,27406,1785477760094348293
0,dp_rs,1785477761292843285,91,1785477761276121527,1785477761277103348,1785477761095609523,16,55,15795660,5,16,dp_grad_reduce_scatter:pg=11,1785477761292899008,55723,dp_grad_reduce_scatter,981821,3155886080,pp_frontier,0,1.0,1785477760076596108,1785477760078580039,15795660,1785477760094375699,55723,1785477760094319976
0,dp_rs,1785477761292884378,92,1785477761277103348,1785477761277103348,1785477761095609523,16,55,15795660,5,16,dp_grad_reduce_scatter:pg=11,1785477761292899008,14630,dp_grad_reduce_scatter,0,3155886080,pp_frontier,0,1.0,1785477760077551224,1785477760078580039,15795660,1785477760094375699,14630,1785477760094361069
0,dp_rs,1785477761292847699,93,1785477761276728842,1785477761277103348,1785477761095609523,16,55,15795660,5,16,dp_grad_reduce_scatter:pg=11,1785477761292899008,51309,dp_grad_reduce_scatter,374506,3155886080,pp_frontier,0,1.0,1785477760078580039,1785477760078580039,15795660,1785477760094375699,51309,1785477760094324390
0,dp_rs,1785477761292877510,94,1785477761276907181,1785477761277103348,1785477761095609523,16,55,15795660,5,16,dp_grad_reduce_scatter:pg=11,1785477761292899008,21498,dp_grad_reduce_scatter,196167,3155886080,pp_frontier,0,1.0,1785477760068922112,1785477760078580039,15795660,1785477760094375699,21498,1785477760094354201
0,dp_rs,1785477761292873011,95,1785477761276533306,1785477761277103348,1785477761095609523,16,55,15795660,5,16,dp_grad_reduce_scatter:pg=11,1785477761292899008,25997,dp_grad_reduce_scatter,570042,3155886080,pp_frontier,0,1.0,1785477760067335290,1785477760078580039,15795660,1785477760094375699,25997,1785477760094349702
0,edp_ag0,1785477765087991170,80,1785477765034146191,1785477765034191578,1785477765034146191,2,55,53806159,5,2,expert_dp_param_allgather:pg=1123,1785477765087997737,6567,expert_dp_param_allgather,45387,1887436800,same_rank_dp_ag0,10920,1.0,1785477763366540848,1785477763366586235,53806159,1785477763420392394,6567,1785477763420385827
0,edp_ag0,1785477765087997737,88,1785477765034191578,1785477765034191578,1785477765034146191,2,55,53806159,5,2,expert_dp_param_allgather:pg=1123,1785477765087997737,0,expert_dp_param_allgather,0,1887436800,same_rank_dp_ag0,26280,1.0,1785477763366586235,1785477763366586235,53806159,1785477763420392394,0,1785477763420392394
0,edp_ag0,1785477765089354579,81,1785477765034134858,1785477765034201802,1785477765034134858,2,55,55160518,5,2,expert_dp_param_allgather:pg=1125,1785477765089362320,7741,expert_dp_param_allgather,66944,1887436800,same_rank_dp_ag0,11080,1.0,1785477763366529515,1785477763366596459,55160518,1785477763421756977,7741,1785477763421749236
0,edp_ag0,1785477765089362320,89,1785477765034201802,1785477765034201802,1785477765034134858,2,55,55160518,5,2,expert_dp_param_allgather:pg=1125,1785477765089362320,0,expert_dp_param_allgather,0,1887436800,same_rank_dp_ag0,10560,1.0,1785477763366596459,1785477763366596459,55160518,1785477763421756977,0,1785477763421756977
0,edp_ag0,1785477765087851790,82,1785477765034093364,1785477765034193032,1785477765034093364,2,55,53696600,5,2,expert_dp_param_allgather:pg=1127,1785477765087889632,37842,expert_dp_param_allgather,99668,1887436800,same_rank_dp_ag0,10760,1.0,1785477763366488021,1785477763366587689,53696600,1785477763420284289,37842,1785477763420246447
0,edp_ag0,1785477765087889632,90,1785477765034193032,1785477765034193032,1785477765034093364,2,55,53696600,5,2,expert_dp_param_allgather:pg=1127,1785477765087889632,0,expert_dp_param_allgather,0,1887436800,same_rank_dp_ag0,10880,1.0,1785477763366587689,1785477763366587689,53696600,1785477763420284289,0,1785477763420284289
0,edp_ag0,1785477765088456328,83,1785477765034144466,1785477765034176352,1785477765034144466,2,55,54341641,5,2,expert_dp_param_allgather:pg=1129,1785477765088517993,61665,expert_dp_param_allgather,31886,1887436800,same_rank_dp_ag0,12400,1.0,1785477763366539123,1785477763366571009,54341641,1785477763420912650,61665,1785477763420850985
0,edp_ag0,1785477765088517993,91,1785477765034176352,1785477765034176352,1785477765034144466,2,55,54341641,5,2,expert_dp_param_allgather:pg=1129,1785477765088517993,0,expert_dp_param_allgather,0,1887436800,same_rank_dp_ag0,10680,1.0,1785477763366571009,1785477763366571009,54341641,1785477763420912650,0,1785477763420912650
0,edp_ag0,1785477765086128969,84,1785477765034129391,1785477765034199443,1785477765034129391,2,55,51955621,5,2,expert_dp_param_allgather:pg=1131,1785477765086155064,26095,expert_dp_param_allgather,70052,1887436800,same_rank_dp_ag0,11960,1.0,1785477763366524048,1785477763366594100,51955621,1785477763418549721,26095,1785477763418523626
0,edp_ag0,1785477765086155064,92,1785477765034199443,1785477765034199443,1785477765034129391,2,55,51955621,5,2,expert_dp_param_allgather:pg=1131,1785477765086155064,0,expert_dp_param_allgather,0,1887436800,same_rank_dp_ag0,12080,1.0,1785477763366594100,1785477763366594100,51955621,1785477763418549721,0,1785477763418549721
0,edp_ag0,1785477765088438670,85,1785477765034131183,1785477765034179116,1785477765034131183,2,55,54384135,5,2,expert_dp_param_allgather:pg=1133,1785477765088563251,124581,expert_dp_param_allgather,47933,1887436800,same_rank_dp_ag0,13080,1.0,1785477763366525840,1785477763366573773,54384135,1785477763420957908,124581,1785477763420833327
0,edp_ag0,1785477765088563251,93,1785477765034179116,1785477765034179116,1785477765034131183,2,55,54384135,5,2,expert_dp_param_allgather:pg=1133,1785477765088563251,0,expert_dp_param_allgather,0,1887436800,same_rank_dp_ag0,15160,1.0,1785477763366573773,1785477763366573773,54384135,1785477763420957908,0,1785477763420957908
0,edp_ag0,1785477765087327589,86,1785477765034091292,1785477765034231297,1785477765034091292,2,55,53201969,5,2,expert_dp_param_allgather:pg=1135,1785477765087433266,105677,expert_dp_param_allgather,140005,1887436800,same_rank_dp_ag0,10720,1.0,1785477763366485949,1785477763366625954,53201969,1785477763419827923,105677,1785477763419722246
0,edp_ag0,1785477765087433266,94,1785477765034231297,1785477765034231297,1785477765034091292,2,55,53201969,5,2,expert_dp_param_allgather:pg=1135,1785477765087433266,0,expert_dp_param_allgather,0,1887436800,same_rank_dp_ag0,46480,1.0,1785477763366625954,1785477763366625954,53201969,1785477763419827923,0,1785477763419827923
0,edp_ag0,1785477765092422663,87,1785477765034094144,1785477765034203719,1785477765034094144,2,55,58298017,5,2,expert_dp_param_allgather:pg=1137,1785477765092501736,79073,expert_dp_param_allgather,109575,1887436800,same_rank_dp_ag0,10961,1.0,1785477763366488801,1785477763366598376,58298017,1785477763424896393,79073,1785477763424817320
0,edp_ag0,1785477765092501736,95,1785477765034203719,1785477765034203719,1785477765034094144,2,55,58298017,5,2,expert_dp_param_allgather:pg=1137,1785477765092501736,0,expert_dp_param_allgather,0,1887436800,same_rank_dp_ag0,12840,1.0,1785477763366598376,1785477763366598376,58298017,1785477763424896393,0,1785477763424896393
1,edp_ag1,1785477765241571882,80,1785477765187801791,1785477765187823170,1785477765187801791,2,55,53815399,5,2,expert_dp_param_allgather:pg=1123,1785477765241638569,66687,expert_dp_param_allgather,21379,1887436800,same_rank_dp_ag1,11160,1.0,1785477763520196448,1785477763520217827,53815399,1785477763574033226,66687,1785477763573966539
1,edp_ag1,1785477765241638569,88,1785477765187823170,1785477765187823170,1785477765187801791,2,55,53815399,5,2,expert_dp_param_allgather:pg=1123,1785477765241638569,0,expert_dp_param_allgather,0,1887436800,same_rank_dp_ag1,11320,1.0,1785477763520217827,1785477763520217827,53815399,1785477763574033226,0,1785477763574033226
1,edp_ag1,1785477765240681585,81,1785477765187767857,1785477765187879547,1785477765187767857,2,55,52864389,5,2,expert_dp_param_allgather:pg=1125,1785477765240743936,62351,expert_dp_param_allgather,111690,1887436800,same_rank_dp_ag1,11200,1.0,1785477763520162514,1785477763520274204,52864389,1785477763573138593,62351,1785477763573076242
1,edp_ag1,1785477765240743936,89,1785477765187879547,1785477765187879547,1785477765187767857,2,55,52864389,5,2,expert_dp_param_allgather:pg=1125,1785477765240743936,0,expert_dp_param_allgather,0,1887436800,same_rank_dp_ag1,48200,1.0,1785477763520274204,1785477763520274204,52864389,1785477763573138593,0,1785477763573138593
1,edp_ag1,1785477765242420941,82,1785477765187719393,1785477765187884623,1785477765187719393,2,55,54536318,5,2,expert_dp_param_allgather:pg=1127,1785477765242420941,0,expert_dp_param_allgather,165230,1887436800,same_rank_dp_ag1,10960,1.0,1785477763520114050,1785477763520279280,54536318,1785477763574815598,0,1785477763574815598
1,edp_ag1,1785477765242402985,90,1785477765187884623,1785477765187884623,1785477765187719393,2,55,54536318,5,2,expert_dp_param_allgather:pg=1127,1785477765242420941,17956,expert_dp_param_allgather,0,1887436800,same_rank_dp_ag1,31160,1.0,1785477763520279280,1785477763520279280,54536318,1785477763574815598,17956,1785477763574797642
1,edp_ag1,1785477765241350994,83,1785477765187784969,1785477765187829215,1785477765187784969,2,55,53614960,5,2,expert_dp_param_allgather:pg=1129,1785477765241444175,93181,expert_dp_param_allgather,44246,1887436800,same_rank_dp_ag1,10440,1.0,1785477763520179626,1785477763520223872,53614960,1785477763573838832,93181,1785477763573745651
1,edp_ag1,1785477765241444175,91,1785477765187829215,1785477765187829215,1785477765187784969,2,55,53614960,5,2,expert_dp_param_allgather:pg=1129,1785477765241444175,0,expert_dp_param_allgather,0,1887436800,same_rank_dp_ag1,12760,1.0,1785477763520223872,1785477763520223872,53614960,1785477763573838832,0,1785477763573838832
1,edp_ag1,1785477765238814936,84,1785477765187742760,1785477765187880423,1785477765187742760,2,55,51014780,5,2,expert_dp_param_allgather:pg=1131,1785477765238895203,80267,expert_dp_param_allgather,137663,1887436800,same_rank_dp_ag1,11200,1.0,1785477763520137417,1785477763520275080,51014780,1785477763571289860,80267,1785477763571209593
1,edp_ag1,1785477765238895203,92,1785477765187880423,1785477765187880423,1785477765187742760,2,55,51014780,5,2,expert_dp_param_allgather:pg=1131,1785477765238895203,0,expert_dp_param_allgather,0,1887436800,same_rank_dp_ag1,46640,1.0,1785477763520275080,1785477763520275080,51014780,1785477763571289860,0,1785477763571289860
1,edp_ag1,1785477765247539748,85,1785477765187805948,1785477765187805948,1785477765187787231,2,55,59862383,5,2,expert_dp_param_allgather:pg=1133,1785477765247668331,128583,expert_dp_param_allgather,0,1887436800,same_rank_dp_ag1,11720,1.0,1785477763520200605,1785477763520200605,59862383,1785477763580062988,128583,1785477763579934405
1,edp_ag1,1785477765247668331,93,1785477765187787231,1785477765187805948,1785477765187787231,2,55,59862383,5,2,expert_dp_param_allgather:pg=1133,1785477765247668331,0,expert_dp_param_allgather,18717,1887436800,same_rank_dp_ag1,11840,1.0,1785477763520181888,1785477763520200605,59862383,1785477763580062988,0,1785477763580062988
1,edp_ag1,1785477765241740570,86,1785477765187711233,1785477765187875104,1785477765187711233,2,55,53882651,5,2,expert_dp_param_allgather:pg=1135,1785477765241757755,17185,expert_dp_param_allgather,163871,1887436800,same_rank_dp_ag1,10680,1.0,1785477763520105890,1785477763520269761,53882651,1785477763574152412,17185,1785477763574135227
1,edp_ag1,1785477765241757755,94,1785477765187875104,1785477765187875104,1785477765187711233,2,55,53882651,5,2,expert_dp_param_allgather:pg=1135,1785477765241757755,0,expert_dp_param_allgather,0,1887436800,same_rank_dp_ag1,11040,1.0,1785477763520269761,1785477763520269761,53882651,1785477763574152412,0,1785477763574152412
1,edp_ag1,1785477765241485805,87,1785477765187780979,1785477765187869334,1785477765187780979,2,55,53618289,5,2,expert_dp_param_allgather:pg=1137,1785477765241487623,1818,expert_dp_param_allgather,88355,1887436800,same_rank_dp_ag1,89880,1.0,1785477763520175636,1785477763520263991,53618289,1785477763573882280,1818,1785477763573880462
1,edp_ag1,1785477765241487623,95,1785477765187869334,1785477765187869334,1785477765187780979,2,55,53618289,5,2,expert_dp_param_allgather:pg=1137,1785477765241487623,0,expert_dp_param_allgather,0,1887436800,same_rank_dp_ag1,10720,1.0,1785477763520263991,1785477763520263991,53618289,1785477763573882280,0,1785477763573882280
0,edp_rs,1785477761502694641,80,1785477761310260127,1785477761310479266,1785477761310260127,2,55,192251405,5,2,expert_dp_grad_reduce_scatter:pg=1123,1785477761502730671,36030,expert_dp_grad_reduce_scatter,219139,7549747200,same_rank_dp_rs,17422599,1.0,1785477760111736818,1785477760111955957,192251405,1785477760304207362,36030,1785477760304171332
0,edp_rs,1785477761502730671,88,1785477761310479266,1785477761310479266,1785477761310260127,2,55,192251405,5,2,expert_dp_grad_reduce_scatter:pg=1123,1785477761502730671,0,expert_dp_grad_reduce_scatter,0,7549747200,same_rank_dp_rs,17635935,1.0,1785477760111955957,1785477760111955957,192251405,1785477760304207362,0,1785477760304207362
0,edp_rs,1785477761517282708,81,1785477761310196515,1785477761310537204,1785477761310196515,2,55,206893483,5,2,expert_dp_grad_reduce_scatter:pg=1125,1785477761517430687,147979,expert_dp_grad_reduce_scatter,340689,7549747200,same_rank_dp_rs,17388248,1.0,1785477760111673206,1785477760112013895,206893483,1785477760318907378,147979,1785477760318759399
0,edp_rs,1785477761517430687,89,1785477761310537204,1785477761310537204,1785477761310196515,2,55,206893483,5,2,expert_dp_grad_reduce_scatter:pg=1125,1785477761517430687,0,expert_dp_grad_reduce_scatter,0,7549747200,same_rank_dp_rs,17638196,1.0,1785477760112013895,1785477760112013895,206893483,1785477760318907378,0,1785477760318907378
0,edp_rs,1785477761521358825,82,1785477761310473142,1785477761310546867,1785477761310473142,2,55,210811958,5,2,expert_dp_grad_reduce_scatter:pg=1127,1785477761521358825,0,expert_dp_grad_reduce_scatter,73725,7549747200,same_rank_dp_rs,17748598,1.0,1785477760111949833,1785477760112023558,210811958,1785477760322835516,0,1785477760322835516
0,edp_rs,1785477761521316654,90,1785477761310546867,1785477761310546867,1785477761310473142,2,55,210811958,5,2,expert_dp_grad_reduce_scatter:pg=1127,1785477761521358825,42171,expert_dp_grad_reduce_scatter,0,7549747200,same_rank_dp_rs,17675265,1.0,1785477760112023558,1785477760112023558,210811958,1785477760322835516,42171,1785477760322793345
0,edp_rs,1785477761523163050,83,1785477761310947831,1785477761310947831,1785477761310499765,2,55,212215219,5,2,expert_dp_grad_reduce_scatter:pg=1129,1785477761523163050,0,expert_dp_grad_reduce_scatter,0,7549747200,same_rank_dp_rs,18103407,1.0,1785477760112424522,1785477760112424522,212215219,1785477760324639741,0,1785477760324639741
0,edp_rs,1785477761523136730,91,1785477761310499765,1785477761310947831,1785477761310499765,2,55,212215219,5,2,expert_dp_grad_reduce_scatter:pg=1129,1785477761523163050,26320,expert_dp_grad_reduce_scatter,448066,7549747200,same_rank_dp_rs,17656480,1.0,1785477760111976456,1785477760112424522,212215219,1785477760324639741,26320,1785477760324613421
0,edp_rs,1785477761517863725,84,1785477761310659588,1785477761310659588,1785477761310531772,2,55,207204137,5,2,expert_dp_grad_reduce_scatter:pg=1131,1785477761517863725,0,expert_dp_grad_reduce_scatter,0,7549747200,same_rank_dp_rs,17819466,1.0,1785477760112136279,1785477760112136279,207204137,1785477760319340416,0,1785477760319340416
0,edp_rs,1785477761517856166,92,1785477761310531772,1785477761310659588,1785477761310531772,2,55,207204137,5,2,expert_dp_grad_reduce_scatter:pg=1131,1785477761517863725,7559,expert_dp_grad_reduce_scatter,127816,7549747200,same_rank_dp_rs,17647394,1.0,1785477760112008463,1785477760112136279,207204137,1785477760319340416,7559,1785477760319332857
0,edp_rs,1785477761522092975,85,1785477761310557340,1785477761310557340,1785477761310413919,2,55,211680770,5,2,expert_dp_grad_reduce_scatter:pg=1133,1785477761522238110,145135,expert_dp_grad_reduce_scatter,0,7549747200,same_rank_dp_rs,17679467,1.0,1785477760112034031,1785477760112034031,211680770,1785477760323714801,145135,1785477760323569666
0,edp_rs,1785477761522238110,93,1785477761310413919,1785477761310557340,1785477761310413919,2,55,211680770,5,2,expert_dp_grad_reduce_scatter:pg=1133,1785477761522238110,0,expert_dp_grad_reduce_scatter,143421,7549747200,same_rank_dp_rs,17566220,1.0,1785477760111890610,1785477760112034031,211680770,1785477760323714801,0,1785477760323714801
0,edp_rs,1785477761518525270,86,1785477761310110916,1785477761310621885,1785477761310110916,2,55,208040602,5,2,expert_dp_grad_reduce_scatter:pg=1135,1785477761518662487,137217,expert_dp_grad_reduce_scatter,510969,7549747200,same_rank_dp_rs,17387053,1.0,1785477760111587607,1785477760112098576,208040602,1785477760320139178,137217,1785477760320001961
0,edp_rs,1785477761518662487,94,1785477761310621885,1785477761310621885,1785477761310110916,2,55,208040602,5,2,expert_dp_grad_reduce_scatter:pg=1135,1785477761518662487,0,expert_dp_grad_reduce_scatter,0,7549747200,same_rank_dp_rs,17744375,1.0,1785477760112098576,1785477760112098576,208040602,1785477760320139178,0,1785477760320139178
0,edp_rs,1785477761529772145,87,1785477761310470837,1785477761310781478,1785477761310470837,2,55,219092695,5,2,expert_dp_grad_reduce_scatter:pg=1137,1785477761529874173,102028,expert_dp_grad_reduce_scatter,310641,7549747200,same_rank_dp_rs,17651174,1.0,1785477760111947528,1785477760112258169,219092695,1785477760331350864,102028,1785477760331248836
0,edp_rs,1785477761529874173,95,1785477761310781478,1785477761310781478,1785477761310470837,2,55,219092695,5,2,expert_dp_grad_reduce_scatter:pg=1137,1785477761529874173,0,expert_dp_grad_reduce_scatter,0,7549747200,same_rank_dp_rs,17908467,1.0,1785477760112258169,1785477760112258169,219092695,1785477760331350864,0,1785477760331350864
0,dp_ag0,1785477765034250756,96,1785477765025660913,1785477765026739875,1785477765025516609,16,55,7513438,6,16,dp_param_allgather:pg=13,1785477765034253313,2557,dp_param_allgather,1078962,98621440,world_rs_done,28984656,1.0,1785477763358055570,1785477763359134532,7513438,1785477763366647970,2557,1785477763366645413
0,dp_ag0,1785477765034253313,97,1785477765025885335,1785477765026739875,1785477765025516609,16,55,7513438,6,16,dp_param_allgather:pg=13,1785477765034253313,0,dp_param_allgather,854540,98621440,world_rs_done,29209078,1.0,1785477763358279992,1785477763359134532,7513438,1785477763366647970,0,1785477763366647970
0,dp_ag0,1785477765034249315,98,1785477765026180366,1785477765026739875,1785477765025516609,16,55,7513438,6,16,dp_param_allgather:pg=13,1785477765034253313,3998,dp_param_allgather,559509,98621440,world_rs_done,29504109,1.0,1785477763358575023,1785477763359134532,7513438,1785477763366647970,3998,1785477763366643972
0,dp_ag0,1785477765034253065,99,1785477765026189695,1785477765026739875,1785477765025516609,16,55,7513438,6,16,dp_param_allgather:pg=13,1785477765034253313,248,dp_param_allgather,550180,98621440,world_rs_done,29513438,1.0,1785477763358584352,1785477763359134532,7513438,1785477763366647970,248,1785477763366647722
0,dp_ag0,1785477765034247579,100,1785477765025773764,1785477765026739875,1785477765025516609,16,55,7513438,6,16,dp_param_allgather:pg=13,1785477765034253313,5734,dp_param_allgather,966111,98621440,world_rs_done,29097507,1.0,1785477763358168421,1785477763359134532,7513438,1785477763366647970,5734,1785477763366642236
0,dp_ag0,1785477765034182382,101,1785477765025782319,1785477765026739875,1785477765025516609,16,55,7513438,6,16,dp_param_allgather:pg=13,1785477765034253313,70931,dp_param_allgather,957556,98621440,world_rs_done,29106062,1.0,1785477763358176976,1785477763359134532,7513438,1785477763366647970,70931,1785477763366577039
0,dp_ag0,1785477765034234309,102,1785477765026739875,1785477765026739875,1785477765025516609,16,55,7513438,6,16,dp_param_allgather:pg=13,1785477765034253313,19004,dp_param_allgather,0,98621440,world_rs_done,30063618,1.0,1785477763359134532,1785477763359134532,7513438,1785477763366647970,19004,1785477763366628966
0,dp_ag0,1785477765034244896,103,1785477765026177657,1785477765026739875,1785477765025516609,16,55,7513438,6,16,dp_param_allgather:pg=13,1785477765034253313,8417,dp_param_allgather,562218,98621440,world_rs_done,29501400,1.0,1785477763358572314,1785477763359134532,7513438,1785477763366647970,8417,1785477763366639553
0,dp_ag0,1785477765034214108,104,1785477765025516609,1785477765026739875,1785477765025516609,16,55,7513438,6,16,dp_param_allgather:pg=13,1785477765034253313,39205,dp_param_allgather,1223266,98621440,world_rs_done,28840352,1.0,1785477763357911266,1785477763359134532,7513438,1785477763366647970,39205,1785477763366608765
0,dp_ag0,1785477765034211460,105,1785477765026105536,1785477765026739875,1785477765025516609,16,55,7513438,6,16,dp_param_allgather:pg=13,1785477765034253313,41853,dp_param_allgather,634339,98621440,world_rs_done,29429279,1.0,1785477763358500193,1785477763359134532,7513438,1785477763366647970,41853,1785477763366606117
0,dp_ag0,1785477765034180542,106,1785477765025924545,1785477765026739875,1785477765025516609,16,55,7513438,6,16,dp_param_allgather:pg=13,1785477765034253313,72771,dp_param_allgather,815330,98621440,world_rs_done,29248288,1.0,1785477763358319202,1785477763359134532,7513438,1785477763366647970,72771,1785477763366575199
0,dp_ag0,1785477765034217343,107,1785477765026272266,1785477765026739875,1785477765025516609,16,55,7513438,6,16,dp_param_allgather:pg=13,1785477765034253313,35970,dp_param_allgather,467609,98621440,world_rs_done,29596009,1.0,1785477763358666923,1785477763359134532,7513438,1785477763366647970,35970,1785477763366612000
0,dp_ag0,1785477765034208740,108,1785477765025993369,1785477765026739875,1785477765025516609,16,55,7513438,6,16,dp_param_allgather:pg=13,1785477765034253313,44573,dp_param_allgather,746506,98621440,world_rs_done,29317112,1.0,1785477763358388026,1785477763359134532,7513438,1785477763366647970,44573,1785477763366603397
0,dp_ag0,1785477765034226727,109,1785477765025802165,1785477765026739875,1785477765025516609,16,55,7513438,6,16,dp_param_allgather:pg=13,1785477765034253313,26586,dp_param_allgather,937710,98621440,world_rs_done,29125908,1.0,1785477763358196822,1785477763359134532,7513438,1785477763366647970,26586,1785477763366621384
0,dp_ag0,1785477765034168134,110,1785477765025978100,1785477765026739875,1785477765025516609,16,55,7513438,6,16,dp_param_allgather:pg=13,1785477765034253313,85179,dp_param_allgather,761775,98621440,world_rs_done,29301843,1.0,1785477763358372757,1785477763359134532,7513438,1785477763366647970,85179,1785477763366562791
0,dp_ag0,1785477765034191861,111,1785477765026335260,1785477765026739875,1785477765025516609,16,55,7513438,6,16,dp_param_allgather:pg=13,1785477765034253313,61452,dp_param_allgather,404615,98621440,world_rs_done,29659003,1.0,1785477763358729917,1785477763359134532,7513438,1785477763366647970,61452,1785477763366586518
1,dp_ag1,1785477765190915595,96,1785477765174640996,1785477765183360570,1785477765173462217,16,55,7596250,6,16,dp_param_allgather:pg=13,1785477765190956820,41225,dp_param_allgather,8719574,98621440,same_rank_edp_ag0,87330454,1.0,1785477763507035653,1785477763515755227,7596250,1785477763523351477,41225,1785477763523310252
1,dp_ag1,1785477765190925294,97,1785477765181390354,1785477765183360570,1785477765173462217,16,55,7596250,6,16,dp_param_allgather:pg=13,1785477765190956820,31526,dp_param_allgather,1970216,98621440,same_rank_edp_ag0,87216550,1.0,1785477763513785011,1785477763515755227,7596250,1785477763523351477,31526,1785477763523319951
1,dp_ag1,1785477765190933689,98,1785477765173724466,1785477765183360570,1785477765173462217,16,55,7596250,6,16,dp_param_allgather:pg=13,1785477765190956820,23131,dp_param_allgather,9636104,98621440,same_rank_edp_ag0,87159279,1.0,1785477763506119123,1785477763515755227,7596250,1785477763523351477,23131,1785477763523328346
1,dp_ag1,1785477765190956820,99,1785477765183360570,1785477765183360570,1785477765173462217,16,55,7596250,6,16,dp_param_allgather:pg=13,1785477765190956820,0,dp_param_allgather,0,98621440,same_rank_edp_ag0,88134909,1.0,1785477763515755227,1785477763515755227,7596250,1785477763523351477,0,1785477763523351477
1,dp_ag1,1785477765190911846,100,1785477765176369993,1785477765183360570,1785477765173462217,16,55,7596250,6,16,dp_param_allgather:pg=13,1785477765190956820,44974,dp_param_allgather,6990577,98621440,same_rank_edp_ag0,88566044,1.0,1785477763508764650,1785477763515755227,7596250,1785477763523351477,44974,1785477763523306503
1,dp_ag1,1785477765190895456,101,1785477765176327456,1785477765183360570,1785477765173462217,16,55,7596250,6,16,dp_param_allgather:pg=13,1785477765190956820,61364,dp_param_allgather,7033114,98621440,same_rank_edp_ag0,87904604,1.0,1785477763508722113,1785477763515755227,7596250,1785477763523351477,61364,1785477763523290113
1,dp_ag1,1785477765190924663,102,1785477765178696513,1785477765183360570,1785477765173462217,16,55,7596250,6,16,dp_param_allgather:pg=13,1785477765190956820,32157,dp_param_allgather,4664057,98621440,same_rank_edp_ag0,86593370,1.0,1785477763511091170,1785477763515755227,7596250,1785477763523351477,32157,1785477763523319320
1,dp_ag1,1785477765190928208,103,1785477765174733969,1785477765183360570,1785477765173462217,16,55,7596250,6,16,dp_param_allgather:pg=13,1785477765190956820,28612,dp_param_allgather,8626601,98621440,same_rank_edp_ag0,86521876,1.0,1785477763507128626,1785477763515755227,7596250,1785477763523351477,28612,1785477763523322865
1,dp_ag1,1785477765190931732,104,1785477765173831855,1785477765183360570,1785477765173462217,16,55,7596250,6,16,dp_param_allgather:pg=13,1785477765190956820,25088,dp_param_allgather,9528715,98621440,same_rank_edp_ag0,86484990,1.0,1785477763506226512,1785477763515755227,7596250,1785477763523351477,25088,1785477763523326389
1,dp_ag1,1785477765190942905,105,1785477765181346220,1785477765183360570,1785477765173462217,16,55,7596250,6,16,dp_param_allgather:pg=13,1785477765190956820,13915,dp_param_allgather,2014350,98621440,same_rank_edp_ag0,87123930,1.0,1785477763513740877,1785477763515755227,7596250,1785477763523351477,13915,1785477763523337562
1,dp_ag1,1785477765190947211,106,1785477765173462217,1785477765183360570,1785477765173462217,16,55,7596250,6,16,dp_param_allgather:pg=13,1785477765190956820,9609,dp_param_allgather,9898353,98621440,same_rank_edp_ag0,86942412,1.0,1785477763505856874,1785477763515755227,7596250,1785477763523351477,9609,1785477763523341868
1,dp_ag1,1785477765190833846,107,1785477765183217291,1785477765183360570,1785477765173462217,16,55,7596250,6,16,dp_param_allgather:pg=13,1785477765190956820,122974,dp_param_allgather,143279,98621440,same_rank_edp_ag0,88048486,1.0,1785477763515611948,1785477763515755227,7596250,1785477763523351477,122974,1785477763523228503
1,dp_ag1,1785477765190939642,108,1785477765174455820,1785477765183360570,1785477765173462217,16,55,7596250,6,16,dp_param_allgather:pg=13,1785477765190956820,17178,dp_param_allgather,8904750,98621440,same_rank_edp_ag0,86585167,1.0,1785477763506850477,1785477763515755227,7596250,1785477763523351477,17178,1785477763523334299
1,dp_ag1,1785477765190946924,109,1785477765175035481,1785477765183360570,1785477765173462217,16,55,7596250,6,16,dp_param_allgather:pg=13,1785477765190956820,9896,dp_param_allgather,8325089,98621440,same_rank_edp_ag0,86585422,1.0,1785477763507430138,1785477763515755227,7596250,1785477763523351477,9896,1785477763523341581
1,dp_ag1,1785477765190938852,110,1785477765180702100,1785477765183360570,1785477765173462217,16,55,7596250,6,16,dp_param_allgather:pg=13,1785477765190956820,17968,dp_param_allgather,2658470,98621440,same_rank_edp_ag0,88676211,1.0,1785477763513096757,1785477763515755227,7596250,1785477763523351477,17968,1785477763523333509
1,dp_ag1,1785477765190938761,111,1785477765176271284,1785477765183360570,1785477765173462217,16,55,7596250,6,16,dp_param_allgather:pg=13,1785477765190956820,18059,dp_param_allgather,7089286,98621440,same_rank_edp_ag0,88078661,1.0,1785477763508665941,1785477763515755227,7596250,1785477763523351477,18059,1785477763523333418
0,dp_rs,1785477760506805502,96,1785477760305299233,1785477760491316133,1785477760304224397,16,55,15496653,6,16,dp_grad_reduce_scatter:pg=13,1785477760506812786,7284,dp_grad_reduce_scatter,186016900,3155886080,pp_frontier,0,1.0,1785477759157636160,1785477759386120584,15496653,1785477759401617237,7284,1785477759401609953
0,dp_rs,1785477760506768238,97,1785477760304391256,1785477760491316133,1785477760304224397,16,55,15496653,6,16,dp_grad_reduce_scatter:pg=13,1785477760506812786,44548,dp_grad_reduce_scatter,186924877,3155886080,pp_frontier,0,1.0,1785477759150875504,1785477759386120584,15496653,1785477759401617237,44548,1785477759401572689
0,dp_rs,1785477760506807785,98,1785477760304445348,1785477760491316133,1785477760304224397,16,55,15496653,6,16,dp_grad_reduce_scatter:pg=13,1785477760506812786,5001,dp_grad_reduce_scatter,186870785,3155886080,pp_frontier,0,1.0,1785477759159620963,1785477759386120584,15496653,1785477759401617237,5001,1785477759401612236
0,dp_rs,1785477760506784528,99,1785477760304224397,1785477760491316133,1785477760304224397,16,55,15496653,6,16,dp_grad_reduce_scatter:pg=13,1785477760506812786,28258,dp_grad_reduce_scatter,187091736,3155886080,pp_frontier,0,1.0,1785477759155792068,1785477759386120584,15496653,1785477759401617237,28258,1785477759401588979
0,dp_rs,1785477760506752433,100,1785477760304652390,1785477760491316133,1785477760304224397,16,55,15496653,6,16,dp_grad_reduce_scatter:pg=13,1785477760506812786,60353,dp_grad_reduce_scatter,186663743,3155886080,pp_frontier,0,1.0,1785477759161514096,1785477759386120584,15496653,1785477759401617237,60353,1785477759401556884
0,dp_rs,1785477760506806377,101,1785477760304761381,1785477760491316133,1785477760304224397,16,55,15496653,6,16,dp_grad_reduce_scatter:pg=13,1785477760506812786,6409,dp_grad_reduce_scatter,186554752,3155886080,pp_frontier,0,1.0,1785477759162498209,1785477759386120584,15496653,1785477759401617237,6409,1785477759401610828
0,dp_rs,1785477760506743093,102,1785477760304590902,1785477760491316133,1785477760304224397,16,55,15496653,6,16,dp_grad_reduce_scatter:pg=13,1785477760506812786,69693,dp_grad_reduce_scatter,186725231,3155886080,pp_frontier,0,1.0,1785477759158123542,1785477759386120584,15496653,1785477759401617237,69693,1785477759401547544
0,dp_rs,1785477760506754815,103,1785477760305169111,1785477760491316133,1785477760304224397,16,55,15496653,6,16,dp_grad_reduce_scatter:pg=13,1785477760506812786,57971,dp_grad_reduce_scatter,186147022,3155886080,pp_frontier,0,1.0,1785477759153626882,1785477759386120584,15496653,1785477759401617237,57971,1785477759401559266
0,dp_rs,1785477760506799711,104,1785477760490397274,1785477760491316133,1785477760304224397,16,55,15496653,6,16,dp_grad_reduce_scatter:pg=13,1785477760506812786,13075,dp_grad_reduce_scatter,918859,3155886080,pp_frontier,0,1.0,1785477759362015872,1785477759386120584,15496653,1785477759401617237,13075,1785477759401604162
0,dp_rs,1785477760506804836,105,1785477760490374749,1785477760491316133,1785477760304224397,16,55,15496653,6,16,dp_grad_reduce_scatter:pg=13,1785477760506812786,7950,dp_grad_reduce_scatter,941384,3155886080,pp_frontier,0,1.0,1785477759380227404,1785477759386120584,15496653,1785477759401617237,7950,1785477759401609287
0,dp_rs,1785477760506755337,106,1785477760489780623,1785477760491316133,1785477760304224397,16,55,15496653,6,16,dp_grad_reduce_scatter:pg=13,1785477760506812786,57449,dp_grad_reduce_scatter,1535510,3155886080,pp_frontier,0,1.0,1785477759383334956,1785477759386120584,15496653,1785477759401617237,57449,1785477759401559788
0,dp_rs,1785477760506797508,107,1785477760489924669,1785477760491316133,1785477760304224397,16,55,15496653,6,16,dp_grad_reduce_scatter:pg=13,1785477760506812786,15278,dp_grad_reduce_scatter,1391464,3155886080,pp_frontier,0,1.0,1785477759384247425,1785477759386120584,15496653,1785477759401617237,15278,1785477759401601959
0,dp_rs,1785477760506765909,108,1785477760491116487,1785477760491316133,1785477760304224397,16,55,15496653,6,16,dp_grad_reduce_scatter:pg=13,1785477760506812786,46877,dp_grad_reduce_scatter,199646,3155886080,pp_frontier,0,1.0,1785477759386120584,1785477759386120584,15496653,1785477759401617237,46877,1785477759401570360
0,dp_rs,1785477760506812786,109,1785477760490010300,1785477760491316133,1785477760304224397,16,55,15496653,6,16,dp_grad_reduce_scatter:pg=13,1785477760506812786,0,dp_grad_reduce_scatter,1305833,3155886080,pp_frontier,0,1.0,1785477759384381592,1785477759386120584,15496653,1785477759401617237,0,1785477759401617237
0,dp_rs,1785477760506790657,110,1785477760491001110,1785477760491316133,1785477760304224397,16,55,15496653,6,16,dp_grad_reduce_scatter:pg=13,1785477760506812786,22129,dp_grad_reduce_scatter,315023,3155886080,pp_frontier,0,1.0,1785477759377355962,1785477759386120584,15496653,1785477759401617237,22129,1785477759401595108
0,dp_rs,1785477760506801442,111,1785477760491316133,1785477760491316133,1785477760304224397,16,55,15496653,6,16,dp_grad_reduce_scatter:pg=13,1785477760506812786,11344,dp_grad_reduce_scatter,0,3155886080,pp_frontier,0,1.0,1785477759375424245,1785477759386120584,15496653,1785477759401617237,11344,1785477759401605893
0,edp_ag0,1785477765087310542,96,1785477765034287983,1785477765034287983,1785477765034224388,2,55,53058882,6,2,expert_dp_param_allgather:pg=1139,1785477765087346865,36323,expert_dp_param_allgather,0,1887436800,same_rank_dp_ag0,37227,1.0,1785477763366682640,1785477763366682640,53058882,1785477763419741522,36323,1785477763419705199
0,edp_ag0,1785477765087346865,104,1785477765034224388,1785477765034287983,1785477765034224388,2,55,53058882,6,2,expert_dp_param_allgather:pg=1139,1785477765087346865,0,expert_dp_param_allgather,63595,1887436800,same_rank_dp_ag0,10280,1.0,1785477763366619045,1785477763366682640,53058882,1785477763419741522,0,1785477763419741522
0,edp_ag0,1785477765094173804,97,1785477765034280153,1785477765034280153,1785477765034222300,2,55,59942137,6,2,expert_dp_param_allgather:pg=1141,1785477765094222290,48486,expert_dp_param_allgather,0,1887436800,same_rank_dp_ag0,26840,1.0,1785477763366674810,1785477763366674810,59942137,1785477763426616947,48486,1785477763426568461
0,edp_ag0,1785477765094222290,105,1785477765034222300,1785477765034280153,1785477765034222300,2,55,59942137,6,2,expert_dp_param_allgather:pg=1141,1785477765094222290,0,expert_dp_param_allgather,57853,1887436800,same_rank_dp_ag0,10840,1.0,1785477763366616957,1785477763366674810,59942137,1785477763426616947,0,1785477763426616947
0,edp_ag0,1785477765086565187,98,1785477765034260235,1785477765034260235,1785477765034228422,2,55,52304952,6,2,expert_dp_param_allgather:pg=1143,1785477765086565187,0,expert_dp_param_allgather,0,1887436800,same_rank_dp_ag0,10920,1.0,1785477763366654892,1785477763366654892,52304952,1785477763418959844,0,1785477763418959844
0,edp_ag0,1785477765086519805,106,1785477765034228422,1785477765034260235,1785477765034228422,2,55,52304952,6,2,expert_dp_param_allgather:pg=1143,1785477765086565187,45382,expert_dp_param_allgather,31813,1887436800,same_rank_dp_ag0,47880,1.0,1785477763366623079,1785477763366654892,52304952,1785477763418959844,45382,1785477763418914462
0,edp_ag0,1785477765095225661,99,1785477765034265025,1785477765034265025,1785477765034227964,2,55,60960636,6,2,expert_dp_param_allgather:pg=1145,1785477765095225661,0,expert_dp_param_allgather,0,1887436800,same_rank_dp_ag0,11960,1.0,1785477763366659682,1785477763366659682,60960636,1785477763427620318,0,1785477763427620318
0,edp_ag0,1785477765095168805,107,1785477765034227964,1785477765034265025,1785477765034227964,2,55,60960636,6,2,expert_dp_param_allgather:pg=1145,1785477765095225661,56856,expert_dp_param_allgather,37061,1887436800,same_rank_dp_ag0,10621,1.0,1785477763366622621,1785477763366659682,60960636,1785477763427620318,56856,1785477763427563462
0,edp_ag0,1785477765087803949,100,1785477765034258328,1785477765034258328,1785477765034219180,2,55,53612325,6,2,expert_dp_param_allgather:pg=1147,1785477765087870653,66704,expert_dp_param_allgather,0,1887436800,same_rank_dp_ag0,10749,1.0,1785477763366652985,1785477763366652985,53612325,1785477763420265310,66704,1785477763420198606
0,edp_ag0,1785477765087870653,108,1785477765034219180,1785477765034258328,1785477765034219180,2,55,53612325,6,2,expert_dp_param_allgather:pg=1147,1785477765087870653,0,expert_dp_param_allgather,39148,1887436800,same_rank_dp_ag0,10440,1.0,1785477763366613837,1785477763366652985,53612325,1785477763420265310,0,1785477763420265310
0,edp_ag0,1785477765088422852,101,1785477765034228102,1785477765034237007,1785477765034228102,2,55,54213052,6,2,expert_dp_param_allgather:pg=1149,1785477765088450059,27207,expert_dp_param_allgather,8905,1887436800,same_rank_dp_ag0,45720,1.0,1785477763366622759,1785477763366631664,54213052,1785477763420844716,27207,1785477763420817509
0,edp_ag0,1785477765088450059,109,1785477765034237007,1785477765034237007,1785477765034228102,2,55,54213052,6,2,expert_dp_param_allgather:pg=1149,1785477765088450059,0,expert_dp_param_allgather,0,1887436800,same_rank_dp_ag0,10280,1.0,1785477763366631664,1785477763366631664,54213052,1785477763420844716,0,1785477763420844716
0,edp_ag0,1785477765092103143,102,1785477765034245029,1785477765034245029,1785477765034206734,2,55,57858114,6,2,expert_dp_param_allgather:pg=1151,1785477765092103143,0,expert_dp_param_allgather,0,1887436800,same_rank_dp_ag0,10720,1.0,1785477763366639686,1785477763366639686,57858114,1785477763424497800,0,1785477763424497800
0,edp_ag0,1785477765092025889,110,1785477765034206734,1785477765034245029,1785477765034206734,2,55,57858114,6,2,expert_dp_param_allgather:pg=1151,1785477765092103143,77254,expert_dp_param_allgather,38295,1887436800,same_rank_dp_ag0,38600,1.0,1785477763366601391,1785477763366639686,57858114,1785477763424497800,77254,1785477763424420546
0,edp_ag0,1785477765088212093,103,1785477765034265576,1785477765034265576,1785477765034218461,2,55,53946517,6,2,expert_dp_param_allgather:pg=1153,1785477765088212093,0,expert_dp_param_allgather,0,1887436800,same_rank_dp_ag0,20680,1.0,1785477763366660233,1785477763366660233,53946517,1785477763420606750,0,1785477763420606750
0,edp_ag0,1785477765088192623,111,1785477765034218461,1785477765034265576,1785477765034218461,2,55,53946517,6,2,expert_dp_param_allgather:pg=1153,1785477765088212093,19470,expert_dp_param_allgather,47115,1887436800,same_rank_dp_ag0,26600,1.0,1785477763366613118,1785477763366660233,53946517,1785477763420606750,19470,1785477763420587280
1,edp_ag1,1785477765242366538,96,1785477765190930235,1785477765190971212,1785477765190930235,2,55,51395326,6,2,expert_dp_param_allgather:pg=1139,1785477765242366538,0,expert_dp_param_allgather,40977,1887436800,same_rank_dp_ag1,14640,1.0,1785477763523324892,1785477763523365869,51395326,1785477763574761195,0,1785477763574761195
1,edp_ag1,1785477765242362365,104,1785477765190971212,1785477765190971212,1785477765190930235,2,55,51395326,6,2,expert_dp_param_allgather:pg=1139,1785477765242366538,4173,expert_dp_param_allgather,0,1887436800,same_rank_dp_ag1,39480,1.0,1785477763523365869,1785477763523365869,51395326,1785477763574761195,4173,1785477763574757022
1,edp_ag1,1785477765251254146,97,1785477765190971214,1785477765190971214,1785477765190955665,2,55,60282932,6,2,expert_dp_param_allgather:pg=1141,1785477765251254146,0,expert_dp_param_allgather,0,1887436800,same_rank_dp_ag1,45920,1.0,1785477763523365871,1785477763523365871,60282932,1785477763583648803,0,1785477763583648803
1,edp_ag1,1785477765251225052,105,1785477765190955665,1785477765190971214,1785477765190955665,2,55,60282932,6,2,expert_dp_param_allgather:pg=1141,1785477765251254146,29094,expert_dp_param_allgather,15549,1887436800,same_rank_dp_ag1,12760,1.0,1785477763523350322,1785477763523365871,60282932,1785477763583648803,29094,1785477763583619709
1,edp_ag1,1785477765244270924,98,1785477765190945969,1785477765190970891,1785477765190945969,2,55,53373503,6,2,expert_dp_param_allgather:pg=1143,1785477765244344394,73470,expert_dp_param_allgather,24922,1887436800,same_rank_dp_ag1,12280,1.0,1785477763523340626,1785477763523365548,53373503,1785477763576739051,73470,1785477763576665581
1,edp_ag1,1785477765244344394,106,1785477765190970891,1785477765190970891,1785477765190945969,2,55,53373503,6,2,expert_dp_param_allgather:pg=1143,1785477765244344394,0,expert_dp_param_allgather,0,1887436800,same_rank_dp_ag1,23680,1.0,1785477763523365548,1785477763523365548,53373503,1785477763576739051,0,1785477763576739051
1,edp_ag1,1785477765244734167,99,1785477765190968780,1785477765190968780,1785477765190844686,2,55,53765387,6,2,expert_dp_param_allgather:pg=1145,1785477765244734167,0,expert_dp_param_allgather,0,1887436800,same_rank_dp_ag1,11960,1.0,1785477763523363437,1785477763523363437,53765387,1785477763577128824,0,1785477763577128824
1,edp_ag1,1785477765244682694,107,1785477765190844686,1785477765190968780,1785477765190844686,2,55,53765387,6,2,expert_dp_param_allgather:pg=1145,1785477765244734167,51473,expert_dp_param_allgather,124094,1887436800,same_rank_dp_ag1,10840,1.0,1785477763523239343,1785477763523363437,53765387,1785477763577128824,51473,1785477763577077351
1,edp_ag1,1785477765248923015,100,1785477765190971646,1785477765190971646,1785477765190951682,2,55,57989796,6,2,expert_dp_param_allgather:pg=1147,1785477765248961442,38427,expert_dp_param_allgather,0,1887436800,same_rank_dp_ag1,59800,1.0,1785477763523366303,1785477763523366303,57989796,1785477763581356099,38427,1785477763581317672
1,edp_ag1,1785477765248961442,108,1785477765190951682,1785477765190971646,1785477765190951682,2,55,57989796,6,2,expert_dp_param_allgather:pg=1147,1785477765248961442,0,expert_dp_param_allgather,19964,1887436800,same_rank_dp_ag1,12040,1.0,1785477763523346339,1785477763523366303,57989796,1785477763581356099,0,1785477763581356099
1,edp_ag1,1785477765244698765,101,1785477765190942696,1785477765190957724,1785477765190942696,2,55,53746973,6,2,expert_dp_param_allgather:pg=1149,1785477765244704697,5932,expert_dp_param_allgather,15028,1887436800,same_rank_dp_ag1,47240,1.0,1785477763523337353,1785477763523352381,53746973,1785477763577099354,5932,1785477763577093422
1,edp_ag1,1785477765244704697,109,1785477765190957724,1785477765190957724,1785477765190942696,2,55,53746973,6,2,expert_dp_param_allgather:pg=1149,1785477765244704697,0,expert_dp_param_allgather,0,1887436800,same_rank_dp_ag1,10800,1.0,1785477763523352381,1785477763523352381,53746973,1785477763577099354,0,1785477763577099354
1,edp_ag1,1785477765244843859,102,1785477765190936263,1785477765190998652,1785477765190936263,2,55,53845207,6,2,expert_dp_param_allgather:pg=1151,1785477765244843859,0,expert_dp_param_allgather,62389,1887436800,same_rank_dp_ag1,11600,1.0,1785477763523330920,1785477763523393309,53845207,1785477763577238516,0,1785477763577238516
1,edp_ag1,1785477765244833810,110,1785477765190998652,1785477765190998652,1785477765190936263,2,55,53845207,6,2,expert_dp_param_allgather:pg=1151,1785477765244843859,10049,expert_dp_param_allgather,0,1887436800,same_rank_dp_ag1,59800,1.0,1785477763523393309,1785477763523393309,53845207,1785477763577238516,10049,1785477763577228467
1,edp_ag1,1785477765244398725,103,1785477765190991488,1785477765190991488,1785477765190949641,2,55,53407237,6,2,expert_dp_param_allgather:pg=1153,1785477765244398725,0,expert_dp_param_allgather,0,1887436800,same_rank_dp_ag1,63280,1.0,1785477763523386145,1785477763523386145,53407237,1785477763576793382,0,1785477763576793382
1,edp_ag1,1785477765244326400,111,1785477765190949641,1785477765190991488,1785477765190949641,2,55,53407237,6,2,expert_dp_param_allgather:pg=1153,1785477765244398725,72325,expert_dp_param_allgather,41847,1887436800,same_rank_dp_ag1,10880,1.0,1785477763523344298,1785477763523386145,53407237,1785477763576793382,72325,1785477763576721057
0,edp_rs,1785477760744438881,96,1785477760524465113,1785477760524465113,1785477760524360817,2,55,219973768,6,2,expert_dp_grad_reduce_scatter:pg=1139,1785477760744438881,0,expert_dp_grad_reduce_scatter,0,7549747200,same_rank_dp_rs,17659611,1.0,1785477759419269564,1785477759419269564,219973768,1785477759639243332,0,1785477759639243332
0,edp_rs,1785477760744388022,104,1785477760524360817,1785477760524465113,1785477760524360817,2,55,219973768,6,2,expert_dp_grad_reduce_scatter:pg=1139,1785477760744438881,50859,expert_dp_grad_reduce_scatter,104296,7549747200,same_rank_dp_rs,17561106,1.0,1785477759419165268,1785477759419269564,219973768,1785477759639243332,50859,1785477759639192473
0,edp_rs,1785477760736832684,97,1785477760524419559,1785477760524419559,1785477760524203925,2,55,212468386,6,2,expert_dp_grad_reduce_scatter:pg=1141,1785477760736887945,55261,expert_dp_grad_reduce_scatter,0,7549747200,same_rank_dp_rs,17651321,1.0,1785477759419224010,1785477759419224010,212468386,1785477759631692396,55261,1785477759631637135
0,edp_rs,1785477760736887945,105,1785477760524203925,1785477760524419559,1785477760524203925,2,55,212468386,6,2,expert_dp_grad_reduce_scatter:pg=1141,1785477760736887945,0,expert_dp_grad_reduce_scatter,215634,7549747200,same_rank_dp_rs,17399089,1.0,1785477759419008376,1785477759419224010,212468386,1785477759631692396,0,1785477759631692396
0,edp_rs,1785477760741019628,98,1785477760524554695,1785477760524554695,1785477760524431775,2,55,216464933,6,2,expert_dp_grad_reduce_scatter:pg=1143,1785477760741019628,0,expert_dp_grad_reduce_scatter,0,7549747200,same_rank_dp_rs,17746910,1.0,1785477759419359146,1785477759419359146,216464933,1785477759635824079,0,1785477759635824079
0,edp_rs,1785477760740976120,106,1785477760524431775,1785477760524554695,1785477760524431775,2,55,216464933,6,2,expert_dp_grad_reduce_scatter:pg=1143,1785477760741019628,43508,expert_dp_grad_reduce_scatter,122920,7549747200,same_rank_dp_rs,17676438,1.0,1785477759419236226,1785477759419359146,216464933,1785477759635824079,43508,1785477759635780571
0,edp_rs,1785477760736263217,99,1785477760524499233,1785477760524499233,1785477760524378711,2,55,211763984,6,2,expert_dp_grad_reduce_scatter:pg=1145,1785477760736263217,0,expert_dp_grad_reduce_scatter,0,7549747200,same_rank_dp_rs,17714705,1.0,1785477759419303684,1785477759419303684,211763984,1785477759631067668,0,1785477759631067668
0,edp_rs,1785477760736191589,107,1785477760524378711,1785477760524499233,1785477760524378711,2,55,211763984,6,2,expert_dp_grad_reduce_scatter:pg=1145,1785477760736263217,71628,expert_dp_grad_reduce_scatter,120522,7549747200,same_rank_dp_rs,17581203,1.0,1785477759419183162,1785477759419303684,211763984,1785477759631067668,71628,1785477759630996040
0,edp_rs,1785477760732510947,100,1785477760524626307,1785477760524626307,1785477760524431414,2,55,207972120,6,2,expert_dp_grad_reduce_scatter:pg=1147,1785477760732598427,87480,expert_dp_grad_reduce_scatter,0,7549747200,same_rank_dp_rs,17873874,1.0,1785477759419430758,1785477759419430758,207972120,1785477759627402878,87480,1785477759627315398
0,edp_rs,1785477760732598427,108,1785477760524431414,1785477760524626307,1785477760524431414,2,55,207972120,6,2,expert_dp_grad_reduce_scatter:pg=1147,1785477760732598427,0,expert_dp_grad_reduce_scatter,194893,7549747200,same_rank_dp_rs,17665505,1.0,1785477759419235865,1785477759419430758,207972120,1785477759627402878,0,1785477759627402878
0,edp_rs,1785477760732094476,101,1785477760524384385,1785477760524384385,1785477760524306832,2,55,207710091,6,2,expert_dp_grad_reduce_scatter:pg=1149,1785477760732094476,0,expert_dp_grad_reduce_scatter,0,7549747200,same_rank_dp_rs,17578008,1.0,1785477759419188836,1785477759419188836,207710091,1785477759626898927,0,1785477759626898927
0,edp_rs,1785477760732035224,109,1785477760524306832,1785477760524384385,1785477760524306832,2,55,207710091,6,2,expert_dp_grad_reduce_scatter:pg=1149,1785477760732094476,59252,expert_dp_grad_reduce_scatter,77553,7549747200,same_rank_dp_rs,17494046,1.0,1785477759419111283,1785477759419188836,207710091,1785477759626898927,59252,1785477759626839675
0,edp_rs,1785477760726509150,102,1785477760524641878,1785477760524641878,1785477760524626202,2,55,201867272,6,2,expert_dp_grad_reduce_scatter:pg=1151,1785477760726509150,0,expert_dp_grad_reduce_scatter,0,7549747200,same_rank_dp_rs,17898785,1.0,1785477759419446329,1785477759419446329,201867272,1785477759621313601,0,1785477759621313601
0,edp_rs,1785477760726469914,110,1785477760524626202,1785477760524641878,1785477760524626202,2,55,201867272,6,2,expert_dp_grad_reduce_scatter:pg=1151,1785477760726509150,39236,expert_dp_grad_reduce_scatter,15676,7549747200,same_rank_dp_rs,17835545,1.0,1785477759419430653,1785477759419446329,201867272,1785477759621313601,39236,1785477759621274365
0,edp_rs,1785477760744286316,103,1785477760524876206,1785477760524876206,1785477760524476361,2,55,219410110,6,2,expert_dp_grad_reduce_scatter:pg=1153,1785477760744286316,0,expert_dp_grad_reduce_scatter,0,7549747200,same_rank_dp_rs,18121391,1.0,1785477759419680657,1785477759419680657,219410110,1785477759639090767,0,1785477759639090767
0,edp_rs,1785477760744203940,111,1785477760524476361,1785477760524876206,1785477760524476361,2,55,219410110,6,2,expert_dp_grad_reduce_scatter:pg=1153,1785477760744286316,82376,expert_dp_grad_reduce_scatter,399845,7549747200,same_rank_dp_rs,17674919,1.0,1785477759419280812,1785477759419680657,219410110,1785477759639090767,82376,1785477759639008391
0,dp_ag0,1785477765034128866,112,1785477765025750576,1785477765026340623,1785477765025679605,16,55,7790282,7,16,dp_param_allgather:pg=15,1785477765034130905,2039,dp_param_allgather,590047,98621440,world_rs_done,29074319,1.0,1785477763358145233,1785477763358735280,7790282,1785477763366525562,2039,1785477763366523523
0,dp_ag0,1785477765034104139,113,1785477765025916057,1785477765026340623,1785477765025679605,16,55,7790282,7,16,dp_param_allgather:pg=15,1785477765034130905,26766,dp_param_allgather,424566,98621440,world_rs_done,29239800,1.0,1785477763358310714,1785477763358735280,7790282,1785477763366525562,26766,1785477763366498796
0,dp_ag0,1785477765034127378,114,1785477765026020822,1785477765026340623,1785477765025679605,16,55,7790282,7,16,dp_param_allgather:pg=15,1785477765034130905,3527,dp_param_allgather,319801,98621440,world_rs_done,29344565,1.0,1785477763358415479,1785477763358735280,7790282,1785477763366525562,3527,1785477763366522035
0,dp_ag0,1785477765034042866,115,1785477765026025117,1785477765026340623,1785477765025679605,16,55,7790282,7,16,dp_param_allgather:pg=15,1785477765034130905,88039,dp_param_allgather,315506,98621440,world_rs_done,29348860,1.0,1785477763358419774,1785477763358735280,7790282,1785477763366525562,88039,1785477763366437523
0,dp_ag0,1785477765034110344,116,1785477765025707927,1785477765026340623,1785477765025679605,16,55,7790282,7,16,dp_param_allgather:pg=15,1785477765034130905,20561,dp_param_allgather,632696,98621440,world_rs_done,29031670,1.0,1785477763358102584,1785477763358735280,7790282,1785477763366525562,20561,1785477763366505001
0,dp_ag0,1785477765034130905,117,1785477765025836553,1785477765026340623,1785477765025679605,16,55,7790282,7,16,dp_param_allgather:pg=15,1785477765034130905,0,dp_param_allgather,504070,98621440,world_rs_done,29160296,1.0,1785477763358231210,1785477763358735280,7790282,1785477763366525562,0,1785477763366525562
0,dp_ag0,1785477765034045523,118,1785477765025909709,1785477765026340623,1785477765025679605,16,55,7790282,7,16,dp_param_allgather:pg=15,1785477765034130905,85382,dp_param_allgather,430914,98621440,world_rs_done,29233452,1.0,1785477763358304366,1785477763358735280,7790282,1785477763366525562,85382,1785477763366440180
0,dp_ag0,1785477765034053644,119,1785477765026301451,1785477765026340623,1785477765025679605,16,55,7790282,7,16,dp_param_allgather:pg=15,1785477765034130905,77261,dp_param_allgather,39172,98621440,world_rs_done,29625194,1.0,1785477763358696108,1785477763358735280,7790282,1785477763366525562,77261,1785477763366448301
0,dp_ag0,1785477765034114221,120,1785477765025714888,1785477765026340623,1785477765025679605,16,55,7790282,7,16,dp_param_allgather:pg=15,1785477765034130905,16684,dp_param_allgather,625735,98621440,world_rs_done,29038631,1.0,1785477763358109545,1785477763358735280,7790282,1785477763366525562,16684,1785477763366508878
0,dp_ag0,1785477765034115893,121,1785477765025860205,1785477765026340623,1785477765025679605,16,55,7790282,7,16,dp_param_allgather:pg=15,1785477765034130905,15012,dp_param_allgather,480418,98621440,world_rs_done,29183948,1.0,1785477763358254862,1785477763358735280,7790282,1785477763366525562,15012,1785477763366510550
0,dp_ag0,1785477765034113042,122,1785477765025876057,1785477765026340623,1785477765025679605,16,55,7790282,7,16,dp_param_allgather:pg=15,1785477765034130905,17863,dp_param_allgather,464566,98621440,world_rs_done,29199800,1.0,1785477763358270714,1785477763358735280,7790282,1785477763366525562,17863,1785477763366507699
0,dp_ag0,1785477765034114942,123,1785477765026288478,1785477765026340623,1785477765025679605,16,55,7790282,7,16,dp_param_allgather:pg=15,1785477765034130905,15963,dp_param_allgather,52145,98621440,world_rs_done,29612221,1.0,1785477763358683135,1785477763358735280,7790282,1785477763366525562,15963,1785477763366509599
0,dp_ag0,1785477765034043545,124,1785477765025679605,1785477765026340623,1785477765025679605,16,55,7790282,7,16,dp_param_allgather:pg=15,1785477765034130905,87360,dp_param_allgather,661018,98621440,world_rs_done,29003348,1.0,1785477763358074262,1785477763358735280,7790282,1785477763366525562,87360,1785477763366438202
0,dp_ag0,1785477765034110005,125,1785477765025846736,1785477765026340623,1785477765025679605,16,55,7790282,7,16,dp_param_allgather:pg=15,1785477765034130905,20900,dp_param_allgather,493887,98621440,world_rs_done,29170479,1.0,1785477763358241393,1785477763358735280,7790282,1785477763366525562,20900,1785477763366504662
0,dp_ag0,1785477765034113957,126,1785477765026340623,1785477765026340623,1785477765025679605,16,55,7790282,7,16,dp_param_allgather:pg=15,1785477765034130905,16948,dp_param_allgather,0,98621440,world_rs_done,29664366,1.0,1785477763358735280,1785477763358735280,7790282,1785477763366525562,16948,1785477763366508614
0,dp_ag0,1785477765034119882,127,1785477765026339737,1785477765026340623,1785477765025679605,16,55,7790282,7,16,dp_param_allgather:pg=15,1785477765034130905,11023,dp_param_allgather,886,98621440,world_rs_done,29663480,1.0,1785477763358734394,1785477763358735280,7790282,1785477763366525562,11023,1785477763366514539
1,dp_ag1,1785477765193061977,112,1785477765174999829,1785477765185704491,1785477765174098493,16,55,7410714,7,16,dp_param_allgather:pg=15,1785477765193115205,53228,dp_param_allgather,10704662,98621440,same_rank_edp_ag0,87398643,1.0,1785477763507394486,1785477763518099148,7410714,1785477763525509862,53228,1785477763525456634
1,dp_ag1,1785477765193066797,113,1785477765184033390,1785477765185704491,1785477765174098493,16,55,7410714,7,16,dp_param_allgather:pg=15,1785477765193115205,48408,dp_param_allgather,1671101,98621440,same_rank_edp_ag0,86297444,1.0,1785477763516428047,1785477763518099148,7410714,1785477763525509862,48408,1785477763525461454
1,dp_ag1,1785477765193115205,114,1785477765175510646,1785477765185704491,1785477765174098493,16,55,7410714,7,16,dp_param_allgather:pg=15,1785477765193115205,0,dp_param_allgather,10193845,98621440,same_rank_edp_ag0,87361908,1.0,1785477763507905303,1785477763518099148,7410714,1785477763525509862,0,1785477763525509862
1,dp_ag1,1785477765193053482,115,1785477765174583895,1785477765185704491,1785477765174098493,16,55,7410714,7,16,dp_param_allgather:pg=15,1785477765193115205,61723,dp_param_allgather,11120596,98621440,same_rank_edp_ag0,87312956,1.0,1785477763506978552,1785477763518099148,7410714,1785477763525509862,61723,1785477763525448139
1,dp_ag1,1785477765193086680,116,1785477765176399365,1785477765185704491,1785477765174098493,16,55,7410714,7,16,dp_param_allgather:pg=15,1785477765193115205,28525,dp_param_allgather,9305126,98621440,same_rank_edp_ag0,87514625,1.0,1785477763508794022,1785477763518099148,7410714,1785477763525509862,28525,1785477763525481337
1,dp_ag1,1785477765193063484,117,1785477765175190334,1785477765185704491,1785477765174098493,16,55,7410714,7,16,dp_param_allgather:pg=15,1785477765193115205,51721,dp_param_allgather,10514157,98621440,same_rank_edp_ag0,86775258,1.0,1785477763507584991,1785477763518099148,7410714,1785477763525509862,51721,1785477763525458141
1,dp_ag1,1785477765193058726,118,1785477765174098493,1785477765185704491,1785477765174098493,16,55,7410714,7,16,dp_param_allgather:pg=15,1785477765193115205,56479,dp_param_allgather,11605998,98621440,same_rank_edp_ag0,86092994,1.0,1785477763506493150,1785477763518099148,7410714,1785477763525509862,56479,1785477763525453383
1,dp_ag1,1785477765193111483,119,1785477765177664857,1785477765185704491,1785477765174098493,16,55,7410714,7,16,dp_param_allgather:pg=15,1785477765193115205,3722,dp_param_allgather,8039634,98621440,same_rank_edp_ag0,87402253,1.0,1785477763510059514,1785477763518099148,7410714,1785477763525509862,3722,1785477763525506140
1,dp_ag1,1785477765193108020,120,1785477765175001826,1785477765185704491,1785477765174098493,16,55,7410714,7,16,dp_param_allgather:pg=15,1785477765193115205,7185,dp_param_allgather,10702665,98621440,same_rank_edp_ag0,87425989,1.0,1785477763507396483,1785477763518099148,7410714,1785477763525509862,7185,1785477763525502677
1,dp_ag1,1785477765193066299,121,1785477765185704491,1785477765185704491,1785477765174098493,16,55,7410714,7,16,dp_param_allgather:pg=15,1785477765193115205,48906,dp_param_allgather,0,98621440,same_rank_edp_ag0,88034652,1.0,1785477763518099148,1785477763518099148,7410714,1785477763525509862,48906,1785477763525460956
1,dp_ag1,1785477765193033721,122,1785477765175517948,1785477765185704491,1785477765174098493,16,55,7410714,7,16,dp_param_allgather:pg=15,1785477765193115205,81484,dp_param_allgather,10186543,98621440,same_rank_edp_ag0,87348543,1.0,1785477763507912605,1785477763518099148,7410714,1785477763525509862,81484,1785477763525428378
1,dp_ag1,1785477765193100440,123,1785477765175066903,1785477765185704491,1785477765174098493,16,55,7410714,7,16,dp_param_allgather:pg=15,1785477765193115205,14765,dp_param_allgather,10637588,98621440,same_rank_edp_ag0,87856634,1.0,1785477763507461560,1785477763518099148,7410714,1785477763525509862,14765,1785477763525495097
1,dp_ag1,1785477765193048849,124,1785477765177021327,1785477765185704491,1785477765174098493,16,55,7410714,7,16,dp_param_allgather:pg=15,1785477765193115205,66356,dp_param_allgather,8683164,98621440,same_rank_edp_ag0,88130391,1.0,1785477763509415984,1785477763518099148,7410714,1785477763525509862,66356,1785477763525443506
1,dp_ag1,1785477765193084495,125,1785477765176580836,1785477765185704491,1785477765174098493,16,55,7410714,7,16,dp_param_allgather:pg=15,1785477765193115205,30710,dp_param_allgather,9123655,98621440,same_rank_edp_ag0,88187996,1.0,1785477763508975493,1785477763518099148,7410714,1785477763525509862,30710,1785477763525479152
1,dp_ag1,1785477765193051947,126,1785477765175972747,1785477765185704491,1785477765174098493,16,55,7410714,7,16,dp_param_allgather:pg=15,1785477765193115205,63258,dp_param_allgather,9731744,98621440,same_rank_edp_ag0,88055494,1.0,1785477763508367404,1785477763518099148,7410714,1785477763525509862,63258,1785477763525446604
1,dp_ag1,1785477765193049321,127,1785477765177941471,1785477765185704491,1785477765174098493,16,55,7410714,7,16,dp_param_allgather:pg=15,1785477765193115205,65884,dp_param_allgather,7763020,98621440,same_rank_edp_ag0,87778006,1.0,1785477763510336128,1785477763518099148,7410714,1785477763525509862,65884,1785477763525443978
0,dp_rs,1785477759712078894,112,1785477759494614651,1785477759696316041,1785477759493127832,16,55,15868684,7,16,dp_grad_reduce_scatter:pg=15,1785477759712184725,105831,dp_grad_reduce_scatter,201701390,3155886080,pp_frontier,0,1.0,1785477758440999541,1785477758684091853,15868684,1785477758699960537,105831,1785477758699854706
0,dp_rs,1785477759711996302,113,1785477759494678289,1785477759696316041,1785477759493127832,16,55,15868684,7,16,dp_grad_reduce_scatter:pg=15,1785477759712184725,188423,dp_grad_reduce_scatter,201637752,3155886080,pp_frontier,0,1.0,1785477758435633637,1785477758684091853,15868684,1785477758699960537,188423,1785477758699772114
0,dp_rs,1785477759712013639,114,1785477759494777943,1785477759696316041,1785477759493127832,16,55,15868684,7,16,dp_grad_reduce_scatter:pg=15,1785477759712184725,171086,dp_grad_reduce_scatter,201538098,3155886080,pp_frontier,0,1.0,1785477758443254895,1785477758684091853,15868684,1785477758699960537,171086,1785477758699789451
0,dp_rs,1785477759712029730,115,1785477759494778857,1785477759696316041,1785477759493127832,16,55,15868684,7,16,dp_grad_reduce_scatter:pg=15,1785477759712184725,154995,dp_grad_reduce_scatter,201537184,3155886080,pp_frontier,0,1.0,1785477758440202277,1785477758684091853,15868684,1785477758699960537,154995,1785477758699805542
0,dp_rs,1785477759712001852,116,1785477759493127832,1785477759696316041,1785477759493127832,16,55,15868684,7,16,dp_grad_reduce_scatter:pg=15,1785477759712184725,182873,dp_grad_reduce_scatter,203188209,3155886080,pp_frontier,0,1.0,1785477758443325279,1785477758684091853,15868684,1785477758699960537,182873,1785477758699777664
0,dp_rs,1785477759712057506,117,1785477759493313891,1785477759696316041,1785477759493127832,16,55,15868684,7,16,dp_grad_reduce_scatter:pg=15,1785477759712184725,127219,dp_grad_reduce_scatter,203002150,3155886080,pp_frontier,0,1.0,1785477758443082499,1785477758684091853,15868684,1785477758699960537,127219,1785477758699833318
0,dp_rs,1785477759712135991,118,1785477759493565996,1785477759696316041,1785477759493127832,16,55,15868684,7,16,dp_grad_reduce_scatter:pg=15,1785477759712184725,48734,dp_grad_reduce_scatter,202750045,3155886080,pp_frontier,0,1.0,1785477758435914602,1785477758684091853,15868684,1785477758699960537,48734,1785477758699911803
0,dp_rs,1785477759712170504,119,1785477759494405156,1785477759696316041,1785477759493127832,16,55,15868684,7,16,dp_grad_reduce_scatter:pg=15,1785477759712184725,14221,dp_grad_reduce_scatter,201910885,3155886080,pp_frontier,0,1.0,1785477758437205499,1785477758684091853,15868684,1785477758699960537,14221,1785477758699946316
0,dp_rs,1785477759712072834,120,1785477759696276415,1785477759696316041,1785477759493127832,16,55,15868684,7,16,dp_grad_reduce_scatter:pg=15,1785477759712184725,111891,dp_grad_reduce_scatter,39626,3155886080,pp_frontier,0,1.0,1785477758663429430,1785477758684091853,15868684,1785477758699960537,111891,1785477758699848646
0,dp_rs,1785477759712090018,121,1785477759696316041,1785477759696316041,1785477759493127832,16,55,15868684,7,16,dp_grad_reduce_scatter:pg=15,1785477759712184725,94707,dp_grad_reduce_scatter,0,3155886080,pp_frontier,0,1.0,1785477758680692230,1785477758684091853,15868684,1785477758699960537,94707,1785477758699865830
0,dp_rs,1785477759712106420,122,1785477759694902408,1785477759696316041,1785477759493127832,16,55,15868684,7,16,dp_grad_reduce_scatter:pg=15,1785477759712184725,78305,dp_grad_reduce_scatter,1413633,3155886080,pp_frontier,0,1.0,1785477758681860666,1785477758684091853,15868684,1785477758699960537,78305,1785477758699882232
0,dp_rs,1785477759712133212,123,1785477759695912440,1785477759696316041,1785477759493127832,16,55,15868684,7,16,dp_grad_reduce_scatter:pg=15,1785477759712184725,51513,dp_grad_reduce_scatter,403601,3155886080,pp_frontier,0,1.0,1785477758684091853,1785477758684091853,15868684,1785477758699960537,51513,1785477758699909024
0,dp_rs,1785477759712184725,124,1785477759694557806,1785477759696316041,1785477759493127832,16,55,15868684,7,16,dp_grad_reduce_scatter:pg=15,1785477759712184725,0,dp_grad_reduce_scatter,1758235,3155886080,pp_frontier,0,1.0,1785477758682876838,1785477758684091853,15868684,1785477758699960537,0,1785477758699960537
0,dp_rs,1785477759712096074,125,1785477759694697331,1785477759696316041,1785477759493127832,16,55,15868684,7,16,dp_grad_reduce_scatter:pg=15,1785477759712184725,88651,dp_grad_reduce_scatter,1618710,3155886080,pp_frontier,0,1.0,1785477758682224745,1785477758684091853,15868684,1785477758699960537,88651,1785477758699871886
0,dp_rs,1785477759712096387,126,1785477759695797715,1785477759696316041,1785477759493127832,16,55,15868684,7,16,dp_grad_reduce_scatter:pg=15,1785477759712184725,88338,dp_grad_reduce_scatter,518326,3155886080,pp_frontier,0,1.0,1785477758675633440,1785477758684091853,15868684,1785477758699960537,88338,1785477758699872199
0,dp_rs,1785477759712052576,127,1785477759696041721,1785477759696316041,1785477759493127832,16,55,15868684,7,16,dp_grad_reduce_scatter:pg=15,1785477759712184725,132149,dp_grad_reduce_scatter,274320,3155886080,pp_frontier,0,1.0,1785477758674600796,1785477758684091853,15868684,1785477758699960537,132149,1785477758699828388
0,edp_ag0,1785477765087601186,112,1785477765034244427,1785477765034244427,1785477765034124741,2,55,53356759,7,2,expert_dp_param_allgather:pg=1155,1785477765087601186,0,expert_dp_param_allgather,0,1887436800,same_rank_dp_ag0,115561,1.0,1785477763366639084,1785477763366639084,53356759,1785477763419995843,0,1785477763419995843
0,edp_ag0,1785477765087575837,120,1785477765034124741,1785477765034244427,1785477765034124741,2,55,53356759,7,2,expert_dp_param_allgather:pg=1155,1785477765087601186,25349,expert_dp_param_allgather,119686,1887436800,same_rank_dp_ag0,10520,1.0,1785477763366519398,1785477763366639084,53356759,1785477763419995843,25349,1785477763419970494
0,edp_ag0,1785477765097735946,113,1785477765034114939,1785477765034126693,1785477765034114939,2,55,63609253,7,2,expert_dp_param_allgather:pg=1157,1785477765097735946,0,expert_dp_param_allgather,11754,1887436800,same_rank_dp_ag0,10800,1.0,1785477763366509596,1785477763366521350,63609253,1785477763430130603,0,1785477763430130603
0,edp_ag0,1785477765097669839,121,1785477765034126693,1785477765034126693,1785477765034114939,2,55,63609253,7,2,expert_dp_param_allgather:pg=1157,1785477765097735946,66107,expert_dp_param_allgather,0,1887436800,same_rank_dp_ag0,10800,1.0,1785477763366521350,1785477763366521350,63609253,1785477763430130603,66107,1785477763430064496
0,edp_ag0,1785477765088148738,114,1785477765034138058,1785477765034138058,1785477765034123922,2,55,54031347,7,2,expert_dp_param_allgather:pg=1159,1785477765088169405,20667,expert_dp_param_allgather,0,1887436800,same_rank_dp_ag0,10680,1.0,1785477763366532715,1785477763366532715,54031347,1785477763420564062,20667,1785477763420543395
0,edp_ag0,1785477765088169405,122,1785477765034123922,1785477765034138058,1785477765034123922,2,55,54031347,7,2,expert_dp_param_allgather:pg=1159,1785477765088169405,0,expert_dp_param_allgather,14136,1887436800,same_rank_dp_ag0,10880,1.0,1785477763366518579,1785477763366532715,54031347,1785477763420564062,0,1785477763420564062
0,edp_ag0,1785477765087270939,115,1785477765034053466,1785477765034125862,1785477765034053466,2,55,53145077,7,2,expert_dp_param_allgather:pg=1161,1785477765087270939,0,expert_dp_param_allgather,72396,1887436800,same_rank_dp_ag0,10600,1.0,1785477763366448123,1785477763366520519,53145077,1785477763419665596,0,1785477763419665596
0,edp_ag0,1785477765087210269,123,1785477765034125862,1785477765034125862,1785477765034053466,2,55,53145077,7,2,expert_dp_param_allgather:pg=1161,1785477765087270939,60670,expert_dp_param_allgather,0,1887436800,same_rank_dp_ag0,10920,1.0,1785477763366520519,1785477763366520519,53145077,1785477763419665596,60670,1785477763419604926
0,edp_ag0,1785477765088884740,116,1785477765034120904,1785477765034120904,1785477765034100745,2,55,54770032,7,2,expert_dp_param_allgather:pg=1163,1785477765088890936,6196,expert_dp_param_allgather,0,1887436800,same_rank_dp_ag0,10560,1.0,1785477763366515561,1785477763366515561,54770032,1785477763421285593,6196,1785477763421279397
0,edp_ag0,1785477765088890936,124,1785477765034100745,1785477765034120904,1785477765034100745,2,55,54770032,7,2,expert_dp_param_allgather:pg=1163,1785477765088890936,0,expert_dp_param_allgather,20159,1887436800,same_rank_dp_ag0,57200,1.0,1785477763366495402,1785477763366515561,54770032,1785477763421285593,0,1785477763421285593
0,edp_ag0,1785477765088415076,117,1785477765034190305,1785477765034190305,1785477765034120805,2,55,54224771,7,2,expert_dp_param_allgather:pg=1165,1785477765088415076,0,expert_dp_param_allgather,0,1887436800,same_rank_dp_ag0,59400,1.0,1785477763366584962,1785477763366584962,54224771,1785477763420809733,0,1785477763420809733
0,edp_ag0,1785477765088392840,125,1785477765034120805,1785477765034190305,1785477765034120805,2,55,54224771,7,2,expert_dp_param_allgather:pg=1165,1785477765088415076,22236,expert_dp_param_allgather,69500,1887436800,same_rank_dp_ag0,10800,1.0,1785477763366515462,1785477763366584962,54224771,1785477763420809733,22236,1785477763420787497
0,edp_ag0,1785477765088005499,118,1785477765034056643,1785477765034124437,1785477765034056643,2,55,53881062,7,2,expert_dp_param_allgather:pg=1167,1785477765088005499,0,expert_dp_param_allgather,67794,1887436800,same_rank_dp_ag0,11120,1.0,1785477763366451300,1785477763366519094,53881062,1785477763420400156,0,1785477763420400156
0,edp_ag0,1785477765087917253,126,1785477765034124437,1785477765034124437,1785477765034056643,2,55,53881062,7,2,expert_dp_param_allgather:pg=1167,1785477765088005499,88246,expert_dp_param_allgather,0,1887436800,same_rank_dp_ag0,10480,1.0,1785477763366519094,1785477763366519094,53881062,1785477763420400156,88246,1785477763420311910
0,edp_ag0,1785477765090262604,119,1785477765034070165,1785477765034167242,1785477765034070165,2,55,56095362,7,2,expert_dp_param_allgather:pg=1169,1785477765090262604,0,expert_dp_param_allgather,97077,1887436800,same_rank_dp_ag0,16521,1.0,1785477763366464822,1785477763366561899,56095362,1785477763422657261,0,1785477763422657261
0,edp_ag0,1785477765090163465,127,1785477765034167242,1785477765034167242,1785477765034070165,2,55,56095362,7,2,expert_dp_param_allgather:pg=1169,1785477765090262604,99139,expert_dp_param_allgather,0,1887436800,same_rank_dp_ag0,47360,1.0,1785477763366561899,1785477763366561899,56095362,1785477763422657261,99139,1785477763422558122
1,edp_ag1,1785477765244682246,112,1785477765193086617,1785477765193142620,1785477765193086617,2,55,51539626,7,2,expert_dp_param_allgather:pg=1155,1785477765244682246,0,expert_dp_param_allgather,56003,1887436800,same_rank_dp_ag1,24640,1.0,1785477763525481274,1785477763525537277,51539626,1785477763577076903,0,1785477763577076903
1,edp_ag1,1785477765244627784,120,1785477765193142620,1785477765193142620,1785477765193086617,2,55,51539626,7,2,expert_dp_param_allgather:pg=1155,1785477765244682246,54462,expert_dp_param_allgather,0,1887436800,same_rank_dp_ag1,34600,1.0,1785477763525537277,1785477763525537277,51539626,1785477763577076903,54462,1785477763577022441
1,edp_ag1,1785477765254103110,113,1785477765193078477,1785477765193087259,1785477765193078477,2,55,61015851,7,2,expert_dp_param_allgather:pg=1157,1785477765254103110,0,expert_dp_param_allgather,8782,1887436800,same_rank_dp_ag1,11680,1.0,1785477763525473134,1785477763525481916,61015851,1785477763586497767,0,1785477763586497767
1,edp_ag1,1785477765254090403,121,1785477765193087259,1785477765193087259,1785477765193078477,2,55,61015851,7,2,expert_dp_param_allgather:pg=1157,1785477765254103110,12707,expert_dp_param_allgather,0,1887436800,same_rank_dp_ag1,20960,1.0,1785477763525481916,1785477763525481916,61015851,1785477763586497767,12707,1785477763586485060
1,edp_ag1,1785477765246167360,114,1785477765193126045,1785477765193126045,1785477765193045481,2,55,53041315,7,2,expert_dp_param_allgather:pg=1159,1785477765246167360,0,expert_dp_param_allgather,0,1887436800,same_rank_dp_ag1,10840,1.0,1785477763525520702,1785477763525520702,53041315,1785477763578562017,0,1785477763578562017
1,edp_ag1,1785477765246109001,122,1785477765193045481,1785477765193126045,1785477765193045481,2,55,53041315,7,2,expert_dp_param_allgather:pg=1159,1785477765246167360,58359,expert_dp_param_allgather,80564,1887436800,same_rank_dp_ag1,11760,1.0,1785477763525440138,1785477763525520702,53041315,1785477763578562017,58359,1785477763578503658
1,edp_ag1,1785477765246601916,115,1785477765193092282,1785477765193112120,1785477765193092282,2,55,53489796,7,2,expert_dp_param_allgather:pg=1161,1785477765246601916,0,expert_dp_param_allgather,19838,1887436800,same_rank_dp_ag1,38800,1.0,1785477763525486939,1785477763525506777,53489796,1785477763578996573,0,1785477763578996573
1,edp_ag1,1785477765246561807,123,1785477765193112120,1785477765193112120,1785477765193092282,2,55,53489796,7,2,expert_dp_param_allgather:pg=1161,1785477765246601916,40109,expert_dp_param_allgather,0,1887436800,same_rank_dp_ag1,11680,1.0,1785477763525506777,1785477763525506777,53489796,1785477763578996573,40109,1785477763578956464
1,edp_ag1,1785477765246416432,116,1785477765193098200,1785477765193098200,1785477765193059769,2,55,53349443,7,2,expert_dp_param_allgather:pg=1163,1785477765246447643,31211,expert_dp_param_allgather,0,1887436800,same_rank_dp_ag1,11520,1.0,1785477763525492857,1785477763525492857,53349443,1785477763578842300,31211,1785477763578811089
1,edp_ag1,1785477765246447643,124,1785477765193059769,1785477765193098200,1785477765193059769,2,55,53349443,7,2,expert_dp_param_allgather:pg=1163,1785477765246447643,0,expert_dp_param_allgather,38431,1887436800,same_rank_dp_ag1,10920,1.0,1785477763525454426,1785477763525492857,53349443,1785477763578842300,0,1785477763578842300
1,edp_ag1,1785477765246061611,117,1785477765193075564,1785477765193096695,1785477765193075564,2,55,52980430,7,2,expert_dp_param_allgather:pg=1165,1785477765246077125,15514,expert_dp_param_allgather,21131,1887436800,same_rank_dp_ag1,12080,1.0,1785477763525470221,1785477763525491352,52980430,1785477763578471782,15514,1785477763578456268
1,edp_ag1,1785477765246077125,125,1785477765193096695,1785477765193096695,1785477765193075564,2,55,52980430,7,2,expert_dp_param_allgather:pg=1165,1785477765246077125,0,expert_dp_param_allgather,0,1887436800,same_rank_dp_ag1,12200,1.0,1785477763525491352,1785477763525491352,52980430,1785477763578471782,0,1785477763578471782
1,edp_ag1,1785477765247880584,118,1785477765193091846,1785477765193112787,1785477765193091846,2,55,54767797,7,2,expert_dp_param_allgather:pg=1167,1785477765247880584,0,expert_dp_param_allgather,20941,1887436800,same_rank_dp_ag1,33120,1.0,1785477763525486503,1785477763525507444,54767797,1785477763580275241,0,1785477763580275241
1,edp_ag1,1785477765247815729,126,1785477765193112787,1785477765193112787,1785477765193091846,2,55,54767797,7,2,expert_dp_param_allgather:pg=1167,1785477765247880584,64855,expert_dp_param_allgather,0,1887436800,same_rank_dp_ag1,60840,1.0,1785477763525507444,1785477763525507444,54767797,1785477763580275241,64855,1785477763580210386
1,edp_ag1,1785477765245753107,119,1785477765193126083,1785477765193126083,1785477765193059921,2,55,52627024,7,2,expert_dp_param_allgather:pg=1169,1785477765245753107,0,expert_dp_param_allgather,0,1887436800,same_rank_dp_ag1,14600,1.0,1785477763525520740,1785477763525520740,52627024,1785477763578147764,0,1785477763578147764
1,edp_ag1,1785477765245726252,127,1785477765193059921,1785477765193126083,1785477765193059921,2,55,52627024,7,2,expert_dp_param_allgather:pg=1169,1785477765245753107,26855,expert_dp_param_allgather,66162,1887436800,same_rank_dp_ag1,10600,1.0,1785477763525454578,1785477763525520740,52627024,1785477763578147764,26855,1785477763578120909
0,edp_rs,1785477759936227776,112,1785477759729603157,1785477759729603157,1785477759729498183,2,55,206624619,7,2,expert_dp_grad_reduce_scatter:pg=1155,1785477759936227776,0,expert_dp_grad_reduce_scatter,0,7549747200,same_rank_dp_rs,17524263,1.0,1785477758717378969,1785477758717378969,206624619,1785477758924003588,0,1785477758924003588
0,edp_rs,1785477759936121155,120,1785477759729498183,1785477759729603157,1785477759729498183,2,55,206624619,7,2,expert_dp_grad_reduce_scatter:pg=1155,1785477759936227776,106621,expert_dp_grad_reduce_scatter,104974,7549747200,same_rank_dp_rs,17425349,1.0,1785477758717273995,1785477758717378969,206624619,1785477758924003588,106621,1785477758923896967
0,edp_rs,1785477759939297008,113,1785477759729771155,1785477759729771155,1785477759729683556,2,55,209525853,7,2,expert_dp_grad_reduce_scatter:pg=1157,1785477759939297008,0,expert_dp_grad_reduce_scatter,0,7549747200,same_rank_dp_rs,17774853,1.0,1785477758717546967,1785477758717546967,209525853,1785477758927072820,0,1785477758927072820
0,edp_rs,1785477759939225095,121,1785477759729683556,1785477759729771155,1785477759729683556,2,55,209525853,7,2,expert_dp_grad_reduce_scatter:pg=1157,1785477759939297008,71913,expert_dp_grad_reduce_scatter,87599,7549747200,same_rank_dp_rs,17593538,1.0,1785477758717459368,1785477758717546967,209525853,1785477758927072820,71913,1785477758927000907
0,edp_rs,1785477759941296269,114,1785477759729447517,1785477759729786353,1785477759729447517,2,55,211509916,7,2,expert_dp_grad_reduce_scatter:pg=1159,1785477759941296269,0,expert_dp_grad_reduce_scatter,338836,7549747200,same_rank_dp_rs,17433878,1.0,1785477758717223329,1785477758717562165,211509916,1785477758929072081,0,1785477758929072081
0,edp_rs,1785477759941228109,122,1785477759729786353,1785477759729786353,1785477759729447517,2,55,211509916,7,2,expert_dp_grad_reduce_scatter:pg=1159,1785477759941296269,68160,expert_dp_grad_reduce_scatter,0,7549747200,same_rank_dp_rs,17679933,1.0,1785477758717562165,1785477758717562165,211509916,1785477758929072081,68160,1785477758929003921
0,edp_rs,1785477759935570705,115,1785477759729452553,1785477759729904270,1785477759729452553,2,55,205666435,7,2,expert_dp_grad_reduce_scatter:pg=1161,1785477759935570705,0,expert_dp_grad_reduce_scatter,451717,7549747200,same_rank_dp_rs,17422823,1.0,1785477758717228365,1785477758717680082,205666435,1785477758923346517,0,1785477758923346517
0,edp_rs,1785477759935473736,123,1785477759729904270,1785477759729904270,1785477759729452553,2,55,205666435,7,2,expert_dp_grad_reduce_scatter:pg=1161,1785477759935570705,96969,expert_dp_grad_reduce_scatter,0,7549747200,same_rank_dp_rs,17771058,1.0,1785477758717680082,1785477758717680082,205666435,1785477758923346517,96969,1785477758923249548
0,edp_rs,1785477759929899910,116,1785477759729802216,1785477759729802216,1785477759729750685,2,55,200122089,7,2,expert_dp_grad_reduce_scatter:pg=1163,1785477759929924305,24395,expert_dp_grad_reduce_scatter,0,7549747200,same_rank_dp_rs,17800364,1.0,1785477758717578028,1785477758717578028,200122089,1785477758917700117,24395,1785477758917675722
0,edp_rs,1785477759929924305,124,1785477759729750685,1785477759729802216,1785477759729750685,2,55,200122089,7,2,expert_dp_grad_reduce_scatter:pg=1163,1785477759929924305,0,expert_dp_grad_reduce_scatter,51531,7549747200,same_rank_dp_rs,17565960,1.0,1785477758717526497,1785477758717578028,200122089,1785477758917700117,0,1785477758917700117
0,edp_rs,1785477759945777099,117,1785477759729781855,1785477759729923899,1785477759729781855,2,55,215854467,7,2,expert_dp_grad_reduce_scatter:pg=1165,1785477759945778366,1267,expert_dp_grad_reduce_scatter,142044,7549747200,same_rank_dp_rs,17724349,1.0,1785477758717557667,1785477758717699711,215854467,1785477758933554178,1267,1785477758933552911
0,edp_rs,1785477759945778366,125,1785477759729923899,1785477759729923899,1785477759729781855,2,55,215854467,7,2,expert_dp_grad_reduce_scatter:pg=1165,1785477759945778366,0,expert_dp_grad_reduce_scatter,0,7549747200,same_rank_dp_rs,17827825,1.0,1785477758717699711,1785477758717699711,215854467,1785477758933554178,0,1785477758933554178
0,edp_rs,1785477759939044921,118,1785477759730043703,1785477759730043703,1785477759729767988,2,55,209016203,7,2,expert_dp_grad_reduce_scatter:pg=1167,1785477759939059906,14985,expert_dp_grad_reduce_scatter,0,7549747200,same_rank_dp_rs,17907712,1.0,1785477758717819515,1785477758717819515,209016203,1785477758926835718,14985,1785477758926820733
0,edp_rs,1785477759939059906,126,1785477759729767988,1785477759730043703,1785477759729767988,2,55,209016203,7,2,expert_dp_grad_reduce_scatter:pg=1167,1785477759939059906,0,expert_dp_grad_reduce_scatter,275715,7549747200,same_rank_dp_rs,17671601,1.0,1785477758717543800,1785477758717819515,209016203,1785477758926835718,0,1785477758926835718
0,edp_rs,1785477759942568105,119,1785477759729729857,1785477759730292158,1785477759729729857,2,55,212275947,7,2,expert_dp_grad_reduce_scatter:pg=1169,1785477759942568105,0,expert_dp_grad_reduce_scatter,562301,7549747200,same_rank_dp_rs,17559353,1.0,1785477758717505669,1785477758718067970,212275947,1785477758930343917,0,1785477758930343917
0,edp_rs,1785477759942488160,127,1785477759730292158,1785477759730292158,1785477759729729857,2,55,212275947,7,2,expert_dp_grad_reduce_scatter:pg=1169,1785477759942568105,79945,expert_dp_grad_reduce_scatter,0,7549747200,same_rank_dp_rs,18239582,1.0,1785477758718067970,1785477758718067970,212275947,1785477758930343917,79945,1785477758930263972
0,dp_ag0,1785477765034138538,128,1785477765025840385,1785477765026328697,1785477765025206978,16,55,7821839,8,16,dp_param_allgather:pg=17,1785477765034150536,11998,dp_param_allgather,488312,98621440,world_rs_done,29164128,1.0,1785477763358235042,1785477763358723354,7821839,1785477763366545193,11998,1785477763366533195
0,dp_ag0,1785477765034086940,129,1785477765025825179,1785477765026328697,1785477765025206978,16,55,7821839,8,16,dp_param_allgather:pg=17,1785477765034150536,63596,dp_param_allgather,503518,98621440,world_rs_done,29148922,1.0,1785477763358219836,1785477763358723354,7821839,1785477763366545193,63596,1785477763366481597
0,dp_ag0,1785477765034150536,130,1785477765025998793,1785477765026328697,1785477765025206978,16,55,7821839,8,16,dp_param_allgather:pg=17,1785477765034150536,0,dp_param_allgather,329904,98621440,world_rs_done,29322536,1.0,1785477763358393450,1785477763358723354,7821839,1785477763366545193,0,1785477763366545193
0,dp_ag0,1785477765034105898,131,1785477765026239997,1785477765026328697,1785477765025206978,16,55,7821839,8,16,dp_param_allgather:pg=17,1785477765034150536,44638,dp_param_allgather,88700,98621440,world_rs_done,29563740,1.0,1785477763358634654,1785477763358723354,7821839,1785477763366545193,44638,1785477763366500555
0,dp_ag0,1785477765034145944,132,1785477765025828985,1785477765026328697,1785477765025206978,16,55,7821839,8,16,dp_param_allgather:pg=17,1785477765034150536,4592,dp_param_allgather,499712,98621440,world_rs_done,29152728,1.0,1785477763358223642,1785477763358723354,7821839,1785477763366545193,4592,1785477763366540601
0,dp_ag0,1785477765034150077,133,1785477765025974068,1785477765026328697,1785477765025206978,16,55,7821839,8,16,dp_param_allgather:pg=17,1785477765034150536,459,dp_param_allgather,354629,98621440,world_rs_done,29297811,1.0,1785477763358368725,1785477763358723354,7821839,1785477763366545193,459,1785477763366544734
0,dp_ag0,1785477765034095365,134,1785477765025340328,1785477765026328697,1785477765025206978,16,55,7821839,8,16,dp_param_allgather:pg=17,1785477765034150536,55171,dp_param_allgather,988369,98621440,world_rs_done,28664071,1.0,1785477763357734985,1785477763358723354,7821839,1785477763366545193,55171,1785477763366490022
0,dp_ag0,1785477765034078225,135,1785477765026152777,1785477765026328697,1785477765025206978,16,55,7821839,8,16,dp_param_allgather:pg=17,1785477765034150536,72311,dp_param_allgather,175920,98621440,world_rs_done,29476520,1.0,1785477763358547434,1785477763358723354,7821839,1785477763366545193,72311,1785477763366472882
0,dp_ag0,1785477765034124402,136,1785477765025206978,1785477765026328697,1785477765025206978,16,55,7821839,8,16,dp_param_allgather:pg=17,1785477765034150536,26134,dp_param_allgather,1121719,98621440,world_rs_done,28530721,1.0,1785477763357601635,1785477763358723354,7821839,1785477763366545193,26134,1785477763366519059
0,dp_ag0,1785477765034125455,137,1785477765025606707,1785477765026328697,1785477765025206978,16,55,7821839,8,16,dp_param_allgather:pg=17,1785477765034150536,25081,dp_param_allgather,721990,98621440,world_rs_done,28930450,1.0,1785477763358001364,1785477763358723354,7821839,1785477763366545193,25081,1785477763366520112
0,dp_ag0,1785477765034109302,138,1785477765025587324,1785477765026328697,1785477765025206978,16,55,7821839,8,16,dp_param_allgather:pg=17,1785477765034150536,41234,dp_param_allgather,741373,98621440,world_rs_done,28911067,1.0,1785477763357981981,1785477763358723354,7821839,1785477763366545193,41234,1785477763366503959
0,dp_ag0,1785477765034117479,139,1785477765026328697,1785477765026328697,1785477765025206978,16,55,7821839,8,16,dp_param_allgather:pg=17,1785477765034150536,33057,dp_param_allgather,0,98621440,world_rs_done,29652440,1.0,1785477763358723354,1785477763358723354,7821839,1785477763366545193,33057,1785477763366512136
0,dp_ag0,1785477765034115102,140,1785477765025613474,1785477765026328697,1785477765025206978,16,55,7821839,8,16,dp_param_allgather:pg=17,1785477765034150536,35434,dp_param_allgather,715223,98621440,world_rs_done,28937217,1.0,1785477763358008131,1785477763358723354,7821839,1785477763366545193,35434,1785477763366509759
0,dp_ag0,1785477765034112260,141,1785477765025830585,1785477765026328697,1785477765025206978,16,55,7821839,8,16,dp_param_allgather:pg=17,1785477765034150536,38276,dp_param_allgather,498112,98621440,world_rs_done,29154328,1.0,1785477763358225242,1785477763358723354,7821839,1785477763366545193,38276,1785477763366506917
0,dp_ag0,1785477765034125294,142,1785477765026038350,1785477765026328697,1785477765025206978,16,55,7821839,8,16,dp_param_allgather:pg=17,1785477765034150536,25242,dp_param_allgather,290347,98621440,world_rs_done,29362093,1.0,1785477763358433007,1785477763358723354,7821839,1785477763366545193,25242,1785477763366519951
0,dp_ag0,1785477765034124781,143,1785477765026063097,1785477765026328697,1785477765025206978,16,55,7821839,8,16,dp_param_allgather:pg=17,1785477765034150536,25755,dp_param_allgather,265600,98621440,world_rs_done,29386840,1.0,1785477763358457754,1785477763358723354,7821839,1785477763366545193,25755,1785477763366519438
1,dp_ag1,1785477765187575041,128,1785477765174641808,1785477765179832510,1785477765172940032,16,55,7767905,8,16,dp_param_allgather:pg=17,1785477765187600415,25374,dp_param_allgather,5190702,98621440,same_rank_edp_ag0,87347845,1.0,1785477763507036465,1785477763512227167,7767905,1785477763519995072,25374,1785477763519969698
1,dp_ag1,1785477765187573059,129,1785477765175399518,1785477765179832510,1785477765172940032,16,55,7767905,8,16,dp_param_allgather:pg=17,1785477765187600415,27356,dp_param_allgather,4432992,98621440,same_rank_edp_ag0,88068875,1.0,1785477763507794175,1785477763512227167,7767905,1785477763519995072,27356,1785477763519967716
1,dp_ag1,1785477765187558932,130,1785477765179832510,1785477765179832510,1785477765172940032,16,55,7767905,8,16,dp_param_allgather:pg=17,1785477765187600415,41483,dp_param_allgather,0,98621440,same_rank_edp_ag0,87548327,1.0,1785477763512227167,1785477763512227167,7767905,1785477763519995072,41483,1785477763519953589
1,dp_ag1,1785477765187546033,131,1785477765175845002,1785477765179832510,1785477765172940032,16,55,7767905,8,16,dp_param_allgather:pg=17,1785477765187600415,54382,dp_param_allgather,3987508,98621440,same_rank_edp_ag0,87286963,1.0,1785477763508239659,1785477763512227167,7767905,1785477763519995072,54382,1785477763519940690
1,dp_ag1,1785477765187578001,132,1785477765174960702,1785477765179832510,1785477765172940032,16,55,7767905,8,16,dp_param_allgather:pg=17,1785477765187600415,22414,dp_param_allgather,4871808,98621440,same_rank_edp_ag0,87669569,1.0,1785477763507355359,1785477763512227167,7767905,1785477763519995072,22414,1785477763519972658
1,dp_ag1,1785477765187557285,133,1785477765176054952,1785477765179832510,1785477765172940032,16,55,7767905,8,16,dp_param_allgather:pg=17,1785477765187600415,43130,dp_param_allgather,3777558,98621440,same_rank_edp_ag0,87876336,1.0,1785477763508449609,1785477763512227167,7767905,1785477763519995072,43130,1785477763519951942
1,dp_ag1,1785477765187576973,134,1785477765175418202,1785477765179832510,1785477765172940032,16,55,7767905,8,16,dp_param_allgather:pg=17,1785477765187600415,23442,dp_param_allgather,4414308,98621440,same_rank_edp_ag0,87533609,1.0,1785477763507812859,1785477763512227167,7767905,1785477763519995072,23442,1785477763519971630
1,dp_ag1,1785477765187560671,135,1785477765173499144,1785477765179832510,1785477765172940032,16,55,7767905,8,16,dp_param_allgather:pg=17,1785477765187600415,39744,dp_param_allgather,6333366,98621440,same_rank_edp_ag0,86905936,1.0,1785477763505893801,1785477763512227167,7767905,1785477763519995072,39744,1785477763519955328
1,dp_ag1,1785477765187600415,136,1785477765175286662,1785477765179832510,1785477765172940032,16,55,7767905,8,16,dp_param_allgather:pg=17,1785477765187600415,0,dp_param_allgather,4545848,98621440,same_rank_edp_ag0,87986917,1.0,1785477763507681319,1785477763512227167,7767905,1785477763519995072,0,1785477763519995072
1,dp_ag1,1785477765187590545,137,1785477765173663021,1785477765179832510,1785477765172940032,16,55,7767905,8,16,dp_param_allgather:pg=17,1785477765187600415,9870,dp_param_allgather,6169489,98621440,same_rank_edp_ag0,86375396,1.0,1785477763506057678,1785477763512227167,7767905,1785477763519995072,9870,1785477763519985202
1,dp_ag1,1785477765187554862,138,1785477765179678166,1785477765179832510,1785477765172940032,16,55,7767905,8,16,dp_param_allgather:pg=17,1785477765187600415,45553,dp_param_allgather,154344,98621440,same_rank_edp_ag0,87463986,1.0,1785477763512072823,1785477763512227167,7767905,1785477763519995072,45553,1785477763519949519
1,dp_ag1,1785477765187522309,139,1785477765174966808,1785477765179832510,1785477765172940032,16,55,7767905,8,16,dp_param_allgather:pg=17,1785477765187600415,78106,dp_param_allgather,4865702,98621440,same_rank_edp_ag0,86429893,1.0,1785477763507361465,1785477763512227167,7767905,1785477763519995072,78106,1785477763519916966
1,dp_ag1,1785477765187590146,140,1785477765174560622,1785477765179832510,1785477765172940032,16,55,7767905,8,16,dp_param_allgather:pg=17,1785477765187600415,10269,dp_param_allgather,5271888,98621440,same_rank_edp_ag0,87354941,1.0,1785477763506955279,1785477763512227167,7767905,1785477763519995072,10269,1785477763519984803
1,dp_ag1,1785477765187586028,141,1785477765175357096,1785477765179832510,1785477765172940032,16,55,7767905,8,16,dp_param_allgather:pg=17,1785477765187600415,14387,dp_param_allgather,4475414,98621440,same_rank_edp_ag0,87128128,1.0,1785477763507751753,1785477763512227167,7767905,1785477763519995072,14387,1785477763519980685
1,dp_ag1,1785477765187599108,142,1785477765175555872,1785477765179832510,1785477765172940032,16,55,7767905,8,16,dp_param_allgather:pg=17,1785477765187600415,1307,dp_param_allgather,4276638,98621440,same_rank_edp_ag0,87710259,1.0,1785477763507950529,1785477763512227167,7767905,1785477763519995072,1307,1785477763519993765
1,dp_ag1,1785477765187583120,143,1785477765172940032,1785477765179832510,1785477765172940032,16,55,7767905,8,16,dp_param_allgather:pg=17,1785477765187600415,17295,dp_param_allgather,6892478,98621440,same_rank_edp_ag0,86411743,1.0,1785477763505334689,1785477763512227167,7767905,1785477763519995072,17295,1785477763519977777
0,dp_rs,1785477758932312472,128,1785477758705816027,1785477758916665278,1785477758704979238,16,55,15668448,8,16,dp_grad_reduce_scatter:pg=17,1785477758932333726,21254,dp_grad_reduce_scatter,210849251,3155886080,pp_frontier,0,1.0,1785477757745678545,1785477757997753788,15668448,1785477758013422236,21254,1785477758013400982
0,dp_rs,1785477758932271656,129,1785477758705986927,1785477758916665278,1785477758704979238,16,55,15668448,8,16,dp_grad_reduce_scatter:pg=17,1785477758932333726,62070,dp_grad_reduce_scatter,210678351,3155886080,pp_frontier,0,1.0,1785477757739566390,1785477757997753788,15668448,1785477758013422236,62070,1785477758013360166
0,dp_rs,1785477758932231362,130,1785477758706666118,1785477758916665278,1785477758704979238,16,55,15668448,8,16,dp_grad_reduce_scatter:pg=17,1785477758932333726,102364,dp_grad_reduce_scatter,209999160,3155886080,pp_frontier,0,1.0,1785477757747384029,1785477757997753788,15668448,1785477758013422236,102364,1785477758013319872
0,dp_rs,1785477758932333726,131,1785477758706578795,1785477758916665278,1785477758704979238,16,55,15668448,8,16,dp_grad_reduce_scatter:pg=17,1785477758932333726,0,dp_grad_reduce_scatter,210086483,3155886080,pp_frontier,0,1.0,1785477757746399969,1785477757997753788,15668448,1785477758013422236,0,1785477758013422236
0,dp_rs,1785477758932267812,132,1785477758705465206,1785477758916665278,1785477758704979238,16,55,15668448,8,16,dp_grad_reduce_scatter:pg=17,1785477758932333726,65914,dp_grad_reduce_scatter,211200072,3155886080,pp_frontier,0,1.0,1785477757749374355,1785477757997753788,15668448,1785477758013422236,65914,1785477758013356322
0,dp_rs,1785477758932309517,133,1785477758705965701,1785477758916665278,1785477758704979238,16,55,15668448,8,16,dp_grad_reduce_scatter:pg=17,1785477758932333726,24209,dp_grad_reduce_scatter,210699577,3155886080,pp_frontier,0,1.0,1785477757748634656,1785477757997753788,15668448,1785477758013422236,24209,1785477758013398027
0,dp_rs,1785477758932157657,134,1785477758704979238,1785477758916665278,1785477758704979238,16,55,15668448,8,16,dp_grad_reduce_scatter:pg=17,1785477758932333726,176069,dp_grad_reduce_scatter,211686040,3155886080,pp_frontier,0,1.0,1785477757740639851,1785477757997753788,15668448,1785477758013422236,176069,1785477758013246167
0,dp_rs,1785477758932265387,135,1785477758705539020,1785477758916665278,1785477758704979238,16,55,15668448,8,16,dp_grad_reduce_scatter:pg=17,1785477758932333726,68339,dp_grad_reduce_scatter,211126258,3155886080,pp_frontier,0,1.0,1785477757741010934,1785477757997753788,15668448,1785477758013422236,68339,1785477758013353897
0,dp_rs,1785477758932290500,136,1785477758914810095,1785477758916665278,1785477758704979238,16,55,15668448,8,16,dp_grad_reduce_scatter:pg=17,1785477758932333726,43226,dp_grad_reduce_scatter,1855183,3155886080,pp_frontier,0,1.0,1785477757974946262,1785477757997753788,15668448,1785477758013422236,43226,1785477758013379010
0,dp_rs,1785477758932274188,137,1785477758915402967,1785477758916665278,1785477758704979238,16,55,15668448,8,16,dp_grad_reduce_scatter:pg=17,1785477758932333726,59538,dp_grad_reduce_scatter,1262311,3155886080,pp_frontier,0,1.0,1785477757993297131,1785477757997753788,15668448,1785477758013422236,59538,1785477758013362698
0,dp_rs,1785477758932273622,138,1785477758914888506,1785477758916665278,1785477758704979238,16,55,15668448,8,16,dp_grad_reduce_scatter:pg=17,1785477758932333726,60104,dp_grad_reduce_scatter,1776772,3155886080,pp_frontier,0,1.0,1785477757995001560,1785477757997753788,15668448,1785477758013422236,60104,1785477758013362132
0,dp_rs,1785477758932270425,139,1785477758915735809,1785477758916665278,1785477758704979238,16,55,15668448,8,16,dp_grad_reduce_scatter:pg=17,1785477758932333726,63301,dp_grad_reduce_scatter,929469,3155886080,pp_frontier,0,1.0,1785477757997753788,1785477757997753788,15668448,1785477758013422236,63301,1785477758013358935
0,dp_rs,1785477758932271572,140,1785477758915232515,1785477758916665278,1785477758704979238,16,55,15668448,8,16,dp_grad_reduce_scatter:pg=17,1785477758932333726,62154,dp_grad_reduce_scatter,1432763,3155886080,pp_frontier,0,1.0,1785477757997306690,1785477757997753788,15668448,1785477758013422236,62154,1785477758013360082
0,dp_rs,1785477758932179134,141,1785477758916011147,1785477758916665278,1785477758704979238,16,55,15668448,8,16,dp_grad_reduce_scatter:pg=17,1785477758932333726,154592,dp_grad_reduce_scatter,654131,3155886080,pp_frontier,0,1.0,1785477757996827906,1785477757997753788,15668448,1785477758013422236,154592,1785477758013267644
0,dp_rs,1785477758932270325,142,1785477758916665278,1785477758916665278,1785477758704979238,16,55,15668448,8,16,dp_grad_reduce_scatter:pg=17,1785477758932333726,63401,dp_grad_reduce_scatter,0,3155886080,pp_frontier,0,1.0,1785477757991576091,1785477757997753788,15668448,1785477758013422236,63401,1785477758013358835
0,dp_rs,1785477758932263215,143,1785477758916495967,1785477758916665278,1785477758704979238,16,55,15668448,8,16,dp_grad_reduce_scatter:pg=17,1785477758932333726,70511,dp_grad_reduce_scatter,169311,3155886080,pp_frontier,0,1.0,1785477757989803206,1785477757997753788,15668448,1785477758013422236,70511,1785477758013351725
0,edp_ag0,1785477765087293963,128,1785477765034149298,1785477765034149298,1785477765034137882,2,55,53150447,8,2,expert_dp_param_allgather:pg=1171,1785477765087299745,5782,expert_dp_param_allgather,0,1887436800,same_rank_dp_ag0,10760,1.0,1785477763366543955,1785477763366543955,53150447,1785477763419694402,5782,1785477763419688620
0,edp_ag0,1785477765087299745,136,1785477765034137882,1785477765034149298,1785477765034137882,2,55,53150447,8,2,expert_dp_param_allgather:pg=1171,1785477765087299745,0,expert_dp_param_allgather,11416,1887436800,same_rank_dp_ag0,13480,1.0,1785477763366532539,1785477763366543955,53150447,1785477763419694402,0,1785477763419694402
0,edp_ag0,1785477765087330643,129,1785477765034098020,1785477765034136295,1785477765034098020,2,55,53194348,8,2,expert_dp_param_allgather:pg=1173,1785477765087330643,0,expert_dp_param_allgather,38275,1887436800,same_rank_dp_ag0,11080,1.0,1785477763366492677,1785477763366530952,53194348,1785477763419725300,0,1785477763419725300
0,edp_ag0,1785477765087287625,137,1785477765034136295,1785477765034136295,1785477765034098020,2,55,53194348,8,2,expert_dp_param_allgather:pg=1173,1785477765087330643,43018,expert_dp_param_allgather,0,1887436800,same_rank_dp_ag0,10840,1.0,1785477763366530952,1785477763366530952,53194348,1785477763419725300,43018,1785477763419682282
0,edp_ag0,1785477765092284183,130,1785477765034161216,1785477765034162417,1785477765034161216,2,55,58121766,8,2,expert_dp_param_allgather:pg=1175,1785477765092284183,0,expert_dp_param_allgather,1201,1887436800,same_rank_dp_ag0,10680,1.0,1785477763366555873,1785477763366557074,58121766,1785477763424678840,0,1785477763424678840
0,edp_ag0,1785477765092214180,138,1785477765034162417,1785477765034162417,1785477765034161216,2,55,58121766,8,2,expert_dp_param_allgather:pg=1175,1785477765092284183,70003,expert_dp_param_allgather,0,1887436800,same_rank_dp_ag0,53115,1.0,1785477763366557074,1785477763366557074,58121766,1785477763424678840,70003,1785477763424608837
0,edp_ag0,1785477765088558039,131,1785477765034116578,1785477765034130199,1785477765034116578,2,55,54427840,8,2,expert_dp_param_allgather:pg=1177,1785477765088558039,0,expert_dp_param_allgather,13621,1887436800,same_rank_dp_ag0,10680,1.0,1785477763366511235,1785477763366524856,54427840,1785477763420952696,0,1785477763420952696
0,edp_ag0,1785477765088536915,139,1785477765034130199,1785477765034130199,1785477765034116578,2,55,54427840,8,2,expert_dp_param_allgather:pg=1177,1785477765088558039,21124,expert_dp_param_allgather,0,1887436800,same_rank_dp_ag0,12720,1.0,1785477763366524856,1785477763366524856,54427840,1785477763420952696,21124,1785477763420931572
0,edp_ag0,1785477765087291133,132,1785477765034165125,1785477765034165125,1785477765034132862,2,55,53126008,8,2,expert_dp_param_allgather:pg=1179,1785477765087291133,0,expert_dp_param_allgather,0,1887436800,same_rank_dp_ag0,19181,1.0,1785477763366559782,1785477763366559782,53126008,1785477763419685790,0,1785477763419685790
0,edp_ag0,1785477765087205681,140,1785477765034132862,1785477765034165125,1785477765034132862,2,55,53126008,8,2,expert_dp_param_allgather:pg=1179,1785477765087291133,85452,expert_dp_param_allgather,32263,1887436800,same_rank_dp_ag0,17760,1.0,1785477763366527519,1785477763366559782,53126008,1785477763419685790,85452,1785477763419600338
0,edp_ag0,1785477765088178616,133,1785477765034160557,1785477765034160557,1785477765034123420,2,55,54068411,8,2,expert_dp_param_allgather:pg=1181,1785477765088228968,50352,expert_dp_param_allgather,0,1887436800,same_rank_dp_ag0,10480,1.0,1785477763366555214,1785477763366555214,54068411,1785477763420623625,50352,1785477763420573273
0,edp_ag0,1785477765088228968,141,1785477765034123420,1785477765034160557,1785477765034123420,2,55,54068411,8,2,expert_dp_param_allgather:pg=1181,1785477765088228968,0,expert_dp_param_allgather,37137,1887436800,same_rank_dp_ag0,11160,1.0,1785477763366518077,1785477763366555214,54068411,1785477763420623625,0,1785477763420623625
0,edp_ag0,1785477765087884593,134,1785477765034106165,1785477765034136494,1785477765034106165,2,55,53748099,8,2,expert_dp_param_allgather:pg=1183,1785477765087884593,0,expert_dp_param_allgather,30329,1887436800,same_rank_dp_ag0,10800,1.0,1785477763366500822,1785477763366531151,53748099,1785477763420279250,0,1785477763420279250
0,edp_ag0,1785477765087845613,142,1785477765034136494,1785477765034136494,1785477765034106165,2,55,53748099,8,2,expert_dp_param_allgather:pg=1183,1785477765087884593,38980,expert_dp_param_allgather,0,1887436800,same_rank_dp_ag0,11200,1.0,1785477763366531151,1785477763366531151,53748099,1785477763420279250,38980,1785477763420240270
0,edp_ag0,1785477765086593208,135,1785477765034108844,1785477765034135341,1785477765034108844,2,55,52457867,8,2,expert_dp_param_allgather:pg=1185,1785477765086593208,0,expert_dp_param_allgather,26497,1887436800,same_rank_dp_ag0,30619,1.0,1785477763366503501,1785477763366529998,52457867,1785477763418987865,0,1785477763418987865
0,edp_ag0,1785477765086528289,143,1785477765034135341,1785477765034135341,1785477765034108844,2,55,52457867,8,2,expert_dp_param_allgather:pg=1185,1785477765086593208,64919,expert_dp_param_allgather,0,1887436800,same_rank_dp_ag0,10560,1.0,1785477763366529998,1785477763366529998,52457867,1785477763418987865,64919,1785477763418922946
1,edp_ag1,1785477765242182679,128,1785477765187587921,1785477765187627055,1785477765187587921,2,55,54555624,8,2,expert_dp_param_allgather:pg=1171,1785477765242182679,0,expert_dp_param_allgather,39134,1887436800,same_rank_dp_ag1,12880,1.0,1785477763519982578,1785477763520021712,54555624,1785477763574577336,0,1785477763574577336
1,edp_ag1,1785477765242151522,136,1785477765187627055,1785477765187627055,1785477765187587921,2,55,54555624,8,2,expert_dp_param_allgather:pg=1171,1785477765242182679,31157,expert_dp_param_allgather,0,1887436800,same_rank_dp_ag1,26640,1.0,1785477763520021712,1785477763520021712,54555624,1785477763574577336,31157,1785477763574546179
1,edp_ag1,1785477765240914202,129,1785477765187585019,1785477765187623505,1785477765187585019,2,55,53290697,8,2,expert_dp_param_allgather:pg=1173,1785477765240914202,0,expert_dp_param_allgather,38486,1887436800,same_rank_dp_ag1,11960,1.0,1785477763519979676,1785477763520018162,53290697,1785477763573308859,0,1785477763573308859
1,edp_ag1,1785477765240910756,137,1785477765187623505,1785477765187623505,1785477765187585019,2,55,53290697,8,2,expert_dp_param_allgather:pg=1173,1785477765240914202,3446,expert_dp_param_allgather,0,1887436800,same_rank_dp_ag1,32960,1.0,1785477763520018162,1785477763520018162,53290697,1785477763573308859,3446,1785477763573305413
1,edp_ag1,1785477765241782363,130,1785477765187569652,1785477765187625942,1785477765187569652,2,55,54156421,8,2,expert_dp_param_allgather:pg=1175,1785477765241782363,0,expert_dp_param_allgather,56290,1887436800,same_rank_dp_ag1,10720,1.0,1785477763519964309,1785477763520020599,54156421,1785477763574177020,0,1785477763574177020
1,edp_ag1,1785477765241759457,138,1785477765187625942,1785477765187625942,1785477765187569652,2,55,54156421,8,2,expert_dp_param_allgather:pg=1175,1785477765241782363,22906,expert_dp_param_allgather,0,1887436800,same_rank_dp_ag1,71080,1.0,1785477763520020599,1785477763520020599,54156421,1785477763574177020,22906,1785477763574154114
1,edp_ag1,1785477765239536622,131,1785477765187556913,1785477765187556913,1785477765187534949,2,55,51979709,8,2,expert_dp_param_allgather:pg=1177,1785477765239536622,0,expert_dp_param_allgather,0,1887436800,same_rank_dp_ag1,10880,1.0,1785477763519951570,1785477763519951570,51979709,1785477763571931279,0,1785477763571931279
1,edp_ag1,1785477765239492725,139,1785477765187534949,1785477765187556913,1785477765187534949,2,55,51979709,8,2,expert_dp_param_allgather:pg=1177,1785477765239536622,43897,expert_dp_param_allgather,21964,1887436800,same_rank_dp_ag1,12640,1.0,1785477763519929606,1785477763519951570,51979709,1785477763571931279,43897,1785477763571887382
1,edp_ag1,1785477765248285765,132,1785477765187590201,1785477765187630786,1785477765187590201,2,55,60654979,8,2,expert_dp_param_allgather:pg=1179,1785477765248285765,0,expert_dp_param_allgather,40585,1887436800,same_rank_dp_ag1,12200,1.0,1785477763519984858,1785477763520025443,60654979,1785477763580680422,0,1785477763580680422
1,edp_ag1,1785477765248268590,140,1785477765187630786,1785477765187630786,1785477765187590201,2,55,60654979,8,2,expert_dp_param_allgather:pg=1179,1785477765248285765,17175,expert_dp_param_allgather,0,1887436800,same_rank_dp_ag1,40640,1.0,1785477763520025443,1785477763520025443,60654979,1785477763580680422,17175,1785477763580663247
1,edp_ag1,1785477765241490464,133,1785477765187568245,1785477765187597028,1785477765187568245,2,55,53894467,8,2,expert_dp_param_allgather:pg=1181,1785477765241491495,1031,expert_dp_param_allgather,28783,1887436800,same_rank_dp_ag1,10960,1.0,1785477763519962902,1785477763519991685,53894467,1785477763573886152,1031,1785477763573885121
1,edp_ag1,1785477765241491495,141,1785477765187597028,1785477765187597028,1785477765187568245,2,55,53894467,8,2,expert_dp_param_allgather:pg=1181,1785477765241491495,0,expert_dp_param_allgather,0,1887436800,same_rank_dp_ag1,11000,1.0,1785477763519991685,1785477763519991685,53894467,1785477763573886152,0,1785477763573886152
1,edp_ag1,1785477765241253520,134,1785477765187588933,1785477765187609668,1785477765187588933,2,55,53652999,8,2,expert_dp_param_allgather:pg=1183,1785477765241262667,9147,expert_dp_param_allgather,20735,1887436800,same_rank_dp_ag1,11960,1.0,1785477763519983590,1785477763520004325,53652999,1785477763573657324,9147,1785477763573648177
1,edp_ag1,1785477765241262667,142,1785477765187609668,1785477765187609668,1785477765187588933,2,55,53652999,8,2,expert_dp_param_allgather:pg=1183,1785477765241262667,0,expert_dp_param_allgather,0,1887436800,same_rank_dp_ag1,10560,1.0,1785477763520004325,1785477763520004325,53652999,1785477763573657324,0,1785477763573657324
1,edp_ag1,1785477765239704353,135,1785477765187572511,1785477765187624160,1785477765187572511,2,55,52080193,8,2,expert_dp_param_allgather:pg=1185,1785477765239704353,0,expert_dp_param_allgather,51649,1887436800,same_rank_dp_ag1,11840,1.0,1785477763519967168,1785477763520018817,52080193,1785477763572099010,0,1785477763572099010
1,edp_ag1,1785477765239677909,143,1785477765187624160,1785477765187624160,1785477765187572511,2,55,52080193,8,2,expert_dp_param_allgather:pg=1185,1785477765239704353,26444,expert_dp_param_allgather,0,1887436800,same_rank_dp_ag1,41040,1.0,1785477763520018817,1785477763520018817,52080193,1785477763572099010,26444,1785477763572072566
0,edp_rs,1785477759169966252,128,1785477758950027823,1785477758950027823,1785477758949901626,2,55,219938429,8,2,expert_dp_grad_reduce_scatter:pg=1171,1785477759169966252,0,expert_dp_grad_reduce_scatter,0,7549747200,same_rank_dp_rs,17715351,1.0,1785477758031116333,1785477758031116333,219938429,1785477758251054762,0,1785477758251054762
0,edp_rs,1785477759169931839,136,1785477758949901626,1785477758950027823,1785477758949901626,2,55,219938429,8,2,expert_dp_grad_reduce_scatter:pg=1171,1785477759169966252,34413,expert_dp_grad_reduce_scatter,126197,7549747200,same_rank_dp_rs,17611126,1.0,1785477758030990136,1785477758031116333,219938429,1785477758251054762,34413,1785477758251020349
0,edp_rs,1785477759157564541,129,1785477758950039425,1785477758950039425,1785477758950038821,2,55,207525116,8,2,expert_dp_grad_reduce_scatter:pg=1173,1785477759157564541,0,expert_dp_grad_reduce_scatter,0,7549747200,same_rank_dp_rs,17767769,1.0,1785477758031127935,1785477758031127935,207525116,1785477758238653051,0,1785477758238653051
0,edp_rs,1785477759157476671,137,1785477758950038821,1785477758950039425,1785477758950038821,2,55,207525116,8,2,expert_dp_grad_reduce_scatter:pg=1173,1785477759157564541,87870,expert_dp_grad_reduce_scatter,604,7549747200,same_rank_dp_rs,17764633,1.0,1785477758031127331,1785477758031127935,207525116,1785477758238653051,87870,1785477758238565181
0,edp_rs,1785477759163725423,130,1785477758949819452,1785477758949819452,1785477758949566658,2,55,213942893,8,2,expert_dp_grad_reduce_scatter:pg=1175,1785477759163762345,36922,expert_dp_grad_reduce_scatter,0,7549747200,same_rank_dp_rs,17588090,1.0,1785477758030907962,1785477758030907962,213942893,1785477758244850855,36922,1785477758244813933
0,edp_rs,1785477759163762345,138,1785477758949566658,1785477758949819452,1785477758949566658,2,55,213942893,8,2,expert_dp_grad_reduce_scatter:pg=1175,1785477759163762345,0,expert_dp_grad_reduce_scatter,252794,7549747200,same_rank_dp_rs,17293036,1.0,1785477758030655168,1785477758030907962,213942893,1785477758244850855,0,1785477758244850855
0,edp_rs,1785477759162211075,131,1785477758950196318,1785477758950196318,1785477758949851482,2,55,212014757,8,2,expert_dp_grad_reduce_scatter:pg=1177,1785477759162211075,0,expert_dp_grad_reduce_scatter,0,7549747200,same_rank_dp_rs,17862592,1.0,1785477758031284828,1785477758031284828,212014757,1785477758243299585,0,1785477758243299585
0,edp_rs,1785477759162104687,139,1785477758949851482,1785477758950196318,1785477758949851482,2,55,212014757,8,2,expert_dp_grad_reduce_scatter:pg=1177,1785477759162211075,106388,expert_dp_grad_reduce_scatter,344836,7549747200,same_rank_dp_rs,17581057,1.0,1785477758030939992,1785477758031284828,212014757,1785477758243299585,106388,1785477758243193197
0,edp_rs,1785477759161996750,132,1785477758950071048,1785477758950071048,1785477758949850552,2,55,211925702,8,2,expert_dp_grad_reduce_scatter:pg=1179,1785477759161996750,0,expert_dp_grad_reduce_scatter,0,7549747200,same_rank_dp_rs,17803236,1.0,1785477758031159558,1785477758031159558,211925702,1785477758243085260,0,1785477758243085260
0,edp_rs,1785477759161890908,140,1785477758949850552,1785477758950071048,1785477758949850552,2,55,211925702,8,2,expert_dp_grad_reduce_scatter:pg=1179,1785477759161996750,105842,expert_dp_grad_reduce_scatter,220496,7549747200,same_rank_dp_rs,17578980,1.0,1785477758030939062,1785477758031159558,211925702,1785477758243085260,105842,1785477758242979418
0,edp_rs,1785477759161882428,133,1785477758950136799,1785477758950198229,1785477758950136799,2,55,211720076,8,2,expert_dp_grad_reduce_scatter:pg=1181,1785477759161918305,35877,expert_dp_grad_reduce_scatter,61430,7549747200,same_rank_dp_rs,17827282,1.0,1785477758031225309,1785477758031286739,211720076,1785477758243006815,35877,1785477758242970938
0,edp_rs,1785477759161918305,141,1785477758950198229,1785477758950198229,1785477758950136799,2,55,211720076,8,2,expert_dp_grad_reduce_scatter:pg=1181,1785477759161918305,0,expert_dp_grad_reduce_scatter,0,7549747200,same_rank_dp_rs,18019095,1.0,1785477758031286739,1785477758031286739,211720076,1785477758243006815,0,1785477758243006815
0,edp_rs,1785477759161003403,134,1785477758949958091,1785477758949958091,1785477758949637685,2,55,211045312,8,2,expert_dp_grad_reduce_scatter:pg=1183,1785477759161003403,0,expert_dp_grad_reduce_scatter,0,7549747200,same_rank_dp_rs,17800434,1.0,1785477758031046601,1785477758031046601,211045312,1785477758242091913,0,1785477758242091913
0,edp_rs,1785477759160893921,142,1785477758949637685,1785477758949958091,1785477758949637685,2,55,211045312,8,2,expert_dp_grad_reduce_scatter:pg=1183,1785477759161003403,109482,expert_dp_grad_reduce_scatter,320406,7549747200,same_rank_dp_rs,17367360,1.0,1785477758030726195,1785477758031046601,211045312,1785477758242091913,109482,1785477758241982431
0,edp_rs,1785477759164424828,135,1785477758950118861,1785477758950118861,1785477758949512664,2,55,214306027,8,2,expert_dp_grad_reduce_scatter:pg=1185,1785477759164424888,60,expert_dp_grad_reduce_scatter,0,7549747200,same_rank_dp_rs,17853474,1.0,1785477758031207371,1785477758031207371,214306027,1785477758245513398,60,1785477758245513338
0,edp_rs,1785477759164424888,143,1785477758949512664,1785477758950118861,1785477758949512664,2,55,214306027,8,2,expert_dp_grad_reduce_scatter:pg=1185,1785477759164424888,0,expert_dp_grad_reduce_scatter,606197,7549747200,same_rank_dp_rs,17249449,1.0,1785477758030601174,1785477758031207371,214306027,1785477758245513398,0,1785477758245513398
0,dp_ag0,1785477765034046932,144,1785477765025315958,1785477765026243543,1785477765025315958,16,55,7849476,9,16,dp_param_allgather:pg=19,1785477765034093019,46087,dp_param_allgather,927585,98621440,world_rs_done,28639701,1.0,1785477763357710615,1785477763358638200,7849476,1785477763366487676,46087,1785477763366441589
0,dp_ag0,1785477765034076609,145,1785477765026045673,1785477765026243543,1785477765025315958,16,55,7849476,9,16,dp_param_allgather:pg=19,1785477765034093019,16410,dp_param_allgather,197870,98621440,world_rs_done,29369416,1.0,1785477763358440330,1785477763358638200,7849476,1785477763366487676,16410,1785477763366471266
0,dp_ag0,1785477765034090778,146,1785477765026243543,1785477765026243543,1785477765025315958,16,55,7849476,9,16,dp_param_allgather:pg=19,1785477765034093019,2241,dp_param_allgather,0,98621440,world_rs_done,29567286,1.0,1785477763358638200,1785477763358638200,7849476,1785477763366487676,2241,1785477763366485435
0,dp_ag0,1785477765034073973,147,1785477765025829604,1785477765026243543,1785477765025315958,16,55,7849476,9,16,dp_param_allgather:pg=19,1785477765034093019,19046,dp_param_allgather,413939,98621440,world_rs_done,29153347,1.0,1785477763358224261,1785477763358638200,7849476,1785477763366487676,19046,1785477763366468630
0,dp_ag0,1785477765034093019,148,1785477765025341631,1785477765026243543,1785477765025315958,16,55,7849476,9,16,dp_param_allgather:pg=19,1785477765034093019,0,dp_param_allgather,901912,98621440,world_rs_done,28665374,1.0,1785477763357736288,1785477763358638200,7849476,1785477763366487676,0,1785477763366487676
0,dp_ag0,1785477765033972682,149,1785477765025817256,1785477765026243543,1785477765025315958,16,55,7849476,9,16,dp_param_allgather:pg=19,1785477765034093019,120337,dp_param_allgather,426287,98621440,world_rs_done,29140999,1.0,1785477763358211913,1785477763358638200,7849476,1785477763366487676,120337,1785477763366367339
0,dp_ag0,1785477765034084846,150,1785477765025733815,1785477765026243543,1785477765025315958,16,55,7849476,9,16,dp_param_allgather:pg=19,1785477765034093019,8173,dp_param_allgather,509728,98621440,world_rs_done,29057558,1.0,1785477763358128472,1785477763358638200,7849476,1785477763366487676,8173,1785477763366479503
0,dp_ag0,1785477765034086452,151,1785477765025943469,1785477765026243543,1785477765025315958,16,55,7849476,9,16,dp_param_allgather:pg=19,1785477765034093019,6567,dp_param_allgather,300074,98621440,world_rs_done,29267212,1.0,1785477763358338126,1785477763358638200,7849476,1785477763366487676,6567,1785477763366481109
0,dp_ag0,1785477765034054209,152,1785477765025400719,1785477765026243543,1785477765025315958,16,55,7849476,9,16,dp_param_allgather:pg=19,1785477765034093019,38810,dp_param_allgather,842824,98621440,world_rs_done,28724462,1.0,1785477763357795376,1785477763358638200,7849476,1785477763366487676,38810,1785477763366448866
0,dp_ag0,1785477765034010597,153,1785477765025500569,1785477765026243543,1785477765025315958,16,55,7849476,9,16,dp_param_allgather:pg=19,1785477765034093019,82422,dp_param_allgather,742974,98621440,world_rs_done,28824312,1.0,1785477763357895226,1785477763358638200,7849476,1785477763366487676,82422,1785477763366405254
0,dp_ag0,1785477765033960434,154,1785477765025933817,1785477765026243543,1785477765025315958,16,55,7849476,9,16,dp_param_allgather:pg=19,1785477765034093019,132585,dp_param_allgather,309726,98621440,world_rs_done,29257560,1.0,1785477763358328474,1785477763358638200,7849476,1785477763366487676,132585,1785477763366355091
0,dp_ag0,1785477765034039197,155,1785477765026098991,1785477765026243543,1785477765025315958,16,55,7849476,9,16,dp_param_allgather:pg=19,1785477765034093019,53822,dp_param_allgather,144552,98621440,world_rs_done,29422734,1.0,1785477763358493648,1785477763358638200,7849476,1785477763366487676,53822,1785477763366433854
0,dp_ag0,1785477765033979434,156,1785477765025382268,1785477765026243543,1785477765025315958,16,55,7849476,9,16,dp_param_allgather:pg=19,1785477765034093019,113585,dp_param_allgather,861275,98621440,world_rs_done,28706011,1.0,1785477763357776925,1785477763358638200,7849476,1785477763366487676,113585,1785477763366374091
0,dp_ag0,1785477765034043242,157,1785477765025373084,1785477765026243543,1785477765025315958,16,55,7849476,9,16,dp_param_allgather:pg=19,1785477765034093019,49777,dp_param_allgather,870459,98621440,world_rs_done,28696827,1.0,1785477763357767741,1785477763358638200,7849476,1785477763366487676,49777,1785477763366437899
0,dp_ag0,1785477765033952159,158,1785477765025859827,1785477765026243543,1785477765025315958,16,55,7849476,9,16,dp_param_allgather:pg=19,1785477765034093019,140860,dp_param_allgather,383716,98621440,world_rs_done,29183570,1.0,1785477763358254484,1785477763358638200,7849476,1785477763366487676,140860,1785477763366346816
0,dp_ag0,1785477765033968146,159,1785477765026003796,1785477765026243543,1785477765025315958,16,55,7849476,9,16,dp_param_allgather:pg=19,1785477765034093019,124873,dp_param_allgather,239747,98621440,world_rs_done,29327539,1.0,1785477763358398453,1785477763358638200,7849476,1785477763366487676,124873,1785477763366362803
1,dp_ag1,1785477765186892972,144,1785477765173114390,1785477765179450934,1785477765172658871,16,55,7467698,9,16,dp_param_allgather:pg=19,1785477765186918632,25660,dp_param_allgather,6336544,98621440,same_rank_edp_ag0,87635378,1.0,1785477763505509047,1785477763511845591,7467698,1785477763519313289,25660,1785477763519287629
1,dp_ag1,1785477765186918632,145,1785477765175764570,1785477765179450934,1785477765172658871,16,55,7467698,9,16,dp_param_allgather:pg=19,1785477765186918632,0,dp_param_allgather,3686364,98621440,same_rank_edp_ag0,87600614,1.0,1785477763508159227,1785477763511845591,7467698,1785477763519313289,0,1785477763519313289
1,dp_ag1,1785477765186914014,146,1785477765172658871,1785477765179450934,1785477765172658871,16,55,7467698,9,16,dp_param_allgather:pg=19,1785477765186918632,4618,dp_param_allgather,6792063,98621440,same_rank_edp_ag0,86971865,1.0,1785477763505053528,1785477763511845591,7467698,1785477763519313289,4618,1785477763519308671
1,dp_ag1,1785477765186907641,147,1785477765176488470,1785477765179450934,1785477765172658871,16,55,7467698,9,16,dp_param_allgather:pg=19,1785477765186918632,10991,dp_param_allgather,2962464,98621440,same_rank_edp_ag0,87978239,1.0,1785477763508883127,1785477763511845591,7467698,1785477763519313289,10991,1785477763519302298
1,dp_ag1,1785477765186916022,148,1785477765176433420,1785477765179450934,1785477765172658871,16,55,7467698,9,16,dp_param_allgather:pg=19,1785477765186918632,2610,dp_param_allgather,3017514,98621440,same_rank_edp_ag0,88573857,1.0,1785477763508828077,1785477763511845591,7467698,1785477763519313289,2610,1785477763519310679
1,dp_ag1,1785477765186879526,149,1785477765174885688,1785477765179450934,1785477765172658871,16,55,7467698,9,16,dp_param_allgather:pg=19,1785477765186918632,39106,dp_param_allgather,4565246,98621440,same_rank_edp_ag0,87825038,1.0,1785477763507280345,1785477763511845591,7467698,1785477763519313289,39106,1785477763519274183
1,dp_ag1,1785477765186914485,150,1785477765179168719,1785477765179450934,1785477765172658871,16,55,7467698,9,16,dp_param_allgather:pg=19,1785477765186918632,4147,dp_param_allgather,282215,98621440,same_rank_edp_ag0,87507096,1.0,1785477763511563376,1785477763511845591,7467698,1785477763519313289,4147,1785477763519309142
1,dp_ag1,1785477765186910922,151,1785477765173107163,1785477765179450934,1785477765172658871,16,55,7467698,9,16,dp_param_allgather:pg=19,1785477765186918632,7710,dp_param_allgather,6343771,98621440,same_rank_edp_ag0,87756087,1.0,1785477763505501820,1785477763511845591,7467698,1785477763519313289,7710,1785477763519305579
1,dp_ag1,1785477765186887247,152,1785477765173142728,1785477765179450934,1785477765172658871,16,55,7467698,9,16,dp_param_allgather:pg=19,1785477765186918632,31385,dp_param_allgather,6308206,98621440,same_rank_edp_ag0,87687143,1.0,1785477763505537385,1785477763511845591,7467698,1785477763519313289,31385,1785477763519281904
1,dp_ag1,1785477765186894176,153,1785477765175118537,1785477765179450934,1785477765172658871,16,55,7467698,9,16,dp_param_allgather:pg=19,1785477765186918632,24456,dp_param_allgather,4332397,98621440,same_rank_edp_ag0,87033604,1.0,1785477763507513194,1785477763511845591,7467698,1785477763519313289,24456,1785477763519288833
1,dp_ag1,1785477765186858483,154,1785477765173095613,1785477765179450934,1785477765172658871,16,55,7467698,9,16,dp_param_allgather:pg=19,1785477765186918632,60149,dp_param_allgather,6355321,98621440,same_rank_edp_ag0,87473508,1.0,1785477763505490270,1785477763511845591,7467698,1785477763519313289,60149,1785477763519253140
1,dp_ag1,1785477765186891526,155,1785477765176319637,1785477765179450934,1785477765172658871,16,55,7467698,9,16,dp_param_allgather:pg=19,1785477765186918632,27106,dp_param_allgather,3131297,98621440,same_rank_edp_ag0,87912834,1.0,1785477763508714294,1785477763511845591,7467698,1785477763519313289,27106,1785477763519286183
1,dp_ag1,1785477765186885574,156,1785477765175622046,1785477765179450934,1785477765172658871,16,55,7467698,9,16,dp_param_allgather:pg=19,1785477765186918632,33058,dp_param_allgather,3828888,98621440,same_rank_edp_ag0,87742217,1.0,1785477763508016703,1785477763511845591,7467698,1785477763519313289,33058,1785477763519280231
1,dp_ag1,1785477765186854630,157,1785477765174508737,1785477765179450934,1785477765172658871,16,55,7467698,9,16,dp_param_allgather:pg=19,1785477765186918632,64002,dp_param_allgather,4942197,98621440,same_rank_edp_ag0,87427340,1.0,1785477763506903394,1785477763511845591,7467698,1785477763519313289,64002,1785477763519249287
1,dp_ag1,1785477765186859664,158,1785477765179450934,1785477765179450934,1785477765172658871,16,55,7467698,9,16,dp_param_allgather:pg=19,1785477765186918632,58968,dp_param_allgather,0,98621440,same_rank_edp_ag0,87869770,1.0,1785477763511845591,1785477763511845591,7467698,1785477763519313289,58968,1785477763519254321
1,dp_ag1,1785477765186867192,159,1785477765173205942,1785477765179450934,1785477765172658871,16,55,7467698,9,16,dp_param_allgather:pg=19,1785477765186918632,51440,dp_param_allgather,6244992,98621440,same_rank_edp_ag0,87867286,1.0,1785477763505600599,1785477763511845591,7467698,1785477763519313289,51440,1785477763519261849
0,dp_rs,1785477758116653922,144,1785477757926694711,1785477758098290469,1785477757926156070,16,55,18435487,9,16,dp_grad_reduce_scatter:pg=19,1785477758116725956,72034,dp_grad_reduce_scatter,171595758,3155886080,pp_frontier,0,1.0,1785477757060333351,1785477757270750940,18435487,1785477757289186427,72034,1785477757289114393
0,dp_rs,1785477758116666408,145,1785477757926396660,1785477758098290469,1785477757926156070,16,55,18435487,9,16,dp_grad_reduce_scatter:pg=19,1785477758116725956,59548,dp_grad_reduce_scatter,171893809,3155886080,pp_frontier,0,1.0,1785477757054112510,1785477757270750940,18435487,1785477757289186427,59548,1785477757289126879
0,dp_rs,1785477758116650186,146,1785477757926235389,1785477758098290469,1785477757926156070,16,55,18435487,9,16,dp_grad_reduce_scatter:pg=19,1785477758116725956,75770,dp_grad_reduce_scatter,172055080,3155886080,pp_frontier,0,1.0,1785477757060709480,1785477757270750940,18435487,1785477757289186427,75770,1785477757289110657
0,dp_rs,1785477758116725956,147,1785477757926224270,1785477758098290469,1785477757926156070,16,55,18435487,9,16,dp_grad_reduce_scatter:pg=19,1785477758116725956,0,dp_grad_reduce_scatter,172066199,3155886080,pp_frontier,0,1.0,1785477757059559528,1785477757270750940,18435487,1785477757289186427,0,1785477757289186427
0,dp_rs,1785477758116638386,148,1785477757926156070,1785477758098290469,1785477757926156070,16,55,18435487,9,16,dp_grad_reduce_scatter:pg=19,1785477758116725956,87570,dp_grad_reduce_scatter,172134399,3155886080,pp_frontier,0,1.0,1785477757063531885,1785477757270750940,18435487,1785477757289186427,87570,1785477757289098857
0,dp_rs,1785477758116640800,149,1785477757926172605,1785477758098290469,1785477757926156070,16,55,18435487,9,16,dp_grad_reduce_scatter:pg=19,1785477758116725956,85156,dp_grad_reduce_scatter,172117864,3155886080,pp_frontier,0,1.0,1785477757061928310,1785477757270750940,18435487,1785477757289186427,85156,1785477757289101271
0,dp_rs,1785477758116663727,150,1785477757927312288,1785477758098290469,1785477757926156070,16,55,18435487,9,16,dp_grad_reduce_scatter:pg=19,1785477758116725956,62229,dp_grad_reduce_scatter,170978181,3155886080,pp_frontier,0,1.0,1785477757056727494,1785477757270750940,18435487,1785477757289186427,62229,1785477757289124198
0,dp_rs,1785477758116668749,151,1785477757927732733,1785477758098290469,1785477757926156070,16,55,18435487,9,16,dp_grad_reduce_scatter:pg=19,1785477758116725956,57207,dp_grad_reduce_scatter,170557736,3155886080,pp_frontier,0,1.0,1785477757057366032,1785477757270750940,18435487,1785477757289186427,57207,1785477757289129220
0,dp_rs,1785477758116631406,152,1785477758097967337,1785477758098290469,1785477757926156070,16,55,18435487,9,16,dp_grad_reduce_scatter:pg=19,1785477758116725956,94550,dp_grad_reduce_scatter,323132,3155886080,pp_frontier,0,1.0,1785477757254272030,1785477757270750940,18435487,1785477757289186427,94550,1785477757289091877
0,dp_rs,1785477758116617566,153,1785477758098290469,1785477758098290469,1785477757926156070,16,55,18435487,9,16,dp_grad_reduce_scatter:pg=19,1785477758116725956,108390,dp_grad_reduce_scatter,0,3155886080,pp_frontier,0,1.0,1785477757270255252,1785477757270750940,18435487,1785477757289186427,108390,1785477757289078037
0,dp_rs,1785477758116635130,154,1785477758094901772,1785477758098290469,1785477757926156070,16,55,18435487,9,16,dp_grad_reduce_scatter:pg=19,1785477758116725956,90826,dp_grad_reduce_scatter,3388697,3155886080,pp_frontier,0,1.0,1785477757267978918,1785477757270750940,18435487,1785477757289186427,90826,1785477757289095601
0,dp_rs,1785477758116689669,155,1785477758094870135,1785477758098290469,1785477757926156070,16,55,18435487,9,16,dp_grad_reduce_scatter:pg=19,1785477758116725956,36287,dp_grad_reduce_scatter,3420334,3155886080,pp_frontier,0,1.0,1785477757270750940,1785477757270750940,18435487,1785477757289186427,36287,1785477757289150140
0,dp_rs,1785477758116619640,156,1785477758095160387,1785477758098290469,1785477757926156070,16,55,18435487,9,16,dp_grad_reduce_scatter:pg=19,1785477758116725956,106316,dp_grad_reduce_scatter,3130082,3155886080,pp_frontier,0,1.0,1785477757270485429,1785477757270750940,18435487,1785477757289186427,106316,1785477757289080111
0,dp_rs,1785477758116631209,157,1785477758094765516,1785477758098290469,1785477757926156070,16,55,18435487,9,16,dp_grad_reduce_scatter:pg=19,1785477758116725956,94747,dp_grad_reduce_scatter,3524953,3155886080,pp_frontier,0,1.0,1785477757268427322,1785477757270750940,18435487,1785477757289186427,94747,1785477757289091680
0,dp_rs,1785477758116634208,158,1785477758096155176,1785477758098290469,1785477757926156070,16,55,18435487,9,16,dp_grad_reduce_scatter:pg=19,1785477758116725956,91748,dp_grad_reduce_scatter,2135293,3155886080,pp_frontier,0,1.0,1785477757265467946,1785477757270750940,18435487,1785477757289186427,91748,1785477757289094679
0,dp_rs,1785477758116633822,159,1785477758095530344,1785477758098290469,1785477757926156070,16,55,18435487,9,16,dp_grad_reduce_scatter:pg=19,1785477758116725956,92134,dp_grad_reduce_scatter,2760125,3155886080,pp_frontier,0,1.0,1785477757263083155,1785477757270750940,18435487,1785477757289186427,92134,1785477757289094293
0,edp_ag0,1785477765085479012,144,1785477765034057490,1785477765034064769,1785477765034057490,2,55,51414243,9,2,expert_dp_param_allgather:pg=1187,1785477765085479012,0,expert_dp_param_allgather,7279,1887436800,same_rank_dp_ag0,10558,1.0,1785477763366452147,1785477763366459426,51414243,1785477763417873669,0,1785477763417873669
0,edp_ag0,1785477765085455585,152,1785477765034064769,1785477765034064769,1785477765034057490,2,55,51414243,9,2,expert_dp_param_allgather:pg=1187,1785477765085479012,23427,expert_dp_param_allgather,0,1887436800,same_rank_dp_ag0,10560,1.0,1785477763366459426,1785477763366459426,51414243,1785477763417873669,23427,1785477763417850242
0,edp_ag0,1785477765088163956,145,1785477765034087649,1785477765034087649,1785477765034021077,2,55,54076307,9,2,expert_dp_param_allgather:pg=1189,1785477765088163956,0,expert_dp_param_allgather,0,1887436800,same_rank_dp_ag0,11040,1.0,1785477763366482306,1785477763366482306,54076307,1785477763420558613,0,1785477763420558613
0,edp_ag0,1785477765088084933,153,1785477765034021077,1785477765034087649,1785477765034021077,2,55,54076307,9,2,expert_dp_param_allgather:pg=1189,1785477765088163956,79023,expert_dp_param_allgather,66572,1887436800,same_rank_dp_ag0,10480,1.0,1785477763366415734,1785477763366482306,54076307,1785477763420558613,79023,1785477763420479590
0,edp_ag0,1785477765085687006,146,1785477765034101538,1785477765034101538,1785477765033976194,2,55,51585468,9,2,expert_dp_param_allgather:pg=1191,1785477765085687006,0,expert_dp_param_allgather,0,1887436800,same_rank_dp_ag0,10760,1.0,1785477763366496195,1785477763366496195,51585468,1785477763418081663,0,1785477763418081663
0,edp_ag0,1785477765085622105,154,1785477765033976194,1785477765034101538,1785477765033976194,2,55,51585468,9,2,expert_dp_param_allgather:pg=1191,1785477765085687006,64901,expert_dp_param_allgather,125344,1887436800,same_rank_dp_ag0,15760,1.0,1785477763366370851,1785477763366496195,51585468,1785477763418081663,64901,1785477763418016762
0,edp_ag0,1785477765088510231,147,1785477765034084693,1785477765034084693,1785477765034050157,2,55,54425538,9,2,expert_dp_param_allgather:pg=1193,1785477765088510231,0,expert_dp_param_allgather,0,1887436800,same_rank_dp_ag0,10720,1.0,1785477763366479350,1785477763366479350,54425538,1785477763420904888,0,1785477763420904888
0,edp_ag0,1785477765088406803,155,1785477765034050157,1785477765034084693,1785477765034050157,2,55,54425538,9,2,expert_dp_param_allgather:pg=1193,1785477765088510231,103428,expert_dp_param_allgather,34536,1887436800,same_rank_dp_ag0,10960,1.0,1785477763366444814,1785477763366479350,54425538,1785477763420904888,103428,1785477763420801460
0,edp_ag0,1785477765087859563,148,1785477765034103700,1785477765034103700,1785477765033989914,2,55,53776129,9,2,expert_dp_param_allgather:pg=1195,1785477765087879829,20266,expert_dp_param_allgather,0,1887436800,same_rank_dp_ag0,10681,1.0,1785477763366498357,1785477763366498357,53776129,1785477763420274486,20266,1785477763420254220
0,edp_ag0,1785477765087879829,156,1785477765033989914,1785477765034103700,1785477765033989914,2,55,53776129,9,2,expert_dp_param_allgather:pg=1195,1785477765087879829,0,expert_dp_param_allgather,113786,1887436800,same_rank_dp_ag0,10480,1.0,1785477763366384571,1785477763366498357,53776129,1785477763420274486,0,1785477763420274486
0,edp_ag0,1785477765087060650,149,1785477765034030722,1785477765034053842,1785477765034030722,2,55,53027555,9,2,expert_dp_param_allgather:pg=1197,1785477765087081397,20747,expert_dp_param_allgather,23120,1887436800,same_rank_dp_ag0,58040,1.0,1785477763366425379,1785477763366448499,53027555,1785477763419476054,20747,1785477763419455307
0,edp_ag0,1785477765087081397,157,1785477765034053842,1785477765034053842,1785477765034030722,2,55,53027555,9,2,expert_dp_param_allgather:pg=1197,1785477765087081397,0,expert_dp_param_allgather,0,1887436800,same_rank_dp_ag0,10600,1.0,1785477763366448499,1785477763366448499,53027555,1785477763419476054,0,1785477763419476054
0,edp_ag0,1785477765091661623,150,1785477765034095766,1785477765034095766,1785477765033965519,2,55,57565857,9,2,expert_dp_param_allgather:pg=1199,1785477765091661623,0,expert_dp_param_allgather,0,1887436800,same_rank_dp_ag0,10920,1.0,1785477763366490423,1785477763366490423,57565857,1785477763424056280,0,1785477763424056280
0,edp_ag0,1785477765091581164,158,1785477765033965519,1785477765034095766,1785477765033965519,2,55,57565857,9,2,expert_dp_param_allgather:pg=1199,1785477765091661623,80459,expert_dp_param_allgather,130247,1887436800,same_rank_dp_ag0,13360,1.0,1785477763366360176,1785477763366490423,57565857,1785477763424056280,80459,1785477763423975821
0,edp_ag0,1785477765085351076,151,1785477765034097212,1785477765034097212,1785477765034004906,2,55,51253864,9,2,expert_dp_param_allgather:pg=1201,1785477765085351076,0,expert_dp_param_allgather,0,1887436800,same_rank_dp_ag0,10760,1.0,1785477763366491869,1785477763366491869,51253864,1785477763417745733,0,1785477763417745733
0,edp_ag0,1785477765085338656,159,1785477765034004906,1785477765034097212,1785477765034004906,2,55,51253864,9,2,expert_dp_param_allgather:pg=1201,1785477765085351076,12420,expert_dp_param_allgather,92306,1887436800,same_rank_dp_ag0,36760,1.0,1785477763366399563,1785477763366491869,51253864,1785477763417745733,12420,1785477763417733313
1,edp_ag1,1785477765241286698,144,1785477765186905012,1785477765186926648,1785477765186905012,2,55,54391152,9,2,expert_dp_param_allgather:pg=1187,1785477765241317800,31102,expert_dp_param_allgather,21636,1887436800,same_rank_dp_ag1,12040,1.0,1785477763519299669,1785477763519321305,54391152,1785477763573712457,31102,1785477763573681355
1,edp_ag1,1785477765241317800,152,1785477765186926648,1785477765186926648,1785477765186905012,2,55,54391152,9,2,expert_dp_param_allgather:pg=1187,1785477765241317800,0,expert_dp_param_allgather,0,1887436800,same_rank_dp_ag1,39401,1.0,1785477763519321305,1785477763519321305,54391152,1785477763573712457,0,1785477763573712457
1,edp_ag1,1785477765239806698,145,1785477765186929392,1785477765186929392,1785477765186904856,2,55,52877306,9,2,expert_dp_param_allgather:pg=1189,1785477765239806698,0,expert_dp_param_allgather,0,1887436800,same_rank_dp_ag1,10760,1.0,1785477763519324049,1785477763519324049,52877306,1785477763572201355,0,1785477763572201355
1,edp_ag1,1785477765239762428,153,1785477765186904856,1785477765186929392,1785477765186904856,2,55,52877306,9,2,expert_dp_param_allgather:pg=1189,1785477765239806698,44270,expert_dp_param_allgather,24536,1887436800,same_rank_dp_ag1,10680,1.0,1785477763519299513,1785477763519324049,52877306,1785477763572201355,44270,1785477763572157085
1,edp_ag1,1785477765238842364,146,1785477765186925414,1785477765186925414,1785477765186870123,2,55,51930821,9,2,expert_dp_param_allgather:pg=1191,1785477765238856235,13871,expert_dp_param_allgather,0,1887436800,same_rank_dp_ag1,11400,1.0,1785477763519320071,1785477763519320071,51930821,1785477763571250892,13871,1785477763571237021
1,edp_ag1,1785477765238856235,154,1785477765186870123,1785477765186925414,1785477765186870123,2,55,51930821,9,2,expert_dp_param_allgather:pg=1191,1785477765238856235,0,expert_dp_param_allgather,55291,1887436800,same_rank_dp_ag1,11640,1.0,1785477763519264780,1785477763519320071,51930821,1785477763571250892,0,1785477763571250892
1,edp_ag1,1785477765237962178,147,1785477765186918481,1785477765186918481,1785477765186902206,2,55,51043697,9,2,expert_dp_param_allgather:pg=1193,1785477765237962178,0,expert_dp_param_allgather,0,1887436800,same_rank_dp_ag1,10840,1.0,1785477763519313138,1785477763519313138,51043697,1785477763570356835,0,1785477763570356835
1,edp_ag1,1785477765237881489,155,1785477765186902206,1785477765186918481,1785477765186902206,2,55,51043697,9,2,expert_dp_param_allgather:pg=1193,1785477765237962178,80689,expert_dp_param_allgather,16275,1887436800,same_rank_dp_ag1,10680,1.0,1785477763519296863,1785477763519313138,51043697,1785477763570356835,80689,1785477763570276146
1,edp_ag1,1785477765241228770,148,1785477765186927262,1785477765186927262,1785477765186896214,2,55,54301508,9,2,expert_dp_param_allgather:pg=1195,1785477765241228770,0,expert_dp_param_allgather,0,1887436800,same_rank_dp_ag1,11240,1.0,1785477763519321919,1785477763519321919,54301508,1785477763573623427,0,1785477763573623427
1,edp_ag1,1785477765241150929,156,1785477765186896214,1785477765186927262,1785477765186896214,2,55,54301508,9,2,expert_dp_param_allgather:pg=1195,1785477765241228770,77841,expert_dp_param_allgather,31048,1887436800,same_rank_dp_ag1,10640,1.0,1785477763519290871,1785477763519321919,54301508,1785477763573623427,77841,1785477763573545586
1,edp_ag1,1785477765242397781,149,1785477765186901486,1785477765186901486,1785477765186866270,2,55,55496295,9,2,expert_dp_param_allgather:pg=1197,1785477765242397781,0,expert_dp_param_allgather,0,1887436800,same_rank_dp_ag1,21960,1.0,1785477763519296143,1785477763519296143,55496295,1785477763574792438,0,1785477763574792438
1,edp_ag1,1785477765242385428,157,1785477765186866270,1785477765186901486,1785477765186866270,2,55,55496295,9,2,expert_dp_param_allgather:pg=1197,1785477765242397781,12353,expert_dp_param_allgather,35216,1887436800,same_rank_dp_ag1,11640,1.0,1785477763519260927,1785477763519296143,55496295,1785477763574792438,12353,1785477763574780085
1,edp_ag1,1785477765238238214,150,1785477765186925445,1785477765186925445,1785477765186870584,2,55,51312769,9,2,expert_dp_param_allgather:pg=1199,1785477765238238214,0,expert_dp_param_allgather,0,1887436800,same_rank_dp_ag1,10960,1.0,1785477763519320102,1785477763519320102,51312769,1785477763570632871,0,1785477763570632871
1,edp_ag1,1785477765238204380,158,1785477765186870584,1785477765186925445,1785477765186870584,2,55,51312769,9,2,expert_dp_param_allgather:pg=1199,1785477765238238214,33834,expert_dp_param_allgather,54861,1887436800,same_rank_dp_ag1,10920,1.0,1785477763519265241,1785477763519320102,51312769,1785477763570632871,33834,1785477763570599037
1,edp_ag1,1785477765240411502,151,1785477765186973116,1785477765186973116,1785477765186878312,2,55,53455874,9,2,expert_dp_param_allgather:pg=1201,1785477765240428990,17488,expert_dp_param_allgather,0,1887436800,same_rank_dp_ag1,62194,1.0,1785477763519367773,1785477763519367773,53455874,1785477763572823647,17488,1785477763572806159
1,edp_ag1,1785477765240428990,159,1785477765186878312,1785477765186973116,1785477765186878312,2,55,53455874,9,2,expert_dp_param_allgather:pg=1201,1785477765240428990,0,expert_dp_param_allgather,94804,1887436800,same_rank_dp_ag1,11120,1.0,1785477763519272969,1785477763519367773,53455874,1785477763572823647,0,1785477763572823647
0,edp_rs,1785477758345900362,144,1785477758134537413,1785477758134537413,1785477758134173988,2,55,211362949,9,2,expert_dp_grad_reduce_scatter:pg=1187,1785477758345900362,0,expert_dp_grad_reduce_scatter,0,7549747200,same_rank_dp_rs,17883491,1.0,1785477757306997884,1785477757306997884,211362949,1785477757518360833,0,1785477757518360833
0,edp_rs,1785477758345834702,152,1785477758134173988,1785477758134537413,1785477758134173988,2,55,211362949,9,2,expert_dp_grad_reduce_scatter:pg=1187,1785477758345900362,65660,expert_dp_grad_reduce_scatter,363425,7549747200,same_rank_dp_rs,17542582,1.0,1785477757306634459,1785477757306997884,211362949,1785477757518360833,65660,1785477757518295173
0,edp_rs,1785477758346435159,145,1785477758134245983,1785477758134245983,1785477758134017901,2,55,212226140,9,2,expert_dp_grad_reduce_scatter:pg=1189,1785477758346472123,36964,expert_dp_grad_reduce_scatter,0,7549747200,same_rank_dp_rs,17579575,1.0,1785477757306706454,1785477757306706454,212226140,1785477757518932594,36964,1785477757518895630
0,edp_rs,1785477758346472123,153,1785477758134017901,1785477758134245983,1785477758134017901,2,55,212226140,9,2,expert_dp_grad_reduce_scatter:pg=1189,1785477758346472123,0,expert_dp_grad_reduce_scatter,228082,7549747200,same_rank_dp_rs,17400335,1.0,1785477757306478372,1785477757306706454,212226140,1785477757518932594,0,1785477757518932594
0,edp_rs,1785477758346411950,146,1785477758134303359,1785477758134303359,1785477758134240041,2,55,212108591,9,2,expert_dp_grad_reduce_scatter:pg=1191,1785477758346411950,0,expert_dp_grad_reduce_scatter,0,7549747200,same_rank_dp_rs,17653173,1.0,1785477757306763830,1785477757306763830,212108591,1785477757518872421,0,1785477757518872421
0,edp_rs,1785477758346336815,154,1785477758134240041,1785477758134303359,1785477758134240041,2,55,212108591,9,2,expert_dp_grad_reduce_scatter:pg=1191,1785477758346411950,75135,expert_dp_grad_reduce_scatter,63318,7549747200,same_rank_dp_rs,17604911,1.0,1785477757306700512,1785477757306763830,212108591,1785477757518872421,75135,1785477757518797286
0,edp_rs,1785477758339717960,147,1785477758134623252,1785477758134623252,1785477758134240561,2,55,205094708,9,2,expert_dp_grad_reduce_scatter:pg=1193,1785477758339717960,0,expert_dp_grad_reduce_scatter,0,7549747200,same_rank_dp_rs,17897296,1.0,1785477757307083723,1785477757307083723,205094708,1785477757512178431,0,1785477757512178431
0,edp_rs,1785477758339621577,155,1785477758134240561,1785477758134623252,1785477758134240561,2,55,205094708,9,2,expert_dp_grad_reduce_scatter:pg=1193,1785477758339717960,96383,expert_dp_grad_reduce_scatter,382691,7549747200,same_rank_dp_rs,17550892,1.0,1785477757306701032,1785477757307083723,205094708,1785477757512178431,96383,1785477757512082048
0,edp_rs,1785477758342734137,148,1785477758134277342,1785477758134277342,1785477758134098570,2,55,208456795,9,2,expert_dp_grad_reduce_scatter:pg=1195,1785477758342734137,0,expert_dp_grad_reduce_scatter,0,7549747200,same_rank_dp_rs,17638956,1.0,1785477757306737813,1785477757306737813,208456795,1785477757515194608,0,1785477757515194608
0,edp_rs,1785477758342660852,156,1785477758134098570,1785477758134277342,1785477758134098570,2,55,208456795,9,2,expert_dp_grad_reduce_scatter:pg=1195,1785477758342734137,73285,expert_dp_grad_reduce_scatter,178772,7549747200,same_rank_dp_rs,17478930,1.0,1785477757306559041,1785477757306737813,208456795,1785477757515194608,73285,1785477757515121323
0,edp_rs,1785477758350675016,149,1785477758134124193,1785477758134124193,1785477758133947686,2,55,216577442,9,2,expert_dp_grad_reduce_scatter:pg=1197,1785477758350701635,26619,expert_dp_grad_reduce_scatter,0,7549747200,same_rank_dp_rs,17483393,1.0,1785477757306584664,1785477757306584664,216577442,1785477757523162106,26619,1785477757523135487
0,edp_rs,1785477758350701635,157,1785477758133947686,1785477758134124193,1785477758133947686,2,55,216577442,9,2,expert_dp_grad_reduce_scatter:pg=1197,1785477758350701635,0,expert_dp_grad_reduce_scatter,176507,7549747200,same_rank_dp_rs,17316477,1.0,1785477757306408157,1785477757306584664,216577442,1785477757523162106,0,1785477757523162106
0,edp_rs,1785477758320334116,150,1785477758134616174,1785477758134616174,1785477758134609595,2,55,185717942,9,2,expert_dp_grad_reduce_scatter:pg=1199,1785477758320334116,0,expert_dp_grad_reduce_scatter,0,7549747200,same_rank_dp_rs,17952447,1.0,1785477757307076645,1785477757307076645,185717942,1785477757492794587,0,1785477757492794587
0,edp_rs,1785477758320261360,158,1785477758134609595,1785477758134616174,1785477758134609595,2,55,185717942,9,2,expert_dp_grad_reduce_scatter:pg=1199,1785477758320334116,72756,expert_dp_grad_reduce_scatter,6579,7549747200,same_rank_dp_rs,17975387,1.0,1785477757307070066,1785477757307076645,185717942,1785477757492794587,72756,1785477757492721831
0,edp_rs,1785477758346259385,151,1785477758134128616,1785477758134270847,1785477758134128616,2,55,212006142,9,2,expert_dp_grad_reduce_scatter:pg=1201,1785477758346276989,17604,expert_dp_grad_reduce_scatter,142231,7549747200,same_rank_dp_rs,17459867,1.0,1785477757306589087,1785477757306731318,212006142,1785477757518737460,17604,1785477757518719856
0,edp_rs,1785477758346276989,159,1785477758134270847,1785477758134270847,1785477758134128616,2,55,212006142,9,2,expert_dp_grad_reduce_scatter:pg=1201,1785477758346276989,0,expert_dp_grad_reduce_scatter,0,7549747200,same_rank_dp_rs,17637025,1.0,1785477757306731318,1785477757306731318,212006142,1785477757518737460,0,1785477757518737460
0,dp_ag0,1785477765033802856,160,1785477765025631478,1785477765026048589,1785477765025350026,16,55,7815675,10,16,dp_param_allgather:pg=21,1785477765033864264,61408,dp_param_allgather,417111,98621440,world_rs_done,28955221,1.0,1785477763358026135,1785477763358443246,7815675,1785477763366258921,61408,1785477763366197513
0,dp_ag0,1785477765033752079,161,1785477765025405845,1785477765026048589,1785477765025350026,16,55,7815675,10,16,dp_param_allgather:pg=21,1785477765033864264,112185,dp_param_allgather,642744,98621440,world_rs_done,28729588,1.0,1785477763357800502,1785477763358443246,7815675,1785477763366258921,112185,1785477763366146736
0,dp_ag0,1785477765033718697,162,1785477765025555419,1785477765026048589,1785477765025350026,16,55,7815675,10,16,dp_param_allgather:pg=21,1785477765033864264,145567,dp_param_allgather,493170,98621440,world_rs_done,28879162,1.0,1785477763357950076,1785477763358443246,7815675,1785477763366258921,145567,1785477763366113354
0,dp_ag0,1785477765033795387,163,1785477765026048589,1785477765026048589,1785477765025350026,16,55,7815675,10,16,dp_param_allgather:pg=21,1785477765033864264,68877,dp_param_allgather,0,98621440,world_rs_done,29372332,1.0,1785477763358443246,1785477763358443246,7815675,1785477763366258921,68877,1785477763366190044
0,dp_ag0,1785477765033731167,164,1785477765025424461,1785477765026048589,1785477765025350026,16,55,7815675,10,16,dp_param_allgather:pg=21,1785477765033864264,133097,dp_param_allgather,624128,98621440,world_rs_done,28748204,1.0,1785477763357819118,1785477763358443246,7815675,1785477763366258921,133097,1785477763366125824
0,dp_ag0,1785477765033810907,165,1785477765025864940,1785477765026048589,1785477765025350026,16,55,7815675,10,16,dp_param_allgather:pg=21,1785477765033864264,53357,dp_param_allgather,183649,98621440,world_rs_done,29188683,1.0,1785477763358259597,1785477763358443246,7815675,1785477763366258921,53357,1785477763366205564
0,dp_ag0,1785477765033704478,166,1785477765025379535,1785477765026048589,1785477765025350026,16,55,7815675,10,16,dp_param_allgather:pg=21,1785477765033864264,159786,dp_param_allgather,669054,98621440,world_rs_done,28703278,1.0,1785477763357774192,1785477763358443246,7815675,1785477763366258921,159786,1785477763366099135
0,dp_ag0,1785477765033717155,167,1785477765025598263,1785477765026048589,1785477765025350026,16,55,7815675,10,16,dp_param_allgather:pg=21,1785477765033864264,147109,dp_param_allgather,450326,98621440,world_rs_done,28922006,1.0,1785477763357992920,1785477763358443246,7815675,1785477763366258921,147109,1785477763366111812
0,dp_ag0,1785477765033863096,168,1785477765025521315,1785477765026048589,1785477765025350026,16,55,7815675,10,16,dp_param_allgather:pg=21,1785477765033864264,1168,dp_param_allgather,527274,98621440,world_rs_done,28845058,1.0,1785477763357915972,1785477763358443246,7815675,1785477763366258921,1168,1785477763366257753
0,dp_ag0,1785477765033863223,169,1785477765025726199,1785477765026048589,1785477765025350026,16,55,7815675,10,16,dp_param_allgather:pg=21,1785477765033864264,1041,dp_param_allgather,322390,98621440,world_rs_done,29049942,1.0,1785477763358120856,1785477763358443246,7815675,1785477763366258921,1041,1785477763366257880
0,dp_ag0,1785477765033862982,170,1785477765025925865,1785477765026048589,1785477765025350026,16,55,7815675,10,16,dp_param_allgather:pg=21,1785477765033864264,1282,dp_param_allgather,122724,98621440,world_rs_done,29249608,1.0,1785477763358320522,1785477763358443246,7815675,1785477763366258921,1282,1785477763366257639
0,dp_ag0,1785477765033864264,171,1785477765025935149,1785477765026048589,1785477765025350026,16,55,7815675,10,16,dp_param_allgather:pg=21,1785477765033864264,0,dp_param_allgather,113440,98621440,world_rs_done,29258892,1.0,1785477763358329806,1785477763358443246,7815675,1785477763366258921,0,1785477763366258921
0,dp_ag0,1785477765033863140,172,1785477765025397776,1785477765026048589,1785477765025350026,16,55,7815675,10,16,dp_param_allgather:pg=21,1785477765033864264,1124,dp_param_allgather,650813,98621440,world_rs_done,28721519,1.0,1785477763357792433,1785477763358443246,7815675,1785477763366258921,1124,1785477763366257797
0,dp_ag0,1785477765033763736,173,1785477765025350026,1785477765026048589,1785477765025350026,16,55,7815675,10,16,dp_param_allgather:pg=21,1785477765033864264,100528,dp_param_allgather,698563,98621440,world_rs_done,28673769,1.0,1785477763357744683,1785477763358443246,7815675,1785477763366258921,100528,1785477763366158393
0,dp_ag0,1785477765033851049,174,1785477765025671518,1785477765026048589,1785477765025350026,16,55,7815675,10,16,dp_param_allgather:pg=21,1785477765033864264,13215,dp_param_allgather,377071,98621440,world_rs_done,28995261,1.0,1785477763358066175,1785477763358443246,7815675,1785477763366258921,13215,1785477763366245706
0,dp_ag0,1785477765033855698,175,1785477765026012168,1785477765026048589,1785477765025350026,16,55,7815675,10,16,dp_param_allgather:pg=21,1785477765033864264,8566,dp_param_allgather,36421,98621440,world_rs_done,29335911,1.0,1785477763358406825,1785477763358443246,7815675,1785477763366258921,8566,1785477763366250355
1,dp_ag1,1785477765184425999,160,1785477765174623090,1785477765177194177,1785477765173089625,16,55,7265561,10,16,dp_param_allgather:pg=21,1785477765184459738,33739,dp_param_allgather,2571087,98621440,same_rank_edp_ag0,87269216,1.0,1785477763507017747,1785477763509588834,7265561,1785477763516854395,33739,1785477763516820656
1,dp_ag1,1785477765184438758,161,1785477765173232751,1785477765177194177,1785477765173089625,16,55,7265561,10,16,dp_param_allgather:pg=21,1785477765184459738,20980,dp_param_allgather,3961426,98621440,same_rank_edp_ag0,87258962,1.0,1785477763505627408,1785477763509588834,7265561,1785477763516854395,20980,1785477763516833415
1,dp_ag1,1785477765184419769,162,1785477765175016245,1785477765177194177,1785477765173089625,16,55,7265561,10,16,dp_param_allgather:pg=21,1785477765184459738,39969,dp_param_allgather,2177932,98621440,same_rank_edp_ag0,87169452,1.0,1785477763507410902,1785477763509588834,7265561,1785477763516854395,39969,1785477763516814426
1,dp_ag1,1785477765184438333,163,1785477765174671395,1785477765177194177,1785477765173089625,16,55,7265561,10,16,dp_param_allgather:pg=21,1785477765184459738,21405,dp_param_allgather,2522782,98621440,same_rank_edp_ag0,87345353,1.0,1785477763507066052,1785477763509588834,7265561,1785477763516854395,21405,1785477763516832990
1,dp_ag1,1785477765184437248,164,1785477765174588332,1785477765177194177,1785477765173089625,16,55,7265561,10,16,dp_param_allgather:pg=21,1785477765184459738,22490,dp_param_allgather,2605845,98621440,same_rank_edp_ag0,87655078,1.0,1785477763506982989,1785477763509588834,7265561,1785477763516854395,22490,1785477763516831905
1,dp_ag1,1785477765184403914,165,1785477765174931666,1785477765177194177,1785477765173089625,16,55,7265561,10,16,dp_param_allgather:pg=21,1785477765184459738,55824,dp_param_allgather,2262511,98621440,same_rank_edp_ag0,87375394,1.0,1785477763507326323,1785477763509588834,7265561,1785477763516854395,55824,1785477763516798571
1,dp_ag1,1785477765184416744,166,1785477765174611263,1785477765177194177,1785477765173089625,16,55,7265561,10,16,dp_param_allgather:pg=21,1785477765184459738,42994,dp_param_allgather,2582914,98621440,same_rank_edp_ag0,87111639,1.0,1785477763507005920,1785477763509588834,7265561,1785477763516854395,42994,1785477763516811401
1,dp_ag1,1785477765184427117,167,1785477765176320265,1785477765177194177,1785477765173089625,16,55,7265561,10,16,dp_param_allgather:pg=21,1785477765184459738,32621,dp_param_allgather,873912,98621440,same_rank_edp_ag0,87351677,1.0,1785477763508714922,1785477763509588834,7265561,1785477763516854395,32621,1785477763516821774
1,dp_ag1,1785477765184458919,168,1785477765174334734,1785477765177194177,1785477765173089625,16,55,7265561,10,16,dp_param_allgather:pg=21,1785477765184459738,819,dp_param_allgather,2859443,98621440,same_rank_edp_ag0,86922182,1.0,1785477763506729391,1785477763509588834,7265561,1785477763516854395,819,1785477763516853576
1,dp_ag1,1785477765184459738,169,1785477765173089625,1785477765177194177,1785477765173089625,16,55,7265561,10,16,dp_param_allgather:pg=21,1785477765184459738,0,dp_param_allgather,4104552,98621440,same_rank_edp_ag0,87060771,1.0,1785477763505484282,1785477763509588834,7265561,1785477763516854395,0,1785477763516854395
1,dp_ag1,1785477765184441723,170,1785477765175531801,1785477765177194177,1785477765173089625,16,55,7265561,10,16,dp_param_allgather:pg=21,1785477765184459738,18015,dp_param_allgather,1662376,98621440,same_rank_edp_ag0,87753608,1.0,1785477763507926458,1785477763509588834,7265561,1785477763516854395,18015,1785477763516836380
1,dp_ag1,1785477765184434902,171,1785477765174933251,1785477765177194177,1785477765173089625,16,55,7265561,10,16,dp_param_allgather:pg=21,1785477765184459738,24836,dp_param_allgather,2260926,98621440,same_rank_edp_ag0,87621512,1.0,1785477763507327908,1785477763509588834,7265561,1785477763516854395,24836,1785477763516829559
1,dp_ag1,1785477765184448848,172,1785477765175632484,1785477765177194177,1785477765173089625,16,55,7265561,10,16,dp_param_allgather:pg=21,1785477765184459738,10890,dp_param_allgather,1561693,98621440,same_rank_edp_ag0,88677560,1.0,1785477763508027141,1785477763509588834,7265561,1785477763516854395,10890,1785477763516843505
1,dp_ag1,1785477765184436869,173,1785477765175999439,1785477765177194177,1785477765173089625,16,55,7265561,10,16,dp_param_allgather:pg=21,1785477765184459738,22869,dp_param_allgather,1194738,98621440,same_rank_edp_ag0,88421193,1.0,1785477763508394096,1785477763509588834,7265561,1785477763516854395,22869,1785477763516831526
1,dp_ag1,1785477765184441915,174,1785477765176193385,1785477765177194177,1785477765173089625,16,55,7265561,10,16,dp_param_allgather:pg=21,1785477765184459738,17823,dp_param_allgather,1000792,98621440,same_rank_edp_ag0,88746030,1.0,1785477763508588042,1785477763509588834,7265561,1785477763516854395,17823,1785477763516836572
1,dp_ag1,1785477765184450783,175,1785477765177194177,1785477765177194177,1785477765173089625,16,55,7265561,10,16,dp_param_allgather:pg=21,1785477765184459738,8955,dp_param_allgather,0,98621440,same_rank_edp_ag0,88265686,1.0,1785477763509588834,1785477763509588834,7265561,1785477763516854395,8955,1785477763516845440
0,dp_rs,1785477757296412569,160,1785477757130724133,1785477757280443307,1785477757129591738,16,55,15969262,10,16,dp_grad_reduce_scatter:pg=21,1785477757296412569,0,dp_grad_reduce_scatter,149719174,3155886080,pp_frontier,0,1.0,1785477756358547211,1785477756551727990,15969262,1785477756567697252,0,1785477756567697252
0,dp_rs,1785477757296277592,161,1785477757130210624,1785477757280443307,1785477757129591738,16,55,15969262,10,16,dp_grad_reduce_scatter:pg=21,1785477757296412569,134977,dp_grad_reduce_scatter,150232683,3155886080,pp_frontier,0,1.0,1785477756352381168,1785477756551727990,15969262,1785477756567697252,134977,1785477756567562275
0,dp_rs,1785477757296338359,162,1785477757130045311,1785477757280443307,1785477757129591738,16,55,15969262,10,16,dp_grad_reduce_scatter:pg=21,1785477757296412569,74210,dp_grad_reduce_scatter,150397996,3155886080,pp_frontier,0,1.0,1785477756358597934,1785477756551727990,15969262,1785477756567697252,74210,1785477756567623042
0,dp_rs,1785477757296353975,163,1785477757130776359,1785477757280443307,1785477757129591738,16,55,15969262,10,16,dp_grad_reduce_scatter:pg=21,1785477757296412569,58594,dp_grad_reduce_scatter,149666948,3155886080,pp_frontier,0,1.0,1785477756358548427,1785477756551727990,15969262,1785477756567697252,58594,1785477756567638658
0,dp_rs,1785477757296351988,164,1785477757129937718,1785477757280443307,1785477757129591738,16,55,15969262,10,16,dp_grad_reduce_scatter:pg=21,1785477757296412569,60581,dp_grad_reduce_scatter,150505589,3155886080,pp_frontier,0,1.0,1785477756359989365,1785477756551727990,15969262,1785477756567697252,60581,1785477756567636671
0,dp_rs,1785477757296373728,165,1785477757129591738,1785477757280443307,1785477757129591738,16,55,15969262,10,16,dp_grad_reduce_scatter:pg=21,1785477757296412569,38841,dp_grad_reduce_scatter,150851569,3155886080,pp_frontier,0,1.0,1785477756358586251,1785477756551727990,15969262,1785477756567697252,38841,1785477756567658411
0,dp_rs,1785477757296377603,166,1785477757130344305,1785477757280443307,1785477757129591738,16,55,15969262,10,16,dp_grad_reduce_scatter:pg=21,1785477757296412569,34966,dp_grad_reduce_scatter,150099002,3155886080,pp_frontier,0,1.0,1785477756354079996,1785477756551727990,15969262,1785477756567697252,34966,1785477756567662286
0,dp_rs,1785477757296378770,167,1785477757130312892,1785477757280443307,1785477757129591738,16,55,15969262,10,16,dp_grad_reduce_scatter:pg=21,1785477757296412569,33799,dp_grad_reduce_scatter,150130415,3155886080,pp_frontier,0,1.0,1785477756353837265,1785477756551727990,15969262,1785477756567697252,33799,1785477756567663453
0,dp_rs,1785477757296241909,168,1785477757278808101,1785477757280443307,1785477757129591738,16,55,15969262,10,16,dp_grad_reduce_scatter:pg=21,1785477757296412569,170660,dp_grad_reduce_scatter,1635206,3155886080,pp_frontier,0,1.0,1785477756527977439,1785477756551727990,15969262,1785477756567697252,170660,1785477756567526592
0,dp_rs,1785477757296347531,169,1785477757280206923,1785477757280443307,1785477757129591738,16,55,15969262,10,16,dp_grad_reduce_scatter:pg=21,1785477757296412569,65038,dp_grad_reduce_scatter,236384,3155886080,pp_frontier,0,1.0,1785477756532021795,1785477756551727990,15969262,1785477756567697252,65038,1785477756567632214
0,dp_rs,1785477757296363211,170,1785477757280132175,1785477757280443307,1785477757129591738,16,55,15969262,10,16,dp_grad_reduce_scatter:pg=21,1785477757296412569,49358,dp_grad_reduce_scatter,311132,3155886080,pp_frontier,0,1.0,1785477756545649653,1785477756551727990,15969262,1785477756567697252,49358,1785477756567647894
0,dp_rs,1785477757296373475,171,1785477757280422242,1785477757280443307,1785477757129591738,16,55,15969262,10,16,dp_grad_reduce_scatter:pg=21,1785477757296412569,39094,dp_grad_reduce_scatter,21065,3155886080,pp_frontier,0,1.0,1785477756551727990,1785477756551727990,15969262,1785477756567697252,39094,1785477756567658158
0,dp_rs,1785477757296362263,172,1785477757280419019,1785477757280443307,1785477757129591738,16,55,15969262,10,16,dp_grad_reduce_scatter:pg=21,1785477757296412569,50306,dp_grad_reduce_scatter,24288,3155886080,pp_frontier,0,1.0,1785477756548718690,1785477756551727990,15969262,1785477756567697252,50306,1785477756567646946
0,dp_rs,1785477757296365320,173,1785477757280443307,1785477757280443307,1785477757129591738,16,55,15969262,10,16,dp_grad_reduce_scatter:pg=21,1785477757296412569,47249,dp_grad_reduce_scatter,0,3155886080,pp_frontier,0,1.0,1785477756549437265,1785477756551727990,15969262,1785477756567697252,47249,1785477756567650003
0,dp_rs,1785477757296321958,174,1785477757279251297,1785477757280443307,1785477757129591738,16,55,15969262,10,16,dp_grad_reduce_scatter:pg=21,1785477757296412569,90611,dp_grad_reduce_scatter,1192010,3155886080,pp_frontier,0,1.0,1785477756542562722,1785477756551727990,15969262,1785477756567697252,90611,1785477756567606641
0,dp_rs,1785477757296239645,175,1785477757280104303,1785477757280443307,1785477757129591738,16,55,15969262,10,16,dp_grad_reduce_scatter:pg=21,1785477757296412569,172924,dp_grad_reduce_scatter,339004,3155886080,pp_frontier,0,1.0,1785477756539092273,1785477756551727990,15969262,1785477756567697252,172924,1785477756567524328
0,edp_ag0,1785477765087353874,160,1785477765033813776,1785477765033917656,1785477765033813776,2,55,53494896,10,2,expert_dp_param_allgather:pg=1203,1785477765087412552,58678,expert_dp_param_allgather,103880,1887436800,same_rank_dp_ag0,10920,1.0,1785477763366208433,1785477763366312313,53494896,1785477763419807209,58678,1785477763419748531
0,edp_ag0,1785477765087412552,168,1785477765033917656,1785477765033917656,1785477765033813776,2,55,53494896,10,2,expert_dp_param_allgather:pg=1203,1785477765087412552,0,expert_dp_param_allgather,0,1887436800,same_rank_dp_ag0,54560,1.0,1785477763366312313,1785477763366312313,53494896,1785477763419807209,0,1785477763419807209
0,edp_ag0,1785477765085973789,161,1785477765033764092,1785477765033873703,1785477765033764092,2,55,52155151,10,2,expert_dp_param_allgather:pg=1205,1785477765086028854,55065,expert_dp_param_allgather,109611,1887436800,same_rank_dp_ag0,12013,1.0,1785477763366158749,1785477763366268360,52155151,1785477763418423511,55065,1785477763418368446
0,edp_ag0,1785477765086028854,169,1785477765033873703,1785477765033873703,1785477765033764092,2,55,52155151,10,2,expert_dp_param_allgather:pg=1205,1785477765086028854,0,expert_dp_param_allgather,0,1887436800,same_rank_dp_ag0,10480,1.0,1785477763366268360,1785477763366268360,52155151,1785477763418423511,0,1785477763418423511
0,edp_ag0,1785477765087846793,162,1785477765033729017,1785477765033874462,1785477765033729017,2,55,53972331,10,2,expert_dp_param_allgather:pg=1207,1785477765087846793,0,expert_dp_param_allgather,145445,1887436800,same_rank_dp_ag0,10320,1.0,1785477763366123674,1785477763366269119,53972331,1785477763420241450,0,1785477763420241450
0,edp_ag0,1785477765087778193,170,1785477765033874462,1785477765033874462,1785477765033729017,2,55,53972331,10,2,expert_dp_param_allgather:pg=1207,1785477765087846793,68600,expert_dp_param_allgather,0,1887436800,same_rank_dp_ag0,11480,1.0,1785477763366269119,1785477763366269119,53972331,1785477763420241450,68600,1785477763420172850
0,edp_ag0,1785477765087326042,163,1785477765033840587,1785477765033894431,1785477765033840587,2,55,53431611,10,2,expert_dp_param_allgather:pg=1209,1785477765087326042,0,expert_dp_param_allgather,53844,1887436800,same_rank_dp_ag0,45200,1.0,1785477763366235244,1785477763366289088,53431611,1785477763419720699,0,1785477763419720699
0,edp_ag0,1785477765087311739,171,1785477765033894431,1785477765033894431,1785477765033840587,2,55,53431611,10,2,expert_dp_param_allgather:pg=1209,1785477765087326042,14303,expert_dp_param_allgather,0,1887436800,same_rank_dp_ag0,30167,1.0,1785477763366289088,1785477763366289088,53431611,1785477763419720699,14303,1785477763419706396
0,edp_ag0,1785477765086933254,164,1785477765033742922,1785477765033873820,1785477765033742922,2,55,53081104,10,2,expert_dp_param_allgather:pg=1211,1785477765086954924,21670,expert_dp_param_allgather,130898,1887436800,same_rank_dp_ag0,11755,1.0,1785477763366137579,1785477763366268477,53081104,1785477763419349581,21670,1785477763419327911
0,edp_ag0,1785477765086954924,172,1785477765033873820,1785477765033873820,1785477765033742922,2,55,53081104,10,2,expert_dp_param_allgather:pg=1211,1785477765086954924,0,expert_dp_param_allgather,0,1887436800,same_rank_dp_ag0,10680,1.0,1785477763366268477,1785477763366268477,53081104,1785477763419349581,0,1785477763419349581
0,edp_ag0,1785477765087556272,165,1785477765033822227,1785477765033822227,1785477765033774576,2,55,53756019,10,2,expert_dp_param_allgather:pg=1213,1785477765087578246,21974,expert_dp_param_allgather,0,1887436800,same_rank_dp_ag0,11320,1.0,1785477763366216884,1785477763366216884,53756019,1785477763419972903,21974,1785477763419950929
0,edp_ag0,1785477765087578246,173,1785477765033774576,1785477765033822227,1785477765033774576,2,55,53756019,10,2,expert_dp_param_allgather:pg=1213,1785477765087578246,0,expert_dp_param_allgather,47651,1887436800,same_rank_dp_ag0,10840,1.0,1785477763366169233,1785477763366216884,53756019,1785477763419972903,0,1785477763419972903
0,edp_ag0,1785477765087499624,166,1785477765033714678,1785477765033862289,1785477765033714678,2,55,53637335,10,2,expert_dp_param_allgather:pg=1215,1785477765087499624,0,expert_dp_param_allgather,147611,1887436800,same_rank_dp_ag0,10200,1.0,1785477763366109335,1785477763366256946,53637335,1785477763419894281,0,1785477763419894281
0,edp_ag0,1785477765087447355,174,1785477765033862289,1785477765033862289,1785477765033714678,2,55,53637335,10,2,expert_dp_param_allgather:pg=1215,1785477765087499624,52269,expert_dp_param_allgather,0,1887436800,same_rank_dp_ag0,11240,1.0,1785477763366256946,1785477763366256946,53637335,1785477763419894281,52269,1785477763419842012
0,edp_ag0,1785477765088968588,167,1785477765033755995,1785477765033866498,1785477765033755995,2,55,55102090,10,2,expert_dp_param_allgather:pg=1217,1785477765088968588,0,expert_dp_param_allgather,110503,1887436800,same_rank_dp_ag0,38840,1.0,1785477763366150652,1785477763366261155,55102090,1785477763421363245,0,1785477763421363245
0,edp_ag0,1785477765088928491,175,1785477765033866498,1785477765033866498,1785477765033755995,2,55,55102090,10,2,expert_dp_param_allgather:pg=1217,1785477765088968588,40097,expert_dp_param_allgather,0,1887436800,same_rank_dp_ag0,10800,1.0,1785477763366261155,1785477763366261155,55102090,1785477763421363245,40097,1785477763421323148
1,edp_ag1,1785477765237549254,160,1785477765184440319,1785477765184470479,1785477765184440319,2,55,53078775,10,2,expert_dp_param_allgather:pg=1203,1785477765237549254,0,expert_dp_param_allgather,30160,1887436800,same_rank_dp_ag1,14320,1.0,1785477763516834976,1785477763516865136,53078775,1785477763569943911,0,1785477763569943911
1,edp_ag1,1785477765237518414,168,1785477765184470479,1785477765184470479,1785477765184440319,2,55,53078775,10,2,expert_dp_param_allgather:pg=1203,1785477765237549254,30840,expert_dp_param_allgather,0,1887436800,same_rank_dp_ag1,11560,1.0,1785477763516865136,1785477763516865136,53078775,1785477763569943911,30840,1785477763569913071
1,edp_ag1,1785477765237688099,161,1785477765184449638,1785477765184470258,1785477765184449638,2,55,53277754,10,2,expert_dp_param_allgather:pg=1205,1785477765237748012,59913,expert_dp_param_allgather,20620,1887436800,same_rank_dp_ag1,10880,1.0,1785477763516844295,1785477763516864915,53277754,1785477763570142669,59913,1785477763570082756
1,edp_ag1,1785477765237748012,169,1785477765184470258,1785477765184470258,1785477765184449638,2,55,53277754,10,2,expert_dp_param_allgather:pg=1205,1785477765237748012,0,expert_dp_param_allgather,0,1887436800,same_rank_dp_ag1,10520,1.0,1785477763516864915,1785477763516864915,53277754,1785477763570142669,0,1785477763570142669
1,edp_ag1,1785477765239262428,162,1785477765184480850,1785477765184491763,1785477765184480850,2,55,54795655,10,2,expert_dp_param_allgather:pg=1207,1785477765239287418,24990,expert_dp_param_allgather,10913,1887436800,same_rank_dp_ag1,61081,1.0,1785477763516875507,1785477763516886420,54795655,1785477763571682075,24990,1785477763571657085
1,edp_ag1,1785477765239287418,170,1785477765184491763,1785477765184491763,1785477765184480850,2,55,54795655,10,2,expert_dp_param_allgather:pg=1207,1785477765239287418,0,expert_dp_param_allgather,0,1887436800,same_rank_dp_ag1,50040,1.0,1785477763516886420,1785477763516886420,54795655,1785477763571682075,0,1785477763571682075
1,edp_ag1,1785477765238437073,163,1785477765184449293,1785477765184449293,1785477765184446302,2,55,53987780,10,2,expert_dp_param_allgather:pg=1209,1785477765238437073,0,expert_dp_param_allgather,0,1887436800,same_rank_dp_ag1,10960,1.0,1785477763516843950,1785477763516843950,53987780,1785477763570831730,0,1785477763570831730
1,edp_ag1,1785477765238400974,171,1785477765184446302,1785477765184449293,1785477765184446302,2,55,53987780,10,2,expert_dp_param_allgather:pg=1209,1785477765238437073,36099,expert_dp_param_allgather,2991,1887436800,same_rank_dp_ag1,11400,1.0,1785477763516840959,1785477763516843950,53987780,1785477763570831730,36099,1785477763570795631
1,edp_ag1,1785477765237202457,164,1785477765184458688,1785477765184459528,1785477765184458688,2,55,52742929,10,2,expert_dp_param_allgather:pg=1211,1785477765237202457,0,expert_dp_param_allgather,840,1887436800,same_rank_dp_ag1,21440,1.0,1785477763516853345,1785477763516854185,52742929,1785477763569597114,0,1785477763569597114
1,edp_ag1,1785477765237192832,172,1785477765184459528,1785477765184459528,1785477765184458688,2,55,52742929,10,2,expert_dp_param_allgather:pg=1211,1785477765237202457,9625,expert_dp_param_allgather,0,1887436800,same_rank_dp_ag1,10680,1.0,1785477763516854185,1785477763516854185,52742929,1785477763569597114,9625,1785477763569587489
1,edp_ag1,1785477765237784678,165,1785477765184452834,1785477765184453429,1785477765184452834,2,55,53377909,10,2,expert_dp_param_allgather:pg=1213,1785477765237831338,46660,expert_dp_param_allgather,595,1887436800,same_rank_dp_ag1,48920,1.0,1785477763516847491,1785477763516848086,53377909,1785477763570225995,46660,1785477763570179335
1,edp_ag1,1785477765237831338,173,1785477765184453429,1785477765184453429,1785477765184452834,2,55,53377909,10,2,expert_dp_param_allgather:pg=1213,1785477765237831338,0,expert_dp_param_allgather,0,1887436800,same_rank_dp_ag1,16560,1.0,1785477763516848086,1785477763516848086,53377909,1785477763570225995,0,1785477763570225995
1,edp_ag1,1785477765236967195,166,1785477765184427304,1785477765184512115,1785477765184427304,2,55,52461105,10,2,expert_dp_param_allgather:pg=1215,1785477765236973220,6025,expert_dp_param_allgather,84811,1887436800,same_rank_dp_ag1,10560,1.0,1785477763516821961,1785477763516906772,52461105,1785477763569367877,6025,1785477763569361852
1,edp_ag1,1785477765236973220,174,1785477765184512115,1785477765184512115,1785477765184427304,2,55,52461105,10,2,expert_dp_param_allgather:pg=1215,1785477765236973220,0,expert_dp_param_allgather,0,1887436800,same_rank_dp_ag1,70200,1.0,1785477763516906772,1785477763516906772,52461105,1785477763569367877,0,1785477763569367877
1,edp_ag1,1785477765237372575,167,1785477765184444117,1785477765184509864,1785477765184444117,2,55,52898019,10,2,expert_dp_param_allgather:pg=1217,1785477765237407883,35308,expert_dp_param_allgather,65747,1887436800,same_rank_dp_ag1,17000,1.0,1785477763516838774,1785477763516904521,52898019,1785477763569802540,35308,1785477763569767232
1,edp_ag1,1785477765237407883,175,1785477765184509864,1785477765184509864,1785477765184444117,2,55,52898019,10,2,expert_dp_param_allgather:pg=1217,1785477765237407883,0,expert_dp_param_allgather,0,1887436800,same_rank_dp_ag1,59081,1.0,1785477763516904521,1785477763516904521,52898019,1785477763569802540,0,1785477763569802540
0,edp_rs,1785477757509316849,160,1785477757314500702,1785477757314500702,1785477757313823872,2,55,194816147,10,2,expert_dp_grad_reduce_scatter:pg=1203,1785477757509316849,0,expert_dp_grad_reduce_scatter,0,7549747200,same_rank_dp_rs,18088133,1.0,1785477756585785385,1785477756585785385,194816147,1785477756780601532,0,1785477756780601532
0,edp_rs,1785477757509312129,168,1785477757313823872,1785477757314500702,1785477757313823872,2,55,194816147,10,2,expert_dp_grad_reduce_scatter:pg=1203,1785477757509316849,4720,expert_dp_grad_reduce_scatter,676830,7549747200,same_rank_dp_rs,17581963,1.0,1785477756585108555,1785477756585785385,194816147,1785477756780601532,4720,1785477756780596812
0,edp_rs,1785477757523043693,161,1785477757314180667,1785477757314180667,1785477757314059926,2,55,208863026,10,2,expert_dp_grad_reduce_scatter:pg=1205,1785477757523043693,0,expert_dp_grad_reduce_scatter,0,7549747200,same_rank_dp_rs,17903075,1.0,1785477756585465350,1785477756585465350,208863026,1785477756794328376,0,1785477756794328376
0,edp_rs,1785477757522977674,169,1785477757314059926,1785477757314180667,1785477757314059926,2,55,208863026,10,2,expert_dp_grad_reduce_scatter:pg=1205,1785477757523043693,66019,expert_dp_grad_reduce_scatter,120741,7549747200,same_rank_dp_rs,17712395,1.0,1785477756585344609,1785477756585465350,208863026,1785477756794328376,66019,1785477756794262357
0,edp_rs,1785477757520053833,162,1785477757314169081,1785477757314169081,1785477757314040583,2,55,205884752,10,2,expert_dp_grad_reduce_scatter:pg=1207,1785477757520053833,0,expert_dp_grad_reduce_scatter,0,7549747200,same_rank_dp_rs,17830722,1.0,1785477756585453764,1785477756585453764,205884752,1785477756791338516,0,1785477756791338516
0,edp_rs,1785477757519974494,170,1785477757314040583,1785477757314169081,1785477757314040583,2,55,205884752,10,2,expert_dp_grad_reduce_scatter:pg=1207,1785477757520053833,79339,expert_dp_grad_reduce_scatter,128498,7549747200,same_rank_dp_rs,17677372,1.0,1785477756585325266,1785477756585453764,205884752,1785477756791338516,79339,1785477756791259177
0,edp_rs,1785477757537191758,163,1785477757313775374,1785477757314060924,1785477757313775374,2,55,223226732,10,2,expert_dp_grad_reduce_scatter:pg=1209,1785477757537287656,95898,expert_dp_grad_reduce_scatter,285550,7549747200,same_rank_dp_rs,17421399,1.0,1785477756585060057,1785477756585345607,223226732,1785477756808572339,95898,1785477756808476441
0,edp_rs,1785477757537287656,171,1785477757314060924,1785477757314060924,1785477757313775374,2,55,223226732,10,2,expert_dp_grad_reduce_scatter:pg=1209,1785477757537287656,0,expert_dp_grad_reduce_scatter,0,7549747200,same_rank_dp_rs,17687449,1.0,1785477756585345607,1785477756585345607,223226732,1785477756808572339,0,1785477756808572339
0,edp_rs,1785477757521742722,164,1785477757314483131,1785477757314483131,1785477757314087788,2,55,207334955,10,2,expert_dp_grad_reduce_scatter:pg=1211,1785477757521818086,75364,expert_dp_grad_reduce_scatter,0,7549747200,same_rank_dp_rs,18131143,1.0,1785477756585767814,1785477756585767814,207334955,1785477756793102769,75364,1785477756793027405
0,edp_rs,1785477757521818086,172,1785477757314087788,1785477757314483131,1785477757314087788,2,55,207334955,10,2,expert_dp_grad_reduce_scatter:pg=1211,1785477757521818086,0,expert_dp_grad_reduce_scatter,395343,7549747200,same_rank_dp_rs,17725525,1.0,1785477756585372471,1785477756585767814,207334955,1785477756793102769,0,1785477756793102769
0,edp_rs,1785477757522130171,165,1785477757314212304,1785477757314212304,1785477757314024631,2,55,208034158,10,2,expert_dp_grad_reduce_scatter:pg=1213,1785477757522246462,116291,expert_dp_grad_reduce_scatter,0,7549747200,same_rank_dp_rs,17838576,1.0,1785477756585496987,1785477756585496987,208034158,1785477756793531145,116291,1785477756793414854
0,edp_rs,1785477757522246462,173,1785477757314024631,1785477757314212304,1785477757314024631,2,55,208034158,10,2,expert_dp_grad_reduce_scatter:pg=1213,1785477757522246462,0,expert_dp_grad_reduce_scatter,187673,7549747200,same_rank_dp_rs,17659311,1.0,1785477756585309314,1785477756585496987,208034158,1785477756793531145,0,1785477756793531145
0,edp_rs,1785477757520240138,166,1785477757313898900,1785477757313898900,1785477757313879234,2,55,206341238,10,2,expert_dp_grad_reduce_scatter:pg=1215,1785477757520240138,0,expert_dp_grad_reduce_scatter,0,7549747200,same_rank_dp_rs,17521297,1.0,1785477756585183583,1785477756585183583,206341238,1785477756791524821,0,1785477756791524821
0,edp_rs,1785477757520208973,174,1785477757313879234,1785477757313898900,1785477757313879234,2,55,206341238,10,2,expert_dp_grad_reduce_scatter:pg=1215,1785477757520240138,31165,expert_dp_grad_reduce_scatter,19666,7549747200,same_rank_dp_rs,17557276,1.0,1785477756585163917,1785477756585183583,206341238,1785477756791524821,31165,1785477756791493656
0,edp_rs,1785477757521329707,167,1785477757313955764,1785477757314306403,1785477757313955764,2,55,207024819,10,2,expert_dp_grad_reduce_scatter:pg=1217,1785477757521331222,1515,expert_dp_grad_reduce_scatter,350639,7549747200,same_rank_dp_rs,17576994,1.0,1785477756585240447,1785477756585591086,207024819,1785477756792615905,1515,1785477756792614390
0,edp_rs,1785477757521331222,175,1785477757314306403,1785477757314306403,1785477757313955764,2,55,207024819,10,2,expert_dp_grad_reduce_scatter:pg=1217,1785477757521331222,0,expert_dp_grad_reduce_scatter,0,7549747200,same_rank_dp_rs,18066758,1.0,1785477756585591086,1785477756585591086,207024819,1785477756792615905,0,1785477756792615905
0,dp_ag0,1785477765034071980,176,1785477765025594573,1785477765026401402,1785477765025276147,16,55,7672493,11,16,dp_param_allgather:pg=23,1785477765034073895,1915,dp_param_allgather,806829,98621440,world_rs_done,28918316,1.0,1785477763357989230,1785477763358796059,7672493,1785477763366468552,1915,1785477763366466637
0,dp_ag0,1785477765034073365,177,1785477765025631610,1785477765026401402,1785477765025276147,16,55,7672493,11,16,dp_param_allgather:pg=23,1785477765034073895,530,dp_param_allgather,769792,98621440,world_rs_done,28955353,1.0,1785477763358026267,1785477763358796059,7672493,1785477763366468552,530,1785477763366468022
0,dp_ag0,1785477765034064715,178,1785477765025893374,1785477765026401402,1785477765025276147,16,55,7672493,11,16,dp_param_allgather:pg=23,1785477765034073895,9180,dp_param_allgather,508028,98621440,world_rs_done,29217117,1.0,1785477763358288031,1785477763358796059,7672493,1785477763366468552,9180,1785477763366459372
0,dp_ag0,1785477765034043271,179,1785477765026192066,1785477765026401402,1785477765025276147,16,55,7672493,11,16,dp_param_allgather:pg=23,1785477765034073895,30624,dp_param_allgather,209336,98621440,world_rs_done,29515809,1.0,1785477763358586723,1785477763358796059,7672493,1785477763366468552,30624,1785477763366437928
0,dp_ag0,1785477765034067249,180,1785477765025710075,1785477765026401402,1785477765025276147,16,55,7672493,11,16,dp_param_allgather:pg=23,1785477765034073895,6646,dp_param_allgather,691327,98621440,world_rs_done,29033818,1.0,1785477763358104732,1785477763358796059,7672493,1785477763366468552,6646,1785477763366461906
0,dp_ag0,1785477765034064914,181,1785477765025750652,1785477765026401402,1785477765025276147,16,55,7672493,11,16,dp_param_allgather:pg=23,1785477765034073895,8981,dp_param_allgather,650750,98621440,world_rs_done,29074395,1.0,1785477763358145309,1785477763358796059,7672493,1785477763366468552,8981,1785477763366459571
0,dp_ag0,1785477765034071587,182,1785477765025619955,1785477765026401402,1785477765025276147,16,55,7672493,11,16,dp_param_allgather:pg=23,1785477765034073895,2308,dp_param_allgather,781447,98621440,world_rs_done,28943698,1.0,1785477763358014612,1785477763358796059,7672493,1785477763366468552,2308,1785477763366466244
0,dp_ag0,1785477765034073895,183,1785477765026401402,1785477765026401402,1785477765025276147,16,55,7672493,11,16,dp_param_allgather:pg=23,1785477765034073895,0,dp_param_allgather,0,98621440,world_rs_done,29725145,1.0,1785477763358796059,1785477763358796059,7672493,1785477763366468552,0,1785477763366468552
0,dp_ag0,1785477765034009991,184,1785477765025276147,1785477765026401402,1785477765025276147,16,55,7672493,11,16,dp_param_allgather:pg=23,1785477765034073895,63904,dp_param_allgather,1125255,98621440,world_rs_done,28599890,1.0,1785477763357670804,1785477763358796059,7672493,1785477763366468552,63904,1785477763366404648
0,dp_ag0,1785477765034018642,185,1785477765025766258,1785477765026401402,1785477765025276147,16,55,7672493,11,16,dp_param_allgather:pg=23,1785477765034073895,55253,dp_param_allgather,635144,98621440,world_rs_done,29090001,1.0,1785477763358160915,1785477763358796059,7672493,1785477763366468552,55253,1785477763366413299
0,dp_ag0,1785477765034004317,186,1785477765025710933,1785477765026401402,1785477765025276147,16,55,7672493,11,16,dp_param_allgather:pg=23,1785477765034073895,69578,dp_param_allgather,690469,98621440,world_rs_done,29034676,1.0,1785477763358105590,1785477763358796059,7672493,1785477763366468552,69578,1785477763366398974
0,dp_ag0,1785477765034039526,187,1785477765026331210,1785477765026401402,1785477765025276147,16,55,7672493,11,16,dp_param_allgather:pg=23,1785477765034073895,34369,dp_param_allgather,70192,98621440,world_rs_done,29654953,1.0,1785477763358725867,1785477763358796059,7672493,1785477763366468552,34369,1785477763366434183
0,dp_ag0,1785477765034008039,188,1785477765025587811,1785477765026401402,1785477765025276147,16,55,7672493,11,16,dp_param_allgather:pg=23,1785477765034073895,65856,dp_param_allgather,813591,98621440,world_rs_done,28911554,1.0,1785477763357982468,1785477763358796059,7672493,1785477763366468552,65856,1785477763366402696
0,dp_ag0,1785477765033987865,189,1785477765025577084,1785477765026401402,1785477765025276147,16,55,7672493,11,16,dp_param_allgather:pg=23,1785477765034073895,86030,dp_param_allgather,824318,98621440,world_rs_done,28900827,1.0,1785477763357971741,1785477763358796059,7672493,1785477763366468552,86030,1785477763366382522
0,dp_ag0,1785477765033997494,190,1785477765025589396,1785477765026401402,1785477765025276147,16,55,7672493,11,16,dp_param_allgather:pg=23,1785477765034073895,76401,dp_param_allgather,812006,98621440,world_rs_done,28913139,1.0,1785477763357984053,1785477763358796059,7672493,1785477763366468552,76401,1785477763366392151
0,dp_ag0,1785477765034055623,191,1785477765026075218,1785477765026401402,1785477765025276147,16,55,7672493,11,16,dp_param_allgather:pg=23,1785477765034073895,18272,dp_param_allgather,326184,98621440,world_rs_done,29398961,1.0,1785477763358469875,1785477763358796059,7672493,1785477763366468552,18272,1785477763366450280
1,dp_ag1,1785477765189442237,176,1785477765174228113,1785477765181918867,1785477765173704608,16,55,7563645,11,16,dp_param_allgather:pg=23,1785477765189482512,40275,dp_param_allgather,7690754,98621440,same_rank_edp_ag0,86705078,1.0,1785477763506622770,1785477763514313524,7563645,1785477763521877169,40275,1785477763521836894
1,dp_ag1,1785477765189420091,177,1785477765177631402,1785477765181918867,1785477765173704608,16,55,7563645,11,16,dp_param_allgather:pg=23,1785477765189482512,62421,dp_param_allgather,4287465,98621440,same_rank_edp_ag0,88139486,1.0,1785477763510026059,1785477763514313524,7563645,1785477763521877169,62421,1785477763521814748
1,dp_ag1,1785477765189416713,178,1785477765175438557,1785477765181918867,1785477765173704608,16,55,7563645,11,16,dp_param_allgather:pg=23,1785477765189482512,65799,dp_param_allgather,6480310,98621440,same_rank_edp_ag0,88178426,1.0,1785477763507833214,1785477763514313524,7563645,1785477763521877169,65799,1785477763521811370
1,dp_ag1,1785477765189482512,179,1785477765177777846,1785477765181918867,1785477765173704608,16,55,7563645,11,16,dp_param_allgather:pg=23,1785477765189482512,0,dp_param_allgather,4141021,98621440,same_rank_edp_ag0,87817457,1.0,1785477763510172503,1785477763514313524,7563645,1785477763521877169,0,1785477763521877169
1,dp_ag1,1785477765189411562,180,1785477765181918867,1785477765181918867,1785477765173704608,16,55,7563645,11,16,dp_param_allgather:pg=23,1785477765189482512,70950,dp_param_allgather,0,98621440,same_rank_edp_ag0,87056551,1.0,1785477763514313524,1785477763514313524,7563645,1785477763521877169,70950,1785477763521806219
1,dp_ag1,1785477765189479951,181,1785477765174169472,1785477765181918867,1785477765173704608,16,55,7563645,11,16,dp_param_allgather:pg=23,1785477765189482512,2561,dp_param_allgather,7749395,98621440,same_rank_edp_ag0,86871342,1.0,1785477763506564129,1785477763514313524,7563645,1785477763521877169,2561,1785477763521874608
1,dp_ag1,1785477765189454988,182,1785477765175019283,1785477765181918867,1785477765173704608,16,55,7563645,11,16,dp_param_allgather:pg=23,1785477765189482512,27524,dp_param_allgather,6899584,98621440,same_rank_edp_ag0,88071230,1.0,1785477763507413940,1785477763514313524,7563645,1785477763521877169,27524,1785477763521849645
1,dp_ag1,1785477765189475545,183,1785477765173823278,1785477765181918867,1785477765173704608,16,55,7563645,11,16,dp_param_allgather:pg=23,1785477765189482512,6967,dp_param_allgather,8095589,98621440,same_rank_edp_ag0,87445629,1.0,1785477763506217935,1785477763514313524,7563645,1785477763521877169,6967,1785477763521870202
1,dp_ag1,1785477765189462304,184,1785477765174512337,1785477765181918867,1785477765173704608,16,55,7563645,11,16,dp_param_allgather:pg=23,1785477765189482512,20208,dp_param_allgather,7406530,98621440,same_rank_edp_ag0,86963961,1.0,1785477763506906994,1785477763514313524,7563645,1785477763521877169,20208,1785477763521856961
1,dp_ag1,1785477765189468580,185,1785477765176521005,1785477765181918867,1785477765173704608,16,55,7563645,11,16,dp_param_allgather:pg=23,1785477765189482512,13932,dp_param_allgather,5397862,98621440,same_rank_edp_ag0,86977671,1.0,1785477763508915662,1785477763514313524,7563645,1785477763521877169,13932,1785477763521863237
1,dp_ag1,1785477765189473414,186,1785477765175435841,1785477765181918867,1785477765173704608,16,55,7563645,11,16,dp_param_allgather:pg=23,1785477765189482512,9098,dp_param_allgather,6483026,98621440,same_rank_edp_ag0,88120068,1.0,1785477763507830498,1785477763514313524,7563645,1785477763521877169,9098,1785477763521868071
1,dp_ag1,1785477765189454045,187,1785477765177943791,1785477765181918867,1785477765173704608,16,55,7563645,11,16,dp_param_allgather:pg=23,1785477765189482512,28467,dp_param_allgather,3975076,98621440,same_rank_edp_ag0,87964502,1.0,1785477763510338448,1785477763514313524,7563645,1785477763521877169,28467,1785477763521848702
1,dp_ag1,1785477765189472910,188,1785477765181872120,1785477765181918867,1785477765173704608,16,55,7563645,11,16,dp_param_allgather:pg=23,1785477765189482512,9602,dp_param_allgather,46747,98621440,same_rank_edp_ag0,87102042,1.0,1785477763514266777,1785477763514313524,7563645,1785477763521877169,9602,1785477763521867567
1,dp_ag1,1785477765189458266,189,1785477765175104459,1785477765181918867,1785477765173704608,16,55,7563645,11,16,dp_param_allgather:pg=23,1785477765189482512,24246,dp_param_allgather,6814408,98621440,same_rank_edp_ag0,87777757,1.0,1785477763507499116,1785477763514313524,7563645,1785477763521877169,24246,1785477763521852923
1,dp_ag1,1785477765189440553,190,1785477765174889602,1785477765181918867,1785477765173704608,16,55,7563645,11,16,dp_param_allgather:pg=23,1785477765189482512,41959,dp_param_allgather,7029265,98621440,same_rank_edp_ag0,87990392,1.0,1785477763507284259,1785477763514313524,7563645,1785477763521877169,41959,1785477763521835210
1,dp_ag1,1785477765189462698,191,1785477765173704608,1785477765181918867,1785477765173704608,16,55,7563645,11,16,dp_param_allgather:pg=23,1785477765189482512,19814,dp_param_allgather,8214259,98621440,same_rank_edp_ag0,87297376,1.0,1785477763506099265,1785477763514313524,7563645,1785477763521877169,19814,1785477763521857355
0,dp_rs,1785477756512002113,176,1785477756330923378,1785477756495984771,1785477756330087989,16,55,16127350,11,16,dp_grad_reduce_scatter:pg=23,1785477756512112121,110008,dp_grad_reduce_scatter,165061393,3155886080,pp_frontier,0,1.0,1785477755652283015,1785477755859770884,16127350,1785477755875898234,110008,1785477755875788226
0,dp_rs,1785477756512112121,177,1785477756330997535,1785477756495984771,1785477756330087989,16,55,16127350,11,16,dp_grad_reduce_scatter:pg=23,1785477756512112121,0,dp_grad_reduce_scatter,164987236,3155886080,pp_frontier,0,1.0,1785477755646849171,1785477755859770884,16127350,1785477755875898234,0,1785477755875898234
0,dp_rs,1785477756512040027,178,1785477756330737888,1785477756495984771,1785477756330087989,16,55,16127350,11,16,dp_grad_reduce_scatter:pg=23,1785477756512112121,72094,dp_grad_reduce_scatter,165246883,3155886080,pp_frontier,0,1.0,1785477755652399066,1785477755859770884,16127350,1785477755875898234,72094,1785477755875826140
0,dp_rs,1785477756512072584,179,1785477756330939479,1785477756495984771,1785477756330087989,16,55,16127350,11,16,dp_grad_reduce_scatter:pg=23,1785477756512112121,39537,dp_grad_reduce_scatter,165045292,3155886080,pp_frontier,0,1.0,1785477755652032537,1785477755859770884,16127350,1785477755875898234,39537,1785477755875858697
0,dp_rs,1785477756512074979,180,1785477756330210357,1785477756495984771,1785477756330087989,16,55,16127350,11,16,dp_grad_reduce_scatter:pg=23,1785477756512112121,37142,dp_grad_reduce_scatter,165774414,3155886080,pp_frontier,0,1.0,1785477755652985839,1785477755859770884,16127350,1785477755875898234,37142,1785477755875861092
0,dp_rs,1785477756512013218,181,1785477756330087989,1785477756495984771,1785477756330087989,16,55,16127350,11,16,dp_grad_reduce_scatter:pg=23,1785477756512112121,98903,dp_grad_reduce_scatter,165896782,3155886080,pp_frontier,0,1.0,1785477755651976564,1785477755859770884,16127350,1785477755875898234,98903,1785477755875799331
0,dp_rs,1785477756512030901,182,1785477756331998436,1785477756495984771,1785477756330087989,16,55,16127350,11,16,dp_grad_reduce_scatter:pg=23,1785477756512112121,81220,dp_grad_reduce_scatter,163986335,3155886080,pp_frontier,0,1.0,1785477755648085259,1785477755859770884,16127350,1785477755875898234,81220,1785477755875817014
0,dp_rs,1785477756512107721,183,1785477756331840372,1785477756495984771,1785477756330087989,16,55,16127350,11,16,dp_grad_reduce_scatter:pg=23,1785477756512112121,4400,dp_grad_reduce_scatter,164144399,3155886080,pp_frontier,0,1.0,1785477755648965897,1785477755859770884,16127350,1785477755875898234,4400,1785477755875893834
0,dp_rs,1785477756512037755,184,1785477756495019146,1785477756495984771,1785477756330087989,16,55,16127350,11,16,dp_grad_reduce_scatter:pg=23,1785477756512112121,74366,dp_grad_reduce_scatter,965625,3155886080,pp_frontier,0,1.0,1785477755837852944,1785477755859770884,16127350,1785477755875898234,74366,1785477755875823868
0,dp_rs,1785477756511981900,185,1785477756495417975,1785477756495984771,1785477756330087989,16,55,16127350,11,16,dp_grad_reduce_scatter:pg=23,1785477756512112121,130221,dp_grad_reduce_scatter,566796,3155886080,pp_frontier,0,1.0,1785477755840513780,1785477755859770884,16127350,1785477755875898234,130221,1785477755875768013
0,dp_rs,1785477756511986010,186,1785477756494754004,1785477756495984771,1785477756330087989,16,55,16127350,11,16,dp_grad_reduce_scatter:pg=23,1785477756512112121,126111,dp_grad_reduce_scatter,1230767,3155886080,pp_frontier,0,1.0,1785477755852664427,1785477755859770884,16127350,1785477755875898234,126111,1785477755875772123
0,dp_rs,1785477756512068744,187,1785477756494955721,1785477756495984771,1785477756330087989,16,55,16127350,11,16,dp_grad_reduce_scatter:pg=23,1785477756512112121,43377,dp_grad_reduce_scatter,1029050,3155886080,pp_frontier,0,1.0,1785477755859770884,1785477755859770884,16127350,1785477755875898234,43377,1785477755875854857
0,dp_rs,1785477756512047545,188,1785477756494286969,1785477756495984771,1785477756330087989,16,55,16127350,11,16,dp_grad_reduce_scatter:pg=23,1785477756512112121,64576,dp_grad_reduce_scatter,1697802,3155886080,pp_frontier,0,1.0,1785477755855581653,1785477755859770884,16127350,1785477755875898234,64576,1785477755875833658
0,dp_rs,1785477756512008607,189,1785477756494138330,1785477756495984771,1785477756330087989,16,55,16127350,11,16,dp_grad_reduce_scatter:pg=23,1785477756512112121,103514,dp_grad_reduce_scatter,1846441,3155886080,pp_frontier,0,1.0,1785477755856241094,1785477755859770884,16127350,1785477755875898234,103514,1785477755875794720
0,dp_rs,1785477756512103375,190,1785477756495489418,1785477756495984771,1785477756330087989,16,55,16127350,11,16,dp_grad_reduce_scatter:pg=23,1785477756512112121,8746,dp_grad_reduce_scatter,495353,3155886080,pp_frontier,0,1.0,1785477755852236038,1785477755859770884,16127350,1785477755875898234,8746,1785477755875889488
0,dp_rs,1785477756512104418,191,1785477756495984771,1785477756495984771,1785477756330087989,16,55,16127350,11,16,dp_grad_reduce_scatter:pg=23,1785477756512112121,7703,dp_grad_reduce_scatter,0,3155886080,pp_frontier,0,1.0,1785477755849280584,1785477755859770884,16127350,1785477755875898234,7703,1785477755875890531
0,edp_ag0,1785477765087523035,176,1785477765034085380,1785477765034085380,1785477765034022231,2,55,53462996,11,2,expert_dp_param_allgather:pg=1219,1785477765087548376,25341,expert_dp_param_allgather,0,1887436800,same_rank_dp_ag0,13400,1.0,1785477763366480037,1785477763366480037,53462996,1785477763419943033,25341,1785477763419917692
0,edp_ag0,1785477765087548376,184,1785477765034022231,1785477765034085380,1785477765034022231,2,55,53462996,11,2,expert_dp_param_allgather:pg=1219,1785477765087548376,0,expert_dp_param_allgather,63149,1887436800,same_rank_dp_ag0,12240,1.0,1785477763366416888,1785477763366480037,53462996,1785477763419943033,0,1785477763419943033
0,edp_ag0,1785477765089491916,177,1785477765034084045,1785477765034084045,1785477765034033722,2,55,55459289,11,2,expert_dp_param_allgather:pg=1221,1785477765089543334,51418,expert_dp_param_allgather,0,1887436800,same_rank_dp_ag0,10680,1.0,1785477763366478702,1785477763366478702,55459289,1785477763421937991,51418,1785477763421886573
0,edp_ag0,1785477765089543334,185,1785477765034033722,1785477765034084045,1785477765034033722,2,55,55459289,11,2,expert_dp_param_allgather:pg=1221,1785477765089543334,0,expert_dp_param_allgather,50323,1887436800,same_rank_dp_ag0,15080,1.0,1785477763366428379,1785477763366478702,55459289,1785477763421937991,0,1785477763421937991
0,edp_ag0,1785477765087260131,178,1785477765034085635,1785477765034085635,1785477765034014797,2,55,53230138,11,2,expert_dp_param_allgather:pg=1223,1785477765087315773,55642,expert_dp_param_allgather,0,1887436800,same_rank_dp_ag0,20920,1.0,1785477763366480292,1785477763366480292,53230138,1785477763419710430,55642,1785477763419654788
0,edp_ag0,1785477765087315773,186,1785477765034014797,1785477765034085635,1785477765034014797,2,55,53230138,11,2,expert_dp_param_allgather:pg=1223,1785477765087315773,0,expert_dp_param_allgather,70838,1887436800,same_rank_dp_ag0,10480,1.0,1785477763366409454,1785477763366480292,53230138,1785477763419710430,0,1785477763419710430
0,edp_ag0,1785477765089960389,179,1785477765034098991,1785477765034098991,1785477765034093606,2,55,55880298,11,2,expert_dp_param_allgather:pg=1225,1785477765089979289,18900,expert_dp_param_allgather,0,1887436800,same_rank_dp_ag0,55720,1.0,1785477763366493648,1785477763366493648,55880298,1785477763422373946,18900,1785477763422355046
0,edp_ag0,1785477765089979289,187,1785477765034093606,1785477765034098991,1785477765034093606,2,55,55880298,11,2,expert_dp_param_allgather:pg=1225,1785477765089979289,0,expert_dp_param_allgather,5385,1887436800,same_rank_dp_ag0,54080,1.0,1785477763366488263,1785477763366493648,55880298,1785477763422373946,0,1785477763422373946
0,edp_ag0,1785477765094862316,180,1785477765034084569,1785477765034084569,1785477765034022279,2,55,60777747,11,2,expert_dp_param_allgather:pg=1227,1785477765094862316,0,expert_dp_param_allgather,0,1887436800,same_rank_dp_ag0,17320,1.0,1785477763366479226,1785477763366479226,60777747,1785477763427256973,0,1785477763427256973
0,edp_ag0,1785477765094770078,188,1785477765034022279,1785477765034084569,1785477765034022279,2,55,60777747,11,2,expert_dp_param_allgather:pg=1227,1785477765094862316,92238,expert_dp_param_allgather,62290,1887436800,same_rank_dp_ag0,14240,1.0,1785477763366416936,1785477763366479226,60777747,1785477763427256973,92238,1785477763427164735
0,edp_ag0,1785477765087298130,181,1785477765034075394,1785477765034075394,1785477765033998265,2,55,53251308,11,2,expert_dp_param_allgather:pg=1229,1785477765087326702,28572,expert_dp_param_allgather,0,1887436800,same_rank_dp_ag0,10480,1.0,1785477763366470051,1785477763366470051,53251308,1785477763419721359,28572,1785477763419692787
0,edp_ag0,1785477765087326702,189,1785477765033998265,1785477765034075394,1785477765033998265,2,55,53251308,11,2,expert_dp_param_allgather:pg=1229,1785477765087326702,0,expert_dp_param_allgather,77129,1887436800,same_rank_dp_ag0,10400,1.0,1785477763366392922,1785477763366470051,53251308,1785477763419721359,0,1785477763419721359
0,edp_ag0,1785477765086948053,182,1785477765034082227,1785477765034091895,1785477765034082227,2,55,52856158,11,2,expert_dp_param_allgather:pg=1231,1785477765086948053,0,expert_dp_param_allgather,9668,1887436800,same_rank_dp_ag0,10640,1.0,1785477763366476884,1785477763366486552,52856158,1785477763419342710,0,1785477763419342710
0,edp_ag0,1785477765086899210,190,1785477765034091895,1785477765034091895,1785477765034082227,2,55,52856158,11,2,expert_dp_param_allgather:pg=1231,1785477765086948053,48843,expert_dp_param_allgather,0,1887436800,same_rank_dp_ag0,94401,1.0,1785477763366486552,1785477763366486552,52856158,1785477763419342710,48843,1785477763419293867
0,edp_ag0,1785477765086377649,183,1785477765034085199,1785477765034085199,1785477765034067663,2,55,52322033,11,2,expert_dp_param_allgather:pg=1233,1785477765086407232,29583,expert_dp_param_allgather,0,1887436800,same_rank_dp_ag0,11304,1.0,1785477763366479856,1785477763366479856,52322033,1785477763418801889,29583,1785477763418772306
0,edp_ag0,1785477765086407232,191,1785477765034067663,1785477765034085199,1785477765034067663,2,55,52322033,11,2,expert_dp_param_allgather:pg=1233,1785477765086407232,0,expert_dp_param_allgather,17536,1887436800,same_rank_dp_ag0,12040,1.0,1785477763366462320,1785477763366479856,52322033,1785477763418801889,0,1785477763418801889
1,edp_ag1,1785477765243239814,176,1785477765189539638,1785477765189539638,1785477765189473104,2,55,53755451,11,2,expert_dp_param_allgather:pg=1219,1785477765243295089,55275,expert_dp_param_allgather,0,1887436800,same_rank_dp_ag1,97401,1.0,1785477763521934295,1785477763521934295,53755451,1785477763575689746,55275,1785477763575634471
1,edp_ag1,1785477765243295089,184,1785477765189473104,1785477765189539638,1785477765189473104,2,55,53755451,11,2,expert_dp_param_allgather:pg=1219,1785477765243295089,0,expert_dp_param_allgather,66534,1887436800,same_rank_dp_ag1,10800,1.0,1785477763521867761,1785477763521934295,53755451,1785477763575689746,0,1785477763575689746
1,edp_ag1,1785477765247111371,177,1785477765189469132,1785477765189480100,1785477765189469132,2,55,57631271,11,2,expert_dp_param_allgather:pg=1221,1785477765247111371,0,expert_dp_param_allgather,10968,1887436800,same_rank_dp_ag1,49041,1.0,1785477763521863789,1785477763521874757,57631271,1785477763579506028,0,1785477763579506028
1,edp_ag1,1785477765247024829,185,1785477765189480100,1785477765189480100,1785477765189469132,2,55,57631271,11,2,expert_dp_param_allgather:pg=1221,1785477765247111371,86542,expert_dp_param_allgather,0,1887436800,same_rank_dp_ag1,11520,1.0,1785477763521874757,1785477763521874757,57631271,1785477763579506028,86542,1785477763579419486
1,edp_ag1,1785477765243074611,178,1785477765189439473,1785477765189485734,1785477765189439473,2,55,53638615,11,2,expert_dp_param_allgather:pg=1223,1785477765243124349,49738,expert_dp_param_allgather,46261,1887436800,same_rank_dp_ag1,22760,1.0,1785477763521834130,1785477763521880391,53638615,1785477763575519006,49738,1785477763575469268
1,edp_ag1,1785477765243124349,186,1785477765189485734,1785477765189485734,1785477765189439473,2,55,53638615,11,2,expert_dp_param_allgather:pg=1223,1785477765243124349,0,expert_dp_param_allgather,0,1887436800,same_rank_dp_ag1,12320,1.0,1785477763521880391,1785477763521880391,53638615,1785477763575519006,0,1785477763575519006
1,edp_ag1,1785477765242646935,179,1785477765189494153,1785477765189494153,1785477765189465205,2,55,53192991,11,2,expert_dp_param_allgather:pg=1225,1785477765242687144,40209,expert_dp_param_allgather,0,1887436800,same_rank_dp_ag1,11641,1.0,1785477763521888810,1785477763521888810,53192991,1785477763575081801,40209,1785477763575041592
1,edp_ag1,1785477765242687144,187,1785477765189465205,1785477765189494153,1785477765189465205,2,55,53192991,11,2,expert_dp_param_allgather:pg=1225,1785477765242687144,0,expert_dp_param_allgather,28948,1887436800,same_rank_dp_ag1,11160,1.0,1785477763521859862,1785477763521888810,53192991,1785477763575081801,0,1785477763575081801
1,edp_ag1,1785477765244649631,180,1785477765189500362,1785477765189500362,1785477765189484070,2,55,55197674,11,2,expert_dp_param_allgather:pg=1227,1785477765244698036,48405,expert_dp_param_allgather,0,1887436800,same_rank_dp_ag1,88800,1.0,1785477763521895019,1785477763521895019,55197674,1785477763577092693,48405,1785477763577044288
1,edp_ag1,1785477765244698036,188,1785477765189484070,1785477765189500362,1785477765189484070,2,55,55197674,11,2,expert_dp_param_allgather:pg=1227,1785477765244698036,0,expert_dp_param_allgather,16292,1887436800,same_rank_dp_ag1,11160,1.0,1785477763521878727,1785477763521895019,55197674,1785477763577092693,0,1785477763577092693
1,edp_ag1,1785477765241662404,181,1785477765189490591,1785477765189490591,1785477765189469426,2,55,52171813,11,2,expert_dp_param_allgather:pg=1229,1785477765241662404,0,expert_dp_param_allgather,0,1887436800,same_rank_dp_ag1,10640,1.0,1785477763521885248,1785477763521885248,52171813,1785477763574057061,0,1785477763574057061
1,edp_ag1,1785477765241615545,189,1785477765189469426,1785477765189490591,1785477765189469426,2,55,52171813,11,2,expert_dp_param_allgather:pg=1229,1785477765241662404,46859,expert_dp_param_allgather,21165,1887436800,same_rank_dp_ag1,11160,1.0,1785477763521864083,1785477763521885248,52171813,1785477763574057061,46859,1785477763574010202
1,edp_ag1,1785477765244023214,182,1785477765189465813,1785477765189465813,1785477765189451273,2,55,54557401,11,2,expert_dp_param_allgather:pg=1231,1785477765244023214,0,expert_dp_param_allgather,0,1887436800,same_rank_dp_ag1,10825,1.0,1785477763521860470,1785477763521860470,54557401,1785477763576417871,0,1785477763576417871
1,edp_ag1,1785477765243982312,190,1785477765189451273,1785477765189465813,1785477765189451273,2,55,54557401,11,2,expert_dp_param_allgather:pg=1231,1785477765244023214,40902,expert_dp_param_allgather,14540,1887436800,same_rank_dp_ag1,10720,1.0,1785477763521845930,1785477763521860470,54557401,1785477763576417871,40902,1785477763576376969
1,edp_ag1,1785477765243822398,183,1785477765189486665,1785477765189530178,1785477765189486665,2,55,54292220,11,2,expert_dp_param_allgather:pg=1233,1785477765243822398,0,expert_dp_param_allgather,43513,1887436800,same_rank_dp_ag1,11120,1.0,1785477763521881322,1785477763521924835,54292220,1785477763576217055,0,1785477763576217055
1,edp_ag1,1785477765243793019,191,1785477765189530178,1785477765189530178,1785477765189486665,2,55,54292220,11,2,expert_dp_param_allgather:pg=1233,1785477765243822398,29379,expert_dp_param_allgather,0,1887436800,same_rank_dp_ag1,67480,1.0,1785477763521924835,1785477763521924835,54292220,1785477763576217055,29379,1785477763576187676
0,edp_rs,1785477756748509346,176,1785477756529888249,1785477756529888249,1785477756529624760,2,55,218621097,11,2,expert_dp_grad_reduce_scatter:pg=1219,1785477756748509346,0,expert_dp_grad_reduce_scatter,0,7549747200,same_rank_dp_rs,17886136,1.0,1785477755893674362,1785477755893674362,218621097,1785477756112295459,0,1785477756112295459
0,edp_rs,1785477756748441672,184,1785477756529624760,1785477756529888249,1785477756529624760,2,55,218621097,11,2,expert_dp_grad_reduce_scatter:pg=1219,1785477756748509346,67674,expert_dp_grad_reduce_scatter,263489,7549747200,same_rank_dp_rs,17587005,1.0,1785477755893410873,1785477755893674362,218621097,1785477756112295459,67674,1785477756112227785
0,edp_rs,1785477756738649894,177,1785477756529745274,1785477756529745274,1785477756529726543,2,55,208904620,11,2,expert_dp_grad_reduce_scatter:pg=1221,1785477756738649894,0,expert_dp_grad_reduce_scatter,0,7549747200,same_rank_dp_rs,17633153,1.0,1785477755893531387,1785477755893531387,208904620,1785477756102436007,0,1785477756102436007
0,edp_rs,1785477756738582747,185,1785477756529726543,1785477756529745274,1785477756529726543,2,55,208904620,11,2,expert_dp_grad_reduce_scatter:pg=1221,1785477756738649894,67147,expert_dp_grad_reduce_scatter,18731,7549747200,same_rank_dp_rs,17744643,1.0,1785477755893512656,1785477755893531387,208904620,1785477756102436007,67147,1785477756102368860
0,edp_rs,1785477756744038773,178,1785477756529614471,1785477756529614471,1785477756529462776,2,55,214515926,11,2,expert_dp_grad_reduce_scatter:pg=1223,1785477756744130397,91624,expert_dp_grad_reduce_scatter,0,7549747200,same_rank_dp_rs,17574444,1.0,1785477755893400584,1785477755893400584,214515926,1785477756107916510,91624,1785477756107824886
0,edp_rs,1785477756744130397,186,1785477756529462776,1785477756529614471,1785477756529462776,2,55,214515926,11,2,expert_dp_grad_reduce_scatter:pg=1223,1785477756744130397,0,expert_dp_grad_reduce_scatter,151695,7549747200,same_rank_dp_rs,17476766,1.0,1785477755893248889,1785477755893400584,214515926,1785477756107916510,0,1785477756107916510
0,edp_rs,1785477756741439446,179,1785477756529450709,1785477756529935162,1785477756529450709,2,55,211561721,11,2,expert_dp_grad_reduce_scatter:pg=1225,1785477756741496883,57437,expert_dp_grad_reduce_scatter,484453,7549747200,same_rank_dp_rs,17378125,1.0,1785477755893236822,1785477755893721275,211561721,1785477756105282996,57437,1785477756105225559
0,edp_rs,1785477756741496883,187,1785477756529935162,1785477756529935162,1785477756529450709,2,55,211561721,11,2,expert_dp_grad_reduce_scatter:pg=1225,1785477756741496883,0,expert_dp_grad_reduce_scatter,0,7549747200,same_rank_dp_rs,17866418,1.0,1785477755893721275,1785477755893721275,211561721,1785477756105282996,0,1785477756105282996
0,edp_rs,1785477756739744405,180,1785477756529784146,1785477756530004880,1785477756529784146,2,55,209739525,11,2,expert_dp_grad_reduce_scatter:pg=1227,1785477756739744405,0,expert_dp_grad_reduce_scatter,220734,7549747200,same_rank_dp_rs,17709167,1.0,1785477755893570259,1785477755893790993,209739525,1785477756103530518,0,1785477756103530518
0,edp_rs,1785477756739660995,188,1785477756530004880,1785477756530004880,1785477756529784146,2,55,209739525,11,2,expert_dp_grad_reduce_scatter:pg=1227,1785477756739744405,83410,expert_dp_grad_reduce_scatter,0,7549747200,same_rank_dp_rs,17957335,1.0,1785477755893790993,1785477755893790993,209739525,1785477756103530518,83410,1785477756103447108
0,edp_rs,1785477756739890675,181,1785477756529584899,1785477756529584899,1785477756529551925,2,55,210377521,11,2,expert_dp_grad_reduce_scatter:pg=1229,1785477756739962420,71745,expert_dp_grad_reduce_scatter,0,7549747200,same_rank_dp_rs,17571681,1.0,1785477755893371012,1785477755893371012,210377521,1785477756103748533,71745,1785477756103676788
0,edp_rs,1785477756739962420,189,1785477756529551925,1785477756529584899,1785477756529551925,2,55,210377521,11,2,expert_dp_grad_reduce_scatter:pg=1229,1785477756739962420,0,expert_dp_grad_reduce_scatter,32974,7549747200,same_rank_dp_rs,17543318,1.0,1785477755893338038,1785477755893371012,210377521,1785477756103748533,0,1785477756103748533
0,edp_rs,1785477756742289717,182,1785477756529812124,1785477756529812124,1785477756529647534,2,55,212477593,11,2,expert_dp_grad_reduce_scatter:pg=1231,1785477756742289717,0,expert_dp_grad_reduce_scatter,0,7549747200,same_rank_dp_rs,17781223,1.0,1785477755893598237,1785477755893598237,212477593,1785477756106075830,0,1785477756106075830
0,edp_rs,1785477756742208007,190,1785477756529647534,1785477756529812124,1785477756529647534,2,55,212477593,11,2,expert_dp_grad_reduce_scatter:pg=1231,1785477756742289717,81710,expert_dp_grad_reduce_scatter,164590,7549747200,same_rank_dp_rs,17544159,1.0,1785477755893433647,1785477755893598237,212477593,1785477756106075830,81710,1785477756105994120
0,edp_rs,1785477756742126534,183,1785477756529764070,1785477756529956937,1785477756529764070,2,55,212257642,11,2,expert_dp_grad_reduce_scatter:pg=1233,1785477756742214579,88045,expert_dp_grad_reduce_scatter,192867,7549747200,same_rank_dp_rs,17656349,1.0,1785477755893550183,1785477755893743050,212257642,1785477756106000692,88045,1785477756105912647
0,edp_rs,1785477756742214579,191,1785477756529956937,1785477756529956937,1785477756529764070,2,55,212257642,11,2,expert_dp_grad_reduce_scatter:pg=1233,1785477756742214579,0,expert_dp_grad_reduce_scatter,0,7549747200,same_rank_dp_rs,17852519,1.0,1785477755893743050,1785477755893743050,212257642,1785477756106000692,0,1785477756106000692
0,dp_ag0,1785477765034075993,192,1785477765025555762,1785477765026394178,1785477765025498121,16,55,7686392,12,16,dp_param_allgather:pg=25,1785477765034080570,4577,dp_param_allgather,838416,98621440,world_rs_done,28879505,1.0,1785477763357950419,1785477763358788835,7686392,1785477763366475227,4577,1785477763366470650
0,dp_ag0,1785477765034080074,193,1785477765025818904,1785477765026394178,1785477765025498121,16,55,7686392,12,16,dp_param_allgather:pg=25,1785477765034080570,496,dp_param_allgather,575274,98621440,world_rs_done,29142647,1.0,1785477763358213561,1785477763358788835,7686392,1785477763366475227,496,1785477763366474731
0,dp_ag0,1785477765034049871,194,1785477765026149791,1785477765026394178,1785477765025498121,16,55,7686392,12,16,dp_param_allgather:pg=25,1785477765034080570,30699,dp_param_allgather,244387,98621440,world_rs_done,29473534,1.0,1785477763358544448,1785477763358788835,7686392,1785477763366475227,30699,1785477763366444528
0,dp_ag0,1785477765034080570,195,1785477765026285844,1785477765026394178,1785477765025498121,16,55,7686392,12,16,dp_param_allgather:pg=25,1785477765034080570,0,dp_param_allgather,108334,98621440,world_rs_done,29609587,1.0,1785477763358680501,1785477763358788835,7686392,1785477763366475227,0,1785477763366475227
0,dp_ag0,1785477765034078770,196,1785477765025958908,1785477765026394178,1785477765025498121,16,55,7686392,12,16,dp_param_allgather:pg=25,1785477765034080570,1800,dp_param_allgather,435270,98621440,world_rs_done,29282651,1.0,1785477763358353565,1785477763358788835,7686392,1785477763366475227,1800,1785477763366473427
0,dp_ag0,1785477765034022350,197,1785477765025498121,1785477765026394178,1785477765025498121,16,55,7686392,12,16,dp_param_allgather:pg=25,1785477765034080570,58220,dp_param_allgather,896057,98621440,world_rs_done,28821864,1.0,1785477763357892778,1785477763358788835,7686392,1785477763366475227,58220,1785477763366417007
0,dp_ag0,1785477765034036009,198,1785477765025535895,1785477765026394178,1785477765025498121,16,55,7686392,12,16,dp_param_allgather:pg=25,1785477765034080570,44561,dp_param_allgather,858283,98621440,world_rs_done,28859638,1.0,1785477763357930552,1785477763358788835,7686392,1785477763366475227,44561,1785477763366430666
0,dp_ag0,1785477765034072707,199,1785477765026394178,1785477765026394178,1785477765025498121,16,55,7686392,12,16,dp_param_allgather:pg=25,1785477765034080570,7863,dp_param_allgather,0,98621440,world_rs_done,29717921,1.0,1785477763358788835,1785477763358788835,7686392,1785477763366475227,7863,1785477763366467364
0,dp_ag0,1785477765034034971,200,1785477765025915451,1785477765026394178,1785477765025498121,16,55,7686392,12,16,dp_param_allgather:pg=25,1785477765034080570,45599,dp_param_allgather,478727,98621440,world_rs_done,29239194,1.0,1785477763358310108,1785477763358788835,7686392,1785477763366475227,45599,1785477763366429628
0,dp_ag0,1785477765034048458,201,1785477765025583261,1785477765026394178,1785477765025498121,16,55,7686392,12,16,dp_param_allgather:pg=25,1785477765034080570,32112,dp_param_allgather,810917,98621440,world_rs_done,28907004,1.0,1785477763357977918,1785477763358788835,7686392,1785477763366475227,32112,1785477763366443115
0,dp_ag0,1785477765033993636,202,1785477765025848485,1785477765026394178,1785477765025498121,16,55,7686392,12,16,dp_param_allgather:pg=25,1785477765034080570,86934,dp_param_allgather,545693,98621440,world_rs_done,29172228,1.0,1785477763358243142,1785477763358788835,7686392,1785477763366475227,86934,1785477763366388293
0,dp_ag0,1785477765034033619,203,1785477765025643549,1785477765026394178,1785477765025498121,16,55,7686392,12,16,dp_param_allgather:pg=25,1785477765034080570,46951,dp_param_allgather,750629,98621440,world_rs_done,28967292,1.0,1785477763358038206,1785477763358788835,7686392,1785477763366475227,46951,1785477763366428276
0,dp_ag0,1785477765034005644,204,1785477765025809758,1785477765026394178,1785477765025498121,16,55,7686392,12,16,dp_param_allgather:pg=25,1785477765034080570,74926,dp_param_allgather,584420,98621440,world_rs_done,29133501,1.0,1785477763358204415,1785477763358788835,7686392,1785477763366475227,74926,1785477763366400301
0,dp_ag0,1785477765034059702,205,1785477765025960623,1785477765026394178,1785477765025498121,16,55,7686392,12,16,dp_param_allgather:pg=25,1785477765034080570,20868,dp_param_allgather,433555,98621440,world_rs_done,29284366,1.0,1785477763358355280,1785477763358788835,7686392,1785477763366475227,20868,1785477763366454359
0,dp_ag0,1785477765034027799,206,1785477765025838896,1785477765026394178,1785477765025498121,16,55,7686392,12,16,dp_param_allgather:pg=25,1785477765034080570,52771,dp_param_allgather,555282,98621440,world_rs_done,29162639,1.0,1785477763358233553,1785477763358788835,7686392,1785477763366475227,52771,1785477763366422456
0,dp_ag0,1785477765034066186,207,1785477765025901224,1785477765026394178,1785477765025498121,16,55,7686392,12,16,dp_param_allgather:pg=25,1785477765034080570,14384,dp_param_allgather,492954,98621440,world_rs_done,29224967,1.0,1785477763358295881,1785477763358788835,7686392,1785477763366475227,14384,1785477763366460843
1,dp_ag1,1785477765186298271,192,1785477765175519562,1785477765178899611,1785477765174848195,16,55,7407673,12,16,dp_param_allgather:pg=25,1785477765186307284,9013,dp_param_allgather,3380049,98621440,same_rank_edp_ag0,87400506,1.0,1785477763507914219,1785477763511294268,7407673,1785477763518701941,9013,1785477763518692928
1,dp_ag1,1785477765186305740,193,1785477765178899611,1785477765178899611,1785477765174848195,16,55,7407673,12,16,dp_param_allgather:pg=25,1785477765186307284,1544,dp_param_allgather,0,98621440,same_rank_edp_ag0,88098148,1.0,1785477763511294268,1785477763511294268,7407673,1785477763518701941,1544,1785477763518700397
1,dp_ag1,1785477765186295380,194,1785477765176221741,1785477765178899611,1785477765174848195,16,55,7407673,12,16,dp_param_allgather:pg=25,1785477765186307284,11904,dp_param_allgather,2677870,98621440,same_rank_edp_ag0,87334034,1.0,1785477763508616398,1785477763511294268,7407673,1785477763518701941,11904,1785477763518690037
1,dp_ag1,1785477765186307284,195,1785477765174848195,1785477765178899611,1785477765174848195,16,55,7407673,12,16,dp_param_allgather:pg=25,1785477765186307284,0,dp_param_allgather,4051416,98621440,same_rank_edp_ag0,87839906,1.0,1785477763507242852,1785477763511294268,7407673,1785477763518701941,0,1785477763518701941
1,dp_ag1,1785477765186251142,196,1785477765176487515,1785477765178899611,1785477765174848195,16,55,7407673,12,16,dp_param_allgather:pg=25,1785477765186307284,56142,dp_param_allgather,2412096,98621440,same_rank_edp_ag0,87942398,1.0,1785477763508882172,1785477763511294268,7407673,1785477763518701941,56142,1785477763518645799
1,dp_ag1,1785477765186291908,197,1785477765176083394,1785477765178899611,1785477765174848195,16,55,7407673,12,16,dp_param_allgather:pg=25,1785477765186307284,15376,dp_param_allgather,2816217,98621440,same_rank_edp_ag0,87796699,1.0,1785477763508478051,1785477763511294268,7407673,1785477763518701941,15376,1785477763518686565
1,dp_ag1,1785477765186303896,198,1785477765175759414,1785477765178899611,1785477765174848195,16,55,7407673,12,16,dp_param_allgather:pg=25,1785477765186307284,3388,dp_param_allgather,3140197,98621440,same_rank_edp_ag0,87641310,1.0,1785477763508154071,1785477763511294268,7407673,1785477763518701941,3388,1785477763518698553
1,dp_ag1,1785477765186305912,199,1785477765177224542,1785477765178899611,1785477765174848195,16,55,7407673,12,16,dp_param_allgather:pg=25,1785477765186307284,1372,dp_param_allgather,1675069,98621440,same_rank_edp_ag0,86974694,1.0,1785477763509619199,1785477763511294268,7407673,1785477763518701941,1372,1785477763518700569
1,dp_ag1,1785477765186272417,200,1785477765175749216,1785477765178899611,1785477765174848195,16,55,7407673,12,16,dp_param_allgather:pg=25,1785477765186307284,34867,dp_param_allgather,3150395,98621440,same_rank_edp_ag0,87588283,1.0,1785477763508143873,1785477763511294268,7407673,1785477763518701941,34867,1785477763518667074
1,dp_ag1,1785477765186273764,201,1785477765178592290,1785477765178899611,1785477765174848195,16,55,7407673,12,16,dp_param_allgather:pg=25,1785477765186307284,33520,dp_param_allgather,307321,98621440,same_rank_edp_ag0,87716224,1.0,1785477763510986947,1785477763511294268,7407673,1785477763518701941,33520,1785477763518668421
1,dp_ag1,1785477765186294651,202,1785477765176785975,1785477765178899611,1785477765174848195,16,55,7407673,12,16,dp_param_allgather:pg=25,1785477765186307284,12633,dp_param_allgather,2113636,98621440,same_rank_edp_ag0,87812451,1.0,1785477763509180632,1785477763511294268,7407673,1785477763518701941,12633,1785477763518689308
1,dp_ag1,1785477765186284043,203,1785477765174948243,1785477765178899611,1785477765174848195,16,55,7407673,12,16,dp_param_allgather:pg=25,1785477765186307284,23241,dp_param_allgather,3951368,98621440,same_rank_edp_ag0,87943955,1.0,1785477763507342900,1785477763511294268,7407673,1785477763518701941,23241,1785477763518678700
1,dp_ag1,1785477765186292027,204,1785477765175627420,1785477765178899611,1785477765174848195,16,55,7407673,12,16,dp_param_allgather:pg=25,1785477765186307284,15257,dp_param_allgather,3272191,98621440,same_rank_edp_ag0,87018823,1.0,1785477763508022077,1785477763511294268,7407673,1785477763518701941,15257,1785477763518686684
1,dp_ag1,1785477765186267001,205,1785477765175903363,1785477765178899611,1785477765174848195,16,55,7407673,12,16,dp_param_allgather:pg=25,1785477765186307284,40283,dp_param_allgather,2996248,98621440,same_rank_edp_ag0,87617068,1.0,1785477763508298020,1785477763511294268,7407673,1785477763518701941,40283,1785477763518661658
1,dp_ag1,1785477765186287582,206,1785477765175483351,1785477765178899611,1785477765174848195,16,55,7407673,12,16,dp_param_allgather:pg=25,1785477765186307284,19702,dp_param_allgather,3416260,98621440,same_rank_edp_ag0,87400483,1.0,1785477763507878008,1785477763511294268,7407673,1785477763518701941,19702,1785477763518682239
1,dp_ag1,1785477765186293674,207,1785477765178583357,1785477765178899611,1785477765174848195,16,55,7407673,12,16,dp_param_allgather:pg=25,1785477765186307284,13610,dp_param_allgather,316254,98621440,same_rank_edp_ag0,88263084,1.0,1785477763510978014,1785477763511294268,7407673,1785477763518701941,13610,1785477763518688331
0,dp_rs,1785477755727579183,192,1785477755553222978,1785477755711995079,1785477755552806980,16,55,15677546,12,16,dp_grad_reduce_scatter:pg=25,1785477755727672625,93442,dp_grad_reduce_scatter,158772101,3155886080,pp_frontier,0,1.0,1785477754965636279,1785477755167697345,15677546,1785477755183374891,93442,1785477755183281449
0,dp_rs,1785477755727624511,193,1785477755553114813,1785477755711995079,1785477755552806980,16,55,15677546,12,16,dp_grad_reduce_scatter:pg=25,1785477755727672625,48114,dp_grad_reduce_scatter,158880266,3155886080,pp_frontier,0,1.0,1785477754962560489,1785477755167697345,15677546,1785477755183374891,48114,1785477755183326777
0,dp_rs,1785477755727522037,194,1785477755554370092,1785477755711995079,1785477755552806980,16,55,15677546,12,16,dp_grad_reduce_scatter:pg=25,1785477755727672625,150588,dp_grad_reduce_scatter,157624987,3155886080,pp_frontier,0,1.0,1785477754968456964,1785477755167697345,15677546,1785477755183374891,150588,1785477755183224303
0,dp_rs,1785477755727630026,195,1785477755554745858,1785477755711995079,1785477755552806980,16,55,15677546,12,16,dp_grad_reduce_scatter:pg=25,1785477755727672625,42599,dp_grad_reduce_scatter,157249221,3155886080,pp_frontier,0,1.0,1785477754969741711,1785477755167697345,15677546,1785477755183374891,42599,1785477755183332292
0,dp_rs,1785477755727565597,196,1785477755553219218,1785477755711995079,1785477755552806980,16,55,15677546,12,16,dp_grad_reduce_scatter:pg=25,1785477755727672625,107028,dp_grad_reduce_scatter,158775861,3155886080,pp_frontier,0,1.0,1785477754966612054,1785477755167697345,15677546,1785477755183374891,107028,1785477755183267863
0,dp_rs,1785477755727542323,197,1785477755552806980,1785477755711995079,1785477755552806980,16,55,15677546,12,16,dp_grad_reduce_scatter:pg=25,1785477755727672625,130302,dp_grad_reduce_scatter,159188099,3155886080,pp_frontier,0,1.0,1785477754968003949,1785477755167697345,15677546,1785477755183374891,130302,1785477755183244589
0,dp_rs,1785477755727593154,198,1785477755553870178,1785477755711995079,1785477755552806980,16,55,15677546,12,16,dp_grad_reduce_scatter:pg=25,1785477755727672625,79471,dp_grad_reduce_scatter,158124901,3155886080,pp_frontier,0,1.0,1785477754962831193,1785477755167697345,15677546,1785477755183374891,79471,1785477755183295420
0,dp_rs,1785477755727626661,199,1785477755554298351,1785477755711995079,1785477755552806980,16,55,15677546,12,16,dp_grad_reduce_scatter:pg=25,1785477755727672625,45964,dp_grad_reduce_scatter,157696728,3155886080,pp_frontier,0,1.0,1785477754965037311,1785477755167697345,15677546,1785477755183374891,45964,1785477755183328927
0,dp_rs,1785477755727655652,200,1785477755711728971,1785477755711995079,1785477755552806980,16,55,15677546,12,16,dp_grad_reduce_scatter:pg=25,1785477755727672625,16973,dp_grad_reduce_scatter,266108,3155886080,pp_frontier,0,1.0,1785477755148898904,1785477755167697345,15677546,1785477755183374891,16973,1785477755183357918
0,dp_rs,1785477755727656667,201,1785477755711995079,1785477755711995079,1785477755552806980,16,55,15677546,12,16,dp_grad_reduce_scatter:pg=25,1785477755727672625,15958,dp_grad_reduce_scatter,0,3155886080,pp_frontier,0,1.0,1785477755151710458,1785477755167697345,15677546,1785477755183374891,15958,1785477755183358933
0,dp_rs,1785477755727621150,202,1785477755711149330,1785477755711995079,1785477755552806980,16,55,15677546,12,16,dp_grad_reduce_scatter:pg=25,1785477755727672625,51475,dp_grad_reduce_scatter,845749,3155886080,pp_frontier,0,1.0,1785477755162150376,1785477755167697345,15677546,1785477755183374891,51475,1785477755183323416
0,dp_rs,1785477755727621155,203,1785477755710802814,1785477755711995079,1785477755552806980,16,55,15677546,12,16,dp_grad_reduce_scatter:pg=25,1785477755727672625,51470,dp_grad_reduce_scatter,1192265,3155886080,pp_frontier,0,1.0,1785477755167697345,1785477755167697345,15677546,1785477755183374891,51470,1785477755183323421
0,dp_rs,1785477755727609442,204,1785477755710055268,1785477755711995079,1785477755552806980,16,55,15677546,12,16,dp_grad_reduce_scatter:pg=25,1785477755727672625,63183,dp_grad_reduce_scatter,1939811,3155886080,pp_frontier,0,1.0,1785477755163681678,1785477755167697345,15677546,1785477755183374891,63183,1785477755183311708
0,dp_rs,1785477755727653995,205,1785477755710295116,1785477755711995079,1785477755552806980,16,55,15677546,12,16,dp_grad_reduce_scatter:pg=25,1785477755727672625,18630,dp_grad_reduce_scatter,1699963,3155886080,pp_frontier,0,1.0,1785477755165005988,1785477755167697345,15677546,1785477755183374891,18630,1785477755183356261
0,dp_rs,1785477755727672625,206,1785477755711114858,1785477755711995079,1785477755552806980,16,55,15677546,12,16,dp_grad_reduce_scatter:pg=25,1785477755727672625,0,dp_grad_reduce_scatter,880221,3155886080,pp_frontier,0,1.0,1785477755160035485,1785477755167697345,15677546,1785477755183374891,0,1785477755183374891
0,dp_rs,1785477755727642626,207,1785477755711582664,1785477755711995079,1785477755552806980,16,55,15677546,12,16,dp_grad_reduce_scatter:pg=25,1785477755727672625,29999,dp_grad_reduce_scatter,412415,3155886080,pp_frontier,0,1.0,1785477755158988521,1785477755167697345,15677546,1785477755183374891,29999,1785477755183344892
0,edp_ag0,1785477765088119056,192,1785477765034093633,1785477765034093633,1785477765034045691,2,55,54067300,12,2,expert_dp_param_allgather:pg=1235,1785477765088160933,41877,expert_dp_param_allgather,0,1887436800,same_rank_dp_ag0,17640,1.0,1785477763366488290,1785477763366488290,54067300,1785477763420555590,41877,1785477763420513713
0,edp_ag0,1785477765088160933,200,1785477765034045691,1785477765034093633,1785477765034045691,2,55,54067300,12,2,expert_dp_param_allgather:pg=1235,1785477765088160933,0,expert_dp_param_allgather,47942,1887436800,same_rank_dp_ag0,10720,1.0,1785477763366440348,1785477763366488290,54067300,1785477763420555590,0,1785477763420555590
0,edp_ag0,1785477765090801463,193,1785477765034093354,1785477765034093354,1785477765034059058,2,55,56782712,12,2,expert_dp_param_allgather:pg=1237,1785477765090876066,74603,expert_dp_param_allgather,0,1887436800,same_rank_dp_ag0,13280,1.0,1785477763366488011,1785477763366488011,56782712,1785477763423270723,74603,1785477763423196120
0,edp_ag0,1785477765090876066,201,1785477765034059058,1785477765034093354,1785477765034059058,2,55,56782712,12,2,expert_dp_param_allgather:pg=1237,1785477765090876066,0,expert_dp_param_allgather,34296,1887436800,same_rank_dp_ag0,10600,1.0,1785477763366453715,1785477763366488011,56782712,1785477763423270723,0,1785477763423270723
0,edp_ag0,1785477765088887707,194,1785477765034061031,1785477765034061031,1785477765034015116,2,55,54912493,12,2,expert_dp_param_allgather:pg=1239,1785477765088973524,85817,expert_dp_param_allgather,0,1887436800,same_rank_dp_ag0,11160,1.0,1785477763366455688,1785477763366455688,54912493,1785477763421368181,85817,1785477763421282364
0,edp_ag0,1785477765088973524,202,1785477765034015116,1785477765034061031,1785477765034015116,2,55,54912493,12,2,expert_dp_param_allgather:pg=1239,1785477765088973524,0,expert_dp_param_allgather,45915,1887436800,same_rank_dp_ag0,21480,1.0,1785477763366409773,1785477763366455688,54912493,1785477763421368181,0,1785477763421368181
0,edp_ag0,1785477765087008289,195,1785477765034091130,1785477765034091130,1785477765034044899,2,55,52917159,12,2,expert_dp_param_allgather:pg=1241,1785477765087008289,0,expert_dp_param_allgather,0,1887436800,same_rank_dp_ag0,10560,1.0,1785477763366485787,1785477763366485787,52917159,1785477763419402946,0,1785477763419402946
0,edp_ag0,1785477765087004288,203,1785477765034044899,1785477765034091130,1785477765034044899,2,55,52917159,12,2,expert_dp_param_allgather:pg=1241,1785477765087008289,4001,expert_dp_param_allgather,46231,1887436800,same_rank_dp_ag0,11280,1.0,1785477763366439556,1785477763366485787,52917159,1785477763419402946,4001,1785477763419398945
0,edp_ag0,1785477765088545117,196,1785477765034089610,1785477765034089610,1785477765034033078,2,55,54518987,12,2,expert_dp_param_allgather:pg=1243,1785477765088608597,63480,expert_dp_param_allgather,0,1887436800,same_rank_dp_ag0,10840,1.0,1785477763366484267,1785477763366484267,54518987,1785477763421003254,63480,1785477763420939774
0,edp_ag0,1785477765088608597,204,1785477765034033078,1785477765034089610,1785477765034033078,2,55,54518987,12,2,expert_dp_param_allgather:pg=1243,1785477765088608597,0,expert_dp_param_allgather,56532,1887436800,same_rank_dp_ag0,27434,1.0,1785477763366427735,1785477763366484267,54518987,1785477763421003254,0,1785477763421003254
0,edp_ag0,1785477765088286695,197,1785477765034033270,1785477765034082462,1785477765034033270,2,55,54204233,12,2,expert_dp_param_allgather:pg=1245,1785477765088286695,0,expert_dp_param_allgather,49192,1887436800,same_rank_dp_ag0,10920,1.0,1785477763366427927,1785477763366477119,54204233,1785477763420681352,0,1785477763420681352
0,edp_ag0,1785477765088286295,205,1785477765034082462,1785477765034082462,1785477765034033270,2,55,54204233,12,2,expert_dp_param_allgather:pg=1245,1785477765088286695,400,expert_dp_param_allgather,0,1887436800,same_rank_dp_ag0,22760,1.0,1785477763366477119,1785477763366477119,54204233,1785477763420681352,400,1785477763420680952
0,edp_ag0,1785477765088118104,198,1785477765034047169,1785477765034047169,1785477765034038119,2,55,54070935,12,2,expert_dp_param_allgather:pg=1247,1785477765088118104,0,expert_dp_param_allgather,0,1887436800,same_rank_dp_ag0,11160,1.0,1785477763366441826,1785477763366441826,54070935,1785477763420512761,0,1785477763420512761
0,edp_ag0,1785477765088082868,206,1785477765034038119,1785477765034047169,1785477765034038119,2,55,54070935,12,2,expert_dp_param_allgather:pg=1247,1785477765088118104,35236,expert_dp_param_allgather,9050,1887436800,same_rank_dp_ag0,10320,1.0,1785477763366432776,1785477763366441826,54070935,1785477763420512761,35236,1785477763420477525
0,edp_ag0,1785477765090249848,199,1785477765034086027,1785477765034086027,1785477765034076506,2,55,56234246,12,2,expert_dp_param_allgather:pg=1249,1785477765090320273,70425,expert_dp_param_allgather,0,1887436800,same_rank_dp_ag0,13320,1.0,1785477763366480684,1785477763366480684,56234246,1785477763422714930,70425,1785477763422644505
0,edp_ag0,1785477765090320273,207,1785477765034076506,1785477765034086027,1785477765034076506,2,55,56234246,12,2,expert_dp_param_allgather:pg=1249,1785477765090320273,0,expert_dp_param_allgather,9521,1887436800,same_rank_dp_ag0,10320,1.0,1785477763366471163,1785477763366480684,56234246,1785477763422714930,0,1785477763422714930
1,edp_ag1,1785477765238015535,192,1785477765186331231,1785477765186331231,1785477765186284097,2,55,51737428,12,2,expert_dp_param_allgather:pg=1235,1785477765238068659,53124,expert_dp_param_allgather,0,1887436800,same_rank_dp_ag1,32960,1.0,1785477763518725888,1785477763518725888,51737428,1785477763570463316,53124,1785477763570410192
1,edp_ag1,1785477765238068659,200,1785477765186284097,1785477765186331231,1785477765186284097,2,55,51737428,12,2,expert_dp_param_allgather:pg=1235,1785477765238068659,0,expert_dp_param_allgather,47134,1887436800,same_rank_dp_ag1,11680,1.0,1785477763518678754,1785477763518725888,51737428,1785477763570463316,0,1785477763570463316
1,edp_ag1,1785477765244645491,193,1785477765186318460,1785477765186318460,1785477765186285284,2,55,58327031,12,2,expert_dp_param_allgather:pg=1237,1785477765244645491,0,expert_dp_param_allgather,0,1887436800,same_rank_dp_ag1,12720,1.0,1785477763518713117,1785477763518713117,58327031,1785477763577040148,0,1785477763577040148
1,edp_ag1,1785477765244598699,201,1785477765186285284,1785477765186318460,1785477765186285284,2,55,58327031,12,2,expert_dp_param_allgather:pg=1237,1785477765244645491,46792,expert_dp_param_allgather,33176,1887436800,same_rank_dp_ag1,11520,1.0,1785477763518679941,1785477763518713117,58327031,1785477763577040148,46792,1785477763576993356
1,edp_ag1,1785477765237852856,194,1785477765186344580,1785477765186344580,1785477765186321011,2,55,51554426,12,2,expert_dp_param_allgather:pg=1239,1785477765237899006,46150,expert_dp_param_allgather,0,1887436800,same_rank_dp_ag1,49200,1.0,1785477763518739237,1785477763518739237,51554426,1785477763570293663,46150,1785477763570247513
1,edp_ag1,1785477765237899006,202,1785477765186321011,1785477765186344580,1785477765186321011,2,55,51554426,12,2,expert_dp_param_allgather:pg=1239,1785477765237899006,0,expert_dp_param_allgather,23569,1887436800,same_rank_dp_ag1,26360,1.0,1785477763518715668,1785477763518739237,51554426,1785477763570293663,0,1785477763570293663
1,edp_ag1,1785477765239736444,195,1785477765186319164,1785477765186319164,1785477765186296083,2,55,53463710,12,2,expert_dp_param_allgather:pg=1241,1785477765239782874,46430,expert_dp_param_allgather,0,1887436800,same_rank_dp_ag1,11880,1.0,1785477763518713821,1785477763518713821,53463710,1785477763572177531,46430,1785477763572131101
1,edp_ag1,1785477765239782874,203,1785477765186296083,1785477765186319164,1785477765186296083,2,55,53463710,12,2,expert_dp_param_allgather:pg=1241,1785477765239782874,0,expert_dp_param_allgather,23081,1887436800,same_rank_dp_ag1,12040,1.0,1785477763518690740,1785477763518713821,53463710,1785477763572177531,0,1785477763572177531
1,edp_ag1,1785477765238286083,196,1785477765186262742,1785477765186303387,1785477765186262742,2,55,51982696,12,2,expert_dp_param_allgather:pg=1243,1785477765238286083,0,expert_dp_param_allgather,40645,1887436800,same_rank_dp_ag1,11600,1.0,1785477763518657399,1785477763518698044,51982696,1785477763570680740,0,1785477763570680740
1,edp_ag1,1785477765238274385,204,1785477765186303387,1785477765186303387,1785477765186262742,2,55,51982696,12,2,expert_dp_param_allgather:pg=1243,1785477765238286083,11698,expert_dp_param_allgather,0,1887436800,same_rank_dp_ag1,11360,1.0,1785477763518698044,1785477763518698044,51982696,1785477763570680740,11698,1785477763570669042
1,edp_ag1,1785477765239057208,197,1785477765186303629,1785477765186303629,1785477765186277441,2,55,52753579,12,2,expert_dp_param_allgather:pg=1245,1785477765239057208,0,expert_dp_param_allgather,0,1887436800,same_rank_dp_ag1,11721,1.0,1785477763518698286,1785477763518698286,52753579,1785477763571451865,0,1785477763571451865
1,edp_ag1,1785477765239024874,205,1785477765186277441,1785477765186303629,1785477765186277441,2,55,52753579,12,2,expert_dp_param_allgather:pg=1245,1785477765239057208,32334,expert_dp_param_allgather,26188,1887436800,same_rank_dp_ag1,10440,1.0,1785477763518672098,1785477763518698286,52753579,1785477763571451865,32334,1785477763571419531
1,edp_ag1,1785477765238065422,198,1785477765186315376,1785477765186315376,1785477765186300062,2,55,51793752,12,2,expert_dp_param_allgather:pg=1247,1785477765238109128,43706,expert_dp_param_allgather,0,1887436800,same_rank_dp_ag1,11480,1.0,1785477763518710033,1785477763518710033,51793752,1785477763570503785,43706,1785477763570460079
1,edp_ag1,1785477765238109128,206,1785477765186300062,1785477765186315376,1785477765186300062,2,55,51793752,12,2,expert_dp_param_allgather:pg=1247,1785477765238109128,0,expert_dp_param_allgather,15314,1887436800,same_rank_dp_ag1,12480,1.0,1785477763518694719,1785477763518710033,51793752,1785477763570503785,0,1785477763570503785
1,edp_ag1,1785477765238608609,199,1785477765186316472,1785477765186316472,1785477765186305795,2,55,52361658,12,2,expert_dp_param_allgather:pg=1249,1785477765238678130,69521,expert_dp_param_allgather,0,1887436800,same_rank_dp_ag1,10560,1.0,1785477763518711129,1785477763518711129,52361658,1785477763571072787,69521,1785477763571003266
1,edp_ag1,1785477765238678130,207,1785477765186305795,1785477765186316472,1785477765186305795,2,55,52361658,12,2,expert_dp_param_allgather:pg=1249,1785477765238678130,0,expert_dp_param_allgather,10677,1887436800,same_rank_dp_ag1,12121,1.0,1785477763518700452,1785477763518711129,52361658,1785477763571072787,0,1785477763571072787
0,edp_rs,1785477755953645600,192,1785477755745233916,1785477755745271653,1785477755745233916,2,55,208440532,12,2,expert_dp_grad_reduce_scatter:pg=1235,1785477755953712185,66585,expert_dp_grad_reduce_scatter,37737,7549747200,same_rank_dp_rs,17654733,1.0,1785477755200936182,1785477755200973919,208440532,1785477755409414451,66585,1785477755409347866
0,edp_rs,1785477755953712185,200,1785477755745271653,1785477755745271653,1785477755745233916,2,55,208440532,12,2,expert_dp_grad_reduce_scatter:pg=1235,1785477755953712185,0,expert_dp_grad_reduce_scatter,0,7549747200,same_rank_dp_rs,17616001,1.0,1785477755200973919,1785477755200973919,208440532,1785477755409414451,0,1785477755409414451
0,edp_rs,1785477755954029571,193,1785477755745199398,1785477755745353546,1785477755745199398,2,55,208789186,12,2,expert_dp_grad_reduce_scatter:pg=1237,1785477755954142732,113161,expert_dp_grad_reduce_scatter,154148,7549747200,same_rank_dp_rs,17574887,1.0,1785477755200901664,1785477755201055812,208789186,1785477755409844998,113161,1785477755409731837
0,edp_rs,1785477755954142732,201,1785477755745353546,1785477755745353546,1785477755745199398,2,55,208789186,12,2,expert_dp_grad_reduce_scatter:pg=1237,1785477755954142732,0,expert_dp_grad_reduce_scatter,0,7549747200,same_rank_dp_rs,17696879,1.0,1785477755201055812,1785477755201055812,208789186,1785477755409844998,0,1785477755409844998
0,edp_rs,1785477755957756549,194,1785477755745277937,1785477755745555948,1785477755745277937,2,55,212200601,12,2,expert_dp_grad_reduce_scatter:pg=1239,1785477755957756549,0,expert_dp_grad_reduce_scatter,278011,7549747200,same_rank_dp_rs,17755900,1.0,1785477755200980203,1785477755201258214,212200601,1785477755413458815,0,1785477755413458815
0,edp_rs,1785477755957686809,202,1785477755745555948,1785477755745555948,1785477755745277937,2,55,212200601,12,2,expert_dp_grad_reduce_scatter:pg=1239,1785477755957756549,69740,expert_dp_grad_reduce_scatter,0,7549747200,same_rank_dp_rs,17934798,1.0,1785477755201258214,1785477755201258214,212200601,1785477755413458815,69740,1785477755413389075
0,edp_rs,1785477755957310637,195,1785477755745425399,1785477755745425399,1785477755745326310,2,55,211983970,12,2,expert_dp_grad_reduce_scatter:pg=1241,1785477755957409369,98732,expert_dp_grad_reduce_scatter,0,7549747200,same_rank_dp_rs,17795373,1.0,1785477755201127665,1785477755201127665,211983970,1785477755413111635,98732,1785477755413012903
0,edp_rs,1785477755957409369,203,1785477755745326310,1785477755745425399,1785477755745326310,2,55,211983970,12,2,expert_dp_grad_reduce_scatter:pg=1241,1785477755957409369,0,expert_dp_grad_reduce_scatter,99089,7549747200,same_rank_dp_rs,17705155,1.0,1785477755201028576,1785477755201127665,211983970,1785477755413111635,0,1785477755413111635
0,edp_rs,1785477755953877491,196,1785477755745828017,1785477755745828017,1785477755745195416,2,55,208049474,12,2,expert_dp_grad_reduce_scatter:pg=1243,1785477755953877491,0,expert_dp_grad_reduce_scatter,0,7549747200,same_rank_dp_rs,18262420,1.0,1785477755201530283,1785477755201530283,208049474,1785477755409579757,0,1785477755409579757
0,edp_rs,1785477755953823098,204,1785477755745195416,1785477755745828017,1785477755745195416,2,55,208049474,12,2,expert_dp_grad_reduce_scatter:pg=1243,1785477755953877491,54393,expert_dp_grad_reduce_scatter,632601,7549747200,same_rank_dp_rs,17585974,1.0,1785477755200897682,1785477755201530283,208049474,1785477755409579757,54393,1785477755409525364
0,edp_rs,1785477755955388723,197,1785477755745089861,1785477755745269483,1785477755745089861,2,55,210119240,12,2,expert_dp_grad_reduce_scatter:pg=1245,1785477755955388723,0,expert_dp_grad_reduce_scatter,179622,7549747200,same_rank_dp_rs,17547538,1.0,1785477755200792127,1785477755200971749,210119240,1785477755411090989,0,1785477755411090989
0,edp_rs,1785477755955355854,205,1785477755745269483,1785477755745269483,1785477755745089861,2,55,210119240,12,2,expert_dp_grad_reduce_scatter:pg=1245,1785477755955388723,32869,expert_dp_grad_reduce_scatter,0,7549747200,same_rank_dp_rs,17615488,1.0,1785477755200971749,1785477755200971749,210119240,1785477755411090989,32869,1785477755411058120
0,edp_rs,1785477755952913960,198,1785477755745572601,1785477755745640795,1785477755745572601,2,55,207273165,12,2,expert_dp_grad_reduce_scatter:pg=1247,1785477755952913960,0,expert_dp_grad_reduce_scatter,68194,7549747200,same_rank_dp_rs,17979447,1.0,1785477755201274867,1785477755201343061,207273165,1785477755408616226,0,1785477755408616226
0,edp_rs,1785477755952861776,206,1785477755745640795,1785477755745640795,1785477755745572601,2,55,207273165,12,2,expert_dp_grad_reduce_scatter:pg=1247,1785477755952913960,52184,expert_dp_grad_reduce_scatter,0,7549747200,same_rank_dp_rs,17968170,1.0,1785477755201343061,1785477755201343061,207273165,1785477755408616226,52184,1785477755408564042
0,edp_rs,1785477755952859776,199,1785477755746186673,1785477755746186673,1785477755745354196,2,55,206673103,12,2,expert_dp_grad_reduce_scatter:pg=1249,1785477755952859776,0,expert_dp_grad_reduce_scatter,0,7549747200,same_rank_dp_rs,18560012,1.0,1785477755201888939,1785477755201888939,206673103,1785477755408562042,0,1785477755408562042
0,edp_rs,1785477755952819534,207,1785477755745354196,1785477755746186673,1785477755745354196,2,55,206673103,12,2,expert_dp_grad_reduce_scatter:pg=1249,1785477755952859776,40242,expert_dp_grad_reduce_scatter,832477,7549747200,same_rank_dp_rs,17711570,1.0,1785477755201056462,1785477755201888939,206673103,1785477755408562042,40242,1785477755408521800
0,dp_ag0,1785477765034020098,208,1785477765025509750,1785477765026643870,1785477765025454083,16,55,7407360,13,16,dp_param_allgather:pg=27,1785477765034051230,31132,dp_param_allgather,1134120,98621440,world_rs_done,28833493,1.0,1785477763357904407,1785477763359038527,7407360,1785477763366445887,31132,1785477763366414755
0,dp_ag0,1785477765034048630,209,1785477765025454083,1785477765026643870,1785477765025454083,16,55,7407360,13,16,dp_param_allgather:pg=27,1785477765034051230,2600,dp_param_allgather,1189787,98621440,world_rs_done,28777826,1.0,1785477763357848740,1785477763359038527,7407360,1785477763366445887,2600,1785477763366443287
0,dp_ag0,1785477765034051092,210,1785477765025691766,1785477765026643870,1785477765025454083,16,55,7407360,13,16,dp_param_allgather:pg=27,1785477765034051230,138,dp_param_allgather,952104,98621440,world_rs_done,29015509,1.0,1785477763358086423,1785477763359038527,7407360,1785477763366445887,138,1785477763366445749
0,dp_ag0,1785477765034051230,211,1785477765026643870,1785477765026643870,1785477765025454083,16,55,7407360,13,16,dp_param_allgather:pg=27,1785477765034051230,0,dp_param_allgather,0,98621440,world_rs_done,29967613,1.0,1785477763359038527,1785477763359038527,7407360,1785477763366445887,0,1785477763366445887
0,dp_ag0,1785477765034043243,212,1785477765025857820,1785477765026643870,1785477765025454083,16,55,7407360,13,16,dp_param_allgather:pg=27,1785477765034051230,7987,dp_param_allgather,786050,98621440,world_rs_done,29181563,1.0,1785477763358252477,1785477763359038527,7407360,1785477763366445887,7987,1785477763366437900
0,dp_ag0,1785477765034039916,213,1785477765025497184,1785477765026643870,1785477765025454083,16,55,7407360,13,16,dp_param_allgather:pg=27,1785477765034051230,11314,dp_param_allgather,1146686,98621440,world_rs_done,28820927,1.0,1785477763357891841,1785477763359038527,7407360,1785477763366445887,11314,1785477763366434573
0,dp_ag0,1785477765034034661,214,1785477765025809807,1785477765026643870,1785477765025454083,16,55,7407360,13,16,dp_param_allgather:pg=27,1785477765034051230,16569,dp_param_allgather,834063,98621440,world_rs_done,29133550,1.0,1785477763358204464,1785477763359038527,7407360,1785477763366445887,16569,1785477763366429318
0,dp_ag0,1785477765034026720,215,1785477765026247111,1785477765026643870,1785477765025454083,16,55,7407360,13,16,dp_param_allgather:pg=27,1785477765034051230,24510,dp_param_allgather,396759,98621440,world_rs_done,29570854,1.0,1785477763358641768,1785477763359038527,7407360,1785477763366445887,24510,1785477763366421377
0,dp_ag0,1785477765034012452,216,1785477765025575251,1785477765026643870,1785477765025454083,16,55,7407360,13,16,dp_param_allgather:pg=27,1785477765034051230,38778,dp_param_allgather,1068619,98621440,world_rs_done,28898994,1.0,1785477763357969908,1785477763359038527,7407360,1785477763366445887,38778,1785477763366407109
0,dp_ag0,1785477765033990660,217,1785477765025868497,1785477765026643870,1785477765025454083,16,55,7407360,13,16,dp_param_allgather:pg=27,1785477765034051230,60570,dp_param_allgather,775373,98621440,world_rs_done,29192240,1.0,1785477763358263154,1785477763359038527,7407360,1785477763366445887,60570,1785477763366385317
0,dp_ag0,1785477765033990481,218,1785477765025824064,1785477765026643870,1785477765025454083,16,55,7407360,13,16,dp_param_allgather:pg=27,1785477765034051230,60749,dp_param_allgather,819806,98621440,world_rs_done,29147807,1.0,1785477763358218721,1785477763359038527,7407360,1785477763366445887,60749,1785477763366385138
0,dp_ag0,1785477765033990170,219,1785477765026130033,1785477765026643870,1785477765025454083,16,55,7407360,13,16,dp_param_allgather:pg=27,1785477765034051230,61060,dp_param_allgather,513837,98621440,world_rs_done,29453776,1.0,1785477763358524690,1785477763359038527,7407360,1785477763366445887,61060,1785477763366384827
0,dp_ag0,1785477765034004653,220,1785477765025524303,1785477765026643870,1785477765025454083,16,55,7407360,13,16,dp_param_allgather:pg=27,1785477765034051230,46577,dp_param_allgather,1119567,98621440,world_rs_done,28848046,1.0,1785477763357918960,1785477763359038527,7407360,1785477763366445887,46577,1785477763366399310
0,dp_ag0,1785477765033996287,221,1785477765025778360,1785477765026643870,1785477765025454083,16,55,7407360,13,16,dp_param_allgather:pg=27,1785477765034051230,54943,dp_param_allgather,865510,98621440,world_rs_done,29102103,1.0,1785477763358173017,1785477763359038527,7407360,1785477763366445887,54943,1785477763366390944
0,dp_ag0,1785477765034018672,222,1785477765025799580,1785477765026643870,1785477765025454083,16,55,7407360,13,16,dp_param_allgather:pg=27,1785477765034051230,32558,dp_param_allgather,844290,98621440,world_rs_done,29123323,1.0,1785477763358194237,1785477763359038527,7407360,1785477763366445887,32558,1785477763366413329
0,dp_ag0,1785477765034023631,223,1785477765026243225,1785477765026643870,1785477765025454083,16,55,7407360,13,16,dp_param_allgather:pg=27,1785477765034051230,27599,dp_param_allgather,400645,98621440,world_rs_done,29566968,1.0,1785477763358637882,1785477763359038527,7407360,1785477763366445887,27599,1785477763366418288
1,dp_ag1,1785477765187242799,208,1785477765174597798,1785477765179800687,1785477765173237628,16,55,7480253,13,16,dp_param_allgather:pg=27,1785477765187280940,38141,dp_param_allgather,5202889,98621440,same_rank_edp_ag0,86911724,1.0,1785477763506992455,1785477763512195344,7480253,1785477763519675597,38141,1785477763519637456
1,dp_ag1,1785477765187271065,209,1785477765179800687,1785477765179800687,1785477765173237628,16,55,7480253,13,16,dp_param_allgather:pg=27,1785477765187280940,9875,dp_param_allgather,0,98621440,same_rank_edp_ag0,87255281,1.0,1785477763512195344,1785477763512195344,7480253,1785477763519675597,9875,1785477763519665722
1,dp_ag1,1785477765187276981,210,1785477765174637251,1785477765179800687,1785477765173237628,16,55,7480253,13,16,dp_param_allgather:pg=27,1785477765187280940,3959,dp_param_allgather,5163436,98621440,same_rank_edp_ag0,87981941,1.0,1785477763507031908,1785477763512195344,7480253,1785477763519675597,3959,1785477763519671638
1,dp_ag1,1785477765187273607,211,1785477765175046382,1785477765179800687,1785477765173237628,16,55,7480253,13,16,dp_param_allgather:pg=27,1785477765187280940,7333,dp_param_allgather,4754305,98621440,same_rank_edp_ag0,86994104,1.0,1785477763507441039,1785477763512195344,7480253,1785477763519675597,7333,1785477763519668264
1,dp_ag1,1785477765187280940,212,1785477765175771314,1785477765179800687,1785477765173237628,16,55,7480253,13,16,dp_param_allgather:pg=27,1785477765187280940,0,dp_param_allgather,4029373,98621440,same_rank_edp_ag0,87870150,1.0,1785477763508165971,1785477763512195344,7480253,1785477763519675597,0,1785477763519675597
1,dp_ag1,1785477765187227481,213,1785477765174731566,1785477765179800687,1785477765173237628,16,55,7480253,13,16,dp_param_allgather:pg=27,1785477765187280940,53459,dp_param_allgather,5069121,98621440,same_rank_edp_ag0,88294810,1.0,1785477763507126223,1785477763512195344,7480253,1785477763519675597,53459,1785477763519622138
1,dp_ag1,1785477765187276427,214,1785477765177015040,1785477765179800687,1785477765173237628,16,55,7480253,13,16,dp_param_allgather:pg=27,1785477765187280940,4513,dp_param_allgather,2785647,98621440,same_rank_edp_ag0,87710536,1.0,1785477763509409697,1785477763512195344,7480253,1785477763519675597,4513,1785477763519671084
1,dp_ag1,1785477765187277028,215,1785477765173237628,1785477765179800687,1785477765173237628,16,55,7480253,13,16,dp_param_allgather:pg=27,1785477765187280940,3912,dp_param_allgather,6563059,98621440,same_rank_edp_ag0,87157354,1.0,1785477763505632285,1785477763512195344,7480253,1785477763519675597,3912,1785477763519671685
1,dp_ag1,1785477765187235395,216,1785477765174937753,1785477765179800687,1785477765173237628,16,55,7480253,13,16,dp_param_allgather:pg=27,1785477765187280940,45545,dp_param_allgather,4862934,98621440,same_rank_edp_ag0,87216893,1.0,1785477763507332410,1785477763512195344,7480253,1785477763519675597,45545,1785477763519630052
1,dp_ag1,1785477765187211355,217,1785477765179262513,1785477765179800687,1785477765173237628,16,55,7480253,13,16,dp_param_allgather:pg=27,1785477765187280940,69585,dp_param_allgather,538174,98621440,same_rank_edp_ag0,86682931,1.0,1785477763511657170,1785477763512195344,7480253,1785477763519675597,69585,1785477763519606012
1,dp_ag1,1785477765187199645,218,1785477765173822377,1785477765179800687,1785477765173237628,16,55,7480253,13,16,dp_param_allgather:pg=27,1785477765187280940,81295,dp_param_allgather,5978310,98621440,same_rank_edp_ag0,87145224,1.0,1785477763506217034,1785477763512195344,7480253,1785477763519675597,81295,1785477763519594302
1,dp_ag1,1785477765187234044,219,1785477765175279159,1785477765179800687,1785477765173237628,16,55,7480253,13,16,dp_param_allgather:pg=27,1785477765187280940,46896,dp_param_allgather,4521528,98621440,same_rank_edp_ag0,87251186,1.0,1785477763507673816,1785477763512195344,7480253,1785477763519675597,46896,1785477763519628701
1,dp_ag1,1785477765187203427,220,1785477765175507146,1785477765179800687,1785477765173237628,16,55,7480253,13,16,dp_param_allgather:pg=27,1785477765187280940,77513,dp_param_allgather,4293541,98621440,same_rank_edp_ag0,87687466,1.0,1785477763507901803,1785477763512195344,7480253,1785477763519675597,77513,1785477763519598084
1,dp_ag1,1785477765187240947,221,1785477765173658734,1785477765179800687,1785477765173237628,16,55,7480253,13,16,dp_param_allgather:pg=27,1785477765187280940,39993,dp_param_allgather,6141953,98621440,same_rank_edp_ag0,87291399,1.0,1785477763506053391,1785477763512195344,7480253,1785477763519675597,39993,1785477763519635604
1,dp_ag1,1785477765187201451,222,1785477765176077100,1785477765179800687,1785477765173237628,16,55,7480253,13,16,dp_param_allgather:pg=27,1785477765187280940,79489,dp_param_allgather,3723587,98621440,same_rank_edp_ag0,86776715,1.0,1785477763508471757,1785477763512195344,7480253,1785477763519675597,79489,1785477763519596108
1,dp_ag1,1785477765187210766,223,1785477765173845554,1785477765179800687,1785477765173237628,16,55,7480253,13,16,dp_param_allgather:pg=27,1785477765187280940,70174,dp_param_allgather,5955133,98621440,same_rank_edp_ag0,87814237,1.0,1785477763506240211,1785477763512195344,7480253,1785477763519675597,70174,1785477763519605423
0,dp_rs,1785477754953285455,208,1785477754773589591,1785477754937526286,1785477754772841744,16,55,15880801,13,16,dp_grad_reduce_scatter:pg=27,1785477754953407087,121632,dp_grad_reduce_scatter,163936695,3155886080,pp_frontier,0,1.0,1785477754280572475,1785477754487433495,15880801,1785477754503314296,121632,1785477754503192664
0,dp_rs,1785477754953356944,209,1785477754773075201,1785477754937526286,1785477754772841744,16,55,15880801,13,16,dp_grad_reduce_scatter:pg=27,1785477754953407087,50143,dp_grad_reduce_scatter,164451085,3155886080,pp_frontier,0,1.0,1785477754276548090,1785477754487433495,15880801,1785477754503314296,50143,1785477754503264153
0,dp_rs,1785477754953288294,210,1785477754773378248,1785477754937526286,1785477754772841744,16,55,15880801,13,16,dp_grad_reduce_scatter:pg=27,1785477754953407087,118793,dp_grad_reduce_scatter,164148038,3155886080,pp_frontier,0,1.0,1785477754279992079,1785477754487433495,15880801,1785477754503314296,118793,1785477754503195503
0,dp_rs,1785477754953370420,211,1785477754773158525,1785477754937526286,1785477754772841744,16,55,15880801,13,16,dp_grad_reduce_scatter:pg=27,1785477754953407087,36667,dp_grad_reduce_scatter,164367761,3155886080,pp_frontier,0,1.0,1785477754281812013,1785477754487433495,15880801,1785477754503314296,36667,1785477754503277629
0,dp_rs,1785477754953373944,212,1785477754773315175,1785477754937526286,1785477754772841744,16,55,15880801,13,16,dp_grad_reduce_scatter:pg=27,1785477754953407087,33143,dp_grad_reduce_scatter,164211111,3155886080,pp_frontier,0,1.0,1785477754280255336,1785477754487433495,15880801,1785477754503314296,33143,1785477754503281153
0,dp_rs,1785477754953357921,213,1785477754772841744,1785477754937526286,1785477754772841744,16,55,15880801,13,16,dp_grad_reduce_scatter:pg=27,1785477754953407087,49166,dp_grad_reduce_scatter,164684542,3155886080,pp_frontier,0,1.0,1785477754281277951,1785477754487433495,15880801,1785477754503314296,49166,1785477754503265130
0,dp_rs,1785477754953342799,214,1785477754773307374,1785477754937526286,1785477754772841744,16,55,15880801,13,16,dp_grad_reduce_scatter:pg=27,1785477754953407087,64288,dp_grad_reduce_scatter,164218912,3155886080,pp_frontier,0,1.0,1785477754277073034,1785477754487433495,15880801,1785477754503314296,64288,1785477754503250008
0,dp_rs,1785477754953402748,215,1785477754773228711,1785477754937526286,1785477754772841744,16,55,15880801,13,16,dp_grad_reduce_scatter:pg=27,1785477754953407087,4339,dp_grad_reduce_scatter,164297575,3155886080,pp_frontier,0,1.0,1785477754276729821,1785477754487433495,15880801,1785477754503314296,4339,1785477754503309957
0,dp_rs,1785477754953369649,216,1785477754937526286,1785477754937526286,1785477754772841744,16,55,15880801,13,16,dp_grad_reduce_scatter:pg=27,1785477754953407087,37438,dp_grad_reduce_scatter,0,3155886080,pp_frontier,0,1.0,1785477754468222113,1785477754487433495,15880801,1785477754503314296,37438,1785477754503276858
0,dp_rs,1785477754953360538,217,1785477754937408094,1785477754937526286,1785477754772841744,16,55,15880801,13,16,dp_grad_reduce_scatter:pg=27,1785477754953407087,46549,dp_grad_reduce_scatter,118192,3155886080,pp_frontier,0,1.0,1785477754470881399,1785477754487433495,15880801,1785477754503314296,46549,1785477754503267747
0,dp_rs,1785477754953339255,218,1785477754937152703,1785477754937526286,1785477754772841744,16,55,15880801,13,16,dp_grad_reduce_scatter:pg=27,1785477754953407087,67832,dp_grad_reduce_scatter,373583,3155886080,pp_frontier,0,1.0,1785477754481574432,1785477754487433495,15880801,1785477754503314296,67832,1785477754503246464
0,dp_rs,1785477754953407087,219,1785477754937480443,1785477754937526286,1785477754772841744,16,55,15880801,13,16,dp_grad_reduce_scatter:pg=27,1785477754953407087,0,dp_grad_reduce_scatter,45843,3155886080,pp_frontier,0,1.0,1785477754487433495,1785477754487433495,15880801,1785477754503314296,0,1785477754503314296
0,dp_rs,1785477754953396667,220,1785477754937187851,1785477754937526286,1785477754772841744,16,55,15880801,13,16,dp_grad_reduce_scatter:pg=27,1785477754953407087,10420,dp_grad_reduce_scatter,338435,3155886080,pp_frontier,0,1.0,1785477754484729457,1785477754487433495,15880801,1785477754503314296,10420,1785477754503303876
0,dp_rs,1785477754953374022,221,1785477754937250247,1785477754937526286,1785477754772841744,16,55,15880801,13,16,dp_grad_reduce_scatter:pg=27,1785477754953407087,33065,dp_grad_reduce_scatter,276039,3155886080,pp_frontier,0,1.0,1785477754485503060,1785477754487433495,15880801,1785477754503314296,33065,1785477754503281231
0,dp_rs,1785477754953377761,222,1785477754936803614,1785477754937526286,1785477754772841744,16,55,15880801,13,16,dp_grad_reduce_scatter:pg=27,1785477754953407087,29326,dp_grad_reduce_scatter,722672,3155886080,pp_frontier,0,1.0,1785477754478755638,1785477754487433495,15880801,1785477754503314296,29326,1785477754503284970
0,dp_rs,1785477754953356490,223,1785477754936840437,1785477754937526286,1785477754772841744,16,55,15880801,13,16,dp_grad_reduce_scatter:pg=27,1785477754953407087,50597,dp_grad_reduce_scatter,685849,3155886080,pp_frontier,0,1.0,1785477754477416732,1785477754487433495,15880801,1785477754503314296,50597,1785477754503263699
0,edp_ag0,1785477765087686074,208,1785477765034037978,1785477765034037978,1785477765034023172,2,55,53682882,13,2,expert_dp_param_allgather:pg=1251,1785477765087720860,34786,expert_dp_param_allgather,0,1887436800,same_rank_dp_ag0,17880,1.0,1785477763366432635,1785477763366432635,53682882,1785477763420115517,34786,1785477763420080731
0,edp_ag0,1785477765087720860,216,1785477765034023172,1785477765034037978,1785477765034023172,2,55,53682882,13,2,expert_dp_param_allgather:pg=1251,1785477765087720860,0,expert_dp_param_allgather,14806,1887436800,same_rank_dp_ag0,10720,1.0,1785477763366417829,1785477763366432635,53682882,1785477763420115517,0,1785477763420115517
0,edp_ag0,1785477765092545406,209,1785477765034107750,1785477765034107750,1785477765034006821,2,55,58471832,13,2,expert_dp_param_allgather:pg=1253,1785477765092579582,34176,expert_dp_param_allgather,0,1887436800,same_rank_dp_ag0,59120,1.0,1785477763366502407,1785477763366502407,58471832,1785477763424974239,34176,1785477763424940063
0,edp_ag0,1785477765092579582,217,1785477765034006821,1785477765034107750,1785477765034006821,2,55,58471832,13,2,expert_dp_param_allgather:pg=1253,1785477765092579582,0,expert_dp_param_allgather,100929,1887436800,same_rank_dp_ag0,16161,1.0,1785477763366401478,1785477763366502407,58471832,1785477763424974239,0,1785477763424974239
0,edp_ag0,1785477765086655310,210,1785477765034064932,1785477765034064932,1785477765034001361,2,55,52612221,13,2,expert_dp_param_allgather:pg=1255,1785477765086677153,21843,expert_dp_param_allgather,0,1887436800,same_rank_dp_ag0,13840,1.0,1785477763366459589,1785477763366459589,52612221,1785477763419071810,21843,1785477763419049967
0,edp_ag0,1785477765086677153,218,1785477765034001361,1785477765034064932,1785477765034001361,2,55,52612221,13,2,expert_dp_param_allgather:pg=1255,1785477765086677153,0,expert_dp_param_allgather,63571,1887436800,same_rank_dp_ag0,10880,1.0,1785477763366396018,1785477763366459589,52612221,1785477763419071810,0,1785477763419071810
0,edp_ag0,1785477765088052278,211,1785477765034062190,1785477765034062190,1785477765034000770,2,55,53990088,13,2,expert_dp_param_allgather:pg=1257,1785477765088052278,0,expert_dp_param_allgather,0,1887436800,same_rank_dp_ag0,10960,1.0,1785477763366456847,1785477763366456847,53990088,1785477763420446935,0,1785477763420446935
0,edp_ag0,1785477765088027973,219,1785477765034000770,1785477765034062190,1785477765034000770,2,55,53990088,13,2,expert_dp_param_allgather:pg=1257,1785477765088052278,24305,expert_dp_param_allgather,61420,1887436800,same_rank_dp_ag0,10600,1.0,1785477763366395427,1785477763366456847,53990088,1785477763420446935,24305,1785477763420422630
0,edp_ag0,1785477765087901164,212,1785477765034061443,1785477765034061443,1785477765034015173,2,55,53839721,13,2,expert_dp_param_allgather:pg=1259,1785477765087901164,0,expert_dp_param_allgather,0,1887436800,same_rank_dp_ag0,18200,1.0,1785477763366456100,1785477763366456100,53839721,1785477763420295821,0,1785477763420295821
0,edp_ag0,1785477765087819680,220,1785477765034015173,1785477765034061443,1785477765034015173,2,55,53839721,13,2,expert_dp_param_allgather:pg=1259,1785477765087901164,81484,expert_dp_param_allgather,46270,1887436800,same_rank_dp_ag0,10520,1.0,1785477763366409830,1785477763366456100,53839721,1785477763420295821,81484,1785477763420214337
0,edp_ag0,1785477765086436756,213,1785477765034061236,1785477765034061236,1785477765034026647,2,55,52375520,13,2,expert_dp_param_allgather:pg=1261,1785477765086436756,0,expert_dp_param_allgather,0,1887436800,same_rank_dp_ag0,21320,1.0,1785477763366455893,1785477763366455893,52375520,1785477763418831413,0,1785477763418831413
0,edp_ag0,1785477765086367335,221,1785477765034026647,1785477765034061236,1785477765034026647,2,55,52375520,13,2,expert_dp_param_allgather:pg=1261,1785477765086436756,69421,expert_dp_param_allgather,34589,1887436800,same_rank_dp_ag0,30360,1.0,1785477763366421304,1785477763366455893,52375520,1785477763418831413,69421,1785477763418761992
0,edp_ag0,1785477765089304504,214,1785477765034046061,1785477765034075473,1785477765034046061,2,55,55229031,13,2,expert_dp_param_allgather:pg=1263,1785477765089304504,0,expert_dp_param_allgather,29412,1887436800,same_rank_dp_ag0,11400,1.0,1785477763366440718,1785477763366470130,55229031,1785477763421699161,0,1785477763421699161
0,edp_ag0,1785477765089300385,222,1785477765034075473,1785477765034075473,1785477765034046061,2,55,55229031,13,2,expert_dp_param_allgather:pg=1263,1785477765089304504,4119,expert_dp_param_allgather,0,1887436800,same_rank_dp_ag0,56801,1.0,1785477763366470130,1785477763366470130,55229031,1785477763421699161,4119,1785477763421695042
0,edp_ag0,1785477765086080274,215,1785477765034050960,1785477765034050960,1785477765034034791,2,55,52029314,13,2,expert_dp_param_allgather:pg=1265,1785477765086080274,0,expert_dp_param_allgather,0,1887436800,same_rank_dp_ag0,24240,1.0,1785477763366445617,1785477763366445617,52029314,1785477763418474931,0,1785477763418474931
0,edp_ag0,1785477765086031317,223,1785477765034034791,1785477765034050960,1785477765034034791,2,55,52029314,13,2,expert_dp_param_allgather:pg=1265,1785477765086080274,48957,expert_dp_param_allgather,16169,1887436800,same_rank_dp_ag0,11160,1.0,1785477763366429448,1785477763366445617,52029314,1785477763418474931,48957,1785477763418425974
1,edp_ag1,1785477765246556064,208,1785477765187253471,1785477765187253471,1785477765187246195,2,55,59353493,13,2,expert_dp_param_allgather:pg=1251,1785477765246606964,50900,expert_dp_param_allgather,0,1887436800,same_rank_dp_ag1,10672,1.0,1785477763519648128,1785477763519648128,59353493,1785477763579001621,50900,1785477763578950721
1,edp_ag1,1785477765246606964,216,1785477765187246195,1785477765187253471,1785477765187246195,2,55,59353493,13,2,expert_dp_param_allgather:pg=1251,1785477765246606964,0,expert_dp_param_allgather,7276,1887436800,same_rank_dp_ag1,10800,1.0,1785477763519640852,1785477763519648128,59353493,1785477763579001621,0,1785477763579001621
1,edp_ag1,1785477765239966156,209,1785477765187281865,1785477765187281865,1785477765187221675,2,55,52727352,13,2,expert_dp_param_allgather:pg=1253,1785477765240009217,43061,expert_dp_param_allgather,0,1887436800,same_rank_dp_ag1,10800,1.0,1785477763519676522,1785477763519676522,52727352,1785477763572403874,43061,1785477763572360813
1,edp_ag1,1785477765240009217,217,1785477765187221675,1785477765187281865,1785477765187221675,2,55,52727352,13,2,expert_dp_param_allgather:pg=1253,1785477765240009217,0,expert_dp_param_allgather,60190,1887436800,same_rank_dp_ag1,10320,1.0,1785477763519616332,1785477763519676522,52727352,1785477763572403874,0,1785477763572403874
1,edp_ag1,1785477765239261173,210,1785477765187358404,1785477765187358404,1785477765187226565,2,55,51940351,13,2,expert_dp_param_allgather:pg=1255,1785477765239298755,37582,expert_dp_param_allgather,0,1887436800,same_rank_dp_ag1,81423,1.0,1785477763519753061,1785477763519753061,51940351,1785477763571693412,37582,1785477763571655830
1,edp_ag1,1785477765239298755,218,1785477765187226565,1785477765187358404,1785477765187226565,2,55,51940351,13,2,expert_dp_param_allgather:pg=1255,1785477765239298755,0,expert_dp_param_allgather,131839,1887436800,same_rank_dp_ag1,26920,1.0,1785477763519621222,1785477763519753061,51940351,1785477763571693412,0,1785477763571693412
1,edp_ag1,1785477765242256380,211,1785477765187335127,1785477765187335127,1785477765187245044,2,55,54930277,13,2,expert_dp_param_allgather:pg=1257,1785477765242265404,9024,expert_dp_param_allgather,0,1887436800,same_rank_dp_ag1,61520,1.0,1785477763519729784,1785477763519729784,54930277,1785477763574660061,9024,1785477763574651037
1,edp_ag1,1785477765242265404,219,1785477765187245044,1785477765187335127,1785477765187245044,2,55,54930277,13,2,expert_dp_param_allgather:pg=1257,1785477765242265404,0,expert_dp_param_allgather,90083,1887436800,same_rank_dp_ag1,11000,1.0,1785477763519639701,1785477763519729784,54930277,1785477763574660061,0,1785477763574660061
1,edp_ag1,1785477765239241437,212,1785477765187293220,1785477765187293220,1785477765187214467,2,55,51948217,13,2,expert_dp_param_allgather:pg=1259,1785477765239241437,0,expert_dp_param_allgather,0,1887436800,same_rank_dp_ag1,12280,1.0,1785477763519687877,1785477763519687877,51948217,1785477763571636094,0,1785477763571636094
1,edp_ag1,1785477765239192408,220,1785477765187214467,1785477765187293220,1785477765187214467,2,55,51948217,13,2,expert_dp_param_allgather:pg=1259,1785477765239241437,49029,expert_dp_param_allgather,78753,1887436800,same_rank_dp_ag1,11040,1.0,1785477763519609124,1785477763519687877,51948217,1785477763571636094,49029,1785477763571587065
1,edp_ag1,1785477765241513648,213,1785477765187239881,1785477765187263227,1785477765187239881,2,55,54250421,13,2,expert_dp_param_allgather:pg=1261,1785477765241513648,0,expert_dp_param_allgather,23346,1887436800,same_rank_dp_ag1,12400,1.0,1785477763519634538,1785477763519657884,54250421,1785477763573908305,0,1785477763573908305
1,edp_ag1,1785477765241437796,221,1785477765187263227,1785477765187263227,1785477765187239881,2,55,54250421,13,2,expert_dp_param_allgather:pg=1261,1785477765241513648,75852,expert_dp_param_allgather,0,1887436800,same_rank_dp_ag1,22280,1.0,1785477763519657884,1785477763519657884,54250421,1785477763573908305,75852,1785477763573832453
1,edp_ag1,1785477765239417570,214,1785477765187287027,1785477765187287027,1785477765187253051,2,55,52137998,13,2,expert_dp_param_allgather:pg=1263,1785477765239425025,7455,expert_dp_param_allgather,0,1887436800,same_rank_dp_ag1,10600,1.0,1785477763519681684,1785477763519681684,52137998,1785477763571819682,7455,1785477763571812227
1,edp_ag1,1785477765239425025,222,1785477765187253051,1785477765187287027,1785477765187253051,2,55,52137998,13,2,expert_dp_param_allgather:pg=1263,1785477765239425025,0,expert_dp_param_allgather,33976,1887436800,same_rank_dp_ag1,51600,1.0,1785477763519647708,1785477763519681684,52137998,1785477763571819682,0,1785477763571819682
1,edp_ag1,1785477765239228181,215,1785477765187287549,1785477765187287549,1785477765187222806,2,55,51940632,13,2,expert_dp_param_allgather:pg=1265,1785477765239228181,0,expert_dp_param_allgather,0,1887436800,same_rank_dp_ag1,10521,1.0,1785477763519682206,1785477763519682206,51940632,1785477763571622838,0,1785477763571622838
1,edp_ag1,1785477765239196211,223,1785477765187222806,1785477765187287549,1785477765187222806,2,55,51940632,13,2,expert_dp_param_allgather:pg=1265,1785477765239228181,31970,expert_dp_param_allgather,64743,1887436800,same_rank_dp_ag1,12040,1.0,1785477763519617463,1785477763519682206,51940632,1785477763571622838,31970,1785477763571590868
0,edp_rs,1785477755186647829,208,1785477754971236745,1785477754971236745,1785477754971024972,2,55,215411084,13,2,expert_dp_grad_reduce_scatter:pg=1251,1785477755186647829,0,expert_dp_grad_reduce_scatter,0,7549747200,same_rank_dp_rs,17951290,1.0,1785477754521143954,1785477754521143954,215411084,1785477754736555038,0,1785477754736555038
0,edp_rs,1785477755186638048,216,1785477754971024972,1785477754971236745,1785477754971024972,2,55,215411084,13,2,expert_dp_grad_reduce_scatter:pg=1251,1785477755186647829,9781,expert_dp_grad_reduce_scatter,211773,7549747200,same_rank_dp_rs,17655323,1.0,1785477754520932181,1785477754521143954,215411084,1785477754736555038,9781,1785477754736545257
0,edp_rs,1785477755197221080,209,1785477754970961635,1785477754970961635,1785477754970805037,2,55,226269529,13,2,expert_dp_grad_reduce_scatter:pg=1253,1785477755197231164,10084,expert_dp_grad_reduce_scatter,0,7549747200,same_rank_dp_rs,17604691,1.0,1785477754520868844,1785477754520868844,226269529,1785477754747138373,10084,1785477754747128289
0,edp_rs,1785477755197231164,217,1785477754970805037,1785477754970961635,1785477754970805037,2,55,226269529,13,2,expert_dp_grad_reduce_scatter:pg=1253,1785477755197231164,0,expert_dp_grad_reduce_scatter,156598,7549747200,same_rank_dp_rs,17444499,1.0,1785477754520712246,1785477754520868844,226269529,1785477754747138373,0,1785477754747138373
0,edp_rs,1785477755166917231,210,1785477754970951147,1785477754970951147,1785477754970659289,2,55,195991248,13,2,expert_dp_grad_reduce_scatter:pg=1255,1785477755166942395,25164,expert_dp_grad_reduce_scatter,0,7549747200,same_rank_dp_rs,17662853,1.0,1785477754520858356,1785477754520858356,195991248,1785477754716849604,25164,1785477754716824440
0,edp_rs,1785477755166942395,218,1785477754970659289,1785477754970951147,1785477754970659289,2,55,195991248,13,2,expert_dp_grad_reduce_scatter:pg=1255,1785477755166942395,0,expert_dp_grad_reduce_scatter,291858,7549747200,same_rank_dp_rs,17320034,1.0,1785477754520566498,1785477754520858356,195991248,1785477754716849604,0,1785477754716849604
0,edp_rs,1785477755181694515,211,1785477754971092748,1785477754971092748,1785477754970900338,2,55,210601767,13,2,expert_dp_grad_reduce_scatter:pg=1257,1785477755181694515,0,expert_dp_grad_reduce_scatter,0,7549747200,same_rank_dp_rs,17722328,1.0,1785477754520999957,1785477754520999957,210601767,1785477754731601724,0,1785477754731601724
0,edp_rs,1785477755181617441,219,1785477754970900338,1785477754971092748,1785477754970900338,2,55,210601767,13,2,expert_dp_grad_reduce_scatter:pg=1257,1785477755181694515,77074,expert_dp_grad_reduce_scatter,192410,7549747200,same_rank_dp_rs,17493251,1.0,1785477754520807547,1785477754520999957,210601767,1785477754731601724,77074,1785477754731524650
0,edp_rs,1785477755196172442,212,1785477754971074441,1785477754971074441,1785477754970648407,2,55,225154746,13,2,expert_dp_grad_reduce_scatter:pg=1259,1785477755196229187,56745,expert_dp_grad_reduce_scatter,0,7549747200,same_rank_dp_rs,17700497,1.0,1785477754520981650,1785477754520981650,225154746,1785477754746136396,56745,1785477754746079651
0,edp_rs,1785477755196229187,220,1785477754970648407,1785477754971074441,1785477754970648407,2,55,225154746,13,2,expert_dp_grad_reduce_scatter:pg=1259,1785477755196229187,0,expert_dp_grad_reduce_scatter,426034,7549747200,same_rank_dp_rs,17251740,1.0,1785477754520555616,1785477754520981650,225154746,1785477754746136396,0,1785477754746136396
0,edp_rs,1785477755178980947,213,1785477754971080429,1785477754971080429,1785477754970943118,2,55,207900518,13,2,expert_dp_grad_reduce_scatter:pg=1261,1785477755178980947,0,expert_dp_grad_reduce_scatter,0,7549747200,same_rank_dp_rs,17722508,1.0,1785477754520987638,1785477754520987638,207900518,1785477754728888156,0,1785477754728888156
0,edp_rs,1785477755178860068,221,1785477754970943118,1785477754971080429,1785477754970943118,2,55,207900518,13,2,expert_dp_grad_reduce_scatter:pg=1261,1785477755178980947,120879,expert_dp_grad_reduce_scatter,137311,7549747200,same_rank_dp_rs,17569096,1.0,1785477754520850327,1785477754520987638,207900518,1785477754728888156,120879,1785477754728767277
0,edp_rs,1785477755181058316,214,1785477754971082627,1785477754971082627,1785477754970793192,2,55,209975689,13,2,expert_dp_grad_reduce_scatter:pg=1263,1785477755181058316,0,expert_dp_grad_reduce_scatter,0,7549747200,same_rank_dp_rs,17739828,1.0,1785477754520989836,1785477754520989836,209975689,1785477754730965525,0,1785477754730965525
0,edp_rs,1785477755181047581,222,1785477754970793192,1785477754971082627,1785477754970793192,2,55,209975689,13,2,expert_dp_grad_reduce_scatter:pg=1263,1785477755181058316,10735,expert_dp_grad_reduce_scatter,289435,7549747200,same_rank_dp_rs,17415431,1.0,1785477754520700401,1785477754520989836,209975689,1785477754730965525,10735,1785477754730954790
0,edp_rs,1785477755173431027,215,1785477754971048184,1785477754971048184,1785477754970989891,2,55,202382843,13,2,expert_dp_grad_reduce_scatter:pg=1265,1785477755173431027,0,expert_dp_grad_reduce_scatter,0,7549747200,same_rank_dp_rs,17645436,1.0,1785477754520955393,1785477754520955393,202382843,1785477754723338236,0,1785477754723338236
0,edp_rs,1785477755173375566,223,1785477754970989891,1785477754971048184,1785477754970989891,2,55,202382843,13,2,expert_dp_grad_reduce_scatter:pg=1265,1785477755173431027,55461,expert_dp_grad_reduce_scatter,58293,7549747200,same_rank_dp_rs,17633401,1.0,1785477754520897100,1785477754520955393,202382843,1785477754723338236,55461,1785477754723282775
0,dp_ag0,1785477765038318243,224,1785477765026143152,1785477765026383773,1785477765025618223,16,55,12015173,14,16,dp_param_allgather:pg=29,1785477765038398946,80703,dp_param_allgather,240621,98621440,world_rs_done,29466895,1.0,1785477763358537809,1785477763358778430,12015173,1785477763370793603,80703,1785477763370712900
0,dp_ag0,1785477765038268220,225,1785477765025751936,1785477765026383773,1785477765025618223,16,55,12015173,14,16,dp_param_allgather:pg=29,1785477765038398946,130726,dp_param_allgather,631837,98621440,world_rs_done,29075679,1.0,1785477763358146593,1785477763358778430,12015173,1785477763370793603,130726,1785477763370662877
0,dp_ag0,1785477765038197907,226,1785477765026062182,1785477765026383773,1785477765025618223,16,55,12015173,14,16,dp_param_allgather:pg=29,1785477765038398946,201039,dp_param_allgather,321591,98621440,world_rs_done,29385925,1.0,1785477763358456839,1785477763358778430,12015173,1785477763370793603,201039,1785477763370592564
0,dp_ag0,1785477765038380674,227,1785477765025905998,1785477765026383773,1785477765025618223,16,55,12015173,14,16,dp_param_allgather:pg=29,1785477765038398946,18272,dp_param_allgather,477775,98621440,world_rs_done,29229741,1.0,1785477763358300655,1785477763358778430,12015173,1785477763370793603,18272,1785477763370775331
0,dp_ag0,1785477765038127968,228,1785477765025778496,1785477765026383773,1785477765025618223,16,55,12015173,14,16,dp_param_allgather:pg=29,1785477765038398946,270978,dp_param_allgather,605277,98621440,world_rs_done,29102239,1.0,1785477763358173153,1785477763358778430,12015173,1785477763370793603,270978,1785477763370522625
0,dp_ag0,1785477765038370887,229,1785477765025694455,1785477765026383773,1785477765025618223,16,55,12015173,14,16,dp_param_allgather:pg=29,1785477765038398946,28059,dp_param_allgather,689318,98621440,world_rs_done,29018198,1.0,1785477763358089112,1785477763358778430,12015173,1785477763370793603,28059,1785477763370765544
0,dp_ag0,1785477765038365538,230,1785477765025876707,1785477765026383773,1785477765025618223,16,55,12015173,14,16,dp_param_allgather:pg=29,1785477765038398946,33408,dp_param_allgather,507066,98621440,world_rs_done,29200450,1.0,1785477763358271364,1785477763358778430,12015173,1785477763370793603,33408,1785477763370760195
0,dp_ag0,1785477765038353249,231,1785477765026137309,1785477765026383773,1785477765025618223,16,55,12015173,14,16,dp_param_allgather:pg=29,1785477765038398946,45697,dp_param_allgather,246464,98621440,world_rs_done,29461052,1.0,1785477763358531966,1785477763358778430,12015173,1785477763370793603,45697,1785477763370747906
0,dp_ag0,1785477765038376669,232,1785477765026220280,1785477765026383773,1785477765025618223,16,55,12015173,14,16,dp_param_allgather:pg=29,1785477765038398946,22277,dp_param_allgather,163493,98621440,world_rs_done,29544023,1.0,1785477763358614937,1785477763358778430,12015173,1785477763370793603,22277,1785477763370771326
0,dp_ag0,1785477765038394772,233,1785477765025618223,1785477765026383773,1785477765025618223,16,55,12015173,14,16,dp_param_allgather:pg=29,1785477765038398946,4174,dp_param_allgather,765550,98621440,world_rs_done,28941966,1.0,1785477763358012880,1785477763358778430,12015173,1785477763370793603,4174,1785477763370789429
0,dp_ag0,1785477765038398946,234,1785477765025826428,1785477765026383773,1785477765025618223,16,55,12015173,14,16,dp_param_allgather:pg=29,1785477765038398946,0,dp_param_allgather,557345,98621440,world_rs_done,29150171,1.0,1785477763358221085,1785477763358778430,12015173,1785477763370793603,0,1785477763370793603
0,dp_ag0,1785477765038251296,235,1785477765026383773,1785477765026383773,1785477765025618223,16,55,12015173,14,16,dp_param_allgather:pg=29,1785477765038398946,147650,dp_param_allgather,0,98621440,world_rs_done,29707516,1.0,1785477763358778430,1785477763358778430,12015173,1785477763370793603,147650,1785477763370645953
0,dp_ag0,1785477765038398131,236,1785477765025926556,1785477765026383773,1785477765025618223,16,55,12015173,14,16,dp_param_allgather:pg=29,1785477765038398946,815,dp_param_allgather,457217,98621440,world_rs_done,29250299,1.0,1785477763358321213,1785477763358778430,12015173,1785477763370793603,815,1785477763370792788
0,dp_ag0,1785477765038285387,237,1785477765025952101,1785477765026383773,1785477765025618223,16,55,12015173,14,16,dp_param_allgather:pg=29,1785477765038398946,113559,dp_param_allgather,431672,98621440,world_rs_done,29275844,1.0,1785477763358346758,1785477763358778430,12015173,1785477763370793603,113559,1785477763370680044
0,dp_ag0,1785477765038247836,238,1785477765026100134,1785477765026383773,1785477765025618223,16,55,12015173,14,16,dp_param_allgather:pg=29,1785477765038398946,151110,dp_param_allgather,283639,98621440,world_rs_done,29423877,1.0,1785477763358494791,1785477763358778430,12015173,1785477763370793603,151110,1785477763370642493
0,dp_ag0,1785477765038355619,239,1785477765026026874,1785477765026383773,1785477765025618223,16,55,12015173,14,16,dp_param_allgather:pg=29,1785477765038398946,43327,dp_param_allgather,356899,98621440,world_rs_done,29350617,1.0,1785477763358421531,1785477763358778430,12015173,1785477763370793603,43327,1785477763370750276
1,dp_ag1,1785477765203698036,224,1785477765183042913,1785477765193182945,1785477765178480221,16,55,10537533,14,16,dp_param_allgather:pg=29,1785477765203720478,22442,dp_param_allgather,10140032,98621440,same_rank_edp_ag0,86702071,1.0,1785477763515437570,1785477763525577602,10537533,1785477763536115135,22442,1785477763536092693
1,dp_ag1,1785477765203699394,225,1785477765180314187,1785477765193182945,1785477765178480221,16,55,10537533,14,16,dp_param_allgather:pg=29,1785477765203720478,21084,dp_param_allgather,12868758,98621440,same_rank_edp_ag0,88197309,1.0,1785477763512708844,1785477763525577602,10537533,1785477763536115135,21084,1785477763536094051
1,dp_ag1,1785477765203673536,226,1785477765178709567,1785477765193182945,1785477765178480221,16,55,10537533,14,16,dp_param_allgather:pg=29,1785477765203720478,46942,dp_param_allgather,14473378,98621440,same_rank_edp_ag0,86484429,1.0,1785477763511104224,1785477763525577602,10537533,1785477763536115135,46942,1785477763536068193
1,dp_ag1,1785477765203702743,227,1785477765183665710,1785477765193182945,1785477765178480221,16,55,10537533,14,16,dp_param_allgather:pg=29,1785477765203720478,17735,dp_param_allgather,9517235,98621440,same_rank_edp_ag0,87708655,1.0,1785477763516060367,1785477763525577602,10537533,1785477763536115135,17735,1785477763536097400
1,dp_ag1,1785477765203691361,228,1785477765178480221,1785477765193182945,1785477765178480221,16,55,10537533,14,16,dp_param_allgather:pg=29,1785477765203720478,29117,dp_param_allgather,14702724,98621440,same_rank_edp_ag0,87616467,1.0,1785477763510874878,1785477763525577602,10537533,1785477763536115135,29117,1785477763536086018
1,dp_ag1,1785477765203681218,229,1785477765187883378,1785477765193182945,1785477765178480221,16,55,10537533,14,16,dp_param_allgather:pg=29,1785477765203720478,39260,dp_param_allgather,5299567,98621440,same_rank_edp_ag0,87189176,1.0,1785477763520278035,1785477763525577602,10537533,1785477763536115135,39260,1785477763536075875
1,dp_ag1,1785477765203672339,230,1785477765191590269,1785477765193182945,1785477765178480221,16,55,10537533,14,16,dp_param_allgather:pg=29,1785477765203720478,48139,dp_param_allgather,1592676,98621440,same_rank_edp_ag0,86588690,1.0,1785477763523984926,1785477763525577602,10537533,1785477763536115135,48139,1785477763536066996
1,dp_ag1,1785477765203689562,231,1785477765188874337,1785477765193182945,1785477765178480221,16,55,10537533,14,16,dp_param_allgather:pg=29,1785477765203720478,30916,dp_param_allgather,4308608,98621440,same_rank_edp_ag0,87567544,1.0,1785477763521268994,1785477763525577602,10537533,1785477763536115135,30916,1785477763536084219
1,dp_ag1,1785477765203694918,232,1785477765184020376,1785477765193182945,1785477765178480221,16,55,10537533,14,16,dp_param_allgather:pg=29,1785477765203720478,25560,dp_param_allgather,9162569,98621440,same_rank_edp_ag0,87633080,1.0,1785477763516415033,1785477763525577602,10537533,1785477763536115135,25560,1785477763536089575
1,dp_ag1,1785477765203711583,233,1785477765180431251,1785477765193182945,1785477765178480221,16,55,10537533,14,16,dp_param_allgather:pg=29,1785477765203720478,8895,dp_param_allgather,12751694,98621440,same_rank_edp_ag0,88249598,1.0,1785477763512825908,1785477763525577602,10537533,1785477763536115135,8895,1785477763536106240
1,dp_ag1,1785477765203718841,234,1785477765180460266,1785477765193182945,1785477765178480221,16,55,10537533,14,16,dp_param_allgather:pg=29,1785477765203720478,1637,dp_param_allgather,12722679,98621440,same_rank_edp_ag0,88276159,1.0,1785477763512854923,1785477763525577602,10537533,1785477763536115135,1637,1785477763536113498
1,dp_ag1,1785477765203697610,235,1785477765183215492,1785477765193182945,1785477765178480221,16,55,10537533,14,16,dp_param_allgather:pg=29,1785477765203720478,22868,dp_param_allgather,9967453,98621440,same_rank_edp_ag0,87228851,1.0,1785477763515610149,1785477763525577602,10537533,1785477763536115135,22868,1785477763536092267
1,dp_ag1,1785477765203710866,236,1785477765178604594,1785477765193182945,1785477765178480221,16,55,10537533,14,16,dp_param_allgather:pg=29,1785477765203720478,9612,dp_param_allgather,14578351,98621440,same_rank_edp_ag0,87781390,1.0,1785477763510999251,1785477763525577602,10537533,1785477763536115135,9612,1785477763536105523
1,dp_ag1,1785477765203624276,237,1785477765188420460,1785477765193182945,1785477765178480221,16,55,10537533,14,16,dp_param_allgather:pg=29,1785477765203720478,96202,dp_param_allgather,4762485,98621440,same_rank_edp_ag0,87668720,1.0,1785477763520815117,1785477763525577602,10537533,1785477763536115135,96202,1785477763536018933
1,dp_ag1,1785477765203720478,238,1785477765193182945,1785477765193182945,1785477765178480221,16,55,10537533,14,16,dp_param_allgather:pg=29,1785477765203720478,0,dp_param_allgather,0,98621440,same_rank_edp_ag0,88247403,1.0,1785477763525577602,1785477763525577602,10537533,1785477763536115135,0,1785477763536115135
1,dp_ag1,1785477765203712079,239,1785477765192137975,1785477765193182945,1785477765178480221,16,55,10537533,14,16,dp_param_allgather:pg=29,1785477765203720478,8399,dp_param_allgather,1044970,98621440,same_rank_edp_ag0,90763706,1.0,1785477763524532632,1785477763525577602,10537533,1785477763536115135,8399,1785477763536106736
0,dp_rs,1785477754174666279,224,1785477753993809290,1785477754157473896,1785477753992553001,16,55,17192383,14,16,dp_grad_reduce_scatter:pg=29,1785477754174666279,0,dp_grad_reduce_scatter,163664606,3155886080,pp_frontier,0,1.0,1785477753593463923,1785477753799509591,17192383,1785477753816701974,0,1785477753816701974
0,dp_rs,1785477754173444386,225,1785477753992553001,1785477754157473896,1785477753992553001,16,55,17192383,14,16,dp_grad_reduce_scatter:pg=29,1785477754174666279,1221893,dp_grad_reduce_scatter,164920895,3155886080,pp_frontier,0,1.0,1785477753588919392,1785477753799509591,17192383,1785477753816701974,1221893,1785477753815480081
0,dp_rs,1785477754174206440,226,1785477753994488836,1785477754157473896,1785477753992553001,16,55,17192383,14,16,dp_grad_reduce_scatter:pg=29,1785477754174666279,459839,dp_grad_reduce_scatter,162985060,3155886080,pp_frontier,0,1.0,1785477753594425821,1785477753799509591,17192383,1785477753816701974,459839,1785477753816242135
0,dp_rs,1785477754174573068,227,1785477753993350283,1785477754157473896,1785477753992553001,16,55,17192383,14,16,dp_grad_reduce_scatter:pg=29,1785477754174666279,93211,dp_grad_reduce_scatter,164123613,3155886080,pp_frontier,0,1.0,1785477753596186947,1785477753799509591,17192383,1785477753816701974,93211,1785477753816608763
0,dp_rs,1785477754174569810,228,1785477753993537303,1785477754157473896,1785477753992553001,16,55,17192383,14,16,dp_grad_reduce_scatter:pg=29,1785477754174666279,96469,dp_grad_reduce_scatter,163936593,3155886080,pp_frontier,0,1.0,1785477753594087815,1785477753799509591,17192383,1785477753816701974,96469,1785477753816605505
0,dp_rs,1785477754174571134,229,1785477753993072387,1785477754157473896,1785477753992553001,16,55,17192383,14,16,dp_grad_reduce_scatter:pg=29,1785477754174666279,95145,dp_grad_reduce_scatter,164401509,3155886080,pp_frontier,0,1.0,1785477753594579922,1785477753799509591,17192383,1785477753816701974,95145,1785477753816606829
0,dp_rs,1785477754174567939,230,1785477753993449823,1785477754157473896,1785477753992553001,16,55,17192383,14,16,dp_grad_reduce_scatter:pg=29,1785477754174666279,98340,dp_grad_reduce_scatter,164024073,3155886080,pp_frontier,0,1.0,1785477753591302986,1785477753799509591,17192383,1785477753816701974,98340,1785477753816603634
0,dp_rs,1785477754174590596,231,1785477753994106627,1785477754157473896,1785477753992553001,16,55,17192383,14,16,dp_grad_reduce_scatter:pg=29,1785477754174666279,75683,dp_grad_reduce_scatter,163367269,3155886080,pp_frontier,0,1.0,1785477753592042988,1785477753799509591,17192383,1785477753816701974,75683,1785477753816626291
0,dp_rs,1785477754173398701,232,1785477754156351875,1785477754157473896,1785477753992553001,16,55,17192383,14,16,dp_grad_reduce_scatter:pg=29,1785477754174666279,1267578,dp_grad_reduce_scatter,1122021,3155886080,pp_frontier,0,1.0,1785477753780767644,1785477753799509591,17192383,1785477753816701974,1267578,1785477753815434396
0,dp_rs,1785477754174596388,233,1785477754156868788,1785477754157473896,1785477753992553001,16,55,17192383,14,16,dp_grad_reduce_scatter:pg=29,1785477754174666279,69891,dp_grad_reduce_scatter,605108,3155886080,pp_frontier,0,1.0,1785477753784536605,1785477753799509591,17192383,1785477753816701974,69891,1785477753816632083
0,dp_rs,1785477754174580342,234,1785477754157473896,1785477754157473896,1785477753992553001,16,55,17192383,14,16,dp_grad_reduce_scatter:pg=29,1785477754174666279,85937,dp_grad_reduce_scatter,0,3155886080,pp_frontier,0,1.0,1785477753796304353,1785477753799509591,17192383,1785477753816701974,85937,1785477753816616037
0,dp_rs,1785477754174586466,235,1785477754157268403,1785477754157473896,1785477753992553001,16,55,17192383,14,16,dp_grad_reduce_scatter:pg=29,1785477754174666279,79813,dp_grad_reduce_scatter,205493,3155886080,pp_frontier,0,1.0,1785477753799509591,1785477753799509591,17192383,1785477753816701974,79813,1785477753816622161
0,dp_rs,1785477754174630821,236,1785477754156381981,1785477754157473896,1785477753992553001,16,55,17192383,14,16,dp_grad_reduce_scatter:pg=29,1785477754174666279,35458,dp_grad_reduce_scatter,1091915,3155886080,pp_frontier,0,1.0,1785477753797861291,1785477753799509591,17192383,1785477753816701974,35458,1785477753816666516
0,dp_rs,1785477754174350020,237,1785477754156000593,1785477754157473896,1785477753992553001,16,55,17192383,14,16,dp_grad_reduce_scatter:pg=29,1785477754174666279,316259,dp_grad_reduce_scatter,1473303,3155886080,pp_frontier,0,1.0,1785477753796386501,1785477753799509591,17192383,1785477753816701974,316259,1785477753816385715
0,dp_rs,1785477754174332146,238,1785477754156996178,1785477754157473896,1785477753992553001,16,55,17192383,14,16,dp_grad_reduce_scatter:pg=29,1785477754174666279,334133,dp_grad_reduce_scatter,477718,3155886080,pp_frontier,0,1.0,1785477753793397845,1785477753799509591,17192383,1785477753816701974,334133,1785477753816367841
0,dp_rs,1785477754174330718,239,1785477754157226243,1785477754157473896,1785477753992553001,16,55,17192383,14,16,dp_grad_reduce_scatter:pg=29,1785477754174666279,335561,dp_grad_reduce_scatter,247653,3155886080,pp_frontier,0,1.0,1785477753792897698,1785477753799509591,17192383,1785477753816701974,335561,1785477753816366413
0,edp_ag0,1785477765096340842,224,1785477765038329083,1785477765038387109,1785477765038329083,2,55,58000187,14,2,expert_dp_param_allgather:pg=1267,1785477765096387296,46454,expert_dp_param_allgather,58026,1887436800,same_rank_dp_ag0,10840,1.0,1785477763370723740,1785477763370781766,58000187,1785477763428781953,46454,1785477763428735499
0,edp_ag0,1785477765096387296,232,1785477765038387109,1785477765038387109,1785477765038329083,2,55,58000187,14,2,expert_dp_param_allgather:pg=1267,1785477765096387296,0,expert_dp_param_allgather,0,1887436800,same_rank_dp_ag0,10440,1.0,1785477763370781766,1785477763370781766,58000187,1785477763428781953,0,1785477763428781953
0,edp_ag0,1785477765092116878,225,1785477765038278820,1785477765038442972,1785477765038278820,2,55,53738681,14,2,expert_dp_param_allgather:pg=1269,1785477765092181653,64775,expert_dp_param_allgather,164152,1887436800,same_rank_dp_ag0,10600,1.0,1785477763370673477,1785477763370837629,53738681,1785477763424576310,64775,1785477763424511535
0,edp_ag0,1785477765092181653,233,1785477765038442972,1785477765038442972,1785477765038278820,2,55,53738681,14,2,expert_dp_param_allgather:pg=1269,1785477765092181653,0,expert_dp_param_allgather,0,1887436800,same_rank_dp_ag0,48200,1.0,1785477763370837629,1785477763370837629,53738681,1785477763424576310,0,1785477763424576310
0,edp_ag0,1785477765092225138,226,1785477765038212359,1785477765038409986,1785477765038212359,2,55,53815152,14,2,expert_dp_param_allgather:pg=1271,1785477765092225138,0,expert_dp_param_allgather,197627,1887436800,same_rank_dp_ag0,14452,1.0,1785477763370607016,1785477763370804643,53815152,1785477763424619795,0,1785477763424619795
0,edp_ag0,1785477765092184107,234,1785477765038409986,1785477765038409986,1785477765038212359,2,55,53815152,14,2,expert_dp_param_allgather:pg=1271,1785477765092225138,41031,expert_dp_param_allgather,0,1887436800,same_rank_dp_ag0,11040,1.0,1785477763370804643,1785477763370804643,53815152,1785477763424619795,41031,1785477763424578764
0,edp_ag0,1785477765095957055,227,1785477765038435794,1785477765038435794,1785477765038262142,2,55,57550847,14,2,expert_dp_param_allgather:pg=1273,1785477765095986641,29586,expert_dp_param_allgather,0,1887436800,same_rank_dp_ag0,55120,1.0,1785477763370830451,1785477763370830451,57550847,1785477763428381298,29586,1785477763428351712
0,edp_ag0,1785477765095986641,235,1785477765038262142,1785477765038435794,1785477765038262142,2,55,57550847,14,2,expert_dp_param_allgather:pg=1273,1785477765095986641,0,expert_dp_param_allgather,173652,1887436800,same_rank_dp_ag0,10846,1.0,1785477763370656799,1785477763370830451,57550847,1785477763428381298,0,1785477763428381298
0,edp_ag0,1785477765090863754,228,1785477765038187088,1785477765038408691,1785477765038187088,2,55,52455063,14,2,expert_dp_param_allgather:pg=1275,1785477765090863754,0,expert_dp_param_allgather,221603,1887436800,same_rank_dp_ag0,59120,1.0,1785477763370581745,1785477763370803348,52455063,1785477763423258411,0,1785477763423258411
0,edp_ag0,1785477765090823204,236,1785477765038408691,1785477765038408691,1785477765038187088,2,55,52455063,14,2,expert_dp_param_allgather:pg=1275,1785477765090863754,40550,expert_dp_param_allgather,0,1887436800,same_rank_dp_ag0,10560,1.0,1785477763370803348,1785477763370803348,52455063,1785477763423258411,40550,1785477763423217861
0,edp_ag0,1785477765100694202,229,1785477765038381807,1785477765038381807,1785477765038298711,2,55,62369933,14,2,expert_dp_param_allgather:pg=1277,1785477765100751740,57538,expert_dp_param_allgather,0,1887436800,same_rank_dp_ag0,10920,1.0,1785477763370776464,1785477763370776464,62369933,1785477763433146397,57538,1785477763433088859
0,edp_ag0,1785477765100751740,237,1785477765038298711,1785477765038381807,1785477765038298711,2,55,62369933,14,2,expert_dp_param_allgather:pg=1277,1785477765100751740,0,expert_dp_param_allgather,83096,1887436800,same_rank_dp_ag0,13324,1.0,1785477763370693368,1785477763370776464,62369933,1785477763433146397,0,1785477763433146397
0,edp_ag0,1785477765105001579,230,1785477765038387338,1785477765038387338,1785477765038299768,2,55,66614241,14,2,expert_dp_param_allgather:pg=1279,1785477765105001579,0,expert_dp_param_allgather,0,1887436800,same_rank_dp_ag0,21800,1.0,1785477763370781995,1785477763370781995,66614241,1785477763437396236,0,1785477763437396236
0,edp_ag0,1785477765104935542,238,1785477765038299768,1785477765038387338,1785477765038299768,2,55,66614241,14,2,expert_dp_param_allgather:pg=1279,1785477765105001579,66037,expert_dp_param_allgather,87570,1887436800,same_rank_dp_ag0,51932,1.0,1785477763370694425,1785477763370781995,66614241,1785477763437396236,66037,1785477763437330199
0,edp_ag0,1785477765101306793,231,1785477765038364009,1785477765038366339,1785477765038364009,2,55,63007930,14,2,expert_dp_param_allgather:pg=1281,1785477765101374269,67476,expert_dp_param_allgather,2330,1887436800,same_rank_dp_ag0,10760,1.0,1785477763370758666,1785477763370760996,63007930,1785477763433768926,67476,1785477763433701450
0,edp_ag0,1785477765101374269,239,1785477765038366339,1785477765038366339,1785477765038364009,2,55,63007930,14,2,expert_dp_param_allgather:pg=1281,1785477765101374269,0,expert_dp_param_allgather,0,1887436800,same_rank_dp_ag0,10720,1.0,1785477763370760996,1785477763370760996,63007930,1785477763433768926,0,1785477763433768926
1,edp_ag1,1785477765257062452,224,1785477765203708996,1785477765203729158,1785477765203708996,2,55,53386751,14,2,expert_dp_param_allgather:pg=1267,1785477765257115909,53457,expert_dp_param_allgather,20162,1887436800,same_rank_dp_ag1,10960,1.0,1785477763536103653,1785477763536123815,53386751,1785477763589510566,53457,1785477763589457109
1,edp_ag1,1785477765257115909,232,1785477765203729158,1785477765203729158,1785477765203708996,2,55,53386751,14,2,expert_dp_param_allgather:pg=1267,1785477765257115909,0,expert_dp_param_allgather,0,1887436800,same_rank_dp_ag1,34240,1.0,1785477763536123815,1785477763536123815,53386751,1785477763589510566,0,1785477763589510566
1,edp_ag1,1785477765255645811,225,1785477765203710954,1785477765203722303,1785477765203710954,2,55,51981237,14,2,expert_dp_param_allgather:pg=1269,1785477765255703540,57729,expert_dp_param_allgather,11349,1887436800,same_rank_dp_ag1,11560,1.0,1785477763536105611,1785477763536116960,51981237,1785477763588098197,57729,1785477763588040468
1,edp_ag1,1785477765255703540,233,1785477765203722303,1785477765203722303,1785477765203710954,2,55,51981237,14,2,expert_dp_param_allgather:pg=1269,1785477765255703540,0,expert_dp_param_allgather,0,1887436800,same_rank_dp_ag1,10720,1.0,1785477763536116960,1785477763536116960,51981237,1785477763588098197,0,1785477763588098197
1,edp_ag1,1785477765256270914,226,1785477765203687896,1785477765203731721,1785477765203687896,2,55,52583203,14,2,expert_dp_param_allgather:pg=1271,1785477765256314924,44010,expert_dp_param_allgather,43825,1887436800,same_rank_dp_ag1,14360,1.0,1785477763536082553,1785477763536126378,52583203,1785477763588709581,44010,1785477763588665571
1,edp_ag1,1785477765256314924,234,1785477765203731721,1785477765203731721,1785477765203687896,2,55,52583203,14,2,expert_dp_param_allgather:pg=1271,1785477765256314924,0,expert_dp_param_allgather,0,1887436800,same_rank_dp_ag1,12880,1.0,1785477763536126378,1785477763536126378,52583203,1785477763588709581,0,1785477763588709581
1,edp_ag1,1785477765257435765,227,1785477765203752463,1785477765203789810,1785477765203752463,2,55,53720644,14,2,expert_dp_param_allgather:pg=1273,1785477765257510454,74689,expert_dp_param_allgather,37347,1887436800,same_rank_dp_ag1,49720,1.0,1785477763536147120,1785477763536184467,53720644,1785477763589905111,74689,1785477763589830422
1,edp_ag1,1785477765257510454,235,1785477765203789810,1785477765203789810,1785477765203752463,2,55,53720644,14,2,expert_dp_param_allgather:pg=1273,1785477765257510454,0,expert_dp_param_allgather,0,1887436800,same_rank_dp_ag1,92200,1.0,1785477763536184467,1785477763536184467,53720644,1785477763589905111,0,1785477763589905111
1,edp_ag1,1785477765254925166,228,1785477765203746201,1785477765203746201,1785477765203721666,2,55,51212733,14,2,expert_dp_param_allgather:pg=1275,1785477765254958934,33768,expert_dp_param_allgather,0,1887436800,same_rank_dp_ag1,54840,1.0,1785477763536140858,1785477763536140858,51212733,1785477763587353591,33768,1785477763587319823
1,edp_ag1,1785477765254958934,236,1785477765203721666,1785477765203746201,1785477765203721666,2,55,51212733,14,2,expert_dp_param_allgather:pg=1275,1785477765254958934,0,expert_dp_param_allgather,24535,1887436800,same_rank_dp_ag1,10800,1.0,1785477763536116323,1785477763536140858,51212733,1785477763587353591,0,1785477763587353591
1,edp_ag1,1785477765261683082,229,1785477765203692178,1785477765203692178,1785477765203686036,2,55,58015870,14,2,expert_dp_param_allgather:pg=1277,1785477765261708048,24966,expert_dp_param_allgather,0,1887436800,same_rank_dp_ag1,10960,1.0,1785477763536086835,1785477763536086835,58015870,1785477763594102705,24966,1785477763594077739
1,edp_ag1,1785477765261708048,237,1785477765203686036,1785477765203692178,1785477765203686036,2,55,58015870,14,2,expert_dp_param_allgather:pg=1277,1785477765261708048,0,expert_dp_param_allgather,6142,1887436800,same_rank_dp_ag1,61760,1.0,1785477763536080693,1785477763536086835,58015870,1785477763594102705,0,1785477763594102705
1,edp_ag1,1785477765259560194,230,1785477765203683339,1785477765203731198,1785477765203683339,2,55,55864200,14,2,expert_dp_param_allgather:pg=1279,1785477765259595398,35204,expert_dp_param_allgather,47859,1887436800,same_rank_dp_ag1,11000,1.0,1785477763536077996,1785477763536125855,55864200,1785477763591990055,35204,1785477763591954851
1,edp_ag1,1785477765259595398,238,1785477765203731198,1785477765203731198,1785477765203683339,2,55,55864200,14,2,expert_dp_param_allgather:pg=1279,1785477765259595398,0,expert_dp_param_allgather,0,1887436800,same_rank_dp_ag1,10720,1.0,1785477763536125855,1785477763536125855,55864200,1785477763591990055,0,1785477763591990055
1,edp_ag1,1785477765257564651,231,1785477765203700562,1785477765203723559,1785477765203700562,2,55,53841092,14,2,expert_dp_param_allgather:pg=1281,1785477765257564651,0,expert_dp_param_allgather,22997,1887436800,same_rank_dp_ag1,11000,1.0,1785477763536095219,1785477763536118216,53841092,1785477763589959308,0,1785477763589959308
1,edp_ag1,1785477765257513589,239,1785477765203723559,1785477765203723559,1785477765203700562,2,55,53841092,14,2,expert_dp_param_allgather:pg=1281,1785477765257564651,51062,expert_dp_param_allgather,0,1887436800,same_rank_dp_ag1,11480,1.0,1785477763536118216,1785477763536118216,53841092,1785477763589959308,51062,1785477763589908246
0,edp_rs,1785477754412033383,224,1785477754192969635,1785477754192969635,1785477754191073543,2,55,219063748,14,2,expert_dp_grad_reduce_scatter:pg=1267,1785477754412033383,0,expert_dp_grad_reduce_scatter,0,7549747200,same_rank_dp_rs,18303356,1.0,1785477753835005330,1785477753835005330,219063748,1785477754054069078,0,1785477754054069078
0,edp_rs,1785477754411957014,232,1785477754191073543,1785477754192969635,1785477754191073543,2,55,219063748,14,2,expert_dp_grad_reduce_scatter:pg=1267,1785477754412033383,76369,expert_dp_grad_reduce_scatter,1896092,7549747200,same_rank_dp_rs,17674842,1.0,1785477753833109238,1785477753835005330,219063748,1785477754054069078,76369,1785477754053992709
0,edp_rs,1785477754393449684,225,1785477754190937591,1785477754192316309,1785477754190937591,2,55,201133375,14,2,expert_dp_grad_reduce_scatter:pg=1269,1785477754393449684,0,expert_dp_grad_reduce_scatter,1378718,7549747200,same_rank_dp_rs,17493205,1.0,1785477753832973286,1785477753834352004,201133375,1785477754035485379,0,1785477754035485379
0,edp_rs,1785477754393407444,233,1785477754192316309,1785477754192316309,1785477754190937591,2,55,201133375,14,2,expert_dp_grad_reduce_scatter:pg=1269,1785477754393449684,42240,expert_dp_grad_reduce_scatter,0,7549747200,same_rank_dp_rs,17719921,1.0,1785477753834352004,1785477753834352004,201133375,1785477754035485379,42240,1785477754035443139
0,edp_rs,1785477754404501027,226,1785477754192135848,1785477754192834751,1785477754192135848,2,55,211709049,14,2,expert_dp_grad_reduce_scatter:pg=1271,1785477754404543800,42773,expert_dp_grad_reduce_scatter,698903,7549747200,same_rank_dp_rs,17929408,1.0,1785477753834171543,1785477753834870446,211709049,1785477754046579495,42773,1785477754046536722
0,edp_rs,1785477754404543800,234,1785477754192834751,1785477754192834751,1785477754192135848,2,55,211709049,14,2,expert_dp_grad_reduce_scatter:pg=1271,1785477754404543800,0,expert_dp_grad_reduce_scatter,0,7549747200,same_rank_dp_rs,18254409,1.0,1785477753834870446,1785477753834870446,211709049,1785477754046579495,0,1785477754046579495
0,edp_rs,1785477754401115250,227,1785477754192273083,1785477754193720615,1785477754192273083,2,55,207415913,14,2,expert_dp_grad_reduce_scatter:pg=1273,1785477754401136528,21278,expert_dp_grad_reduce_scatter,1447532,7549747200,same_rank_dp_rs,17700015,1.0,1785477753834308778,1785477753835756310,207415913,1785477754043172223,21278,1785477754043150945
0,edp_rs,1785477754401136528,235,1785477754193720615,1785477754193720615,1785477754192273083,2,55,207415913,14,2,expert_dp_grad_reduce_scatter:pg=1273,1785477754401136528,0,expert_dp_grad_reduce_scatter,0,7549747200,same_rank_dp_rs,19134149,1.0,1785477753835756310,1785477753835756310,207415913,1785477754043172223,0,1785477754043172223
0,edp_rs,1785477754398821793,228,1785477754192349347,1785477754192349347,1785477754192230063,2,55,206472446,14,2,expert_dp_grad_reduce_scatter:pg=1275,1785477754398821793,0,expert_dp_grad_reduce_scatter,0,7549747200,same_rank_dp_rs,17779537,1.0,1785477753834385042,1785477753834385042,206472446,1785477754040857488,0,1785477754040857488
0,edp_rs,1785477754398731913,236,1785477754192230063,1785477754192349347,1785477754192230063,2,55,206472446,14,2,expert_dp_grad_reduce_scatter:pg=1275,1785477754398821793,89880,expert_dp_grad_reduce_scatter,119284,7549747200,same_rank_dp_rs,17599242,1.0,1785477753834265758,1785477753834385042,206472446,1785477754040857488,89880,1785477754040767608
0,edp_rs,1785477754412067638,229,1785477754192314973,1785477754192314973,1785477754192257246,2,55,219752665,14,2,expert_dp_grad_reduce_scatter:pg=1277,1785477754412067638,0,expert_dp_grad_reduce_scatter,0,7549747200,same_rank_dp_rs,17743839,1.0,1785477753834350668,1785477753834350668,219752665,1785477754054103333,0,1785477754054103333
0,edp_rs,1785477754412012527,237,1785477754192257246,1785477754192314973,1785477754192257246,2,55,219752665,14,2,expert_dp_grad_reduce_scatter:pg=1277,1785477754412067638,55111,expert_dp_grad_reduce_scatter,57727,7549747200,same_rank_dp_rs,17907226,1.0,1785477753834292941,1785477753834350668,219752665,1785477754054103333,55111,1785477754054048222
0,edp_rs,1785477754405735836,230,1785477754192241368,1785477754192241368,1785477754192034115,2,55,213539305,14,2,expert_dp_grad_reduce_scatter:pg=1279,1785477754405780673,44837,expert_dp_grad_reduce_scatter,0,7549747200,same_rank_dp_rs,17673429,1.0,1785477753834277063,1785477753834277063,213539305,1785477754047816368,44837,1785477754047771531
0,edp_rs,1785477754405780673,238,1785477754192034115,1785477754192241368,1785477754192034115,2,55,213539305,14,2,expert_dp_grad_reduce_scatter:pg=1279,1785477754405780673,0,expert_dp_grad_reduce_scatter,207253,7549747200,same_rank_dp_rs,17701969,1.0,1785477753834069810,1785477753834277063,213539305,1785477754047816368,0,1785477754047816368
0,edp_rs,1785477754394322651,231,1785477754192544432,1785477754192544432,1785477754192169574,2,55,201848361,14,2,expert_dp_grad_reduce_scatter:pg=1281,1785477754394392793,70142,expert_dp_grad_reduce_scatter,0,7549747200,same_rank_dp_rs,17953836,1.0,1785477753834580127,1785477753834580127,201848361,1785477754036428488,70142,1785477754036358346
0,edp_rs,1785477754394392793,239,1785477754192169574,1785477754192544432,1785477754192169574,2,55,201848361,14,2,expert_dp_grad_reduce_scatter:pg=1281,1785477754394392793,0,expert_dp_grad_reduce_scatter,374858,7549747200,same_rank_dp_rs,17838856,1.0,1785477753834205269,1785477753834580127,201848361,1785477754036428488,0,1785477754036428488
0,dp_ag0,1785477765041049655,240,1785477765026906490,1785477765028170021,1785477765025599818,16,55,12895142,15,16,dp_param_allgather:pg=31,1785477765041065163,15508,dp_param_allgather,1263531,131395200,world_rs_done,30230233,1.0,1785477763359301147,1785477763360564678,12895142,1785477763373459820,15508,1785477763373444312
0,dp_ag0,1785477765041053312,241,1785477765026912773,1785477765028170021,1785477765025599818,16,55,12895142,15,16,dp_param_allgather:pg=31,1785477765041065163,11851,dp_param_allgather,1257248,131395200,world_rs_done,30236516,1.0,1785477763359307430,1785477763360564678,12895142,1785477763373459820,11851,1785477763373447969
0,dp_ag0,1785477765041047926,242,1785477765027877827,1785477765028170021,1785477765025599818,16,55,12895142,15,16,dp_param_allgather:pg=31,1785477765041065163,17237,dp_param_allgather,292194,131395200,world_rs_done,31201570,1.0,1785477763360272484,1785477763360564678,12895142,1785477763373459820,17237,1785477763373442583
0,dp_ag0,1785477765041042821,243,1785477765027722668,1785477765028170021,1785477765025599818,16,55,12895142,15,16,dp_param_allgather:pg=31,1785477765041065163,22342,dp_param_allgather,447353,131395200,world_rs_done,31046411,1.0,1785477763360117325,1785477763360564678,12895142,1785477763373459820,22342,1785477763373437478
0,dp_ag0,1785477765041051405,244,1785477765027300597,1785477765028170021,1785477765025599818,16,55,12895142,15,16,dp_param_allgather:pg=31,1785477765041065163,13758,dp_param_allgather,869424,131395200,world_rs_done,30624340,1.0,1785477763359695254,1785477763360564678,12895142,1785477763373459820,13758,1785477763373446062
0,dp_ag0,1785477765041047771,245,1785477765028170021,1785477765028170021,1785477765025599818,16,55,12895142,15,16,dp_param_allgather:pg=31,1785477765041065163,17392,dp_param_allgather,0,131395200,world_rs_done,31493764,1.0,1785477763360564678,1785477763360564678,12895142,1785477763373459820,17392,1785477763373442428
0,dp_ag0,1785477765041045627,246,1785477765027211201,1785477765028170021,1785477765025599818,16,55,12895142,15,16,dp_param_allgather:pg=31,1785477765041065163,19536,dp_param_allgather,958820,131395200,world_rs_done,30534944,1.0,1785477763359605858,1785477763360564678,12895142,1785477763373459820,19536,1785477763373440284
0,dp_ag0,1785477765040965951,247,1785477765025710093,1785477765028170021,1785477765025599818,16,55,12895142,15,16,dp_param_allgather:pg=31,1785477765041065163,99212,dp_param_allgather,2459928,131395200,world_rs_done,29033836,1.0,1785477763358104750,1785477763360564678,12895142,1785477763373459820,99212,1785477763373360608
0,dp_ag0,1785477765040964595,248,1785477765025905004,1785477765028170021,1785477765025599818,16,55,12895142,15,16,dp_param_allgather:pg=31,1785477765041065163,100568,dp_param_allgather,2265017,131395200,world_rs_done,29228747,1.0,1785477763358299661,1785477763360564678,12895142,1785477763373459820,100568,1785477763373359252
0,dp_ag0,1785477765040978165,249,1785477765025599818,1785477765028170021,1785477765025599818,16,55,12895142,15,16,dp_param_allgather:pg=31,1785477765041065163,86998,dp_param_allgather,2570203,131395200,world_rs_done,28923561,1.0,1785477763357994475,1785477763360564678,12895142,1785477763373459820,86998,1785477763373372822
0,dp_ag0,1785477765040975947,250,1785477765025812126,1785477765028170021,1785477765025599818,16,55,12895142,15,16,dp_param_allgather:pg=31,1785477765041065163,89216,dp_param_allgather,2357895,131395200,world_rs_done,29135869,1.0,1785477763358206783,1785477763360564678,12895142,1785477763373459820,89216,1785477763373370604
0,dp_ag0,1785477765041065163,251,1785477765025649334,1785477765028170021,1785477765025599818,16,55,12895142,15,16,dp_param_allgather:pg=31,1785477765041065163,0,dp_param_allgather,2520687,131395200,world_rs_done,28973077,1.0,1785477763358043991,1785477763360564678,12895142,1785477763373459820,0,1785477763373459820
0,dp_ag0,1785477765040970794,252,1785477765025831530,1785477765028170021,1785477765025599818,16,55,12895142,15,16,dp_param_allgather:pg=31,1785477765041065163,94369,dp_param_allgather,2338491,131395200,world_rs_done,29155273,1.0,1785477763358226187,1785477763360564678,12895142,1785477763373459820,94369,1785477763373365451
0,dp_ag0,1785477765040974728,253,1785477765025654450,1785477765028170021,1785477765025599818,16,55,12895142,15,16,dp_param_allgather:pg=31,1785477765041065163,90435,dp_param_allgather,2515571,131395200,world_rs_done,28978193,1.0,1785477763358049107,1785477763360564678,12895142,1785477763373459820,90435,1785477763373369385
0,dp_ag0,1785477765040969532,254,1785477765025689879,1785477765028170021,1785477765025599818,16,55,12895142,15,16,dp_param_allgather:pg=31,1785477765041065163,95631,dp_param_allgather,2480142,131395200,world_rs_done,29013622,1.0,1785477763358084536,1785477763360564678,12895142,1785477763373459820,95631,1785477763373364189
0,dp_ag0,1785477765041035147,255,1785477765025789101,1785477765028170021,1785477765025599818,16,55,12895142,15,16,dp_param_allgather:pg=31,1785477765041065163,30016,dp_param_allgather,2380920,131395200,world_rs_done,29112844,1.0,1785477763358183758,1785477763360564678,12895142,1785477763373459820,30016,1785477763373429804
1,dp_ag1,1785477765127373694,240,1785477765112898527,1785477765117069198,1785477765112712685,16,55,10510496,15,16,dp_param_allgather:pg=31,1785477765127579694,206000,dp_param_allgather,4170671,131395200,same_rank_edp_ag0,44866109,1.0,1785477763445293184,1785477763449463855,10510496,1785477763459974351,206000,1785477763459768351
1,dp_ag1,1785477765127464745,241,1785477765115444929,1785477765117069198,1785477765112712685,16,55,10510496,15,16,dp_param_allgather:pg=31,1785477765127579694,114949,dp_param_allgather,1624269,131395200,same_rank_edp_ag0,45248139,1.0,1785477763447839586,1785477763449463855,10510496,1785477763459974351,114949,1785477763459859402
1,dp_ag1,1785477765127279870,242,1785477765114912135,1785477765117069198,1785477765112712685,16,55,10510496,15,16,dp_param_allgather:pg=31,1785477765127579694,299824,dp_param_allgather,2157063,131395200,same_rank_edp_ag0,44792800,1.0,1785477763447306792,1785477763449463855,10510496,1785477763459974351,299824,1785477763459674527
1,dp_ag1,1785477765127579694,243,1785477765113215656,1785477765117069198,1785477765112712685,16,55,10510496,15,16,dp_param_allgather:pg=31,1785477765127579694,0,dp_param_allgather,3853542,131395200,same_rank_edp_ag0,45073607,1.0,1785477763445610313,1785477763449463855,10510496,1785477763459974351,0,1785477763459974351
1,dp_ag1,1785477765127373820,244,1785477765113551611,1785477765117069198,1785477765112712685,16,55,10510496,15,16,dp_param_allgather:pg=31,1785477765127579694,205874,dp_param_allgather,3517587,131395200,same_rank_edp_ag0,44945788,1.0,1785477763445946268,1785477763449463855,10510496,1785477763459974351,205874,1785477763459768477
1,dp_ag1,1785477765127317051,245,1785477765116965587,1785477765117069198,1785477765112712685,16,55,10510496,15,16,dp_param_allgather:pg=31,1785477765127579694,262643,dp_param_allgather,103611,131395200,same_rank_edp_ag0,44935224,1.0,1785477763449360244,1785477763449463855,10510496,1785477763459974351,262643,1785477763459711708
1,dp_ag1,1785477765127393438,246,1785477765112922169,1785477765117069198,1785477765112712685,16,55,10510496,15,16,dp_param_allgather:pg=31,1785477765127579694,186256,dp_param_allgather,4147029,131395200,same_rank_edp_ag0,45280815,1.0,1785477763445316826,1785477763449463855,10510496,1785477763459974351,186256,1785477763459788095
1,dp_ag1,1785477765127461383,247,1785477765112712685,1785477765117069198,1785477765112712685,16,55,10510496,15,16,dp_param_allgather:pg=31,1785477765127579694,118311,dp_param_allgather,4356513,131395200,same_rank_edp_ag0,44937214,1.0,1785477763445107342,1785477763449463855,10510496,1785477763459974351,118311,1785477763459856040
1,dp_ag1,1785477765127364735,248,1785477765113057185,1785477765117069198,1785477765112712685,16,55,10510496,15,16,dp_param_allgather:pg=31,1785477765127579694,214959,dp_param_allgather,4012013,131395200,same_rank_edp_ag0,45030094,1.0,1785477763445451842,1785477763449463855,10510496,1785477763459974351,214959,1785477763459759392
1,dp_ag1,1785477765127233637,249,1785477765115252816,1785477765117069198,1785477765112712685,16,55,10510496,15,16,dp_param_allgather:pg=31,1785477765127579694,346057,dp_param_allgather,1816382,131395200,same_rank_edp_ag0,45007319,1.0,1785477763447647473,1785477763449463855,10510496,1785477763459974351,346057,1785477763459628294
1,dp_ag1,1785477765127413455,250,1785477765115000325,1785477765117069198,1785477765112712685,16,55,10510496,15,16,dp_param_allgather:pg=31,1785477765127579694,166239,dp_param_allgather,2068873,131395200,same_rank_edp_ag0,44860180,1.0,1785477763447394982,1785477763449463855,10510496,1785477763459974351,166239,1785477763459808112
1,dp_ag1,1785477765127156847,251,1785477765113084820,1785477765117069198,1785477765112712685,16,55,10510496,15,16,dp_param_allgather:pg=31,1785477765127579694,422847,dp_param_allgather,3984378,131395200,same_rank_edp_ag0,44980725,1.0,1785477763445479477,1785477763449463855,10510496,1785477763459974351,422847,1785477763459551504
1,dp_ag1,1785477765127397930,252,1785477765113389788,1785477765117069198,1785477765112712685,16,55,10510496,15,16,dp_param_allgather:pg=31,1785477765127579694,181764,dp_param_allgather,3679410,131395200,same_rank_edp_ag0,44793150,1.0,1785477763445784445,1785477763449463855,10510496,1785477763459974351,181764,1785477763459792587
1,dp_ag1,1785477765127407744,253,1785477765117069198,1785477765117069198,1785477765112712685,16,55,10510496,15,16,dp_param_allgather:pg=31,1785477765127579694,171950,dp_param_allgather,0,131395200,same_rank_edp_ag0,45014192,1.0,1785477763449463855,1785477763449463855,10510496,1785477763459974351,171950,1785477763459802401
1,dp_ag1,1785477765127288922,254,1785477765112714470,1785477765117069198,1785477765112712685,16,55,10510496,15,16,dp_param_allgather:pg=31,1785477765127579694,290772,dp_param_allgather,4354728,131395200,same_rank_edp_ag0,45099157,1.0,1785477763445109127,1785477763449463855,10510496,1785477763459974351,290772,1785477763459683579
1,dp_ag1,1785477765127184543,255,1785477765112954977,1785477765117069198,1785477765112712685,16,55,10510496,15,16,dp_param_allgather:pg=31,1785477765127579694,395151,dp_param_allgather,4114221,131395200,same_rank_edp_ag0,45123819,1.0,1785477763445349634,1785477763449463855,10510496,1785477763459974351,395151,1785477763459579200
0,dp_rs,1785477753401052033,240,1785477753206825376,1785477753374142765,1785477753205095107,16,55,26955763,15,16,dp_grad_reduce_scatter:pg=31,1785477753401098528,46495,dp_grad_reduce_scatter,167317389,4204646400,pp_frontier,0,1.0,1785477752906482111,1785477753106348751,26955763,1785477753133304514,46495,1785477753133258019
0,dp_rs,1785477753401058541,241,1785477753206401997,1785477753374142765,1785477753205095107,16,55,26955763,15,16,dp_grad_reduce_scatter:pg=31,1785477753401098528,39987,dp_grad_reduce_scatter,167740768,4204646400,pp_frontier,0,1.0,1785477752902525353,1785477753106348751,26955763,1785477753133304514,39987,1785477753133264527
0,dp_rs,1785477753401047083,242,1785477753205809133,1785477753374142765,1785477753205095107,16,55,26955763,15,16,dp_grad_reduce_scatter:pg=31,1785477753401098528,51445,dp_grad_reduce_scatter,168333632,4204646400,pp_frontier,0,1.0,1785477752904184313,1785477753106348751,26955763,1785477753133304514,51445,1785477753133253069
0,dp_rs,1785477753401059972,243,1785477753205686340,1785477753374142765,1785477753205095107,16,55,26955763,15,16,dp_grad_reduce_scatter:pg=31,1785477753401098528,38556,dp_grad_reduce_scatter,168456425,4204646400,pp_frontier,0,1.0,1785477752906453141,1785477753106348751,26955763,1785477753133304514,38556,1785477753133265958
0,dp_rs,1785477753401056006,244,1785477753205607533,1785477753374142765,1785477753205095107,16,55,26955763,15,16,dp_grad_reduce_scatter:pg=31,1785477753401098528,42522,dp_grad_reduce_scatter,168535232,4204646400,pp_frontier,0,1.0,1785477752904157039,1785477753106348751,26955763,1785477753133304514,42522,1785477753133261992
0,dp_rs,1785477753401032687,245,1785477753205095107,1785477753374142765,1785477753205095107,16,55,26955763,15,16,dp_grad_reduce_scatter:pg=31,1785477753401098528,65841,dp_grad_reduce_scatter,169047658,4204646400,pp_frontier,0,1.0,1785477752904680129,1785477753106348751,26955763,1785477753133304514,65841,1785477753133238673
0,dp_rs,1785477753401049763,246,1785477753205565559,1785477753374142765,1785477753205095107,16,55,26955763,15,16,dp_grad_reduce_scatter:pg=31,1785477753401098528,48765,dp_grad_reduce_scatter,168577206,4204646400,pp_frontier,0,1.0,1785477752902062588,1785477753106348751,26955763,1785477753133304514,48765,1785477753133255749
0,dp_rs,1785477753401062909,247,1785477753206099438,1785477753374142765,1785477753205095107,16,55,26955763,15,16,dp_grad_reduce_scatter:pg=31,1785477753401098528,35619,dp_grad_reduce_scatter,168043327,4204646400,pp_frontier,0,1.0,1785477752902802113,1785477753106348751,26955763,1785477753133304514,35619,1785477753133268895
0,dp_rs,1785477753401092527,248,1785477753365186531,1785477753374142765,1785477753205095107,16,55,26955763,15,16,dp_grad_reduce_scatter:pg=31,1785477753401098528,6001,dp_grad_reduce_scatter,8956234,4204646400,pp_frontier,0,1.0,1785477753084009890,1785477753106348751,26955763,1785477753133304514,6001,1785477753133298513
0,dp_rs,1785477753401095050,249,1785477753374142765,1785477753374142765,1785477753205095107,16,55,26955763,15,16,dp_grad_reduce_scatter:pg=31,1785477753401098528,3478,dp_grad_reduce_scatter,0,4204646400,pp_frontier,0,1.0,1785477753106348751,1785477753106348751,26955763,1785477753133304514,3478,1785477753133301036
0,dp_rs,1785477753401098528,250,1785477753364760623,1785477753374142765,1785477753205095107,16,55,26955763,15,16,dp_grad_reduce_scatter:pg=31,1785477753401098528,0,dp_grad_reduce_scatter,9382142,4204646400,pp_frontier,0,1.0,1785477753102318191,1785477753106348751,26955763,1785477753133304514,0,1785477753133304514
0,dp_rs,1785477753401095338,251,1785477753365251549,1785477753374142765,1785477753205095107,16,55,26955763,15,16,dp_grad_reduce_scatter:pg=31,1785477753401098528,3190,dp_grad_reduce_scatter,8891216,4204646400,pp_frontier,0,1.0,1785477753104025206,1785477753106348751,26955763,1785477753133304514,3190,1785477753133301324
0,dp_rs,1785477753401083400,252,1785477753366079666,1785477753374142765,1785477753205095107,16,55,26955763,15,16,dp_grad_reduce_scatter:pg=31,1785477753401098528,15128,dp_grad_reduce_scatter,8063099,4204646400,pp_frontier,0,1.0,1785477753105401026,1785477753106348751,26955763,1785477753133304514,15128,1785477753133289386
0,dp_rs,1785477753401092957,253,1785477753366036632,1785477753374142765,1785477753205095107,16,55,26955763,15,16,dp_grad_reduce_scatter:pg=31,1785477753401098528,5571,dp_grad_reduce_scatter,8106133,4204646400,pp_frontier,0,1.0,1785477753105629684,1785477753106348751,26955763,1785477753133304514,5571,1785477753133298943
0,dp_rs,1785477753401084777,254,1785477753366427705,1785477753374142765,1785477753205095107,16,55,26955763,15,16,dp_grad_reduce_scatter:pg=31,1785477753401098528,13751,dp_grad_reduce_scatter,7715060,4204646400,pp_frontier,0,1.0,1785477753101133605,1785477753106348751,26955763,1785477753133304514,13751,1785477753133290763
0,dp_rs,1785477753400977578,255,1785477753365868101,1785477753374142765,1785477753205095107,16,55,26955763,15,16,dp_grad_reduce_scatter:pg=31,1785477753401098528,120950,dp_grad_reduce_scatter,8274664,4204646400,pp_frontier,0,1.0,1785477753101624430,1785477753106348751,26955763,1785477753133304514,120950,1785477753133183564
0,edp_ag0,1785477765068032418,240,1785477765041060295,1785477765041060295,1785477765041048955,2,55,26972123,15,2,expert_dp_param_allgather:pg=1283,1785477765068032418,0,expert_dp_param_allgather,0,943718400,same_rank_dp_ag0,10640,1.0,1785477763373454952,1785477763373454952,26972123,1785477763400427075,0,1785477763400427075
0,edp_ag0,1785477765068027091,248,1785477765041048955,1785477765041060295,1785477765041048955,2,55,26972123,15,2,expert_dp_param_allgather:pg=1283,1785477765068032418,5327,expert_dp_param_allgather,11340,943718400,same_rank_dp_ag0,84360,1.0,1785477763373443612,1785477763373454952,26972123,1785477763400427075,5327,1785477763400421748
0,edp_ag0,1785477765070196790,241,1785477765041063952,1785477765041063952,1785477765040988605,2,55,29181545,15,2,expert_dp_param_allgather:pg=1285,1785477765070245497,48707,expert_dp_param_allgather,0,943718400,same_rank_dp_ag0,10640,1.0,1785477763373458609,1785477763373458609,29181545,1785477763402640154,48707,1785477763402591447
0,edp_ag0,1785477765070245497,249,1785477765040988605,1785477765041063952,1785477765040988605,2,55,29181545,15,2,expert_dp_param_allgather:pg=1285,1785477765070245497,0,expert_dp_param_allgather,75347,943718400,same_rank_dp_ag0,10440,1.0,1785477763373383262,1785477763373458609,29181545,1785477763402640154,0,1785477763402640154
0,edp_ag0,1785477765070119335,242,1785477765041107326,1785477765041107326,1785477765040987867,2,55,29032819,15,2,expert_dp_param_allgather:pg=1287,1785477765070140145,20810,expert_dp_param_allgather,0,943718400,same_rank_dp_ag0,59400,1.0,1785477763373501983,1785477763373501983,29032819,1785477763402534802,20810,1785477763402513992
0,edp_ag0,1785477765070140145,250,1785477765040987867,1785477765041107326,1785477765040987867,2,55,29032819,15,2,expert_dp_param_allgather:pg=1287,1785477765070140145,0,expert_dp_param_allgather,119459,943718400,same_rank_dp_ag0,11920,1.0,1785477763373382524,1785477763373501983,29032819,1785477763402534802,0,1785477763402534802
0,edp_ag0,1785477765068142049,243,1785477765041156822,1785477765041156822,1785477765041076163,2,55,26985227,15,2,expert_dp_param_allgather:pg=1289,1785477765068142049,0,expert_dp_param_allgather,0,943718400,same_rank_dp_ag0,114001,1.0,1785477763373551479,1785477763373551479,26985227,1785477763400536706,0,1785477763400536706
0,edp_ag0,1785477765068104095,251,1785477765041076163,1785477765041156822,1785477765041076163,2,55,26985227,15,2,expert_dp_param_allgather:pg=1289,1785477765068142049,37954,expert_dp_param_allgather,80659,943718400,same_rank_dp_ag0,11000,1.0,1785477763373470820,1785477763373551479,26985227,1785477763400536706,37954,1785477763400498752
0,edp_ag0,1785477765068605823,244,1785477765041061965,1785477765041061965,1785477765040981594,2,55,27543858,15,2,expert_dp_param_allgather:pg=1291,1785477765068605823,0,expert_dp_param_allgather,0,943718400,same_rank_dp_ag0,10560,1.0,1785477763373456622,1785477763373456622,27543858,1785477763401000480,0,1785477763401000480
0,edp_ag0,1785477765068596638,252,1785477765040981594,1785477765041061965,1785477765040981594,2,55,27543858,15,2,expert_dp_param_allgather:pg=1291,1785477765068605823,9185,expert_dp_param_allgather,80371,943718400,same_rank_dp_ag0,10800,1.0,1785477763373376251,1785477763373456622,27543858,1785477763401000480,9185,1785477763400991295
0,edp_ag0,1785477765072030363,245,1785477765041058731,1785477765041058731,1785477765040985368,2,55,30996275,15,2,expert_dp_param_allgather:pg=1293,1785477765072055006,24643,expert_dp_param_allgather,0,943718400,same_rank_dp_ag0,10960,1.0,1785477763373453388,1785477763373453388,30996275,1785477763404449663,24643,1785477763404425020
0,edp_ag0,1785477765072055006,253,1785477765040985368,1785477765041058731,1785477765040985368,2,55,30996275,15,2,expert_dp_param_allgather:pg=1293,1785477765072055006,0,expert_dp_param_allgather,73363,943718400,same_rank_dp_ag0,10640,1.0,1785477763373380025,1785477763373453388,30996275,1785477763404449663,0,1785477763404449663
0,edp_ag0,1785477765067641354,246,1785477765041057467,1785477765041057467,1785477765040981492,2,55,26583887,15,2,expert_dp_param_allgather:pg=1295,1785477765067641354,0,expert_dp_param_allgather,0,943718400,same_rank_dp_ag0,11840,1.0,1785477763373452124,1785477763373452124,26583887,1785477763400036011,0,1785477763400036011
0,edp_ag0,1785477765067615313,254,1785477765040981492,1785477765041057467,1785477765040981492,2,55,26583887,15,2,expert_dp_param_allgather:pg=1295,1785477765067641354,26041,expert_dp_param_allgather,75975,943718400,same_rank_dp_ag0,11960,1.0,1785477763373376149,1785477763373452124,26583887,1785477763400036011,26041,1785477763400009970
0,edp_ag0,1785477765067775471,247,1785477765040976551,1785477765041046387,1785477765040976551,2,55,26784771,15,2,expert_dp_param_allgather:pg=1297,1785477765067831158,55687,expert_dp_param_allgather,69836,943718400,same_rank_dp_ag0,10600,1.0,1785477763373371208,1785477763373441044,26784771,1785477763400225815,55687,1785477763400170128
0,edp_ag0,1785477765067831158,255,1785477765041046387,1785477765041046387,1785477765040976551,2,55,26784771,15,2,expert_dp_param_allgather:pg=1297,1785477765067831158,0,expert_dp_param_allgather,0,943718400,same_rank_dp_ag0,11240,1.0,1785477763373441044,1785477763373441044,26784771,1785477763400225815,0,1785477763400225815
1,edp_ag1,1785477765154697858,240,1785477765127385614,1785477765127385614,1785477765127376695,2,55,27337817,15,2,expert_dp_param_allgather:pg=1283,1785477765154723431,25573,expert_dp_param_allgather,0,943718400,same_rank_dp_ag1,11920,1.0,1785477763459780271,1785477763459780271,27337817,1785477763487118088,25573,1785477763487092515
1,edp_ag1,1785477765154723431,248,1785477765127376695,1785477765127385614,1785477765127376695,2,55,27337817,15,2,expert_dp_param_allgather:pg=1283,1785477765154723431,0,expert_dp_param_allgather,8919,943718400,same_rank_dp_ag1,11960,1.0,1785477763459771352,1785477763459780271,27337817,1785477763487118088,0,1785477763487118088
1,edp_ag1,1785477765154089779,241,1785477765127475625,1785477765127475625,1785477765127245557,2,55,26614154,15,2,expert_dp_param_allgather:pg=1285,1785477765154089779,0,expert_dp_param_allgather,0,943718400,same_rank_dp_ag1,10880,1.0,1785477763459870282,1785477763459870282,26614154,1785477763486484436,0,1785477763486484436
1,edp_ag1,1785477765154063645,249,1785477765127245557,1785477765127475625,1785477765127245557,2,55,26614154,15,2,expert_dp_param_allgather:pg=1285,1785477765154089779,26134,expert_dp_param_allgather,230068,943718400,same_rank_dp_ag1,11920,1.0,1785477763459640214,1785477763459870282,26614154,1785477763486484436,26134,1785477763486458302
1,edp_ag1,1785477765154640352,242,1785477765127315190,1785477765127425615,1785477765127315190,2,55,27246790,15,2,expert_dp_param_allgather:pg=1287,1785477765154672405,32053,expert_dp_param_allgather,110425,943718400,same_rank_dp_ag1,35320,1.0,1785477763459709847,1785477763459820272,27246790,1785477763487067062,32053,1785477763487035009
1,edp_ag1,1785477765154672405,250,1785477765127425615,1785477765127425615,1785477765127315190,2,55,27246790,15,2,expert_dp_param_allgather:pg=1287,1785477765154672405,0,expert_dp_param_allgather,0,943718400,same_rank_dp_ag1,12160,1.0,1785477763459820272,1785477763459820272,27246790,1785477763487067062,0,1785477763487067062
1,edp_ag1,1785477765153450596,243,1785477765127590414,1785477765127590414,1785477765127168727,2,55,25893043,15,2,expert_dp_param_allgather:pg=1289,1785477765153483457,32861,expert_dp_param_allgather,0,943718400,same_rank_dp_ag1,10720,1.0,1785477763459985071,1785477763459985071,25893043,1785477763485878114,32861,1785477763485845253
1,edp_ag1,1785477765153483457,251,1785477765127168727,1785477765127590414,1785477765127168727,2,55,25893043,15,2,expert_dp_param_allgather:pg=1289,1785477765153483457,0,expert_dp_param_allgather,421687,943718400,same_rank_dp_ag1,11880,1.0,1785477763459563384,1785477763459985071,25893043,1785477763485878114,0,1785477763485878114
1,edp_ag1,1785477765156413558,244,1785477765127444580,1785477765127444580,1785477765127420090,2,55,28968978,15,2,expert_dp_param_allgather:pg=1291,1785477765156413558,0,expert_dp_param_allgather,0,943718400,same_rank_dp_ag1,70760,1.0,1785477763459839237,1785477763459839237,28968978,1785477763488808215,0,1785477763488808215
1,edp_ag1,1785477765156392536,252,1785477765127420090,1785477765127444580,1785477765127420090,2,55,28968978,15,2,expert_dp_param_allgather:pg=1291,1785477765156413558,21022,expert_dp_param_allgather,24490,943718400,same_rank_dp_ag1,22160,1.0,1785477763459814747,1785477763459839237,28968978,1785477763488808215,21022,1785477763488787193
1,edp_ag1,1785477765160804248,245,1785477765127389091,1785477765127419344,1785477765127389091,2,55,33384904,15,2,expert_dp_param_allgather:pg=1293,1785477765160804248,0,expert_dp_param_allgather,30253,943718400,same_rank_dp_ag1,72040,1.0,1785477763459783748,1785477763459814001,33384904,1785477763493198905,0,1785477763493198905
1,edp_ag1,1785477765160781867,253,1785477765127419344,1785477765127419344,1785477765127389091,2,55,33384904,15,2,expert_dp_param_allgather:pg=1293,1785477765160804248,22381,expert_dp_param_allgather,0,943718400,same_rank_dp_ag1,11600,1.0,1785477763459814001,1785477763459814001,33384904,1785477763493198905,22381,1785477763493176524
1,edp_ag1,1785477765156439576,246,1785477765127405518,1785477765127405518,1785477765127299722,2,55,29034058,15,2,expert_dp_param_allgather:pg=1295,1785477765156439576,0,expert_dp_param_allgather,0,943718400,same_rank_dp_ag1,12080,1.0,1785477763459800175,1785477763459800175,29034058,1785477763488834233,0,1785477763488834233
1,edp_ag1,1785477765155079185,254,1785477765127299722,1785477765127405518,1785477765127299722,2,55,29034058,15,2,expert_dp_param_allgather:pg=1295,1785477765156439576,1360391,expert_dp_param_allgather,105796,943718400,same_rank_dp_ag1,10800,1.0,1785477763459694379,1785477763459800175,29034058,1785477763488834233,1360391,1785477763487473842
1,edp_ag1,1785477765154307384,247,1785477765127473063,1785477765127473063,1785477765127195783,2,55,26860011,15,2,expert_dp_param_allgather:pg=1297,1785477765154333074,25690,expert_dp_param_allgather,0,943718400,same_rank_dp_ag1,11680,1.0,1785477763459867720,1785477763459867720,26860011,1785477763486727731,25690,1785477763486702041
1,edp_ag1,1785477765154333074,255,1785477765127195783,1785477765127473063,1785477765127195783,2,55,26860011,15,2,expert_dp_param_allgather:pg=1297,1785477765154333074,0,expert_dp_param_allgather,277280,943718400,same_rank_dp_ag1,11240,1.0,1785477763459590440,1785477763459867720,26860011,1785477763486727731,0,1785477763486727731
0,edp_rs,1785477753515922450,240,1785477753410195929,1785477753410195929,1785477753410138706,2,55,105726521,15,2,expert_dp_grad_reduce_scatter:pg=1283,1785477753515922450,0,expert_dp_grad_reduce_scatter,0,3774873600,same_rank_dp_rs,9143896,1.0,1785477753142401915,1785477753142401915,105726521,1785477753248128436,0,1785477753248128436
0,edp_rs,1785477753515903448,248,1785477753410138706,1785477753410195929,1785477753410138706,2,55,105726521,15,2,expert_dp_grad_reduce_scatter:pg=1283,1785477753515922450,19002,expert_dp_grad_reduce_scatter,57223,3774873600,same_rank_dp_rs,9046179,1.0,1785477753142344692,1785477753142401915,105726521,1785477753248128436,19002,1785477753248109434
0,edp_rs,1785477753515189656,241,1785477753410148153,1785477753410148153,1785477753410109225,2,55,105041503,15,2,expert_dp_grad_reduce_scatter:pg=1285,1785477753515189656,0,expert_dp_grad_reduce_scatter,0,3774873600,same_rank_dp_rs,9089612,1.0,1785477753142354139,1785477753142354139,105041503,1785477753247395642,0,1785477753247395642
0,edp_rs,1785477753515108002,249,1785477753410109225,1785477753410148153,1785477753410109225,2,55,105041503,15,2,expert_dp_grad_reduce_scatter:pg=1285,1785477753515189656,81654,expert_dp_grad_reduce_scatter,38928,3774873600,same_rank_dp_rs,9014175,1.0,1785477753142315211,1785477753142354139,105041503,1785477753247395642,81654,1785477753247313988
0,edp_rs,1785477753514282667,242,1785477753410507965,1785477753410507965,1785477753410150004,2,55,103845296,15,2,expert_dp_grad_reduce_scatter:pg=1287,1785477753514353261,70594,expert_dp_grad_reduce_scatter,0,3774873600,same_rank_dp_rs,9460882,1.0,1785477753142713951,1785477753142713951,103845296,1785477753246559247,70594,1785477753246488653
0,edp_rs,1785477753514353261,250,1785477753410150004,1785477753410507965,1785477753410150004,2,55,103845296,15,2,expert_dp_grad_reduce_scatter:pg=1287,1785477753514353261,0,expert_dp_grad_reduce_scatter,357961,3774873600,same_rank_dp_rs,9051476,1.0,1785477753142355990,1785477753142713951,103845296,1785477753246559247,0,1785477753246559247
0,edp_rs,1785477753512438343,243,1785477753410444303,1785477753410444303,1785477753410346036,2,55,101994040,15,2,expert_dp_grad_reduce_scatter:pg=1289,1785477753512438343,0,expert_dp_grad_reduce_scatter,0,3774873600,same_rank_dp_rs,9384331,1.0,1785477753142650289,1785477753142650289,101994040,1785477753244644329,0,1785477753244644329
0,edp_rs,1785477753512360752,251,1785477753410346036,1785477753410444303,1785477753410346036,2,55,101994040,15,2,expert_dp_grad_reduce_scatter:pg=1289,1785477753512438343,77591,expert_dp_grad_reduce_scatter,98267,3774873600,same_rank_dp_rs,9250698,1.0,1785477753142552022,1785477753142650289,101994040,1785477753244644329,77591,1785477753244566738
0,edp_rs,1785477753512966191,244,1785477753410247492,1785477753410554615,1785477753410247492,2,55,102496520,15,2,expert_dp_grad_reduce_scatter:pg=1291,1785477753513051135,84944,expert_dp_grad_reduce_scatter,307123,3774873600,same_rank_dp_rs,9191486,1.0,1785477753142453478,1785477753142760601,102496520,1785477753245257121,84944,1785477753245172177
0,edp_rs,1785477753513051135,252,1785477753410554615,1785477753410554615,1785477753410247492,2,55,102496520,15,2,expert_dp_grad_reduce_scatter:pg=1291,1785477753513051135,0,expert_dp_grad_reduce_scatter,0,3774873600,same_rank_dp_rs,9471215,1.0,1785477753142760601,1785477753142760601,102496520,1785477753245257121,0,1785477753245257121
0,edp_rs,1785477753516210678,245,1785477753410198789,1785477753410198789,1785477753410193499,2,55,106011889,15,2,expert_dp_grad_reduce_scatter:pg=1293,1785477753516210678,0,expert_dp_grad_reduce_scatter,0,3774873600,same_rank_dp_rs,9166102,1.0,1785477753142404775,1785477753142404775,106011889,1785477753248416664,0,1785477753248416664
0,edp_rs,1785477753516138877,253,1785477753410193499,1785477753410198789,1785477753410193499,2,55,106011889,15,2,expert_dp_grad_reduce_scatter:pg=1293,1785477753516210678,71801,expert_dp_grad_reduce_scatter,5290,3774873600,same_rank_dp_rs,9100542,1.0,1785477753142399485,1785477753142404775,106011889,1785477753248416664,71801,1785477753248344863
0,edp_rs,1785477753513370613,246,1785477753410184126,1785477753410357186,1785477753410184126,2,55,103020097,15,2,expert_dp_grad_reduce_scatter:pg=1295,1785477753513377283,6670,expert_dp_grad_reduce_scatter,173060,3774873600,same_rank_dp_rs,9134363,1.0,1785477753142390112,1785477753142563172,103020097,1785477753245583269,6670,1785477753245576599
0,edp_rs,1785477753513377283,254,1785477753410357186,1785477753410357186,1785477753410184126,2,55,103020097,15,2,expert_dp_grad_reduce_scatter:pg=1295,1785477753513377283,0,expert_dp_grad_reduce_scatter,0,3774873600,same_rank_dp_rs,9272409,1.0,1785477753142563172,1785477753142563172,103020097,1785477753245583269,0,1785477753245583269
0,edp_rs,1785477753514848900,247,1785477753410323815,1785477753410323815,1785477753410021658,2,55,104525085,15,2,expert_dp_grad_reduce_scatter:pg=1297,1785477753514848900,0,expert_dp_grad_reduce_scatter,0,3774873600,same_rank_dp_rs,9260906,1.0,1785477753142529801,1785477753142529801,104525085,1785477753247054886,0,1785477753247054886
0,edp_rs,1785477753514794771,255,1785477753410021658,1785477753410323815,1785477753410021658,2,55,104525085,15,2,expert_dp_grad_reduce_scatter:pg=1297,1785477753514848900,54129,expert_dp_grad_reduce_scatter,302157,3774873600,same_rank_dp_rs,9044080,1.0,1785477753142227644,1785477753142529801,104525085,1785477753247054886,54129,1785477753247000757
