iteration,pp_stage,behavior,kind,round,group_key,group_size,observed_ranks,actual_first_start_ns,actual_ready_ns,actual_end_ns,predicted_first_start_ns,predicted_ready_ns,predicted_end_ns,baseline_service_ns,predicted_service_ns,dependency_lag_ns_min,dependency_lag_ns_max,payload_bytes,actual_arrival_skew_ns,predicted_arrival_skew_ns,actual_group_fct_ns,predicted_group_fct_ns
55,0,dp_param_allgather,dp_ag0,0,dp_param_allgather:pg=1,16,16,1785477765026058723,1785477765026886772,1785477765038667292,1785477763358453380,1785477763359281429,1785477763371061949,11780520,11780520,29382466,30210515,148986880.0,828049,828049,12608569,12608569
55,0,dp_param_allgather,dp_ag1,1,dp_param_allgather:pg=1,16,16,1785477765074595964,1785477765077909588,1785477765089457742,1785477763406990621,1785477763410304245,1785477763421852399,11548154,11548154,22343911,23803866,148986880.0,3313624,3313624,14861778,14861778
55,0,dp_grad_reduce_scatter,dp_rs,0,dp_grad_reduce_scatter:pg=1,16,16,1785477764788594100,1785477764911530568,1785477764935213996,1785477763073520384,1785477763243925225,1785477763267608653,23683428,23683428,0,0,4767580160.0,122936468,170404841,146619896,194088269
55,0,expert_dp_param_allgather,edp_ag0,0,expert_dp_param_allgather:pg=1043,2,2,1785477765038663018,1785477765038677050,1785477765052222602,1785477763371057675,1785477763371071707,1785477763384617259,13545552,13545552,10520,17880,471859200.0,14032,14032,13559584,13559584
55,0,expert_dp_param_allgather,edp_ag0,0,expert_dp_param_allgather:pg=1045,2,2,1785477765038655294,1785477765038698088,1785477765053385486,1785477763371049951,1785477763371092745,1785477763385780143,14687398,14687398,10680,35400,471859200.0,42794,42794,14730192,14730192
55,0,expert_dp_param_allgather,edp_ag0,0,expert_dp_param_allgather:pg=1047,2,2,1785477765038655535,1785477765038660266,1785477765052383541,1785477763371050192,1785477763371054923,1785477763384778198,13723275,13723275,11080,11120,471859200.0,4731,4731,13728006,13728006
55,0,expert_dp_param_allgather,edp_ag0,0,expert_dp_param_allgather:pg=1049,2,2,1785477765038656883,1785477765038678213,1785477765051878685,1785477763371051540,1785477763371072870,1785477763384273342,13200472,13200472,10800,10921,471859200.0,21330,21330,13221802,13221802
55,0,expert_dp_param_allgather,edp_ag0,0,expert_dp_param_allgather:pg=1051,2,2,1785477765038664498,1785477765038710179,1785477765054356884,1785477763371059155,1785477763371104836,1785477763386751541,15646705,15646705,14040,60440,471859200.0,45681,45681,15692386,15692386
55,0,expert_dp_param_allgather,edp_ag0,0,expert_dp_param_allgather:pg=1053,2,2,1785477765038616888,1785477765038675158,1785477765052452401,1785477763371011545,1785477763371069815,1785477763384847058,13777243,13777243,11120,11680,471859200.0,58270,58270,13835513,13835513
55,0,expert_dp_param_allgather,edp_ag0,0,expert_dp_param_allgather:pg=1055,2,2,1785477765038653837,1785477765038667583,1785477765053241637,1785477763371048494,1785477763371062240,1785477763385636294,14574054,14574054,10880,16200,471859200.0,13746,13746,14587800,14587800
55,0,expert_dp_param_allgather,edp_ag0,0,expert_dp_param_allgather:pg=1057,2,2,1785477765038652826,1785477765038658329,1785477765052252268,1785477763371047483,1785477763371052986,1785477763384646925,13593939,13593939,10720,10960,471859200.0,5503,5503,13599442,13599442
55,0,expert_dp_param_allgather,edp_ag1,1,expert_dp_param_allgather:pg=1043,2,2,1785477765089445428,1785477765089463702,1785477765102735576,1785477763421840085,1785477763421858359,1785477763435130233,13271874,13271874,5960,10200,471859200.0,18274,18274,13290148,13290148
55,0,expert_dp_param_allgather,edp_ag1,1,expert_dp_param_allgather:pg=1045,2,2,1785477765089442022,1785477765089461155,1785477765102711887,1785477763421836679,1785477763421855812,1785477763435106544,13250732,13250732,4400,10520,471859200.0,19133,19133,13269865,13269865
55,0,expert_dp_param_allgather,edp_ag1,1,expert_dp_param_allgather:pg=1047,2,2,1785477765089442784,1785477765089470407,1785477765104056327,1785477763421837441,1785477763421865064,1785477763436450984,14585920,14585920,24840,27520,471859200.0,27623,27623,14613543,14613543
55,0,expert_dp_param_allgather,edp_ag1,1,expert_dp_param_allgather:pg=1049,2,2,1785477765089443723,1785477765089462027,1785477765103394806,1785477763421838380,1785477763421856684,1785477763435789463,13932779,13932779,4560,12920,471859200.0,18304,18304,13951083,13951083
55,0,expert_dp_param_allgather,edp_ag1,1,expert_dp_param_allgather:pg=1051,2,2,1785477765089462626,1785477765089477491,1785477765105489414,1785477763421857283,1785477763421872148,1785477763437884071,16011923,16011923,19760,21320,471859200.0,14865,14865,16026788,16026788
55,0,expert_dp_param_allgather,edp_ag1,1,expert_dp_param_allgather:pg=1053,2,2,1785477765089404729,1785477765089505916,1785477765103150402,1785477763421799386,1785477763421900573,1785477763435545059,13644486,13644486,9440,54200,471859200.0,101187,101187,13745673,13745673
55,0,expert_dp_param_allgather,edp_ag1,1,expert_dp_param_allgather:pg=1055,2,2,1785477765089414293,1785477765089449412,1785477765102589341,1785477763421808950,1785477763421844069,1785477763434983998,13139929,13139929,4480,9080,471859200.0,35119,35119,13175048,13175048
55,0,expert_dp_param_allgather,edp_ag1,1,expert_dp_param_allgather:pg=1057,2,2,1785477765089452690,1785477765089455583,1785477765104106348,1785477763421847347,1785477763421850240,1785477763436501005,14650765,14650765,9720,13600,471859200.0,2893,2893,14653658,14653658
55,0,expert_dp_grad_reduce_scatter,edp_rs,0,expert_dp_grad_reduce_scatter:pg=1043,2,2,1785477764939933722,1785477764940002953,1785477764987992838,1785477763272328379,1785477763272397610,1785477763320387495,47989885,47989885,4752649,4828732,1887436800.0,69231,69231,48059116,48059116
55,0,expert_dp_grad_reduce_scatter,edp_rs,0,expert_dp_grad_reduce_scatter:pg=1045,2,2,1785477764940031096,1785477764940091653,1785477764995972646,1785477763272425753,1785477763272486310,1785477763328367303,55880993,55880993,4877291,4901184,1887436800.0,60557,60557,55941550,55941550
55,0,expert_dp_grad_reduce_scatter,edp_rs,0,expert_dp_grad_reduce_scatter:pg=1047,2,2,1785477764940033207,1785477764940050673,1785477764994172347,1785477763272427864,1785477763272445330,1785477763326567004,54121674,54121674,4873894,4880537,1887436800.0,17466,17466,54139140,54139140
55,0,expert_dp_grad_reduce_scatter,edp_rs,0,expert_dp_grad_reduce_scatter:pg=1049,2,2,1785477764939967555,1785477764940074491,1785477764996664110,1785477763272362212,1785477763272469148,1785477763329058767,56589619,56589619,4807300,4882175,1887436800.0,106936,106936,56696555,56696555
55,0,expert_dp_grad_reduce_scatter,edp_rs,0,expert_dp_grad_reduce_scatter:pg=1051,2,2,1785477764940077959,1785477764940142358,1785477764996676257,1785477763272472616,1785477763272537015,1785477763329070914,56533899,56533899,4914171,4951033,1887436800.0,64399,64399,56598298,56598298
55,0,expert_dp_grad_reduce_scatter,edp_rs,0,expert_dp_grad_reduce_scatter:pg=1053,2,2,1785477764939921013,1785477764939948811,1785477764994268100,1785477763272315670,1785477763272343468,1785477763326662757,54319289,54319289,4734815,4795451,1887436800.0,27798,27798,54347087,54347087
55,0,expert_dp_grad_reduce_scatter,edp_rs,0,expert_dp_grad_reduce_scatter:pg=1055,2,2,1785477764939992139,1785477764940057857,1785477764996506427,1785477763272386796,1785477763272452514,1785477763328901084,56448570,56448570,4881018,4899381,1887436800.0,65718,65718,56514288,56514288
55,0,expert_dp_grad_reduce_scatter,edp_rs,0,expert_dp_grad_reduce_scatter:pg=1057,2,2,1785477764939948843,1785477764940120618,1785477764988301970,1785477763272343500,1785477763272515275,1785477763320696627,48181352,48181352,4790855,4937776,1887436800.0,171775,171775,48353127,48353127
55,1,dp_param_allgather,dp_ag0,0,dp_param_allgather:pg=3,16,16,1785477765025421845,1785477765026731264,1785477765034387481,1785477763357816502,1785477763359125921,1785477763366782138,7656217,7656217,28745588,30055007,98621440.0,1309419,1309419,8965636,8965636
55,1,dp_param_allgather,dp_ag1,1,dp_param_allgather:pg=3,16,16,1785477765173108621,1785477765181842624,1785477765189167813,1785477763505503278,1785477763514237281,1785477763521562470,7325189,7325189,86088487,88506835,98621440.0,8734003,8734003,16059192,16059192
55,1,dp_grad_reduce_scatter,dp_rs,0,dp_grad_reduce_scatter:pg=3,16,16,1785477764374804854,1785477764495891676,1785477764511535011,1785477762752521141,1785477762920618452,1785477762936261787,15643335,15643335,0,0,3155886080.0,121086822,168097311,136730157,183740646
55,1,expert_dp_param_allgather,edp_ag0,0,expert_dp_param_allgather:pg=1059,2,2,1785477765034375290,1785477765034385545,1785477765088913055,1785477763366769947,1785477763366780202,1785477763421307712,54527510,54527510,10681,38681,1887436800.0,10255,10255,54537765,54537765
55,1,expert_dp_param_allgather,edp_ag0,0,expert_dp_param_allgather:pg=1061,2,2,1785477765034356786,1785477765034390895,1785477765088439750,1785477763366751443,1785477763366785552,1785477763420834407,54048855,54048855,10720,32040,1887436800.0,34109,34109,54082964,54082964
55,1,expert_dp_param_allgather,edp_ag0,0,expert_dp_param_allgather:pg=1063,2,2,1785477765034328876,1785477765034400841,1785477765086969498,1785477763366723533,1785477763366795498,1785477763419364155,52568657,52568657,12840,13360,1887436800.0,71965,71965,52640622,52640622
55,1,expert_dp_param_allgather,edp_ag0,0,expert_dp_param_allgather:pg=1065,2,2,1785477765034365573,1785477765034392193,1785477765090062258,1785477763366760230,1785477763366786850,1785477763422456915,55670065,55670065,11400,25160,1887436800.0,26620,26620,55696685,55696685
55,1,expert_dp_param_allgather,edp_ag0,0,expert_dp_param_allgather:pg=1067,2,2,1785477765034327461,1785477765034394760,1785477765088697130,1785477763366722118,1785477763366789417,1785477763421091787,54302370,54302370,10711,11640,1887436800.0,67299,67299,54369669,54369669
55,1,expert_dp_param_allgather,edp_ag0,0,expert_dp_param_allgather:pg=1069,2,2,1785477765034296064,1785477765034386616,1785477765088651948,1785477763366690721,1785477763366781273,1785477763421046605,54265332,54265332,11120,37801,1887436800.0,90552,90552,54355884,54355884
55,1,expert_dp_param_allgather,edp_ag0,0,expert_dp_param_allgather:pg=1071,2,2,1785477765034307326,1785477765034396120,1785477765093335789,1785477763366701983,1785477763366790777,1785477763425730446,58939669,58939669,10680,13489,1887436800.0,88794,88794,59028463,59028463
55,1,expert_dp_param_allgather,edp_ag0,0,expert_dp_param_allgather:pg=1073,2,2,1785477765034371208,1785477765034400713,1785477765087648292,1785477763366765865,1785477763366795370,1785477763420042949,53247579,53247579,19160,56880,1887436800.0,29505,29505,53277084,53277084
55,1,expert_dp_param_allgather,edp_ag1,1,expert_dp_param_allgather:pg=1059,2,2,1785477765189144261,1785477765189147172,1785477765247058593,1785477763521538918,1785477763521541829,1785477763579453250,57911421,57911421,11120,11600,1887436800.0,2911,2911,57914332,57914332
55,1,expert_dp_param_allgather,edp_ag1,1,expert_dp_param_allgather:pg=1061,2,2,1785477765189109126,1785477765189176196,1785477765241407576,1785477763521503783,1785477763521570853,1785477763573802233,52231380,52231380,10720,10800,1887436800.0,67070,67070,52298450,52298450
55,1,expert_dp_param_allgather,edp_ag1,1,expert_dp_param_allgather:pg=1063,2,2,1785477765189146896,1785477765189171482,1785477765242674468,1785477763521541553,1785477763521566139,1785477763575069125,53502986,53502986,12360,33960,1887436800.0,24586,24586,53527572,53527572
55,1,expert_dp_param_allgather,edp_ag1,1,expert_dp_param_allgather:pg=1065,2,2,1785477765189131497,1785477765189200055,1785477765243663998,1785477763521526154,1785477763521594712,1785477763576058655,54463943,54463943,22600,63640,1887436800.0,68558,68558,54532501,54532501
55,1,expert_dp_param_allgather,edp_ag1,1,expert_dp_param_allgather:pg=1067,2,2,1785477765189114197,1785477765189179253,1785477765244220106,1785477763521508854,1785477763521573910,1785477763576614763,55040853,55040853,10640,11440,1887436800.0,65056,65056,55105909,55105909
55,1,expert_dp_param_allgather,edp_ag1,1,expert_dp_param_allgather:pg=1069,2,2,1785477765189091362,1785477765189180618,1785477765241719097,1785477763521486019,1785477763521575275,1785477763574113754,52538479,52538479,29520,47080,1887436800.0,89256,89256,52627735,52627735
55,1,expert_dp_param_allgather,edp_ag1,1,expert_dp_param_allgather:pg=1071,2,2,1785477765189109579,1785477765189164067,1785477765243903729,1785477763521504236,1785477763521558724,1785477763576298386,54739662,54739662,11840,15560,1887436800.0,54488,54488,54794150,54794150
55,1,expert_dp_param_allgather,edp_ag1,1,expert_dp_param_allgather:pg=1073,2,2,1785477765189115851,1785477765189201482,1785477765241584473,1785477763521510508,1785477763521596139,1785477763573979130,52382991,52382991,11680,39400,1887436800.0,85631,85631,52468622,52468622
55,1,expert_dp_grad_reduce_scatter,edp_rs,0,expert_dp_grad_reduce_scatter:pg=1059,2,2,1785477764528831299,1785477764528970694,1785477764737726003,1785477762953558075,1785477762953697470,1785477763162452779,208755309,208755309,17337706,17482983,7549747200.0,139395,139395,208894704,208894704
55,1,expert_dp_grad_reduce_scatter,edp_rs,0,expert_dp_grad_reduce_scatter:pg=1061,2,2,1785477764529061534,1785477764529219254,1785477764741462778,1785477762953788310,1785477762953946030,1785477763166189554,212243524,212243524,17530431,17737993,7549747200.0,157720,157720,212401244,212401244
55,1,expert_dp_grad_reduce_scatter,edp_rs,0,expert_dp_grad_reduce_scatter:pg=1063,2,2,1785477764528894927,1785477764529045827,1785477764739656191,1785477762953621703,1785477762953772603,1785477763164382967,210610364,210610364,17359916,17715250,7549747200.0,150900,150900,210761264,210761264
55,1,expert_dp_grad_reduce_scatter,edp_rs,0,expert_dp_grad_reduce_scatter:pg=1065,2,2,1785477764529059096,1785477764529084206,1785477764737424237,1785477762953785872,1785477762953810982,1785477763162151013,208340031,208340031,17590406,17600669,7549747200.0,25110,25110,208365141,208365141
55,1,expert_dp_grad_reduce_scatter,edp_rs,0,expert_dp_grad_reduce_scatter:pg=1067,2,2,1785477764528898832,1785477764529277143,1785477764741496474,1785477762953625608,1785477762954003919,1785477763166223250,212219331,212219331,17385823,17772775,7549747200.0,378311,378311,212597642,212597642
55,1,expert_dp_grad_reduce_scatter,edp_rs,0,expert_dp_grad_reduce_scatter:pg=1069,2,2,1785477764528965175,1785477764528972222,1785477764736562412,1785477762953691951,1785477762953698998,1785477763161289188,207590190,207590190,17497540,17579320,7549747200.0,7047,7047,207597237,207597237
55,1,expert_dp_grad_reduce_scatter,edp_rs,0,expert_dp_grad_reduce_scatter:pg=1071,2,2,1785477764528950047,1785477764529473165,1785477764744234258,1785477762953676823,1785477762954199941,1785477763168961034,214761093,214761093,17585873,17954684,7549747200.0,523118,523118,215284211,215284211
55,1,expert_dp_grad_reduce_scatter,edp_rs,0,expert_dp_grad_reduce_scatter:pg=1073,2,2,1785477764529193761,1785477764529316858,1785477764738651189,1785477762953920537,1785477762954043634,1785477763163377965,209334331,209334331,17690125,17810472,7549747200.0,123097,123097,209457428,209457428
55,2,dp_param_allgather,dp_ag0,0,dp_param_allgather:pg=5,16,16,1785477765025502132,1785477765026724641,1785477765034191236,1785477763357896789,1785477763359119298,1785477763366585893,7466595,7466595,28825875,30048384,98621440.0,1222509,1222509,8689104,8689104
55,2,dp_param_allgather,dp_ag1,1,dp_param_allgather:pg=5,16,16,1785477765174971399,1785477765180593132,1785477765188225326,1785477763507366056,1785477763512987789,1785477763520619983,7632194,7632194,86355847,88582927,98621440.0,5621733,5621733,13253927,13253927
55,2,dp_grad_reduce_scatter,dp_rs,0,dp_grad_reduce_scatter:pg=5,16,16,1785477763552431370,1785477763669752962,1785477763685286924,1785477762025012564,1785477762190785940,1785477762206319902,15533962,15533962,0,0,3155886080.0,117321592,165773376,132855554,181307338
55,2,expert_dp_param_allgather,edp_ag0,0,expert_dp_param_allgather:pg=1075,2,2,1785477765034191927,1785477765034232476,1785477765088615552,1785477763366586584,1785477763366627133,1785477763421010209,54383076,54383076,10880,75720,1887436800.0,40549,40549,54423625,54423625
55,2,expert_dp_param_allgather,edp_ag0,0,expert_dp_param_allgather:pg=1077,2,2,1785477765034173855,1785477765034184632,1785477765088611406,1785477763366568512,1785477763366579289,1785477763421006063,54426774,54426774,11320,22600,1887436800.0,10777,10777,54437551,54437551
55,2,expert_dp_param_allgather,edp_ag0,0,expert_dp_param_allgather:pg=1079,2,2,1785477765034099264,1785477765034217741,1785477765088742732,1785477763366493921,1785477763366612398,1785477763421137389,54524991,54524991,10645,33240,1887436800.0,118477,118477,54643468,54643468
55,2,expert_dp_param_allgather,edp_ag0,0,expert_dp_param_allgather:pg=1081,2,2,1785477765034115075,1785477765034207036,1785477765092844710,1785477763366509732,1785477763366601693,1785477763425239367,58637674,58637674,15800,31120,1887436800.0,91961,91961,58729635,58729635
55,2,expert_dp_param_allgather,edp_ag0,0,expert_dp_param_allgather:pg=1083,2,2,1785477765034109629,1785477765034198836,1785477765088994010,1785477763366504286,1785477763366593493,1785477763421388667,54795174,54795174,10560,10720,1887436800.0,89207,89207,54884381,54884381
55,2,expert_dp_param_allgather,edp_ag0,0,expert_dp_param_allgather:pg=1085,2,2,1785477765034186977,1785477765034229495,1785477765092586824,1785477763366581634,1785477763366624152,1785477763424981481,58357329,58357329,11994,85840,1887436800.0,42518,42518,58399847,58399847
55,2,expert_dp_param_allgather,edp_ag0,0,expert_dp_param_allgather:pg=1087,2,2,1785477765034156816,1785477765034201614,1785477765090069776,1785477763366551473,1785477763366596271,1785477763422464433,55868162,55868162,10618,11600,1887436800.0,44798,44798,55912960,55912960
55,2,expert_dp_param_allgather,edp_ag0,0,expert_dp_param_allgather:pg=1089,2,2,1785477765034147698,1785477765034168354,1785477765087743667,1785477763366542355,1785477763366563011,1785477763420138324,53575313,53575313,16448,18720,1887436800.0,20656,20656,53595969,53595969
55,2,expert_dp_param_allgather,edp_ag1,1,expert_dp_param_allgather:pg=1075,2,2,1785477765188173025,1785477765188222301,1785477765242722277,1785477763520567682,1785477763520616958,1785477763575116934,54499976,54499976,11000,13040,1887436800.0,49276,49276,54549252,54549252
55,2,expert_dp_param_allgather,edp_ag1,1,expert_dp_param_allgather:pg=1077,2,2,1785477765188189452,1785477765188230883,1785477765241413263,1785477763520584109,1785477763520625540,1785477763573807920,53182380,53182380,10600,11160,1887436800.0,41431,41431,53223811,53223811
55,2,expert_dp_param_allgather,edp_ag1,1,expert_dp_param_allgather:pg=1079,2,2,1785477765188170581,1785477765188261436,1785477765242019544,1785477763520565238,1785477763520656093,1785477763574414201,53758108,53758108,10920,48160,1887436800.0,90855,90855,53848963,53848963
55,2,expert_dp_param_allgather,edp_ag1,1,expert_dp_param_allgather:pg=1081,2,2,1785477765188168555,1785477765188271706,1785477765240399799,1785477763520563212,1785477763520666363,1785477763572794456,52128093,52128093,10880,64321,1887436800.0,103151,103151,52231244,52231244
55,2,expert_dp_param_allgather,edp_ag1,1,expert_dp_param_allgather:pg=1083,2,2,1785477765188176329,1785477765188246354,1785477765242088144,1785477763520570986,1785477763520641011,1785477763574482801,53841790,53841790,10720,33609,1887436800.0,70025,70025,53911815,53911815
55,2,expert_dp_param_allgather,edp_ag1,1,expert_dp_param_allgather:pg=1085,2,2,1785477765188204616,1785477765188270230,1785477765241502533,1785477763520599273,1785477763520664887,1785477763573897190,53232303,53232303,14680,56480,1887436800.0,65614,65614,53297917,53297917
55,2,expert_dp_param_allgather,edp_ag1,1,expert_dp_param_allgather:pg=1087,2,2,1785477765188214031,1785477765188271296,1785477765240319975,1785477763520608688,1785477763520665953,1785477763572714632,52048679,52048679,12040,55400,1887436800.0,57265,57265,52105944,52105944
55,2,expert_dp_param_allgather,edp_ag1,1,expert_dp_param_allgather:pg=1089,2,2,1785477765188172304,1785477765188243206,1785477765244460172,1785477763520566961,1785477763520637863,1785477763576854829,56216966,56216966,11520,17880,1887436800.0,70902,70902,56287868,56287868
55,2,expert_dp_grad_reduce_scatter,edp_rs,0,expert_dp_grad_reduce_scatter:pg=1075,2,2,1785477763702676726,1785477763702784677,1785477763905895886,1785477762223709704,1785477762223817655,1785477762426928864,203111209,203111209,17439057,17532996,7549747200.0,107951,107951,203219160,203219160
55,2,expert_dp_grad_reduce_scatter,edp_rs,0,expert_dp_grad_reduce_scatter:pg=1077,2,2,1785477763702776971,1785477763702908767,1785477763914267744,1785477762223809949,1785477762223941745,1785477762435300722,211358977,211358977,17598445,17646230,7549747200.0,131796,131796,211490773,211490773
55,2,expert_dp_grad_reduce_scatter,edp_rs,0,expert_dp_grad_reduce_scatter:pg=1079,2,2,1785477763702872569,1785477763702987235,1785477763913121707,1785477762223905547,1785477762224020213,1785477762434154685,210134472,210134472,17635181,17702679,7549747200.0,114666,114666,210249138,210249138
55,2,expert_dp_grad_reduce_scatter,edp_rs,0,expert_dp_grad_reduce_scatter:pg=1081,2,2,1785477763702835016,1785477763702950435,1785477763914378120,1785477762223867994,1785477762223983413,1785477762435411098,211427685,211427685,17611725,17677390,7549747200.0,115419,115419,211543104,211543104
55,2,expert_dp_grad_reduce_scatter,edp_rs,0,expert_dp_grad_reduce_scatter:pg=1083,2,2,1785477763702861193,1785477763703271336,1785477763913402385,1785477762223894171,1785477762224304314,1785477762434435363,210131049,210131049,17605504,18064185,7549747200.0,410143,410143,210541192,210541192
55,2,expert_dp_grad_reduce_scatter,edp_rs,0,expert_dp_grad_reduce_scatter:pg=1085,2,2,1785477763702920446,1785477763703009968,1785477763915451587,1785477762223953424,1785477762224042946,1785477762436484565,212441619,212441619,17752289,17753088,7549747200.0,89522,89522,212531141,212531141
55,2,expert_dp_grad_reduce_scatter,edp_rs,0,expert_dp_grad_reduce_scatter:pg=1087,2,2,1785477763702765509,1785477763702787491,1785477763911848259,1785477762223798487,1785477762223820469,1785477762432881237,209060768,209060768,17507295,17617012,7549747200.0,21982,21982,209082750,209082750
55,2,expert_dp_grad_reduce_scatter,edp_rs,0,expert_dp_grad_reduce_scatter:pg=1089,2,2,1785477763702788888,1785477763702871761,1785477763913824697,1785477762223821866,1785477762223904739,1785477762434857675,210952936,210952936,17555274,17584837,7549747200.0,82873,82873,211035809,211035809
55,3,dp_param_allgather,dp_ag0,0,dp_param_allgather:pg=7,16,16,1785477765025299474,1785477765027023381,1785477765034526186,1785477763357694131,1785477763359418038,1785477763366920843,7502805,7502805,28623217,30347124,98621440.0,1723907,1723907,9226712,9226712
55,3,dp_param_allgather,dp_ag1,1,dp_param_allgather:pg=7,16,16,1785477765174883871,1785477765184697436,1785477765192071543,1785477763507278528,1785477763517092093,1785477763524466200,7374107,7374107,86659784,88615491,98621440.0,9813565,9813565,17187672,17187672
55,3,dp_grad_reduce_scatter,dp_rs,0,dp_grad_reduce_scatter:pg=7,16,16,1785477762734479230,1785477762865729728,1785477762881695285,1785477761300256251,1785477761480240077,1785477761496205634,15965557,15965557,0,0,3155886080.0,131250498,179983826,147216055,195949383
55,3,expert_dp_param_allgather,edp_ag0,0,expert_dp_param_allgather:pg=1091,2,2,1785477765034482095,1785477765034577567,1785477765088276844,1785477763366876752,1785477763366972224,1785477763420671501,53699277,53699277,10600,59841,1887436800.0,95472,95472,53794749,53794749
55,3,expert_dp_param_allgather,edp_ag0,0,expert_dp_param_allgather:pg=1093,2,2,1785477765034493141,1785477765034523347,1785477765096453306,1785477763366887798,1785477763366918004,1785477763428847963,61929959,61929959,10520,10560,1887436800.0,30206,30206,61960165,61960165
55,3,expert_dp_param_allgather,edp_ag0,0,expert_dp_param_allgather:pg=1095,2,2,1785477765034512806,1785477765034533717,1785477765088380819,1785477763366907463,1785477763366928374,1785477763420775476,53847102,53847102,46360,47400,1887436800.0,20911,20911,53868013,53868013
55,3,expert_dp_param_allgather,edp_ag0,0,expert_dp_param_allgather:pg=1097,2,2,1785477765034513750,1785477765034527031,1785477765088361463,1785477763366908407,1785477763366921688,1785477763420756120,53834432,53834432,10800,38760,1887436800.0,13281,13281,53847713,53847713
55,3,expert_dp_param_allgather,edp_ag0,0,expert_dp_param_allgather:pg=1099,2,2,1785477765034490814,1785477765034505381,1785477765088441974,1785477763366885471,1785477763366900038,1785477763420836631,53936593,53936593,10640,11200,1887436800.0,14567,14567,53951160,53951160
55,3,expert_dp_param_allgather,edp_ag0,0,expert_dp_param_allgather:pg=1101,2,2,1785477765034517109,1785477765034541026,1785477765096908894,1785477763366911766,1785477763366935683,1785477763429303551,62367868,62367868,14840,75401,1887436800.0,23917,23917,62391785,62391785
55,3,expert_dp_param_allgather,edp_ag0,0,expert_dp_param_allgather:pg=1103,2,2,1785477765034497827,1785477765034516874,1785477765088735677,1785477763366892484,1785477763366911531,1785477763421130334,54218803,54218803,10500,60960,1887436800.0,19047,19047,54237850,54237850
55,3,expert_dp_param_allgather,edp_ag0,0,expert_dp_param_allgather:pg=1105,2,2,1785477765034482734,1785477765034497624,1785477765088053486,1785477763366877391,1785477763366892281,1785477763420448143,53555862,53555862,10920,14721,1887436800.0,14890,14890,53570752,53570752
55,3,expert_dp_param_allgather,edp_ag1,1,expert_dp_param_allgather:pg=1091,2,2,1785477765192042999,1785477765192131235,1785477765244656591,1785477763524437656,1785477763524525892,1785477763577051248,52525356,52525356,35080,61720,1887436800.0,88236,88236,52613592,52613592
55,3,expert_dp_param_allgather,edp_ag1,1,expert_dp_param_allgather:pg=1093,2,2,1785477765192030231,1785477765192061923,1785477765253907082,1785477763524424888,1785477763524456580,1785477763586301739,61845159,61845159,10720,20480,1887436800.0,31692,31692,61876851,61876851
55,3,expert_dp_param_allgather,edp_ag1,1,expert_dp_param_allgather:pg=1095,2,2,1785477765192019914,1785477765192105343,1785477765245063191,1785477763524414571,1785477763524500000,1785477763577457848,52957848,52957848,14040,33800,1887436800.0,85429,85429,53043277,53043277
55,3,expert_dp_param_allgather,edp_ag1,1,expert_dp_param_allgather:pg=1097,2,2,1785477765192035317,1785477765192046203,1785477765244312905,1785477763524429974,1785477763524440860,1785477763576707562,52266702,52266702,12040,12120,1887436800.0,10886,10886,52277588,52277588
55,3,expert_dp_param_allgather,edp_ag1,1,expert_dp_param_allgather:pg=1099,2,2,1785477765192002670,1785477765192057908,1785477765246185822,1785477763524397327,1785477763524452565,1785477763578580479,54127914,54127914,11160,21237,1887436800.0,55238,55238,54183152,54183152
55,3,expert_dp_param_allgather,edp_ag1,1,expert_dp_param_allgather:pg=1101,2,2,1785477765192080076,1785477765192114489,1785477765254078865,1785477763524474733,1785477763524509146,1785477763586473522,61964376,61964376,21000,99081,1887436800.0,34413,34413,61998789,61998789
55,3,expert_dp_param_allgather,edp_ag1,1,expert_dp_param_allgather:pg=1103,2,2,1785477765192034649,1785477765192141866,1785477765244160655,1785477763524429306,1785477763524536523,1785477763576555312,52018789,52018789,10680,118720,1887436800.0,107217,107217,52126006,52126006
55,3,expert_dp_param_allgather,edp_ag1,1,expert_dp_param_allgather:pg=1105,2,2,1785477765192028772,1785477765192081530,1785477765244183716,1785477763524423429,1785477763524476187,1785477763576578373,52102186,52102186,11840,53480,1887436800.0,52758,52758,52154944,52154944
55,3,expert_dp_grad_reduce_scatter,edp_rs,0,expert_dp_grad_reduce_scatter:pg=1091,2,2,1785477762898932824,1785477762899480154,1785477763107364205,1785477761513443173,1785477761513990503,1785477761721874554,207884051,207884051,17357706,17884757,7549747200.0,547330,547330,208431381,208431381
55,3,expert_dp_grad_reduce_scatter,edp_rs,0,expert_dp_grad_reduce_scatter:pg=1093,2,2,1785477762899309546,1785477762899451553,1785477763117239759,1785477761513819895,1785477761513961902,1785477761731750108,217788206,217788206,17716610,17756268,7549747200.0,142007,142007,217930213,217930213
55,3,expert_dp_grad_reduce_scatter,edp_rs,0,expert_dp_grad_reduce_scatter:pg=1095,2,2,1785477762899354749,1785477762899707959,1785477763107607194,1785477761513865098,1785477761514218308,1785477761722117543,207899235,207899235,17744468,18063534,7549747200.0,353210,353210,208252445,208252445
55,3,expert_dp_grad_reduce_scatter,edp_rs,0,expert_dp_grad_reduce_scatter:pg=1097,2,2,1785477762899246872,1785477762899512664,1785477763125871220,1785477761513757221,1785477761514023013,1785477761740381569,226358556,226358556,17641428,17889732,7549747200.0,265792,265792,226624348,226624348
55,3,expert_dp_grad_reduce_scatter,edp_rs,0,expert_dp_grad_reduce_scatter:pg=1099,2,2,1785477762899264677,1785477762899428835,1785477763107887982,1785477761513775026,1785477761513939184,1785477761722398331,208459147,208459147,17622209,17856520,7549747200.0,164158,164158,208623305,208623305
55,3,expert_dp_grad_reduce_scatter,edp_rs,0,expert_dp_grad_reduce_scatter:pg=1101,2,2,1785477762899553764,1785477762899618726,1785477763108874395,1785477761514064113,1785477761514129075,1785477761723384744,209255669,209255669,17973830,18013639,7549747200.0,64962,64962,209320631,209320631
55,3,expert_dp_grad_reduce_scatter,edp_rs,0,expert_dp_grad_reduce_scatter:pg=1103,2,2,1785477762899155619,1785477762899239382,1785477763107247909,1785477761513665968,1785477761513749731,1785477761721758258,208008527,208008527,17464701,17625980,7549747200.0,83763,83763,208092290,208092290
55,3,expert_dp_grad_reduce_scatter,edp_rs,0,expert_dp_grad_reduce_scatter:pg=1105,2,2,1785477762899245226,1785477762900035776,1785477763112014817,1785477761513755575,1785477761514546125,1785477761726525166,211979041,211979041,17624542,18434984,7549747200.0,790550,790550,212769591,212769591
55,4,dp_param_allgather,dp_ag0,0,dp_param_allgather:pg=9,16,16,1785477765025299355,1785477765026338702,1785477765033854674,1785477763357694012,1785477763358733359,1785477763366249331,7515972,7515972,28623098,29662445,98621440.0,1039347,1039347,8555319,8555319
55,4,dp_param_allgather,dp_ag1,1,dp_param_allgather:pg=9,16,16,1785477765173077044,1785477765183362497,1785477765190727850,1785477763505471701,1785477763515757154,1785477763523122507,7365353,7365353,86075012,88509012,98621440.0,10285453,10285453,17650806,17650806
55,4,dp_grad_reduce_scatter,dp_rs,0,dp_grad_reduce_scatter:pg=9,16,16,1785477761918236118,1785477762075080914,1785477762090764977,1785477760576508238,1785477760782395035,1785477760798079098,15684063,15684063,0,0,3155886080.0,156844796,205886797,172528859,221570860
55,4,expert_dp_param_allgather,edp_ag0,0,expert_dp_param_allgather:pg=1107,2,2,1785477765033798280,1785477765033856786,1785477765086384552,1785477763366192937,1785477763366251443,1785477763418779209,52527766,52527766,10560,85799,1887436800.0,58506,58506,52586272,52586272
55,4,expert_dp_param_allgather,edp_ag0,0,expert_dp_param_allgather:pg=1109,2,2,1785477765033790316,1785477765033862468,1785477765086168649,1785477763366184973,1785477763366257125,1785477763418563306,52306181,52306181,10328,11241,1887436800.0,72152,72152,52378333,52378333
55,4,expert_dp_param_allgather,edp_ag0,0,expert_dp_param_allgather:pg=1111,2,2,1785477765033773879,1785477765033867806,1785477765087527079,1785477763366168536,1785477763366262463,1785477763419921736,53659273,53659273,13132,37560,1887436800.0,93927,93927,53753200,53753200
55,4,expert_dp_param_allgather,edp_ag0,0,expert_dp_param_allgather:pg=1113,2,2,1785477765033812266,1785477765033841897,1785477765089380586,1785477763366206923,1785477763366236554,1785477763421775243,55538689,55538689,11000,56640,1887436800.0,29631,29631,55568320,55568320
55,4,expert_dp_param_allgather,edp_ag0,0,expert_dp_param_allgather:pg=1115,2,2,1785477765033779286,1785477765033911470,1785477765087513610,1785477763366173943,1785477763366306127,1785477763419908267,53602140,53602140,10200,58960,1887436800.0,132184,132184,53734324,53734324
55,4,expert_dp_param_allgather,edp_ag0,0,expert_dp_param_allgather:pg=1117,2,2,1785477765033788567,1785477765033798408,1785477765095869513,1785477763366183224,1785477763366193065,1785477763428264170,62071105,62071105,11960,13320,1887436800.0,9841,9841,62080946,62080946
55,4,expert_dp_param_allgather,edp_ag0,0,expert_dp_param_allgather:pg=1119,2,2,1785477765033753408,1785477765033868465,1785477765088814421,1785477763366148065,1785477763366263122,1785477763421209078,54945956,54945956,12440,23640,1887436800.0,115057,115057,55061013,55061013
55,4,expert_dp_param_allgather,edp_ag0,0,expert_dp_param_allgather:pg=1121,2,2,1785477765033750783,1785477765033863423,1785477765087002032,1785477763366145440,1785477763366258080,1785477763419396689,53138609,53138609,13240,13760,1887436800.0,112640,112640,53251249,53251249
55,4,expert_dp_param_allgather,edp_ag1,1,expert_dp_param_allgather:pg=1107,2,2,1785477765190700095,1785477765190724128,1785477765244436368,1785477763523094752,1785477763523118785,1785477763576831025,53712240,53712240,11320,37960,1887436800.0,24033,24033,53736273,53736273
55,4,expert_dp_param_allgather,edp_ag1,1,expert_dp_param_allgather:pg=1109,2,2,1785477765190709691,1785477765190714579,1785477765244386760,1785477763523104348,1785477763523109236,1785477763576781417,53672181,53672181,23378,60920,1887436800.0,4888,4888,53677069,53677069
55,4,expert_dp_param_allgather,edp_ag1,1,expert_dp_param_allgather:pg=1111,2,2,1785477765190679177,1785477765190697593,1785477765242616647,1785477763523073834,1785477763523092250,1785477763575011304,51919054,51919054,10640,34160,1887436800.0,18416,18416,51937470,51937470
55,4,expert_dp_param_allgather,edp_ag1,1,expert_dp_param_allgather:pg=1113,2,2,1785477765190691489,1785477765190738938,1785477765244405642,1785477763523086146,1785477763523133595,1785477763576800299,53666704,53666704,10560,12240,1887436800.0,47449,47449,53714153,53714153
55,4,expert_dp_param_allgather,edp_ag1,1,expert_dp_param_allgather:pg=1115,2,2,1785477765190652818,1785477765190706418,1785477765244161159,1785477763523047475,1785477763523101075,1785477763576555816,53454741,53454741,11000,21601,1887436800.0,53600,53600,53508341,53508341
55,4,expert_dp_param_allgather,edp_ag1,1,expert_dp_param_allgather:pg=1117,2,2,1785477765190706223,1785477765190738610,1785477765242702225,1785477763523100880,1785477763523133267,1785477763575096882,51963615,51963615,10760,12041,1887436800.0,32387,32387,51996002,51996002
55,4,expert_dp_param_allgather,edp_ag1,1,expert_dp_param_allgather:pg=1119,2,2,1785477765190616350,1785477765190732941,1785477765243567652,1785477763523011007,1785477763523127598,1785477763575962309,52834711,52834711,10640,10760,1887436800.0,116591,116591,52951302,52951302
55,4,expert_dp_param_allgather,edp_ag1,1,expert_dp_param_allgather:pg=1121,2,2,1785477765190707350,1785477765190731170,1785477765241697831,1785477763523102007,1785477763523125827,1785477763574092488,50966661,50966661,10840,11240,1887436800.0,23820,23820,50990481,50990481
55,4,expert_dp_grad_reduce_scatter,edp_rs,0,expert_dp_grad_reduce_scatter:pg=1107,2,2,1785477762108108410,1785477762108154642,1785477762312615963,1785477760815422531,1785477760815468763,1785477761019930084,204461321,204461321,17380797,17405839,7549747200.0,46232,46232,204507553,204507553
55,4,expert_dp_grad_reduce_scatter,edp_rs,0,expert_dp_grad_reduce_scatter:pg=1109,2,2,1785477762107990460,1785477762108440984,1785477762299242910,1785477760815304581,1785477760815755105,1785477761006557031,190801926,190801926,17326812,17699436,7549747200.0,450524,450524,191252450,191252450
55,4,expert_dp_grad_reduce_scatter,edp_rs,0,expert_dp_grad_reduce_scatter:pg=1111,2,2,1785477762107958400,1785477762108347216,1785477762315656728,1785477760815272521,1785477760815661337,1785477761022970849,207309512,207309512,17330674,17601616,7549747200.0,388816,388816,207698328,207698328
55,4,expert_dp_grad_reduce_scatter,edp_rs,0,expert_dp_grad_reduce_scatter:pg=1113,2,2,1785477762108247255,1785477762110150440,1785477762316070135,1785477760815561376,1785477760817464561,1785477761023384256,205919695,205919695,17551980,19462450,7549747200.0,1903185,1903185,207822880,207822880
55,4,expert_dp_grad_reduce_scatter,edp_rs,0,expert_dp_grad_reduce_scatter:pg=1115,2,2,1785477762108224454,1785477762108292724,1785477762322375084,1785477760815538575,1785477760815606845,1785477761029689205,214082360,214082360,17603746,17613677,7549747200.0,68270,68270,214150630,214150630
55,4,expert_dp_grad_reduce_scatter,edp_rs,0,expert_dp_grad_reduce_scatter:pg=1117,2,2,1785477762108109763,1785477762108339156,1785477762315926408,1785477760815423884,1785477760815653277,1785477761023240529,207587252,207587252,17378474,17701472,7549747200.0,229393,229393,207816645,207816645
55,4,expert_dp_grad_reduce_scatter,edp_rs,0,expert_dp_grad_reduce_scatter:pg=1119,2,2,1785477762107919443,1785477762108416087,1785477762298021015,1785477760815233564,1785477760815730208,1785477761005335136,189604928,189604928,17280223,17715033,7549747200.0,496644,496644,190101572,190101572
55,4,expert_dp_grad_reduce_scatter,edp_rs,0,expert_dp_grad_reduce_scatter:pg=1121,2,2,1785477762108204985,1785477762108238101,1785477762328445587,1785477760815519106,1785477760815552222,1785477761035759708,220207486,220207486,17473124,17555834,7549747200.0,33116,33116,220240602,220240602
55,5,dp_param_allgather,dp_ag0,0,dp_param_allgather:pg=11,16,16,1785477765025243347,1785477765026369266,1785477765034191242,1785477763357638004,1785477763358763923,1785477763366585899,7821976,7821976,28567090,29693009,98621440.0,1125919,1125919,8947895,8947895
55,5,dp_param_allgather,dp_ag1,1,dp_param_allgather:pg=11,16,16,1785477765173296235,1785477765180362162,1785477765187864064,1785477763505690892,1785477763512756819,1785477763520258721,7501902,7501902,86087484,88283200,98621440.0,7065927,7065927,14567829,14567829
55,5,dp_grad_reduce_scatter,dp_rs,0,dp_grad_reduce_scatter:pg=11,16,16,1785477761095609523,1785477761277103348,1785477761292899008,1785477759849684661,1785477760078580039,1785477760094375699,15795660,15795660,0,0,3155886080.0,181493825,228895378,197289485,244691038
55,5,expert_dp_param_allgather,edp_ag0,0,expert_dp_param_allgather:pg=1123,2,2,1785477765034146191,1785477765034191578,1785477765087997737,1785477763366540848,1785477763366586235,1785477763420392394,53806159,53806159,10920,26280,1887436800.0,45387,45387,53851546,53851546
55,5,expert_dp_param_allgather,edp_ag0,0,expert_dp_param_allgather:pg=1125,2,2,1785477765034134858,1785477765034201802,1785477765089362320,1785477763366529515,1785477763366596459,1785477763421756977,55160518,55160518,10560,11080,1887436800.0,66944,66944,55227462,55227462
55,5,expert_dp_param_allgather,edp_ag0,0,expert_dp_param_allgather:pg=1127,2,2,1785477765034093364,1785477765034193032,1785477765087889632,1785477763366488021,1785477763366587689,1785477763420284289,53696600,53696600,10760,10880,1887436800.0,99668,99668,53796268,53796268
55,5,expert_dp_param_allgather,edp_ag0,0,expert_dp_param_allgather:pg=1129,2,2,1785477765034144466,1785477765034176352,1785477765088517993,1785477763366539123,1785477763366571009,1785477763420912650,54341641,54341641,10680,12400,1887436800.0,31886,31886,54373527,54373527
55,5,expert_dp_param_allgather,edp_ag0,0,expert_dp_param_allgather:pg=1131,2,2,1785477765034129391,1785477765034199443,1785477765086155064,1785477763366524048,1785477763366594100,1785477763418549721,51955621,51955621,11960,12080,1887436800.0,70052,70052,52025673,52025673
55,5,expert_dp_param_allgather,edp_ag0,0,expert_dp_param_allgather:pg=1133,2,2,1785477765034131183,1785477765034179116,1785477765088563251,1785477763366525840,1785477763366573773,1785477763420957908,54384135,54384135,13080,15160,1887436800.0,47933,47933,54432068,54432068
55,5,expert_dp_param_allgather,edp_ag0,0,expert_dp_param_allgather:pg=1135,2,2,1785477765034091292,1785477765034231297,1785477765087433266,1785477763366485949,1785477763366625954,1785477763419827923,53201969,53201969,10720,46480,1887436800.0,140005,140005,53341974,53341974
55,5,expert_dp_param_allgather,edp_ag0,0,expert_dp_param_allgather:pg=1137,2,2,1785477765034094144,1785477765034203719,1785477765092501736,1785477763366488801,1785477763366598376,1785477763424896393,58298017,58298017,10961,12840,1887436800.0,109575,109575,58407592,58407592
55,5,expert_dp_param_allgather,edp_ag1,1,expert_dp_param_allgather:pg=1123,2,2,1785477765187801791,1785477765187823170,1785477765241638569,1785477763520196448,1785477763520217827,1785477763574033226,53815399,53815399,11160,11320,1887436800.0,21379,21379,53836778,53836778
55,5,expert_dp_param_allgather,edp_ag1,1,expert_dp_param_allgather:pg=1125,2,2,1785477765187767857,1785477765187879547,1785477765240743936,1785477763520162514,1785477763520274204,1785477763573138593,52864389,52864389,11200,48200,1887436800.0,111690,111690,52976079,52976079
55,5,expert_dp_param_allgather,edp_ag1,1,expert_dp_param_allgather:pg=1127,2,2,1785477765187719393,1785477765187884623,1785477765242420941,1785477763520114050,1785477763520279280,1785477763574815598,54536318,54536318,10960,31160,1887436800.0,165230,165230,54701548,54701548
55,5,expert_dp_param_allgather,edp_ag1,1,expert_dp_param_allgather:pg=1129,2,2,1785477765187784969,1785477765187829215,1785477765241444175,1785477763520179626,1785477763520223872,1785477763573838832,53614960,53614960,10440,12760,1887436800.0,44246,44246,53659206,53659206
55,5,expert_dp_param_allgather,edp_ag1,1,expert_dp_param_allgather:pg=1131,2,2,1785477765187742760,1785477765187880423,1785477765238895203,1785477763520137417,1785477763520275080,1785477763571289860,51014780,51014780,11200,46640,1887436800.0,137663,137663,51152443,51152443
55,5,expert_dp_param_allgather,edp_ag1,1,expert_dp_param_allgather:pg=1133,2,2,1785477765187787231,1785477765187805948,1785477765247668331,1785477763520181888,1785477763520200605,1785477763580062988,59862383,59862383,11720,11840,1887436800.0,18717,18717,59881100,59881100
55,5,expert_dp_param_allgather,edp_ag1,1,expert_dp_param_allgather:pg=1135,2,2,1785477765187711233,1785477765187875104,1785477765241757755,1785477763520105890,1785477763520269761,1785477763574152412,53882651,53882651,10680,11040,1887436800.0,163871,163871,54046522,54046522
55,5,expert_dp_param_allgather,edp_ag1,1,expert_dp_param_allgather:pg=1137,2,2,1785477765187780979,1785477765187869334,1785477765241487623,1785477763520175636,1785477763520263991,1785477763573882280,53618289,53618289,10720,89880,1887436800.0,88355,88355,53706644,53706644
55,5,expert_dp_grad_reduce_scatter,edp_rs,0,expert_dp_grad_reduce_scatter:pg=1123,2,2,1785477761310260127,1785477761310479266,1785477761502730671,1785477760111736818,1785477760111955957,1785477760304207362,192251405,192251405,17422599,17635935,7549747200.0,219139,219139,192470544,192470544
55,5,expert_dp_grad_reduce_scatter,edp_rs,0,expert_dp_grad_reduce_scatter:pg=1125,2,2,1785477761310196515,1785477761310537204,1785477761517430687,1785477760111673206,1785477760112013895,1785477760318907378,206893483,206893483,17388248,17638196,7549747200.0,340689,340689,207234172,207234172
55,5,expert_dp_grad_reduce_scatter,edp_rs,0,expert_dp_grad_reduce_scatter:pg=1127,2,2,1785477761310473142,1785477761310546867,1785477761521358825,1785477760111949833,1785477760112023558,1785477760322835516,210811958,210811958,17675265,17748598,7549747200.0,73725,73725,210885683,210885683
55,5,expert_dp_grad_reduce_scatter,edp_rs,0,expert_dp_grad_reduce_scatter:pg=1129,2,2,1785477761310499765,1785477761310947831,1785477761523163050,1785477760111976456,1785477760112424522,1785477760324639741,212215219,212215219,17656480,18103407,7549747200.0,448066,448066,212663285,212663285
55,5,expert_dp_grad_reduce_scatter,edp_rs,0,expert_dp_grad_reduce_scatter:pg=1131,2,2,1785477761310531772,1785477761310659588,1785477761517863725,1785477760112008463,1785477760112136279,1785477760319340416,207204137,207204137,17647394,17819466,7549747200.0,127816,127816,207331953,207331953
55,5,expert_dp_grad_reduce_scatter,edp_rs,0,expert_dp_grad_reduce_scatter:pg=1133,2,2,1785477761310413919,1785477761310557340,1785477761522238110,1785477760111890610,1785477760112034031,1785477760323714801,211680770,211680770,17566220,17679467,7549747200.0,143421,143421,211824191,211824191
55,5,expert_dp_grad_reduce_scatter,edp_rs,0,expert_dp_grad_reduce_scatter:pg=1135,2,2,1785477761310110916,1785477761310621885,1785477761518662487,1785477760111587607,1785477760112098576,1785477760320139178,208040602,208040602,17387053,17744375,7549747200.0,510969,510969,208551571,208551571
55,5,expert_dp_grad_reduce_scatter,edp_rs,0,expert_dp_grad_reduce_scatter:pg=1137,2,2,1785477761310470837,1785477761310781478,1785477761529874173,1785477760111947528,1785477760112258169,1785477760331350864,219092695,219092695,17651174,17908467,7549747200.0,310641,310641,219403336,219403336
55,6,dp_param_allgather,dp_ag0,0,dp_param_allgather:pg=13,16,16,1785477765025516609,1785477765026739875,1785477765034253313,1785477763357911266,1785477763359134532,1785477763366647970,7513438,7513438,28840352,30063618,98621440.0,1223266,1223266,8736704,8736704
55,6,dp_param_allgather,dp_ag1,1,dp_param_allgather:pg=13,16,16,1785477765173462217,1785477765183360570,1785477765190956820,1785477763505856874,1785477763515755227,1785477763523351477,7596250,7596250,86484990,88676211,98621440.0,9898353,9898353,17494603,17494603
55,6,dp_grad_reduce_scatter,dp_rs,0,dp_grad_reduce_scatter:pg=13,16,16,1785477760304224397,1785477760491316133,1785477760506812786,1785477759150875504,1785477759386120584,1785477759401617237,15496653,15496653,0,0,3155886080.0,187091736,235245080,202588389,250741733
55,6,expert_dp_param_allgather,edp_ag0,0,expert_dp_param_allgather:pg=1139,2,2,1785477765034224388,1785477765034287983,1785477765087346865,1785477763366619045,1785477763366682640,1785477763419741522,53058882,53058882,10280,37227,1887436800.0,63595,63595,53122477,53122477
55,6,expert_dp_param_allgather,edp_ag0,0,expert_dp_param_allgather:pg=1141,2,2,1785477765034222300,1785477765034280153,1785477765094222290,1785477763366616957,1785477763366674810,1785477763426616947,59942137,59942137,10840,26840,1887436800.0,57853,57853,59999990,59999990
55,6,expert_dp_param_allgather,edp_ag0,0,expert_dp_param_allgather:pg=1143,2,2,1785477765034228422,1785477765034260235,1785477765086565187,1785477763366623079,1785477763366654892,1785477763418959844,52304952,52304952,10920,47880,1887436800.0,31813,31813,52336765,52336765
55,6,expert_dp_param_allgather,edp_ag0,0,expert_dp_param_allgather:pg=1145,2,2,1785477765034227964,1785477765034265025,1785477765095225661,1785477763366622621,1785477763366659682,1785477763427620318,60960636,60960636,10621,11960,1887436800.0,37061,37061,60997697,60997697
55,6,expert_dp_param_allgather,edp_ag0,0,expert_dp_param_allgather:pg=1147,2,2,1785477765034219180,1785477765034258328,1785477765087870653,1785477763366613837,1785477763366652985,1785477763420265310,53612325,53612325,10440,10749,1887436800.0,39148,39148,53651473,53651473
55,6,expert_dp_param_allgather,edp_ag0,0,expert_dp_param_allgather:pg=1149,2,2,1785477765034228102,1785477765034237007,1785477765088450059,1785477763366622759,1785477763366631664,1785477763420844716,54213052,54213052,10280,45720,1887436800.0,8905,8905,54221957,54221957
55,6,expert_dp_param_allgather,edp_ag0,0,expert_dp_param_allgather:pg=1151,2,2,1785477765034206734,1785477765034245029,1785477765092103143,1785477763366601391,1785477763366639686,1785477763424497800,57858114,57858114,10720,38600,1887436800.0,38295,38295,57896409,57896409
55,6,expert_dp_param_allgather,edp_ag0,0,expert_dp_param_allgather:pg=1153,2,2,1785477765034218461,1785477765034265576,1785477765088212093,1785477763366613118,1785477763366660233,1785477763420606750,53946517,53946517,20680,26600,1887436800.0,47115,47115,53993632,53993632
55,6,expert_dp_param_allgather,edp_ag1,1,expert_dp_param_allgather:pg=1139,2,2,1785477765190930235,1785477765190971212,1785477765242366538,1785477763523324892,1785477763523365869,1785477763574761195,51395326,51395326,14640,39480,1887436800.0,40977,40977,51436303,51436303
55,6,expert_dp_param_allgather,edp_ag1,1,expert_dp_param_allgather:pg=1141,2,2,1785477765190955665,1785477765190971214,1785477765251254146,1785477763523350322,1785477763523365871,1785477763583648803,60282932,60282932,12760,45920,1887436800.0,15549,15549,60298481,60298481
55,6,expert_dp_param_allgather,edp_ag1,1,expert_dp_param_allgather:pg=1143,2,2,1785477765190945969,1785477765190970891,1785477765244344394,1785477763523340626,1785477763523365548,1785477763576739051,53373503,53373503,12280,23680,1887436800.0,24922,24922,53398425,53398425
55,6,expert_dp_param_allgather,edp_ag1,1,expert_dp_param_allgather:pg=1145,2,2,1785477765190844686,1785477765190968780,1785477765244734167,1785477763523239343,1785477763523363437,1785477763577128824,53765387,53765387,10840,11960,1887436800.0,124094,124094,53889481,53889481
55,6,expert_dp_param_allgather,edp_ag1,1,expert_dp_param_allgather:pg=1147,2,2,1785477765190951682,1785477765190971646,1785477765248961442,1785477763523346339,1785477763523366303,1785477763581356099,57989796,57989796,12040,59800,1887436800.0,19964,19964,58009760,58009760
55,6,expert_dp_param_allgather,edp_ag1,1,expert_dp_param_allgather:pg=1149,2,2,1785477765190942696,1785477765190957724,1785477765244704697,1785477763523337353,1785477763523352381,1785477763577099354,53746973,53746973,10800,47240,1887436800.0,15028,15028,53762001,53762001
55,6,expert_dp_param_allgather,edp_ag1,1,expert_dp_param_allgather:pg=1151,2,2,1785477765190936263,1785477765190998652,1785477765244843859,1785477763523330920,1785477763523393309,1785477763577238516,53845207,53845207,11600,59800,1887436800.0,62389,62389,53907596,53907596
55,6,expert_dp_param_allgather,edp_ag1,1,expert_dp_param_allgather:pg=1153,2,2,1785477765190949641,1785477765190991488,1785477765244398725,1785477763523344298,1785477763523386145,1785477763576793382,53407237,53407237,10880,63280,1887436800.0,41847,41847,53449084,53449084
55,6,expert_dp_grad_reduce_scatter,edp_rs,0,expert_dp_grad_reduce_scatter:pg=1139,2,2,1785477760524360817,1785477760524465113,1785477760744438881,1785477759419165268,1785477759419269564,1785477759639243332,219973768,219973768,17561106,17659611,7549747200.0,104296,104296,220078064,220078064
55,6,expert_dp_grad_reduce_scatter,edp_rs,0,expert_dp_grad_reduce_scatter:pg=1141,2,2,1785477760524203925,1785477760524419559,1785477760736887945,1785477759419008376,1785477759419224010,1785477759631692396,212468386,212468386,17399089,17651321,7549747200.0,215634,215634,212684020,212684020
55,6,expert_dp_grad_reduce_scatter,edp_rs,0,expert_dp_grad_reduce_scatter:pg=1143,2,2,1785477760524431775,1785477760524554695,1785477760741019628,1785477759419236226,1785477759419359146,1785477759635824079,216464933,216464933,17676438,17746910,7549747200.0,122920,122920,216587853,216587853
55,6,expert_dp_grad_reduce_scatter,edp_rs,0,expert_dp_grad_reduce_scatter:pg=1145,2,2,1785477760524378711,1785477760524499233,1785477760736263217,1785477759419183162,1785477759419303684,1785477759631067668,211763984,211763984,17581203,17714705,7549747200.0,120522,120522,211884506,211884506
55,6,expert_dp_grad_reduce_scatter,edp_rs,0,expert_dp_grad_reduce_scatter:pg=1147,2,2,1785477760524431414,1785477760524626307,1785477760732598427,1785477759419235865,1785477759419430758,1785477759627402878,207972120,207972120,17665505,17873874,7549747200.0,194893,194893,208167013,208167013
55,6,expert_dp_grad_reduce_scatter,edp_rs,0,expert_dp_grad_reduce_scatter:pg=1149,2,2,1785477760524306832,1785477760524384385,1785477760732094476,1785477759419111283,1785477759419188836,1785477759626898927,207710091,207710091,17494046,17578008,7549747200.0,77553,77553,207787644,207787644
55,6,expert_dp_grad_reduce_scatter,edp_rs,0,expert_dp_grad_reduce_scatter:pg=1151,2,2,1785477760524626202,1785477760524641878,1785477760726509150,1785477759419430653,1785477759419446329,1785477759621313601,201867272,201867272,17835545,17898785,7549747200.0,15676,15676,201882948,201882948
55,6,expert_dp_grad_reduce_scatter,edp_rs,0,expert_dp_grad_reduce_scatter:pg=1153,2,2,1785477760524476361,1785477760524876206,1785477760744286316,1785477759419280812,1785477759419680657,1785477759639090767,219410110,219410110,17674919,18121391,7549747200.0,399845,399845,219809955,219809955
55,7,dp_param_allgather,dp_ag0,0,dp_param_allgather:pg=15,16,16,1785477765025679605,1785477765026340623,1785477765034130905,1785477763358074262,1785477763358735280,1785477763366525562,7790282,7790282,29003348,29664366,98621440.0,661018,661018,8451300,8451300
55,7,dp_param_allgather,dp_ag1,1,dp_param_allgather:pg=15,16,16,1785477765174098493,1785477765185704491,1785477765193115205,1785477763506493150,1785477763518099148,1785477763525509862,7410714,7410714,86092994,88187996,98621440.0,11605998,11605998,19016712,19016712
55,7,dp_grad_reduce_scatter,dp_rs,0,dp_grad_reduce_scatter:pg=15,16,16,1785477759493127832,1785477759696316041,1785477759712184725,1785477758435633637,1785477758684091853,1785477758699960537,15868684,15868684,0,0,3155886080.0,203188209,248458216,219056893,264326900
55,7,expert_dp_param_allgather,edp_ag0,0,expert_dp_param_allgather:pg=1155,2,2,1785477765034124741,1785477765034244427,1785477765087601186,1785477763366519398,1785477763366639084,1785477763419995843,53356759,53356759,10520,115561,1887436800.0,119686,119686,53476445,53476445
55,7,expert_dp_param_allgather,edp_ag0,0,expert_dp_param_allgather:pg=1157,2,2,1785477765034114939,1785477765034126693,1785477765097735946,1785477763366509596,1785477763366521350,1785477763430130603,63609253,63609253,10800,10800,1887436800.0,11754,11754,63621007,63621007
55,7,expert_dp_param_allgather,edp_ag0,0,expert_dp_param_allgather:pg=1159,2,2,1785477765034123922,1785477765034138058,1785477765088169405,1785477763366518579,1785477763366532715,1785477763420564062,54031347,54031347,10680,10880,1887436800.0,14136,14136,54045483,54045483
55,7,expert_dp_param_allgather,edp_ag0,0,expert_dp_param_allgather:pg=1161,2,2,1785477765034053466,1785477765034125862,1785477765087270939,1785477763366448123,1785477763366520519,1785477763419665596,53145077,53145077,10600,10920,1887436800.0,72396,72396,53217473,53217473
55,7,expert_dp_param_allgather,edp_ag0,0,expert_dp_param_allgather:pg=1163,2,2,1785477765034100745,1785477765034120904,1785477765088890936,1785477763366495402,1785477763366515561,1785477763421285593,54770032,54770032,10560,57200,1887436800.0,20159,20159,54790191,54790191
55,7,expert_dp_param_allgather,edp_ag0,0,expert_dp_param_allgather:pg=1165,2,2,1785477765034120805,1785477765034190305,1785477765088415076,1785477763366515462,1785477763366584962,1785477763420809733,54224771,54224771,10800,59400,1887436800.0,69500,69500,54294271,54294271
55,7,expert_dp_param_allgather,edp_ag0,0,expert_dp_param_allgather:pg=1167,2,2,1785477765034056643,1785477765034124437,1785477765088005499,1785477763366451300,1785477763366519094,1785477763420400156,53881062,53881062,10480,11120,1887436800.0,67794,67794,53948856,53948856
55,7,expert_dp_param_allgather,edp_ag0,0,expert_dp_param_allgather:pg=1169,2,2,1785477765034070165,1785477765034167242,1785477765090262604,1785477763366464822,1785477763366561899,1785477763422657261,56095362,56095362,16521,47360,1887436800.0,97077,97077,56192439,56192439
55,7,expert_dp_param_allgather,edp_ag1,1,expert_dp_param_allgather:pg=1155,2,2,1785477765193086617,1785477765193142620,1785477765244682246,1785477763525481274,1785477763525537277,1785477763577076903,51539626,51539626,24640,34600,1887436800.0,56003,56003,51595629,51595629
55,7,expert_dp_param_allgather,edp_ag1,1,expert_dp_param_allgather:pg=1157,2,2,1785477765193078477,1785477765193087259,1785477765254103110,1785477763525473134,1785477763525481916,1785477763586497767,61015851,61015851,11680,20960,1887436800.0,8782,8782,61024633,61024633
55,7,expert_dp_param_allgather,edp_ag1,1,expert_dp_param_allgather:pg=1159,2,2,1785477765193045481,1785477765193126045,1785477765246167360,1785477763525440138,1785477763525520702,1785477763578562017,53041315,53041315,10840,11760,1887436800.0,80564,80564,53121879,53121879
55,7,expert_dp_param_allgather,edp_ag1,1,expert_dp_param_allgather:pg=1161,2,2,1785477765193092282,1785477765193112120,1785477765246601916,1785477763525486939,1785477763525506777,1785477763578996573,53489796,53489796,11680,38800,1887436800.0,19838,19838,53509634,53509634
55,7,expert_dp_param_allgather,edp_ag1,1,expert_dp_param_allgather:pg=1163,2,2,1785477765193059769,1785477765193098200,1785477765246447643,1785477763525454426,1785477763525492857,1785477763578842300,53349443,53349443,10920,11520,1887436800.0,38431,38431,53387874,53387874
55,7,expert_dp_param_allgather,edp_ag1,1,expert_dp_param_allgather:pg=1165,2,2,1785477765193075564,1785477765193096695,1785477765246077125,1785477763525470221,1785477763525491352,1785477763578471782,52980430,52980430,12080,12200,1887436800.0,21131,21131,53001561,53001561
55,7,expert_dp_param_allgather,edp_ag1,1,expert_dp_param_allgather:pg=1167,2,2,1785477765193091846,1785477765193112787,1785477765247880584,1785477763525486503,1785477763525507444,1785477763580275241,54767797,54767797,33120,60840,1887436800.0,20941,20941,54788738,54788738
55,7,expert_dp_param_allgather,edp_ag1,1,expert_dp_param_allgather:pg=1169,2,2,1785477765193059921,1785477765193126083,1785477765245753107,1785477763525454578,1785477763525520740,1785477763578147764,52627024,52627024,10600,14600,1887436800.0,66162,66162,52693186,52693186
55,7,expert_dp_grad_reduce_scatter,edp_rs,0,expert_dp_grad_reduce_scatter:pg=1155,2,2,1785477759729498183,1785477759729603157,1785477759936227776,1785477758717273995,1785477758717378969,1785477758924003588,206624619,206624619,17425349,17524263,7549747200.0,104974,104974,206729593,206729593
55,7,expert_dp_grad_reduce_scatter,edp_rs,0,expert_dp_grad_reduce_scatter:pg=1157,2,2,1785477759729683556,1785477759729771155,1785477759939297008,1785477758717459368,1785477758717546967,1785477758927072820,209525853,209525853,17593538,17774853,7549747200.0,87599,87599,209613452,209613452
55,7,expert_dp_grad_reduce_scatter,edp_rs,0,expert_dp_grad_reduce_scatter:pg=1159,2,2,1785477759729447517,1785477759729786353,1785477759941296269,1785477758717223329,1785477758717562165,1785477758929072081,211509916,211509916,17433878,17679933,7549747200.0,338836,338836,211848752,211848752
55,7,expert_dp_grad_reduce_scatter,edp_rs,0,expert_dp_grad_reduce_scatter:pg=1161,2,2,1785477759729452553,1785477759729904270,1785477759935570705,1785477758717228365,1785477758717680082,1785477758923346517,205666435,205666435,17422823,17771058,7549747200.0,451717,451717,206118152,206118152
55,7,expert_dp_grad_reduce_scatter,edp_rs,0,expert_dp_grad_reduce_scatter:pg=1163,2,2,1785477759729750685,1785477759729802216,1785477759929924305,1785477758717526497,1785477758717578028,1785477758917700117,200122089,200122089,17565960,17800364,7549747200.0,51531,51531,200173620,200173620
55,7,expert_dp_grad_reduce_scatter,edp_rs,0,expert_dp_grad_reduce_scatter:pg=1165,2,2,1785477759729781855,1785477759729923899,1785477759945778366,1785477758717557667,1785477758717699711,1785477758933554178,215854467,215854467,17724349,17827825,7549747200.0,142044,142044,215996511,215996511
55,7,expert_dp_grad_reduce_scatter,edp_rs,0,expert_dp_grad_reduce_scatter:pg=1167,2,2,1785477759729767988,1785477759730043703,1785477759939059906,1785477758717543800,1785477758717819515,1785477758926835718,209016203,209016203,17671601,17907712,7549747200.0,275715,275715,209291918,209291918
55,7,expert_dp_grad_reduce_scatter,edp_rs,0,expert_dp_grad_reduce_scatter:pg=1169,2,2,1785477759729729857,1785477759730292158,1785477759942568105,1785477758717505669,1785477758718067970,1785477758930343917,212275947,212275947,17559353,18239582,7549747200.0,562301,562301,212838248,212838248
55,8,dp_param_allgather,dp_ag0,0,dp_param_allgather:pg=17,16,16,1785477765025206978,1785477765026328697,1785477765034150536,1785477763357601635,1785477763358723354,1785477763366545193,7821839,7821839,28530721,29652440,98621440.0,1121719,1121719,8943558,8943558
55,8,dp_param_allgather,dp_ag1,1,dp_param_allgather:pg=17,16,16,1785477765172940032,1785477765179832510,1785477765187600415,1785477763505334689,1785477763512227167,1785477763519995072,7767905,7767905,86375396,88068875,98621440.0,6892478,6892478,14660383,14660383
55,8,dp_grad_reduce_scatter,dp_rs,0,dp_grad_reduce_scatter:pg=17,16,16,1785477758704979238,1785477758916665278,1785477758932333726,1785477757739566390,1785477757997753788,1785477758013422236,15668448,15668448,0,0,3155886080.0,211686040,258187398,227354488,273855846
55,8,expert_dp_param_allgather,edp_ag0,0,expert_dp_param_allgather:pg=1171,2,2,1785477765034137882,1785477765034149298,1785477765087299745,1785477763366532539,1785477763366543955,1785477763419694402,53150447,53150447,10760,13480,1887436800.0,11416,11416,53161863,53161863
55,8,expert_dp_param_allgather,edp_ag0,0,expert_dp_param_allgather:pg=1173,2,2,1785477765034098020,1785477765034136295,1785477765087330643,1785477763366492677,1785477763366530952,1785477763419725300,53194348,53194348,10840,11080,1887436800.0,38275,38275,53232623,53232623
55,8,expert_dp_param_allgather,edp_ag0,0,expert_dp_param_allgather:pg=1175,2,2,1785477765034161216,1785477765034162417,1785477765092284183,1785477763366555873,1785477763366557074,1785477763424678840,58121766,58121766,10680,53115,1887436800.0,1201,1201,58122967,58122967
55,8,expert_dp_param_allgather,edp_ag0,0,expert_dp_param_allgather:pg=1177,2,2,1785477765034116578,1785477765034130199,1785477765088558039,1785477763366511235,1785477763366524856,1785477763420952696,54427840,54427840,10680,12720,1887436800.0,13621,13621,54441461,54441461
55,8,expert_dp_param_allgather,edp_ag0,0,expert_dp_param_allgather:pg=1179,2,2,1785477765034132862,1785477765034165125,1785477765087291133,1785477763366527519,1785477763366559782,1785477763419685790,53126008,53126008,17760,19181,1887436800.0,32263,32263,53158271,53158271
55,8,expert_dp_param_allgather,edp_ag0,0,expert_dp_param_allgather:pg=1181,2,2,1785477765034123420,1785477765034160557,1785477765088228968,1785477763366518077,1785477763366555214,1785477763420623625,54068411,54068411,10480,11160,1887436800.0,37137,37137,54105548,54105548
55,8,expert_dp_param_allgather,edp_ag0,0,expert_dp_param_allgather:pg=1183,2,2,1785477765034106165,1785477765034136494,1785477765087884593,1785477763366500822,1785477763366531151,1785477763420279250,53748099,53748099,10800,11200,1887436800.0,30329,30329,53778428,53778428
55,8,expert_dp_param_allgather,edp_ag0,0,expert_dp_param_allgather:pg=1185,2,2,1785477765034108844,1785477765034135341,1785477765086593208,1785477763366503501,1785477763366529998,1785477763418987865,52457867,52457867,10560,30619,1887436800.0,26497,26497,52484364,52484364
55,8,expert_dp_param_allgather,edp_ag1,1,expert_dp_param_allgather:pg=1171,2,2,1785477765187587921,1785477765187627055,1785477765242182679,1785477763519982578,1785477763520021712,1785477763574577336,54555624,54555624,12880,26640,1887436800.0,39134,39134,54594758,54594758
55,8,expert_dp_param_allgather,edp_ag1,1,expert_dp_param_allgather:pg=1173,2,2,1785477765187585019,1785477765187623505,1785477765240914202,1785477763519979676,1785477763520018162,1785477763573308859,53290697,53290697,11960,32960,1887436800.0,38486,38486,53329183,53329183
55,8,expert_dp_param_allgather,edp_ag1,1,expert_dp_param_allgather:pg=1175,2,2,1785477765187569652,1785477765187625942,1785477765241782363,1785477763519964309,1785477763520020599,1785477763574177020,54156421,54156421,10720,71080,1887436800.0,56290,56290,54212711,54212711
55,8,expert_dp_param_allgather,edp_ag1,1,expert_dp_param_allgather:pg=1177,2,2,1785477765187534949,1785477765187556913,1785477765239536622,1785477763519929606,1785477763519951570,1785477763571931279,51979709,51979709,10880,12640,1887436800.0,21964,21964,52001673,52001673
55,8,expert_dp_param_allgather,edp_ag1,1,expert_dp_param_allgather:pg=1179,2,2,1785477765187590201,1785477765187630786,1785477765248285765,1785477763519984858,1785477763520025443,1785477763580680422,60654979,60654979,12200,40640,1887436800.0,40585,40585,60695564,60695564
55,8,expert_dp_param_allgather,edp_ag1,1,expert_dp_param_allgather:pg=1181,2,2,1785477765187568245,1785477765187597028,1785477765241491495,1785477763519962902,1785477763519991685,1785477763573886152,53894467,53894467,10960,11000,1887436800.0,28783,28783,53923250,53923250
55,8,expert_dp_param_allgather,edp_ag1,1,expert_dp_param_allgather:pg=1183,2,2,1785477765187588933,1785477765187609668,1785477765241262667,1785477763519983590,1785477763520004325,1785477763573657324,53652999,53652999,10560,11960,1887436800.0,20735,20735,53673734,53673734
55,8,expert_dp_param_allgather,edp_ag1,1,expert_dp_param_allgather:pg=1185,2,2,1785477765187572511,1785477765187624160,1785477765239704353,1785477763519967168,1785477763520018817,1785477763572099010,52080193,52080193,11840,41040,1887436800.0,51649,51649,52131842,52131842
55,8,expert_dp_grad_reduce_scatter,edp_rs,0,expert_dp_grad_reduce_scatter:pg=1171,2,2,1785477758949901626,1785477758950027823,1785477759169966252,1785477758030990136,1785477758031116333,1785477758251054762,219938429,219938429,17611126,17715351,7549747200.0,126197,126197,220064626,220064626
55,8,expert_dp_grad_reduce_scatter,edp_rs,0,expert_dp_grad_reduce_scatter:pg=1173,2,2,1785477758950038821,1785477758950039425,1785477759157564541,1785477758031127331,1785477758031127935,1785477758238653051,207525116,207525116,17764633,17767769,7549747200.0,604,604,207525720,207525720
55,8,expert_dp_grad_reduce_scatter,edp_rs,0,expert_dp_grad_reduce_scatter:pg=1175,2,2,1785477758949566658,1785477758949819452,1785477759163762345,1785477758030655168,1785477758030907962,1785477758244850855,213942893,213942893,17293036,17588090,7549747200.0,252794,252794,214195687,214195687
55,8,expert_dp_grad_reduce_scatter,edp_rs,0,expert_dp_grad_reduce_scatter:pg=1177,2,2,1785477758949851482,1785477758950196318,1785477759162211075,1785477758030939992,1785477758031284828,1785477758243299585,212014757,212014757,17581057,17862592,7549747200.0,344836,344836,212359593,212359593
55,8,expert_dp_grad_reduce_scatter,edp_rs,0,expert_dp_grad_reduce_scatter:pg=1179,2,2,1785477758949850552,1785477758950071048,1785477759161996750,1785477758030939062,1785477758031159558,1785477758243085260,211925702,211925702,17578980,17803236,7549747200.0,220496,220496,212146198,212146198
55,8,expert_dp_grad_reduce_scatter,edp_rs,0,expert_dp_grad_reduce_scatter:pg=1181,2,2,1785477758950136799,1785477758950198229,1785477759161918305,1785477758031225309,1785477758031286739,1785477758243006815,211720076,211720076,17827282,18019095,7549747200.0,61430,61430,211781506,211781506
55,8,expert_dp_grad_reduce_scatter,edp_rs,0,expert_dp_grad_reduce_scatter:pg=1183,2,2,1785477758949637685,1785477758949958091,1785477759161003403,1785477758030726195,1785477758031046601,1785477758242091913,211045312,211045312,17367360,17800434,7549747200.0,320406,320406,211365718,211365718
55,8,expert_dp_grad_reduce_scatter,edp_rs,0,expert_dp_grad_reduce_scatter:pg=1185,2,2,1785477758949512664,1785477758950118861,1785477759164424888,1785477758030601174,1785477758031207371,1785477758245513398,214306027,214306027,17249449,17853474,7549747200.0,606197,606197,214912224,214912224
55,9,dp_param_allgather,dp_ag0,0,dp_param_allgather:pg=19,16,16,1785477765025315958,1785477765026243543,1785477765034093019,1785477763357710615,1785477763358638200,1785477763366487676,7849476,7849476,28639701,29567286,98621440.0,927585,927585,8777061,8777061
55,9,dp_param_allgather,dp_ag1,1,dp_param_allgather:pg=19,16,16,1785477765172658871,1785477765179450934,1785477765186918632,1785477763505053528,1785477763511845591,1785477763519313289,7467698,7467698,86971865,88573857,98621440.0,6792063,6792063,14259761,14259761
55,9,dp_grad_reduce_scatter,dp_rs,0,dp_grad_reduce_scatter:pg=19,16,16,1785477757926156070,1785477758098290469,1785477758116725956,1785477757054112510,1785477757270750940,1785477757289186427,18435487,18435487,0,0,3155886080.0,172134399,216638430,190569886,235073917
55,9,expert_dp_param_allgather,edp_ag0,0,expert_dp_param_allgather:pg=1187,2,2,1785477765034057490,1785477765034064769,1785477765085479012,1785477763366452147,1785477763366459426,1785477763417873669,51414243,51414243,10558,10560,1887436800.0,7279,7279,51421522,51421522
55,9,expert_dp_param_allgather,edp_ag0,0,expert_dp_param_allgather:pg=1189,2,2,1785477765034021077,1785477765034087649,1785477765088163956,1785477763366415734,1785477763366482306,1785477763420558613,54076307,54076307,10480,11040,1887436800.0,66572,66572,54142879,54142879
55,9,expert_dp_param_allgather,edp_ag0,0,expert_dp_param_allgather:pg=1191,2,2,1785477765033976194,1785477765034101538,1785477765085687006,1785477763366370851,1785477763366496195,1785477763418081663,51585468,51585468,10760,15760,1887436800.0,125344,125344,51710812,51710812
55,9,expert_dp_param_allgather,edp_ag0,0,expert_dp_param_allgather:pg=1193,2,2,1785477765034050157,1785477765034084693,1785477765088510231,1785477763366444814,1785477763366479350,1785477763420904888,54425538,54425538,10720,10960,1887436800.0,34536,34536,54460074,54460074
55,9,expert_dp_param_allgather,edp_ag0,0,expert_dp_param_allgather:pg=1195,2,2,1785477765033989914,1785477765034103700,1785477765087879829,1785477763366384571,1785477763366498357,1785477763420274486,53776129,53776129,10480,10681,1887436800.0,113786,113786,53889915,53889915
55,9,expert_dp_param_allgather,edp_ag0,0,expert_dp_param_allgather:pg=1197,2,2,1785477765034030722,1785477765034053842,1785477765087081397,1785477763366425379,1785477763366448499,1785477763419476054,53027555,53027555,10600,58040,1887436800.0,23120,23120,53050675,53050675
55,9,expert_dp_param_allgather,edp_ag0,0,expert_dp_param_allgather:pg=1199,2,2,1785477765033965519,1785477765034095766,1785477765091661623,1785477763366360176,1785477763366490423,1785477763424056280,57565857,57565857,10920,13360,1887436800.0,130247,130247,57696104,57696104
55,9,expert_dp_param_allgather,edp_ag0,0,expert_dp_param_allgather:pg=1201,2,2,1785477765034004906,1785477765034097212,1785477765085351076,1785477763366399563,1785477763366491869,1785477763417745733,51253864,51253864,10760,36760,1887436800.0,92306,92306,51346170,51346170
55,9,expert_dp_param_allgather,edp_ag1,1,expert_dp_param_allgather:pg=1187,2,2,1785477765186905012,1785477765186926648,1785477765241317800,1785477763519299669,1785477763519321305,1785477763573712457,54391152,54391152,12040,39401,1887436800.0,21636,21636,54412788,54412788
55,9,expert_dp_param_allgather,edp_ag1,1,expert_dp_param_allgather:pg=1189,2,2,1785477765186904856,1785477765186929392,1785477765239806698,1785477763519299513,1785477763519324049,1785477763572201355,52877306,52877306,10680,10760,1887436800.0,24536,24536,52901842,52901842
55,9,expert_dp_param_allgather,edp_ag1,1,expert_dp_param_allgather:pg=1191,2,2,1785477765186870123,1785477765186925414,1785477765238856235,1785477763519264780,1785477763519320071,1785477763571250892,51930821,51930821,11400,11640,1887436800.0,55291,55291,51986112,51986112
55,9,expert_dp_param_allgather,edp_ag1,1,expert_dp_param_allgather:pg=1193,2,2,1785477765186902206,1785477765186918481,1785477765237962178,1785477763519296863,1785477763519313138,1785477763570356835,51043697,51043697,10680,10840,1887436800.0,16275,16275,51059972,51059972
55,9,expert_dp_param_allgather,edp_ag1,1,expert_dp_param_allgather:pg=1195,2,2,1785477765186896214,1785477765186927262,1785477765241228770,1785477763519290871,1785477763519321919,1785477763573623427,54301508,54301508,10640,11240,1887436800.0,31048,31048,54332556,54332556
55,9,expert_dp_param_allgather,edp_ag1,1,expert_dp_param_allgather:pg=1197,2,2,1785477765186866270,1785477765186901486,1785477765242397781,1785477763519260927,1785477763519296143,1785477763574792438,55496295,55496295,11640,21960,1887436800.0,35216,35216,55531511,55531511
55,9,expert_dp_param_allgather,edp_ag1,1,expert_dp_param_allgather:pg=1199,2,2,1785477765186870584,1785477765186925445,1785477765238238214,1785477763519265241,1785477763519320102,1785477763570632871,51312769,51312769,10920,10960,1887436800.0,54861,54861,51367630,51367630
55,9,expert_dp_param_allgather,edp_ag1,1,expert_dp_param_allgather:pg=1201,2,2,1785477765186878312,1785477765186973116,1785477765240428990,1785477763519272969,1785477763519367773,1785477763572823647,53455874,53455874,11120,62194,1887436800.0,94804,94804,53550678,53550678
55,9,expert_dp_grad_reduce_scatter,edp_rs,0,expert_dp_grad_reduce_scatter:pg=1187,2,2,1785477758134173988,1785477758134537413,1785477758345900362,1785477757306634459,1785477757306997884,1785477757518360833,211362949,211362949,17542582,17883491,7549747200.0,363425,363425,211726374,211726374
55,9,expert_dp_grad_reduce_scatter,edp_rs,0,expert_dp_grad_reduce_scatter:pg=1189,2,2,1785477758134017901,1785477758134245983,1785477758346472123,1785477757306478372,1785477757306706454,1785477757518932594,212226140,212226140,17400335,17579575,7549747200.0,228082,228082,212454222,212454222
55,9,expert_dp_grad_reduce_scatter,edp_rs,0,expert_dp_grad_reduce_scatter:pg=1191,2,2,1785477758134240041,1785477758134303359,1785477758346411950,1785477757306700512,1785477757306763830,1785477757518872421,212108591,212108591,17604911,17653173,7549747200.0,63318,63318,212171909,212171909
55,9,expert_dp_grad_reduce_scatter,edp_rs,0,expert_dp_grad_reduce_scatter:pg=1193,2,2,1785477758134240561,1785477758134623252,1785477758339717960,1785477757306701032,1785477757307083723,1785477757512178431,205094708,205094708,17550892,17897296,7549747200.0,382691,382691,205477399,205477399
55,9,expert_dp_grad_reduce_scatter,edp_rs,0,expert_dp_grad_reduce_scatter:pg=1195,2,2,1785477758134098570,1785477758134277342,1785477758342734137,1785477757306559041,1785477757306737813,1785477757515194608,208456795,208456795,17478930,17638956,7549747200.0,178772,178772,208635567,208635567
55,9,expert_dp_grad_reduce_scatter,edp_rs,0,expert_dp_grad_reduce_scatter:pg=1197,2,2,1785477758133947686,1785477758134124193,1785477758350701635,1785477757306408157,1785477757306584664,1785477757523162106,216577442,216577442,17316477,17483393,7549747200.0,176507,176507,216753949,216753949
55,9,expert_dp_grad_reduce_scatter,edp_rs,0,expert_dp_grad_reduce_scatter:pg=1199,2,2,1785477758134609595,1785477758134616174,1785477758320334116,1785477757307070066,1785477757307076645,1785477757492794587,185717942,185717942,17952447,17975387,7549747200.0,6579,6579,185724521,185724521
55,9,expert_dp_grad_reduce_scatter,edp_rs,0,expert_dp_grad_reduce_scatter:pg=1201,2,2,1785477758134128616,1785477758134270847,1785477758346276989,1785477757306589087,1785477757306731318,1785477757518737460,212006142,212006142,17459867,17637025,7549747200.0,142231,142231,212148373,212148373
55,10,dp_param_allgather,dp_ag0,0,dp_param_allgather:pg=21,16,16,1785477765025350026,1785477765026048589,1785477765033864264,1785477763357744683,1785477763358443246,1785477763366258921,7815675,7815675,28673769,29372332,98621440.0,698563,698563,8514238,8514238
55,10,dp_param_allgather,dp_ag1,1,dp_param_allgather:pg=21,16,16,1785477765173089625,1785477765177194177,1785477765184459738,1785477763505484282,1785477763509588834,1785477763516854395,7265561,7265561,86922182,88746030,98621440.0,4104552,4104552,11370113,11370113
55,10,dp_grad_reduce_scatter,dp_rs,0,dp_grad_reduce_scatter:pg=21,16,16,1785477757129591738,1785477757280443307,1785477757296412569,1785477756352381168,1785477756551727990,1785477756567697252,15969262,15969262,0,0,3155886080.0,150851569,199346822,166820831,215316084
55,10,expert_dp_param_allgather,edp_ag0,0,expert_dp_param_allgather:pg=1203,2,2,1785477765033813776,1785477765033917656,1785477765087412552,1785477763366208433,1785477763366312313,1785477763419807209,53494896,53494896,10920,54560,1887436800.0,103880,103880,53598776,53598776
55,10,expert_dp_param_allgather,edp_ag0,0,expert_dp_param_allgather:pg=1205,2,2,1785477765033764092,1785477765033873703,1785477765086028854,1785477763366158749,1785477763366268360,1785477763418423511,52155151,52155151,10480,12013,1887436800.0,109611,109611,52264762,52264762
55,10,expert_dp_param_allgather,edp_ag0,0,expert_dp_param_allgather:pg=1207,2,2,1785477765033729017,1785477765033874462,1785477765087846793,1785477763366123674,1785477763366269119,1785477763420241450,53972331,53972331,10320,11480,1887436800.0,145445,145445,54117776,54117776
55,10,expert_dp_param_allgather,edp_ag0,0,expert_dp_param_allgather:pg=1209,2,2,1785477765033840587,1785477765033894431,1785477765087326042,1785477763366235244,1785477763366289088,1785477763419720699,53431611,53431611,30167,45200,1887436800.0,53844,53844,53485455,53485455
55,10,expert_dp_param_allgather,edp_ag0,0,expert_dp_param_allgather:pg=1211,2,2,1785477765033742922,1785477765033873820,1785477765086954924,1785477763366137579,1785477763366268477,1785477763419349581,53081104,53081104,10680,11755,1887436800.0,130898,130898,53212002,53212002
55,10,expert_dp_param_allgather,edp_ag0,0,expert_dp_param_allgather:pg=1213,2,2,1785477765033774576,1785477765033822227,1785477765087578246,1785477763366169233,1785477763366216884,1785477763419972903,53756019,53756019,10840,11320,1887436800.0,47651,47651,53803670,53803670
55,10,expert_dp_param_allgather,edp_ag0,0,expert_dp_param_allgather:pg=1215,2,2,1785477765033714678,1785477765033862289,1785477765087499624,1785477763366109335,1785477763366256946,1785477763419894281,53637335,53637335,10200,11240,1887436800.0,147611,147611,53784946,53784946
55,10,expert_dp_param_allgather,edp_ag0,0,expert_dp_param_allgather:pg=1217,2,2,1785477765033755995,1785477765033866498,1785477765088968588,1785477763366150652,1785477763366261155,1785477763421363245,55102090,55102090,10800,38840,1887436800.0,110503,110503,55212593,55212593
55,10,expert_dp_param_allgather,edp_ag1,1,expert_dp_param_allgather:pg=1203,2,2,1785477765184440319,1785477765184470479,1785477765237549254,1785477763516834976,1785477763516865136,1785477763569943911,53078775,53078775,11560,14320,1887436800.0,30160,30160,53108935,53108935
55,10,expert_dp_param_allgather,edp_ag1,1,expert_dp_param_allgather:pg=1205,2,2,1785477765184449638,1785477765184470258,1785477765237748012,1785477763516844295,1785477763516864915,1785477763570142669,53277754,53277754,10520,10880,1887436800.0,20620,20620,53298374,53298374
55,10,expert_dp_param_allgather,edp_ag1,1,expert_dp_param_allgather:pg=1207,2,2,1785477765184480850,1785477765184491763,1785477765239287418,1785477763516875507,1785477763516886420,1785477763571682075,54795655,54795655,50040,61081,1887436800.0,10913,10913,54806568,54806568
55,10,expert_dp_param_allgather,edp_ag1,1,expert_dp_param_allgather:pg=1209,2,2,1785477765184446302,1785477765184449293,1785477765238437073,1785477763516840959,1785477763516843950,1785477763570831730,53987780,53987780,10960,11400,1887436800.0,2991,2991,53990771,53990771
55,10,expert_dp_param_allgather,edp_ag1,1,expert_dp_param_allgather:pg=1211,2,2,1785477765184458688,1785477765184459528,1785477765237202457,1785477763516853345,1785477763516854185,1785477763569597114,52742929,52742929,10680,21440,1887436800.0,840,840,52743769,52743769
55,10,expert_dp_param_allgather,edp_ag1,1,expert_dp_param_allgather:pg=1213,2,2,1785477765184452834,1785477765184453429,1785477765237831338,1785477763516847491,1785477763516848086,1785477763570225995,53377909,53377909,16560,48920,1887436800.0,595,595,53378504,53378504
55,10,expert_dp_param_allgather,edp_ag1,1,expert_dp_param_allgather:pg=1215,2,2,1785477765184427304,1785477765184512115,1785477765236973220,1785477763516821961,1785477763516906772,1785477763569367877,52461105,52461105,10560,70200,1887436800.0,84811,84811,52545916,52545916
55,10,expert_dp_param_allgather,edp_ag1,1,expert_dp_param_allgather:pg=1217,2,2,1785477765184444117,1785477765184509864,1785477765237407883,1785477763516838774,1785477763516904521,1785477763569802540,52898019,52898019,17000,59081,1887436800.0,65747,65747,52963766,52963766
55,10,expert_dp_grad_reduce_scatter,edp_rs,0,expert_dp_grad_reduce_scatter:pg=1203,2,2,1785477757313823872,1785477757314500702,1785477757509316849,1785477756585108555,1785477756585785385,1785477756780601532,194816147,194816147,17581963,18088133,7549747200.0,676830,676830,195492977,195492977
55,10,expert_dp_grad_reduce_scatter,edp_rs,0,expert_dp_grad_reduce_scatter:pg=1205,2,2,1785477757314059926,1785477757314180667,1785477757523043693,1785477756585344609,1785477756585465350,1785477756794328376,208863026,208863026,17712395,17903075,7549747200.0,120741,120741,208983767,208983767
55,10,expert_dp_grad_reduce_scatter,edp_rs,0,expert_dp_grad_reduce_scatter:pg=1207,2,2,1785477757314040583,1785477757314169081,1785477757520053833,1785477756585325266,1785477756585453764,1785477756791338516,205884752,205884752,17677372,17830722,7549747200.0,128498,128498,206013250,206013250
55,10,expert_dp_grad_reduce_scatter,edp_rs,0,expert_dp_grad_reduce_scatter:pg=1209,2,2,1785477757313775374,1785477757314060924,1785477757537287656,1785477756585060057,1785477756585345607,1785477756808572339,223226732,223226732,17421399,17687449,7549747200.0,285550,285550,223512282,223512282
55,10,expert_dp_grad_reduce_scatter,edp_rs,0,expert_dp_grad_reduce_scatter:pg=1211,2,2,1785477757314087788,1785477757314483131,1785477757521818086,1785477756585372471,1785477756585767814,1785477756793102769,207334955,207334955,17725525,18131143,7549747200.0,395343,395343,207730298,207730298
55,10,expert_dp_grad_reduce_scatter,edp_rs,0,expert_dp_grad_reduce_scatter:pg=1213,2,2,1785477757314024631,1785477757314212304,1785477757522246462,1785477756585309314,1785477756585496987,1785477756793531145,208034158,208034158,17659311,17838576,7549747200.0,187673,187673,208221831,208221831
55,10,expert_dp_grad_reduce_scatter,edp_rs,0,expert_dp_grad_reduce_scatter:pg=1215,2,2,1785477757313879234,1785477757313898900,1785477757520240138,1785477756585163917,1785477756585183583,1785477756791524821,206341238,206341238,17521297,17557276,7549747200.0,19666,19666,206360904,206360904
55,10,expert_dp_grad_reduce_scatter,edp_rs,0,expert_dp_grad_reduce_scatter:pg=1217,2,2,1785477757313955764,1785477757314306403,1785477757521331222,1785477756585240447,1785477756585591086,1785477756792615905,207024819,207024819,17576994,18066758,7549747200.0,350639,350639,207375458,207375458
55,11,dp_param_allgather,dp_ag0,0,dp_param_allgather:pg=23,16,16,1785477765025276147,1785477765026401402,1785477765034073895,1785477763357670804,1785477763358796059,1785477763366468552,7672493,7672493,28599890,29725145,98621440.0,1125255,1125255,8797748,8797748
55,11,dp_param_allgather,dp_ag1,1,dp_param_allgather:pg=23,16,16,1785477765173704608,1785477765181918867,1785477765189482512,1785477763506099265,1785477763514313524,1785477763521877169,7563645,7563645,86705078,88178426,98621440.0,8214259,8214259,15777904,15777904
55,11,dp_grad_reduce_scatter,dp_rs,0,dp_grad_reduce_scatter:pg=23,16,16,1785477756330087989,1785477756495984771,1785477756512112121,1785477755646849171,1785477755859770884,1785477755875898234,16127350,16127350,0,0,3155886080.0,165896782,212921713,182024132,229049063
55,11,expert_dp_param_allgather,edp_ag0,0,expert_dp_param_allgather:pg=1219,2,2,1785477765034022231,1785477765034085380,1785477765087548376,1785477763366416888,1785477763366480037,1785477763419943033,53462996,53462996,12240,13400,1887436800.0,63149,63149,53526145,53526145
55,11,expert_dp_param_allgather,edp_ag0,0,expert_dp_param_allgather:pg=1221,2,2,1785477765034033722,1785477765034084045,1785477765089543334,1785477763366428379,1785477763366478702,1785477763421937991,55459289,55459289,10680,15080,1887436800.0,50323,50323,55509612,55509612
55,11,expert_dp_param_allgather,edp_ag0,0,expert_dp_param_allgather:pg=1223,2,2,1785477765034014797,1785477765034085635,1785477765087315773,1785477763366409454,1785477763366480292,1785477763419710430,53230138,53230138,10480,20920,1887436800.0,70838,70838,53300976,53300976
55,11,expert_dp_param_allgather,edp_ag0,0,expert_dp_param_allgather:pg=1225,2,2,1785477765034093606,1785477765034098991,1785477765089979289,1785477763366488263,1785477763366493648,1785477763422373946,55880298,55880298,54080,55720,1887436800.0,5385,5385,55885683,55885683
55,11,expert_dp_param_allgather,edp_ag0,0,expert_dp_param_allgather:pg=1227,2,2,1785477765034022279,1785477765034084569,1785477765094862316,1785477763366416936,1785477763366479226,1785477763427256973,60777747,60777747,14240,17320,1887436800.0,62290,62290,60840037,60840037
55,11,expert_dp_param_allgather,edp_ag0,0,expert_dp_param_allgather:pg=1229,2,2,1785477765033998265,1785477765034075394,1785477765087326702,1785477763366392922,1785477763366470051,1785477763419721359,53251308,53251308,10400,10480,1887436800.0,77129,77129,53328437,53328437
55,11,expert_dp_param_allgather,edp_ag0,0,expert_dp_param_allgather:pg=1231,2,2,1785477765034082227,1785477765034091895,1785477765086948053,1785477763366476884,1785477763366486552,1785477763419342710,52856158,52856158,10640,94401,1887436800.0,9668,9668,52865826,52865826
55,11,expert_dp_param_allgather,edp_ag0,0,expert_dp_param_allgather:pg=1233,2,2,1785477765034067663,1785477765034085199,1785477765086407232,1785477763366462320,1785477763366479856,1785477763418801889,52322033,52322033,11304,12040,1887436800.0,17536,17536,52339569,52339569
55,11,expert_dp_param_allgather,edp_ag1,1,expert_dp_param_allgather:pg=1219,2,2,1785477765189473104,1785477765189539638,1785477765243295089,1785477763521867761,1785477763521934295,1785477763575689746,53755451,53755451,10800,97401,1887436800.0,66534,66534,53821985,53821985
55,11,expert_dp_param_allgather,edp_ag1,1,expert_dp_param_allgather:pg=1221,2,2,1785477765189469132,1785477765189480100,1785477765247111371,1785477763521863789,1785477763521874757,1785477763579506028,57631271,57631271,11520,49041,1887436800.0,10968,10968,57642239,57642239
55,11,expert_dp_param_allgather,edp_ag1,1,expert_dp_param_allgather:pg=1223,2,2,1785477765189439473,1785477765189485734,1785477765243124349,1785477763521834130,1785477763521880391,1785477763575519006,53638615,53638615,12320,22760,1887436800.0,46261,46261,53684876,53684876
55,11,expert_dp_param_allgather,edp_ag1,1,expert_dp_param_allgather:pg=1225,2,2,1785477765189465205,1785477765189494153,1785477765242687144,1785477763521859862,1785477763521888810,1785477763575081801,53192991,53192991,11160,11641,1887436800.0,28948,28948,53221939,53221939
55,11,expert_dp_param_allgather,edp_ag1,1,expert_dp_param_allgather:pg=1227,2,2,1785477765189484070,1785477765189500362,1785477765244698036,1785477763521878727,1785477763521895019,1785477763577092693,55197674,55197674,11160,88800,1887436800.0,16292,16292,55213966,55213966
55,11,expert_dp_param_allgather,edp_ag1,1,expert_dp_param_allgather:pg=1229,2,2,1785477765189469426,1785477765189490591,1785477765241662404,1785477763521864083,1785477763521885248,1785477763574057061,52171813,52171813,10640,11160,1887436800.0,21165,21165,52192978,52192978
55,11,expert_dp_param_allgather,edp_ag1,1,expert_dp_param_allgather:pg=1231,2,2,1785477765189451273,1785477765189465813,1785477765244023214,1785477763521845930,1785477763521860470,1785477763576417871,54557401,54557401,10720,10825,1887436800.0,14540,14540,54571941,54571941
55,11,expert_dp_param_allgather,edp_ag1,1,expert_dp_param_allgather:pg=1233,2,2,1785477765189486665,1785477765189530178,1785477765243822398,1785477763521881322,1785477763521924835,1785477763576217055,54292220,54292220,11120,67480,1887436800.0,43513,43513,54335733,54335733
55,11,expert_dp_grad_reduce_scatter,edp_rs,0,expert_dp_grad_reduce_scatter:pg=1219,2,2,1785477756529624760,1785477756529888249,1785477756748509346,1785477755893410873,1785477755893674362,1785477756112295459,218621097,218621097,17587005,17886136,7549747200.0,263489,263489,218884586,218884586
55,11,expert_dp_grad_reduce_scatter,edp_rs,0,expert_dp_grad_reduce_scatter:pg=1221,2,2,1785477756529726543,1785477756529745274,1785477756738649894,1785477755893512656,1785477755893531387,1785477756102436007,208904620,208904620,17633153,17744643,7549747200.0,18731,18731,208923351,208923351
55,11,expert_dp_grad_reduce_scatter,edp_rs,0,expert_dp_grad_reduce_scatter:pg=1223,2,2,1785477756529462776,1785477756529614471,1785477756744130397,1785477755893248889,1785477755893400584,1785477756107916510,214515926,214515926,17476766,17574444,7549747200.0,151695,151695,214667621,214667621
55,11,expert_dp_grad_reduce_scatter,edp_rs,0,expert_dp_grad_reduce_scatter:pg=1225,2,2,1785477756529450709,1785477756529935162,1785477756741496883,1785477755893236822,1785477755893721275,1785477756105282996,211561721,211561721,17378125,17866418,7549747200.0,484453,484453,212046174,212046174
55,11,expert_dp_grad_reduce_scatter,edp_rs,0,expert_dp_grad_reduce_scatter:pg=1227,2,2,1785477756529784146,1785477756530004880,1785477756739744405,1785477755893570259,1785477755893790993,1785477756103530518,209739525,209739525,17709167,17957335,7549747200.0,220734,220734,209960259,209960259
55,11,expert_dp_grad_reduce_scatter,edp_rs,0,expert_dp_grad_reduce_scatter:pg=1229,2,2,1785477756529551925,1785477756529584899,1785477756739962420,1785477755893338038,1785477755893371012,1785477756103748533,210377521,210377521,17543318,17571681,7549747200.0,32974,32974,210410495,210410495
55,11,expert_dp_grad_reduce_scatter,edp_rs,0,expert_dp_grad_reduce_scatter:pg=1231,2,2,1785477756529647534,1785477756529812124,1785477756742289717,1785477755893433647,1785477755893598237,1785477756106075830,212477593,212477593,17544159,17781223,7549747200.0,164590,164590,212642183,212642183
55,11,expert_dp_grad_reduce_scatter,edp_rs,0,expert_dp_grad_reduce_scatter:pg=1233,2,2,1785477756529764070,1785477756529956937,1785477756742214579,1785477755893550183,1785477755893743050,1785477756106000692,212257642,212257642,17656349,17852519,7549747200.0,192867,192867,212450509,212450509
55,12,dp_param_allgather,dp_ag0,0,dp_param_allgather:pg=25,16,16,1785477765025498121,1785477765026394178,1785477765034080570,1785477763357892778,1785477763358788835,1785477763366475227,7686392,7686392,28821864,29717921,98621440.0,896057,896057,8582449,8582449
55,12,dp_param_allgather,dp_ag1,1,dp_param_allgather:pg=25,16,16,1785477765174848195,1785477765178899611,1785477765186307284,1785477763507242852,1785477763511294268,1785477763518701941,7407673,7407673,86974694,88263084,98621440.0,4051416,4051416,11459089,11459089
55,12,dp_grad_reduce_scatter,dp_rs,0,dp_grad_reduce_scatter:pg=25,16,16,1785477755552806980,1785477755711995079,1785477755727672625,1785477754962560489,1785477755167697345,1785477755183374891,15677546,15677546,0,0,3155886080.0,159188099,205136856,174865645,220814402
55,12,expert_dp_param_allgather,edp_ag0,0,expert_dp_param_allgather:pg=1235,2,2,1785477765034045691,1785477765034093633,1785477765088160933,1785477763366440348,1785477763366488290,1785477763420555590,54067300,54067300,10720,17640,1887436800.0,47942,47942,54115242,54115242
55,12,expert_dp_param_allgather,edp_ag0,0,expert_dp_param_allgather:pg=1237,2,2,1785477765034059058,1785477765034093354,1785477765090876066,1785477763366453715,1785477763366488011,1785477763423270723,56782712,56782712,10600,13280,1887436800.0,34296,34296,56817008,56817008
55,12,expert_dp_param_allgather,edp_ag0,0,expert_dp_param_allgather:pg=1239,2,2,1785477765034015116,1785477765034061031,1785477765088973524,1785477763366409773,1785477763366455688,1785477763421368181,54912493,54912493,11160,21480,1887436800.0,45915,45915,54958408,54958408
55,12,expert_dp_param_allgather,edp_ag0,0,expert_dp_param_allgather:pg=1241,2,2,1785477765034044899,1785477765034091130,1785477765087008289,1785477763366439556,1785477763366485787,1785477763419402946,52917159,52917159,10560,11280,1887436800.0,46231,46231,52963390,52963390
55,12,expert_dp_param_allgather,edp_ag0,0,expert_dp_param_allgather:pg=1243,2,2,1785477765034033078,1785477765034089610,1785477765088608597,1785477763366427735,1785477763366484267,1785477763421003254,54518987,54518987,10840,27434,1887436800.0,56532,56532,54575519,54575519
55,12,expert_dp_param_allgather,edp_ag0,0,expert_dp_param_allgather:pg=1245,2,2,1785477765034033270,1785477765034082462,1785477765088286695,1785477763366427927,1785477763366477119,1785477763420681352,54204233,54204233,10920,22760,1887436800.0,49192,49192,54253425,54253425
55,12,expert_dp_param_allgather,edp_ag0,0,expert_dp_param_allgather:pg=1247,2,2,1785477765034038119,1785477765034047169,1785477765088118104,1785477763366432776,1785477763366441826,1785477763420512761,54070935,54070935,10320,11160,1887436800.0,9050,9050,54079985,54079985
55,12,expert_dp_param_allgather,edp_ag0,0,expert_dp_param_allgather:pg=1249,2,2,1785477765034076506,1785477765034086027,1785477765090320273,1785477763366471163,1785477763366480684,1785477763422714930,56234246,56234246,10320,13320,1887436800.0,9521,9521,56243767,56243767
55,12,expert_dp_param_allgather,edp_ag1,1,expert_dp_param_allgather:pg=1235,2,2,1785477765186284097,1785477765186331231,1785477765238068659,1785477763518678754,1785477763518725888,1785477763570463316,51737428,51737428,11680,32960,1887436800.0,47134,47134,51784562,51784562
55,12,expert_dp_param_allgather,edp_ag1,1,expert_dp_param_allgather:pg=1237,2,2,1785477765186285284,1785477765186318460,1785477765244645491,1785477763518679941,1785477763518713117,1785477763577040148,58327031,58327031,11520,12720,1887436800.0,33176,33176,58360207,58360207
55,12,expert_dp_param_allgather,edp_ag1,1,expert_dp_param_allgather:pg=1239,2,2,1785477765186321011,1785477765186344580,1785477765237899006,1785477763518715668,1785477763518739237,1785477763570293663,51554426,51554426,26360,49200,1887436800.0,23569,23569,51577995,51577995
55,12,expert_dp_param_allgather,edp_ag1,1,expert_dp_param_allgather:pg=1241,2,2,1785477765186296083,1785477765186319164,1785477765239782874,1785477763518690740,1785477763518713821,1785477763572177531,53463710,53463710,11880,12040,1887436800.0,23081,23081,53486791,53486791
55,12,expert_dp_param_allgather,edp_ag1,1,expert_dp_param_allgather:pg=1243,2,2,1785477765186262742,1785477765186303387,1785477765238286083,1785477763518657399,1785477763518698044,1785477763570680740,51982696,51982696,11360,11600,1887436800.0,40645,40645,52023341,52023341
55,12,expert_dp_param_allgather,edp_ag1,1,expert_dp_param_allgather:pg=1245,2,2,1785477765186277441,1785477765186303629,1785477765239057208,1785477763518672098,1785477763518698286,1785477763571451865,52753579,52753579,10440,11721,1887436800.0,26188,26188,52779767,52779767
55,12,expert_dp_param_allgather,edp_ag1,1,expert_dp_param_allgather:pg=1247,2,2,1785477765186300062,1785477765186315376,1785477765238109128,1785477763518694719,1785477763518710033,1785477763570503785,51793752,51793752,11480,12480,1887436800.0,15314,15314,51809066,51809066
55,12,expert_dp_param_allgather,edp_ag1,1,expert_dp_param_allgather:pg=1249,2,2,1785477765186305795,1785477765186316472,1785477765238678130,1785477763518700452,1785477763518711129,1785477763571072787,52361658,52361658,10560,12121,1887436800.0,10677,10677,52372335,52372335
55,12,expert_dp_grad_reduce_scatter,edp_rs,0,expert_dp_grad_reduce_scatter:pg=1235,2,2,1785477755745233916,1785477755745271653,1785477755953712185,1785477755200936182,1785477755200973919,1785477755409414451,208440532,208440532,17616001,17654733,7549747200.0,37737,37737,208478269,208478269
55,12,expert_dp_grad_reduce_scatter,edp_rs,0,expert_dp_grad_reduce_scatter:pg=1237,2,2,1785477755745199398,1785477755745353546,1785477755954142732,1785477755200901664,1785477755201055812,1785477755409844998,208789186,208789186,17574887,17696879,7549747200.0,154148,154148,208943334,208943334
55,12,expert_dp_grad_reduce_scatter,edp_rs,0,expert_dp_grad_reduce_scatter:pg=1239,2,2,1785477755745277937,1785477755745555948,1785477755957756549,1785477755200980203,1785477755201258214,1785477755413458815,212200601,212200601,17755900,17934798,7549747200.0,278011,278011,212478612,212478612
55,12,expert_dp_grad_reduce_scatter,edp_rs,0,expert_dp_grad_reduce_scatter:pg=1241,2,2,1785477755745326310,1785477755745425399,1785477755957409369,1785477755201028576,1785477755201127665,1785477755413111635,211983970,211983970,17705155,17795373,7549747200.0,99089,99089,212083059,212083059
55,12,expert_dp_grad_reduce_scatter,edp_rs,0,expert_dp_grad_reduce_scatter:pg=1243,2,2,1785477755745195416,1785477755745828017,1785477755953877491,1785477755200897682,1785477755201530283,1785477755409579757,208049474,208049474,17585974,18262420,7549747200.0,632601,632601,208682075,208682075
55,12,expert_dp_grad_reduce_scatter,edp_rs,0,expert_dp_grad_reduce_scatter:pg=1245,2,2,1785477755745089861,1785477755745269483,1785477755955388723,1785477755200792127,1785477755200971749,1785477755411090989,210119240,210119240,17547538,17615488,7549747200.0,179622,179622,210298862,210298862
55,12,expert_dp_grad_reduce_scatter,edp_rs,0,expert_dp_grad_reduce_scatter:pg=1247,2,2,1785477755745572601,1785477755745640795,1785477755952913960,1785477755201274867,1785477755201343061,1785477755408616226,207273165,207273165,17968170,17979447,7549747200.0,68194,68194,207341359,207341359
55,12,expert_dp_grad_reduce_scatter,edp_rs,0,expert_dp_grad_reduce_scatter:pg=1249,2,2,1785477755745354196,1785477755746186673,1785477755952859776,1785477755201056462,1785477755201888939,1785477755408562042,206673103,206673103,17711570,18560012,7549747200.0,832477,832477,207505580,207505580
55,13,dp_param_allgather,dp_ag0,0,dp_param_allgather:pg=27,16,16,1785477765025454083,1785477765026643870,1785477765034051230,1785477763357848740,1785477763359038527,1785477763366445887,7407360,7407360,28777826,29967613,98621440.0,1189787,1189787,8597147,8597147
55,13,dp_param_allgather,dp_ag1,1,dp_param_allgather:pg=27,16,16,1785477765173237628,1785477765179800687,1785477765187280940,1785477763505632285,1785477763512195344,1785477763519675597,7480253,7480253,86682931,88294810,98621440.0,6563059,6563059,14043312,14043312
55,13,dp_grad_reduce_scatter,dp_rs,0,dp_grad_reduce_scatter:pg=27,16,16,1785477754772841744,1785477754937526286,1785477754953407087,1785477754276548090,1785477754487433495,1785477754503314296,15880801,15880801,0,0,3155886080.0,164684542,210885405,180565343,226766206
55,13,expert_dp_param_allgather,edp_ag0,0,expert_dp_param_allgather:pg=1251,2,2,1785477765034023172,1785477765034037978,1785477765087720860,1785477763366417829,1785477763366432635,1785477763420115517,53682882,53682882,10720,17880,1887436800.0,14806,14806,53697688,53697688
55,13,expert_dp_param_allgather,edp_ag0,0,expert_dp_param_allgather:pg=1253,2,2,1785477765034006821,1785477765034107750,1785477765092579582,1785477763366401478,1785477763366502407,1785477763424974239,58471832,58471832,16161,59120,1887436800.0,100929,100929,58572761,58572761
55,13,expert_dp_param_allgather,edp_ag0,0,expert_dp_param_allgather:pg=1255,2,2,1785477765034001361,1785477765034064932,1785477765086677153,1785477763366396018,1785477763366459589,1785477763419071810,52612221,52612221,10880,13840,1887436800.0,63571,63571,52675792,52675792
55,13,expert_dp_param_allgather,edp_ag0,0,expert_dp_param_allgather:pg=1257,2,2,1785477765034000770,1785477765034062190,1785477765088052278,1785477763366395427,1785477763366456847,1785477763420446935,53990088,53990088,10600,10960,1887436800.0,61420,61420,54051508,54051508
55,13,expert_dp_param_allgather,edp_ag0,0,expert_dp_param_allgather:pg=1259,2,2,1785477765034015173,1785477765034061443,1785477765087901164,1785477763366409830,1785477763366456100,1785477763420295821,53839721,53839721,10520,18200,1887436800.0,46270,46270,53885991,53885991
55,13,expert_dp_param_allgather,edp_ag0,0,expert_dp_param_allgather:pg=1261,2,2,1785477765034026647,1785477765034061236,1785477765086436756,1785477763366421304,1785477763366455893,1785477763418831413,52375520,52375520,21320,30360,1887436800.0,34589,34589,52410109,52410109
55,13,expert_dp_param_allgather,edp_ag0,0,expert_dp_param_allgather:pg=1263,2,2,1785477765034046061,1785477765034075473,1785477765089304504,1785477763366440718,1785477763366470130,1785477763421699161,55229031,55229031,11400,56801,1887436800.0,29412,29412,55258443,55258443
55,13,expert_dp_param_allgather,edp_ag0,0,expert_dp_param_allgather:pg=1265,2,2,1785477765034034791,1785477765034050960,1785477765086080274,1785477763366429448,1785477763366445617,1785477763418474931,52029314,52029314,11160,24240,1887436800.0,16169,16169,52045483,52045483
55,13,expert_dp_param_allgather,edp_ag1,1,expert_dp_param_allgather:pg=1251,2,2,1785477765187246195,1785477765187253471,1785477765246606964,1785477763519640852,1785477763519648128,1785477763579001621,59353493,59353493,10672,10800,1887436800.0,7276,7276,59360769,59360769
55,13,expert_dp_param_allgather,edp_ag1,1,expert_dp_param_allgather:pg=1253,2,2,1785477765187221675,1785477765187281865,1785477765240009217,1785477763519616332,1785477763519676522,1785477763572403874,52727352,52727352,10320,10800,1887436800.0,60190,60190,52787542,52787542
55,13,expert_dp_param_allgather,edp_ag1,1,expert_dp_param_allgather:pg=1255,2,2,1785477765187226565,1785477765187358404,1785477765239298755,1785477763519621222,1785477763519753061,1785477763571693412,51940351,51940351,26920,81423,1887436800.0,131839,131839,52072190,52072190
55,13,expert_dp_param_allgather,edp_ag1,1,expert_dp_param_allgather:pg=1257,2,2,1785477765187245044,1785477765187335127,1785477765242265404,1785477763519639701,1785477763519729784,1785477763574660061,54930277,54930277,11000,61520,1887436800.0,90083,90083,55020360,55020360
55,13,expert_dp_param_allgather,edp_ag1,1,expert_dp_param_allgather:pg=1259,2,2,1785477765187214467,1785477765187293220,1785477765239241437,1785477763519609124,1785477763519687877,1785477763571636094,51948217,51948217,11040,12280,1887436800.0,78753,78753,52026970,52026970
55,13,expert_dp_param_allgather,edp_ag1,1,expert_dp_param_allgather:pg=1261,2,2,1785477765187239881,1785477765187263227,1785477765241513648,1785477763519634538,1785477763519657884,1785477763573908305,54250421,54250421,12400,22280,1887436800.0,23346,23346,54273767,54273767
55,13,expert_dp_param_allgather,edp_ag1,1,expert_dp_param_allgather:pg=1263,2,2,1785477765187253051,1785477765187287027,1785477765239425025,1785477763519647708,1785477763519681684,1785477763571819682,52137998,52137998,10600,51600,1887436800.0,33976,33976,52171974,52171974
55,13,expert_dp_param_allgather,edp_ag1,1,expert_dp_param_allgather:pg=1265,2,2,1785477765187222806,1785477765187287549,1785477765239228181,1785477763519617463,1785477763519682206,1785477763571622838,51940632,51940632,10521,12040,1887436800.0,64743,64743,52005375,52005375
55,13,expert_dp_grad_reduce_scatter,edp_rs,0,expert_dp_grad_reduce_scatter:pg=1251,2,2,1785477754971024972,1785477754971236745,1785477755186647829,1785477754520932181,1785477754521143954,1785477754736555038,215411084,215411084,17655323,17951290,7549747200.0,211773,211773,215622857,215622857
55,13,expert_dp_grad_reduce_scatter,edp_rs,0,expert_dp_grad_reduce_scatter:pg=1253,2,2,1785477754970805037,1785477754970961635,1785477755197231164,1785477754520712246,1785477754520868844,1785477754747138373,226269529,226269529,17444499,17604691,7549747200.0,156598,156598,226426127,226426127
55,13,expert_dp_grad_reduce_scatter,edp_rs,0,expert_dp_grad_reduce_scatter:pg=1255,2,2,1785477754970659289,1785477754970951147,1785477755166942395,1785477754520566498,1785477754520858356,1785477754716849604,195991248,195991248,17320034,17662853,7549747200.0,291858,291858,196283106,196283106
55,13,expert_dp_grad_reduce_scatter,edp_rs,0,expert_dp_grad_reduce_scatter:pg=1257,2,2,1785477754970900338,1785477754971092748,1785477755181694515,1785477754520807547,1785477754520999957,1785477754731601724,210601767,210601767,17493251,17722328,7549747200.0,192410,192410,210794177,210794177
55,13,expert_dp_grad_reduce_scatter,edp_rs,0,expert_dp_grad_reduce_scatter:pg=1259,2,2,1785477754970648407,1785477754971074441,1785477755196229187,1785477754520555616,1785477754520981650,1785477754746136396,225154746,225154746,17251740,17700497,7549747200.0,426034,426034,225580780,225580780
55,13,expert_dp_grad_reduce_scatter,edp_rs,0,expert_dp_grad_reduce_scatter:pg=1261,2,2,1785477754970943118,1785477754971080429,1785477755178980947,1785477754520850327,1785477754520987638,1785477754728888156,207900518,207900518,17569096,17722508,7549747200.0,137311,137311,208037829,208037829
55,13,expert_dp_grad_reduce_scatter,edp_rs,0,expert_dp_grad_reduce_scatter:pg=1263,2,2,1785477754970793192,1785477754971082627,1785477755181058316,1785477754520700401,1785477754520989836,1785477754730965525,209975689,209975689,17415431,17739828,7549747200.0,289435,289435,210265124,210265124
55,13,expert_dp_grad_reduce_scatter,edp_rs,0,expert_dp_grad_reduce_scatter:pg=1265,2,2,1785477754970989891,1785477754971048184,1785477755173431027,1785477754520897100,1785477754520955393,1785477754723338236,202382843,202382843,17633401,17645436,7549747200.0,58293,58293,202441136,202441136
55,14,dp_param_allgather,dp_ag0,0,dp_param_allgather:pg=29,16,16,1785477765025618223,1785477765026383773,1785477765038398946,1785477763358012880,1785477763358778430,1785477763370793603,12015173,12015173,28941966,29707516,98621440.0,765550,765550,12780723,12780723
55,14,dp_param_allgather,dp_ag1,1,dp_param_allgather:pg=29,16,16,1785477765178480221,1785477765193182945,1785477765203720478,1785477763510874878,1785477763525577602,1785477763536115135,10537533,10537533,86484429,90763706,98621440.0,14702724,14702724,25240257,25240257
55,14,dp_grad_reduce_scatter,dp_rs,0,dp_grad_reduce_scatter:pg=29,16,16,1785477753992553001,1785477754157473896,1785477754174666279,1785477753588919392,1785477753799509591,1785477753816701974,17192383,17192383,0,0,3155886080.0,164920895,210590199,182113278,227782582
55,14,expert_dp_param_allgather,edp_ag0,0,expert_dp_param_allgather:pg=1267,2,2,1785477765038329083,1785477765038387109,1785477765096387296,1785477763370723740,1785477763370781766,1785477763428781953,58000187,58000187,10440,10840,1887436800.0,58026,58026,58058213,58058213
55,14,expert_dp_param_allgather,edp_ag0,0,expert_dp_param_allgather:pg=1269,2,2,1785477765038278820,1785477765038442972,1785477765092181653,1785477763370673477,1785477763370837629,1785477763424576310,53738681,53738681,10600,48200,1887436800.0,164152,164152,53902833,53902833
55,14,expert_dp_param_allgather,edp_ag0,0,expert_dp_param_allgather:pg=1271,2,2,1785477765038212359,1785477765038409986,1785477765092225138,1785477763370607016,1785477763370804643,1785477763424619795,53815152,53815152,11040,14452,1887436800.0,197627,197627,54012779,54012779
55,14,expert_dp_param_allgather,edp_ag0,0,expert_dp_param_allgather:pg=1273,2,2,1785477765038262142,1785477765038435794,1785477765095986641,1785477763370656799,1785477763370830451,1785477763428381298,57550847,57550847,10846,55120,1887436800.0,173652,173652,57724499,57724499
55,14,expert_dp_param_allgather,edp_ag0,0,expert_dp_param_allgather:pg=1275,2,2,1785477765038187088,1785477765038408691,1785477765090863754,1785477763370581745,1785477763370803348,1785477763423258411,52455063,52455063,10560,59120,1887436800.0,221603,221603,52676666,52676666
55,14,expert_dp_param_allgather,edp_ag0,0,expert_dp_param_allgather:pg=1277,2,2,1785477765038298711,1785477765038381807,1785477765100751740,1785477763370693368,1785477763370776464,1785477763433146397,62369933,62369933,10920,13324,1887436800.0,83096,83096,62453029,62453029
55,14,expert_dp_param_allgather,edp_ag0,0,expert_dp_param_allgather:pg=1279,2,2,1785477765038299768,1785477765038387338,1785477765105001579,1785477763370694425,1785477763370781995,1785477763437396236,66614241,66614241,21800,51932,1887436800.0,87570,87570,66701811,66701811
55,14,expert_dp_param_allgather,edp_ag0,0,expert_dp_param_allgather:pg=1281,2,2,1785477765038364009,1785477765038366339,1785477765101374269,1785477763370758666,1785477763370760996,1785477763433768926,63007930,63007930,10720,10760,1887436800.0,2330,2330,63010260,63010260
55,14,expert_dp_param_allgather,edp_ag1,1,expert_dp_param_allgather:pg=1267,2,2,1785477765203708996,1785477765203729158,1785477765257115909,1785477763536103653,1785477763536123815,1785477763589510566,53386751,53386751,10960,34240,1887436800.0,20162,20162,53406913,53406913
55,14,expert_dp_param_allgather,edp_ag1,1,expert_dp_param_allgather:pg=1269,2,2,1785477765203710954,1785477765203722303,1785477765255703540,1785477763536105611,1785477763536116960,1785477763588098197,51981237,51981237,10720,11560,1887436800.0,11349,11349,51992586,51992586
55,14,expert_dp_param_allgather,edp_ag1,1,expert_dp_param_allgather:pg=1271,2,2,1785477765203687896,1785477765203731721,1785477765256314924,1785477763536082553,1785477763536126378,1785477763588709581,52583203,52583203,12880,14360,1887436800.0,43825,43825,52627028,52627028
55,14,expert_dp_param_allgather,edp_ag1,1,expert_dp_param_allgather:pg=1273,2,2,1785477765203752463,1785477765203789810,1785477765257510454,1785477763536147120,1785477763536184467,1785477763589905111,53720644,53720644,49720,92200,1887436800.0,37347,37347,53757991,53757991
55,14,expert_dp_param_allgather,edp_ag1,1,expert_dp_param_allgather:pg=1275,2,2,1785477765203721666,1785477765203746201,1785477765254958934,1785477763536116323,1785477763536140858,1785477763587353591,51212733,51212733,10800,54840,1887436800.0,24535,24535,51237268,51237268
55,14,expert_dp_param_allgather,edp_ag1,1,expert_dp_param_allgather:pg=1277,2,2,1785477765203686036,1785477765203692178,1785477765261708048,1785477763536080693,1785477763536086835,1785477763594102705,58015870,58015870,10960,61760,1887436800.0,6142,6142,58022012,58022012
55,14,expert_dp_param_allgather,edp_ag1,1,expert_dp_param_allgather:pg=1279,2,2,1785477765203683339,1785477765203731198,1785477765259595398,1785477763536077996,1785477763536125855,1785477763591990055,55864200,55864200,10720,11000,1887436800.0,47859,47859,55912059,55912059
55,14,expert_dp_param_allgather,edp_ag1,1,expert_dp_param_allgather:pg=1281,2,2,1785477765203700562,1785477765203723559,1785477765257564651,1785477763536095219,1785477763536118216,1785477763589959308,53841092,53841092,11000,11480,1887436800.0,22997,22997,53864089,53864089
55,14,expert_dp_grad_reduce_scatter,edp_rs,0,expert_dp_grad_reduce_scatter:pg=1267,2,2,1785477754191073543,1785477754192969635,1785477754412033383,1785477753833109238,1785477753835005330,1785477754054069078,219063748,219063748,17674842,18303356,7549747200.0,1896092,1896092,220959840,220959840
55,14,expert_dp_grad_reduce_scatter,edp_rs,0,expert_dp_grad_reduce_scatter:pg=1269,2,2,1785477754190937591,1785477754192316309,1785477754393449684,1785477753832973286,1785477753834352004,1785477754035485379,201133375,201133375,17493205,17719921,7549747200.0,1378718,1378718,202512093,202512093
55,14,expert_dp_grad_reduce_scatter,edp_rs,0,expert_dp_grad_reduce_scatter:pg=1271,2,2,1785477754192135848,1785477754192834751,1785477754404543800,1785477753834171543,1785477753834870446,1785477754046579495,211709049,211709049,17929408,18254409,7549747200.0,698903,698903,212407952,212407952
55,14,expert_dp_grad_reduce_scatter,edp_rs,0,expert_dp_grad_reduce_scatter:pg=1273,2,2,1785477754192273083,1785477754193720615,1785477754401136528,1785477753834308778,1785477753835756310,1785477754043172223,207415913,207415913,17700015,19134149,7549747200.0,1447532,1447532,208863445,208863445
55,14,expert_dp_grad_reduce_scatter,edp_rs,0,expert_dp_grad_reduce_scatter:pg=1275,2,2,1785477754192230063,1785477754192349347,1785477754398821793,1785477753834265758,1785477753834385042,1785477754040857488,206472446,206472446,17599242,17779537,7549747200.0,119284,119284,206591730,206591730
55,14,expert_dp_grad_reduce_scatter,edp_rs,0,expert_dp_grad_reduce_scatter:pg=1277,2,2,1785477754192257246,1785477754192314973,1785477754412067638,1785477753834292941,1785477753834350668,1785477754054103333,219752665,219752665,17743839,17907226,7549747200.0,57727,57727,219810392,219810392
55,14,expert_dp_grad_reduce_scatter,edp_rs,0,expert_dp_grad_reduce_scatter:pg=1279,2,2,1785477754192034115,1785477754192241368,1785477754405780673,1785477753834069810,1785477753834277063,1785477754047816368,213539305,213539305,17673429,17701969,7549747200.0,207253,207253,213746558,213746558
55,14,expert_dp_grad_reduce_scatter,edp_rs,0,expert_dp_grad_reduce_scatter:pg=1281,2,2,1785477754192169574,1785477754192544432,1785477754394392793,1785477753834205269,1785477753834580127,1785477754036428488,201848361,201848361,17838856,17953836,7549747200.0,374858,374858,202223219,202223219
55,15,dp_param_allgather,dp_ag0,0,dp_param_allgather:pg=31,16,16,1785477765025599818,1785477765028170021,1785477765041065163,1785477763357994475,1785477763360564678,1785477763373459820,12895142,12895142,28923561,31493764,131395200.0,2570203,2570203,15465345,15465345
55,15,dp_param_allgather,dp_ag1,1,dp_param_allgather:pg=31,16,16,1785477765112712685,1785477765117069198,1785477765127579694,1785477763445107342,1785477763449463855,1785477763459974351,10510496,10510496,44792800,45280815,131395200.0,4356513,4356513,14867009,14867009
55,15,dp_grad_reduce_scatter,dp_rs,0,dp_grad_reduce_scatter:pg=31,16,16,1785477753205095107,1785477753374142765,1785477753401098528,1785477752902062588,1785477753106348751,1785477753133304514,26955763,26955763,0,0,4204646400.0,169047658,204286163,196003421,231241926
55,15,expert_dp_param_allgather,edp_ag0,0,expert_dp_param_allgather:pg=1283,2,2,1785477765041048955,1785477765041060295,1785477765068032418,1785477763373443612,1785477763373454952,1785477763400427075,26972123,26972123,10640,84360,943718400.0,11340,11340,26983463,26983463
55,15,expert_dp_param_allgather,edp_ag0,0,expert_dp_param_allgather:pg=1285,2,2,1785477765040988605,1785477765041063952,1785477765070245497,1785477763373383262,1785477763373458609,1785477763402640154,29181545,29181545,10440,10640,943718400.0,75347,75347,29256892,29256892
55,15,expert_dp_param_allgather,edp_ag0,0,expert_dp_param_allgather:pg=1287,2,2,1785477765040987867,1785477765041107326,1785477765070140145,1785477763373382524,1785477763373501983,1785477763402534802,29032819,29032819,11920,59400,943718400.0,119459,119459,29152278,29152278
55,15,expert_dp_param_allgather,edp_ag0,0,expert_dp_param_allgather:pg=1289,2,2,1785477765041076163,1785477765041156822,1785477765068142049,1785477763373470820,1785477763373551479,1785477763400536706,26985227,26985227,11000,114001,943718400.0,80659,80659,27065886,27065886
55,15,expert_dp_param_allgather,edp_ag0,0,expert_dp_param_allgather:pg=1291,2,2,1785477765040981594,1785477765041061965,1785477765068605823,1785477763373376251,1785477763373456622,1785477763401000480,27543858,27543858,10560,10800,943718400.0,80371,80371,27624229,27624229
55,15,expert_dp_param_allgather,edp_ag0,0,expert_dp_param_allgather:pg=1293,2,2,1785477765040985368,1785477765041058731,1785477765072055006,1785477763373380025,1785477763373453388,1785477763404449663,30996275,30996275,10640,10960,943718400.0,73363,73363,31069638,31069638
55,15,expert_dp_param_allgather,edp_ag0,0,expert_dp_param_allgather:pg=1295,2,2,1785477765040981492,1785477765041057467,1785477765067641354,1785477763373376149,1785477763373452124,1785477763400036011,26583887,26583887,11840,11960,943718400.0,75975,75975,26659862,26659862
55,15,expert_dp_param_allgather,edp_ag0,0,expert_dp_param_allgather:pg=1297,2,2,1785477765040976551,1785477765041046387,1785477765067831158,1785477763373371208,1785477763373441044,1785477763400225815,26784771,26784771,10600,11240,943718400.0,69836,69836,26854607,26854607
55,15,expert_dp_param_allgather,edp_ag1,1,expert_dp_param_allgather:pg=1283,2,2,1785477765127376695,1785477765127385614,1785477765154723431,1785477763459771352,1785477763459780271,1785477763487118088,27337817,27337817,11920,11960,943718400.0,8919,8919,27346736,27346736
55,15,expert_dp_param_allgather,edp_ag1,1,expert_dp_param_allgather:pg=1285,2,2,1785477765127245557,1785477765127475625,1785477765154089779,1785477763459640214,1785477763459870282,1785477763486484436,26614154,26614154,10880,11920,943718400.0,230068,230068,26844222,26844222
55,15,expert_dp_param_allgather,edp_ag1,1,expert_dp_param_allgather:pg=1287,2,2,1785477765127315190,1785477765127425615,1785477765154672405,1785477763459709847,1785477763459820272,1785477763487067062,27246790,27246790,12160,35320,943718400.0,110425,110425,27357215,27357215
55,15,expert_dp_param_allgather,edp_ag1,1,expert_dp_param_allgather:pg=1289,2,2,1785477765127168727,1785477765127590414,1785477765153483457,1785477763459563384,1785477763459985071,1785477763485878114,25893043,25893043,10720,11880,943718400.0,421687,421687,26314730,26314730
55,15,expert_dp_param_allgather,edp_ag1,1,expert_dp_param_allgather:pg=1291,2,2,1785477765127420090,1785477765127444580,1785477765156413558,1785477763459814747,1785477763459839237,1785477763488808215,28968978,28968978,22160,70760,943718400.0,24490,24490,28993468,28993468
55,15,expert_dp_param_allgather,edp_ag1,1,expert_dp_param_allgather:pg=1293,2,2,1785477765127389091,1785477765127419344,1785477765160804248,1785477763459783748,1785477763459814001,1785477763493198905,33384904,33384904,11600,72040,943718400.0,30253,30253,33415157,33415157
55,15,expert_dp_param_allgather,edp_ag1,1,expert_dp_param_allgather:pg=1295,2,2,1785477765127299722,1785477765127405518,1785477765156439576,1785477763459694379,1785477763459800175,1785477763488834233,29034058,29034058,10800,12080,943718400.0,105796,105796,29139854,29139854
55,15,expert_dp_param_allgather,edp_ag1,1,expert_dp_param_allgather:pg=1297,2,2,1785477765127195783,1785477765127473063,1785477765154333074,1785477763459590440,1785477763459867720,1785477763486727731,26860011,26860011,11240,11680,943718400.0,277280,277280,27137291,27137291
55,15,expert_dp_grad_reduce_scatter,edp_rs,0,expert_dp_grad_reduce_scatter:pg=1283,2,2,1785477753410138706,1785477753410195929,1785477753515922450,1785477753142344692,1785477753142401915,1785477753248128436,105726521,105726521,9046179,9143896,3774873600.0,57223,57223,105783744,105783744
55,15,expert_dp_grad_reduce_scatter,edp_rs,0,expert_dp_grad_reduce_scatter:pg=1285,2,2,1785477753410109225,1785477753410148153,1785477753515189656,1785477753142315211,1785477753142354139,1785477753247395642,105041503,105041503,9014175,9089612,3774873600.0,38928,38928,105080431,105080431
55,15,expert_dp_grad_reduce_scatter,edp_rs,0,expert_dp_grad_reduce_scatter:pg=1287,2,2,1785477753410150004,1785477753410507965,1785477753514353261,1785477753142355990,1785477753142713951,1785477753246559247,103845296,103845296,9051476,9460882,3774873600.0,357961,357961,104203257,104203257
55,15,expert_dp_grad_reduce_scatter,edp_rs,0,expert_dp_grad_reduce_scatter:pg=1289,2,2,1785477753410346036,1785477753410444303,1785477753512438343,1785477753142552022,1785477753142650289,1785477753244644329,101994040,101994040,9250698,9384331,3774873600.0,98267,98267,102092307,102092307
55,15,expert_dp_grad_reduce_scatter,edp_rs,0,expert_dp_grad_reduce_scatter:pg=1291,2,2,1785477753410247492,1785477753410554615,1785477753513051135,1785477753142453478,1785477753142760601,1785477753245257121,102496520,102496520,9191486,9471215,3774873600.0,307123,307123,102803643,102803643
55,15,expert_dp_grad_reduce_scatter,edp_rs,0,expert_dp_grad_reduce_scatter:pg=1293,2,2,1785477753410193499,1785477753410198789,1785477753516210678,1785477753142399485,1785477753142404775,1785477753248416664,106011889,106011889,9100542,9166102,3774873600.0,5290,5290,106017179,106017179
55,15,expert_dp_grad_reduce_scatter,edp_rs,0,expert_dp_grad_reduce_scatter:pg=1295,2,2,1785477753410184126,1785477753410357186,1785477753513377283,1785477753142390112,1785477753142563172,1785477753245583269,103020097,103020097,9134363,9272409,3774873600.0,173060,173060,103193157,103193157
55,15,expert_dp_grad_reduce_scatter,edp_rs,0,expert_dp_grad_reduce_scatter:pg=1297,2,2,1785477753410021658,1785477753410323815,1785477753514848900,1785477753142227644,1785477753142529801,1785477753247054886,104525085,104525085,9044080,9260906,3774873600.0,302157,302157,104827242,104827242
